{"type":"FeatureCollection","attribution":"Derived from USFS MVUM roads + USFS Basic Ownership (public domain); terrain from Mapzen tiles (USGS 3DEP). Heuristic beta \u2014 not a statement of legality. Generated 2026-07-23.","features":[{"type":"Feature","geometry":{"type":"Polygon","coordinates":[[[-94.59875123153319,46.97811884782376],[-94.5986416465,46.979134057],[-94.6014514123,46.9816721739],[-94.6002310774,46.9847741863],[-94.5977006543,46.985195944],[-94.592095065,46.9824408029],[-94.59138759794065,46.97826593071124],[-94.59875123153319,46.97811884782376]]]},"properties":{"flat_pct":66}},{"type":"Feature","geometry":{"type":"Polygon","coordinates":[[[-94.651811559,46.9776333923],[-94.652866793,46.9793574262],[-94.65254259862502,46.98143826078936],[-94.65131,46.98153],[-94.65131259963876,46.982658243220634],[-94.6488438164,46.9843412069],[-94.64836733564881,46.98625659172719],[-94.64605,46.98656],[-94.64605,46.99585],[-94.6407,46.99713],[-94.6407,46.99348717500344],[-94.6424037533,46.9926019618],[-94.6407,46.98956245833938],[-94.6407,46.98726],[-94.63724075249222,46.987220764678554],[-94.6375752948,46.9850841763],[-94.6394000446,46.9836904882],[-94.64268828,46.9836443167],[-94.6440310081,46.980426379],[-94.6484912974,46.9773374851],[-94.651811559,46.9776333923]]]},"properties":{"flat_pct":81}},{"type":"Feature","geometry":{"type":"Polygon","coordinates":[[[-94.61591126780458,46.998045408648025],[-94.61646,46.99702],[-94.61777,46.99747],[-94.6168493614124,46.998359535932615],[-94.61591126780458,46.998045408648025]]]},"properties":{}},{"type":"Feature","geometry":{"type":"Polygon","coordinates":[[[-94.5880848927,47.0093415063],[-94.5878998161,47.0026257384],[-94.59121786791201,46.99955697891837],[-94.5898343385,46.9975684],[-94.5902951833,46.9953190223],[-94.5919256117,46.9941242356],[-94.59890878961818,46.99263366026046],[-94.59876911761148,46.99882578589079],[-94.59381,46.99932],[-94.59311,47.00677],[-94.5984695401,47.0063447469],[-94.59848,47.00754],[-94.59648,47.00837],[-94.59808,47.00897],[-94.598,47.01051],[-94.5935602701,47.0098257309],[-94.5928,47.01046],[-94.59138,47.0096],[-94.59018314512596,47.0112936625576],[-94.5880848927,47.0093415063]]]},"properties":{"flat_pct":89}},{"type":"Feature","geometry":{"type":"Polygon","coordinates":[[[-94.63545,47.00052],[-94.64072,47.00072],[-94.64072369086801,47.002045021616865],[-94.6377093339,47.0040141759],[-94.63544,47.0041],[-94.63545,47.00052]]]},"properties":{"flat_pct":60}},{"type":"Feature","geometry":{"type":"Polygon","coordinates":[[[-94.61525546389137,46.99217207439036],[-94.6159959568,46.9890915421],[-94.6186699988,46.987387188],[-94.6233554934,46.9872061834],[-94.6270823789,46.9887732987],[-94.62852692108677,46.99191221533913],[-94.62493,46.99183],[-94.6249,47.00014],[-94.63018,47.00032],[-94.6301,47.00751],[-94.6377920059,47.0078057641],[-94.6398711581,47.0092700713],[-94.642606163,47.0088730085],[-94.64574586652377,47.01000453979937],[-94.64076,47.01149],[-94.63542,47.01126],[-94.63521,47.01478],[-94.64043,47.01489],[-94.64001,47.02171],[-94.64518,47.02066],[-94.64555,47.01374],[-94.65556,47.01149],[-94.65542,47.01505],[-94.65769749758535,47.014557494548455],[-94.651364427,47.0175592549],[-94.6441570174,47.0254322892],[-94.6393374497,47.0264520587],[-94.6384671554,47.0294648695],[-94.631092875,47.0345925827],[-94.6239053563,47.0353243124],[-94.61853181898384,47.03352058617666],[-94.61858362503231,47.027342714897394],[-94.6226421596,47.0283750251],[-94.62043138273714,47.02536594806912],[-94.62393,47.02532],[-94.62410543354235,47.022122224038014],[-94.6270994325,47.0241292353],[-94.6317057299,47.0241566181],[-94.6339553536,47.0213887038],[-94.6332000506,47.0164625785],[-94.634295221,47.0141623522],[-94.6334046804,47.0138556049],[-94.6313441906,47.0162494019],[-94.62433328877349,47.01796891349595],[-94.62469179915978,47.01143404063196],[-94.62825302548775,47.01074959402409],[-94.6265636852,47.0089636203],[-94.6246895782,47.002865698],[-94.6250090592,47.0009648648],[-94.61935631625616,46.998452805254495],[-94.61911,46.99635],[-94.61686,46.99538],[-94.61743,46.99477],[-94.61614,46.99358],[-94.61654,46.99235],[-94.61525546389137,46.99217207439036]]]},"properties":{"flat_pct":74}},{"type":"Feature","geometry":{"type":"Polygon","coordinates":[[[-94.6175427262,47.0127473265],[-94.61928378050573,47.01271646305041],[-94.61902,47.01808],[-94.61671183603394,47.01805818370542],[-94.6155773265,47.0165072738],[-94.6157813157,47.0142202525],[-94.6175427262,47.0127473265]]]},"properties":{"flat_pct":55}},{"type":"Feature","geometry":{"type":"Polygon","coordinates":[[[-94.5851507909,47.0139274516],[-94.5861304221,47.016829989],[-94.5889323001,47.0175478594],[-94.5948656268,47.0214246857],[-94.5954034429,47.0236569115],[-94.5942053143,47.0256156268],[-94.5916848686,47.0260934078],[-94.586500142,47.0230733869],[-94.5827271445,47.0220664255],[-94.5796002436,47.0169348671],[-94.5773926871,47.017519345],[-94.57585028092367,47.01712553683471],[-94.57733,47.01712],[-94.57762431755505,47.00684309742753],[-94.5807783352,47.0074096027],[-94.5819855987,47.0091720358],[-94.5819866255,47.0111854711],[-94.5851507909,47.0139274516]]]},"properties":{"flat_pct":77}},{"type":"Feature","geometry":{"type":"Polygon","coordinates":[[[-94.59781620247523,47.01818957066291],[-94.5937789415,47.019219719],[-94.59136580513395,47.017939547394],[-94.59376,47.01569],[-94.59784,47.01419],[-94.59781620247523,47.01818957066291]]]},"properties":{"flat_pct":71}},{"type":"Feature","geometry":{"type":"Polygon","coordinates":[[[-94.59225427507788,47.043664879517394],[-94.59229,47.04287],[-94.59108370081024,47.0430077413313],[-94.5902991192,47.0418647404],[-94.5904267274,47.0394365052],[-94.5891312677,47.0377897524],[-94.5887638601,47.0343939175],[-94.582112562,47.0342203751],[-94.5807180043,47.0327571523],[-94.5805682554,47.0307413679],[-94.5830912171,47.0285627531],[-94.5867662518,47.0281300023],[-94.5932425782,47.0290815982],[-94.5942490407,47.0267558785],[-94.59777506117136,47.02510405246668],[-94.59773508536895,47.03182265232427],[-94.5953380992,47.0318574305],[-94.5948100051,47.0348190515],[-94.59771068263396,47.03592393865203],[-94.59769,47.0394],[-94.5998992838,47.0397889259],[-94.5963361309,47.0435260295],[-94.59225427507788,47.043664879517394]]]},"properties":{"flat_pct":73}},{"type":"Feature","geometry":{"type":"Polygon","coordinates":[[[-94.6425264404,47.0408330236],[-94.6403010947,47.0380723585],[-94.6412415952,47.0352325063],[-94.6458731732,47.0329644562],[-94.6487565314,47.0334725429],[-94.6490408699,47.0310576527],[-94.651567049,47.0284562547],[-94.65524268549225,47.028678952174],[-94.6551332567,47.0361450468],[-94.6526812861,47.0368992094],[-94.6501813743,47.035330943],[-94.6489869605,47.0385470399],[-94.6425264404,47.0408330236]]]},"properties":{"flat_pct":65}},{"type":"Feature","geometry":{"type":"Polygon","coordinates":[[[-94.5836936518,47.0434914669],[-94.5811238073,47.0456145772],[-94.5774419618,47.0438197812],[-94.5760606646,47.0400168561],[-94.5761906148,47.0365829281],[-94.5772660527,47.0348714243],[-94.5794768261,47.0342512964],[-94.5814785757,47.0353760527],[-94.5836936518,47.0434914669]]]},"properties":{"flat_pct":80}},{"type":"Feature","geometry":{"type":"Polygon","coordinates":[[[-94.660088342,47.0439882221],[-94.6606994486,47.0464797015],[-94.6591611909,47.0485326711],[-94.6548413025,47.0485940754],[-94.65300596756775,47.047707148373455],[-94.65476,47.04735],[-94.65496,47.04374],[-94.65857190924245,47.042994814665875],[-94.660088342,47.0439882221]]]},"properties":{"flat_pct":32}},{"type":"Feature","geometry":{"type":"Polygon","coordinates":[[[-94.633572957,47.0500906764],[-94.62877,47.05038],[-94.62914,47.04329],[-94.62598045892277,47.04327141446425],[-94.6283026671,47.0424075474],[-94.6315320905,47.0439110593],[-94.633572957,47.0500906764]]]},"properties":{"flat_pct":60}},{"type":"Feature","geometry":{"type":"Polygon","coordinates":[[[-94.61865113859162,47.05063971321084],[-94.6207199287,47.0453337304],[-94.62368473919018,47.04422081571066],[-94.62414399606064,47.05379130604206],[-94.6192939859,47.0569042276],[-94.61865113859162,47.05063971321084]]]},"properties":{"flat_pct":68}},{"type":"Feature","geometry":{"type":"Polygon","coordinates":[[[-94.6007207069,47.052775635],[-94.5988844136,47.0539308381],[-94.6012775015,47.0553679272],[-94.6020785801,47.0587182075],[-94.60108824529615,47.06117723160822],[-94.59812,47.06115],[-94.59778,47.05735],[-94.59244,47.05728],[-94.59181,47.05355],[-94.59743,47.05356],[-94.5975,47.05002],[-94.58895224317915,47.049973628805674],[-94.5890932372,47.0486638971],[-94.59072418064801,47.046415279378515],[-94.59213,47.04643],[-94.5925271443,47.0445521007],[-94.5962737443,47.0441070319],[-94.6009366815,47.047567528],[-94.6007207069,47.052775635]]]},"properties":{"flat_pct":71}},{"type":"Feature","geometry":{"type":"Polygon","coordinates":[[[-94.6521182243,47.0575854822],[-94.65036819712536,47.05988854246854],[-94.6502,47.05865],[-94.64671982207574,47.059192934734305],[-94.6447378576,47.0580092615],[-94.6405854578,47.0577013987],[-94.6391090878,47.0559428739],[-94.6393086013,47.0536554578],[-94.6413518921,47.0521043667],[-94.6468462005,47.0522944752],[-94.64955809455537,47.053899432140014],[-94.64986,47.05615],[-94.65117,47.05507],[-94.6517207354,47.0556036108],[-94.6521182243,47.0575854822]]]},"properties":{"flat_pct":65}},{"type":"Feature","geometry":{"type":"Polygon","coordinates":[[[-94.61113073215081,47.07407499920416],[-94.61881825274163,47.0649906781838],[-94.6242,47.06474],[-94.62412767826457,47.063337587217305],[-94.62942671950766,47.06333125624188],[-94.62952,47.06441],[-94.64027,47.06338],[-94.64066,47.06638],[-94.62437,47.06821],[-94.62434944977534,47.06933732661016],[-94.6230061561,47.0693389315],[-94.62101490791927,47.07246063651009],[-94.61894,47.07272],[-94.61894430029012,47.07439711315122],[-94.61666521616912,47.076497213935326],[-94.61123232474311,47.076205246113695],[-94.61113073215081,47.07407499920416]]]},"properties":{"flat_pct":74}},{"type":"Feature","geometry":{"type":"Polygon","coordinates":[[[-94.65325,47.07329],[-94.64562971188339,47.07011122931657],[-94.64567,47.06938],[-94.64036,47.07003],[-94.64066,47.06638],[-94.65007844170836,47.06525014854746],[-94.6540634868,47.06729],[-94.6583125989,47.0674107593],[-94.6626419202,47.0716592851],[-94.6633760328,47.0737842317],[-94.65617548424862,47.0752517240553],[-94.6561048522,47.07329],[-94.65325,47.07329]]]},"properties":{"flat_pct":76}},{"type":"Feature","geometry":{"type":"Polygon","coordinates":[[[-94.6075704236,47.0724152724],[-94.6052775612,47.072277685],[-94.60384,47.07057],[-94.60674,47.06884],[-94.61108714863637,47.06883436897845],[-94.610291276,47.0709282305],[-94.6075704236,47.0724152724]]]},"properties":{"flat_pct":75}},{"type":"Feature","geometry":{"type":"Polygon","coordinates":[[[-94.60619708632584,47.08065531803845],[-94.60344,47.08585],[-94.6036642004148,47.08172898285194],[-94.60619708632584,47.08065531803845]]]},"properties":{}},{"type":"Feature","geometry":{"type":"Polygon","coordinates":[[[-94.606672408,47.0807090728],[-94.60859159667577,47.08171048981326],[-94.60846,47.08441],[-94.61355,47.08443],[-94.61313,47.08872],[-94.60818,47.08852],[-94.60832,47.08647],[-94.60384,47.0859],[-94.606672408,47.0807090728]]]},"properties":{"flat_pct":67}},{"type":"Feature","geometry":{"type":"Polygon","coordinates":[[[-94.57271,47.10036],[-94.57153,47.09871],[-94.57293,47.0988],[-94.57271,47.10036]]]},"properties":{}},{"type":"Feature","geometry":{"type":"Polygon","coordinates":[[[-94.57525,47.09895],[-94.57506,47.10031],[-94.57306,47.10018],[-94.57309,47.09881],[-94.57525,47.09895]]]},"properties":{}},{"type":"Feature","geometry":{"type":"Polygon","coordinates":[[[-94.6496618901,47.1172686099],[-94.6458194978,47.1148474571],[-94.6411832672,47.1141390213],[-94.6396100338,47.1114857601],[-94.64064265626959,47.10923946465132],[-94.64788507822746,47.109120736422504],[-94.6529995052,47.1116347893],[-94.6538265665,47.10926812],[-94.64861866640861,47.10829973599132],[-94.64939,47.10086],[-94.63829,47.10196],[-94.6387364317,47.1110899226],[-94.6340524674,47.113958883],[-94.6311421378,47.1129367087],[-94.63049703340728,47.11153120383343],[-94.63408,47.11051],[-94.63364,47.10249],[-94.63062994244908,47.10199043670835],[-94.6320888,47.0998738475],[-94.6298727985,47.0982663753],[-94.6273718553,47.0937732044],[-94.62729921752502,47.091557062611564],[-94.62833,47.09154],[-94.62818,47.0931],[-94.63079,47.09309],[-94.63094,47.09149],[-94.63355,47.09144],[-94.63364789559368,47.09024294755063],[-94.6335172145,47.0924957998],[-94.6345920208,47.094414125],[-94.6382598582,47.0952771011],[-94.6371158626,47.0931074605],[-94.6378602706,47.0909353797],[-94.63883968128718,47.090204581496735],[-94.63876,47.09135],[-94.64452,47.09073],[-94.6447,47.08725],[-94.639,47.0879],[-94.63889118229928,47.08946425444782],[-94.637312847,47.0898388976],[-94.63371903392526,47.089373078837866],[-94.63420744025561,47.08340092041878],[-94.6365819726,47.0838456705],[-94.6436269065,47.0824081492],[-94.64488391588294,47.082619847681364],[-94.64482,47.08379],[-94.6484002625,47.0834337771],[-94.65044587474969,47.08552570580727],[-94.6504,47.08659],[-94.65608,47.08595],[-94.6580221249,47.0835631603],[-94.65720375056607,47.07873349188122],[-94.66372,47.07786],[-94.663764595847,47.086846889018545],[-94.6624237806,47.0878777391],[-94.6627915135,47.0917223775],[-94.6611849154,47.0936640934],[-94.66382566695,47.09915384722184],[-94.6638435232842,47.10275222923535],[-94.6610811604,47.1044394229],[-94.6531151808,47.1011150531],[-94.6527257815,47.102500369],[-94.6529121669,47.1032604876],[-94.6588214224,47.1041274446],[-94.6603641687,47.1058280361],[-94.6602525554,47.1081214224],[-94.6587646359,47.1095759629],[-94.6587608157,47.1133663891],[-94.6625235739,47.1175671584],[-94.6617384748,47.120676455],[-94.66394975058161,47.12415899683614],[-94.66398413352564,47.13108779677875],[-94.66318670788691,47.132002235962304],[-94.65737680607243,47.132056838714064],[-94.6581751371,47.1286201049],[-94.65613489981186,47.12571452979962],[-94.65607,47.12179],[-94.65454933824904,47.12192632938774],[-94.6560043966,47.1187316795],[-94.6496618901,47.1172686099]],[[-94.6396002677,47.0958729294],[-94.6399560684,47.0961972828],[-94.6404773851,47.0958939713],[-94.6396002677,47.0958729294]]]},"properties":{"flat_pct":74}},{"type":"Feature","geometry":{"type":"Polygon","coordinates":[[[-94.6286978088,47.1161669125],[-94.62324541203716,47.1167598294124],[-94.6218580416854,47.115509410206215],[-94.6218,47.11401],[-94.62898346941161,47.11196259422307],[-94.6297027556,47.1141283595],[-94.6286978088,47.1161669125]]]},"properties":{"flat_pct":85}},{"type":"Feature","geometry":{"type":"Polygon","coordinates":[[[-94.55913,47.11125],[-94.56354,47.11364],[-94.56568,47.11767],[-94.56643,47.12304],[-94.56905,47.12653],[-94.56901,47.12828],[-94.5648731150397,47.12829581982776],[-94.56381259625206,47.126383817720594],[-94.56389,47.12292],[-94.56503,47.12292],[-94.56419,47.1183],[-94.56286,47.11519],[-94.55907,47.11286],[-94.55913,47.11125]]]},"properties":{"flat_pct":68}},{"type":"Feature","geometry":{"type":"Polygon","coordinates":[[[-94.6471103213,47.1176231401],[-94.64553209638892,47.12273473734643],[-94.63574086108052,47.12384113338158],[-94.63407,47.12358512428895],[-94.63407,47.12245],[-94.63012,47.12325],[-94.6301,47.12159],[-94.62216,47.12331],[-94.62204,47.12021],[-94.62605,47.11924],[-94.6259998571065,47.117234284260384],[-94.6406348691,47.1182229892],[-94.6426823786,47.1162429412],[-94.6446468327,47.1157667774],[-94.6471103213,47.1176231401]]]},"properties":{"flat_pct":77}},{"type":"Feature","geometry":{"type":"Polygon","coordinates":[[[-94.560351109,47.1388112025],[-94.55693886930702,47.137199594102924],[-94.57408,47.13733],[-94.57406,47.14087],[-94.57354277964397,47.141452691287164],[-94.5704634007,47.1402335427],[-94.5690921854,47.1380381025],[-94.560351109,47.1388112025]]]},"properties":{"flat_pct":86}},{"type":"Feature","geometry":{"type":"Polygon","coordinates":[[[-94.5466207282,47.1433391041],[-94.5445994256305,47.140720474122844],[-94.55021,47.14077],[-94.55070722493367,47.137152185143194],[-94.5500254885,47.1422516837],[-94.5466207282,47.1433391041]]]},"properties":{"flat_pct":100}},{"type":"Feature","geometry":{"type":"Polygon","coordinates":[[[-94.5675872184,47.1699931385],[-94.56856348089272,47.17112225445271],[-94.564,47.17108],[-94.5650561382,47.169575342],[-94.5675872184,47.1699931385]]]},"properties":{}},{"type":"Feature","geometry":{"type":"Polygon","coordinates":[[[-94.5759191698,47.1882780464],[-94.57454,47.18956],[-94.57460171856462,47.185103919634706],[-94.575785551,47.1865414713],[-94.5759191698,47.1882780464]]]},"properties":{}},{"type":"Feature","geometry":{"type":"Polygon","coordinates":[[[-94.5475470546,47.2000811319],[-94.5457707317,47.2022821346],[-94.53735598638644,47.20417154585595],[-94.53736859293481,47.19810989717666],[-94.5451611319,47.1965729454],[-94.5470806625,47.1978328979],[-94.5475470546,47.2000811319]]]},"properties":{"flat_pct":100}},{"type":"Feature","geometry":{"type":"Polygon","coordinates":[[[-94.538968032,47.216877345],[-94.537158441852,47.21430624426895],[-94.54232,47.21434],[-94.54243672418032,47.21135519596025],[-94.5475712143,47.2115818052],[-94.545870953,47.2079543904],[-94.5475229408,47.2053494345],[-94.5500875398,47.2052881764],[-94.5519840418,47.2071453735],[-94.55837266846362,47.203390131659226],[-94.55833,47.20757],[-94.55309,47.20744],[-94.55287,47.21448],[-94.55700707804199,47.21454292133904],[-94.55808363846178,47.21603092516708],[-94.55802,47.21805],[-94.55277,47.21801],[-94.55273703188294,47.21917047772054],[-94.5499883814,47.2178659888],[-94.55043714231925,47.221521589989905],[-94.54169392892499,47.22148865886601],[-94.5423885121,47.2173866299],[-94.538968032,47.216877345]]]},"properties":{"flat_pct":100}},{"type":"Feature","geometry":{"type":"Polygon","coordinates":[[[-94.5431984518,47.242190657],[-94.5449128453,47.2402305966],[-94.550759908,47.2396342015],[-94.5522747868,47.2372477699],[-94.5573,47.23599],[-94.55719,47.24179],[-94.55568,47.24303],[-94.54665,47.24292],[-94.54658,47.24644],[-94.54326852591096,47.246395930953184],[-94.5431984518,47.242190657]]]},"properties":{"flat_pct":100}},{"type":"Feature","geometry":{"type":"Polygon","coordinates":[[[-94.54150689081891,47.278403162095415],[-94.5455218076,47.2766353015],[-94.54527,47.27486773333334],[-94.54619,47.27488],[-94.54619,47.27847],[-94.54150689081891,47.278403162095415]]]},"properties":{"flat_pct":100}},{"type":"Feature","geometry":{"type":"Polygon","coordinates":[[[-94.55659,47.28222],[-94.55656,47.28324],[-94.55204581135291,47.28291191490034],[-94.55144,47.27855],[-94.55636013187878,47.278661821179064],[-94.56079747585166,47.282352703319994],[-94.55659,47.28222]]]},"properties":{"flat_pct":100}},{"type":"Feature","geometry":{"type":"Polygon","coordinates":[[[-94.56742101904442,47.2963236284656],[-94.5631739819,47.2948087621],[-94.560438997,47.2920046801],[-94.55782690093943,47.29105172021208],[-94.55974,47.28934],[-94.55908,47.2859],[-94.56426899616459,47.286070357460595],[-94.56675684339085,47.289866234440545],[-94.56742101904442,47.2963236284656]]]},"properties":{"flat_pct":100}},{"type":"Feature","geometry":{"type":"Polygon","coordinates":[[[-94.60243,47.35217],[-94.60241,47.35585],[-94.60086,47.35585],[-94.59974,47.35719],[-94.59533,47.34939],[-94.59583,47.34862],[-94.60778,47.34863],[-94.60782,47.35214],[-94.60243,47.35217]]]},"properties":{"flat_pct":98}},{"type":"Feature","geometry":{"type":"Polygon","coordinates":[[[-94.5359900285,47.373664166],[-94.5351743595,47.3706880899],[-94.5323695898,47.3679420792],[-94.5313419958,47.3655167385],[-94.53269848979494,47.36064279888538],[-94.53256,47.36793],[-94.53861,47.368],[-94.54113488232939,47.36999684203454],[-94.54126876309803,47.371293051294515],[-94.53785,47.3713],[-94.53777044233783,47.37470109005774],[-94.5359900285,47.373664166]]]},"properties":{"flat_pct":100}},{"type":"Feature","geometry":{"type":"Polygon","coordinates":[[[-94.60007507181113,47.370362248701376],[-94.60173013793985,47.37390572291116],[-94.59315178918438,47.37401309354776],[-94.5926210102,47.3730884072],[-94.59369,47.37278],[-94.59372,47.37043],[-94.60007507181113,47.370362248701376]]]},"properties":{"flat_pct":100}},{"type":"Feature","geometry":{"type":"Polygon","coordinates":[[[-94.5350163072,47.3809090118],[-94.53521533701789,47.378],[-94.53778,47.378],[-94.53777479382319,47.37629237400706],[-94.54107483447629,47.37473700600931],[-94.5436,47.37475],[-94.54476,47.37651],[-94.54694,47.37648],[-94.54704,47.3778],[-94.54331,47.37799],[-94.5367,47.38129],[-94.5350163072,47.3809090118]]]},"properties":{"flat_pct":100}},{"type":"Feature","geometry":{"type":"Polygon","coordinates":[[[-94.61771339879941,47.381018451725026],[-94.6137,47.38098],[-94.61367,47.3777],[-94.61818493969855,47.377727035567055],[-94.61771339879941,47.381018451725026]]]},"properties":{"flat_pct":100}},{"type":"Feature","geometry":{"type":"Polygon","coordinates":[[[-94.5879183715,47.4477743019],[-94.58748139149762,47.44412999560811],[-94.59349009572195,47.44411103073418],[-94.59330999672899,47.44779224491313],[-94.5879183715,47.4477743019]]]},"properties":{"flat_pct":100}},{"type":"Feature","geometry":{"type":"Polygon","coordinates":[[[-94.602941138,47.450798423],[-94.6029159191,47.4485024609],[-94.6049914642,47.4454520118],[-94.6071812423,47.4447613962],[-94.6092179882,47.4458214642],[-94.6098686066,47.4483029187],[-94.60817927341718,47.45130514697741],[-94.602941138,47.450798423]]]},"properties":{"flat_pct":100}},{"type":"Feature","geometry":{"type":"Polygon","coordinates":[[[-94.59595,47.45138],[-94.59595,47.44918276058196],[-94.6007982337,47.4507403066],[-94.60149591036816,47.451367608314314],[-94.60133,47.45499],[-94.5941049244,47.4546058005],[-94.59297505253974,47.45140376156119],[-94.59595,47.45138]]]},"properties":{"flat_pct":100}},{"type":"Feature","geometry":{"type":"Polygon","coordinates":[[[-94.58145,47.45228],[-94.58534,47.45549],[-94.58539,47.45873],[-94.58003153887357,47.458077414446656],[-94.57999,47.45507],[-94.57463109464628,47.45424183914897],[-94.5746,47.45142],[-94.58196,47.45141],[-94.58145,47.45228]]]},"properties":{"flat_pct":97}},{"type":"Feature","geometry":{"type":"Polygon","coordinates":[[[-94.6031349604,47.4584214946],[-94.6014,47.45862],[-94.60133,47.45499],[-94.60466974131366,47.45499],[-94.6045199068,47.4569491715],[-94.6031349604,47.4584214946]]]},"properties":{"flat_pct":100}},{"type":"Feature","geometry":{"type":"Polygon","coordinates":[[[-94.62815112466717,47.458795279497856],[-94.62819,47.46119],[-94.62651,47.4618],[-94.63104950821601,47.461735242393495],[-94.6310681232,47.4689216306],[-94.62534849626316,47.46909427840309],[-94.6251618768,47.4609783694],[-94.6263323436,47.4593303951],[-94.62815112466717,47.458795279497856]]]},"properties":{"flat_pct":100}},{"type":"Feature","geometry":{"type":"Polygon","coordinates":[[[-94.6019690943,47.4665888346],[-94.6038979863,47.4678344082],[-94.6049818565,47.4707925782],[-94.60686685531469,47.47146016400961],[-94.60688,47.47302],[-94.60421,47.47305],[-94.60424,47.47661],[-94.6010435432,47.4763651438],[-94.59941879928951,47.47309383371585],[-94.60154,47.47307],[-94.6019690943,47.4665888346]]]},"properties":{"flat_pct":86}},{"type":"Feature","geometry":{"type":"Polygon","coordinates":[[[-94.5489612602,47.4715872509],[-94.5512985478,47.4731799915],[-94.5511191088,47.4762593843],[-94.54837,47.47653],[-94.54677101886769,47.48014],[-94.54306,47.48014],[-94.54310075184914,47.474230981875486],[-94.54477105129212,47.47289630379997],[-94.54838,47.47291],[-94.5489612602,47.4715872509]]]},"properties":{"flat_pct":97}},{"type":"Feature","geometry":{"type":"Polygon","coordinates":[[[-94.64399566724875,47.47604072355704],[-94.64419207096523,47.47960219044166],[-94.63888,47.47971],[-94.63908054579899,47.476107545449864],[-94.64399566724875,47.47604072355704]]]},"properties":{"flat_pct":100}},{"type":"Feature","geometry":{"type":"Polygon","coordinates":[[[-94.61663420881673,47.48000214993079],[-94.61225,47.48006],[-94.61226,47.48363],[-94.60717291695983,47.48367808207032],[-94.607807277,47.4816708185],[-94.6071593526,47.4785597929],[-94.60827749663105,47.476549436140886],[-94.61581542280268,47.476436083867625],[-94.616758788,47.4778210616],[-94.61737610265135,47.47641261499772],[-94.62286865457962,47.47681300591931],[-94.62286,47.47992],[-94.6172619006961,47.47999386747432],[-94.6168713408,47.4792097858],[-94.61663420881673,47.48000214993079]]]},"properties":{"flat_pct":94}},{"type":"Feature","geometry":{"type":"Polygon","coordinates":[[[-94.65521,47.48652],[-94.6551,47.47911],[-94.65371485805292,47.479119487273614],[-94.65314736690955,47.4755380299686],[-94.65963293922552,47.47531663256979],[-94.6603087791,47.4773744206],[-94.6597324597,47.4832518239],[-94.6621570133,47.4843892665],[-94.66322913796698,47.48638269920717],[-94.65521,47.48652]]]},"properties":{"flat_pct":89}},{"type":"Feature","geometry":{"type":"Polygon","coordinates":[[[-94.64972,47.48139],[-94.64971,47.483],[-94.6456250067,47.4829096599],[-94.64591795924173,47.480092353775674],[-94.64972,47.48139]]]},"properties":{"flat_pct":100}},{"type":"Feature","geometry":{"type":"Polygon","coordinates":[[[-94.53925423077186,47.483726485905414],[-94.53979208482265,47.48012062500883],[-94.54306,47.48014],[-94.54304,47.48375],[-94.53925423077186,47.483726485905414]]]},"properties":{"flat_pct":100}},{"type":"Feature","geometry":{"type":"Polygon","coordinates":[[[-94.6250798067,47.4865039604],[-94.62283552639809,47.48580998019083],[-94.62286,47.47992],[-94.62593055777252,47.47987959792405],[-94.6276361842,47.4826340044],[-94.6272731719,47.4851735206],[-94.6250798067,47.4865039604]]]},"properties":{"flat_pct":100}},{"type":"Feature","geometry":{"type":"Polygon","coordinates":[[[-94.64429,47.48316],[-94.6437578924,47.4847367007],[-94.6419872948,47.4857117883],[-94.63891993933748,47.48425833386757],[-94.63887,47.48332],[-94.64429,47.48316]]]},"properties":{"flat_pct":100}},{"type":"Feature","geometry":{"type":"Polygon","coordinates":[[[-94.5489116913,47.4965011564],[-94.5478126262,47.4938950498],[-94.54943081397721,47.49093394784588],[-94.55358,47.49093],[-94.55376150060258,47.496204407510895],[-94.5511131407,47.4971536124],[-94.5489116913,47.4965011564]]]},"properties":{"flat_pct":91}},{"type":"Feature","geometry":{"type":"Polygon","coordinates":[[[-94.5768411129,47.4930840306],[-94.5776364269,47.4981041077],[-94.57491,47.49836],[-94.57497014134279,47.49991508329209],[-94.5742563969,47.4998544708],[-94.5725363397,47.498792767],[-94.5698980263,47.4946092234],[-94.56425,47.49454],[-94.56429,47.49091],[-94.56961,47.491],[-94.56959652458089,47.488614850816184],[-94.5713420058,47.4885444208],[-94.5768411129,47.4930840306]]]},"properties":{"flat_pct":100}},{"type":"Feature","geometry":{"type":"Polygon","coordinates":[[[-94.54015560126321,47.501849125723275],[-94.54317,47.50173],[-94.5434827968,47.4987585161],[-94.5484083457,47.5014739191],[-94.5496575337,47.503384614],[-94.55395650982697,47.50187137557212],[-94.55408,47.50546],[-94.57232950537984,47.505594580808705],[-94.56992,47.50559],[-94.57003,47.50917],[-94.56476,47.50916],[-94.56487,47.51274],[-94.56285066672548,47.51272118049138],[-94.5573817864,47.5100305853],[-94.556469684703,47.51266171187981],[-94.54887614345762,47.51259094262309],[-94.5498911713,47.5101339274],[-94.5476178786778,47.5125792160175],[-94.54341,47.51254],[-94.5433000415501,47.50758499735154],[-94.5444531806,47.5069865956],[-94.5408064496,47.5036129046],[-94.54015560126321,47.501849125723275]]]},"properties":{"flat_pct":93}},{"type":"Feature","geometry":{"type":"Polygon","coordinates":[[[-94.65262768072559,47.50525983575265],[-94.65232605916134,47.50882290640176],[-94.65019,47.50892],[-94.65016555130858,47.51015640525222],[-94.6478502841,47.5094427902],[-94.646121228,47.5067620357],[-94.6465776076,47.5017031942],[-94.65028,47.50157],[-94.65026,47.50538],[-94.65262768072559,47.50525983575265]]]},"properties":{"flat_pct":96}},{"type":"Feature","geometry":{"type":"Polygon","coordinates":[[[-94.59308,47.50928],[-94.58917146604684,47.509236390137204],[-94.5891701228,47.5092028611],[-94.58985449075966,47.507324165123904],[-94.5935,47.50858],[-94.59308,47.50928]]]},"properties":{"flat_pct":100}},{"type":"Feature","geometry":{"type":"Polygon","coordinates":[[[-94.6616698582,47.508575587],[-94.6636231682,47.506530027],[-94.6698628794,47.5056171007],[-94.67100993969291,47.50615703466963],[-94.67107,47.5116],[-94.66298612429962,47.51193200253593],[-94.661815576,47.5105916669],[-94.6616698582,47.508575587]]]},"properties":{"flat_pct":100}},{"type":"Feature","geometry":{"type":"Polygon","coordinates":[[[-94.54341,47.51254],[-94.54354,47.51634],[-94.53999955046669,47.51651932812397],[-94.53949231978422,47.51278065749897],[-94.54341,47.51254]]]},"properties":{"flat_pct":100}},{"type":"Feature","geometry":{"type":"Polygon","coordinates":[[[-94.5401346832,47.5230377628],[-94.54087756042293,47.52026038926586],[-94.54367,47.52015],[-94.54379,47.52282],[-94.5401346832,47.5230377628]]]},"properties":{"flat_pct":83}},{"type":"Feature","geometry":{"type":"Polygon","coordinates":[[[-94.6627930406,47.5246893729],[-94.6647440617,47.5252178886],[-94.6662868397,47.5277818807],[-94.67002173768817,47.529655119531434],[-94.66644,47.52975],[-94.66664,47.5334],[-94.6708147897418,47.53329345084186],[-94.67092,47.54052],[-94.66702,47.54055],[-94.66683,47.53699],[-94.6645834859,47.5365831432],[-94.6644605215,47.5335099596],[-94.6617788447,47.5323602861],[-94.66105,47.5299],[-94.6595332995,47.5297644606],[-94.6597727041,47.5267290419],[-94.6627930406,47.5246893729]]]},"properties":{"flat_pct":98}},{"type":"Feature","geometry":{"type":"Polygon","coordinates":[[[-94.5715339519,47.5325216196],[-94.5722627109,47.5346990006],[-94.5712383804,47.5367539519],[-94.56998909949802,47.53784013226561],[-94.56568,47.53787],[-94.56546805993693,47.53382022636261],[-94.568601263,47.5315654845],[-94.5715339519,47.5325216196]]]},"properties":{"flat_pct":96}},{"type":"Feature","geometry":{"type":"Polygon","coordinates":[[[-94.64026386613942,47.53491606327023],[-94.64024,47.53778],[-94.645988390021,47.53759738163518],[-94.6455136103073,47.54278901224029],[-94.64549,47.54122],[-94.64021,47.54139],[-94.64022766389644,47.54267946444036],[-94.6393132651,47.5408407771],[-94.62959002375995,47.54128429834611],[-94.62963434989625,47.53531135148007],[-94.64026386613942,47.53491606327023]]]},"properties":{"flat_pct":100}},{"type":"Feature","geometry":{"type":"Polygon","coordinates":[[[-94.56281675468709,47.5413873440202],[-94.56267642435834,47.53784166438074],[-94.56568,47.53787],[-94.56583,47.54141],[-94.56281675468709,47.5413873440202]]]},"properties":{"flat_pct":89}},{"type":"Feature","geometry":{"type":"Polygon","coordinates":[[[-94.6008385351,47.555598556],[-94.59434812609793,47.55729717766767],[-94.59439,47.55552],[-94.59002901263658,47.555568635546805],[-94.58883002380558,47.55431492461397],[-94.5885852985,47.5491566474],[-94.5903707367,47.5469630326],[-94.59318284589409,47.547226635249494],[-94.59387,47.55197],[-94.60180014367572,47.55199957169798],[-94.6019605281,47.5539172043],[-94.6008385351,47.555598556]]]},"properties":{"flat_pct":100}},{"type":"Feature","geometry":{"type":"Polygon","coordinates":[[[-94.5679090778,47.5754874116],[-94.5566157147,47.5764729416],[-94.55427,47.57469],[-94.55077827686875,47.57456534829249],[-94.54544752732812,47.572541052207896],[-94.5454,47.57009],[-94.5408402944,47.570638156],[-94.538430557,47.5685591519],[-94.5380618284,47.5660204593],[-94.5397903454,47.5641248987],[-94.5422251639,47.5641979778],[-94.5430250288,47.5622549813],[-94.545968848,47.5608684898],[-94.54686373165379,47.559276653703385],[-94.55049,47.55927],[-94.5504,47.55565],[-94.55587,47.55563],[-94.55550647721289,47.5479817656751],[-94.5582216893,47.5483268277],[-94.5595814053,47.5476692636],[-94.56087507931687,47.54492572331771],[-94.56608,47.54495],[-94.56598,47.54351],[-94.57665,47.54291],[-94.5765,47.54134],[-94.57992582154404,47.54126132084492],[-94.5789001969,47.5464458649],[-94.5762714689,47.5481388378],[-94.57790387779565,47.548414776417104],[-94.5772,47.54842],[-94.57789,47.55919],[-94.57849664464236,47.55918783341199],[-94.5751982594,47.5640115544],[-94.5684821676,47.5655459208],[-94.5671974039,47.5679752741],[-94.5707899623,47.5696675345],[-94.5716783502,47.5720741271],[-94.5706163166,47.5741098487],[-94.5679090778,47.5754874116]],[[-94.5737616291,47.5547073514],[-94.5701605379,47.5530330163],[-94.5687285073,47.5476102059],[-94.5660195016,47.5481543712],[-94.5667064071,47.5499532191],[-94.5660485015,47.5525117963],[-94.5645163573,47.5538302598],[-94.5627150623,47.5539384868],[-94.5635916078,47.5567397022],[-94.5656060484,47.5575140225],[-94.5669793723,47.5594462012],[-94.57237,47.55921],[-94.57237,47.55677291282468],[-94.5737616291,47.5547073514]],[[-94.55612196964972,47.568670430456926],[-94.55608,47.5665],[-94.55068,47.56649],[-94.55077,47.5701],[-94.55615,47.57012],[-94.55612733032407,47.56894765390226],[-94.5589117361,47.5703429045],[-94.5591977283,47.5669020778],[-94.55612196964972,47.568670430456926]],[[-94.55058,47.56288],[-94.54516,47.56288],[-94.54528,47.56649],[-94.55068,47.56649],[-94.55058,47.56288]],[[-94.5483941724,47.5667823118],[-94.5488639449,47.5674564587],[-94.5494193528,47.566733719],[-94.5483941724,47.5667823118]],[[-94.5619799171,47.5643351919],[-94.5612541959,47.5630101198],[-94.5602835175,47.5655295417],[-94.5619799171,47.5643351919]],[[-94.5534223887,47.5610901318],[-94.5517693265,47.5628558874],[-94.5518805978,47.5641904898],[-94.5549388263,47.5624392428],[-94.5534223887,47.5610901318]]]},"properties":{"flat_pct":94}},{"type":"Feature","geometry":{"type":"Polygon","coordinates":[[[-94.6436857983,47.5744892741],[-94.6451089957,47.5622807851],[-94.6432023627,47.5591731861],[-94.6427022892,47.5540416112],[-94.6477118946,47.5486734852],[-94.6475590326,47.5460772143],[-94.6495544527,47.5437789455],[-94.6485739828,47.5415418225],[-94.648920271,47.5395503667],[-94.6521883565,47.5381031302],[-94.6542101579,47.5396821299],[-94.6561545971,47.5436817695],[-94.6560937697,47.5454547586],[-94.6537586598,47.5480662487],[-94.6540442945,47.5500218831],[-94.6531284618,47.5518123692],[-94.64896256520689,47.555741740448276],[-94.64572,47.55584],[-94.64592,47.5594],[-94.6503393604656,47.559315337922115],[-94.6511446026,47.5608117896],[-94.6496100077,47.5724317346],[-94.6515941981506,47.574844811851214],[-94.65162715631871,47.58125282139375],[-94.6487490182,47.5807408335],[-94.6436857983,47.5744892741]]]},"properties":{"flat_pct":99}},{"type":"Feature","geometry":{"type":"Polygon","coordinates":[[[-94.58465714879402,47.56275187859261],[-94.58185213477459,47.55917584951867],[-94.58909,47.55915],[-94.58916,47.56272],[-94.58465714879402,47.56275187859261]]]},"properties":{"flat_pct":100}},{"type":"Feature","geometry":{"type":"Polygon","coordinates":[[[-94.5992590948,47.5670476351],[-94.5971045646,47.5662538609],[-94.5961423649,47.5641690948],[-94.597898188,47.5613190314],[-94.597470745,47.5583244263],[-94.5992942628,47.5565200694],[-94.6023163887,47.5571378181],[-94.6067639481,47.5633796356],[-94.606030855,47.5606983794],[-94.6066138642,47.5579956194],[-94.6087765514,47.5557961551],[-94.6115258651,47.5564602406],[-94.6123940802,47.5596198909],[-94.6145571649,47.5614353832],[-94.6140897892,47.5644843861],[-94.6123510175,47.5655151552],[-94.6104349867,47.5652945124],[-94.6103256258,47.5676666631],[-94.6086050738,47.5691871167],[-94.60476692010675,47.569350098285675],[-94.60486,47.56627],[-94.59948,47.56629],[-94.5992590948,47.5670476351]]]},"properties":{"flat_pct":100}},{"type":"Feature","geometry":{"type":"Polygon","coordinates":[[[-94.6187776492,47.5646766984],[-94.62240899478944,47.56291044496522],[-94.62553,47.56299],[-94.6253645143975,47.56079413335142],[-94.6262985436,47.5605362113],[-94.6284996243,47.5611899098],[-94.6295937887,47.5632085436],[-94.6291140857,47.5651721364],[-94.6266204732,47.5679951579],[-94.6236525287,47.569728094],[-94.6199589976,47.5700926321],[-94.6180266984,47.5688523508],[-94.6175373679,47.5666089976],[-94.6187776492,47.5646766984]]]},"properties":{"flat_pct":100}},{"type":"Feature","geometry":{"type":"Polygon","coordinates":[[[-94.6622785892,47.5706468894],[-94.67067426613549,47.56803171909815],[-94.67079,47.57307],[-94.66201,47.57335],[-94.6622785892,47.5706468894]]]},"properties":{"flat_pct":100}},{"type":"Feature","geometry":{"type":"Polygon","coordinates":[[[-94.5768897661,47.5667388117],[-94.5880145047,47.5725269493],[-94.59317549412997,47.58381765804148],[-94.58505,47.58227],[-94.58308,47.5838],[-94.58309,47.581],[-94.58027832757064,47.58096858466559],[-94.5814123847,47.5787843121],[-94.5837220326,47.5780116747],[-94.5832647667,47.5767245559],[-94.5748071413,47.572089431],[-94.5736688117,47.5695002339],[-94.5747073796,47.5674524413],[-94.5768897661,47.5667388117]]]},"properties":{"flat_pct":99}},{"type":"Feature","geometry":{"type":"Polygon","coordinates":[[[-94.66748444,47.5782817872],[-94.67145447886098,47.580745134884914],[-94.67169,47.58383],[-94.66756,47.58381],[-94.66742,47.58033],[-94.66218,47.58045],[-94.66223,47.58381],[-94.65693,47.58378],[-94.6568945903149,47.580783455398866],[-94.6582875279,47.5810007597],[-94.6614907816,47.5774997721],[-94.6640240517,47.5779040782],[-94.6652795062,47.5798336229],[-94.66748444,47.5782817872]]]},"properties":{"flat_pct":84}},{"type":"Feature","geometry":{"type":"Polygon","coordinates":[[[-94.57494,47.58269],[-94.57732,47.58406],[-94.575,47.5841],[-94.57501643496501,47.58559969055634],[-94.5731221068,47.5849068779],[-94.5720610824,47.5829346044],[-94.5654091581,47.5815683203],[-94.5642012342,47.5799476007],[-94.5642956701,47.5779284688],[-94.5667689306,47.5760851454],[-94.5761025334,47.5772959587],[-94.5784309629,47.5791738622],[-94.57908502541034,47.580955251680564],[-94.57772,47.58094],[-94.57772,47.58222],[-94.57494,47.58269]]]},"properties":{"flat_pct":81}},{"type":"Feature","geometry":{"type":"Polygon","coordinates":[[[-94.65325555519992,47.58375916193875],[-94.65693,47.58378],[-94.65699,47.58742],[-94.654214270973,47.587393863191835],[-94.6530789527,47.5855795012],[-94.65325555519992,47.58375916193875]]]},"properties":{"flat_pct":100}},{"type":"Feature","geometry":{"type":"Polygon","coordinates":[[[-94.60743,47.59045],[-94.60462,47.58822],[-94.60459,47.58731],[-94.60885581487122,47.587237287246516],[-94.6088096349,47.5896563278],[-94.60743,47.59045]]]},"properties":{"flat_pct":100}},{"type":"Feature","geometry":{"type":"Polygon","coordinates":[[[-94.6595778698,47.589494845],[-94.65704280920389,47.590632559903504],[-94.65699,47.58742],[-94.66021684681921,47.58745646154598],[-94.6595778698,47.589494845]]]},"properties":{"flat_pct":71}},{"type":"Feature","geometry":{"type":"Polygon","coordinates":[[[-94.6250784321,47.587551779],[-94.6272649102,47.5857576081],[-94.6301691486,47.586796963],[-94.631297775264,47.588152350414006],[-94.63129,47.59084],[-94.63322552294913,47.59085486006103],[-94.6341478828,47.5922827748],[-94.6328017901,47.5968052531],[-94.63118725355457,47.59749252771567],[-94.63128,47.59446],[-94.62787366538251,47.59445362109622],[-94.6276220274,47.5933090223],[-94.6249826113,47.5920410958],[-94.624270053,47.5901178407],[-94.6250784321,47.587551779]]]},"properties":{"flat_pct":100}},{"type":"Feature","geometry":{"type":"Polygon","coordinates":[[[-94.5848022353,47.6016441235],[-94.58331245845247,47.604852851399144],[-94.58326,47.60214],[-94.57212087800515,47.60224449457782],[-94.5725658285,47.5970727509],[-94.5755874446,47.595665081],[-94.5775499765,47.5968569479],[-94.57785,47.59858],[-94.58052,47.59854],[-94.58051316252899,47.59771722432107],[-94.5831451616,47.598588324],[-94.5848022353,47.6016441235]]]},"properties":{"flat_pct":100}},{"type":"Feature","geometry":{"type":"Polygon","coordinates":[[[-94.6356333895,47.5995263371],[-94.6374116825,47.6020467603],[-94.63612393649731,47.60529849050138],[-94.63095,47.60525],[-94.6310858138093,47.60080929999262],[-94.6336174015,47.5993793538],[-94.6356333895,47.5995263371]]]},"properties":{"flat_pct":100}},{"type":"Feature","geometry":{"type":"Polygon","coordinates":[[[-94.6549548374,47.6015730129],[-94.6626026881728,47.59956806437955],[-94.66256990682298,47.60556705139401],[-94.6574308419,47.6065325818],[-94.6552530129,47.6058051626],[-94.65719,47.60556],[-94.65718,47.60189],[-94.6549548374,47.6015730129]]]},"properties":{"flat_pct":100}},{"type":"Feature","geometry":{"type":"Polygon","coordinates":[[[-94.5526115792,47.6116084656],[-94.55095089831825,47.61321364327674],[-94.54612,47.61327],[-94.54586898452838,47.604766850898955],[-94.5498082248,47.6059111572],[-94.5552228097,47.6056180406],[-94.5591692251,47.6100217974],[-94.55834714768365,47.61312735945306],[-94.55425889180063,47.613175052592155],[-94.5526115792,47.6116084656]]]},"properties":{"flat_pct":100}},{"type":"Feature","geometry":{"type":"Polygon","coordinates":[[[-94.5696645481,47.6200918061],[-94.5679032924,47.6160705124],[-94.56930311843863,47.61301917461467],[-94.58879,47.61301],[-94.5890890258,47.605395121],[-94.5866084974,47.6035013286],[-94.58542236056577,47.59847476544766],[-94.59147266628749,47.59837927020516],[-94.5918443939,47.60005681],[-94.5948842779006,47.60193717550226],[-94.59388,47.60196],[-94.59389,47.60921],[-94.60934358801016,47.609673082909204],[-94.6093,47.61054],[-94.60417,47.6107],[-94.60411,47.6125],[-94.599,47.61267],[-94.5990207069433,47.61569735511119],[-94.5942010816,47.6145268957],[-94.5820785298,47.6181834238],[-94.5750152362,47.6165250503],[-94.5755397824,47.6190191084],[-94.5741973247,47.6208818712],[-94.5722203985,47.6213032673],[-94.5696645481,47.6200918061]]]},"properties":{"flat_pct":95}},{"type":"Feature","geometry":{"type":"Polygon","coordinates":[[[-94.6531602994,47.612627618],[-94.6542897718,47.6103243132],[-94.65719,47.6096842531865],[-94.65736978975076,47.615687392194594],[-94.6544582163,47.6151406138],[-94.6531602994,47.612627618]]]},"properties":{"flat_pct":100}},{"type":"Feature","geometry":{"type":"Polygon","coordinates":[[[-94.6222373582,47.6208458725],[-94.62030738489791,47.62413067523667],[-94.617056342,47.6236237764],[-94.61486558010186,47.62100150192146],[-94.61479850333298,47.61446822463219],[-94.6188648282,47.615540262],[-94.6235482464,47.6129641705],[-94.6262951421,47.6126112432],[-94.625988948,47.6073484709],[-94.62736951398924,47.605236615005566],[-94.63095,47.60525],[-94.63063,47.61241],[-94.63781570681107,47.61249779528998],[-94.6374461221,47.6140203389],[-94.6325334664,47.6164350353],[-94.629804282,47.6200867875],[-94.6277951299,47.6203084166],[-94.6255407251,47.6189588265],[-94.6222373582,47.6208458725]]]},"properties":{"flat_pct":92}},{"type":"Feature","geometry":{"type":"Polygon","coordinates":[[[-94.65223,47.61808],[-94.65233,47.61988],[-94.64461133399622,47.619764652562836],[-94.64295341700681,47.61614972618378],[-94.65211640269935,47.61614013744668],[-94.65478872592934,47.618133105632495],[-94.65223,47.61808]]]},"properties":{"flat_pct":100}},{"type":"Feature","geometry":{"type":"Polygon","coordinates":[[[-94.55150155866968,47.624599865979135],[-94.5482086849,47.6254136848],[-94.54925686823836,47.62766907816903],[-94.5397,47.62775],[-94.53958608416654,47.62502361438601],[-94.54622,47.62406],[-94.5461669516935,47.61860360275985],[-94.5477173346,47.6190188779],[-94.5492501133,47.6168872889],[-94.55148,47.61681],[-94.55150155866968,47.624599865979135]]]},"properties":{"flat_pct":98}},{"type":"Feature","geometry":{"type":"Polygon","coordinates":[[[-94.5726096877,47.6229938824],[-94.573593070439,47.62755051432173],[-94.56724,47.62761],[-94.56739413665514,47.62035563290792],[-94.5726096877,47.6229938824]]]},"properties":{"flat_pct":100}},{"type":"Feature","geometry":{"type":"Polygon","coordinates":[[[-94.617488517,47.624153327],[-94.61920564369382,47.62696430697385],[-94.60959,47.62716],[-94.60949,47.62345],[-94.61489,47.62338],[-94.6148833222587,47.62272958799759],[-94.617488517,47.624153327]]]},"properties":{"flat_pct":91}},{"type":"Feature","geometry":{"type":"Polygon","coordinates":[[[-94.562,47.62762],[-94.56724,47.62761],[-94.56725671942974,47.63061113763773],[-94.5590460395,47.6324706998],[-94.55676335589244,47.632434765389114],[-94.55676,47.63123],[-94.55151,47.63124],[-94.55151,47.62783519938536],[-94.55675,47.62763],[-94.55675661271219,47.62643309909231],[-94.5597789137,47.6258566309],[-94.55677112756737,47.62380591030579],[-94.55679,47.62039],[-94.56209,47.62035],[-94.562,47.62762]]]},"properties":{"flat_pct":96}},{"type":"Feature","geometry":{"type":"Polygon","coordinates":[[[-94.5344529422,47.6351104672],[-94.54003769323401,47.63918642030039],[-94.54012,47.64206],[-94.54249,47.64205],[-94.54018275008727,47.646605656335396],[-94.5379009137,47.6460310647],[-94.5351759168,47.6430677823],[-94.5327886999,47.643073326],[-94.5306048373,47.6411064637],[-94.5308863704,47.6368272689],[-94.5344529422,47.6351104672]]]},"properties":{"flat_pct":96}},{"type":"Feature","geometry":{"type":"Polygon","coordinates":[[[-94.55152,47.644005608410495],[-94.54625419542447,47.64355713450455],[-94.54625,47.64203],[-94.54458,47.64204],[-94.54819,47.63988],[-94.548,47.63842],[-94.55152,47.63842],[-94.5520393999,47.6373628296],[-94.5551707024,47.6380864155],[-94.5566406485,47.6394540168],[-94.55674660780217,47.642000082338136],[-94.55152,47.64201],[-94.55152,47.644005608410495]]]},"properties":{"flat_pct":100}},{"type":"Feature","geometry":{"type":"Polygon","coordinates":[[[-94.60557510589962,47.63803120971995],[-94.60952,47.63799],[-94.6095,47.6416],[-94.61213814669543,47.641551415346306],[-94.61219885406665,47.645144103406686],[-94.60560536940503,47.64524297477931],[-94.606330652,47.6433264899],[-94.60557510589962,47.63803120971995]]]},"properties":{"flat_pct":92}},{"type":"Feature","geometry":{"type":"Polygon","coordinates":[[[-94.62111930491024,47.65850517882755],[-94.6175122908,47.6580448447],[-94.6160978537,47.6544968076],[-94.6171193168,47.6509279069],[-94.6193065945,47.6495874828],[-94.62075921965534,47.64979111565908],[-94.62111930491024,47.65850517882755]]]},"properties":{"flat_pct":75}},{"type":"Feature","geometry":{"type":"Polygon","coordinates":[[[-94.5440574601,47.651646353],[-94.54163782695531,47.65298074964028],[-94.53495,47.65307],[-94.535,47.65684],[-94.538060185056,47.656753878469345],[-94.5346374813,47.6593850826],[-94.53499,47.66416],[-94.52722075539857,47.6643337762073],[-94.529664019,47.6557331854],[-94.5330994419,47.6533487635],[-94.5363498068,47.6481906776],[-94.54019018992355,47.64714578844924],[-94.54022,47.64931],[-94.54451988590945,47.64931],[-94.5440574601,47.651646353]]]},"properties":{"flat_pct":94}},{"type":"Feature","geometry":{"type":"Polygon","coordinates":[[[-94.6148643556,47.6565409292],[-94.61492839477651,47.65959632122656],[-94.61061,47.65967],[-94.61021,47.6524],[-94.61179829935794,47.65237025656633],[-94.6118516352,47.6542617737],[-94.6148643556,47.6565409292]]]},"properties":{"flat_pct":88}},{"type":"Feature","geometry":{"type":"Polygon","coordinates":[[[-94.6294811269,47.6617286044],[-94.62908474539445,47.65934483357012],[-94.63171,47.6593],[-94.6318818459,47.6540528856],[-94.6347725656,47.6522939485],[-94.63191297499445,47.64840427098704],[-94.63687,47.64845],[-94.6367672379164,47.645990560799135],[-94.6397435772,47.6481180458],[-94.6413989076,47.6520109501],[-94.63995691716265,47.655615094566784],[-94.63716,47.65561],[-94.6371757250235,47.65852699185823],[-94.6356462673,47.6597185156],[-94.6374091612,47.6624709528],[-94.6360504414,47.6655068194],[-94.6372201251645,47.66677985943382],[-94.63725,47.67152],[-94.63272825695317,47.67151162640177],[-94.63183422755424,47.67025083307995],[-94.63179,47.66672],[-94.6280922832,47.6663396648],[-94.6275891311,47.6638241611],[-94.6294811269,47.6617286044]]]},"properties":{"flat_pct":97}},{"type":"Feature","geometry":{"type":"Polygon","coordinates":[[[-94.569969692,47.6599580856],[-94.5710482139,47.6616676477],[-94.57067939813555,47.663880826050566],[-94.55672,47.66401],[-94.55669,47.66777],[-94.5533314398434,47.667822622601534],[-94.5530109683,47.6666690933],[-94.54587410012427,47.666598336490225],[-94.54602619619644,47.66061414275395],[-94.5472950334,47.6606200902],[-94.5466793472,47.6583433659],[-94.54748669619596,47.65652491683703],[-94.55526288202351,47.65649578163348],[-94.5569050969,47.6580522264],[-94.5574443878,47.6607067134],[-94.5633439878,47.6607570656],[-94.5680514486,47.6593207833],[-94.569969692,47.6599580856]]]},"properties":{"flat_pct":98}},{"type":"Feature","geometry":{"type":"Polygon","coordinates":[[[-94.560902154,47.6699514163],[-94.55917248455565,47.67167791686467],[-94.5567590837,47.6715636437],[-94.55669,47.66777],[-94.56085941421425,47.66770857216627],[-94.560902154,47.6699514163]]]},"properties":{"flat_pct":100}},{"type":"Feature","geometry":{"type":"Polygon","coordinates":[[[-94.547,47.67536],[-94.5416029707,47.675680248],[-94.5401972279,47.6722210459],[-94.5408438479,47.6700178753],[-94.54572397845214,47.67006899001619],[-94.54563,47.67177],[-94.54704,47.67176],[-94.547,47.67536]]]},"properties":{"flat_pct":79}},{"type":"Feature","geometry":{"type":"Polygon","coordinates":[[[-94.5890942953625,47.693291805055395],[-94.5864649653,47.6857307209],[-94.5874158388,47.6838296072],[-94.5844834535,47.6819277241],[-94.58388249781606,47.67879],[-94.58985,47.67879],[-94.5908142073,47.6748358344],[-94.5897430763,47.6740990239],[-94.58967105625713,47.67516030713701],[-94.58313103912826,47.67516641359558],[-94.5831318944,47.6744122993],[-94.57929,47.67517],[-94.57925476025257,47.677721357714],[-94.5778523174,47.6785162458],[-94.5778585627,47.6812642127],[-94.57919195350838,47.68297934739625],[-94.5791747414,47.6867501286],[-94.5780626248,47.6884380292],[-94.5758389855,47.6890103109],[-94.5732953756,47.68649935],[-94.57389,47.6788],[-94.56853775956277,47.67798896172392],[-94.56852015780095,47.671617123941196],[-94.5739118901,47.6737966201],[-94.57665113798525,47.671543721445474],[-94.57851,47.67154],[-94.5794886872,47.6698680357],[-94.5825527423,47.6701922963],[-94.58390908075077,47.66880540259038],[-94.58397,47.67154],[-94.58943,47.67153],[-94.58934164441807,47.66808855008423],[-94.5928007407,47.6688624734],[-94.5921307168,47.6666044254],[-94.5926768535,47.6640088164],[-94.59467,47.66364],[-94.59464408829287,47.66257186185092],[-94.5962346822,47.6626559568],[-94.5979661045,47.66416402],[-94.5992160595,47.6689117541],[-94.5990150013,47.6723389777],[-94.59662295,47.6773160963],[-94.59816916072266,47.68237925379936],[-94.58986,47.68241],[-94.58987,47.68603],[-94.59371768587728,47.68603],[-94.59541,47.69328],[-94.5890942953625,47.693291805055395]]]},"properties":{"flat_pct":100}},{"type":"Feature","geometry":{"type":"Polygon","coordinates":[[[-94.5390783812,47.6791214216],[-94.542395676,47.680315589],[-94.54284526510943,47.68266061217081],[-94.53644,47.68277],[-94.53656,47.68644],[-94.53168296551372,47.68645813023972],[-94.5322712499,47.6807292711],[-94.53304764293469,47.679143631427536],[-94.53632,47.6791],[-94.53622831250537,47.67620586429987],[-94.5381359105,47.6770152272],[-94.5390783812,47.6791214216]]]},"properties":{"flat_pct":100}},{"type":"Feature","geometry":{"type":"Polygon","coordinates":[[[-94.5850421888,47.6835193794],[-94.5870136495,47.6888144018],[-94.586399274,47.6925779234],[-94.58581650988978,47.693297931757215],[-94.5790587082,47.6937897569],[-94.5776206154,47.6907825011],[-94.5795074584,47.6884147867],[-94.58002984325529,47.68600328299722],[-94.58451,47.68602],[-94.5850421888,47.6835193794]]]},"properties":{"flat_pct":100}},{"type":"Feature","geometry":{"type":"Polygon","coordinates":[[[-94.54714,47.68982],[-94.55248,47.68978],[-94.5556930097,47.6886162152],[-94.5602636831,47.6905031924],[-94.560234642,47.6880734073],[-94.5618807155,47.6864726199],[-94.57240655205077,47.68602774317882],[-94.5714207615,47.6885056823],[-94.57186675430823,47.700537212776865],[-94.56889,47.70054],[-94.56897308938113,47.70354783559708],[-94.5664391526,47.7023081186],[-94.5655524816,47.6920543285],[-94.5612510297,47.6917021884],[-94.5610486288,47.6945543223],[-94.5582882822,47.6959310378],[-94.55794,47.69339],[-94.54729,47.69344],[-94.54714,47.68982]]]},"properties":{"flat_pct":98}},{"type":"Feature","geometry":{"type":"Polygon","coordinates":[[[-94.55387,47.72277],[-94.5571794352201,47.72050693032743],[-94.55771194716102,47.72114327232413],[-94.55542,47.7236],[-94.55387,47.72277]]]},"properties":{}},{"type":"Feature","geometry":{"type":"Polygon","coordinates":[[[-94.4077006855,47.0009998568],[-94.4038580376,46.9998652248],[-94.39963422103688,46.996722894482225],[-94.39914,46.99375],[-94.4018,46.99387],[-94.40204,46.98687],[-94.39675,46.98674],[-94.39679717328652,46.984967277548975],[-94.399429326,46.9861330877],[-94.40723514488697,46.98678677696496],[-94.4070830369305,46.99279504124492],[-94.40417313710736,46.99255135505283],[-94.4105127244,46.9968790876],[-94.4102080035,46.9996910052],[-94.4077006855,47.0009998568]]]},"properties":{"flat_pct":98}},{"type":"Feature","geometry":{"type":"Polygon","coordinates":[[[-94.5293161631,47.0009380766],[-94.52928,47.00237],[-94.53523,47.00249],[-94.53744193342652,47.003856429888486],[-94.5369442516,47.0058518127],[-94.5344418001,47.0071699448],[-94.529595657,47.0057492103],[-94.5282401199,47.0032668213],[-94.5293161631,47.0009380766]]]},"properties":{"flat_pct":74}},{"type":"Feature","geometry":{"type":"Polygon","coordinates":[[[-94.394923839,47.0135640392],[-94.3943964574,47.0096321539],[-94.392886238,47.0077437072],[-94.39105421418604,47.00719206931269],[-94.39111,47.0049],[-94.38584,47.00487],[-94.3857053381,47.0070324885],[-94.3811251039,47.0068149734],[-94.37891933831862,47.00842368491076],[-94.37502,47.00826],[-94.37505525971478,47.01165374754686],[-94.3677492756,47.0138355942],[-94.36763480064954,47.01514085815338],[-94.36151538577083,47.0154369772173],[-94.3621219041,47.0113895894],[-94.3558984754,47.0119100507],[-94.3523121428,47.0093937394],[-94.3515017037,47.0069597901],[-94.3524062606,47.0051521428],[-94.3542522518,47.0043286574],[-94.3577097683,47.0059200141],[-94.3643008254,47.0054233965],[-94.3673171875,47.0076458176],[-94.3704892427,47.0058380374],[-94.3726146483,47.005912655],[-94.3697376532,47.0042470736],[-94.3655391084,46.9978980614],[-94.3662059959,46.9956507109],[-94.3687977229,46.9937918141],[-94.36643772206952,46.99338],[-94.37034,46.99338],[-94.37062,46.98998],[-94.37503637451793,46.98998],[-94.3744652422109,46.99063338778753],[-94.3755432611,46.992360731],[-94.3754347666245,46.996198757225685],[-94.3736870813,46.9977617757],[-94.3746651272,47.0001281048],[-94.37724233765104,47.00209252168166],[-94.37903150279367,47.000890878349864],[-94.38593,47.00104],[-94.38595360837083,46.999669952931455],[-94.38794643475002,46.99984972459427],[-94.38601969754986,46.99583464863919],[-94.38624,46.98305],[-94.3895685861062,46.98308768210686],[-94.39153203585205,46.98356970831773],[-94.39136,46.9935],[-94.3981218673,47.0041949049],[-94.4019971041,47.005575719],[-94.40603388002744,47.00357507891834],[-94.40655,47.00435],[-94.40503,47.00611],[-94.40798,47.00734],[-94.4085857871859,47.006477918235454],[-94.4078434205,47.0085204283],[-94.40661,47.00865],[-94.40658,47.01223],[-94.4125928348,47.0130195492],[-94.4155541403,47.0147637453],[-94.416569024,47.0165858055],[-94.4299135312,47.0174005274],[-94.4309528947,47.0150945707],[-94.4179389139,47.015176082],[-94.4162654992,47.0136038985],[-94.4161034254,47.0115890675],[-94.4183232852,47.0094473202],[-94.425018892,47.0085728663],[-94.429707438,47.0091299471],[-94.4321855561,47.0080628391],[-94.4345809896,47.0021564727],[-94.43170469959757,46.997277350205344],[-94.4300814247146,46.99906385550586],[-94.42673,46.99912],[-94.42592647724356,47.00070281869609],[-94.420975142,47.000453013],[-94.4167148779,46.9977105262],[-94.41681175404977,46.99421977612331],[-94.423875516,46.9950030775],[-94.42824,46.99436],[-94.4283,46.99074],[-94.43362,46.99073],[-94.43361,46.99429],[-94.44067735996636,46.994234918657334],[-94.4375270424,46.9953390864],[-94.43900002161395,46.99783773779878],[-94.43901,47.00141],[-94.44108612110726,47.001378809448155],[-94.4414876144,47.0029996162],[-94.4389630504,47.0063373563],[-94.4383770998,47.0088406338],[-94.4393197175,47.0134193837],[-94.43689570875566,47.01673600799923],[-94.44315587525875,47.01676792808196],[-94.44439,47.02132],[-94.4563757289686,47.0228302309849],[-94.43903,47.02321],[-94.43902604770885,47.02607145879704],[-94.4353551106,47.0263672093],[-94.4295811187501,47.02354529616371],[-94.43368,47.0234],[-94.43368,47.02024],[-94.41746,47.018],[-94.41742,47.01979],[-94.40384232607705,47.019358290916415],[-94.4042605259,47.0179043146],[-94.40141458416271,47.017531029485575],[-94.40145,47.01574],[-94.39609699781583,47.01503605742327],[-94.394923839,47.0135640392]]]},"properties":{"flat_pct":92}},{"type":"Feature","geometry":{"type":"Polygon","coordinates":[[[-94.51083663,47.0163388062],[-94.50850210900408,47.00723324050675],[-94.50801387471668,47.01140096871903],[-94.5093386967,47.0137775622],[-94.5090198362,47.0157735932],[-94.5063565606,47.0173298136],[-94.501507780702,47.0153878149003],[-94.49684352382357,47.01906530420639],[-94.4997838657,47.0212447891],[-94.4986796105,47.0246441267],[-94.49763043138793,47.02511856073213],[-94.49765,47.02339],[-94.48691,47.02323],[-94.48689404333234,47.02633357186047],[-94.4819411452,47.0265433352],[-94.4796611796,47.0301745039],[-94.4756539237,47.0308870641],[-94.4722308103,47.0335985784],[-94.4699392885,47.0334536446],[-94.4683399341,47.0314479062],[-94.4687668769,47.0290972693],[-94.4653129672,47.0291039825],[-94.46026788499167,47.026992000235325],[-94.46029,47.02305],[-94.47608,47.02556],[-94.47606,47.02311],[-94.46546,47.02291],[-94.46550523035278,47.020215024813425],[-94.4727468191,47.020289389],[-94.4724458229,47.0169301519],[-94.4753406682,47.015277406],[-94.47616542660721,47.015456028317],[-94.47611,47.01948],[-94.47897071703703,47.01950924524852],[-94.4802738141,47.0208186891],[-94.4846245356,47.0207449052],[-94.48687,47.01959],[-94.48684,47.01594],[-94.4861210666721,47.01593461473163],[-94.4854520251,47.0136516603],[-94.4876152595,47.009938832],[-94.4898061745,47.0092518315],[-94.4916414297,47.0100989738],[-94.4925226798,47.0119180972],[-94.4923526754,47.014965457],[-94.4972854376,47.0110762671],[-94.4940580571,47.0095134956],[-94.494623356,47.0059842871],[-94.5006837992,47.0042524344],[-94.5030042582,47.0045435484],[-94.5049214091,47.0021394635],[-94.494374292,47.0031170399],[-94.4825856832,46.9977897577],[-94.4802652045,46.9939262819],[-94.4784034135,46.9923171625],[-94.476040939,46.9916475653],[-94.4787007405,46.9932840596],[-94.4799587975,46.9955967316],[-94.4797828872,47.0001804249],[-94.4788119084,47.0019532791],[-94.4752515362,47.002267327],[-94.47398521,47.0006918176],[-94.4734739757,46.9973523977],[-94.4695657438,46.9959615914],[-94.4680040367,46.9997077213],[-94.4649668452,47.0014499314],[-94.46312330891473,47.00147540955631],[-94.4626641203,47.007165006],[-94.4645295846,47.0081627749],[-94.4660285979,47.0107670721],[-94.465069231,47.0134277771],[-94.4626125476,47.0141664434],[-94.4589682169,47.0126778841],[-94.4574011477758,47.015682401781554],[-94.45504,47.01566],[-94.45503099920687,47.017284643159954],[-94.45171453609201,47.01932283458794],[-94.44501,47.01943],[-94.44505,47.0183],[-94.4463,47.01851],[-94.44596,47.01729],[-94.44728,47.01665],[-94.44649382875275,47.01586044794638],[-94.44972342825807,47.01336767915489],[-94.45114,47.01352],[-94.45521,47.00891],[-94.4548242317,47.0072089144],[-94.4571754632,47.0044748849],[-94.456333184,47.0015297707],[-94.45356033596336,46.99987970168719],[-94.45657,46.9977],[-94.45221,46.99556],[-94.45224413737158,46.99443977435253],[-94.45941,46.99412],[-94.45787,46.99567],[-94.4586,46.99637],[-94.46458,46.99468],[-94.4654,46.99205],[-94.4640814656,46.9909856248],[-94.46552,46.99057],[-94.46537,46.98711],[-94.46008,46.98714],[-94.46019073271958,46.989884589549476],[-94.4529016673,46.9896260137],[-94.44961,46.99068],[-94.44956,46.98719],[-94.44421,46.98718],[-94.44419637571603,46.98649586631245],[-94.4523122411,46.9835679136],[-94.46441978828649,46.98441094415835],[-94.4642191928,46.9820491004],[-94.46563192643337,46.98015584017509],[-94.47224581251143,46.980157631585186],[-94.47067128514605,46.98362799701437],[-94.46754,46.98319],[-94.46859,46.98565],[-94.47051,46.98514],[-94.47298,46.98639],[-94.47243100855003,46.98503294248323],[-94.47529774354845,46.98569306455995],[-94.4740586177,46.9834872262],[-94.47490994531708,46.98015835318129],[-94.48099,46.98016],[-94.4810458755254,46.98181011126053],[-94.47839086752595,46.98594288088843],[-94.48122052687947,46.98696790018512],[-94.48146,46.99404],[-94.48669,46.99407],[-94.48666250914259,46.993065860261275],[-94.4956762686,46.9971389227],[-94.5071496392,46.9960559998],[-94.5180193094,46.9976723086],[-94.52518671601604,46.995027750184306],[-94.5273,46.99867],[-94.52555,46.99494],[-94.5269,46.99593],[-94.5276,46.99501],[-94.528880892,46.9954547301],[-94.52947163242669,46.999199354394825],[-94.5284381916,47.0002535988],[-94.5215411979,47.0032244807],[-94.5144113841,47.0033859004],[-94.5138319642,47.0044521012],[-94.5167930487,47.0141151194],[-94.5142661609,47.0173453811],[-94.51083663,47.0163388062]]]},"properties":{"flat_pct":87}},{"type":"Feature","geometry":{"type":"Polygon","coordinates":[[[-94.5051783573,47.0177945469],[-94.5067945336,47.0190085427],[-94.5087550401,47.0237580824],[-94.5126129599,47.0206825377],[-94.5145851562,47.0211255428],[-94.5158286452,47.0227191384],[-94.5146073244,47.026676778],[-94.5099047887,47.0303131054],[-94.50816253763844,47.030823376102596],[-94.50818,47.02978],[-94.50075685314151,47.02901595561136],[-94.5017794655,47.0269479227],[-94.5042277036,47.0260390298],[-94.5015114069,47.0217911148],[-94.5015254191,47.0194950569],[-94.5031588852,47.0178814069],[-94.5051783573,47.0177945469]]]},"properties":{"flat_pct":90}},{"type":"Feature","geometry":{"type":"Polygon","coordinates":[[[-94.50283249065728,47.03206247070413],[-94.501006653347,47.03042202495618],[-94.50286,47.03045],[-94.50283249065728,47.03206247070413]]]},"properties":{}},{"type":"Feature","geometry":{"type":"Polygon","coordinates":[[[-94.492228839,47.0345253333],[-94.4941251839,47.0324268549],[-94.49753956929155,47.0327557675421],[-94.49752,47.03429],[-94.50278488409613,47.03485294759563],[-94.50273,47.03807],[-94.49388148949095,47.03797216890286],[-94.4924299185,47.0365366461],[-94.492228839,47.0345253333]]]},"properties":{"flat_pct":91}},{"type":"Feature","geometry":{"type":"Polygon","coordinates":[[[-94.5110365154,47.0350174537],[-94.5141156444,47.0324550709],[-94.5162844467,47.0332089773],[-94.51711524166656,47.03444532721423],[-94.516,47.03442],[-94.51591,47.03817],[-94.51662996652747,47.03818088796261],[-94.5127209461,47.0408919329],[-94.5079939489327,47.04089655127183],[-94.5080943838428,47.034895565392496],[-94.5110365154,47.0350174537]]]},"properties":{"flat_pct":90}},{"type":"Feature","geometry":{"type":"Polygon","coordinates":[[[-94.45447,47.05024],[-94.45496015967419,47.04116269397643],[-94.46013,47.04124],[-94.45989,47.05032],[-94.45447,47.05024]]]},"properties":{"flat_pct":86}},{"type":"Feature","geometry":{"type":"Polygon","coordinates":[[[-94.5105762837,47.0478568996],[-94.51096024962457,47.04901292380069],[-94.49908005479146,47.04892314902865],[-94.49931755,47.0471253359],[-94.49795659244732,47.04527679110712],[-94.50528229945958,47.045335925494214],[-94.50523239,47.0481645807],[-94.5078782635,47.0463617255],[-94.5105762837,47.0478568996]]]},"properties":{"flat_pct":95}},{"type":"Feature","geometry":{"type":"Polygon","coordinates":[[[-94.44665558243734,47.052026876045964],[-94.44623656129865,47.05564409608123],[-94.44346,47.0557],[-94.44368,47.0521],[-94.44665558243734,47.052026876045964]]]},"properties":{"flat_pct":78}},{"type":"Feature","geometry":{"type":"Polygon","coordinates":[[[-94.45694,47.05939],[-94.45414,47.05933],[-94.45431974952574,47.05449007758452],[-94.4571290129,47.0538896244],[-94.45953029685073,47.05214000463829],[-94.46529,47.05223],[-94.46531261332007,47.05535063816959],[-94.46211482221729,47.05768060767375],[-94.45977,47.05763],[-94.4596036208,47.0594291152],[-94.45692287710075,47.06006920833725],[-94.45694,47.05939]]]},"properties":{"flat_pct":100}},{"type":"Feature","geometry":{"type":"Polygon","coordinates":[[[-94.4296865847,47.0564127903],[-94.4328435955095,47.05617743439847],[-94.43274,47.05774],[-94.42834791890652,47.05771537150789],[-94.4296865847,47.0564127903]]]},"properties":{}},{"type":"Feature","geometry":{"type":"Polygon","coordinates":[[[-94.5213362154,47.0625594397],[-94.52012341598535,47.05989559218202],[-94.52375,47.05993],[-94.52374004822582,47.05637721661791],[-94.529,47.05641],[-94.52907388789293,47.06250859300989],[-94.5213362154,47.0625594397]]]},"properties":{"flat_pct":96}},{"type":"Feature","geometry":{"type":"Polygon","coordinates":[[[-94.4321923107,47.0658605652],[-94.42693,47.06612],[-94.42714327352546,47.0625055749897],[-94.4293398042,47.0616045735],[-94.42805437846727,47.05966319371287],[-94.43794,47.05944],[-94.4377620972598,47.06236730872493],[-94.4311488304,47.0621177515],[-94.4323740687,47.0638474144],[-94.4321923107,47.0658605652]]]},"properties":{"flat_pct":93}},{"type":"Feature","geometry":{"type":"Polygon","coordinates":[[[-94.47057,47.0597],[-94.47794814269866,47.0597],[-94.4764102464,47.0612066963],[-94.47619256406823,47.063234848853995],[-94.47086,47.06321],[-94.47108122837317,47.065798371966125],[-94.46828,47.06668],[-94.46823,47.07015],[-94.46292002044373,47.07008854190328],[-94.4617798069,47.0657139237],[-94.467697224,47.0601658018],[-94.46713949278926,47.05778769776644],[-94.47061,47.05786],[-94.47057,47.0597]]]},"properties":{"flat_pct":77}},{"type":"Feature","geometry":{"type":"Polygon","coordinates":[[[-94.52381,47.06708],[-94.52376562057637,47.064461614005744],[-94.52909557272856,47.06429842598134],[-94.52913,47.06714],[-94.52381,47.06708]]]},"properties":{"flat_pct":75}},{"type":"Feature","geometry":{"type":"Polygon","coordinates":[[[-94.42429223111385,47.067870813898395],[-94.42380451030158,47.06608507832739],[-94.42693,47.06612],[-94.42682,47.06789],[-94.42429223111385,47.067870813898395]]]},"properties":{}},{"type":"Feature","geometry":{"type":"Polygon","coordinates":[[[-94.49216923742414,47.066898250539964],[-94.49213,47.07041],[-94.49277829568896,47.07042107146338],[-94.4920540384,47.0713463423],[-94.4898720967,47.0720613308],[-94.48686494261295,47.07113612372753],[-94.48692,47.06686],[-94.49216923742414,47.066898250539964]]]},"properties":{"flat_pct":71}},{"type":"Feature","geometry":{"type":"Polygon","coordinates":[[[-94.50168472037576,47.070573173592756],[-94.49963661513085,47.07409270275043],[-94.49711926403185,47.074044995528084],[-94.4955357468,47.0721394925],[-94.49555409064826,47.07046847593138],[-94.50168472037576,47.070573173592756]]]},"properties":{"flat_pct":92}},{"type":"Feature","geometry":{"type":"Polygon","coordinates":[[[-94.47250176964384,47.07711557319389],[-94.4741073962,47.0738872002],[-94.47631015598489,47.07369917464847],[-94.47626,47.07718],[-94.47250176964384,47.07711557319389]]]},"properties":{"flat_pct":75}},{"type":"Feature","geometry":{"type":"Polygon","coordinates":[[[-94.50130493590197,47.08397166584155],[-94.49972461234113,47.081194278445565],[-94.50132,47.08123],[-94.50130493590197,47.08397166584155]]]},"properties":{}},{"type":"Feature","geometry":{"type":"Polygon","coordinates":[[[-94.489013873,47.0847369977],[-94.4859392777,47.0833802348],[-94.48502231386779,47.08086508638229],[-94.49494072245982,47.08108716467806],[-94.49521922472113,47.08466031809383],[-94.49202,47.08455],[-94.49203598987606,47.08744017009895],[-94.4903064452,47.0867521592],[-94.489013873,47.0847369977]]]},"properties":{"flat_pct":92}},{"type":"Feature","geometry":{"type":"Polygon","coordinates":[[[-94.4789562091,47.1065632057],[-94.4826078526,47.1010631634],[-94.4815009592,47.0980450715],[-94.47811261,47.0965383997],[-94.47649336659747,47.09334590418908],[-94.48143,47.09342],[-94.48146,47.08617],[-94.48046216609421,47.08615302361975],[-94.4835354244,47.0850002513],[-94.4858809515,47.0876971714],[-94.4841,47.08803],[-94.48409,47.09165],[-94.48503339018035,47.09166773289813],[-94.4851411043,47.0931911179],[-94.4876845284,47.0957709938],[-94.4890429501,47.1014722756],[-94.48866441526386,47.10245675914873],[-94.48688,47.10245],[-94.48694411274337,47.10568311405895],[-94.4829987665,47.1099775862],[-94.4809786621,47.1100482273],[-94.4792245149,47.1085666587],[-94.4789562091,47.1065632057]]]},"properties":{"flat_pct":99}},{"type":"Feature","geometry":{"type":"Polygon","coordinates":[[[-94.4974083271,47.1105341963],[-94.49745,47.11307],[-94.49229,47.11315],[-94.49233,47.11677],[-94.48971,47.11677],[-94.48972522154983,47.11777047095716],[-94.4875208332,47.1169424714],[-94.4801009351,47.1169622021],[-94.4737303721,47.1195900593],[-94.4731910514,47.1218960919],[-94.47138,47.123781262231354],[-94.47138,47.11676],[-94.46816723965757,47.11679203607179],[-94.4703511429,47.1145056515],[-94.47358402950303,47.11316],[-94.47657,47.11316],[-94.47655985513987,47.1119324719248],[-94.4791046094,47.1109359096],[-94.4880162548,47.1108646103],[-94.4930285589,47.1120422915],[-94.4974083271,47.1105341963]]]},"properties":{"flat_pct":100}},{"type":"Feature","geometry":{"type":"Polygon","coordinates":[[[-94.4601557803,47.1373520926],[-94.45727,47.14058],[-94.45602,47.13921],[-94.45241,47.13852],[-94.45426,47.13753],[-94.45715,47.1335],[-94.45823,47.13457],[-94.46014,47.13454],[-94.4601,47.13108],[-94.45786,47.13111],[-94.46365,47.12397],[-94.47117672798032,47.12396026296509],[-94.4668860032,47.1267732429],[-94.4603595821,47.1357891284],[-94.4601557803,47.1373520926]]]},"properties":{"flat_pct":100}},{"type":"Feature","geometry":{"type":"Polygon","coordinates":[[[-94.5321966889,47.2094555904],[-94.5299234261,47.2091325515],[-94.5284570909,47.2070994281],[-94.52036,47.20673],[-94.53441579634378,47.206994735422604],[-94.5321966889,47.2094555904]]]},"properties":{"flat_pct":100}},{"type":"Feature","geometry":{"type":"Polygon","coordinates":[[[-94.5160003238,47.2224084503],[-94.5155724816,47.2188152676],[-94.5129847556,47.2181291786],[-94.5119719357,47.2157722491],[-94.51250984642061,47.21416669086327],[-94.51487,47.21418],[-94.51493387964133,47.21149705506387],[-94.5169277898,47.2109286605],[-94.5192399103,47.2116650626],[-94.5208924788,47.2140065127],[-94.5216363433,47.219370312],[-94.5300203957,47.2246781994],[-94.5307179644,47.2279378153],[-94.529382335,47.2294550187],[-94.5275222585,47.2297985353],[-94.52766967577415,47.23222123938261],[-94.52468,47.23221],[-94.52455991039929,47.234164185320616],[-94.5147403804,47.2326885616],[-94.51381559934285,47.232158695345014],[-94.51448,47.22493],[-94.51270859251849,47.22493846753098],[-94.5154222068,47.2247670665],[-94.5176185363,47.227238184],[-94.5192811489,47.2276551082],[-94.5233715022,47.2274295405],[-94.5160003238,47.2224084503]]]},"properties":{"flat_pct":100}},{"type":"Feature","geometry":{"type":"Polygon","coordinates":[[[-94.40387918770838,47.23286204574189],[-94.40385,47.23696],[-94.40230795266196,47.2369836329094],[-94.4029374463,47.2361371466],[-94.40387918770838,47.23286204574189]]]},"properties":{}},{"type":"Feature","geometry":{"type":"Polygon","coordinates":[[[-94.40077,47.24453],[-94.39787988628946,47.24460393314143],[-94.39970766322503,47.24081182128763],[-94.40077,47.24453]]]},"properties":{"flat_pct":100}},{"type":"Feature","geometry":{"type":"Polygon","coordinates":[[[-94.3906753329,47.2501595596],[-94.3920192874,47.2471090704],[-94.3970228569246,47.245997359070046],[-94.39792,47.2482],[-94.39402,47.24841],[-94.39602861002759,47.25226424793067],[-94.3924204729,47.2523853678],[-94.3906753329,47.2501595596]]]},"properties":{"flat_pct":100}},{"type":"Feature","geometry":{"type":"Polygon","coordinates":[[[-94.4336,47.25464],[-94.43643,47.252],[-94.4366158794507,47.25749893374985],[-94.4343709563,47.2561132298],[-94.4336,47.25464]]]},"properties":{"flat_pct":86}},{"type":"Feature","geometry":{"type":"Polygon","coordinates":[[[-94.3926769561,47.259501489],[-94.3935561372,47.2576813647],[-94.39597850130615,47.25602240203914],[-94.39593,47.25966],[-94.3926769561,47.259501489]]]},"properties":{"flat_pct":100}},{"type":"Feature","geometry":{"type":"Polygon","coordinates":[[[-94.39942,47.2596],[-94.39939059516674,47.261758314762425],[-94.39586991244208,47.2628103048229],[-94.39593,47.25966],[-94.39942,47.2596]]]},"properties":{"flat_pct":100}},{"type":"Feature","geometry":{"type":"Polygon","coordinates":[[[-94.3779709686,47.2898068201],[-94.3799467728,47.2887317404],[-94.3799410783,47.2865145971],[-94.3815395725,47.2848662966],[-94.3895282692,47.2847658803],[-94.39103373530565,47.28535500935359],[-94.39075,47.28865],[-94.39419599259108,47.288684288483495],[-94.3938675013,47.2905395408],[-94.3923980408,47.2918714377],[-94.4043403902,47.2896016802],[-94.4096119632,47.2898856673],[-94.41375682400201,47.29228240246612],[-94.41209,47.29232],[-94.41207,47.29595],[-94.404538093,47.2956116619],[-94.3902105176,47.2981440101],[-94.3786232893,47.2942044088],[-94.3773044458,47.2920040514],[-94.3779709686,47.2898068201]],[[-94.3907977717,47.2920751529],[-94.3871763189,47.2909994815],[-94.3882117011,47.2914855152],[-94.3905929482,47.2921012271],[-94.3907977717,47.2920751529]]]},"properties":{"flat_pct":100}},{"type":"Feature","geometry":{"type":"Polygon","coordinates":[[[-94.53271781992568,47.35962566581529],[-94.5235461993,47.3579021277],[-94.5220176492,47.3561395672],[-94.5217914146,47.3462769681],[-94.5245273995,47.3428104312],[-94.5229862152,47.3352959592],[-94.5173424353,47.3347997954],[-94.5040434296,47.3280828662],[-94.4929571443,47.3263461089],[-94.4935933192,47.3638609097],[-94.4976097947,47.3661924947],[-94.504201177,47.3660247751],[-94.5100594504,47.3548937033],[-94.5137850863,47.3540812863],[-94.5156147977,47.3571516335],[-94.5086792407,47.3704710301],[-94.5054289399,47.3719475487],[-94.5004383269,47.372122464],[-94.4983213697,47.3742564567],[-94.4957967044,47.3738014996],[-94.4944207881,47.3713156393],[-94.4902689056,47.3692491788],[-94.4878821442,47.3661185203],[-94.4873923188,47.3520589236],[-94.47845102,47.3471477135],[-94.473337818,47.3517738259],[-94.470786405,47.3520406835],[-94.4688743609,47.3499564995],[-94.4694931699,47.3472727478],[-94.4638949327,47.3457264047],[-94.4588298228,47.3417927136],[-94.4570477579,47.3349328429],[-94.4581929628,47.3329605179],[-94.460394106,47.3323634173],[-94.4642192947,47.3337297711],[-94.4648489185,47.3356505485],[-94.4641763,47.3381963031],[-94.4668488365,47.3403614565],[-94.471063791,47.3414818874],[-94.4799181738,47.3411972305],[-94.4872787601,47.3453624442],[-94.4871543929,47.3380285888],[-94.4806364995,47.3381136177],[-94.4786534676,47.3354341993],[-94.4806421624,47.3324643561],[-94.4870526104,47.3320265436],[-94.4869893132,47.3282939534],[-94.4738522897,47.326861824],[-94.4610989831,47.3268930768],[-94.4593039098,47.325963817],[-94.45850364090694,47.323941825084],[-94.50842537661552,47.32357636445668],[-94.51759890887763,47.32822153884477],[-94.51738,47.33109],[-94.52265,47.33115],[-94.52274285688664,47.329268426244546],[-94.525339227,47.3254877626],[-94.5278378124,47.3237270797],[-94.5369490887,47.323573731],[-94.5310129435,47.3186577501],[-94.5215114834,47.3169261054],[-94.5182694237,47.3147066786],[-94.5131851591,47.3135860156],[-94.5115787723,47.3107727609],[-94.4928180036,47.3105239605],[-94.4928548703,47.3203150791],[-94.4992073798,47.3208251745],[-94.50842054897649,47.32357391989938],[-94.45850302307605,47.32389498208742],[-94.459681279,47.3215341555],[-94.462916688,47.3204575727],[-94.4741660783,47.320869712],[-94.474715087,47.3187337053],[-94.4766742865,47.3175363686],[-94.4786601064,47.3179136364],[-94.4851780575,47.3222903833],[-94.4868875618,47.3222937419],[-94.48682939927335,47.31886393610495],[-94.49116,47.31873],[-94.49114,47.3115],[-94.48036,47.31183],[-94.4803857862628,47.31326411292324],[-94.4638825663,47.3115146523],[-94.4625156755,47.3100255515],[-94.4625011581,47.3077294968],[-94.4638491098,47.3062232305],[-94.4660056979,47.3059141451],[-94.464981486,47.3029256555],[-94.4640215349,47.3027028097],[-94.4615725192,47.3027084397],[-94.4603705155,47.3122882452],[-94.451731077,47.3221378782],[-94.44374920505815,47.32305306752052],[-94.44387,47.31716],[-94.44896,47.31711],[-94.4548695565,47.3095503546],[-94.4563307444,47.2948793532],[-94.4576588153,47.2922602024],[-94.4641387274,47.2889974689],[-94.4824871,47.2863295771],[-94.4862528639,47.2848660373],[-94.4860006866,47.2699953097],[-94.4821850868,47.2660985269],[-94.47923558395092,47.26502950748196],[-94.4743871329,47.2607801716],[-94.46296334032354,47.26027064835897],[-94.46269,47.25809],[-94.45762,47.25834],[-94.4573472889,47.2614915291],[-94.44205619914229,47.26193499418982],[-94.44172,47.25542],[-94.4563498918,47.2555682142],[-94.4647437793,47.2538100439],[-94.47294928120769,47.25460799806494],[-94.47316,47.25776],[-94.47857,47.2577],[-94.47843204123045,47.25619868397841],[-94.4825275611,47.2599055447],[-94.485740421,47.2611735952],[-94.491626075,47.2673363921],[-94.4922539975,47.2848820128],[-94.4951059139,47.285026237],[-94.5213754983,47.2776860294],[-94.5264463404,47.2749767277],[-94.526549379,47.2722833313],[-94.5293538475,47.2694445172],[-94.528216346,47.268837717],[-94.5251411056,47.2697688081],[-94.5233037921,47.268926139],[-94.5224111919,47.2665211056],[-94.52385635392663,47.26421163685233],[-94.53193,47.26409],[-94.53171851000057,47.261202348084716],[-94.5330045562,47.2610847493],[-94.5355159365,47.2632767045],[-94.535311144,47.2684107062],[-94.5404637439,47.2668867162],[-94.5490897845,47.2672430991],[-94.5505682015,47.2646880333],[-94.5474119762,47.264855734],[-94.5436919258,47.2632974026],[-94.5425603396,47.2609951356],[-94.5436221453,47.2586598648],[-94.54632690004874,47.2580521728433],[-94.54627,47.26057],[-94.55668,47.26064],[-94.55666461578038,47.266132166401675],[-94.5557153237134,47.26777277494236],[-94.55143,47.26774],[-94.55144,47.27495],[-94.54619,47.27488],[-94.54619,47.27129],[-94.54095,47.27123],[-94.54094517464931,47.272957475547834],[-94.53274,47.2748],[-94.5307768165,47.2793257257],[-94.5235498046,47.2833109113],[-94.4961537015,47.290977913],[-94.4923559628,47.2908948367],[-94.4924238885,47.2949003676],[-94.4995507135,47.2964364203],[-94.5013596423,47.2992363265],[-94.5006493656,47.3011287638],[-94.4988997648,47.3021410429],[-94.4925315282,47.3012478078],[-94.4925870926,47.3045244038],[-94.5151237789,47.3052434506],[-94.5168650781,47.3062699441],[-94.5175542395,47.3080674665],[-94.5235966015,47.3111878273],[-94.5334163825,47.3131335572],[-94.5378605905,47.3151179795],[-94.5390306061,47.3171664867],[-94.5426769674,47.3158694462],[-94.5370550604,47.3120884843],[-94.535707218,47.3092775333],[-94.5347576777,47.3028277392],[-94.5334584463,47.3009471756],[-94.5325211954,47.291994545],[-94.535685970884,47.28473272941623],[-94.5357,47.2998],[-94.5406267064873,47.29989330883499],[-94.54103,47.3071],[-94.5418233607,47.3082385174],[-94.5448032025,47.3096656448],[-94.5479595219,47.3063958485],[-94.54871021,47.3039819484],[-94.5505370927,47.3030258407],[-94.55637362829027,47.302254793356134],[-94.55759,47.30432],[-94.55990446537487,47.30535453151958],[-94.55855,47.30747],[-94.55162,47.30729],[-94.55163081714097,47.31115712789912],[-94.5486201389,47.3149574375],[-94.55693087099091,47.31477039349337],[-94.55544,47.32327],[-94.5573,47.32324],[-94.55816064697096,47.322252787298005],[-94.559027926,47.3233948311],[-94.5613069985,47.32346211],[-94.5632376139,47.3221692248],[-94.5626930316,47.3184036915],[-94.55992,47.3171],[-94.56021,47.31555],[-94.5624,47.31409],[-94.56194,47.31152],[-94.5630635012392,47.306743358414955],[-94.5657468596,47.308685879],[-94.5679259128094,47.306947861899076],[-94.56797,47.30791],[-94.58387,47.3081],[-94.58397394078202,47.31492229496529],[-94.58103605104304,47.31379817905107],[-94.57819,47.31103],[-94.5710856661,47.3120854762],[-94.57132727327735,47.31288780702716],[-94.5699,47.31408],[-94.57070981738508,47.317021613123075],[-94.5688346719,47.3196922748],[-94.569253127,47.3215834743],[-94.57725311450046,47.32008716929464],[-94.57641,47.32031],[-94.57736,47.32168],[-94.58026,47.32172],[-94.5793,47.32164],[-94.58130291148227,47.320112007885726],[-94.5862515705,47.3214735837],[-94.58476330344605,47.31533186823403],[-94.58926,47.3154],[-94.58932,47.32296],[-94.59225956777509,47.32298939567775],[-94.59222,47.32671],[-94.5971662307885,47.32672859485259],[-94.5997559046,47.3285336853],[-94.60280760627437,47.329153562163086],[-94.60278,47.33042],[-94.60695426968766,47.33042],[-94.60816231502609,47.33170396207534],[-94.60794,47.33769],[-94.60555448068953,47.33771919852277],[-94.6034052869,47.3353974943],[-94.59813768449229,47.334327512559426],[-94.5934789463,47.3314721748],[-94.58583,47.32967],[-94.57826364226189,47.32971617655115],[-94.578292427,47.3276828653],[-94.5796283125,47.3258776865],[-94.560085336,47.32942866],[-94.5589830798,47.3311096215],[-94.56003216443328,47.33138087213842],[-94.55998,47.33618],[-94.56083,47.33669],[-94.54910100029758,47.34371064039716],[-94.5479672108,47.3435611263],[-94.54806290075936,47.34450543535611],[-94.54295,47.34842],[-94.53829,47.35403],[-94.53864,47.3569],[-94.53277,47.35688],[-94.53271781992568,47.35962566581529]],[[-94.5499167788,47.3328259225],[-94.554148756,47.3269917126],[-94.5523387082,47.3249511235],[-94.5498417773,47.3240257434],[-94.5499167788,47.3328259225]],[[-94.5337362509,47.3295112548],[-94.5297619534,47.3297140832],[-94.5341110926,47.329990219],[-94.5337362509,47.3295112548]],[[-94.4705036677,47.2994849481],[-94.4708678823,47.3041009317],[-94.4693618251,47.3062232822],[-94.4866420315,47.3078149839],[-94.4863605904,47.2912185967],[-94.4659331647,47.2947479991],[-94.4629515549,47.2962018888],[-94.4689198761,47.2977427652],[-94.4705036677,47.2994849481]],[[-94.5326167764,47.3359535213],[-94.5291660484,47.3356883296],[-94.5295672308,47.3378150799],[-94.5305321368,47.3369500672],[-94.5326167764,47.3359535213]],[[-94.5418599146,47.3278205763],[-94.5438689702,47.3272419553],[-94.543851351,47.3251746348],[-94.5430167113,47.3253446438],[-94.5418599146,47.3278205763]],[[-94.5278343387,47.3528879498],[-94.5340386062,47.3536554572],[-94.5401751736,47.3449598356],[-94.5419742547,47.3439338625],[-94.5428440286,47.3395313436],[-94.5339370177,47.3419320393],[-94.5277594138,47.3480581775],[-94.5278343387,47.3528879498]]]},"properties":{"flat_pct":100}},{"type":"Feature","geometry":{"type":"Polygon","coordinates":[[[-94.420510296,47.3180550894],[-94.42182797334101,47.320934151281556],[-94.41475729746034,47.32091274661189],[-94.4144775678,47.3173258119],[-94.4153459831,47.3145840491],[-94.4176,47.3138],[-94.4178131727,47.3120541376],[-94.419839404,47.3109741075],[-94.4220358624,47.3116431727],[-94.4231158925,47.313669404],[-94.4221041254,47.3166272512],[-94.420510296,47.3180550894]]]},"properties":{"flat_pct":100}},{"type":"Feature","geometry":{"type":"Polygon","coordinates":[[[-94.43879,47.31721],[-94.43877,47.32202],[-94.43617,47.32123],[-94.43372,47.32187],[-94.43368,47.31726],[-94.43879,47.31721]]]},"properties":{"flat_pct":100}},{"type":"Feature","geometry":{"type":"Polygon","coordinates":[[[-94.4231842838,47.319428089],[-94.42376,47.32094],[-94.42228696229358,47.320935540753666],[-94.4226260932,47.3201088953],[-94.4231842838,47.319428089]]]},"properties":{}},{"type":"Feature","geometry":{"type":"Polygon","coordinates":[[[-94.4020879911,47.3366897354],[-94.4004837576,47.3341087831],[-94.40143696094977,47.33143633103431],[-94.40608,47.33141],[-94.40608980831345,47.33022646351007],[-94.4102341205,47.3296140525],[-94.4130982421,47.3313194867],[-94.4132175471,47.3336124856],[-94.4116805133,47.3353182421],[-94.40604,47.33499],[-94.4060545295908,47.3363000847711],[-94.4052841755,47.3364166369],[-94.4060583458279,47.33664418214889],[-94.40613412294958,47.34347675262099],[-94.4038787216,47.343066255],[-94.4013568044,47.3450980067],[-94.3955258245,47.3456399114],[-94.3929305523,47.3445155014],[-94.3922995809,47.3423077982],[-94.3934144986,47.3403005523],[-94.3991482537,47.3393218374],[-94.4020879911,47.3366897354]]]},"properties":{"flat_pct":100}},{"type":"Feature","geometry":{"type":"Polygon","coordinates":[[[-94.4346765717,47.3533080083],[-94.436800021,47.3586596875],[-94.4398601642,47.3609280753],[-94.44065130352593,47.36377],[-94.43364261224232,47.36377],[-94.4320634258,47.3624476333],[-94.4298643815,47.3578667792],[-94.4278619633,47.3588502264],[-94.4238928544,47.3584437158],[-94.4215696018,47.3560532774],[-94.42262943631358,47.35318224743736],[-94.4264,47.35536],[-94.42798,47.3545],[-94.4286,47.35291],[-94.4346765717,47.3533080083]]]},"properties":{"flat_pct":99}},{"type":"Feature","geometry":{"type":"Polygon","coordinates":[[[-94.4113408848,47.3667673817],[-94.41144,47.37122],[-94.40556,47.37103],[-94.4059262940733,47.37328578586076],[-94.405257192,47.372583943],[-94.4049520033,47.3679932254],[-94.40617,47.36751],[-94.4067270642,47.3648697619],[-94.4102973816,47.3650362223],[-94.4113408848,47.3667673817]]]},"properties":{"flat_pct":100}},{"type":"Feature","geometry":{"type":"Polygon","coordinates":[[[-94.4512523717,47.3688781746],[-94.4514263339,47.3726499552],[-94.4481748639,47.3741341447],[-94.4458884018,47.3719305521],[-94.44250300039386,47.37053153761301],[-94.44247,47.36738],[-94.45023810373445,47.36736549373719],[-94.4512523717,47.3688781746]]]},"properties":{"flat_pct":100}},{"type":"Feature","geometry":{"type":"Polygon","coordinates":[[[-94.4125634959,47.3717961768],[-94.4121373152,47.372886378],[-94.41137083454318,47.37369612335403],[-94.41144,47.37122],[-94.4125634959,47.3717961768]]]},"properties":{}},{"type":"Feature","geometry":{"type":"Polygon","coordinates":[[[-94.5237388873,47.3748648326],[-94.5315301745,47.3770550206],[-94.5331967402,47.3790443443],[-94.53319471269221,47.38131900927427],[-94.52945,47.38135],[-94.52884,47.38029],[-94.52322,47.37955],[-94.51485,47.38298],[-94.50896,47.38895],[-94.50094,47.38913],[-94.50113,47.39319],[-94.50449283811433,47.39306965268261],[-94.5012,47.39514],[-94.50041283918415,47.396973917219896],[-94.49648704335286,47.40017707406499],[-94.4938345199,47.400847597],[-94.4937468475,47.4029731281],[-94.4923705034,47.4044534959],[-94.4879366889,47.404751494],[-94.4811728661,47.4084926479],[-94.4786089206,47.4084083593],[-94.4771236855,47.4066573154],[-94.4771901003,47.4046370677],[-94.4814532031,47.4014896771],[-94.4805866897,47.3976473947],[-94.483272626,47.3955193089],[-94.4806042751,47.3930172016],[-94.4798487976,47.390985641],[-94.4675387813,47.390743621],[-94.4689899235,47.3957585699],[-94.4670063082,47.3988307133],[-94.46724763758549,47.40026999666285],[-94.46399,47.40024],[-94.46398,47.40388],[-94.46470303472073,47.403902594835024],[-94.4626617598,47.4050591554],[-94.4600146799,47.4048999226],[-94.461126858,47.4071027329],[-94.4604441588,47.4146678569],[-94.4631836282,47.4127803584],[-94.4722287192,47.4136254805],[-94.4769290974,47.4160018366],[-94.4792526343,47.4136921254],[-94.4868472143,47.4142720941],[-94.49197238042639,47.41593308852049],[-94.49538,47.42049],[-94.49986,47.4222],[-94.50369,47.42545],[-94.5041746768,47.4275570759],[-94.5010268827,47.4286539308],[-94.49905283414654,47.42699863427797],[-94.50019,47.4258],[-94.49974,47.42394],[-94.49752,47.42229],[-94.48517,47.42257],[-94.4851778932575,47.42370189312655],[-94.4840285238,47.4200213279],[-94.4828163738,47.4199111324],[-94.481214386,47.4225723157],[-94.4827615948,47.4249755881],[-94.4815817057,47.4292233266],[-94.4853440625,47.4302815041],[-94.4870305678,47.4320408606],[-94.497475651,47.4373461683],[-94.5000099152,47.4371204081],[-94.50173637289323,47.43826572148231],[-94.49607,47.44426],[-94.48994,47.44825],[-94.48476,47.44995],[-94.48391,47.45169],[-94.48007,47.45012],[-94.48006,47.44783],[-94.47473,47.44784],[-94.47472222093036,47.44503953492756],[-94.4786534513,47.4443056143],[-94.4873866847,47.4455715218],[-94.4926590279,47.4416292906],[-94.4822979531,47.4357295127],[-94.47996342397164,47.435315565066865],[-94.47991,47.42979],[-94.47556430493053,47.429794126965874],[-94.4752122642,47.4280945962],[-94.47324691878036,47.42979632771246],[-94.46938,47.4298],[-94.46936,47.42619],[-94.46411,47.4262],[-94.4635904158,47.4307321692],[-94.4586843634,47.4329657718],[-94.4561229617,47.4326986884],[-94.4558439929,47.4349620873],[-94.4543167615,47.4362862384],[-94.4450314157,47.4358104391],[-94.44452311976785,47.43712172212994],[-94.44275,47.43713],[-94.44275,47.43836826910519],[-94.4414863791,47.4388829705],[-94.4411175022,47.4408981674],[-94.4389550448,47.4433386423],[-94.4353810915,47.4433802759],[-94.4341455316,47.4411320961],[-94.4350939281,47.4356865337],[-94.4389284173,47.4334462428],[-94.4401561768,47.4304077226],[-94.4447487564,47.4292592079],[-94.446069763,47.4241934406],[-94.448259029,47.4235012036],[-94.4500963045,47.4243439554],[-94.4509819016,47.4261609666],[-94.4507191899,47.429859873],[-94.4522784814,47.4302058829],[-94.4522476362,47.425745014],[-94.4505101026,47.4224851874],[-94.4510273906,47.4198054587],[-94.4525827378,47.4183742328],[-94.4438815711,47.4238344469],[-94.4368307293,47.4321279733],[-94.4346642949,47.4330967059],[-94.4351899872,47.4347987666],[-94.43450346,47.4366999484],[-94.4298501728,47.438666836],[-94.42907422547133,47.444124824310855],[-94.42554,47.44376],[-94.42302976130225,47.44235090690201],[-94.4237874667,47.4398971498],[-94.42197148854483,47.44109538494463],[-94.42058,47.44],[-94.41864,47.44013],[-94.41651,47.44135],[-94.41561,47.44502],[-94.4125610402232,47.44523271812396],[-94.4125551362,47.4414855743],[-94.4191682825,47.4357565951],[-94.417690249,47.4343281836],[-94.4162140698,47.4301638301],[-94.4160412821,47.4261443155],[-94.41371100260416,47.42485060546875],[-94.41611,47.42504],[-94.41608,47.42142],[-94.4105353256,47.4204879455],[-94.4089673956,47.4174026002],[-94.41001182854306,47.41479119424204],[-94.41002,47.41645],[-94.41576588263666,47.416631047711604],[-94.4212090191,47.4188918034],[-94.4223800544,47.4208120674],[-94.4219566108,47.4229859357],[-94.4229073627,47.4235221365],[-94.4250648491,47.4232665188],[-94.4328559929,47.4265874689],[-94.4374495701,47.4222646659],[-94.4322315756,47.4195151685],[-94.4309620948,47.4160837363],[-94.4312493242,47.4140121541],[-94.42139417491677,47.41065077110281],[-94.42147,47.40799],[-94.4268,47.40804],[-94.42681998049316,47.40623176536885],[-94.4291295365,47.4069940821],[-94.4277883082,47.4037174691],[-94.43097122427923,47.40077438106919],[-94.43227,47.40078],[-94.43226,47.40447],[-94.43768,47.40452],[-94.43768,47.40113164798382],[-94.439188287,47.4026295809],[-94.441003487,47.4065651732],[-94.4413437855,47.4110256477],[-94.4435922102,47.4121408207],[-94.4444118146,47.4139885383],[-94.4425004036,47.4170087012],[-94.4381938479,47.4163043379],[-94.4403235079,47.4189825874],[-94.450696045,47.4118555247],[-94.4545997673,47.4127161705],[-94.4535467638,47.4090348403],[-94.4513952153309,47.40767681602264],[-94.45337,47.40761],[-94.45337,47.40399],[-94.44808,47.40417],[-94.44812,47.40048],[-94.4429,47.40062],[-94.44291,47.39688],[-94.43767,47.39698],[-94.43759,47.3934],[-94.42689,47.39352],[-94.42682,47.3898],[-94.4200952214,47.3891884478],[-94.41134662493998,47.389809787081],[-94.4118271244461,47.386264559532655],[-94.41594,47.38629],[-94.41591704359374,47.384882007082425],[-94.4177145191,47.3833486419],[-94.4218557226,47.3832690794],[-94.42149,47.37882],[-94.41615654413816,47.37873288366106],[-94.4171909311,47.3767021601],[-94.416670649,47.3718207008],[-94.41564894493209,47.37116672221605],[-94.4168,47.3699],[-94.41628,47.3674],[-94.42146,47.36737],[-94.42144,47.37496],[-94.4329254424,47.37599848],[-94.4340388427,47.3785984945],[-94.4323766758,47.3810267239],[-94.4353861818,47.3825130577],[-94.4376408286,47.3806206932],[-94.4499233422,47.3790952058],[-94.4568701184,47.379403274],[-94.4633197539,47.3846595137],[-94.4714776982,47.3848199023],[-94.4681512071,47.3819047716],[-94.4637333705,47.3812533888],[-94.4619571605,47.3796401035],[-94.4577587395,47.3781546299],[-94.4570067322,47.3758864072],[-94.4575154878,47.37387389],[-94.462405569,47.3714381771],[-94.4634879798,47.3690310392],[-94.4583304755,47.3687626459],[-94.4565000903,47.3659767191],[-94.4571958077,47.3640788811],[-94.4589375802,47.3630531909],[-94.4716931641,47.3630193343],[-94.4673733495,47.3623857241],[-94.4638346942,47.3592662493],[-94.4589410195,47.3624277514],[-94.4563774602,47.3623324394],[-94.4548108742,47.3591198573],[-94.4574673402,47.3554330257],[-94.4528937684,47.3550862162],[-94.4509910548,47.3529935106],[-94.4511860207,47.3509815961],[-94.4526130765,47.3495500502],[-94.4574664654,47.3494262042],[-94.4591354392,47.3477968053],[-94.4636265467,47.3466607382],[-94.4664494321,47.3488530415],[-94.4663054903,47.350869249],[-94.4650799444,47.3522426153],[-94.4700289781,47.3568243379],[-94.4756532374,47.3578828446],[-94.4804155243,47.3651118725],[-94.4819420843,47.3716277879],[-94.4798938113,47.3742576693],[-94.4768834895,47.3735847493],[-94.4748798967,47.3691194466],[-94.4673720367,47.3690611816],[-94.4683681683,47.3708307601],[-94.468278931,47.3758675347],[-94.4705091331,47.3762933539],[-94.4773797239,47.3804087374],[-94.4781962888,47.3823208244],[-94.4774858961,47.3849380259],[-94.4834081622,47.3842039057],[-94.4819393991,47.3807678246],[-94.4845523152,47.3783290657],[-94.4904690858,47.3808406878],[-94.4921724447,47.383081367],[-94.5018675073,47.3824886796],[-94.5073058539,47.3778601425],[-94.5184604453,47.3717634403],[-94.5192541938,47.3696651055],[-94.5209842358,47.3686197509],[-94.5240684469,47.369884401],[-94.5245665842,47.3718433985],[-94.5237388873,47.3748648326]],[[-94.46408,47.42259],[-94.46027965719425,47.42259],[-94.4605622504,47.4194245848],[-94.4573497343,47.4225219674],[-94.4584909617,47.4244877634],[-94.4582132583,47.4266932093],[-94.46411,47.4262],[-94.46408,47.42259]],[[-94.45168736070195,47.40038505123607],[-94.4519897225,47.4023947886],[-94.4563991153,47.4031038416],[-94.4552732925,47.4014323284],[-94.4554627,47.399418804],[-94.45338474612998,47.39860291642641],[-94.45339,47.39668],[-94.45245534740619,47.396697836881565],[-94.453009773,47.3936998607],[-94.4516660137,47.3923895568],[-94.4513891075,47.3904261118],[-94.4466203411,47.3905398324],[-94.4490856785,47.3915412826],[-94.4501154743,47.3932806309],[-94.4496553696,47.3955301601],[-94.4475403748,47.3968238947],[-94.44812,47.40048],[-94.45168736070195,47.40038505123607]],[[-94.44277,47.38968],[-94.4427,47.38607],[-94.42675,47.3863],[-94.42682,47.3898],[-94.44277,47.38968]],[[-94.4875263276,47.391822016],[-94.4931367382,47.3931024372],[-94.4962077037,47.388880768],[-94.4858713884,47.3898095106],[-94.4875263276,47.391822016]],[[-94.4875961012,47.3974088456],[-94.4858547348,47.3956793063],[-94.4849176624,47.3958906007],[-94.4865882645,47.3982159427],[-94.4875961012,47.3974088456]],[[-94.4593359965,47.3948282504],[-94.4581524748,47.3976937086],[-94.4607418732,47.3987215191],[-94.4611866779,47.3959701098],[-94.4593359965,47.3948282504]],[[-94.4568023091,47.4033608634],[-94.4571713447,47.4036947379],[-94.4573605811,47.4036919954],[-94.4568023091,47.4033608634]],[[-94.4673068814,47.4194222394],[-94.4665465426,47.4217012424],[-94.4695055688,47.4222931529],[-94.4689672535,47.4194726556],[-94.4673068814,47.4194222394]],[[-94.422571156,47.4286110473],[-94.4232472855,47.4308849447],[-94.4255566182,47.4318178155],[-94.4269665269,47.4307883468],[-94.422571156,47.4286110473]],[[-94.4341472754,47.4059986366],[-94.4317168868,47.4072623999],[-94.4304339328,47.4074246251],[-94.4352014554,47.4089982446],[-94.4341472754,47.4059986366]],[[-94.45352,47.43165],[-94.44811,47.43167],[-94.44809,47.43348],[-94.45352,47.43345],[-94.45352,47.43165]]]},"properties":{"flat_pct":100}},{"type":"Feature","geometry":{"type":"Polygon","coordinates":[[[-94.426537572,47.401971967],[-94.4222651023,47.4041334059],[-94.41609785932448,47.40355507546229],[-94.41609,47.40071],[-94.42719727460012,47.400758053722],[-94.426537572,47.401971967]]]},"properties":{"flat_pct":100}},{"type":"Feature","geometry":{"type":"Polygon","coordinates":[[[-94.3937618932,47.4294732543],[-94.3921944875,47.4287137897],[-94.39179,47.42766],[-94.39618,47.42853],[-94.3937618932,47.4294732543]]]},"properties":{}},{"type":"Feature","geometry":{"type":"Polygon","coordinates":[[[-94.44889,47.44978],[-94.446961127,47.4491669948],[-94.45081787331685,47.44875472191785],[-94.44889,47.44978]]]},"properties":{}},{"type":"Feature","geometry":{"type":"Polygon","coordinates":[[[-94.46648765314795,47.451521100242],[-94.4687515032212,47.44787903869165],[-94.47473,47.44784],[-94.47471,47.45146],[-94.46648765314795,47.451521100242]]]},"properties":{"flat_pct":100}},{"type":"Feature","geometry":{"type":"Polygon","coordinates":[[[-94.4520971571,47.4785040586],[-94.4500022787,47.4759111485],[-94.4513424663,47.4731328836],[-94.46198715,47.4715482035],[-94.45807686506193,47.46954734211724],[-94.45853489267307,47.463279318847505],[-94.4630467479,47.4654397629],[-94.465123624,47.4648483462],[-94.467903431,47.4656881547],[-94.4700814083,47.470852649],[-94.47457473281388,47.46868572709427],[-94.47457,47.46954],[-94.47917,47.46953],[-94.47945630527374,47.47316776112514],[-94.4742456108,47.4760868614],[-94.463226338,47.4774495649],[-94.4623211591,47.4793607353],[-94.4604780018,47.4801905443],[-94.4567284747,47.4781480322],[-94.4520971571,47.4785040586]]]},"properties":{"flat_pct":100}},{"type":"Feature","geometry":{"type":"Polygon","coordinates":[[[-94.487596283,47.4656685783],[-94.4937582305473,47.4606025820474],[-94.4967704342,47.4613179971],[-94.4975492157,47.4643026844],[-94.4946950476,47.4681935273],[-94.5000784986,47.4712750823],[-94.5052807849,47.4757499019],[-94.5089558087,47.4751342881],[-94.5132047986,47.4703360875],[-94.5162688256,47.4706918922],[-94.5172016481487,47.47424876374027],[-94.5146362075,47.4783938398],[-94.51452222001588,47.48015397062474],[-94.51174,47.4802],[-94.51170253328483,47.48241053619528],[-94.51023449882102,47.48378191818199],[-94.50332257216006,47.483982357589376],[-94.5036778391,47.4815721501],[-94.4989596658,47.4790647022],[-94.496443637,47.4761457366],[-94.49055919881167,47.47257666509392],[-94.49057,47.46944],[-94.48724096665845,47.46947122920583],[-94.487596283,47.4656685783]]]},"properties":{"flat_pct":97}},{"type":"Feature","geometry":{"type":"Polygon","coordinates":[[[-94.40544470732817,47.47524833240279],[-94.40922,47.47522],[-94.40919713113179,47.476592132092954],[-94.4079227272,47.4763822608],[-94.40544470732817,47.47524833240279]]]},"properties":{}},{"type":"Feature","geometry":{"type":"Polygon","coordinates":[[[-94.53238,47.49112],[-94.52853,47.49119],[-94.52765157234715,47.488843155972226],[-94.52846,47.48639],[-94.52788,47.48005],[-94.5317559568959,47.48007297998159],[-94.53240081123647,47.482276053457305],[-94.53156,47.48176],[-94.53027,47.48288],[-94.53365099723938,47.48621546550983],[-94.5338768167,47.4884890618],[-94.53238,47.49112]]]},"properties":{"flat_pct":54}},{"type":"Feature","geometry":{"type":"Polygon","coordinates":[[[-94.4742,47.49938],[-94.48489,47.49947],[-94.48495,47.50647],[-94.47428,47.50656],[-94.4742,47.49938]]]},"properties":{"flat_pct":100}},{"type":"Feature","geometry":{"type":"Polygon","coordinates":[[[-94.5066623408,47.5141492155],[-94.5086965297244,47.513497357840514],[-94.52159,47.51378],[-94.52151257053039,47.51689438533354],[-94.5196929693,47.5173834032],[-94.51966017375422,47.52098483696369],[-94.51367411169683,47.52086522963428],[-94.5136853677,47.5184939668],[-94.5106601652,47.5199195328],[-94.5066173017,47.5200841036],[-94.50571255406074,47.519787191165044],[-94.5066623408,47.5141492155]]]},"properties":{"flat_pct":94}},{"type":"Feature","geometry":{"type":"Polygon","coordinates":[[[-94.40280701717309,47.52385682430803],[-94.39821744237612,47.52299986850438],[-94.40278,47.52256],[-94.40280701717309,47.52385682430803]]]},"properties":{}},{"type":"Feature","geometry":{"type":"Polygon","coordinates":[[[-94.5264824294,47.5275661779],[-94.53163363532136,47.52821553639534],[-94.5315,47.53119],[-94.52616,47.53129],[-94.52624,47.52797],[-94.5247874190527,47.52796455962192],[-94.5264824294,47.5275661779]]]},"properties":{"flat_pct":79}},{"type":"Feature","geometry":{"type":"Polygon","coordinates":[[[-94.4840513486,47.5309993158],[-94.48397,47.52796],[-94.49459,47.52788],[-94.4944858712,47.5294611515],[-94.4928220351,47.5306089587],[-94.4840513486,47.5309993158]]]},"properties":{"flat_pct":100}},{"type":"Feature","geometry":{"type":"Polygon","coordinates":[[[-94.4622575487,47.534658531],[-94.4596575362,47.5389543293],[-94.45806,47.53917],[-94.4543234581,47.5423599635],[-94.45261802852559,47.54210141130334],[-94.45265,47.5392],[-94.44723,47.53922],[-94.44726848209322,47.5352508469562],[-94.4488423097,47.5340581457],[-94.4492330834608,47.531975033977446],[-94.45272,47.53193],[-94.45273763130382,47.52979661223804],[-94.45815849343188,47.52960996578753],[-94.45814,47.53186],[-94.46201817793393,47.53180677010679],[-94.4622575487,47.534658531]]]},"properties":{"flat_pct":100}},{"type":"Feature","geometry":{"type":"Polygon","coordinates":[[[-94.4336029815,47.5384293777],[-94.4357831547,47.5359077625],[-94.44187893815362,47.535903781283814],[-94.44185369681678,47.54193646078924],[-94.4353611537,47.5415412431],[-94.4336029815,47.5384293777]]]},"properties":{"flat_pct":100}},{"type":"Feature","geometry":{"type":"Polygon","coordinates":[[[-94.4030839333937,47.5358756972378],[-94.40302,47.53337],[-94.4149,47.53237],[-94.41486,47.53594],[-94.42016,47.53577],[-94.4201482848484,47.53470977877975],[-94.4222387147,47.5375185412],[-94.4249179217,47.5364132908],[-94.4271124629,47.5370886182],[-94.430626801,47.5405291679],[-94.43083631455288,47.54432107983648],[-94.42958487407711,47.54558062609552],[-94.4162362692043,47.54333498837771],[-94.416067019,47.5396195737],[-94.412461216,47.537896951],[-94.4074895067,47.5379384426],[-94.4030839333937,47.5358756972378]]]},"properties":{"flat_pct":100}},{"type":"Feature","geometry":{"type":"Polygon","coordinates":[[[-94.5314062251,47.5387118625],[-94.5319202268,47.5400761277],[-94.53178652280512,47.54135615968175],[-94.53127,47.54136],[-94.5314062251,47.5387118625]]]},"properties":{}},{"type":"Feature","geometry":{"type":"Polygon","coordinates":[[[-94.4993753077854,47.548694315610824],[-94.5052703099,47.5469004115],[-94.5084536933,47.5477123891],[-94.5095514793822,47.54585335482545],[-94.51029,47.54722],[-94.51285,47.54797],[-94.51072,47.55266],[-94.49932,47.55313],[-94.4993753077854,47.548694315610824]]]},"properties":{"flat_pct":96}},{"type":"Feature","geometry":{"type":"Polygon","coordinates":[[[-94.5214209758,47.5523158555],[-94.522,47.5511],[-94.52102,47.54837],[-94.52329,47.54617],[-94.52361,47.54445],[-94.5297041968286,47.54428429676297],[-94.5284637237,47.5473756111],[-94.5320440498,47.5486040197],[-94.535658005,47.549216686],[-94.53691995612505,47.54647927073256],[-94.53698,47.54853],[-94.54474,47.54846],[-94.54500446587123,47.5579984024222],[-94.5414182519,47.5566809088],[-94.540000086,47.5546234459],[-94.5361750788,47.5561868241],[-94.5283672241,47.5534414508],[-94.5234279291,47.5538689492],[-94.5214209758,47.5523158555]]]},"properties":{"flat_pct":94}},{"type":"Feature","geometry":{"type":"Polygon","coordinates":[[[-94.4509723866,47.5632781527],[-94.4546687889,47.5628795462],[-94.45388072125316,47.55994283347405],[-94.45667,47.56068],[-94.47206110943097,47.560524925849556],[-94.47269,47.56412],[-94.46734,47.56418],[-94.4672980339,47.5674288801],[-94.463610239,47.5659750999],[-94.4622419682,47.56374],[-94.45694,47.56378],[-94.45720437247259,47.569087277387176],[-94.4544904825,47.569018946],[-94.4504529419,47.5670489021],[-94.4500380664,47.5650705972],[-94.4509723866,47.5632781527]]]},"properties":{"flat_pct":100}},{"type":"Feature","geometry":{"type":"Polygon","coordinates":[[[-94.4227868963,47.5738893435],[-94.4240383277,47.5759727489],[-94.4248231085,47.5743757462],[-94.4266267889,47.5734633049],[-94.4285998992,47.573902221],[-94.4301419439,47.5758954652],[-94.4309894931,47.5751419104],[-94.4303363871,47.5722684033],[-94.433017273,47.5701396002],[-94.432986311,47.5691488148],[-94.42526307692307,47.56801],[-94.4251508108108,47.56201],[-94.4324318157,47.5627094556],[-94.43270457334259,47.55756294983634],[-94.43870666996975,47.5574723521514],[-94.4380613439,47.5659472102],[-94.4391502047,47.5733666851],[-94.44107304240008,47.5746196929717],[-94.44082,47.58242],[-94.4368189447,47.5821974286],[-94.4351004248,47.5796998753],[-94.4298330585,47.584059891],[-94.42927603897965,47.58603691802569],[-94.41551302728838,47.58645862590481],[-94.4190211874,47.5848149383],[-94.4234323048,47.5846531859],[-94.4239892023,47.5826765918],[-94.4198145807,47.5804895129],[-94.4162700511,47.5763697984],[-94.4159624211,47.5730506024],[-94.4189112334,47.5714961881],[-94.4227868963,47.5738893435]]]},"properties":{"flat_pct":100}},{"type":"Feature","geometry":{"type":"Polygon","coordinates":[[[-94.44618,47.58238],[-94.44630956193731,47.57992182486495],[-94.4484045251,47.5784446175],[-94.4573466491,47.5773834356],[-94.4598684806,47.5799162684],[-94.45921701582357,47.58224995495438],[-94.44618,47.58238]]]},"properties":{"flat_pct":100}},{"type":"Feature","geometry":{"type":"Polygon","coordinates":[[[-94.5032608915,47.5830390977],[-94.5018436451,47.5800219615],[-94.5040887588,47.5775579885],[-94.5128956252,47.5805412071],[-94.5162839262,47.5794070768],[-94.51388165318856,47.57784102566525],[-94.51581,47.57777],[-94.51572,47.57418],[-94.51034,47.57438],[-94.51029,47.57079],[-94.52095,47.57039],[-94.52116893617587,47.5759572341862],[-94.5197017782,47.5758895216],[-94.5187778822,47.5783953399],[-94.5165308861,47.5794166572],[-94.5213243230308,47.579908499926],[-94.52151,47.58463],[-94.51618,47.58482],[-94.51651206013317,47.5902688049123],[-94.5157823862,47.5910249831],[-94.5124509781,47.5911408214],[-94.51024773,47.5861403777],[-94.5075524117,47.585609634],[-94.5032608915,47.5830390977]]]},"properties":{"flat_pct":99}},{"type":"Feature","geometry":{"type":"Polygon","coordinates":[[[-94.45729670028993,47.59249649271157],[-94.4509537949,47.5947459406],[-94.448935515,47.5946347739],[-94.4473215944,47.5930015751],[-94.4473352261,47.590705515],[-94.44898748379354,47.5890849023853],[-94.45703,47.58898],[-94.45729670028993,47.59249649271157]]]},"properties":{"flat_pct":100}},{"type":"Feature","geometry":{"type":"Polygon","coordinates":[[[-94.41746,47.60276],[-94.41623,47.60067],[-94.4232553799802,47.6003755437385],[-94.421242679,47.6043956948],[-94.4219896876,47.6041921398],[-94.4256459681391,47.60027534650305],[-94.43651,47.59982],[-94.43604208042088,47.59534591964069],[-94.4391252669,47.59511071],[-94.4429060985,47.5962926435],[-94.4452347384,47.5981741129],[-94.4497511359,47.5966237699],[-94.4538896705,47.5967272752],[-94.4553310168,47.5981444318],[-94.4555461579,47.600154289],[-94.4527941132,47.6024455197],[-94.4588561324,47.6047932471],[-94.4610842187,47.6048753494],[-94.4601471304,47.6012067161],[-94.4608775513,47.5990298919],[-94.4640943409,47.5981558422],[-94.4658259442,47.5996636976],[-94.4670268992,47.6038637646],[-94.4686736029,47.6025303621],[-94.4676245016,47.5984081227],[-94.4631678288,47.5973032105],[-94.4606832676,47.5935655324],[-94.46071028370527,47.59254],[-94.46268,47.59254],[-94.46251141013921,47.59034833180979],[-94.4642060551,47.5901755656],[-94.4643428836,47.5871124663],[-94.4662421832,47.5858222187],[-94.47286,47.58532],[-94.477265197,47.5791762458],[-94.48013055,47.5796765948],[-94.48184736424292,47.5784],[-94.48646,47.5784],[-94.4863949178416,47.575487573411394],[-94.4880423244,47.5762028364],[-94.4908496844,47.5751971312],[-94.4949239143,47.5770558738],[-94.4951164038,47.5749291898],[-94.496624712,47.5734067061],[-94.4967912543,47.569496293],[-94.4935071366,47.5707939967],[-94.4908099927,47.5681794618],[-94.4861571954,47.5700638943],[-94.4853450590527,47.57482255856848],[-94.48100562991009,47.57483328645264],[-94.4801858799,47.5730682649],[-94.4802033616,47.5679966865],[-94.482389049,47.5651157259],[-94.4870012605,47.5634759085],[-94.4914569394,47.5599489967],[-94.49928907520307,47.55727782551996],[-94.49939238836579,47.56328665237203],[-94.4963240925,47.5644024374],[-94.4965617374,47.5659547333],[-94.497240081,47.5675743625],[-94.49944154788457,47.566145833415334],[-94.49959,47.57478],[-94.50257639594555,47.574668878290396],[-94.5022685617,47.5762798425],[-94.49956758157289,47.57868124249151],[-94.49436,47.57839],[-94.49444747779968,47.585348510769215],[-94.48844203630213,47.58532314076893],[-94.4882294589,47.5805585151],[-94.48237280649883,47.585297501294804],[-94.47823,47.58528],[-94.47847837497173,47.58838040481943],[-94.47315,47.58892],[-94.47372,47.59613],[-94.47911,47.59613],[-94.47900695014219,47.594843653499055],[-94.4849543407,47.5941634744],[-94.4868225526,47.5949352232],[-94.4877771077,47.5967169741],[-94.48638423621215,47.599711978950495],[-94.4798076058,47.6009187206],[-94.4754372273,47.6005464858],[-94.4756621996,47.602102445],[-94.4792318411,47.6043094009],[-94.4835395946,47.6094544042],[-94.4883709965,47.6091881029],[-94.4923049921,47.6085974188],[-94.4937119976,47.6056836623],[-94.49168043386767,47.60331235051054],[-94.49567,47.60329],[-94.49584,47.60691],[-94.50118,47.60687],[-94.50109490849844,47.604822131195775],[-94.5027859553,47.6050200798],[-94.5033215885753,47.60320898133042],[-94.50642,47.60314],[-94.506789158335,47.59950747855593],[-94.51166,47.59939],[-94.51146,47.59579],[-94.50811478594524,47.595877050179865],[-94.5033993071,47.5940297082],[-94.5010558669,47.5940894247],[-94.497980317,47.5903168751],[-94.49697490853985,47.58535808516186],[-94.50018,47.58537],[-94.49991668153109,47.58249406859737],[-94.5011943432,47.5827512076],[-94.5026539016,47.5841495999],[-94.5033166779,47.5872723516],[-94.5100160411,47.5900190552],[-94.5142545816,47.593359189],[-94.5145171432,47.6010482755],[-94.5096839071,47.6066101487],[-94.5115157587,47.6093055925],[-94.5120024061,47.6134947896],[-94.5136418376,47.6158000439],[-94.5189050631,47.6181150702],[-94.5228945417,47.6234100972],[-94.52890455724314,47.624550741486715],[-94.52905,47.62791],[-94.50794,47.62807],[-94.50791,47.63168],[-94.50261,47.63173],[-94.50267,47.6281],[-94.4982761063,47.6276449131],[-94.4987415264,47.6256045334],[-94.5015084527,47.6223082113],[-94.5035264419,47.6221918867],[-94.5051601642,47.6233821654],[-94.505636447,47.6281892161],[-94.5090941993,47.6265542076],[-94.5162972791,47.6251641714],[-94.5148118474,47.6227236559],[-94.50975545622508,47.620531404290254],[-94.51153,47.61971],[-94.50912,47.61649],[-94.50215,47.61498],[-94.50001,47.61646],[-94.5027431920957,47.61952880833164],[-94.5012401959,47.621943712],[-94.4989626252,47.62223483],[-94.4951475284,47.6205805723],[-94.4920299988,47.6215446559],[-94.4924494314,47.6243271549],[-94.4906441612,47.6261497684],[-94.4850895268,47.624487539],[-94.48087725704028,47.625947223059356],[-94.48062,47.62131],[-94.4790627991177,47.62130428550135],[-94.480898148,47.6198215179],[-94.4798463087,47.6174301798],[-94.4724463898,47.619101351],[-94.4675685546,47.6162751875],[-94.4680057149,47.612970556],[-94.471343373,47.6121562431],[-94.4708429061,47.6101479837],[-94.4717101109,47.607988536],[-94.4665341549,47.611019022],[-94.45845542435848,47.610782553580805],[-94.4484807061,47.6068380591],[-94.44085164566421,47.606969766821145],[-94.4418577851,47.6031719787],[-94.4386855472,47.6011490786],[-94.4320656964,47.6031531153],[-94.4249217722,47.6095580092],[-94.4195615949,47.6109126512],[-94.4257929613,47.6120348586],[-94.4360208628,47.6111305881],[-94.43723911232085,47.61147579713374],[-94.43741,47.61421],[-94.44839647186485,47.6140443227617],[-94.4501657226,47.6166198568],[-94.4487234076,47.6193465005],[-94.4408996951,47.6190104114],[-94.4353111066,47.6171576051],[-94.4254387173,47.6180799245],[-94.4221670343,47.6171686774],[-94.41638,47.6184],[-94.41635,47.61486],[-94.40786,47.61511],[-94.40787,47.61158],[-94.40617990142245,47.61162003974186],[-94.4037545528,47.6086737646],[-94.4010196199,47.608472681],[-94.3997086614,47.610399417],[-94.39515323846281,47.611881269911734],[-94.39183,47.61082445004291],[-94.39183,47.60833],[-94.41153227384403,47.607887161805714],[-94.413370075,47.6094006994],[-94.41331995502699,47.60784698098632],[-94.4163,47.60778],[-94.41627,47.60451],[-94.41746,47.60276]],[[-94.497986057,47.6150543538],[-94.4976478959,47.614916167],[-94.4972332243,47.6148922052],[-94.497986057,47.6150543538]],[[-94.4861415635,47.6149942256],[-94.4875703813,47.6186425594],[-94.4874186262,47.6151306262],[-94.4861415635,47.6149942256]],[[-94.4668765371,47.5924302417],[-94.4676627833,47.5917853033],[-94.4663438582,47.591714703],[-94.4668765371,47.5924302417]],[[-94.5053072195,47.6107574285],[-94.5043474463,47.6110220718],[-94.5041102558,47.6110753246],[-94.5057901989,47.6117618199],[-94.5053072195,47.6107574285]]]},"properties":{"flat_pct":100}},{"type":"Feature","geometry":{"type":"Polygon","coordinates":[[[-94.4157815071,47.5992712322],[-94.4132976482,47.5950786499],[-94.41301801769623,47.5936013785861],[-94.41538,47.59353],[-94.4157815071,47.5992712322]]]},"properties":{"flat_pct":100}},{"type":"Feature","geometry":{"type":"Polygon","coordinates":[[[-94.490155822,47.597978062],[-94.4936103749,47.5945354183],[-94.4958412718,47.5950787202],[-94.4970345817,47.5970403749],[-94.49652197036846,47.59966160511618],[-94.4900645104563,47.599693691873505],[-94.490155822,47.597978062]]]},"properties":{"flat_pct":100}},{"type":"Feature","geometry":{"type":"Polygon","coordinates":[[[-94.3845596705,47.5977646336],[-94.38658,47.59744],[-94.38669,47.59383],[-94.38914390389071,47.593834561159646],[-94.3908406758,47.5967882321],[-94.390309174,47.5994998959],[-94.3924056153,47.6024019133],[-94.39718631100045,47.60233541783688],[-94.39718,47.60462],[-94.38646,47.60469],[-94.38647,47.60106],[-94.38391281187766,47.60105523801094],[-94.3845596705,47.5977646336]]]},"properties":{"flat_pct":100}},{"type":"Feature","geometry":{"type":"Polygon","coordinates":[[[-94.4006536433,47.6176035063],[-94.40074396837159,47.61531864222491],[-94.40786,47.61511],[-94.40786433483859,47.61822674894635],[-94.4069748486,47.6187458637],[-94.4030538498,47.6195409963],[-94.4006536433,47.6176035063]]]},"properties":{"flat_pct":100}},{"type":"Feature","geometry":{"type":"Polygon","coordinates":[[[-94.3920519631,47.6216911616],[-94.3940646071,47.6215038754],[-94.39576669575163,47.622677520406995],[-94.39184,47.6228],[-94.3920519631,47.6216911616]]]},"properties":{}},{"type":"Feature","geometry":{"type":"Polygon","coordinates":[[[-94.39040322480295,47.63001322430141],[-94.38994289981866,47.62640113801031],[-94.39185,47.62641],[-94.39186,47.63002],[-94.39040322480295,47.63001322430141]]]},"properties":{"flat_pct":100}},{"type":"Feature","geometry":{"type":"Polygon","coordinates":[[[-94.3965423085642,47.629840248453995],[-94.3968116707,47.632958118],[-94.39779936768734,47.63336056177122],[-94.3918,47.63364],[-94.39186,47.63002],[-94.3965423085642,47.629840248453995]]]},"properties":{"flat_pct":100}},{"type":"Feature","geometry":{"type":"Polygon","coordinates":[[[-94.40936895363473,47.64246239397511],[-94.4098529925,47.6396434864],[-94.4082426058,47.6383862544],[-94.40777901760116,47.6365883227728],[-94.41658,47.63621],[-94.41652972093179,47.63344078362832],[-94.4201889915,47.6313101901],[-94.41791688510696,47.62899795819157],[-94.4425707946,47.6282513266],[-94.45368153755877,47.628911890847725],[-94.45377,47.63207],[-94.44841,47.63202],[-94.44861,47.63919],[-94.44326,47.63918],[-94.4433425702213,47.64188229815165],[-94.4385496843,47.6415372208],[-94.4357513981,47.6402272423],[-94.4335765694,47.6372554873],[-94.4342914122,47.6345002782],[-94.4301322784,47.6339889794],[-94.4279326364,47.6341804462],[-94.41684428674957,47.64020056437974],[-94.41605,47.63984],[-94.41298,47.64355],[-94.413,47.64232],[-94.40936895363473,47.64246239397511]],[[-94.4385612738,47.6343732572],[-94.4402716342,47.6354344985],[-94.4399705014,47.6343313351],[-94.4385612738,47.6343732572]]]},"properties":{"flat_pct":100}},{"type":"Feature","geometry":{"type":"Polygon","coordinates":[[[-94.4769245815,47.6413745075],[-94.47592715437396,47.643212995236944],[-94.47148164388557,47.642865675998344],[-94.4710692116,47.6391916899],[-94.4676315844,47.6386245722],[-94.4647307885751,47.63673660317915],[-94.46462,47.63209],[-94.46855224665812,47.63207570092124],[-94.4749696186,47.6336530467],[-94.48116112308453,47.633182509273844],[-94.48147,47.64308],[-94.48703104865919,47.642965968005555],[-94.4876912267,47.6458005048],[-94.4856008406,47.6487017872],[-94.48158604024623,47.64938601518637],[-94.48153,47.64658],[-94.47611065332865,47.64649164108688],[-94.4769245815,47.6413745075]]]},"properties":{"flat_pct":100}},{"type":"Feature","geometry":{"type":"Polygon","coordinates":[[[-94.45405,47.64277],[-94.45939,47.64276],[-94.4632450235,47.6409812051],[-94.4671010749323,47.642802189491775],[-94.46488,47.64277],[-94.465,47.64637],[-94.45418,47.64635],[-94.45405,47.64277]]]},"properties":{"flat_pct":100}},{"type":"Feature","geometry":{"type":"Polygon","coordinates":[[[-94.50262,47.64626],[-94.49608162426027,47.646359254280675],[-94.4966566887,47.6448919271],[-94.49311075599101,47.64284130066399],[-94.50244,47.64265],[-94.50262,47.64626]]]},"properties":{"flat_pct":100}},{"type":"Feature","geometry":{"type":"Polygon","coordinates":[[[-94.426583872,47.64280306],[-94.4307275974,47.6428761839],[-94.4326047924,47.645106476],[-94.435135694,47.6453725082],[-94.4375429789,47.6449503351],[-94.4392791268,47.6424732224],[-94.441573622,47.6423873761],[-94.4450861937,47.6466354983],[-94.4451930358,47.649198603],[-94.4427018703,47.6510176557],[-94.43830294115075,47.650908626686906],[-94.43827,47.64993],[-94.4251451392,47.6495116189],[-94.42512837284237,47.65034434777391],[-94.41912334466507,47.65053368277997],[-94.4191845992,47.6476329219],[-94.41733448273162,47.64476124261075],[-94.4195447898,47.6399345827],[-94.4220479033,47.6393730283],[-94.426583872,47.64280306]]]},"properties":{"flat_pct":100}},{"type":"Feature","geometry":{"type":"Polygon","coordinates":[[[-94.4175934023,47.6548108525],[-94.42504839434767,47.65393192734578],[-94.4225904927,47.6594347049],[-94.420134793,47.6606871101],[-94.4201853956076,47.66495558967017],[-94.41704,47.66511],[-94.41708,47.66144],[-94.4126036975,47.6609241402],[-94.41200331086078,47.66165805162603],[-94.408,47.66183],[-94.40785,47.65461],[-94.40249,47.65398],[-94.40256216914932,47.65722761171923],[-94.3949112363,47.6565926912],[-94.39178200908152,47.65211167323292],[-94.3918518312,47.6451982185],[-94.39225690908934,47.644453697674486],[-94.3968,47.64426],[-94.39578,47.64763],[-94.39657,47.65121],[-94.39874,47.6523],[-94.40184,47.65233],[-94.4033052118,47.6510546807],[-94.41320468768792,47.65490032133253],[-94.41327,47.65797],[-94.41713,47.65777],[-94.4175934023,47.6548108525]]]},"properties":{"flat_pct":100}},{"type":"Feature","geometry":{"type":"Polygon","coordinates":[[[-94.47511169230222,47.653560053389505],[-94.4745758062,47.6590048945],[-94.4711118449,47.6598857167],[-94.4691361391,47.6580275304],[-94.4686468093,47.6560701287],[-94.4643661784,47.6521782085],[-94.46378931980396,47.649960241605875],[-94.4706,47.65001],[-94.47072,47.65354],[-94.47511169230222,47.653560053389505]]]},"properties":{"flat_pct":100}},{"type":"Feature","geometry":{"type":"Polygon","coordinates":[[[-94.4601022887,47.6617830232],[-94.46001,47.66076],[-94.45281647749289,47.66074315334308],[-94.4528301178,47.6576721933],[-94.45991,47.65709],[-94.45983585890782,47.65504826838472],[-94.4608548178,47.6596137427],[-94.4601022887,47.6617830232]]]},"properties":{"flat_pct":100}},{"type":"Feature","geometry":{"type":"Polygon","coordinates":[[[-94.4412840432,47.6561653178],[-94.44119431458292,47.66071593516296],[-94.43866,47.66071],[-94.43873056422878,47.662549710250154],[-94.437219577009,47.66439219380167],[-94.433199731,47.6643200678],[-94.4322563778,47.6619344849],[-94.4337302917,47.6587009142],[-94.43544206790165,47.657168649971794],[-94.43851,47.65706],[-94.4384111206218,47.654122458472635],[-94.4412840432,47.6561653178]]]},"properties":{"flat_pct":100}},{"type":"Feature","geometry":{"type":"Polygon","coordinates":[[[-94.4247396804,47.6556006586],[-94.42769975917037,47.65455935421635],[-94.42778,47.65744],[-94.43006371992745,47.657359122686636],[-94.431123097,47.6643980131],[-94.4292657596,47.666860767],[-94.4264533153,47.6665609463],[-94.4242612573,47.6635258546],[-94.4235873171,47.6582105989],[-94.4247396804,47.6556006586]]]},"properties":{"flat_pct":100}},{"type":"Feature","geometry":{"type":"Polygon","coordinates":[[[-94.49902,47.67375458138468],[-94.49362634299554,47.67422153637023],[-94.49362,47.6719],[-94.49232,47.67191],[-94.49235,47.668],[-94.48186,47.66808],[-94.48181,47.67203],[-94.47106,47.672],[-94.47101716635032,47.669060054045374],[-94.4799747078,47.669035008],[-94.4789628585,47.6673871474],[-94.4792103992,47.6653810229],[-94.4834476911,47.6622684685],[-94.48713101969612,47.66278211423769],[-94.48714,47.66443],[-94.49238,47.66439],[-94.49240037544443,47.66191098759426],[-94.4935030988,47.66379091],[-94.4929539936,47.6660741532],[-94.4946576679,47.6658512727],[-94.4941520416,47.6633893416],[-94.4948771582,47.6615418911],[-94.5002359161,47.6590465251],[-94.4948329253,47.6545663826],[-94.4925350525,47.6565159734],[-94.48174220576293,47.65719174081485],[-94.4779190699,47.6564682616],[-94.47661070029406,47.65356689817486],[-94.48167,47.65359],[-94.48162131842854,47.65115244417197],[-94.486226857,47.651971104],[-94.4903661578,47.6505035784],[-94.49213802513687,47.64814141239393],[-94.4922,47.64998],[-94.50116199378084,47.649839529878044],[-94.5006954481,47.6510299619],[-94.5049975511,47.6519680951],[-94.5070083716,47.6616308853],[-94.5057803522,47.6632383232],[-94.50313890186156,47.66434947574838],[-94.49754,47.66436],[-94.49757,47.6719],[-94.49902,47.67191],[-94.49902,47.67375458138468]]]},"properties":{"flat_pct":100}},{"type":"Feature","geometry":{"type":"Polygon","coordinates":[[[-94.4480271072,47.6691243362],[-94.44961663823287,47.669119891736464],[-94.44972,47.67211],[-94.43911,47.67212],[-94.43880823764685,47.66455990023046],[-94.4441536181374,47.665043124627],[-94.44426,47.66803],[-94.4481850256391,47.668052133603226],[-94.4480271072,47.6691243362]]]},"properties":{"flat_pct":100}},{"type":"Feature","geometry":{"type":"Polygon","coordinates":[[[-94.50283,47.67192],[-94.50276,47.66796],[-94.50817,47.66796],[-94.50817596560283,47.66580045177465],[-94.5120013506,47.6662874913],[-94.5135935727383,47.667382889019535],[-94.51351,47.67186],[-94.51153,47.67187],[-94.51056,47.67048],[-94.50967,47.67189],[-94.50283,47.67192]]]},"properties":{"flat_pct":94}},{"type":"Feature","geometry":{"type":"Polygon","coordinates":[[[-94.46024743536118,47.66909016712634],[-94.46562964616811,47.66907511800859],[-94.46569,47.67204],[-94.46033,47.67207],[-94.46024743536118,47.66909016712634]]]},"properties":{"flat_pct":100}},{"type":"Feature","geometry":{"type":"Polygon","coordinates":[[[-94.4226955416278,47.66919516557855],[-94.43356591468184,47.66916477099704],[-94.43367,47.67211],[-94.4228,47.67212],[-94.4226955416278,47.66919516557855]]]},"properties":{"flat_pct":100}},{"type":"Feature","geometry":{"type":"Polygon","coordinates":[[[-94.45594,47.67572],[-94.45541592422417,47.67935],[-94.45064,47.67935],[-94.45058,47.67573],[-94.45594,47.67572]]]},"properties":{"flat_pct":100}},{"type":"Feature","geometry":{"type":"Polygon","coordinates":[[[-94.5102255287,47.6849539638],[-94.5106625151,47.6817963506],[-94.50972,47.67915],[-94.51503,47.67918],[-94.51509,47.68646],[-94.51133373412014,47.68641795224761],[-94.5102255287,47.6849539638]]]},"properties":{"flat_pct":92}},{"type":"Feature","geometry":{"type":"Polygon","coordinates":[[[-94.4609917519,47.6861193916],[-94.4623593735,47.6839490155],[-94.4651796205,47.6837346734],[-94.46758509941041,47.68661864720259],[-94.4679540252,47.6889913439],[-94.46972872543105,47.69024946470976],[-94.46202316597389,47.69027816325522],[-94.4609917519,47.6861193916]]]},"properties":{"flat_pct":100}},{"type":"Feature","geometry":{"type":"Polygon","coordinates":[[[-94.4751895958,47.6976407022],[-94.47429615925505,47.70108762943537],[-94.46825440950614,47.7010860208758],[-94.4684445795,47.6987094406],[-94.4669342482,47.6956231598],[-94.46451631335434,47.693909036973565],[-94.47232,47.69388],[-94.47237,47.69752],[-94.4751895958,47.6976407022]]]},"properties":{"flat_pct":94}},{"type":"Feature","geometry":{"type":"Polygon","coordinates":[[[-94.4605301527,47.6918836636],[-94.4619262466,47.6951739216],[-94.460817726,47.696864186],[-94.4576205218,47.6983839791],[-94.4583331299625,47.70108337942757],[-94.44830114484459,47.70108070850502],[-94.4462963601,47.6953013293],[-94.4457086933,47.6970383503],[-94.443972717,47.6981713254],[-94.4451521886,47.7014270226],[-94.4422690039,47.7051664842],[-94.4433304488,47.7076699415],[-94.44578238065779,47.70894467853813],[-94.44591,47.71559],[-94.4426260894,47.7140515902],[-94.44161897019488,47.71559160352384],[-94.42603362042583,47.715597427645584],[-94.4255025925,47.7130809053],[-94.4271096238,47.7110813125],[-94.4294016844,47.7109451639],[-94.42984,47.71193],[-94.4405,47.71187],[-94.44044,47.70826],[-94.42979,47.7083],[-94.42981283712895,47.70995797556151],[-94.4246441743,47.709226132],[-94.4236187377,47.7123436651],[-94.4209036037,47.7131359931],[-94.41907231973056,47.711928762918156],[-94.4197219558,47.7046828558],[-94.4052207181,47.7042654798],[-94.4017,47.70498],[-94.40168,47.70855],[-94.398535661571,47.70853125580668],[-94.3980014407,47.7042861622],[-94.37486054060993,47.70414983123606],[-94.37488959924572,47.6981512985619],[-94.3856309057363,47.698253581353036],[-94.38561,47.70131],[-94.39637,47.70146],[-94.39638692953861,47.698328035357605],[-94.3990380421,47.6982556006],[-94.3996978792,47.6962028825],[-94.4021531419,47.6942278738],[-94.40712,47.69399],[-94.4071377839612,47.690717751139374],[-94.4082542848,47.6905418131],[-94.4105337874,47.6917185836],[-94.4117326926,47.6950007374],[-94.4106483121,47.6976486377],[-94.4085474456,47.6986662461],[-94.4143924878,47.699783773],[-94.4169966997,47.6984210335],[-94.41683299646228,47.69752990657051],[-94.41877,47.69749],[-94.41873,47.69387],[-94.42412,47.69385],[-94.4241795643916,47.69692465716595],[-94.4233700522,47.6976700957],[-94.42422122197881,47.69907498214472],[-94.42433,47.70469],[-94.4353812899,47.7048150766],[-94.4365690807,47.703290232],[-94.4358470134,47.6994549083],[-94.43682933389685,47.69743],[-94.44024,47.69743],[-94.44017,47.69381],[-94.43724520776186,47.69381823885138],[-94.4381901905,47.6925723816],[-94.4375807857,47.6923003613],[-94.42960970582233,47.69383974730754],[-94.42943,47.6902],[-94.42405,47.69022],[-94.42403708722578,47.689550380422844],[-94.4281651067,47.6866831717],[-94.4402837307,47.6867558824],[-94.43996,47.68297],[-94.44533,47.68296],[-94.4454,47.68657],[-94.44885653557986,47.68657965512732],[-94.4485977015,47.6892086717],[-94.4495365183,47.6895985347],[-94.4523034308,47.6886312656],[-94.4542740573,47.6890812021],[-94.4555119356,47.6906791599],[-94.4554930315,47.6925862289],[-94.4585443395,47.6915063603],[-94.4605301527,47.6918836636]]]},"properties":{"flat_pct":100}},{"type":"Feature","geometry":{"type":"Polygon","coordinates":[[[-94.48335,47.70471],[-94.48421449529026,47.701079321102206],[-94.49099652864008,47.70100793127747],[-94.48904443280098,47.704639362951895],[-94.48335,47.70471]]]},"properties":{"flat_pct":94}},{"type":"Feature","geometry":{"type":"Polygon","coordinates":[[[-94.45111,47.70834],[-94.44949628423097,47.70832791224143],[-94.4510848495177,47.70704295369855],[-94.45111,47.70834]]]},"properties":{}},{"type":"Feature","geometry":{"type":"Polygon","coordinates":[[[-94.4607763992,47.7141630481],[-94.45959705796646,47.71565391018792],[-94.45125,47.71569],[-94.45118,47.71202],[-94.46193,47.71203],[-94.46184,47.70842],[-94.464660082,47.709597283],[-94.4655100643442,47.708406423929674],[-94.47806,47.70836],[-94.47797464568606,47.705785144862965],[-94.47947989443864,47.70473146084415],[-94.48335,47.70471],[-94.48349138991234,47.70936301347913],[-94.4817220835,47.7110586352],[-94.47773236686474,47.71197156761011],[-94.46733,47.71201],[-94.46741041436229,47.714649053162695],[-94.4651901182,47.7134135316],[-94.4632881906,47.7147513329],[-94.4607763992,47.7141630481]]]},"properties":{"flat_pct":98}},{"type":"Feature","geometry":{"type":"Polygon","coordinates":[[[-94.4115140728,47.711307844],[-94.4108568062,47.7145758249],[-94.4078630454,47.7153189633],[-94.4016538891983,47.71228906680254],[-94.40168,47.70855],[-94.40863848240664,47.708524011270185],[-94.4115140728,47.711307844]]]},"properties":{"flat_pct":100}},{"type":"Feature","geometry":{"type":"Polygon","coordinates":[[[-94.38094828725654,46.98086322926766],[-94.38094,46.98654],[-94.37011902943067,46.98648873626284],[-94.37259,46.98464],[-94.37052,46.98364],[-94.37064,46.97965],[-94.38094828725654,46.98086322926766]]]},"properties":{"flat_pct":98}},{"type":"Feature","geometry":{"type":"Polygon","coordinates":[[[-94.3372443674,47.0036459753],[-94.337516472,47.0005840159],[-94.3304422145,47.000620569],[-94.32387300380086,47.003936507711536],[-94.32429435088875,47.009644290695526],[-94.31646774385517,47.00958304963893],[-94.31486949616054,47.006473251086625],[-94.31505,46.99843],[-94.30928,46.99855],[-94.309241388619,47.00040037618173],[-94.3068059715,46.9993965423],[-94.3058569699,46.997509344],[-94.30243800209777,46.9950667816853],[-94.30357,46.99512],[-94.30292178971374,46.98740040477264],[-94.3059237345,46.988321257],[-94.3075966258,46.9916793189],[-94.3184337615,46.9997999876],[-94.3294699164,46.9946681603],[-94.3408285846,46.9950777676],[-94.3497961435,46.9943238966],[-94.3521001852,46.9905509613],[-94.3576155759,46.9855008861],[-94.3605067328,46.9844290269],[-94.3615381146,46.9823511828],[-94.36129030273656,46.9796856118333],[-94.36527,46.97963],[-94.36488,46.9874],[-94.36641,46.98874],[-94.36541,46.9892],[-94.36587,46.98967],[-94.36268,46.98971],[-94.36033,46.98803],[-94.35933,46.98825],[-94.35657,46.99147],[-94.35737,46.99348],[-94.35346,46.99427],[-94.35348,46.99803],[-94.35470037406009,46.99783962164663],[-94.35409905,46.9986633593],[-94.3514709429,47.0001889764],[-94.344421619,47.000796878],[-94.3432382376,47.0048093243],[-94.3418159753,47.0062456326],[-94.338990354,47.006120733],[-94.3372443674,47.0036459753]]]},"properties":{"flat_pct":94}},{"type":"Feature","geometry":{"type":"Polygon","coordinates":[[[-94.2877904856,46.9943960223],[-94.28784,46.99056],[-94.29297,46.99077],[-94.29336,46.99464],[-94.2955475811,46.9952495531],[-94.29387,47.00267],[-94.28857120271716,47.001794211259906],[-94.2888145477,46.9967054191],[-94.2877904856,46.9943960223]]]},"properties":{"flat_pct":90}},{"type":"Feature","geometry":{"type":"Polygon","coordinates":[[[-94.2813278746,47.0006226343],[-94.28028059176262,47.00355723569365],[-94.27999,47.00155],[-94.27566,47.00149],[-94.2760687966875,47.00403135274059],[-94.2740366695,47.0044296966],[-94.27448552381597,47.005195124165645],[-94.27198,47.00516],[-94.27265026188637,47.01049387997715],[-94.2706346562312,47.01007934461856],[-94.2705769418,47.0125535412],[-94.2690495027,47.0147934128],[-94.2710486144,47.0166992951],[-94.2710864436,47.0209501294],[-94.2692408979,47.0227319492],[-94.2664508518,47.0222678598],[-94.2629876294784,47.019116180616585],[-94.26302,47.01613],[-94.26199242201339,47.01610846979457],[-94.2646258159,47.0107195086],[-94.2648631993813,47.005038397101366],[-94.26771,47.0051],[-94.26702,47.00137],[-94.26566351651334,47.00133378996853],[-94.26307344806396,46.996766132423154],[-94.2601560223,46.9980395144],[-94.2576860065,46.99666156],[-94.2574594665,46.9938422666],[-94.2598971561,46.9916752112],[-94.2597617408,46.9889377226],[-94.2584075548,46.9875630981],[-94.2580945015396,46.985938469634085],[-94.26303,46.9864],[-94.2643,46.99015],[-94.26894,46.99021],[-94.26782,46.98646],[-94.27268,46.98652],[-94.27358,46.99027],[-94.2746524728909,46.990279235503905],[-94.2706434328,46.9905599238],[-94.2680273869,46.9942462864],[-94.2707476634348,46.99770065441787],[-94.27097,46.99928],[-94.27541,46.99991],[-94.2757145953,46.9979902089],[-94.2800379186,46.9987231366],[-94.2813278746,47.0006226343]]]},"properties":{"flat_pct":92}},{"type":"Feature","geometry":{"type":"Polygon","coordinates":[[[-94.297284733,47.0109554178],[-94.2974123322221,47.01290667900647],[-94.2904,47.01286],[-94.2901449668919,47.01135859541198],[-94.29343713683495,47.00927965974924],[-94.2956514775,47.0093415546],[-94.297284733,47.0109554178]]]},"properties":{"flat_pct":100}},{"type":"Feature","geometry":{"type":"Polygon","coordinates":[[[-94.3305028765,47.0083900709],[-94.3326644295,47.0065659479],[-94.3353820268,47.0073497851],[-94.33313,47.00735],[-94.33326,47.00959],[-94.33631392516403,47.00954492361382],[-94.3365477073,47.0116255847],[-94.33862840016339,47.0123598986682],[-94.33855,47.01669],[-94.32189,47.01654],[-94.32154,47.01308],[-94.3307212185,47.0135058559],[-94.3305028765,47.0083900709]]]},"properties":{"flat_pct":98}},{"type":"Feature","geometry":{"type":"Polygon","coordinates":[[[-94.28173,47.01645],[-94.27725,47.01638],[-94.27707790396155,47.01318761848693],[-94.2806769057,47.0136004169],[-94.28173,47.01645]]]},"properties":{"flat_pct":91}},{"type":"Feature","geometry":{"type":"Polygon","coordinates":[[[-94.2719717982,47.0201214177],[-94.27274526187577,47.015528879415164],[-94.27276,47.01631],[-94.27725,47.01638],[-94.27744,47.0201],[-94.28339743646251,47.02020172783714],[-94.2831558888,47.0224825119],[-94.28150171744574,47.02388101329785],[-94.274607998,47.0230761658],[-94.2719717982,47.0201214177]]]},"properties":{"flat_pct":91}},{"type":"Feature","geometry":{"type":"Polygon","coordinates":[[[-94.3803439839,47.0212410577],[-94.3782203119,47.0234612802],[-94.3750038402,47.0227358808],[-94.37511229867884,47.01627842822773],[-94.3785923277,47.0166370933],[-94.3801952963,47.0188736088],[-94.3803439839,47.0212410577]]]},"properties":{"flat_pct":90}},{"type":"Feature","geometry":{"type":"Polygon","coordinates":[[[-94.28681,47.02026],[-94.28714,47.02398],[-94.28317754726379,47.02391043446741],[-94.28378507150269,47.02020834700538],[-94.28681,47.02026]]]},"properties":{"flat_pct":89}},{"type":"Feature","geometry":{"type":"Polygon","coordinates":[[[-94.3420370246,47.0174140663],[-94.3475973384,47.0229075918],[-94.34695897061154,47.027346843616016],[-94.33892501806102,47.02723763490943],[-94.3407843199,47.0268105585],[-94.33847210092807,47.02288730394396],[-94.33852606581617,47.01859409729157],[-94.3400156872,47.017416674],[-94.3420370246,47.0174140663]]]},"properties":{"flat_pct":98}},{"type":"Feature","geometry":{"type":"Polygon","coordinates":[[[-94.3097,47.02243],[-94.31086,47.02126],[-94.31052,47.02005],[-94.31167,47.02006],[-94.31128,47.01826],[-94.31521032987821,47.01828216351435],[-94.3162503979,47.0215898347],[-94.3142615348,47.0276884889],[-94.31278545604647,47.028368545702776],[-94.3126,47.02576],[-94.31361,47.02468],[-94.3117,47.02241],[-94.3097,47.02243]]]},"properties":{"flat_pct":100}},{"type":"Feature","geometry":{"type":"Polygon","coordinates":[[[-94.29471082436946,47.02739791214067],[-94.29346836559263,47.03097330154666],[-94.28822,47.03105],[-94.28768,47.02752],[-94.29471082436946,47.02739791214067]]]},"properties":{"flat_pct":100}},{"type":"Feature","geometry":{"type":"Polygon","coordinates":[[[-94.3477678429,47.0265250005],[-94.34936242003315,47.02256785163969],[-94.34932,47.02396],[-94.35498772249888,47.0227525904451],[-94.3546877832,47.0253660872],[-94.3565941454,47.0283473314],[-94.3555473273,47.0305537304],[-94.3554130664,47.0363038306],[-94.3537417025,47.0382499713],[-94.3514464218,47.0383113265],[-94.34980390843953,47.036778886870756],[-94.35101,47.03586],[-94.35079,47.03403],[-94.34790866191989,47.03180189123904],[-94.34936,47.03095],[-94.34932,47.0274],[-94.34803800908622,47.02737113716517],[-94.3477678429,47.0265250005]]]},"properties":{"flat_pct":94}},{"type":"Feature","geometry":{"type":"Polygon","coordinates":[[[-94.38595,47.02974],[-94.38880294634869,47.02976847251845],[-94.38571415316929,47.03352665189309],[-94.38595,47.02974]]]},"properties":{"flat_pct":100}},{"type":"Feature","geometry":{"type":"Polygon","coordinates":[[[-94.38400166921728,47.03408846442837],[-94.37724,47.03485],[-94.37399,47.03325],[-94.37506,47.03326],[-94.37607,47.03056],[-94.37888,47.03089],[-94.38400166921728,47.03408846442837]]]},"properties":{"flat_pct":100}},{"type":"Feature","geometry":{"type":"Polygon","coordinates":[[[-94.27857,47.03458],[-94.27889,47.03826],[-94.27564927900559,47.03821684792285],[-94.2760290757,47.0352248427],[-94.2793787445,47.0330463782],[-94.2789628062,47.032075056],[-94.2757034181,47.0337245102],[-94.27342686120538,47.0332921586439],[-94.27334,47.03084],[-94.27208050207011,47.0308220438177],[-94.2731468758,47.0284958704],[-94.27517123874891,47.027313974968926],[-94.27795,47.02736],[-94.27825,47.03091],[-94.28326,47.03098],[-94.28372,47.03468],[-94.27857,47.03458]]]},"properties":{"flat_pct":88}},{"type":"Feature","geometry":{"type":"Polygon","coordinates":[[[-94.29122502129661,47.03286291631172],[-94.2901659582,47.0345169936],[-94.28857,47.03476],[-94.2884,47.03291],[-94.29122502129661,47.03286291631172]]]},"properties":{}},{"type":"Feature","geometry":{"type":"Polygon","coordinates":[[[-94.3400994882,47.034457066],[-94.33950062550306,47.03760477738851],[-94.33409,47.03761],[-94.33394,47.03585],[-94.33197495109839,47.03586941747927],[-94.3338387836,47.0344054951],[-94.33443525597495,47.0305587297477],[-94.33873,47.03046],[-94.3388,47.03223],[-94.34286,47.03224],[-94.3400994882,47.034457066]]]},"properties":{"flat_pct":100}},{"type":"Feature","geometry":{"type":"Polygon","coordinates":[[[-94.36996114076577,47.03662352139645],[-94.36485280000242,47.03627319956277],[-94.36487,47.03316],[-94.36998,47.03321],[-94.36996114076577,47.03662352139645]]]},"properties":{"flat_pct":100}},{"type":"Feature","geometry":{"type":"Polygon","coordinates":[[[-94.3098588449,47.0354952855],[-94.31126962999481,47.03798167383731],[-94.30826,47.03804],[-94.30807106818035,47.03504994859345],[-94.3098588449,47.0354952855]]]},"properties":{"flat_pct":100}},{"type":"Feature","geometry":{"type":"Polygon","coordinates":[[[-94.36084,47.03702],[-94.36485,47.03678],[-94.36475,47.04045],[-94.3593732243087,47.04080612410423],[-94.3562645232,47.0376594492],[-94.3560848595,47.0351004178],[-94.35749530937412,47.03353223453129],[-94.35999704175407,47.0334071479123],[-94.3609226406645,47.033995351679145],[-94.36084,47.03702]]]},"properties":{"flat_pct":97}},{"type":"Feature","geometry":{"type":"Polygon","coordinates":[[[-94.372908002,47.0383931875],[-94.37089793583185,47.03683926814063],[-94.37502,47.03688],[-94.37503,47.04053],[-94.37347878611865,47.040517857425584],[-94.372908002,47.0383931875]]]},"properties":{"flat_pct":100}},{"type":"Feature","geometry":{"type":"Polygon","coordinates":[[[-94.3677413359,47.040593053],[-94.3665986873,47.042260436],[-94.36473657978145,47.04282537868369],[-94.36475,47.04045],[-94.3677413359,47.040593053]]]},"properties":{"flat_pct":100}},{"type":"Feature","geometry":{"type":"Polygon","coordinates":[[[-94.25763,47.0454],[-94.25767571109112,47.04255829383535],[-94.2584962362,47.0447702294],[-94.25763,47.0454]]]},"properties":{}},{"type":"Feature","geometry":{"type":"Polygon","coordinates":[[[-94.25963970698709,47.045417067575265],[-94.26246388291747,47.04354363841695],[-94.26234,47.04544],[-94.25963970698709,47.045417067575265]]]},"properties":{}},{"type":"Feature","geometry":{"type":"Polygon","coordinates":[[[-94.2800487248,47.045801838],[-94.28890877066017,47.045938627220195],[-94.28882,47.04945],[-94.27991545800239,47.04939812888157],[-94.2800487248,47.045801838]]]},"properties":{"flat_pct":71}},{"type":"Feature","geometry":{"type":"Polygon","coordinates":[[[-94.34161229531774,47.04868072830087],[-94.3430421581,47.0474980933],[-94.34414186652339,47.04729211172449],[-94.3441,47.04877],[-94.34161229531774,47.04868072830087]]]},"properties":{}},{"type":"Feature","geometry":{"type":"Polygon","coordinates":[[[-94.29357,47.05117],[-94.2943882786,47.0532316146],[-94.29362491709874,47.05512952281849],[-94.29357,47.05117]]]},"properties":{}},{"type":"Feature","geometry":{"type":"Polygon","coordinates":[[[-94.286001955,47.0535420713],[-94.28875,47.05313],[-94.28882624424695,47.05542579899155],[-94.2869425794,47.054648549],[-94.286001955,47.0535420713]]]},"properties":{}},{"type":"Feature","geometry":{"type":"Polygon","coordinates":[[[-94.2840085994,47.0598081975],[-94.28887274381407,47.05682595262366],[-94.28893,47.05855],[-94.2920962201,47.0588223214],[-94.2918150348,47.061372195],[-94.2896348224,47.0630548169],[-94.2913198793,47.0635099231],[-94.2950927422,47.0572247984],[-94.2957300597,47.0539273005],[-94.30287,47.05262],[-94.30298698321923,47.049773408332214],[-94.3050228159,47.0484485741],[-94.30538312856585,47.041746065435824],[-94.31138126207756,47.04159297171399],[-94.3110618434886,47.04866733794228],[-94.30785,47.04871],[-94.30775,47.05237],[-94.30962822871446,47.05234857533786],[-94.309174115,47.0540098046],[-94.30778107497468,47.05602313857916],[-94.303,47.05621],[-94.30307,47.05799],[-94.29837,47.0582],[-94.29859386036847,47.06376005769168],[-94.2938,47.06378],[-94.29391,47.06846],[-94.28473874786238,47.068371303170814],[-94.2842415047,47.0666249951],[-94.2850121651,47.0647135171],[-94.2834630025,47.0622241874],[-94.2840085994,47.0598081975]]]},"properties":{"flat_pct":93}},{"type":"Feature","geometry":{"type":"Polygon","coordinates":[[[-94.280335678,47.0663328351],[-94.2784,47.06636223863519],[-94.2784,47.0567],[-94.28197790886479,47.05671350154289],[-94.2822883056,47.0639449273],[-94.280335678,47.0663328351]]]},"properties":{"flat_pct":91}},{"type":"Feature","geometry":{"type":"Polygon","coordinates":[[[-94.26428636956982,47.06017959706971],[-94.26724665171767,47.06823928614095],[-94.26239,47.06823],[-94.2625,47.06378],[-94.25907176370454,47.063747287821606],[-94.2597510508,47.0611307596],[-94.2605792053841,47.06014779108528],[-94.26428636956982,47.06017959706971]]]},"properties":{"flat_pct":100}},{"type":"Feature","geometry":{"type":"Polygon","coordinates":[[[-94.3828093594,47.2315884778],[-94.3837262793,47.2341166269],[-94.3858995873,47.2347480037],[-94.386978185,47.2364575179],[-94.3865819139,47.2387191649],[-94.3847024821,47.240038185],[-94.3813381906,47.2397923443],[-94.3782136411,47.2380746124],[-94.377165822,47.2363260348],[-94.3771089211913,47.23381805479516],[-94.38286,47.23373],[-94.3828093594,47.2315884778]]]},"properties":{"flat_pct":100}},{"type":"Feature","geometry":{"type":"Polygon","coordinates":[[[-94.3630890189,47.265727882],[-94.3733154139,47.2639401076],[-94.3772820947,47.2656702808],[-94.3889057072,47.2659599835],[-94.3919967111,47.2687790023],[-94.39316138387669,47.27426404256303],[-94.39188,47.27425],[-94.39158828657926,47.27845650752691],[-94.3903582897,47.2786561615],[-94.3869373524,47.2762864113],[-94.3864265278,47.2721546161],[-94.3764194675,47.2716189462],[-94.3726112116,47.2701097117],[-94.3635978582,47.2713541837],[-94.3613525343,47.2685732852],[-94.3630890189,47.265727882]]]},"properties":{"flat_pct":100}},{"type":"Feature","geometry":{"type":"Polygon","coordinates":[[[-94.3127280466,47.297148243],[-94.3104967049,47.299940373],[-94.3052459236,47.2994615524],[-94.3001326107,47.3004599148],[-94.2980047281,47.2995972482],[-94.2971100852,47.2974826107],[-94.29772005437565,47.2956519327307],[-94.3125543515998,47.29603393180085],[-94.3127280466,47.297148243]]]},"properties":{"flat_pct":100}},{"type":"Feature","geometry":{"type":"Polygon","coordinates":[[[-94.258743897,47.3159360016],[-94.25215063078487,47.30713767411247],[-94.25325,47.29631],[-94.25537719815864,47.29628582729365],[-94.2570290786,47.2978308598],[-94.25797,47.30704],[-94.25939194783027,47.30701857705717],[-94.2630288799,47.3126106444],[-94.2626301946,47.3148718671],[-94.2610333092,47.3161111285],[-94.258743897,47.3159360016]]]},"properties":{"flat_pct":100}},{"type":"Feature","geometry":{"type":"Polygon","coordinates":[[[-94.288448258,47.3074916516],[-94.29003204663503,47.30540772282471],[-94.28968,47.31021],[-94.28790358104,47.31022343227947],[-94.288448258,47.3074916516]]]},"properties":{"flat_pct":100}},{"type":"Feature","geometry":{"type":"Polygon","coordinates":[[[-94.3678218685,47.316306965],[-94.367142124,47.3195703445],[-94.3628451829,47.3206556863],[-94.3607951457,47.3228859807],[-94.3584992519,47.3229167972],[-94.3568540193,47.3213151457],[-94.3569454943,47.3187514465],[-94.3596633458,47.3154861407],[-94.3653609353,47.314447216],[-94.3678218685,47.316306965]]]},"properties":{"flat_pct":100}},{"type":"Feature","geometry":{"type":"Polygon","coordinates":[[[-94.297750973,47.3216961248],[-94.2940491933291,47.32098958842595],[-94.29885722108486,47.320959234715374],[-94.297750973,47.3216961248]]]},"properties":{}},{"type":"Feature","geometry":{"type":"Polygon","coordinates":[[[-94.4054592091,47.3248499135],[-94.40611,47.32779],[-94.40073,47.32782],[-94.40074964959953,47.32900552583858],[-94.3854572647,47.3276962388],[-94.3701073251,47.3283205609],[-94.3616894285,47.330296219],[-94.3596148831,47.3293121767],[-94.35884345,47.3274438344],[-94.3605603843,47.3245865919],[-94.3694843178,47.3223045786],[-94.3962795868,47.3222642477],[-94.402675682,47.3232467355],[-94.4054592091,47.3248499135]]]},"properties":{"flat_pct":100}},{"type":"Feature","geometry":{"type":"Polygon","coordinates":[[[-94.26788,47.34689],[-94.26252,47.34693],[-94.26254896158004,47.34352218741555],[-94.26789315611897,47.34534196333493],[-94.26788,47.34689]]]},"properties":{"flat_pct":100}},{"type":"Feature","geometry":{"type":"Polygon","coordinates":[[[-94.2766782654,47.3445424053],[-94.2795755378,47.3434837877],[-94.2825238738673,47.34541477710687],[-94.28252,47.34679],[-94.28385,47.34678],[-94.28382,47.35033],[-94.27909260509301,47.35035665824196],[-94.2771224053,47.3487617346],[-94.2760264836,47.3467440544],[-94.2766782654,47.3445424053]]]},"properties":{"flat_pct":100}},{"type":"Feature","geometry":{"type":"Polygon","coordinates":[[[-94.3487106707,47.3555673623],[-94.3408407328,47.3518354423],[-94.33961256194694,47.34996722630141],[-94.34253,47.34989],[-94.34253979829633,47.34637241161809],[-94.3460480471,47.347127375],[-94.3509731698,47.3498824817],[-94.3590120935,47.351250203],[-94.3607665773,47.3543641494],[-94.3588631785,47.3567914796],[-94.3541774133,47.3571942017],[-94.3487106707,47.3555673623]]]},"properties":{"flat_pct":100}},{"type":"Feature","geometry":{"type":"Polygon","coordinates":[[[-94.3118999466,47.3550895197],[-94.30925807579055,47.35404467748261],[-94.31387444576961,47.35407057980793],[-94.3118999466,47.3550895197]]]},"properties":{}},{"type":"Feature","geometry":{"type":"Polygon","coordinates":[[[-94.3075033515,47.3566097343],[-94.31149615604889,47.3576547047043],[-94.30570199045694,47.35763300370958],[-94.3075033515,47.3566097343]]]},"properties":{}},{"type":"Feature","geometry":{"type":"Polygon","coordinates":[[[-94.3927833833,47.421933525],[-94.3967520286,47.4192568964],[-94.3929911511,47.417620366],[-94.3904005122,47.4142883085],[-94.3809292741,47.4153217671],[-94.3827435331,47.4173949303],[-94.3822310822,47.4199085561],[-94.3799629278,47.4211070536],[-94.3769795603,47.4201594264],[-94.3747280758,47.4170579813],[-94.3745951491,47.41250558],[-94.3769643579,47.4101718654],[-94.382402088,47.4092203208],[-94.3791546735,47.4071870394],[-94.374284503,47.4014327933],[-94.3645317674,47.3954921685],[-94.3644286127,47.4041730305],[-94.3718810976,47.4187450573],[-94.37213541897337,47.42109297123458],[-94.36613192908176,47.42105231554683],[-94.3633155035,47.4151589359],[-94.358400243,47.4169372237],[-94.3524555659,47.4169999948],[-94.350332619,47.4161252523],[-94.3494625956,47.413739199],[-94.3468252844,47.4144420873],[-94.344082871,47.4124385871],[-94.3434185665,47.4150015015],[-94.34100938358829,47.41618833009233],[-94.34103,47.41368],[-94.3317,47.41362],[-94.33172,47.41453],[-94.33032,47.41455],[-94.33033,47.41361],[-94.32475818410259,47.4135813999184],[-94.3237787693,47.410709258],[-94.325468968,47.4084725605],[-94.3354700636,47.4090126495],[-94.3353855344,47.4056491751],[-94.3428319476,47.3983033555],[-94.342581041,47.397302589],[-94.3417282911,47.3965949157],[-94.3415327327,47.3984678093],[-94.3393819954,47.4012037137],[-94.3354548831,47.4022962614],[-94.333081614,47.3996237216],[-94.3335926432,47.3976680475],[-94.3353867504,47.3964011743],[-94.3345594441,47.3949895827],[-94.3289560519,47.3942740512],[-94.3218074231,47.390676186],[-94.3178253007,47.3901863218],[-94.31229439945899,47.39108453834485],[-94.311382337,47.3902823909],[-94.30988,47.39108],[-94.31005989207581,47.3843888923019],[-94.3124209688,47.3858080397],[-94.3156237449,47.3846031899],[-94.3185256569,47.3808494729],[-94.3185776695,47.379364514],[-94.31022439649547,47.37827013035102],[-94.31029,47.37583],[-94.29926518390087,47.3763791813748],[-94.2963347449,47.3748470229],[-94.28890930807209,47.374978758947584],[-94.28893,47.37372],[-94.28403269090467,47.373275206945465],[-94.2838828657,47.3719193599],[-94.27825,47.37275],[-94.27825,47.36926],[-94.28899,47.37025],[-94.28903222273466,47.36887474521374],[-94.2915266935,47.36847501],[-94.29435034117878,47.36891548803579],[-94.29434,47.36981],[-94.30504,47.36891],[-94.305,47.36507],[-94.31275707742695,47.36500829185014],[-94.3143527261,47.3672823792],[-94.3198499201,47.3683717656],[-94.32896673547576,47.367982504120455],[-94.32866,47.36917],[-94.33076,47.37068],[-94.3338458222,47.3699820599],[-94.33866089179924,47.3645752833023],[-94.34771,47.36431],[-94.34761402287947,47.368775935390225],[-94.3422282315,47.3694571558],[-94.3395167968,47.3724049136],[-94.3429273024,47.3738525853],[-94.3464935495,47.3738230898],[-94.34747902228754,47.37505768168272],[-94.3469723659,47.3782429364],[-94.34590644049217,47.37923056021458],[-94.34205,47.37931],[-94.34196,47.38258],[-94.3401653465624,47.383928267557174],[-94.3336000574,47.37750631],[-94.3330352021,47.3816971048],[-94.3365134586,47.3893103924],[-94.34177,47.39074],[-94.35246,47.39036],[-94.35248037098572,47.3896655345777],[-94.3545666953,47.3892374719],[-94.3585977849,47.3899008872],[-94.3586699484,47.383828057],[-94.3538348376,47.3757991865],[-94.35292250448387,47.36788208435686],[-94.35297757237589,47.3644831716875],[-94.3557256212,47.3590574876],[-94.3585383429,47.3587602802],[-94.3602745656,47.3606487853],[-94.3587478823,47.3662203698],[-94.3595911691,47.3727452433],[-94.3644827703,47.3684163022],[-94.3804268724,47.3682740901],[-94.3874924097,47.3661744823],[-94.3876506153,47.3649633017],[-94.3831894294,47.3630114489],[-94.3819399367,47.3610850933],[-94.3822637667,47.3590898625],[-94.3838263078,47.3577370528],[-94.3827982499,47.3549607326],[-94.3824963992,47.3455041572],[-94.3842537224,47.3429662394],[-94.3768982931,47.3436616143],[-94.3721508366,47.3469489021],[-94.3604806007,47.3453161164],[-94.3603361355,47.3481540104],[-94.3579035561,47.3495970257],[-94.351694149,47.3484689277],[-94.3504183445,47.3468717662],[-94.350218477,47.3444888594],[-94.3297273711,47.3433916901],[-94.3278234962,47.3409647333],[-94.3284303175,47.3387502704],[-94.3304514158,47.3376115011],[-94.3291993809,47.3356755539],[-94.3289598987,47.3290351463],[-94.3277229,47.3267077128],[-94.3251498214,47.3257761788],[-94.3191302888,47.3273238259],[-94.32080503685806,47.32886557703134],[-94.32078,47.33187],[-94.32328648444057,47.331847580640066],[-94.3237480027,47.3330530104],[-94.3230190704,47.3362856176],[-94.3211624772,47.3376365949],[-94.319990857747,47.33768298902663],[-94.31536,47.33192],[-94.3100813759,47.3312659183],[-94.3058399359,47.3261514945],[-94.30587,47.32088],[-94.30142039309335,47.320936121168195],[-94.30031274711797,47.31964327242152],[-94.30065,47.30656],[-94.30594,47.3065],[-94.30601325492876,47.30582567898921],[-94.3084185056,47.3065703198],[-94.3100300589,47.3088946759],[-94.3090176062,47.3115026657],[-94.3100326769,47.3115756838],[-94.3131466326,47.3080500398],[-94.3189408759,47.3071470217],[-94.3447542314,47.3077532109],[-94.3445976044,47.2958276838],[-94.3456054652,47.2940755341],[-94.3474961041,47.2933604842],[-94.3494112106,47.2940071517],[-94.3504813664,47.2957219632],[-94.3507589198,47.3079602428],[-94.3602190014,47.308437556],[-94.3678075739,47.3072415872],[-94.3700897046,47.3084132527],[-94.3706844107,47.3106309999],[-94.3692946992,47.3127872983],[-94.3608792623,47.3144098349],[-94.3442905818,47.3137621436],[-94.3433949256,47.3159477089],[-94.341275103,47.3168299957],[-94.3393707676,47.3161522653],[-94.3378125986,47.3138743705],[-94.3289995637,47.3129734579],[-94.30567,47.31369],[-94.30578,47.31735],[-94.31084459253707,47.320838169227784],[-94.31076,47.32474],[-94.31602,47.3247],[-94.31603492191873,47.32192452311544],[-94.3248462895,47.3196745073],[-94.3314167693,47.3217339907],[-94.33186,47.32459],[-94.33338446915306,47.3245755363458],[-94.3348026281,47.3273525813],[-94.3350890817,47.3337922291],[-94.33728174469013,47.33619266450369],[-94.33732,47.33897],[-94.34258,47.33894],[-94.34256497827046,47.337852426781566],[-94.3501553197,47.3384643044],[-94.351218695,47.3365176607],[-94.3531194737,47.3358300185],[-94.3552438641,47.3367012495],[-94.3561304254,47.3389459736],[-94.3607771505,47.3393205584],[-94.3625031411,47.335867617],[-94.3666782549,47.3334190534],[-94.374614981,47.3309109381],[-94.3772995727,47.3324300911],[-94.3770558978,47.3357545942],[-94.3669005374,47.3402379202],[-94.3712574787,47.3407927576],[-94.3736253708,47.3379127305],[-94.3824139735,47.3364836593],[-94.3874822469,47.3381496602],[-94.3882187108,47.340032061],[-94.387584773,47.3419649773],[-94.3893585364,47.3429216112],[-94.3901267903,47.3447912629],[-94.3885506104,47.3475682777],[-94.3888601772,47.3542694624],[-94.393790105,47.3583812268],[-94.3942684475,47.3550020681],[-94.3977811023,47.3543416652],[-94.40085983231987,47.35654789938106],[-94.40086287128844,47.359848219236454],[-94.3975948927,47.361100502],[-94.396006439,47.3664026697],[-94.39334530148588,47.36769090882062],[-94.39025,47.36772],[-94.39016,47.37144],[-94.38484,47.37146],[-94.38481128003622,47.3727882983246],[-94.3815937065,47.3742513822],[-94.3664179498,47.3743435577],[-94.3645824697,47.3774497838],[-94.3624041221,47.378433401],[-94.3645725442,47.382204269],[-94.36462695,47.387482188],[-94.3687627705,47.3858341129],[-94.3776274641,47.3857925929],[-94.3854235201,47.3843702121],[-94.3842087118,47.3786884616],[-94.38511979475548,47.37516],[-94.39007,47.37516],[-94.3899,47.3826],[-94.39519,47.38265],[-94.3952636417126,47.379895799948976],[-94.3974088245,47.3799615365],[-94.4032781778,47.3839046852],[-94.40560566875295,47.390882244699434],[-94.40542164343961,47.39770365758608],[-94.3997448467,47.3937678955],[-94.3980872385,47.3872932508],[-94.3965066408,47.3860645598],[-94.38979,47.38627],[-94.38957,47.39361],[-94.3956221721,47.393828482],[-94.3976534277,47.3964715293],[-94.3976288322353,47.3970913296077],[-94.39476,47.39707],[-94.39466754825817,47.3997097405234],[-94.3915744546,47.4002228129],[-94.3909357094,47.4069235339],[-94.3967418875,47.4127854836],[-94.4023294764,47.4156362316],[-94.4057148116,47.4162221909],[-94.4075794686,47.4190916352],[-94.4081060031,47.4228930493],[-94.40683730629404,47.424626014343545],[-94.40470898054419,47.42506758776504],[-94.4029499852,47.4240828996],[-94.4021062714,47.4220021736],[-94.4002032953,47.421552101],[-94.39887616849163,47.4247716766065],[-94.39115155580379,47.42479593732474],[-94.3927833833,47.421933525]],[[-94.3831662218,47.4027074292],[-94.3851964579,47.4039028384],[-94.3861942635,47.3904114146],[-94.3705938614,47.3919442458],[-94.3782101698,47.3967642667],[-94.3831662218,47.4027074292]],[[-94.3280273068,47.3851704147],[-94.3275317665,47.3865761536],[-94.3290852392,47.387476766],[-94.3280273068,47.3851704147]],[[-94.3244906326,47.3819544627],[-94.3270950864,47.3827260747],[-94.3280650108,47.3739589886],[-94.3242356217,47.37462293],[-94.3244906326,47.3819544627]],[[-94.3060348485,47.3722077767],[-94.311062312,47.3723055051],[-94.3013176084,47.3693290705],[-94.3019198807,47.3709965631],[-94.3060348485,47.3722077767]],[[-94.3520119622,47.3982532445],[-94.3500223019,47.3996051675],[-94.3500768499,47.4025844124],[-94.3514406031,47.4029640439],[-94.3514763915,47.400669353],[-94.3528567703,47.3991927467],[-94.3584857857,47.3993260594],[-94.3585252526,47.3960047594],[-94.3549093464,47.3952830362],[-94.3523485962,47.3958278767],[-94.3520119622,47.3982532445]],[[-94.344014928,47.4063900885],[-94.3436448405,47.4056439013],[-94.3430354674,47.4062759766],[-94.344014928,47.4063900885]],[[-94.3486374316,47.4084118545],[-94.3504455657,47.411772707],[-94.3569750429,47.4109915996],[-94.3604318121,47.409530481],[-94.3566488718,47.4098243483],[-94.3547031908,47.4086490424],[-94.3519889081,47.4099925642],[-94.3486374316,47.4084118545]]]},"properties":{"flat_pct":100}},{"type":"Feature","geometry":{"type":"Polygon","coordinates":[[[-94.2954693543,47.3543722384],[-94.2943444707,47.3596908015],[-94.29562198251966,47.361169144932454],[-94.29444,47.36116],[-94.29436389066144,47.36774345778545],[-94.28921504805176,47.36291986345723],[-94.2890345631971,47.35467332404174],[-94.29045494019152,47.35209141197885],[-94.29425,47.35212],[-94.29423,47.35392],[-94.2954693543,47.3543722384]]]},"properties":{"flat_pct":100}},{"type":"Feature","geometry":{"type":"Polygon","coordinates":[[[-94.2555094778,47.3612028318],[-94.2600764561,47.3600300517],[-94.2606064156,47.3575493465],[-94.26246070918742,47.35607072803677],[-94.2624,47.36474],[-94.25333457800137,47.36480803318573],[-94.2536678955,47.3625826702],[-94.2555094778,47.3612028318]]]},"properties":{"flat_pct":100}},{"type":"Feature","geometry":{"type":"Polygon","coordinates":[[[-94.2995183855,47.3822556184],[-94.2991510587,47.3841798095],[-94.30237704291164,47.38701506831446],[-94.29938,47.38697],[-94.29935,47.388],[-94.3008,47.38906],[-94.29889846355313,47.39093488241809],[-94.2934758124,47.3875784292],[-94.2923718892,47.3845435504],[-94.2955448616,47.3798633948],[-94.2980973423,47.3801198382],[-94.2995183855,47.3822556184]]]},"properties":{"flat_pct":100}},{"type":"Feature","geometry":{"type":"Polygon","coordinates":[[[-94.308233552073,47.398924595322136],[-94.30958,47.39895],[-94.30948552358996,47.400961791790266],[-94.3086742006,47.4001187456],[-94.308233552073,47.398924595322136]]]},"properties":{}},{"type":"Feature","geometry":{"type":"Polygon","coordinates":[[[-94.3872874739,47.4210979486],[-94.39087239489527,47.424796814086385],[-94.38349,47.42482],[-94.3835189643,47.4225241419],[-94.3852671001,47.421035485],[-94.3872874739,47.4210979486]]]},"properties":{"flat_pct":100}},{"type":"Feature","geometry":{"type":"Polygon","coordinates":[[[-94.38856193408897,47.428957183652585],[-94.38415662435398,47.42976754959646],[-94.3843,47.42847],[-94.38636,47.42786],[-94.38856193408897,47.428957183652585]]]},"properties":{"flat_pct":100}},{"type":"Feature","geometry":{"type":"Polygon","coordinates":[[[-94.4361215079,47.4555604043],[-94.4405302222,47.4523158682],[-94.44539,47.45026],[-94.44962,47.45034],[-94.45343,47.44924],[-94.45605968332706,47.451189947950084],[-94.4547673998,47.45401046],[-94.448475309,47.4550393172],[-94.4437439076,47.4574587497],[-94.4373982845,47.4633325174],[-94.4188749906,47.4697652228],[-94.4189510286,47.4768826983],[-94.43126160116971,47.48083079162414],[-94.42623,47.48135],[-94.42617,47.48495],[-94.42088225209443,47.48363463049032],[-94.42093,47.48186],[-94.41566,47.48236],[-94.41576,47.47515],[-94.40922,47.47522],[-94.40928,47.47164],[-94.40395,47.47169],[-94.40389,47.47526],[-94.4053472113844,47.47524906407967],[-94.4027097288,47.4761190191],[-94.3940402355,47.4765212338],[-94.3885929821,47.4784454537],[-94.37725649633136,47.47656883310265],[-94.37728,47.47535],[-94.36661,47.47532],[-94.3663885357,47.4763209609],[-94.361339343391,47.47253503986219],[-94.36136,47.47159],[-94.36020849198738,47.471573857364305],[-94.3561074267,47.4654366201],[-94.35068402265505,47.46708988811018],[-94.3507,47.46419],[-94.34014,47.46415],[-94.34016780045945,47.462159487103065],[-94.34138618443016,47.461962010765255],[-94.34018469916384,47.46094953986931],[-94.34024,47.45699],[-94.34493338789218,47.457025288630774],[-94.34549,47.4606],[-94.3510774245,47.4610814867],[-94.35143126135165,47.45707310278434],[-94.35621,47.4571],[-94.35624694271024,47.45487728026666],[-94.3574134364,47.4575517506],[-94.35892820934401,47.457403243481494],[-94.3620817221018,47.45608369704416],[-94.3640379461,47.4526669062],[-94.3624148769,47.4486987037],[-94.3527966264,47.4395431864],[-94.3508628871,47.4309760441],[-94.3410231131,47.4282794414],[-94.3349916802,47.4278505395],[-94.32498639886188,47.42884869885056],[-94.31433,47.42806],[-94.31431063457548,47.42454033409337],[-94.3172567892,47.4215956106],[-94.3198050084,47.4209229842],[-94.31962,47.41757],[-94.3259,47.41724],[-94.32816937501413,47.41759687752238],[-94.3283350261,47.4185279182],[-94.3356063875,47.4218791008],[-94.34227,47.42313],[-94.342517934,47.4224336556],[-94.34901,47.42534],[-94.36550709674339,47.42571399248342],[-94.36491,47.42714],[-94.36746514313865,47.4277207143497],[-94.36744776653929,47.43172199329454],[-94.36498663951642,47.439131479998196],[-94.36191,47.43912],[-94.36181,47.44273],[-94.36482887340404,47.442746833866565],[-94.3672691695,47.4451117202],[-94.369484051,47.4492298657],[-94.3700584974,47.4545742744],[-94.3732443039,47.4548501018],[-94.3700517732,47.4505407842],[-94.3706689627,47.4483291886],[-94.3723790358,47.4472514772],[-94.3763779262,47.4481401079],[-94.3783916273,47.4516025089],[-94.3830547509,47.454315494],[-94.38831922568923,47.452493996794956],[-94.3883,47.45348],[-94.39364,47.45345],[-94.39368347961717,47.45084484627157],[-94.3950173567,47.450500726],[-94.40980210075242,47.448717370404864],[-94.40977,47.44998],[-94.41594,47.45001],[-94.4157,47.44534],[-94.41669,47.44488],[-94.4168,47.44296],[-94.41993747752667,47.44263919452692],[-94.4185771281,47.4439446912],[-94.4190198796,47.4472609284],[-94.42253249119958,47.44308561227691],[-94.42682,47.44443],[-94.42678963906782,47.44750024926737],[-94.4212813936,47.4534127035],[-94.419061211,47.4542557205],[-94.4189496979,47.4635431663],[-94.4235977725,47.4621295003],[-94.4293288036,47.4564317109],[-94.4325852323,47.4560692381],[-94.4346366549,47.4579436945],[-94.4361215079,47.4555604043]],[[-94.38820845235443,47.45904083574578],[-94.3849546151,47.4602149139],[-94.3657082905,47.461114777],[-94.3636482226,47.461935764],[-94.3628274859,47.4641347368],[-94.3647403603,47.4675668901],[-94.368339778,47.4704975225],[-94.3757457749,47.4702257576],[-94.3881283426,47.4724083912],[-94.3928334593,47.4704827224],[-94.401386265,47.4702375903],[-94.4054801616,47.4690120114],[-94.4128611902,47.4708785809],[-94.4130554329,47.4547009376],[-94.40428540984708,47.45566540939953],[-94.40434,47.4535],[-94.39899,47.45348],[-94.39893829561419,47.45623669736159],[-94.38823,47.45708],[-94.38820845235443,47.45904083574578]],[[-94.3226723842,47.4219612419],[-94.3219114684,47.4217628369],[-94.3224895489,47.4225396663],[-94.3226723842,47.4219612419]],[[-94.3588671076,47.4371909755],[-94.35951425040952,47.4355006501881],[-94.36202,47.43551],[-94.36222,47.42832],[-94.35689,47.42829],[-94.35666,47.43549],[-94.35793668463675,47.43549476374864],[-94.3588671076,47.4371909755]]]},"properties":{"flat_pct":100}},{"type":"Feature","geometry":{"type":"Polygon","coordinates":[[[-94.3317241654,47.4519913086],[-94.3336894717,47.4508040222],[-94.3356733333,47.4511914561],[-94.34033193321217,47.453981276692645],[-94.34024,47.45699],[-94.33498,47.45696],[-94.3349609494834,47.45809985590975],[-94.3314325177,47.4550621066],[-94.3317241654,47.4519913086]]]},"properties":{"flat_pct":100}},{"type":"Feature","geometry":{"type":"Polygon","coordinates":[[[-94.31903979152196,47.46565813064359],[-94.3226407473,47.4669989322],[-94.3242654327113,47.46665338341988],[-94.32411471644492,47.47281964457896],[-94.3217512469,47.4730716611],[-94.3188812452271,47.471921855460934],[-94.3189,47.47118],[-94.3145431692,47.4704519818],[-94.3080642941,47.4706599244],[-94.3057031074,47.4688220483],[-94.3046679626,47.4642615692],[-94.3054856948,47.4624130223],[-94.3071217037847,47.46153226327266],[-94.30874,47.46215],[-94.30852,47.46748],[-94.31899,47.4676],[-94.31903979152196,47.46565813064359]]]},"properties":{"flat_pct":97}},{"type":"Feature","geometry":{"type":"Polygon","coordinates":[[[-94.33482483843288,47.46576331150541],[-94.3364058909,47.4664682252],[-94.33715601298552,47.46413869701888],[-94.34014,47.46415],[-94.34009,47.46777],[-94.34308163966428,47.467784124833166],[-94.3422442367,47.4679004308],[-94.3401171607,47.4723442417],[-94.33976684116844,47.478608301556],[-94.33455,47.47853],[-94.33482483843288,47.46576331150541]]]},"properties":{"flat_pct":96}},{"type":"Feature","geometry":{"type":"Polygon","coordinates":[[[-94.29727075454167,47.492555953736016],[-94.2923,47.49259],[-94.29231,47.48535],[-94.29034903183036,47.48536102700002],[-94.2895103196,47.4835186179],[-94.2911262058,47.4806030374],[-94.29242867945501,47.480274310385205],[-94.29239,47.4818],[-94.29562428577728,47.4817814830967],[-94.29759874215851,47.483157066716],[-94.29755,47.48532],[-94.29872219946967,47.48531105191245],[-94.2989203159,47.4895237243],[-94.29727075454167,47.492555953736016]]]},"properties":{"flat_pct":100}},{"type":"Feature","geometry":{"type":"Polygon","coordinates":[[[-94.4630257748,47.4969485439],[-94.46556076358533,47.49933154275939],[-94.46351,47.49932],[-94.4635,47.50662],[-94.46886,47.50659],[-94.46887,47.51018],[-94.45960543643747,47.51024799679679],[-94.4580528317799,47.505720818461725],[-94.45817,47.4993],[-94.4530147578,47.4985959837],[-94.4449329294,47.4923936805],[-94.4440041345,47.4899191265],[-94.4454101527,47.4868584566],[-94.4421700805,47.4894624645],[-94.4427010047,47.4926070622],[-94.4413568022,47.4952139333],[-94.4342137124,47.4974640735],[-94.43096440437519,47.49943012128469],[-94.43669113196891,47.50172375743991],[-94.43657,47.51401],[-94.43549,47.51403],[-94.43548,47.51506],[-94.43657,47.51505],[-94.43653513625125,47.520488744805505],[-94.4311,47.52134],[-94.43106,47.52495],[-94.42561,47.52496],[-94.42555,47.52854],[-94.4214558297329,47.52853251522804],[-94.4211410174,47.5246155111],[-94.4222053016,47.5226624425],[-94.42021077477193,47.52233127581],[-94.4203377362833,47.51631330017127],[-94.4284816818,47.5182965464],[-94.4299172624,47.5164063734],[-94.4338282792,47.5150622647],[-94.433557285,47.5068876003],[-94.4323028001,47.5063126281],[-94.4264625658,47.5054649489],[-94.4224209409,47.5079172967],[-94.417029573,47.5093422489],[-94.4137778819,47.5081039536],[-94.4045565331,47.5111880998],[-94.4064705948,47.5120404628],[-94.4092821814,47.5106514155],[-94.4183556507,47.5109890842],[-94.4202014409,47.5123547842],[-94.4205409158,47.5146256507],[-94.4151,47.51452],[-94.4150718503165,47.51703235925255],[-94.4116963905,47.5171847363],[-94.4096547712,47.5197838116],[-94.40938080800532,47.522074646470195],[-94.40278,47.52256],[-94.4027,47.51896],[-94.39741,47.51944],[-94.39746387592105,47.52188461991773],[-94.3949199207,47.5197991277],[-94.3943440143,47.5204301913],[-94.3962469759826,47.52319006481986],[-94.39221,47.52358],[-94.39225608757418,47.52605165953332],[-94.3885617849,47.5243244059],[-94.3875275299,47.5203824206],[-94.39212,47.51992],[-94.3927581741,47.5121015366],[-94.390788881,47.5110449351],[-94.3784106718,47.5120078955],[-94.3743783987,47.5210676304],[-94.3711155559,47.5228581424],[-94.3687593685,47.5218435972],[-94.3680159482,47.5196711783],[-94.37084,47.51932],[-94.37082,47.51568],[-94.36984432760414,47.51565049005986],[-94.3717781689,47.5120936422],[-94.3676772167,47.5120456759],[-94.36558847281827,47.51376581545199],[-94.36321,47.51263],[-94.36037615684668,47.5131249520576],[-94.3602854963,47.5107492272],[-94.3456083521,47.5119380427],[-94.3346666021,47.5112548181],[-94.33167,47.51244],[-94.33221,47.5153],[-94.33359157495364,47.51579841628075],[-94.3314914844,47.5168474968],[-94.3302060219,47.5191142779],[-94.33378450265373,47.51941029100237],[-94.33378,47.52231],[-94.33906,47.52232],[-94.3383390746,47.5256772804],[-94.3401453938,47.5271209085],[-94.340013700749,47.5259636366066],[-94.34435,47.52598],[-94.34434,47.52963],[-94.35970086619379,47.529919281849224],[-94.3592049037,47.5321322989],[-94.36026667672063,47.53233937754367],[-94.36026,47.53718],[-94.36558,47.5373],[-94.36557387086748,47.54146781011331],[-94.3648690953,47.5414858624],[-94.3506863881,47.5376288969],[-94.3427152179,47.5340135592],[-94.3390727545,47.5336549817],[-94.3336775289,47.5298008278],[-94.330882696,47.5295285542],[-94.32826557619694,47.533225175203754],[-94.31910016062471,47.53322958165355],[-94.32002097738045,47.53114082988007],[-94.3190709637,47.5244500887],[-94.3205473348,47.521067741],[-94.3177138968,47.5200460928],[-94.3097200504,47.520449933],[-94.3075353006,47.5197116804],[-94.3055651988,47.521459923],[-94.2988869480012,47.52195533513793],[-94.2975501703,47.5194919621],[-94.2987981561,47.5170279658],[-94.29736032730703,47.51723623554277],[-94.29731,47.51463],[-94.28419464681855,47.514260194222395],[-94.2855925011,47.5116407093],[-94.2912818287,47.5093514578],[-94.2963006215,47.5113299741],[-94.2995327606,47.5109245178],[-94.3044735597,47.5120486222],[-94.3064544791,47.5109709397],[-94.2945910925,47.5049289022],[-94.288626231,47.5050054837],[-94.2835530281,47.5031382414],[-94.2822030337,47.5012809334],[-94.28311824777211,47.498346256327366],[-94.2821234804859,47.49800327180484],[-94.28206,47.49626],[-94.27875471280534,47.49627237935279],[-94.27667606051654,47.49514385049895],[-94.27658,47.49266],[-94.27248150189139,47.49267013643391],[-94.2692947686,47.4907907809],[-94.2666197194,47.4904330945],[-94.2649034854,47.4875754313],[-94.266614951,47.4850091608],[-94.2703245687,47.4848334854],[-94.27641021956468,47.4880213916011],[-94.27645,47.48905],[-94.28708,47.48901],[-94.28729,47.49624],[-94.29069945136243,47.49621598977914],[-94.2938057655,47.4989415844],[-94.29646657200173,47.4992280772926],[-94.29718067942822,47.497797578868656],[-94.29709,47.50079],[-94.30395183573677,47.50087805909633],[-94.30442540779318,47.50318503166679],[-94.3072579610004,47.504754061040515],[-94.30729,47.50799],[-94.31789,47.50791],[-94.31787,47.50424],[-94.3147854871186,47.50430413920925],[-94.3139215508,47.5021035512],[-94.3160078151,47.498712392],[-94.31866501531694,47.49780120520532],[-94.3121224155,47.494906608],[-94.3108312409418,47.49257328823278],[-94.32228982013066,47.4928780762796],[-94.323739005,47.4938590314],[-94.3285586908,47.4943861845],[-94.3322433906,47.4939286061],[-94.33451686189734,47.48951363608496],[-94.33957,47.48958],[-94.3395090084844,47.493200906302796],[-94.3362442925,47.498591587],[-94.33132546333206,47.50003050814674],[-94.3342416953,47.501548681],[-94.334102789,47.504879207],[-94.33384,47.50423],[-94.32854,47.50422],[-94.32853,47.50783],[-94.33383,47.50784],[-94.3340689865,47.5052756339],[-94.3453911055,47.50592695],[-94.3513153022,47.5051164092],[-94.351362993,47.503105931],[-94.3497375014,47.5011858968],[-94.3498999985,47.4991461785],[-94.35138383074195,47.496959496855155],[-94.35532,47.497],[-94.35507,47.50801],[-94.3818,47.50852],[-94.38217,47.50101],[-94.384071632,47.5010844743],[-94.3852944187,47.5031569051],[-94.38742903999022,47.50373290198663],[-94.38737,47.50475],[-94.39276,47.50474],[-94.39301,47.5009],[-94.39834,47.50074],[-94.39835,47.49694],[-94.40368,47.49693],[-94.40354395676503,47.50062332189716],[-94.3957156405,47.5040687894],[-94.3946998243,47.5063342357],[-94.397302815,47.5077308403],[-94.4073044476485,47.50411160868401],[-94.41522,47.50381],[-94.41526,47.50024],[-94.42599,47.50002],[-94.42604160657194,47.49585018898662],[-94.4360935427,47.4898079396],[-94.4357479261,47.4873224559],[-94.4335780844,47.4900651892],[-94.430756045,47.4902544753],[-94.4281639178,47.4859939949],[-94.42616615587552,47.48528636089126],[-94.43151,47.48441],[-94.4315575602667,47.48097614874495],[-94.469184348415,47.48077044436969],[-94.46918,47.48391],[-94.45821,47.48395],[-94.45820191772992,47.48681112360656],[-94.4574113576,47.4868140489],[-94.45820066239361,47.48725551266065],[-94.45819,47.49103],[-94.4658889903009,47.49102289105235],[-94.4669321066,47.4924404688],[-94.4663077345,47.4954612333],[-94.4630257748,47.4969485439]],[[-94.45824,47.48262],[-94.43685,47.48291],[-94.43684,47.48386],[-94.45821,47.48395],[-94.45824,47.48262]],[[-94.3232096212,47.5088445497],[-94.3131763556,47.5121695434],[-94.30732,47.51153],[-94.30736,47.51506],[-94.31265,47.51506],[-94.31264214748526,47.51413078575661],[-94.3154923657,47.5138501273],[-94.3223812054,47.5153508623],[-94.320983561,47.5122806194],[-94.3232096212,47.5088445497]],[[-94.3236837611,47.5157773563],[-94.32350272,47.515755245],[-94.3236236166,47.5157988365],[-94.3236837611,47.5157773563]],[[-94.4020432485,47.5178931588],[-94.4045670922,47.5177334219],[-94.399719257,47.5152402179],[-94.3996024494,47.5156565209],[-94.4020432485,47.5178931588]]]},"properties":{"flat_pct":100}},{"type":"Feature","geometry":{"type":"Polygon","coordinates":[[[-94.260594729,47.5166176442],[-94.26115,47.51742],[-94.26331246774126,47.51744982714126],[-94.26458519181514,47.51956382726363],[-94.26259,47.51759],[-94.26161,47.51745],[-94.25959,47.51836],[-94.25886805878724,47.51764899729046],[-94.260594729,47.5166176442]]]},"properties":{}},{"type":"Feature","geometry":{"type":"Polygon","coordinates":[[[-94.3055598241,47.5303471586],[-94.30804015697507,47.527584888341416],[-94.30816,47.52979],[-94.31322654856984,47.530127938142094],[-94.31312,47.53328],[-94.3182195821727,47.53367],[-94.31806,47.54041],[-94.3063567705,47.5378972832],[-94.30262712291393,47.535751865512154],[-94.30274,47.533],[-94.29949411231748,47.532797132019844],[-94.29990590780658,47.52924828484127],[-94.30287,47.52945],[-94.30283100232361,47.52839561837922],[-94.3055598241,47.5303471586]]]},"properties":{"flat_pct":93}},{"type":"Feature","geometry":{"type":"Polygon","coordinates":[[[-94.26386,47.53793],[-94.26261,47.53725],[-94.26318102187005,47.53656141480376],[-94.26458795372763,47.53733685251822],[-94.26386,47.53793]]]},"properties":{}},{"type":"Feature","geometry":{"type":"Polygon","coordinates":[[[-94.274209215,47.537385909],[-94.27207,47.53686],[-94.27103,47.53721],[-94.27165,47.53793],[-94.27045,47.53783],[-94.26938,47.53861],[-94.26969,47.53771],[-94.26922822003561,47.53759932546308],[-94.2716589411,47.5361628641],[-94.274209215,47.537385909]]]},"properties":{}},{"type":"Feature","geometry":{"type":"Polygon","coordinates":[[[-94.3178,47.5512],[-94.31776045574333,47.55299432064644],[-94.3157940727,47.5529360387],[-94.31247,47.55483],[-94.31257,47.55141],[-94.3178,47.5512]]]},"properties":{"flat_pct":100}},{"type":"Feature","geometry":{"type":"Polygon","coordinates":[[[-94.3203223461,47.5709749881],[-94.321543539,47.5738075746],[-94.3196210871,47.5762198427],[-94.314482882,47.5755302515],[-94.31177156410892,47.57421061387318],[-94.31191,47.56922],[-94.31853860252619,47.56912088070989],[-94.3181273372,47.5702239177],[-94.3203223461,47.5709749881]]]},"properties":{"flat_pct":100}},{"type":"Feature","geometry":{"type":"Polygon","coordinates":[[[-94.30622,47.58013],[-94.30627,47.57655],[-94.31010203811903,47.576465469747376],[-94.31702536965116,47.57991567023255],[-94.31697,47.58356],[-94.31159014928791,47.58365208774026],[-94.31166,47.58005],[-94.30622,47.58013]]]},"properties":{"flat_pct":94}},{"type":"Feature","geometry":{"type":"Polygon","coordinates":[[[-94.28473958061821,47.585967907825065],[-94.28342,47.58598],[-94.28468034730685,47.584260014014134],[-94.28473958061821,47.585967907825065]]]},"properties":{}},{"type":"Feature","geometry":{"type":"Polygon","coordinates":[[[-94.3351708948,47.579504235],[-94.33855138416257,47.57909560720859],[-94.33851,47.58337],[-94.33313,47.58336],[-94.33306,47.58984],[-94.32768,47.5898],[-94.32766,47.59339],[-94.3169,47.59332],[-94.31693,47.58604],[-94.32153782747632,47.586108390760316],[-94.3251044342,47.5885392989],[-94.3266463913,47.5870246892],[-94.32616238145273,47.58617702978037],[-94.32771,47.5862],[-94.32778358530143,47.58089660220392],[-94.3286857225,47.5799316839],[-94.3317457488,47.5795429707],[-94.3334968965,47.5817895751],[-94.3351708948,47.579504235]]]},"properties":{"flat_pct":97}},{"type":"Feature","geometry":{"type":"Polygon","coordinates":[[[-94.2610096561,47.5925747487],[-94.2591954843,47.5907609952],[-94.2596101714,47.5879631799],[-94.2631421453,47.5853489503],[-94.2666898394,47.5849834761],[-94.2685524293,47.5831037427],[-94.276097341,47.5849639497],[-94.2778274374,47.5868580688],[-94.27581,47.58785],[-94.27664,47.58902],[-94.27628169196268,47.59042934494676],[-94.2746489674,47.5907239703],[-94.2761601362,47.5935730752],[-94.2740897033,47.5961855465],[-94.2691882488,47.5953152599],[-94.2674795049,47.5940952241],[-94.2644383502,47.5944775239],[-94.2625371859,47.5927281676],[-94.2610096561,47.5925747487]]]},"properties":{"flat_pct":95}},{"type":"Feature","geometry":{"type":"Polygon","coordinates":[[[-94.3039184935,47.6031917618],[-94.30618504775289,47.60240189950412],[-94.30623,47.60419],[-94.31696779458039,47.60511769193122],[-94.31702,47.60781],[-94.32239,47.60783],[-94.32246,47.61145],[-94.31174,47.61135],[-94.31167,47.60779],[-94.3037617618,47.6074315065],[-94.3029620478,47.605279174],[-94.3039184935,47.6031917618]]]},"properties":{"flat_pct":100}},{"type":"Feature","geometry":{"type":"Polygon","coordinates":[[[-94.34363917372286,47.608301591150855],[-94.34892493101599,47.60942504479155],[-94.3489,47.6117],[-94.34363,47.61165],[-94.34363917372286,47.608301591150855]]]},"properties":{"flat_pct":100}},{"type":"Feature","geometry":{"type":"Polygon","coordinates":[[[-94.3489,47.6117],[-94.35253867661233,47.611727256004585],[-94.35253510203125,47.61537064664063],[-94.34886,47.61535],[-94.3489,47.6117]]]},"properties":{"flat_pct":100}},{"type":"Feature","geometry":{"type":"Polygon","coordinates":[[[-94.31717,47.61501],[-94.32253,47.61506],[-94.32249,47.6187],[-94.31713,47.61865],[-94.31717,47.61501]]]},"properties":{"flat_pct":92}},{"type":"Feature","geometry":{"type":"Polygon","coordinates":[[[-94.26254,47.61498],[-94.26787,47.61497],[-94.2676,47.61858],[-94.2690374694552,47.61858806811668],[-94.26212837804631,47.62071104412447],[-94.26254,47.61498]]]},"properties":{"flat_pct":100}},{"type":"Feature","geometry":{"type":"Polygon","coordinates":[[[-94.30102618161916,47.621738741800726],[-94.30110841346107,47.61573581734171],[-94.306450189828,47.61561418052179],[-94.30636781050826,47.62161139499851],[-94.30102618161916,47.621738741800726]]]},"properties":{"flat_pct":100}},{"type":"Feature","geometry":{"type":"Polygon","coordinates":[[[-94.3424059396,47.6197836297],[-94.34235319497107,47.62251335109351],[-94.33844,47.62248],[-94.33838,47.61523],[-94.34886,47.61535],[-94.349,47.62257],[-94.34517672505635,47.62253741527037],[-94.3449086987,47.6210364675],[-94.3424059396,47.6197836297]]]},"properties":{"flat_pct":100}},{"type":"Feature","geometry":{"type":"Polygon","coordinates":[[[-94.29574,47.61854],[-94.2972342375,47.6192428736],[-94.29612817658467,47.621886975873096],[-94.29614,47.62026],[-94.29574,47.61854]]]},"properties":{}},{"type":"Feature","geometry":{"type":"Polygon","coordinates":[[[-94.29368694384934,47.62249623218886],[-94.29501,47.62018],[-94.29361,47.61854],[-94.2914,47.61982],[-94.29035,47.61927],[-94.29327,47.61825],[-94.29407,47.61877],[-94.29547,47.62031],[-94.29535625145601,47.622336145939755],[-94.29368694384934,47.62249623218886]]]},"properties":{}},{"type":"Feature","geometry":{"type":"Polygon","coordinates":[[[-94.3278,47.6224],[-94.32776,47.62603],[-94.3258379649237,47.626012070568315],[-94.3224350671538,47.622788889004205],[-94.3278,47.6224]]]},"properties":{"flat_pct":100}},{"type":"Feature","geometry":{"type":"Polygon","coordinates":[[[-94.36498598349348,47.62410251028758],[-94.36501,47.62627],[-94.3572792590107,47.62622636458519],[-94.35436920348364,47.62556040959847],[-94.35432,47.6226],[-94.36322930270782,47.62265019325469],[-94.36498598349348,47.62410251028758]]]},"properties":{"flat_pct":100}},{"type":"Feature","geometry":{"type":"Polygon","coordinates":[[[-94.2857514173,47.6252322064],[-94.28493901812692,47.62518938217363],[-94.28498,47.62221],[-94.29033,47.6222],[-94.29028,47.62582],[-94.293660919,47.6258995822],[-94.2948565965668,47.62937775075107],[-94.2882871920529,47.629448137228],[-94.2857514173,47.6252322064]]]},"properties":{"flat_pct":97}},{"type":"Feature","geometry":{"type":"Polygon","coordinates":[[[-94.3430428182,47.6290053696],[-94.33311,47.62972],[-94.33311,47.628374740549745],[-94.33651815864219,47.62610240104272],[-94.34376,47.62615],[-94.3430428182,47.6290053696]]]},"properties":{"flat_pct":100}},{"type":"Feature","geometry":{"type":"Polygon","coordinates":[[[-94.38667931919616,47.62999590381022],[-94.38111,47.62997],[-94.38109760668311,47.62773300630261],[-94.3831812951,47.6292428081],[-94.38667931919616,47.62999590381022]]]},"properties":{"flat_pct":100}},{"type":"Feature","geometry":{"type":"Polygon","coordinates":[[[-94.3067774141,47.6277266202],[-94.3090022125,47.6264494387],[-94.3114008844,47.6273589958],[-94.3116,47.63311],[-94.30828419546111,47.63307041943798],[-94.3063532915,47.630256648],[-94.3067774141,47.6277266202]]]},"properties":{"flat_pct":100}},{"type":"Feature","geometry":{"type":"Polygon","coordinates":[[[-94.3027614771,47.6376112868],[-94.3036805441,47.636479592],[-94.30620861872613,47.634974314647614],[-94.30615,47.64025],[-94.30282445929589,47.64026861310096],[-94.3027614771,47.6376112868]]]},"properties":{"flat_pct":78}},{"type":"Feature","geometry":{"type":"Polygon","coordinates":[[[-94.3448960972,47.6425471531],[-94.34655738,47.6409621555],[-94.34906162991216,47.64106961863257],[-94.34904,47.64418],[-94.344670729934,47.644163635692635],[-94.3448960972,47.6425471531]]]},"properties":{"flat_pct":100}},{"type":"Feature","geometry":{"type":"Polygon","coordinates":[[[-94.3199086502,47.6435237865],[-94.3183856277,47.6448527764],[-94.3160899346,47.6448095169],[-94.31153,47.64031],[-94.31986251736578,47.640402927702965],[-94.3199086502,47.6435237865]]]},"properties":{"flat_pct":100}},{"type":"Feature","geometry":{"type":"Polygon","coordinates":[[[-94.3686655479,47.6448828825],[-94.37045,47.64793],[-94.36509,47.6479],[-94.36509,47.64425],[-94.3686655479,47.6448828825]]]},"properties":{"flat_pct":100}},{"type":"Feature","geometry":{"type":"Polygon","coordinates":[[[-94.3019332405,47.6468337117],[-94.2926653206,47.6468795513],[-94.29009238096687,47.64935471956196],[-94.29001,47.64397],[-94.30383448828776,47.64393140208016],[-94.3019332405,47.6468337117]]]},"properties":{"flat_pct":100}},{"type":"Feature","geometry":{"type":"Polygon","coordinates":[[[-94.333160793,47.6468045233],[-94.33833362414694,47.646527599377194],[-94.3383,47.65143],[-94.3276,47.65138],[-94.32765,47.64466],[-94.3342683607543,47.64412342481525],[-94.333160793,47.6468045233]]]},"properties":{"flat_pct":100}},{"type":"Feature","geometry":{"type":"Polygon","coordinates":[[[-94.3537008014,47.6545224624],[-94.35344631925896,47.651494862922235],[-94.35973,47.65153],[-94.35972,47.65517],[-94.3537008014,47.6545224624]]]},"properties":{"flat_pct":100}},{"type":"Feature","geometry":{"type":"Polygon","coordinates":[[[-94.25657205218614,47.65805092249822],[-94.25663669503705,47.65446641014751],[-94.26145975445077,47.6544893334337],[-94.26168,47.65808],[-94.25657205218614,47.65805092249822]]]},"properties":{"flat_pct":100}},{"type":"Feature","geometry":{"type":"Polygon","coordinates":[[[-94.3170121363,47.6561251472],[-94.3187240529,47.6550503665],[-94.3207292159,47.6553055782],[-94.32219204950421,47.656400965481744],[-94.32218,47.6586],[-94.31681,47.65785],[-94.3170121363,47.6561251472]]]},"properties":{"flat_pct":90}},{"type":"Feature","geometry":{"type":"Polygon","coordinates":[[[-94.37586,47.66252],[-94.3651175085236,47.66185706270804],[-94.36509271376707,47.655856731631815],[-94.37046,47.65523],[-94.37045,47.65158],[-94.38027578714822,47.65165367038162],[-94.3799299242,47.6544714363],[-94.3774054649,47.655944844],[-94.38116170829485,47.65598276684533],[-94.38126,47.66617],[-94.37812907918467,47.666152541333744],[-94.3781054905,47.66538414],[-94.37587121235629,47.66454943648893],[-94.37586,47.66252]],[[-94.38066,47.66196],[-94.37977,47.66254],[-94.38066,47.66255],[-94.38066,47.66196]]]},"properties":{"flat_pct":100}},{"type":"Feature","geometry":{"type":"Polygon","coordinates":[[[-94.34897,47.65876],[-94.35972,47.65882],[-94.35974476333149,47.66181861432199],[-94.34900294744581,47.661741743845305],[-94.34897,47.65876]]]},"properties":{"flat_pct":100}},{"type":"Feature","geometry":{"type":"Polygon","coordinates":[[[-94.33744249381733,47.680840321498465],[-94.3321252059,47.6752070285],[-94.3287891929,47.6743020073],[-94.3248646288,47.6708519677],[-94.32460622705966,47.6694517206541],[-94.32773,47.66951],[-94.32768210992519,47.666624622992536],[-94.3322903899,47.6688448229],[-94.3286817717,47.6663404988],[-94.32772153962587,47.662280521213205],[-94.33360037494356,47.66230799240628],[-94.3365347829,47.6640238621],[-94.33843884150674,47.662330602063115],[-94.345590267327,47.66236401994078],[-94.3415795694,47.6695802663],[-94.3382062745,47.6717686994],[-94.3382471026,47.6727588881],[-94.3427972724689,47.67712706127992],[-94.34276,47.67941],[-94.33747,47.67941],[-94.33744249381733,47.680840321498465]]]},"properties":{"flat_pct":97}},{"type":"Feature","geometry":{"type":"Polygon","coordinates":[[[-94.35983,47.67214],[-94.36413644271795,47.67348129338468],[-94.36413,47.67582],[-94.3696,47.67586],[-94.36956,47.67948],[-94.36227339981006,47.679439631023875],[-94.3602476203,47.6781040869],[-94.35874293370127,47.67824303318492],[-94.35877,47.67578],[-94.35337,47.67574],[-94.3534,47.67209],[-94.34288,47.67206],[-94.342831733202,47.67501634137717],[-94.3412139246,47.674018858],[-94.3405200689,47.6721203385],[-94.3426297032,47.6692351489],[-94.3496938041,47.6690725209],[-94.3514146846,47.6698240269],[-94.3561642622,47.6673072668],[-94.35978707341631,47.66694198095705],[-94.35983,47.67214]]]},"properties":{"flat_pct":100}},{"type":"Feature","geometry":{"type":"Polygon","coordinates":[[[-94.39143,47.6722],[-94.39133,47.67581],[-94.3933523691932,47.675798806074575],[-94.3934496557,47.6801645507],[-94.392797598,47.6820778286],[-94.39116,47.68305],[-94.39124,47.67943],[-94.38743812124852,47.67944872846676],[-94.3854658616,47.6752992863],[-94.3804566778789,47.675068654532126],[-94.38048,47.67227],[-94.37832622099256,47.67227946716047],[-94.37824008777898,47.66976864596578],[-94.3813,47.66978],[-94.38126,47.66617],[-94.38413293254237,47.666185990348104],[-94.3842286112,47.6693027223],[-94.39209,47.66984],[-94.39213,47.6722],[-94.39143,47.6722]]]},"properties":{"flat_pct":100}},{"type":"Feature","geometry":{"type":"Polygon","coordinates":[[[-94.3655426158,47.6858924419],[-94.36412,47.68618735208379],[-94.36412,47.68308],[-94.36733732449977,47.68309185018232],[-94.3655426158,47.6858924419]]]},"properties":{"flat_pct":100}},{"type":"Feature","geometry":{"type":"Polygon","coordinates":[[[-94.36950201515332,47.69587434805218],[-94.36948420964622,47.70016547526009],[-94.3687345837,47.7006967985],[-94.3587,47.70073036081413],[-94.3587,47.69474825394242],[-94.3677830395,47.6950345537],[-94.36950201515332,47.69587434805218]]]},"properties":{"flat_pct":100}},{"type":"Feature","geometry":{"type":"Polygon","coordinates":[[[-94.2967486984,47.7066904387],[-94.29938961641977,47.70818007608062],[-94.29928,47.71429],[-94.2939,47.71419],[-94.29391815099959,47.713064638025386],[-94.2948460908,47.7130913347],[-94.2940091344,47.708589514],[-94.2967486984,47.7066904387]]]},"properties":{"flat_pct":100}},{"type":"Feature","geometry":{"type":"Polygon","coordinates":[[[-94.2595849731,47.7356575303],[-94.25999605749806,47.73723427432801],[-94.25695,47.73724],[-94.25688371273003,47.733793061962075],[-94.2595849731,47.7356575303]]]},"properties":{"flat_pct":100}},{"type":"Feature","geometry":{"type":"Polygon","coordinates":[[[-94.26787,47.75497],[-94.26793,47.75887],[-94.2626,47.75879],[-94.26467,47.75873],[-94.26464,47.75695],[-94.26223,47.75673],[-94.2626098302191,47.75497],[-94.26787,47.75497]]]},"properties":{"flat_pct":100}},{"type":"Feature","geometry":{"type":"Polygon","coordinates":[[[-94.2681750698,47.7717810865],[-94.2695373937,47.7723002116],[-94.27048402009879,47.77338253501147],[-94.26804,47.77333],[-94.2681750698,47.7717810865]]]},"properties":{}},{"type":"Feature","geometry":{"type":"Polygon","coordinates":[[[-94.28433,47.81354],[-94.28435,47.81719],[-94.27360619474196,47.816632770202695],[-94.27357,47.81333],[-94.28433,47.81354]]]},"properties":{"flat_pct":89}},{"type":"Feature","geometry":{"type":"Polygon","coordinates":[[[-94.28424566580098,47.82347613549046],[-94.28435,47.81719],[-94.28832248322702,47.817275124640574],[-94.28858848745381,47.82651698891396],[-94.28424566580098,47.82347613549046]]]},"properties":{"flat_pct":88}},{"type":"Feature","geometry":{"type":"Polygon","coordinates":[[[-94.17105125363877,46.98513800323157],[-94.16963274845341,46.98714154291919],[-94.16873,46.98481],[-94.17105125363877,46.98513800323157]]]},"properties":{}},{"type":"Feature","geometry":{"type":"Polygon","coordinates":[[[-94.2504134009,46.9907436458],[-94.2529751,46.9908800966],[-94.2544947468,46.9929468802],[-94.2534609971,46.9975086667],[-94.25504192068506,47.00105006160104],[-94.25242,47.00098],[-94.25246,47.00477],[-94.25436754298124,47.004811277979265],[-94.253475537,47.0069091549],[-94.25126051088259,47.00856892652641],[-94.23825212768068,47.008427330306034],[-94.2383814464,47.0064408553],[-94.2397556508,47.004958501],[-94.2485487074,47.003207771],[-94.2490077736,47.0015640949],[-94.24765879639808,46.999780465520644],[-94.24733114267124,46.99702778716576],[-94.2489100966,46.9920949],[-94.2504134009,46.9907436458]]]},"properties":{"flat_pct":93}},{"type":"Feature","geometry":{"type":"Polygon","coordinates":[[[-94.1914724134618,47.00384311307478],[-94.1899125564,46.9991111798],[-94.1874549258,46.9981449081],[-94.18666552296871,46.99637378522344],[-94.19419,46.99645],[-94.19427,47.00389],[-94.1914724134618,47.00384311307478]]]},"properties":{"flat_pct":96}},{"type":"Feature","geometry":{"type":"Polygon","coordinates":[[[-94.16162331108288,47.00480682750846],[-94.15917527812113,47.00791240466481],[-94.15326,47.00671],[-94.1533872372795,47.01001816926682],[-94.15271012347239,47.01020904290988],[-94.14831,47.00931],[-94.14831,47.011172301946544],[-94.13803,47.01103],[-94.1381,47.0055],[-94.14317,47.00652],[-94.1431875807,47.0032758268],[-94.1453057018,47.0014014473],[-94.1480409565,47.0021212511],[-94.1493467934,47.0049233077],[-94.15479665077228,47.003365986111085],[-94.16162331108288,47.00480682750846]]]},"properties":{"flat_pct":99}},{"type":"Feature","geometry":{"type":"Polygon","coordinates":[[[-94.22280357633879,47.00842123516919],[-94.2259394064315,47.006468235727674],[-94.2259,47.00821],[-94.22889810526041,47.00826572686358],[-94.22867756495154,47.015546410027454],[-94.2259,47.01551],[-94.2259,47.01186],[-94.22259612864278,47.01180676226249],[-94.22280357633879,47.00842123516919]]]},"properties":{"flat_pct":96}},{"type":"Feature","geometry":{"type":"Polygon","coordinates":[[[-94.13532,47.011],[-94.1357444065,47.0148013962],[-94.14064,47.01514],[-94.14065611272439,47.012223596884716],[-94.1416351874,47.012698542],[-94.14319,47.01561],[-94.14575,47.01607],[-94.14574,47.01966],[-94.14074,47.01879],[-94.14016,47.01739],[-94.13817855972567,47.017768804758326],[-94.1357489382,47.0148462964],[-94.1349977092,47.0171793063],[-94.13249042246282,47.01815332299852],[-94.13251,47.0146],[-94.12694,47.01453],[-94.12694829881472,47.011525829068454],[-94.13532,47.011]]]},"properties":{"flat_pct":96}},{"type":"Feature","geometry":{"type":"Polygon","coordinates":[[[-94.1189408643,47.0177688481],[-94.1224967772,47.0165171401],[-94.1196615193,47.0158814234],[-94.1182838589,47.0140445429],[-94.1195076075909,47.010820501132535],[-94.12136,47.01084],[-94.12137,47.01445],[-94.12694,47.01453],[-94.12693,47.01815],[-94.13091112096028,47.01820728231598],[-94.124551284,47.0242340428],[-94.1223077191,47.0247224019],[-94.1205555574,47.0237145621],[-94.1183699482,47.0199928384],[-94.1189408643,47.0177688481]]]},"properties":{"flat_pct":100}},{"type":"Feature","geometry":{"type":"Polygon","coordinates":[[[-94.25140921263538,47.01588951347056],[-94.249646244,47.0219641529],[-94.247328934471,47.02300857611031],[-94.24726,47.0158],[-94.25140921263538,47.01588951347056]]]},"properties":{"flat_pct":100}},{"type":"Feature","geometry":{"type":"Polygon","coordinates":[[[-94.14666785390601,47.02696300807138],[-94.14566407932509,47.02317691934692],[-94.1483,47.0236],[-94.14831,47.01654],[-94.1561719216,47.0195388922],[-94.16143686839709,47.0200863534604],[-94.16137,47.0224],[-94.1667878146378,47.02149428607149],[-94.16667,47.02496],[-94.16127,47.02586],[-94.15344,47.02444],[-94.15351,47.02794],[-94.14666785390601,47.02696300807138]]]},"properties":{"flat_pct":98}},{"type":"Feature","geometry":{"type":"Polygon","coordinates":[[[-94.2240068925,47.0264592356],[-94.22283096784136,47.02277602547426],[-94.2259,47.02281],[-94.22587,47.0265],[-94.2240068925,47.0264592356]]]},"properties":{"flat_pct":100}},{"type":"Feature","geometry":{"type":"Polygon","coordinates":[[[-94.1572554237689,47.03842692135982],[-94.16608,47.03832],[-94.16621391501751,47.03536494194709],[-94.1853775835749,47.03395130783945],[-94.18464079189356,47.03784493979763],[-94.17141,47.03818],[-94.17134,47.03999],[-94.16069,47.04033],[-94.1600578405,47.0415638395],[-94.1579971585,47.0405510869],[-94.1572554237689,47.03842692135982]]]},"properties":{"flat_pct":100}},{"type":"Feature","geometry":{"type":"Polygon","coordinates":[[[-94.20422,47.0375],[-94.20415153451914,47.04313699125845],[-94.19470408418725,47.04190605899426],[-94.1957,47.0399],[-94.19515,47.03765],[-94.20422,47.0375]]]},"properties":{"flat_pct":100}},{"type":"Feature","geometry":{"type":"Polygon","coordinates":[[[-94.2470839991,47.0420791715],[-94.25505,47.04165],[-94.25501,47.04538],[-94.24715,47.04532],[-94.24716,47.04719],[-94.24575366129943,47.04717131997931],[-94.244900644,47.0442581206],[-94.2470839991,47.0420791715]]]},"properties":{"flat_pct":96}},{"type":"Feature","geometry":{"type":"Polygon","coordinates":[[[-94.2167834443,47.0465841695],[-94.2184586872,47.0433189399],[-94.21839374434877,47.0413],[-94.22439082352484,47.0413],[-94.2242305306,47.0456668382],[-94.22579,47.04615792224314],[-94.22579,47.04878],[-94.21497,47.0487],[-94.2149752638586,47.046752372315666],[-94.2167834443,47.0465841695]]]},"properties":{"flat_pct":95}},{"type":"Feature","geometry":{"type":"Polygon","coordinates":[[[-94.1333732284,47.0457136899],[-94.13218310939273,47.049668254115346],[-94.129594642,47.0509356155],[-94.127437521,47.0534940063],[-94.12670616927079,47.053810937482005],[-94.1267,47.05159],[-94.12293405536593,47.05148004541215],[-94.1252398355,47.0467272046],[-94.1289288684,47.0438501481],[-94.1317544173,47.0437236216],[-94.1333732284,47.0457136899]]]},"properties":{"flat_pct":100}},{"type":"Feature","geometry":{"type":"Polygon","coordinates":[[[-94.1892115937,47.0546255628],[-94.18972,47.05949],[-94.18411,47.05945],[-94.1839925359,47.0614729703],[-94.18219664857858,47.06311080044112],[-94.17500007514067,47.063314658480785],[-94.1749644209,47.061380398],[-94.1761959968,47.0597775778],[-94.1813,47.05943],[-94.18140814899934,47.05483048667511],[-94.1866561044,47.053413453],[-94.1892115937,47.0546255628]]]},"properties":{"flat_pct":96}},{"type":"Feature","geometry":{"type":"Polygon","coordinates":[[[-94.24151,47.06358],[-94.24137,47.06802],[-94.23270894996747,47.067862827172284],[-94.23091594146058,47.06698191429716],[-94.23105,47.05985],[-94.22842,47.05982],[-94.22924378033557,47.05619885961193],[-94.24173,47.05634],[-94.24162,47.05996],[-94.2449833007,47.0606413946],[-94.2462489113,47.0631708146],[-94.24151,47.06358]]]},"properties":{"flat_pct":90}},{"type":"Feature","geometry":{"type":"Polygon","coordinates":[[[-94.176974573,47.0703179295],[-94.18098479154251,47.07055444234653],[-94.18084,47.07515],[-94.19219,47.07512],[-94.19217,47.07866],[-94.1941621344939,47.0786670393445],[-94.1910532183,47.0802780333],[-94.1890824322,47.0790998652],[-94.1879613181,47.0763600925],[-94.1835175406,47.0764854051],[-94.1807367217,47.0781382217],[-94.1763700466,47.0763741813],[-94.17557379317238,47.07696020203085],[-94.1756,47.07511],[-94.17033953752349,47.07560956486017],[-94.1709894981,47.0729939201],[-94.1662495619,47.06977923],[-94.1652939754154,47.06753149350996],[-94.17390464506914,47.067705336682785],[-94.176974573,47.0703179295]]]},"properties":{"flat_pct":99}},{"type":"Feature","geometry":{"type":"Polygon","coordinates":[[[-94.1227251769,47.0811861661],[-94.123477772,47.0790169085],[-94.1258382262,47.0780123305],[-94.1269882224803,47.078291938465924],[-94.12688,47.08028],[-94.12955,47.08166],[-94.1227251769,47.0811861661]]]},"properties":{"flat_pct":90}},{"type":"Feature","geometry":{"type":"Polygon","coordinates":[[[-94.25653,47.09354],[-94.25124809656297,47.09351480007902],[-94.2502265922,47.0925398418],[-94.24964062485601,47.09350713084378],[-94.24605,47.09349],[-94.24611,47.09168],[-94.24353659899002,47.09167510760264],[-94.2433529115,47.0886255521],[-94.24186714591725,47.08624494569914],[-94.24626,47.08627],[-94.2464994467455,47.07571682270457],[-94.2486809474,47.0755136437],[-94.2502309496,47.0727656134],[-94.24768270559085,47.0682023191731],[-94.25456365240683,47.06821807706658],[-94.2564594025,47.0714404613],[-94.25961798288732,47.07205139569459],[-94.25948,47.07552],[-94.26208,47.07554],[-94.2622063593595,47.07245683162842],[-94.2645550655,47.0719818358],[-94.26745579618562,47.07213759107698],[-94.26725,47.07558],[-94.27037443301157,47.07559768546987],[-94.2683951253,47.0779736422],[-94.2609251797,47.0788296598],[-94.25681493446592,47.07759028641043],[-94.25689,47.0755],[-94.25429,47.07548],[-94.2540090786482,47.07907933751414],[-94.2516,47.07907],[-94.25155383156739,47.0811571978907],[-94.2474013869,47.0816587859],[-94.2479014506,47.0846888099],[-94.25143435698595,47.08655844459333],[-94.25136,47.08992],[-94.2579209688,47.0902731309],[-94.2588899948,47.0935356083],[-94.2576559246937,47.0959507782476],[-94.25653,47.09354]]]},"properties":{"flat_pct":89}},{"type":"Feature","geometry":{"type":"Polygon","coordinates":[[[-94.2308059418,47.089557044],[-94.22519163852608,47.08730706405582],[-94.22522,47.08616],[-94.2198036063672,47.08544858137281],[-94.21991838292412,47.079447407110884],[-94.22770166909432,47.07890716257242],[-94.22795,47.08253],[-94.23058,47.08255],[-94.23048,47.08618],[-94.23574,47.08621],[-94.23564,47.08984],[-94.2308059418,47.089557044]]]},"properties":{"flat_pct":97}},{"type":"Feature","geometry":{"type":"Polygon","coordinates":[[[-94.20349,47.08616],[-94.20892,47.08616],[-94.20894362984635,47.08351345720976],[-94.2136967855,47.0824822974],[-94.21442763272255,47.08033312782789],[-94.21430878513773,47.088585606999146],[-94.20345,47.08998],[-94.2031596467,47.0915617556],[-94.1970172032,47.0895060072],[-94.1953214427,47.0861069737],[-94.19782,47.08607],[-94.19783,47.08417],[-94.1961408414407,47.08414318795938],[-94.1999746649,47.0830911949],[-94.2027479321,47.0851891883],[-94.2035071088778,47.08478151327429],[-94.20349,47.08616]]]},"properties":{"flat_pct":100}},{"type":"Feature","geometry":{"type":"Polygon","coordinates":[[[-94.1635826941,47.0933616939],[-94.1642890805,47.0917696621],[-94.1654813247,47.0909306323],[-94.16863877066086,47.09157191932089],[-94.16489,47.0916],[-94.16487,47.09348],[-94.1635826941,47.0933616939]]]},"properties":{"flat_pct":75}},{"type":"Feature","geometry":{"type":"Polygon","coordinates":[[[-94.1228065904,47.1097777418],[-94.119650024,47.1087063937],[-94.12068,47.1069],[-94.13158,47.10725],[-94.13165778205034,47.11025893721067],[-94.124366752,47.109205892],[-94.1228065904,47.1097777418]]]},"properties":{"flat_pct":100}},{"type":"Feature","geometry":{"type":"Polygon","coordinates":[[[-94.1720607257,47.1343522373],[-94.18030976119272,47.1327421015041],[-94.1796193259779,47.13881793139445],[-94.1723932667,47.1393299595],[-94.1708966722,47.1369299718],[-94.1720607257,47.1343522373]]]},"properties":{"flat_pct":90}},{"type":"Feature","geometry":{"type":"Polygon","coordinates":[[[-94.2146615715,47.1515769107],[-94.2167239839,47.1531024848],[-94.21692460363185,47.15626385311513],[-94.21397,47.15622],[-94.21414,47.15446],[-94.2110771778328,47.15440353753918],[-94.2121739063,47.152203363],[-94.2146615715,47.1515769107]]]},"properties":{"flat_pct":100}},{"type":"Feature","geometry":{"type":"Polygon","coordinates":[[[-94.21381,47.15798],[-94.21675295175912,47.158029415234765],[-94.21658184506869,47.15978936976487],[-94.21368,47.15974],[-94.21381,47.15798]]]},"properties":{}},{"type":"Feature","geometry":{"type":"Polygon","coordinates":[[[-94.2103485872151,47.159677730602155],[-94.21368,47.15974],[-94.21356,47.1615],[-94.21639797886134,47.16154893067002],[-94.2153217318,47.1643125729],[-94.21665702775088,47.166870137226354],[-94.21318,47.16685],[-94.21305,47.16863],[-94.21068314235926,47.16862091417413],[-94.2091418795,47.1675320505],[-94.2084891181,47.1653018534],[-94.2103485872151,47.159677730602155]]]},"properties":{"flat_pct":100}},{"type":"Feature","geometry":{"type":"Polygon","coordinates":[[[-94.1682334412,47.1822697376],[-94.1672682331,47.1794621052],[-94.16760586042842,47.17523950244491],[-94.1735,47.17537],[-94.17329,47.18263],[-94.1682334412,47.1822697376]]]},"properties":{"flat_pct":100}},{"type":"Feature","geometry":{"type":"Polygon","coordinates":[[[-94.167684933346,47.192148958294915],[-94.1733938935,47.1919820138],[-94.170163935,47.1899704261],[-94.1707161878,47.1866830692],[-94.17848834671032,47.18639830286847],[-94.17812,47.19716],[-94.16226,47.19647],[-94.16235,47.19325],[-94.16765,47.19335],[-94.167684933346,47.192148958294915]]]},"properties":{"flat_pct":100}},{"type":"Feature","geometry":{"type":"Polygon","coordinates":[[[-94.18332414764053,47.19214127266628],[-94.1839965342,47.1926759629],[-94.18460250551571,47.19363774439548],[-94.18315,47.19362],[-94.18332414764053,47.19214127266628]]]},"properties":{}},{"type":"Feature","geometry":{"type":"Polygon","coordinates":[[[-94.21083941857674,47.27213619187935],[-94.22723519338992,47.271741599820295],[-94.22718560215257,47.277742139539725],[-94.22189,47.277781806985786],[-94.22189,47.27479],[-94.2108,47.27532],[-94.21083941857674,47.27213619187935]]]},"properties":{"flat_pct":100}},{"type":"Feature","geometry":{"type":"Polygon","coordinates":[[[-94.208987345,47.2775930901],[-94.2077219083493,47.27546445917494],[-94.2108,47.27532],[-94.21079196484035,47.27822069263143],[-94.208987345,47.2775930901]]]},"properties":{"flat_pct":100}},{"type":"Feature","geometry":{"type":"Polygon","coordinates":[[[-94.2341358384,47.2810113093],[-94.2373814816,47.2817712423],[-94.237921449,47.2850606394],[-94.2324352539,47.2904486793],[-94.22935489,47.2906105973],[-94.2278921819,47.2888406925],[-94.2281094027,47.28655489],[-94.2306412423,47.2828585184],[-94.2341358384,47.2810113093]]]},"properties":{"flat_pct":100}},{"type":"Feature","geometry":{"type":"Polygon","coordinates":[[[-94.2424740621,47.2907637714],[-94.2442168246,47.2892688277],[-94.2465062286,47.2894440621],[-94.25330215584404,47.29318064935775],[-94.25325,47.29631],[-94.24573861298194,47.296395646015306],[-94.2425356656,47.2935914808],[-94.2424740621,47.2907637714]]]},"properties":{"flat_pct":100}},{"type":"Feature","geometry":{"type":"Polygon","coordinates":[[[-94.1435537232,47.3003788173],[-94.14235887819909,47.29329064213823],[-94.14834904978048,47.292893816891514],[-94.1492652672,47.2959140559],[-94.15052340096162,47.29644004335054],[-94.1506331388,47.3045161649],[-94.1480815972,47.3073224728],[-94.14428434236514,47.30784715776036],[-94.14227037448286,47.30446874935636],[-94.14587,47.30386],[-94.14591,47.30027],[-94.1435537232,47.3003788173]]]},"properties":{"flat_pct":100}},{"type":"Feature","geometry":{"type":"Polygon","coordinates":[[[-94.1327201811,47.3257523421],[-94.1291755255,47.3231620032],[-94.1246162858,47.3230940994],[-94.123353199,47.3215159918],[-94.12336176895178,47.319545918069366],[-94.13493146557626,47.3194239051397],[-94.13591110353717,47.32042349225207],[-94.13519,47.32258],[-94.14009,47.32231],[-94.13942,47.32552],[-94.13751,47.32552],[-94.13750172374202,47.3265517734948],[-94.1327201811,47.3257523421]]]},"properties":{"flat_pct":100}},{"type":"Feature","geometry":{"type":"Polygon","coordinates":[[[-94.1798280243,47.3329513857],[-94.1801708255,47.330681019],[-94.1817669246,47.3293936608],[-94.1786660832,47.3259218855],[-94.1715556224,47.324031844],[-94.1697257256,47.3219020426],[-94.1699355204,47.3198916203],[-94.1721059953,47.3165220339],[-94.17526197383566,47.31452770403579],[-94.17752,47.31456],[-94.17802,47.31819],[-94.1804134746749,47.318203497037636],[-94.1791063414,47.3193589048],[-94.182573995,47.3213175117],[-94.1893864276,47.3289175252],[-94.20128508095797,47.329165000457394],[-94.20394683731035,47.331020945812675],[-94.20396918099478,47.337036982844445],[-94.2012972779,47.3369760096],[-94.198202268,47.3345138526],[-94.1948041035,47.3346719545],[-94.19504057565814,47.33991649809741],[-94.19006819177785,47.3398978633046],[-94.1868997364,47.3350397106],[-94.1820035096,47.3351381922],[-94.1798280243,47.3329513857]]]},"properties":{"flat_pct":100}},{"type":"Feature","geometry":{"type":"Polygon","coordinates":[[[-94.1321334387,47.3290599415],[-94.1354767824,47.3279345766],[-94.13748696538349,47.328391648858016],[-94.13748,47.32926],[-94.1321334387,47.3290599415]]]},"properties":{}},{"type":"Feature","geometry":{"type":"Polygon","coordinates":[[[-94.22920358236411,47.347245537869455],[-94.2327615756,47.3460988881],[-94.2328919829,47.343106394],[-94.23050573475963,47.33639],[-94.2303039184,47.3312361973],[-94.2271636381,47.3283828236],[-94.22541203570871,47.33001614757135],[-94.22543,47.32921],[-94.22006,47.3292],[-94.22010189600292,47.32618348779025],[-94.22138,47.3256],[-94.2218032113,47.3234091509],[-94.2232111817136,47.3219659748049],[-94.230302133,47.3229818743],[-94.23171678920467,47.32396880151748],[-94.2318,47.32567],[-94.2342262128,47.3261383137],[-94.23605198413455,47.329155570287305],[-94.23591,47.33639],[-94.23780495078913,47.33639],[-94.2372775978,47.338747723],[-94.2389455164,47.3418030599],[-94.23878371940745,47.34425514075467],[-94.2449043231,47.3423677884],[-94.24415070476489,47.33639],[-94.24653,47.33639],[-94.24658,47.3328],[-94.24984058380412,47.33274518321126],[-94.2505422255,47.339130796],[-94.2521927726,47.3426346782],[-94.26219615283439,47.343402640650496],[-94.25719,47.34344],[-94.25714898942171,47.349222491539116],[-94.25179923534701,47.34889996125348],[-94.25181,47.347],[-94.22920358236411,47.347245537869455]]]},"properties":{"flat_pct":100}},{"type":"Feature","geometry":{"type":"Polygon","coordinates":[[[-94.22511,47.34729],[-94.2271112903,47.3466874739],[-94.22905210020933,47.347247183181246],[-94.22511,47.34729]]]},"properties":{}},{"type":"Feature","geometry":{"type":"Polygon","coordinates":[[[-94.1591862702,47.3375577265],[-94.1642608787,47.3376175019],[-94.1630177564,47.3360945426],[-94.14806,47.3366],[-94.1436060016,47.3383435904],[-94.1321293202,47.3374313808],[-94.1342279408,47.3389180292],[-94.1358816864,47.3427364689],[-94.139623446,47.3429064587],[-94.1433428978,47.3468092349],[-94.1493564867,47.3471399466],[-94.1512883694,47.3492057552],[-94.1506440088,47.3519597587],[-94.1482895538,47.352978318],[-94.14787,47.35146],[-94.13978743157735,47.35165750637123],[-94.1370425186,47.3487123694],[-94.1353711057,47.3487491615],[-94.1336710127,47.3523404824],[-94.13721670149589,47.35271472810819],[-94.13718,47.35546],[-94.1494688878,47.3548076317],[-94.1529303886,47.3516333772],[-94.15525904061437,47.351290143599655],[-94.1574021696,47.353430124],[-94.1566278458,47.3562997317],[-94.1598274893,47.3569596892],[-94.1613410137,47.3586863397],[-94.1610472395,47.3612347937],[-94.159180552,47.3625717887],[-94.1510016247,47.3607437828],[-94.1462159731,47.3609627342],[-94.1412065734,47.3633749433],[-94.1376941336,47.3666496545],[-94.1400277777,47.3668298315],[-94.1431415187,47.3695711028],[-94.14446189332139,47.373466311361675],[-94.13796971251276,47.37355775052799],[-94.13727,47.36995],[-94.13191,47.36985],[-94.1316897168,47.373402063],[-94.12653755435821,47.370635322332106],[-94.12654,47.36975],[-94.12115771328268,47.36875110240152],[-94.12109,47.36602],[-94.11569,47.36591],[-94.11571284320912,47.366548731270385],[-94.10509010127694,47.36371197514392],[-94.10496,47.35832],[-94.11558,47.35864],[-94.11574812245593,47.35007734940005],[-94.1198130641,47.3497090244],[-94.1198444353,47.3475214744],[-94.12119570475237,47.346019729015126],[-94.12116,47.34768],[-94.12554369702711,47.34776148135738],[-94.1274965424,47.3513850119],[-94.1304085666,47.3452091638],[-94.1295625801,47.3430941974],[-94.12664348647081,47.34183350817763],[-94.1262226642,47.337960919],[-94.12706165652965,47.336613719512485],[-94.13208,47.33667],[-94.13212,47.33295],[-94.13745,47.333],[-94.13748,47.32926],[-94.13835830615957,47.329255047145715],[-94.1388506266,47.3311348688],[-94.1511649932,47.3306019083],[-94.1455429184,47.3295222956],[-94.1444993787,47.327477032],[-94.14504434609837,47.32550461666265],[-94.15511567693824,47.32548013206579],[-94.1566013448,47.327652225],[-94.1587079174,47.3276838568],[-94.16173763418047,47.32449877192861],[-94.16539,47.32642],[-94.1668041627,47.3278380192],[-94.1667774473,47.329926208],[-94.1703300089,47.3311069921],[-94.1704051532,47.3345392535],[-94.1727722514,47.3365080351],[-94.173416643,47.3383666099],[-94.1827117325176,47.33915906213721],[-94.18279,47.34353],[-94.18543699128632,47.34353993242509],[-94.1850290675,47.3441387455],[-94.18819771980212,47.34557904197671],[-94.1884,47.35086],[-94.18304815921688,47.34982908489186],[-94.18294,47.34719],[-94.17748,47.34725],[-94.17761484113285,47.34966069635067],[-94.1756036944,47.3501097803],[-94.1728264978,47.3481425765],[-94.17211234653287,47.348482352983034],[-94.17203,47.34732],[-94.1614763847,47.3466571123],[-94.16037,47.3401],[-94.15738734163314,47.34014673681202],[-94.1591862702,47.3375577265]],[[-94.1740035984,47.3445956035],[-94.1742456346,47.3444544856],[-94.1739366485,47.3444292049],[-94.1740035984,47.3445956035]],[[-94.1254040634,47.3618556133],[-94.127368139,47.3585558527],[-94.1257506556,47.3580135768],[-94.1242161206,47.357932507],[-94.1182417957,47.3611075793],[-94.1254040634,47.3618556133]]]},"properties":{"flat_pct":100}},{"type":"Feature","geometry":{"type":"Polygon","coordinates":[[[-94.149636148,47.3624438629],[-94.1532319701,47.3650034809],[-94.1582577462,47.3647588983],[-94.1634967381,47.3617291977],[-94.1637432222,47.3586741203],[-94.1662739743,47.3574111755],[-94.16743149671818,47.35767986553213],[-94.16776,47.36204],[-94.1706672299,47.3624488904],[-94.1691782218,47.3653164423],[-94.17002199621493,47.365662924323296],[-94.16803,47.36569],[-94.16831,47.36935],[-94.16323,47.36942],[-94.16270627860823,47.370919747621905],[-94.1589394745,47.3707328225],[-94.1597386565,47.3725193614],[-94.15956800589592,47.37698930293723],[-94.1529,47.37705],[-94.1527863164313,47.37957110031777],[-94.15133497602353,47.38082],[-94.14209547410113,47.38048503122284],[-94.14225,47.37714],[-94.14758,47.3771],[-94.14769210752489,47.37467320181414],[-94.1489923861,47.3750246285],[-94.1466746694,47.3728530712],[-94.1474688727,47.3689728894],[-94.1457500426,47.365294005],[-94.1470966124,47.3628067402],[-94.149636148,47.3624438629]]]},"properties":{"flat_pct":99}},{"type":"Feature","geometry":{"type":"Polygon","coordinates":[[[-94.12653581354878,47.37126549534402],[-94.1281316943,47.372444416],[-94.12855835250345,47.37340841576711],[-94.12653,47.37337],[-94.12653581354878,47.37126549534402]]]},"properties":{}},{"type":"Feature","geometry":{"type":"Polygon","coordinates":[[[-94.14191,47.38449],[-94.1459367384,47.3871081188],[-94.1445383429,47.3903973993],[-94.1407544198,47.3906309334],[-94.13658,47.38862842209339],[-94.14191,47.38811],[-94.14191,47.38449]]]},"properties":{"flat_pct":100}},{"type":"Feature","geometry":{"type":"Polygon","coordinates":[[[-94.2618015029,47.5473545404],[-94.2591575287,47.5446287825],[-94.25886218479667,47.54199561963294],[-94.2542318528,47.5425071584],[-94.2536080596,47.5445840716],[-94.251610016,47.5465635294],[-94.2544730752,47.5486373236],[-94.25501,47.5526852786],[-94.2603973133,47.5583922397],[-94.2647239512,47.5592930364],[-94.2604432812,47.5515497281],[-94.2621510653,47.5489810062],[-94.26505754870274,47.549167236174746],[-94.26499,47.5504],[-94.26577912608509,47.54980300348184],[-94.2686897537,47.5546050723],[-94.2731215285,47.5583360638],[-94.2740894826,47.5638296696],[-94.2780624988,47.5665364615],[-94.2822587694,47.5668647825],[-94.2803438905,47.5589967744],[-94.28206233066088,47.55708277112401],[-94.2829076382,47.556866306],[-94.2834957299,47.556862698],[-94.2848713765,47.5573454131],[-94.2857694959431,47.558151554295016],[-94.28468,47.55816],[-94.28432,47.55901],[-94.28407,47.55813],[-94.28403,47.559],[-94.28458,47.55906],[-94.28489,47.55823],[-94.28586,47.55825],[-94.2870342646,47.5607845139],[-94.2891254087,47.5612781866],[-94.290386671,47.5631968568],[-94.2890320302,47.5662997933],[-94.2888656721,47.5696935668],[-94.2876071033,47.5711599483],[-94.2928614174,47.5718623183],[-94.2940086333,47.5681132374],[-94.29741,47.56812],[-94.2990881666,47.5712938034],[-94.29817637143123,47.57491291923743],[-94.2955962478,47.5774388947],[-94.2915089364,47.5780399867],[-94.2870467437,47.5774410631],[-94.2818291158,47.5743890962],[-94.282228182,47.5776323008],[-94.2850350809,47.5804258834],[-94.2855490108,47.5825800871],[-94.28518734785102,47.58412517344388],[-94.28468,47.58425],[-94.28359,47.58455],[-94.28331,47.58649],[-94.28071,47.58599],[-94.27945717577724,47.58722907165584],[-94.2792594175,47.5831100612],[-94.2766326737,47.5802550718],[-94.2759007329,47.5753388811],[-94.2737093296,47.570739042],[-94.2623033919,47.5648708944],[-94.2569841365,47.5635808561],[-94.2530394989,47.5586154619],[-94.2495006927,47.5559041949],[-94.24901,47.552013638],[-94.2454570153,47.5493638762],[-94.2454084476,47.5443795376],[-94.2483253423,47.5414064662],[-94.2492782206,47.5384023133],[-94.25159087556816,47.537114007914006],[-94.2469810991,47.5324509029],[-94.2412258517,47.5324588852],[-94.2338169869,47.5367246463],[-94.2301727941,47.5376891167],[-94.211327002,47.5381309383],[-94.2032060577,47.5342352829],[-94.1987103308,47.5346687843],[-94.191385473,47.5368123157],[-94.182764601,47.5373136609],[-94.1750706457,47.5393416408],[-94.1849794171,47.5528344595],[-94.1875378301,47.5550398049],[-94.1880181652,47.558005107],[-94.1965866104,47.5596227815],[-94.2016146173,47.5584622197],[-94.2065415963,47.5593179148],[-94.216976056,47.5665408536],[-94.2229531628,47.5676025104],[-94.2383427615,47.5767703397],[-94.2391967235,47.5807998454],[-94.2361232346,47.5826242746],[-94.2218306116,47.5743215324],[-94.2215606955,47.5770804864],[-94.2235278333,47.578852397],[-94.2239019482,47.5808463012],[-94.2226903695,47.5828064332],[-94.2199588603,47.5838713751],[-94.2268637126,47.5885814059],[-94.2281270298,47.5914242546],[-94.2345355425,47.5952519796],[-94.2357026886303,47.59686064736509],[-94.22532,47.59688],[-94.22532,47.5933],[-94.2218538995,47.593030072],[-94.2190382889,47.5904235547],[-94.2157631857,47.5891039564],[-94.2129767354,47.5847966388],[-94.2099899534,47.5844041253],[-94.2102573947,47.5885410992],[-94.209112202,47.593202862],[-94.2058010089,47.5950162719],[-94.2034675707,47.5945805783],[-94.2008014739,47.5908707546],[-94.2006137972,47.5885823369],[-94.2018442846,47.586978681],[-94.2037514903,47.5865156328],[-94.2048469716,47.583824045],[-94.2067799031,47.582658836],[-94.2059890234,47.5813497939],[-94.2025962828,47.5813430975],[-94.2007830283,47.579934486],[-94.2011632774,47.5735436079],[-94.2027228433,47.5722576974],[-94.2057722731,47.5717541492],[-94.2108008012,47.5728618563],[-94.2126532142,47.5747630866],[-94.2124293032,47.5786731076],[-94.2143307905,47.578922995],[-94.2145039494,47.5745242071],[-94.217543092,47.5726964947],[-94.2145388592,47.5720885105],[-94.2086407977,47.5676311489],[-94.2055480478,47.5688648212],[-94.1996922788,47.5648335254],[-94.1964317416,47.56583205],[-94.1920543183,47.5645327183],[-94.1921610671,47.5663150439],[-94.1903041992,47.570436678],[-94.1921192748,47.5733679751],[-94.190853533,47.5776271603],[-94.196788845,47.5800324724],[-94.1980396106,47.5825183334],[-94.1962805467,47.5857934734],[-94.1942774874,47.5860647024],[-94.19266088,47.5851211719],[-94.1910277085,47.5888236326],[-94.1936566734,47.5871213855],[-94.1959328055,47.5874235456],[-94.1972388576,47.5889662833],[-94.1972776324,47.5909598858],[-94.1995486863,47.5928288972],[-94.2001189637,47.5945111539],[-94.19865637836644,47.598102552230905],[-94.1969509114,47.5997452524],[-94.1933918307,47.6000736124],[-94.19331,47.59719],[-94.1892048608,47.5965629994],[-94.184701222,47.5907701897],[-94.1844902075,47.5887298578],[-94.1864105703,47.5845674527],[-94.1853108244,47.5819744242],[-94.1824807676,47.5827019571],[-94.180499138,47.58154212],[-94.1798922419,47.5796140409],[-94.1807256518,47.5771404741],[-94.1756825204,47.5746798868],[-94.1746497002,47.5716266947],[-94.1724988996,47.5698864307],[-94.1736543632,47.5642485676],[-94.17203900794101,47.564190602552465],[-94.16834,47.56055],[-94.168611765,47.5576730738],[-94.16505,47.55572],[-94.16523616305477,47.55640647626447],[-94.1633575968,47.55616473],[-94.1599977202,47.5574814161],[-94.15629,47.5574],[-94.1533,47.55849],[-94.15315401423568,47.55934158362514],[-94.1521643518,47.5575745339],[-94.1447666412,47.5610017285],[-94.1501437447,47.560961616],[-94.1521796023,47.5620233891],[-94.1528798456,47.5639195619],[-94.15208492167012,47.56597965989951],[-94.14923,47.56546],[-94.14762,47.56658],[-94.14962,47.56708],[-94.15282,47.57044],[-94.15703,47.57047],[-94.15809527130557,47.56916488852679],[-94.1608843569,47.5690876523],[-94.16344,47.56749],[-94.1653978083,47.5681244643],[-94.1670184202,47.5704592674],[-94.1657658278913,47.5742089381637],[-94.16212,47.57313],[-94.16143939622809,47.57507458220547],[-94.1583267807,47.5751607777],[-94.1560995879,47.5781119745],[-94.1520560491,47.58062342],[-94.1587089733,47.5814768765],[-94.1607026712,47.5857421198],[-94.16561,47.5861],[-94.16812675067892,47.584741083107026],[-94.1700059077,47.5850952798],[-94.1732437965,47.5826449627],[-94.1762307824,47.584124697],[-94.17641711247798,47.58672472464265],[-94.17315,47.5885],[-94.17299077726435,47.590352011820066],[-94.17131,47.59154],[-94.17073,47.59346],[-94.16659,47.59344],[-94.1649807259,47.5965736539],[-94.1604564511,47.5962760252],[-94.1577816848,47.5973640837],[-94.1553222703,47.5957731344],[-94.1523935241,47.5962063494],[-94.1507344279,47.5946190632],[-94.1509238838,47.5914098671],[-94.150177339,47.5908077013],[-94.14738871705428,47.6006504368451],[-94.14256,47.60061],[-94.14271,47.5969],[-94.13561242449174,47.5969],[-94.1354158282,47.5946375204],[-94.136885803,47.5928736463],[-94.1432842385,47.5926131713],[-94.1452216766,47.586825629],[-94.1468965452,47.5854459913],[-94.143436827,47.5847970007],[-94.1417052986,47.5862223949],[-94.139702768,47.5908859686],[-94.1361364202,47.5911226947],[-94.134534765,47.5883199962],[-94.1350517801,47.5859241127],[-94.1320135475063,47.584421540977175],[-94.1316396205,47.576272499],[-94.1282355255,47.5746876239],[-94.12631248749761,47.57604928288615],[-94.11394,47.57544],[-94.11504,47.58073],[-94.10429,47.58075],[-94.10546,47.58611],[-94.10889872132358,47.58612285503298],[-94.1064531212,47.5866821385],[-94.101902462,47.5856837487],[-94.0990624944,47.5884078273],[-94.096202712,47.5883219745],[-94.0957392441,47.5907254824],[-94.0939174772,47.5931657968],[-94.088924018,47.5951090868],[-94.0829700922,47.5949013096],[-94.080993148,47.5922173965],[-94.0827162165,47.5893638491],[-94.0901417833,47.5883341082],[-94.0904286758,47.5862971719],[-94.08829,47.58121],[-94.08297,47.58144],[-94.08325627665057,47.58266652473229],[-94.0690582997,47.5803435948],[-94.0671978541,47.581886367],[-94.0637057719,47.5820324668],[-94.06240834207698,47.585028023042035],[-94.06063,47.57806],[-94.0527152164,47.5776863621],[-94.05251184284684,47.578382362295955],[-94.04552,47.57866],[-94.04606,47.58244],[-94.04722170567462,47.582421954086605],[-94.0406644768,47.5836654177],[-94.0422503447,47.5872213796],[-94.0438226101,47.5894239065],[-94.0531523702,47.5937036933],[-94.05416189,47.5954548876],[-94.0537235151,47.5976221122],[-94.0562064839,47.5982702914],[-94.058514475,47.6016333663],[-94.0603954773,47.600156434],[-94.0654648467,47.5997759834],[-94.067951877,47.5972583453],[-94.0757316481,47.5975408181],[-94.0778514701,47.5994132738],[-94.07802253619813,47.600169277733706],[-94.0681,47.60016],[-94.06807465005666,47.605620377797116],[-94.064513778,47.6058496394],[-94.0646038457,47.6083849674],[-94.0628665291,47.6102444861],[-94.05734,47.61042487203882],[-94.05734,47.60739],[-94.0517286176,47.6068707862],[-94.0515614665,47.6048563701],[-94.0525130855,47.6033499117],[-94.0513318881,47.6011255504],[-94.0517665401,47.5989369086],[-94.0482458674,47.5983649223],[-94.0399171939,47.5940836291],[-94.0337060288,47.5848638014],[-94.0315629868,47.5835293315],[-94.0265508498,47.5825615806],[-94.0241897015,47.5850394486],[-94.0204487237,47.5834131245],[-94.01675502190709,47.58453813038423],[-94.01558,47.58261],[-94.01180353161286,47.580304780755355],[-94.0131382327,47.5756591694],[-94.0149693664,47.5748031547],[-94.0178832881,47.5751287445],[-94.0185235046,47.5721907865],[-94.022259475,47.5699605584],[-94.0208793359,47.5670799389],[-94.0227548318,47.5646309853],[-94.02614316585988,47.565350956433115],[-94.02625,47.57112],[-94.03159,47.57098],[-94.03157021610316,47.56995971617772],[-94.0336882884,47.571063698],[-94.0342876397,47.568640206],[-94.0362895987,47.5672922546],[-94.03531,47.56451],[-94.03981,47.56393],[-94.03988,47.56765],[-94.04436,47.56718],[-94.04426960002775,47.56026440212354],[-94.0462848722,47.5608760643],[-94.0473886872,47.5592985548],[-94.0483110819,47.5556474518],[-94.0477630726,47.5541519094],[-94.0426435601,47.5546107082],[-94.0411779119,47.5556544273],[-94.04318471085806,47.5596880259181],[-94.03521,47.56086],[-94.02605,47.56032],[-94.02606933012589,47.56136382679858],[-94.0218153142,47.5601995698],[-94.0146505551,47.5601919233],[-94.0126683209,47.5609698663],[-94.007510172,47.559879232],[-94.0034951866,47.560369617],[-94.0003860458,47.5583387591],[-94.0007320908,47.5550233479],[-94.0024718733,47.5539942858],[-94.0079071573,47.5537103059],[-94.0110231314,47.554814301],[-94.0224889156,47.5542120769],[-94.02599311368773,47.55512231571206],[-94.02598,47.55672],[-94.03511,47.55721],[-94.03499512719067,47.553017142459325],[-94.0381363106,47.5504545355],[-94.03715697414654,47.54940687318023],[-94.03951,47.54888],[-94.03941,47.54515],[-94.0420426192093,47.54448759903766],[-94.0421632678,47.5459761763],[-94.0443764198,47.5483437343],[-94.04871,47.54684],[-94.04866,47.53876],[-94.0481183199,47.5371805716],[-94.0404714565,47.5386067679],[-94.03829460593542,47.537944114615],[-94.03922,47.53768],[-94.03913,47.53396],[-94.03742408293674,47.53445848225875],[-94.03569216443974,47.531276185048405],[-94.03902,47.53028],[-94.03885,47.52292],[-94.03421,47.52436],[-94.03411,47.52071],[-94.03125,47.52007],[-94.03123,47.5273],[-94.03234663892096,47.527557407023984],[-94.0333225594,47.5322969842],[-94.03233902251802,47.53485259279468],[-94.027861886,47.5343108433],[-94.0247448852,47.5245034448],[-94.024036304,47.5270005408],[-94.0214841791,47.5280563494],[-94.0223997676,47.5302473427],[-94.021465484,47.5330012643],[-94.02600454034065,47.535720237277026],[-94.0261,47.54209],[-94.01542,47.54229],[-94.01537,47.53862],[-94.01003,47.53873],[-94.00998,47.53506],[-94.00850972310114,47.53507627612803],[-94.0102646265,47.5328461886],[-94.00903479641129,47.53140908218957],[-94.00993,47.53139],[-94.00988,47.52772],[-94.01522,47.52762],[-94.01522657979616,47.52521398786978],[-94.0186377197,47.5256470761],[-94.0184997109,47.5241748286],[-94.01523395896578,47.52251567151143],[-94.01525,47.51665],[-94.0108928785,47.5160568254],[-94.007383416,47.5169537585],[-94.0030205916,47.5165794438],[-94.0033191879,47.5185404249],[-94.0070473934,47.5185635025],[-94.0098994636139,47.52057685369882],[-94.00989,47.52405],[-93.99914,47.52442],[-93.99906,47.50982],[-94.0042863276432,47.509634738385785],[-94.00453,47.51325],[-94.00993,47.51304],[-94.00985589488177,47.510075795271014],[-94.01104179015786,47.50872538516565],[-94.0073593321,47.5086598051],[-94.0047544519,47.5067574163],[-94.0042,47.50238],[-94.00242451,47.4990546885],[-93.98864738164528,47.498971287530615],[-93.9874707817,47.4980442866],[-93.98583470101642,47.49542],[-93.98827,47.49542],[-93.98828743200959,47.49067326379061],[-93.9911503501,47.4926086904],[-94.0005152175,47.4933318981],[-94.0033566713,47.4927037872],[-93.9992923342,47.4912265267],[-93.9954259482,47.4915934197],[-93.9905524535,47.4882233261],[-93.98830795148959,47.48508580938374],[-93.98832986878602,47.479117729567434],[-93.9918040941,47.478578063],[-93.994802566,47.4805065915],[-93.9948143073,47.4839110483],[-93.9969711389,47.4854586985],[-93.9997143648,47.4851073767],[-94.0048810083,47.4867248741],[-94.0086569924,47.4893196036],[-94.0138569548,47.4882205857],[-94.012059805,47.4850670784],[-94.011868239,47.4809293459],[-94.0127762158,47.4791626634],[-94.0161044588,47.4779136199],[-94.0198992474,47.4784940281],[-94.024369638,47.4817805865],[-94.0291012261,47.4836940239],[-94.0302366734,47.4893185143],[-94.0331356607,47.4895108341],[-94.0328498846,47.4867657879],[-94.0310526142,47.4841452133],[-94.0327475321,47.4813195596],[-94.0276209982,47.4740791397],[-94.02644193030615,47.46958323129226],[-94.03087,47.46955],[-94.0308559628537,47.46672073518288],[-94.03421,47.46590029305136],[-94.03421,47.46682],[-94.0352116264,47.4615958712],[-94.03703186,47.4607169165],[-94.0392343996,47.4613656825],[-94.0408453453,47.4658638359],[-94.0399396283,47.4693524717],[-94.0343729458,47.4726607006],[-94.0381867151,47.4787670601],[-94.0412386631,47.4807074968],[-94.042254437,47.4861325247],[-94.0447581656,47.4858434627],[-94.0446211637,47.4827715731],[-94.0469694496,47.4811950931],[-94.0495848826,47.482271776],[-94.0516590631,47.4864791159],[-94.0545516244,47.4843914714],[-94.0589666412,47.484180215],[-94.0605447037,47.4865274378],[-94.0593633405,47.489223011],[-94.0597671825,47.4915536606],[-94.0618881026,47.4915180384],[-94.0647282111,47.4930771388],[-94.06762765992838,47.50037598202503],[-94.06259354231888,47.50628075293335],[-94.060836809,47.5061519772],[-94.0590429794,47.5047187106],[-94.0587982641621,47.50240695983684],[-94.0527620269,47.4997368276],[-94.0514385508,47.4976431952],[-94.0490273047,47.4992625431],[-94.0465205212,47.4987176053],[-94.0444672961,47.4947762389],[-94.0451987184,47.5009359692],[-94.042734232,47.5042409945],[-94.0443304119,47.5057125],[-94.0498420981,47.5034484389],[-94.0523330676,47.5056635618],[-94.0516038218,47.5093056958],[-94.0527812697,47.5135341938],[-94.0506195661,47.516006334],[-94.0517745772,47.5183697011],[-94.0512210682,47.5216105755],[-94.0489371119,47.5237810979],[-94.0526831699,47.5263047782],[-94.0542469253,47.5325470184],[-94.0557201519,47.5348522545],[-94.0612779653,47.5332617357],[-94.0662627137,47.5335812221],[-94.0708921549,47.5358467381],[-94.0772832499,47.5344973278],[-94.0781672061,47.5330131036],[-94.0752450744,47.5302925503],[-94.0751394371,47.5259222952],[-94.0723371951,47.5225309429],[-94.0729262037,47.5181745414],[-94.0751182236,47.5164593258],[-94.0782640337417,47.516966525595],[-94.07731,47.51801],[-94.07918,47.52193],[-94.08088415704525,47.523022883322504],[-94.0816985453,47.5256965868],[-94.0811419738,47.5275489522],[-94.08402681265981,47.52567408698829],[-94.08961,47.52599],[-94.09373,47.52494],[-94.0945,47.52434],[-94.09371754431531,47.520977380528656],[-94.0949711294,47.5206242096],[-94.09645,47.52136],[-94.09867,47.52632],[-94.10042,47.52673],[-94.09947,47.52449],[-94.10014,47.52313],[-94.0994,47.52251],[-94.09959,47.51853],[-94.10309,47.51569],[-94.10276,47.51428],[-94.10399,47.5118],[-94.10255085484881,47.51062996329173],[-94.1042106183,47.509984173],[-94.1050073859,47.5060200819],[-94.1073573801,47.5049912728],[-94.109955832,47.5066534722],[-94.1101925252,47.5106924934],[-94.1145672371,47.5132843319],[-94.1223938252,47.5126962056],[-94.1230883383,47.5096998033],[-94.1257786655,47.5088269486],[-94.1307320599,47.5135826422],[-94.1314139877,47.5159698425],[-94.1333286262,47.5155026411],[-94.1369083479,47.5116023122],[-94.1419586998,47.5102897865],[-94.1442276407,47.508245803],[-94.1467407888,47.5087605918],[-94.1479354997,47.5113242614],[-94.1461461478,47.5147445494],[-94.1401153855,47.516761014],[-94.1356550013,47.5212537409],[-94.1326974789,47.5221746424],[-94.1327923507,47.5231568446],[-94.135154995,47.5225411185],[-94.1371022595,47.5237577691],[-94.138258487,47.5271847319],[-94.1370107662,47.5297358678],[-94.1385623915,47.5302997211],[-94.1472959549,47.5306538778],[-94.1514652666,47.5274955172],[-94.1577039507,47.5286953211],[-94.1566551769,47.5239225998],[-94.1601884803,47.5158395323],[-94.1624980173,47.5145474769],[-94.1621803554,47.5105011615],[-94.1639077647,47.5089885033],[-94.1661988385,47.5091403554],[-94.1690419169,47.5127673822],[-94.1705992572,47.517950639],[-94.1693386312,47.5198364025],[-94.1644702066,47.5219556784],[-94.1629935276,47.5245269985],[-94.1656375477,47.5258201079],[-94.1665488164,47.5302781513],[-94.1689603717,47.5309605153],[-94.1700038599,47.5331087751],[-94.1729627491,47.5317617601],[-94.1755259013,47.5333141652],[-94.1758232859,47.5272382907],[-94.1739072283,47.5254424579],[-94.1736827883,47.5228480928],[-94.1715233478,47.5209327004],[-94.1723080231,47.51769295],[-94.1747570002,47.5169291229],[-94.1792499202,47.5189377645],[-94.1797272539,47.5226582335],[-94.1820542795,47.5258279784],[-94.1817780232,47.529917641],[-94.1832916546,47.5286339711],[-94.1822735546,47.5238285886],[-94.1858390343,47.5187094972],[-94.1863314868,47.5156699227],[-94.1910666938,47.5127658934],[-94.1935095047,47.513549217],[-94.1944536902,47.5159344705],[-94.1884934125,47.525176242],[-94.1901767635,47.5287811711],[-94.189875081,47.5308850335],[-94.1995923176,47.528480277],[-94.1950180379,47.5216791959],[-94.1960535333,47.518718021],[-94.1980013922,47.5173783099],[-94.2029784124,47.5184559106],[-94.2038399018,47.52058427],[-94.2028442482,47.5227874426],[-94.20709496959903,47.52962699179556],[-94.2121077276,47.5321258221],[-94.2296541208,47.5316999388],[-94.23475791341818,47.5292651590831],[-94.2255750365,47.5230784342],[-94.2231512648,47.5187971062],[-94.2251961577,47.515865675],[-94.2277435818,47.5161682492],[-94.23086080250205,47.5195016001298],[-94.2322767204,47.5166880597],[-94.2353607244,47.5166265905],[-94.2367649898,47.5184432128],[-94.237085646,47.5236192197],[-94.2410951505,47.522967162],[-94.2425942831,47.524323043],[-94.2431557699,47.5264562027],[-94.2460774717,47.5264521504],[-94.2516485768,47.5221917999],[-94.2564748505,47.5217623435],[-94.25869588698079,47.517879407037825],[-94.25962,47.51868],[-94.262,47.51772],[-94.2646117731,47.5202220217],[-94.261498644,47.5251159477],[-94.2675713933,47.5267077336],[-94.2686465784,47.5287365399],[-94.2679722664,47.5309313933],[-94.265355361,47.5320044924],[-94.2524947932,47.5294850746],[-94.2579617957,47.5359514224],[-94.26228565636363,47.53619267129412],[-94.25979,47.53953],[-94.26223,47.53641],[-94.26296,47.5366],[-94.26229,47.53725],[-94.26275,47.5381],[-94.26404,47.53811],[-94.26477750782965,47.53744132623445],[-94.2686154694,47.5386411168],[-94.26908784039672,47.53785746340953],[-94.26893,47.53879],[-94.26981,47.53887],[-94.27216,47.5381],[-94.27147,47.53728],[-94.27357,47.53736],[-94.27614692784105,47.538686937920694],[-94.27604,47.54267],[-94.28667,47.5427],[-94.28648119474697,47.546857568734985],[-94.2855977516,47.5455679929],[-94.280294374,47.5458667183],[-94.2729123427,47.5438225438],[-94.2687210381,47.5447175573],[-94.2656333823,47.5441018783],[-94.26522435657695,47.54603015817962],[-94.2654,47.54266],[-94.26048,47.54264],[-94.26109,47.53904],[-94.26005,47.54414],[-94.26285,47.54555],[-94.26187,47.54641],[-94.26353,47.54726],[-94.2618015029,47.5473545404]],[[-94.28266,47.5575],[-94.28298,47.55694],[-94.2826,47.55698],[-94.28266,47.5575]],[[-94.28409,47.5576],[-94.28271,47.55784],[-94.28407,47.55813],[-94.28409,47.5576]],[[-94.03165,47.57459],[-94.03404441357331,47.57506153413081],[-94.0321950407,47.576210073],[-94.0270081672,47.5762507864],[-94.0352098468,47.578742145],[-94.03551,47.57171],[-94.03159,47.57098],[-94.03165,47.57459]],[[-94.02071,47.53852],[-94.02066,47.53485],[-94.01532,47.53496],[-94.01537,47.53862],[-94.02071,47.53852]],[[-94.02059,47.51658],[-94.02058,47.52023],[-94.02307538387365,47.52019261597193],[-94.0244188435,47.5219676273],[-94.026237851,47.5196577159],[-94.02593,47.51652],[-94.03127,47.51646],[-94.0315315692,47.5135881998],[-94.03300534367764,47.51342256436749],[-94.03415,47.51522],[-94.04027,47.51631],[-94.04169,47.51554],[-94.04283,47.51634],[-94.04247,47.5155],[-94.03997,47.51466],[-94.04199,47.51195],[-94.04062,47.5097],[-94.03706297860064,47.50695691497955],[-94.03793,47.50635],[-94.03714,47.50549],[-94.03875,47.50407],[-94.03847,47.50253],[-94.03198,47.50219],[-94.03236314132414,47.50384404913103],[-94.0308384708,47.5021845076],[-94.0308782185,47.4987515016],[-94.0327895426,47.4967165541],[-94.0327155893,47.4955988063],[-94.0229679691,47.4933979195],[-94.0181681372,47.4960441211],[-94.0180722974178,47.503793825098256],[-94.0206261943,47.503686081],[-94.02251,47.50482],[-94.02137,47.50529],[-94.02182,47.50716],[-94.02836,47.50762],[-94.02873947440739,47.50593008879357],[-94.0298695842,47.5056713628],[-94.03263650085897,47.507322796588916],[-94.03149,47.50795],[-94.03162258248173,47.51116340247048],[-94.0291182499,47.5123141216],[-94.023668503,47.5127411105],[-94.02053163616418,47.51118207279298],[-94.02046,47.50934],[-94.01512,47.50939],[-94.01525,47.51665],[-94.02059,47.51658]],[[-94.03418,47.49827],[-94.03419101461037,47.49296936690023],[-94.0342,47.47782],[-94.03418,47.49827]],[[-94.2674551372,47.5612648079],[-94.2662808574,47.560122741],[-94.2657106656,47.5599219412],[-94.2674551372,47.5612648079]],[[-94.26483,47.55345],[-94.26484,47.55336],[-94.26476,47.55345],[-94.26483,47.55345]],[[-94.26535,47.55162],[-94.26587,47.55094],[-94.26494,47.55134],[-94.26535,47.55162]],[[-94.13723,47.5370817484],[-94.134475045,47.5351982863],[-94.1355122265,47.5382771636],[-94.137692609,47.54040382],[-94.13723,47.5370817484]],[[-94.1221806392,47.5311282317],[-94.1253856378,47.5323020064],[-94.1255157672,47.5276542455],[-94.1268432608,47.5239730145],[-94.1225188326,47.5192000779],[-94.1191622809,47.518481288],[-94.1138316683,47.5193985229],[-94.1094551009,47.517332849],[-94.105175055,47.5196743402],[-94.1052335747,47.5215714665],[-94.1078708067,47.5216677835],[-94.1102986286,47.5242699111],[-94.1112296031,47.5290052506],[-94.113509061,47.5303430349],[-94.1221806392,47.5311282317]],[[-94.0923892518,47.5413354219],[-94.0869940645,47.5413505763],[-94.0841041765,47.5388225333],[-94.0815919752,47.5388821293],[-94.0796892667,47.5401025957],[-94.0805226638,47.5411270295],[-94.0904781747,47.5424765837],[-94.0925978519,47.5444117875],[-94.0965645678,47.5455238301],[-94.0983087388,47.5478166269],[-94.1011976427,47.5485796302],[-94.1031998198,47.5475888435],[-94.1071177884,47.5480014118],[-94.111576733,47.5495347304],[-94.1150479861,47.5528040918],[-94.1161311626,47.5554658013],[-94.11818535029401,47.55483958620645],[-94.11872,47.55553],[-94.1179,47.55675],[-94.12181,47.55893],[-94.12545,47.55629],[-94.12219655171357,47.55531419420856],[-94.119984933,47.5527787909],[-94.1209979594,47.5463482872],[-94.1228508495,47.5445741059],[-94.1248717128,47.5446179594],[-94.1267557844,47.5461003153],[-94.1292112491,47.5446432104],[-94.1317646537,47.5458597057],[-94.1323162761,47.5480885598],[-94.1305370897,47.5562498715],[-94.1342869534,47.5588781748],[-94.1367460703,47.5580103538],[-94.1389316814,47.5589680986],[-94.139891425,47.5574928596],[-94.1386158213,47.5553376969],[-94.1394690041,47.5529183995],[-94.1437966424,47.55056337],[-94.1472520581,47.5514018301],[-94.1502139539,47.5486007418],[-94.1408376101,47.5494830808],[-94.135675304,47.5468176146],[-94.1306118312,47.5418601762],[-94.1294512996,47.5390797603],[-94.1264965278,47.5399478532],[-94.1239147538,47.538684613],[-94.1225067758,47.5406624321],[-94.1202335382,47.5409856488],[-94.116715812,47.5367622058],[-94.1121215678,47.5364482135],[-94.0954632795,47.5289664242],[-94.0933721182,47.5301504751],[-94.0903690454,47.5302616707],[-94.0904378701,47.5317242153],[-94.093766984,47.5332895052],[-94.0947182128,47.53745444],[-94.0943207759,47.5394363218],[-94.0923892518,47.5413354219]],[[-94.0453266523,47.5311062634],[-94.0481150462,47.531008066],[-94.0474700322,47.5296350242],[-94.041340065,47.5288328945],[-94.0453266523,47.5311062634]],[[-94.0395069753,47.5239404036],[-94.0394922257,47.5238864187],[-94.039440113,47.5240228588],[-94.0395069753,47.5239404036]],[[-94.0396211899,47.5217285425],[-94.0390736606,47.5211658559],[-94.0395244765,47.5220822747],[-94.0396211899,47.5217285425]],[[-94.054649103,47.5561133575],[-94.0528686437,47.5621889338],[-94.0515035343,47.5637137849],[-94.0536465788,47.5678124357],[-94.0633692791,47.5654360378],[-94.0661111466,47.5619852923],[-94.0668325526,47.5594619822],[-94.0701675649,47.5576263038],[-94.0712599558,47.5550980549],[-94.0728739737,47.5540721047],[-94.0721004069,47.5497000899],[-94.0748667145,47.5436822638],[-94.073975679,47.5425869794],[-94.0712507528,47.5420017825],[-94.0669228084,47.5421652905],[-94.0680828528,47.5445772329],[-94.0677092866,47.5473014591],[-94.0695957677,47.5511067385],[-94.0689118756,47.5535792297],[-94.0662731465,47.5545974853],[-94.0541586592,47.5521036304],[-94.054649103,47.5561133575]],[[-94.0806070272,47.5473774492],[-94.0799195086,47.5503558311],[-94.0784546722,47.5516879751],[-94.0791556532,47.5524974032],[-94.0805748719,47.5503643841],[-94.0853446699,47.547753467],[-94.0806070272,47.5473774492]],[[-94.1430907795,47.5414069301],[-94.1406161559,47.5427186493],[-94.1425180858,47.5436441626],[-94.1494444477,47.5424422537],[-94.1521452358,47.5454274248],[-94.1555366667,47.542198835],[-94.1588821995,47.5353936291],[-94.1529983774,47.5334728678],[-94.1501051234,47.5362117006],[-94.1475356629,47.5366635227],[-94.1462697873,47.5387750816],[-94.1441021181,47.5392720308],[-94.1430907795,47.5414069301]],[[-94.1674749549,47.5488480814],[-94.1712202269,47.552243355],[-94.1698233944,47.5498608177],[-94.170012929,47.5477902139],[-94.168292133,47.5454134744],[-94.1621873525,47.542084483],[-94.1601384484,47.546111318],[-94.1572198737,47.5490616868],[-94.1598493418,47.5511226649],[-94.1643497069,47.5488111671],[-94.1674749549,47.5488480814]],[[-94.1732984431,47.5532989266],[-94.174782992,47.5578309063],[-94.1761521338,47.5587228554],[-94.1799945967,47.5589530274],[-94.1817462733,47.5579325313],[-94.1765610256,47.5514443311],[-94.1732984431,47.5532989266]],[[-94.1781658818,47.5694040481],[-94.1812371104,47.5703038552],[-94.1840537485,47.5721476388],[-94.18383472,47.5703459561],[-94.1810554866,47.5689309632],[-94.1797046701,47.5669028895],[-94.1781658818,47.5694040481]],[[-94.1395471598,47.5697967978],[-94.1417021178,47.5670331318],[-94.1388778184,47.5661475785],[-94.1395471598,47.5697967978]],[[-94.1333192137,47.5703659618],[-94.1328926764,47.5652174389],[-94.1268401322,47.5609857039],[-94.1212029098,47.5625502859],[-94.1247648193,47.568571684],[-94.1273804299,47.5682582075],[-94.1293007574,47.5703691079],[-94.1333192137,47.5703659618]],[[-94.0908896521,47.5574952241],[-94.0936027971,47.5613038375],[-94.0960367658,47.557816459],[-94.0908896521,47.5574952241]],[[-94.0795435599,47.5623172585],[-94.0797301287,47.5623890108],[-94.079713281,47.5622427468],[-94.0795435599,47.5623172585]],[[-94.104438472,47.5593424565],[-94.1035970574,47.5604558437],[-94.1019799306,47.5612820978],[-94.1052635584,47.5609999386],[-94.1054122092,47.5598988153],[-94.104438472,47.5593424565]],[[-94.1031407998,47.567204456],[-94.1005479665,47.5674272558],[-94.0996326128,47.56812114],[-94.1015493463,47.5692838284],[-94.1038346348,47.5689964004],[-94.1031407998,47.567204456]],[[-94.1154364748,47.5644199316],[-94.1093618762,47.5666306682],[-94.1096846535,47.5674521683],[-94.1132986638,47.5684098997],[-94.1135872204,47.5660038121],[-94.1154364748,47.5644199316]],[[-94.093917492,47.5717157308],[-94.0936868406,47.5744646645],[-94.0940657355,47.57457427],[-94.0957342595,47.5727875898],[-94.093917492,47.5717157308]],[[-94.0853675621,47.5713034572],[-94.0858029711,47.5746919589],[-94.0874179149,47.573452983],[-94.0853675621,47.5713034572]],[[-94.0795844329,47.5732847058],[-94.0795157074,47.572641247],[-94.079150572,47.5724481954],[-94.0795844329,47.5732847058]],[[-94.0798225568,47.5742024104],[-94.0797988928,47.5740947568],[-94.0798135691,47.574298279],[-94.0798225568,47.5742024104]],[[-94.079717764,47.5753202001],[-94.0796101693,47.5759804403],[-94.0796551804,47.5759877587],[-94.079717764,47.5753202001]],[[-94.0736879375,47.5750175407],[-94.0720015108,47.572814582],[-94.0653624168,47.5736638889],[-94.0736879375,47.5750175407]],[[-94.0627326008,47.5732363054],[-94.0616347224,47.5718648902],[-94.0593117423,47.5726801057],[-94.0627326008,47.5732363054]],[[-94.0467247482,47.5675233385],[-94.044670115,47.566802832],[-94.0477266999,47.5705249979],[-94.0467247482,47.5675233385]],[[-94.0408217691,47.5717906312],[-94.0411040179,47.5772597312],[-94.0446651982,47.5769923802],[-94.0454008232,47.5761385182],[-94.0426695648,47.5743810132],[-94.0408217691,47.5717906312]],[[-94.1016127566,47.5768458963],[-94.098357889,47.5790286444],[-94.1016887005,47.5795702032],[-94.1052169495,47.5769031192],[-94.1083670454,47.5765661877],[-94.1094687564,47.5741503944],[-94.1083591246,47.5735819829],[-94.1018185806,47.5752972364],[-94.1016127566,47.5768458963]],[[-94.144117571,47.5739877885],[-94.1435278034,47.5773625131],[-94.1458695339,47.5786155941],[-94.14775,47.57738],[-94.14759653033623,47.57561350135936],[-94.1511713135,47.573573899],[-94.145699326,47.5719595228],[-94.144117571,47.5739877885]],[[-94.1582228125,47.5904900936],[-94.1578253813,47.5906238088],[-94.157672284,47.590886798],[-94.1582228125,47.5904900936]],[[-94.1380577252,47.5805461597],[-94.1374141717,47.5792073599],[-94.1370761939,47.5791067713],[-94.136812469,47.5799959302],[-94.1380577252,47.5805461597]],[[-94.0508552129,47.5451137803],[-94.0505618705,47.5449907812],[-94.0503031196,47.5451165],[-94.0508552129,47.5451137803]],[[-94.0607288408,47.5417536479],[-94.0591089502,47.5431985131],[-94.0614223997,47.5446447219],[-94.0607288408,47.5417536479]],[[-94.0195553085,47.5387009613],[-94.0195768327,47.5390784049],[-94.0201161429,47.5389279657],[-94.0195553085,47.5387009613]],[[-94.0467198173,47.5134088349],[-94.046705516,47.5133699423],[-94.0466837353,47.5133847018],[-94.0467198173,47.5134088349]],[[-94.0512072511,47.4911133899],[-94.0503137691,47.491525623],[-94.0504777734,47.4922332954],[-94.0512072511,47.4911133899]],[[-94.0581546646,47.4956155209],[-94.0577989125,47.4956313464],[-94.058310908,47.4959028404],[-94.0581546646,47.4956155209]],[[-94.0085849011304,47.497044882664376],[-94.010257058,47.5027394916],[-94.0119294158,47.5027070186],[-94.012487121,47.5000170677],[-94.01067233924898,47.49515860560472],[-94.0094296827,47.4952737149],[-94.0085849011304,47.497044882664376]]]},"properties":{"flat_pct":98}},{"type":"Feature","geometry":{"type":"Polygon","coordinates":[[[-94.2505088907,47.5815347391],[-94.2476181904,47.5866661837],[-94.2453382462,47.5869380886],[-94.2435338163,47.5855181904],[-94.2433553841,47.5829590728],[-94.2460618096,47.5792738163],[-94.2488895943,47.5792157705],[-94.2505088907,47.5815347391]]]},"properties":{"flat_pct":100}},{"type":"Feature","geometry":{"type":"Polygon","coordinates":[[[-94.256222068,47.5837275597],[-94.2586213128,47.5860417168],[-94.25861622052233,47.587325383009265],[-94.25704,47.58854],[-94.25412,47.58842],[-94.25196397252965,47.5868721036567],[-94.2539785384,47.5842160805],[-94.256222068,47.5837275597]]]},"properties":{"flat_pct":100}},{"type":"Feature","geometry":{"type":"Polygon","coordinates":[[[-94.254287932,47.5907324403],[-94.2527373137,47.5899392632],[-94.25191701682863,47.58852330142719],[-94.25635924967844,47.59035141122364],[-94.254287932,47.5907324403]]]},"properties":{}},{"type":"Feature","geometry":{"type":"Polygon","coordinates":[[[-94.1328666019,47.5879795463],[-94.1314163138,47.5929494375],[-94.1330856087,47.5960865022],[-94.13305202273246,47.5969],[-94.13203,47.5969],[-94.13192,47.60059],[-94.12334633331204,47.600497636232824],[-94.1243795658,47.5980791636],[-94.1271265192,47.597329441],[-94.1253103021,47.5936574242],[-94.12706526418225,47.586190767342735],[-94.13221,47.58621],[-94.13210377889193,47.58524298708222],[-94.1328666019,47.5879795463]]]},"properties":{"flat_pct":100}},{"type":"Feature","geometry":{"type":"Polygon","coordinates":[[[-94.22117866883247,47.60049100436148],[-94.22085033892412,47.596905204855695],[-94.22532,47.59688],[-94.22531,47.60046],[-94.22117866883247,47.60049100436148]]]},"properties":{"flat_pct":100}},{"type":"Feature","geometry":{"type":"Polygon","coordinates":[[[-94.1662381424,47.5972578365],[-94.17476998254129,47.59719083172843],[-94.1748032396,47.5978612877],[-94.173108338514,47.60086581917901],[-94.16526068638822,47.60080010104108],[-94.1662381424,47.5972578365]]]},"properties":{"flat_pct":100}},{"type":"Feature","geometry":{"type":"Polygon","coordinates":[[[-94.1826480591,47.5940189788],[-94.1851379168,47.5946366594],[-94.18796948236833,47.59798040826992],[-94.18793,47.60091],[-94.19325,47.60092],[-94.19323,47.60439],[-94.18792,47.60439],[-94.18791,47.60786],[-94.18573172833887,47.607866313830904],[-94.183849199,47.6049541109],[-94.18262,47.606832370057774],[-94.18262,47.60439],[-94.17791329252736,47.60437269592841],[-94.1804657655,47.595818237],[-94.1826480591,47.5940189788]]]},"properties":{"flat_pct":95}},{"type":"Feature","geometry":{"type":"Polygon","coordinates":[[[-94.1324465517,47.6039555441],[-94.13192,47.60059],[-94.14256,47.60061],[-94.14244,47.60409],[-94.1324465517,47.6039555441]]]},"properties":{"flat_pct":100}},{"type":"Feature","geometry":{"type":"Polygon","coordinates":[[[-94.2017302359,47.6254195872],[-94.19257297122553,47.62221880048097],[-94.19314755127891,47.61554330462971],[-94.2007960227,47.6191379249],[-94.2042388905,47.6136685285],[-94.1996159012,47.6106789674],[-94.19731832506115,47.60784234512071],[-94.19858,47.60784],[-94.1986,47.60431],[-94.20219779323556,47.60425640159053],[-94.20394249050597,47.60621068357054],[-94.20392,47.60783],[-94.21196445483534,47.60779230339815],[-94.21457338719885,47.609762460937546],[-94.21453,47.61494],[-94.20393,47.61502],[-94.20386,47.61863],[-94.20784292659862,47.618611177095474],[-94.2058237516,47.6236346738],[-94.2017302359,47.6254195872]],[[-94.20392,47.60783],[-94.2031,47.60839],[-94.20396,47.60839],[-94.20392,47.60783]]]},"properties":{"flat_pct":100}},{"type":"Feature","geometry":{"type":"Polygon","coordinates":[[[-94.22913236371194,47.61858917126324],[-94.21470460231058,47.61858016516998],[-94.21453,47.61494],[-94.22883394149639,47.61495775784171],[-94.2296073216,47.6168432584],[-94.22913236371194,47.61858917126324]]]},"properties":{"flat_pct":100}},{"type":"Feature","geometry":{"type":"Polygon","coordinates":[[[-94.236260344,47.6263538808],[-94.2377636038915,47.629485164705706],[-94.23513,47.62947],[-94.23513,47.631960315398],[-94.23038,47.62998],[-94.23068073794268,47.63129793980757],[-94.22996885697164,47.63079272828374],[-94.2301,47.62583],[-94.22689018128784,47.62581772535865],[-94.22695764423385,47.622227197454414],[-94.23295843645145,47.62224139715204],[-94.232897747,47.6254714228],[-94.236260344,47.6263538808]]]},"properties":{"flat_pct":100}},{"type":"Feature","geometry":{"type":"Polygon","coordinates":[[[-94.2051476759,47.6262193168],[-94.2115146386,47.6240926491],[-94.21435727692544,47.62191190161394],[-94.21426,47.62583],[-94.21956376750792,47.6257153792031],[-94.2219712474,47.6267598659],[-94.224787544289,47.63197356439694],[-94.22463,47.64375],[-94.21613612744588,47.64361146589107],[-94.2157099904,47.6409928842],[-94.2129545644,47.6380660127],[-94.21280672944711,47.63657379653067],[-94.21937351250429,47.63622122277525],[-94.22063682,47.6373586973],[-94.21938452445845,47.63509643031534],[-94.21944,47.62943],[-94.2089,47.62946],[-94.20887171307166,47.631288364186226],[-94.2035002282,47.6334823751],[-94.2024856670469,47.633015213397414],[-94.20351,47.63302],[-94.20363,47.62947],[-94.20143419650742,47.62946592992865],[-94.2051476759,47.6262193168]],[[-94.2217700676,47.6384319169],[-94.2210646116,47.6379050849],[-94.221616403,47.6399327788],[-94.2217700676,47.6384319169]]]},"properties":{"flat_pct":93}},{"type":"Feature","geometry":{"type":"Polygon","coordinates":[[[-94.2482463182,47.6376725007],[-94.2576926782,47.6309763188],[-94.2596194844,47.6304587901],[-94.26148035009835,47.63060155492871],[-94.26146,47.63303],[-94.2660774789458,47.63301254261268],[-94.2661612099,47.6339694844],[-94.2646410179,47.6363545949],[-94.260553472,47.636548077],[-94.2562483364,47.6394868447],[-94.2559702405,47.6421228604],[-94.2546811797,47.6436798234],[-94.25093319066659,47.64468862292833],[-94.25092,47.64376],[-94.2485329358942,47.64376],[-94.2477130058,47.6418342596],[-94.2482463182,47.6376725007]]]},"properties":{"flat_pct":100}},{"type":"Feature","geometry":{"type":"Polygon","coordinates":[[[-94.2466488841,47.6377045022],[-94.24567932664506,47.641192459759765],[-94.24562189616047,47.63638519037331],[-94.2466488841,47.6377045022]]]},"properties":{}},{"type":"Feature","geometry":{"type":"Polygon","coordinates":[[[-94.1928859602,47.6361901009],[-94.1947980295,47.6405622691],[-94.19382625680001,47.64366],[-94.18755364460327,47.64366],[-94.1884627654,47.6409577284],[-94.18690148649519,47.636446462007356],[-94.1928859602,47.6361901009]]]},"properties":{"flat_pct":100}},{"type":"Feature","geometry":{"type":"Polygon","coordinates":[[[-94.1533548603,47.6365332155],[-94.1540521139,47.6375596254],[-94.15816548137273,47.636779424482256],[-94.15812968867026,47.64239887877057],[-94.1555554333,47.6464545848],[-94.15275049975178,47.64715945556925],[-94.1487460291,47.6428200457],[-94.14748,47.63642],[-94.1533548603,47.6365332155]]]},"properties":{"flat_pct":90}},{"type":"Feature","geometry":{"type":"Polygon","coordinates":[[[-94.22725694506578,47.64375],[-94.2261242282,47.646186349],[-94.2246428600873,47.646827847558605],[-94.22463,47.64375],[-94.22725694506578,47.64375]]]},"properties":{}},{"type":"Feature","geometry":{"type":"Polygon","coordinates":[[[-94.2395381868,47.6488627445],[-94.2389177329,47.6530428869],[-94.2372987833,47.6557849282],[-94.23757634486358,47.65795102098913],[-94.22998,47.65803],[-94.22993,47.6509],[-94.2246817156,47.6503103081],[-94.2252992586,47.6480988112],[-94.2272996919,47.6469717156],[-94.231546318,47.6484491995],[-94.2334699204,47.6503792419],[-94.2353728837953,47.64730487173967],[-94.23809508686251,47.647292350106426],[-94.2395381868,47.6488627445]]]},"properties":{"flat_pct":100}},{"type":"Feature","geometry":{"type":"Polygon","coordinates":[[[-94.1663766264,47.6576401398],[-94.1664994976,47.6510026625],[-94.17142,47.65056],[-94.17141,47.64711],[-94.17424223133303,47.64706244387687],[-94.175013229,47.6499814454],[-94.1740525752,47.6526491967],[-94.17229009211071,47.654106063094865],[-94.16929,47.65413],[-94.1693,47.65589],[-94.17144,47.65585],[-94.17145,47.65767],[-94.17275381646728,47.65765910459777],[-94.17245816422813,47.66130349118758],[-94.17144,47.66131],[-94.17142768998704,47.66354426735124],[-94.1676636271,47.6661366429],[-94.16603750005252,47.665882480615046],[-94.1643133571,47.6635336271],[-94.1663766264,47.6576401398]]]},"properties":{"flat_pct":100}},{"type":"Feature","geometry":{"type":"Polygon","coordinates":[[[-94.2100648374,47.6614655878],[-94.20883463511764,47.65983133574448],[-94.20880704509625,47.65651677494748],[-94.2104927739,47.655266305],[-94.2125099423,47.6553960869],[-94.21409782848033,47.65661347481315],[-94.21411,47.65807],[-94.21719096778845,47.65808164827141],[-94.2184124063,47.6596459722],[-94.21943,47.66533],[-94.21416,47.6653],[-94.21414,47.66169],[-94.2100648374,47.6614655878]]]},"properties":{"flat_pct":100}},{"type":"Feature","geometry":{"type":"Polygon","coordinates":[[[-94.1604476688,47.6673932611],[-94.15815,47.66863],[-94.15815,47.66501],[-94.16066,47.66499],[-94.1604476688,47.6673932611]]]},"properties":{"flat_pct":100}},{"type":"Feature","geometry":{"type":"Polygon","coordinates":[[[-94.1439107811,47.666412293],[-94.14531117722167,47.66509591643199],[-94.15279929897629,47.665293770580874],[-94.15279,47.66866],[-94.14369910541689,47.66871947314213],[-94.1439107811,47.666412293]]]},"properties":{"flat_pct":100}},{"type":"Feature","geometry":{"type":"Polygon","coordinates":[[[-94.2123107579,47.6726742944],[-94.21196506978538,47.668911594192735],[-94.21801496149085,47.66893455393355],[-94.21945906953623,47.672014572783254],[-94.21862,47.67234],[-94.21864770652287,47.67889721041534],[-94.2152321789,47.6770523569],[-94.2123107579,47.6726742944]]]},"properties":{"flat_pct":100}},{"type":"Feature","geometry":{"type":"Polygon","coordinates":[[[-94.1309925792,47.6802920723],[-94.1294704104,47.6789621047],[-94.1291374804,47.6769683721],[-94.13247846872096,47.67265498175652],[-94.1438370958481,47.67251724180002],[-94.1478107692,47.6738723681],[-94.1492080073,47.6756944009],[-94.1487480225,47.6782181551],[-94.146505323,47.6794636347],[-94.1417600688,47.6791007604],[-94.13887403302226,47.6775528921489],[-94.1387,47.67615],[-94.13336,47.67619],[-94.13383534794107,47.680088590090385],[-94.1309925792,47.6802920723]]]},"properties":{"flat_pct":97}},{"type":"Feature","geometry":{"type":"Polygon","coordinates":[[[-94.191872145,47.6775203635],[-94.1995761658,47.6774917062],[-94.2023980801,47.6759314085],[-94.2049321697,47.6771876432],[-94.2053861561,47.6797124833],[-94.2033949236,47.6821226818],[-94.20265996997679,47.68530731881445],[-94.20263,47.68313],[-94.19203,47.68316],[-94.19203465080433,47.68483428955743],[-94.1899294264,47.6866388361],[-94.18146,47.6868],[-94.1824254772,47.6855776623],[-94.18144969538028,47.685655394548355],[-94.18139568418323,47.679655996967874],[-94.185142238,47.6792914834],[-94.1875619602,47.6803079557],[-94.1887328296,47.6786831054],[-94.191872145,47.6775203635]]]},"properties":{"flat_pct":100}},{"type":"Feature","geometry":{"type":"Polygon","coordinates":[[[-94.12933,47.69043],[-94.1293,47.68683],[-94.1280292515,47.6863630244],[-94.1317463368,47.6831286363],[-94.13418649527198,47.68296854261831],[-94.13467832450354,47.69356788084738],[-94.1295536987,47.6920854835],[-94.12795946492588,47.69045316397308],[-94.12933,47.69043]]]},"properties":{"flat_pct":97}},{"type":"Feature","geometry":{"type":"Polygon","coordinates":[[[-94.17074250033048,47.68859773761652],[-94.18146,47.6868],[-94.18146765231023,47.69231731567107],[-94.1735786681,47.6943490172],[-94.1703634974,47.6972666002],[-94.1664118212,47.6961342183],[-94.16574220317466,47.69398065709548],[-94.17075,47.69399],[-94.17074250033048,47.68859773761652]]]},"properties":{"flat_pct":98}},{"type":"Feature","geometry":{"type":"Polygon","coordinates":[[[-94.12401,47.70121],[-94.12402031598509,47.69876511153181],[-94.12607250006711,47.70121],[-94.12401,47.70121]]]},"properties":{}},{"type":"Feature","geometry":{"type":"Polygon","coordinates":[[[-94.146119054,47.7118617206],[-94.1437154578,47.7099284374],[-94.144102895,47.7071267186],[-94.1486411575,47.7055713853],[-94.1535970376,47.7076378028],[-94.1530449263,47.7049835216],[-94.1546838345,47.7021419592],[-94.15411512626335,47.70117225793382],[-94.15619,47.70118],[-94.15617,47.69758],[-94.1508,47.69756],[-94.15081594586856,47.69947350422654],[-94.1481556639,47.6975884952],[-94.1455972336,47.6973128023],[-94.1429313563,47.6983233959],[-94.13503835233105,47.6939660035056],[-94.14006,47.69391],[-94.14003094773251,47.68972647348161],[-94.1434248728,47.6916742524],[-94.1502246994,47.6917895353],[-94.1536210347,47.6941684052],[-94.1556550648,47.6942209641],[-94.1584275964,47.6906743214],[-94.16099522353066,47.69018416591625],[-94.16127,47.69761],[-94.1622371935,47.697666903],[-94.161126287,47.6997303308],[-94.16141,47.70285501553923],[-94.1599780787,47.7054068466],[-94.1593595297,47.7129406269],[-94.1568320099,47.7141372685],[-94.146119054,47.7118617206]]]},"properties":{"flat_pct":98}},{"type":"Feature","geometry":{"type":"Polygon","coordinates":[[[-94.164632897,47.716359229],[-94.1682604361,47.7142935524],[-94.1653827238,47.7154454869],[-94.1631666396,47.7148446136],[-94.1620070205,47.7122648812],[-94.1632598329,47.7100262696],[-94.1666504722057,47.70843893835053],[-94.17594445130497,47.70849026052427],[-94.1756960688,47.710565528],[-94.1742698682,47.7119193055],[-94.1747544001,47.7146947643],[-94.1724819388,47.7190373424],[-94.1684485548,47.7211155883],[-94.1645707215,47.7258474616],[-94.1620419707,47.7262791328],[-94.16133648042332,47.72597626031227],[-94.1613759647123,47.72040897556496],[-94.164632897,47.716359229]]]},"properties":{"flat_pct":91}},{"type":"Feature","geometry":{"type":"Polygon","coordinates":[[[-94.1296365368,47.7212584667],[-94.1283488549,47.7197003629],[-94.1278052840886,47.71574673383686],[-94.13439484923906,47.715623946908586],[-94.13481563811924,47.7192048789262],[-94.12968,47.71929],[-94.1296365368,47.7212584667]]]},"properties":{"flat_pct":100}},{"type":"Feature","geometry":{"type":"Polygon","coordinates":[[[-94.25138600401637,47.71739648598099],[-94.2599177904,47.715992674],[-94.26159305,47.7175628915],[-94.261667326,47.7198577904],[-94.2603590373,47.7213986318],[-94.25676988915019,47.72266976151641],[-94.25676,47.71908],[-94.2514,47.71909],[-94.25138600401637,47.71739648598099]]]},"properties":{"flat_pct":100}},{"type":"Feature","geometry":{"type":"Polygon","coordinates":[[[-94.192967764,47.7159671034],[-94.2065162627,47.7159590344],[-94.2091562706,47.7187339212],[-94.2094379556,47.7238622402],[-94.2038573635,47.7286397549],[-94.1960487259,47.7283519046],[-94.192858715,47.7253963735],[-94.19242094214295,47.7231540988509],[-94.20278,47.72326],[-94.20269,47.71963],[-94.19195,47.71953],[-94.19186411722443,47.71689626154924],[-94.192967764,47.7159671034]]]},"properties":{"flat_pct":98}},{"type":"Feature","geometry":{"type":"Polygon","coordinates":[[[-94.1290538892,47.7225511503],[-94.1322749718,47.7257732619],[-94.1322921891,47.7290388303],[-94.1311982374,47.7307385601],[-94.1284080138,47.731201581],[-94.1258278201,47.7288214776],[-94.1223019199,47.7275548584],[-94.11969535593391,47.72988281362091],[-94.11951,47.72321],[-94.12468,47.72309],[-94.12463666281975,47.72192150121422],[-94.1264687454,47.7228527484],[-94.1290538892,47.7225511503]]]},"properties":{"flat_pct":95}},{"type":"Feature","geometry":{"type":"Polygon","coordinates":[[[-94.17834343198543,47.73022225938477],[-94.1791896246,47.7281781382],[-94.1812924646317,47.72727067314897],[-94.18132,47.73025],[-94.17834343198543,47.73022225938477]]]},"properties":{}},{"type":"Feature","geometry":{"type":"Polygon","coordinates":[[[-94.2514844546598,47.728637139789015],[-94.2544644945,47.7301936073],[-94.25668967206745,47.73360107327782],[-94.25156,47.73363],[-94.2514844546598,47.728637139789015]]]},"properties":{"flat_pct":100}},{"type":"Feature","geometry":{"type":"Polygon","coordinates":[[[-94.1560948613,47.7313267789],[-94.1602815477,47.7303906314],[-94.1626514572,47.73135751],[-94.1652395296,47.7281722513],[-94.1727826247,47.7256549496],[-94.1750236966,47.7261546243],[-94.1762550504,47.7280926247],[-94.17584042780481,47.73019893222558],[-94.17059,47.73015],[-94.17067832436409,47.733064704015064],[-94.1684408628,47.7335180844],[-94.1666527152,47.7359175801],[-94.1639366017,47.7374351857],[-94.1596497618,47.7365544595],[-94.1569932767,47.7375055535],[-94.1550558556,47.7369291758],[-94.1538601515,47.7340857359],[-94.1560948613,47.7313267789]]]},"properties":{"flat_pct":71}},{"type":"Feature","geometry":{"type":"Polygon","coordinates":[[[-94.22738993660187,47.7371344282654],[-94.2243170622,47.7329749389],[-94.21911128653234,47.7328932155884],[-94.21905,47.73012],[-94.2305085572894,47.73003527868917],[-94.2322762728,47.7327737228],[-94.23223066460189,47.73002254591791],[-94.23528,47.73],[-94.23521,47.73721],[-94.22738993660187,47.7371344282654]]]},"properties":{"flat_pct":100}},{"type":"Feature","geometry":{"type":"Polygon","coordinates":[[[-94.17103502717637,47.751484577963744],[-94.1768457325,47.7500358256],[-94.1774931424,47.7473907931],[-94.1747963778,47.7470939259],[-94.17100669154449,47.749117462869876],[-94.1709274432862,47.74249718529283],[-94.17445986684638,47.7410830086384],[-94.18164,47.74117],[-94.18132,47.73025],[-94.18931542312178,47.730353357270275],[-94.194300912,47.7333734981],[-94.1954353629,47.7352954421],[-94.19510035313586,47.73768076849547],[-94.19232,47.73765],[-94.19238341311672,47.7416477834453],[-94.1895313467,47.7418165961],[-94.189200465,47.7424668548],[-94.19238667212657,47.74185324276258],[-94.19255,47.75215],[-94.20072064718305,47.75222586487635],[-94.2010724214,47.7537270694],[-94.2021042979,47.7535621957],[-94.2040175531,47.7507023438],[-94.2078327766,47.7500651864],[-94.2110563524,47.7528476955],[-94.2114240751,47.7555732927],[-94.2166066167,47.7579048907],[-94.2169636606,47.7625276458],[-94.2122598673,47.768152609],[-94.2138833341,47.7702007575],[-94.22242471716287,47.770107844254326],[-94.2217085404,47.7659265339],[-94.2236282081,47.7577467752],[-94.2255135144,47.7560070795],[-94.228054343,47.7563607897],[-94.2293611591,47.7583483178],[-94.2340582423,47.7555230646],[-94.2447054342,47.7555566292],[-94.24657476468526,47.75648799719667],[-94.24659,47.75856],[-94.2473733708,47.7588554342],[-94.2452402634,47.7614169867],[-94.2356670401,47.7614775788],[-94.2334156216,47.7639581423],[-94.2294281841,47.7636089027],[-94.2278703316,47.7672948802],[-94.2292509358,47.7698712105],[-94.2317722192,47.7700770969],[-94.2308723075,47.7668166031],[-94.2337622329,47.7645689176],[-94.2360220796,47.7646357582],[-94.2390342503,47.7667429645],[-94.24042508213864,47.76938734231278],[-94.23845,47.76938],[-94.23843,47.77301],[-94.22503,47.77297],[-94.22495882804456,47.77608063311133],[-94.2128055058,47.7762000205],[-94.210079788,47.7749836106],[-94.2072452813,47.7714853433],[-94.1926224698,47.766613714],[-94.1896312554,47.7644020468],[-94.1870775175,47.7636000465],[-94.18190625137291,47.76403892430443],[-94.18181,47.75856],[-94.17112028310893,47.7584829106955],[-94.17723400920879,47.757340891657044],[-94.1774896376,47.7560899761],[-94.1699547362,47.7572203452],[-94.1688663590148,47.7584666564352],[-94.16101,47.75841],[-94.16111,47.75539],[-94.17642,47.7556],[-94.17641,47.75198],[-94.17103502717637,47.751484577963744]],[[-94.18181,47.75856],[-94.19298942646888,47.75867055057076],[-94.1939683031,47.7601697254],[-94.19587541743604,47.7586990894184],[-94.19799,47.75872],[-94.19796,47.75582],[-94.19511226990313,47.75579358320875],[-94.1949226457,47.7546793799],[-94.1922783679,47.7531444562],[-94.1889431701,47.7531297419],[-94.1867398085,47.7513765428],[-94.1841514052,47.7513493355],[-94.18369584749382,47.75568767947583],[-94.18179,47.75567],[-94.18181,47.75856]],[[-94.1876612705,47.7379256574],[-94.1861976604,47.7356715168],[-94.1853370318,47.7353270331],[-94.1876612705,47.7379256574]],[[-94.1845967216,47.7347989964],[-94.1844027331,47.7347974564],[-94.1847768861,47.7349573295],[-94.1845967216,47.7347989964]],[[-94.2101377151,47.7614301904],[-94.2080207554,47.7575924199],[-94.2069902795439,47.75894721795484],[-94.20199,47.75876],[-94.20103,47.76081],[-94.20319561600859,47.76244809416033],[-94.2023230334,47.7635305289],[-94.20339368397885,47.76375743209081],[-94.20344,47.76606],[-94.20884,47.76595],[-94.20898476426753,47.76276518611429],[-94.2101377151,47.7614301904]]]},"properties":{"flat_pct":91}},{"type":"Feature","geometry":{"type":"Polygon","coordinates":[[[-94.1342606785,47.7555315322],[-94.1362494593,47.7551701977],[-94.140208381,47.7568089783],[-94.1410906502,47.7548340348],[-94.14002985364024,47.75433534213127],[-94.14011,47.75141],[-94.13488,47.75153],[-94.13477845730505,47.75490860239582],[-94.1299369108,47.7558196775],[-94.127747432,47.7570348315],[-94.12672809425771,47.75880178823315],[-94.12423,47.75884],[-94.12563,47.76264],[-94.11979546885694,47.76264],[-94.1105412244031,47.755527057211864],[-94.11906,47.75557],[-94.11921962951226,47.74863569398749],[-94.1208579414,47.7483730218],[-94.1227616775,47.7457443687],[-94.1250572496,47.74579363],[-94.1269726435,47.7474629223],[-94.1294904034,47.7451009874],[-94.1355734454,47.7453758093],[-94.1400704698,47.7423381533],[-94.1431577918,47.7441390748],[-94.1432809729,47.7461566571],[-94.1419488384,47.7481850934],[-94.1438485316,47.7505610418],[-94.1448586797,47.7446886797],[-94.1467003391,47.7430657294],[-94.1529736146,47.7405529803],[-94.1547551761,47.7415078889],[-94.1555265542,47.7433762539],[-94.1532534586,47.7471639569],[-94.1508719182,47.7481277871],[-94.15083004425892,47.7491528222097],[-94.15085,47.74772],[-94.14556,47.74776],[-94.14547,47.75136],[-94.14980309677154,47.75131935181265],[-94.1493249851,47.7538556461],[-94.1471471003,47.7557311109],[-94.1457502906,47.7593783976],[-94.1468059132,47.7603611325],[-94.1519566583,47.7578499348],[-94.15602601507355,47.75803716437438],[-94.15839328922894,47.76431671527437],[-94.1537779296,47.7638351835],[-94.1389720316,47.7714014436],[-94.13264801900247,47.77082886158669],[-94.13131067694344,47.76358316833548],[-94.1375756698,47.7654202073],[-94.1410090128,47.7633675944],[-94.136217964,47.7621141828],[-94.1335039642,47.7601074484],[-94.1328001977,47.7576405407],[-94.1342606785,47.7555315322]]]},"properties":{"flat_pct":89}},{"type":"Feature","geometry":{"type":"Polygon","coordinates":[[[-94.2557794434,47.7716354248],[-94.2523069897,47.7673221832],[-94.2510978575,47.762882619],[-94.25249733793693,47.75864858238706],[-94.25726,47.75872],[-94.25710655650008,47.77176269749432],[-94.2557794434,47.7716354248]]]},"properties":{"flat_pct":100}},{"type":"Feature","geometry":{"type":"Polygon","coordinates":[[[-94.264215613,47.7799655826],[-94.25471891068973,47.78041813246582],[-94.25369687680335,47.77747983032759],[-94.25177511283583,47.77665785551309],[-94.25178,47.7731],[-94.24647,47.77304],[-94.24650380243517,47.76997665431234],[-94.2527203049,47.7700571899],[-94.2603573361,47.7743613793],[-94.263077937539,47.77325749497774],[-94.26804,47.77333],[-94.26802144764736,47.7778196693404],[-94.264215613,47.7799655826]]]},"properties":{"flat_pct":100}},{"type":"Feature","geometry":{"type":"Polygon","coordinates":[[[-94.15335848459813,47.806098585676125],[-94.1540703736,47.803635263],[-94.15537809545101,47.80277528485962],[-94.15558,47.80607],[-94.15335848459813,47.806098585676125]]]},"properties":{"flat_pct":100}},{"type":"Feature","geometry":{"type":"Polygon","coordinates":[[[-94.20194791004704,47.80230503519249],[-94.20327731633375,47.80401683190903],[-94.20314,47.80954],[-94.19774,47.80959],[-94.19787,47.80232],[-94.20194791004704,47.80230503519249]]]},"properties":{"flat_pct":100}},{"type":"Feature","geometry":{"type":"Polygon","coordinates":[[[-94.2223316512,47.8069612946],[-94.22025446852605,47.80948756868255],[-94.2086,47.80953],[-94.20874665216805,47.80589975585286],[-94.22224573058328,47.8058551631982],[-94.2223316512,47.8069612946]]]},"properties":{"flat_pct":100}},{"type":"Feature","geometry":{"type":"Polygon","coordinates":[[[-94.1799444279,47.806415046],[-94.1815029022,47.8090074825],[-94.18155,47.81699],[-94.17671,47.81703],[-94.17692,47.80974],[-94.17401448092139,47.80975236391097],[-94.1730166765,47.8071258814],[-94.1741717222,47.8041940559],[-94.173761219,47.8013107137],[-94.1749303479,47.79966179],[-94.1771722393,47.7991658053],[-94.17910821,47.8004003479],[-94.1804720117,47.8043619663],[-94.1799444279,47.806415046]]]},"properties":{"flat_pct":94}},{"type":"Feature","geometry":{"type":"Polygon","coordinates":[[[-94.12409344892743,47.806108089362645],[-94.127167041,47.8060486445],[-94.1293625069,47.8050800094],[-94.1312673816,47.8057562223],[-94.13447880518171,47.80865687234231],[-94.13465,47.81369],[-94.13121632659623,47.81371606203722],[-94.12935855601357,47.81274893762121],[-94.1293,47.81007],[-94.12411,47.81013],[-94.12409344892743,47.806108089362645]]]},"properties":{"flat_pct":74}},{"type":"Feature","geometry":{"type":"Polygon","coordinates":[[[-94.1522545573208,47.813458622777155],[-94.1518927491,47.8147782741],[-94.15093019869056,47.81583036407648],[-94.15104,47.81465],[-94.1522545573208,47.813458622777155]]]},"properties":{}},{"type":"Feature","geometry":{"type":"Polygon","coordinates":[[[-94.1616985605,47.8181432845],[-94.1715396638,47.8246874069],[-94.17348695314715,47.82799467644242],[-94.16585,47.82803],[-94.16584089710058,47.82868540875825],[-94.1622501394,47.8250270272],[-94.1582680153,47.8240904813],[-94.1559,47.81937],[-94.15316463732371,47.81710437702896],[-94.1560192521,47.8144847849],[-94.15579,47.80972],[-94.16108,47.80964],[-94.1614122355,47.8051884944],[-94.1654997352,47.8020702702],[-94.1681665448,47.8036204268],[-94.1681232077,47.8065884141],[-94.1716185227,47.8080235338],[-94.17286514051506,47.80975725472121],[-94.17222,47.80976],[-94.17196803099523,47.815283160584315],[-94.1683694057,47.818438442],[-94.1653132394,47.8180204635],[-94.1642544701,47.8162985984],[-94.1644423327,47.8144832818],[-94.1632208202,47.814402356],[-94.1630931952,47.8164846767],[-94.1616985605,47.8181432845]]]},"properties":{"flat_pct":87}},{"type":"Feature","geometry":{"type":"Polygon","coordinates":[[[-94.13972645469848,47.80935718646095],[-94.142106366,47.8122236504],[-94.1443830156,47.8133294516],[-94.1432590436,47.8082395925],[-94.1444629013,47.8066158504],[-94.146423587,47.8061244001],[-94.1484487353,47.8072064595],[-94.15044774619231,47.81058595031017],[-94.15061,47.81293],[-94.14891,47.8136],[-94.14874561016391,47.816387126984985],[-94.1468237515,47.8157294929],[-94.14923112634295,47.817330013477616],[-94.15083,47.82227],[-94.15237684883405,47.823910597248236],[-94.149589094,47.8290683452],[-94.1462942378,47.8285627556],[-94.1436837125,47.8240995815],[-94.13977411762896,47.825170980791306],[-94.13972645469848,47.80935718646095]]]},"properties":{"flat_pct":72}},{"type":"Feature","geometry":{"type":"Polygon","coordinates":[[[-94.1927870401,47.8240986069],[-94.18706825264245,47.82267754406919],[-94.1869,47.81691],[-94.1925977167,47.817705398],[-94.1976,47.8168],[-94.19775,47.82057],[-94.2032614543316,47.822457341434095],[-94.20336,47.82431],[-94.1979,47.82431],[-94.19791361738181,47.82682240694622],[-94.1948647694,47.8261052075],[-94.1927870401,47.8240986069]]]},"properties":{"flat_pct":81}},{"type":"Feature","geometry":{"type":"Polygon","coordinates":[[[-94.1993667291,47.8286358887],[-94.2033,47.82801],[-94.20336,47.82431],[-94.20439893274825,47.824313942818776],[-94.2083337141,47.8279627262],[-94.20975318873185,47.83185511856637],[-94.20352835839022,47.83179817625139],[-94.2026760089,47.8309088201],[-94.20275389977431,47.83179109180667],[-94.19598604488462,47.831729182115374],[-94.1993667291,47.8286358887]]]},"properties":{"flat_pct":88}},{"type":"Feature","geometry":{"type":"Polygon","coordinates":[[[-94.1338348396,47.8334970514],[-94.13351031975556,47.831935791404156],[-94.13413,47.83193],[-94.1342,47.83555],[-94.12888,47.83559],[-94.128802475977,47.832791382769635],[-94.1338348396,47.8334970514]]]},"properties":{"flat_pct":88}},{"type":"Feature","geometry":{"type":"Polygon","coordinates":[[[-94.13969942320733,47.82681878500193],[-94.1431998886,47.8258568634],[-94.1449412888,47.8276190561],[-94.1452061464,47.8298425189],[-94.1438407083,47.831640178],[-94.1508691634,47.8306118188],[-94.1532940246,47.8328991199],[-94.1530559034,47.8349063842],[-94.1511994706,47.837448337],[-94.1476054045,47.8378178778],[-94.14908386991445,47.83899562986185],[-94.14488,47.83907],[-94.14491,47.84269],[-94.13964,47.84274],[-94.13969942320733,47.82681878500193]],[[-94.1423860528,47.8325160996],[-94.1432258027,47.8320667121],[-94.1435530448,47.8318133948],[-94.1423860528,47.8325160996]]]},"properties":{"flat_pct":95}},{"type":"Feature","geometry":{"type":"Polygon","coordinates":[[[-94.1226841461,47.8385667835],[-94.1206010742782,47.83565201442488],[-94.12888,47.83559],[-94.12896852853596,47.83879473300171],[-94.1226841461,47.8385667835]]]},"properties":{"flat_pct":100}},{"type":"Feature","geometry":{"type":"Polygon","coordinates":[[[-94.1985197606,47.8385871632],[-94.19657613955954,47.8353007688292],[-94.2034,47.83532],[-94.20357,47.83894],[-94.21264832760423,47.83900712257009],[-94.20828237665575,47.84596936494391],[-94.1988408734911,47.845983427355534],[-94.1968432693,47.8437028308],[-94.1985197606,47.8385871632]]]},"properties":{"flat_pct":94}},{"type":"Feature","geometry":{"type":"Polygon","coordinates":[[[-94.1370109896032,47.84342670259378],[-94.13965267907254,47.84366050066639],[-94.13969,47.84637],[-94.13706,47.8464],[-94.1370109896032,47.84342670259378]]]},"properties":{"flat_pct":100}},{"type":"Feature","geometry":{"type":"Polygon","coordinates":[[[-94.13444,47.84642],[-94.12392,47.84653],[-94.12382308423744,47.84358214555544],[-94.13437488923327,47.84345746011354],[-94.13444,47.84642]]]},"properties":{"flat_pct":100}},{"type":"Feature","geometry":{"type":"Polygon","coordinates":[[[-94.05017,46.98112],[-94.05014,46.97739],[-94.08236971795094,46.97740419811364],[-94.0817490314,46.9799031799],[-94.0793657397,46.981],[-94.0831314749,46.9810089306],[-94.084888271,46.9838418382],[-94.08475083796827,46.98463379315869],[-94.07146,46.98454],[-94.07132,46.9809],[-94.05017,46.98112]]]},"properties":{"flat_pct":87}},{"type":"Feature","geometry":{"type":"Polygon","coordinates":[[[-94.0344200069,46.9999082203],[-94.03273207734588,47.003056141959256],[-94.02570027223044,47.00300312175103],[-94.02794916760199,46.999385333544645],[-94.0344200069,46.9999082203]]]},"properties":{"flat_pct":100}},{"type":"Feature","geometry":{"type":"Polygon","coordinates":[[[-94.0635989104,47.0215525262],[-94.06054783074309,47.022271988098616],[-94.05859,47.02076],[-94.05497,47.02106],[-94.04899371209252,47.02469],[-94.0472336838,47.0224500924],[-94.0483465409,47.0195732177],[-94.0540064155,47.0167341417],[-94.0601119355,47.0162875669],[-94.0610532305,47.0149301205],[-94.0565478091,47.0154166284],[-94.0385589669,47.0135112344],[-94.03734749830045,47.015681919499215],[-94.03811908668438,47.01732256004911],[-94.03755,47.01974],[-94.04029,47.02199],[-94.04168896915434,47.02202116515443],[-94.0419586961484,47.02469],[-94.03521358745388,47.02469],[-94.03457,47.02106],[-94.03324751805243,47.02106243103299],[-94.031250477,47.0168160911],[-94.0265637849,47.0151872912],[-94.0243092827,47.0127422222],[-94.0235974589,47.0064895965],[-94.02404714666295,47.00566249766395],[-94.02408,47.00667],[-94.03049128118998,47.006660900966736],[-94.0296805713,47.0098516246],[-94.0327702027,47.0109971612],[-94.0339784398,47.0091411709],[-94.0378575438,47.0074617501],[-94.0565483017,47.009369673],[-94.0693533251,47.0089025359],[-94.0759034429,47.0098319608],[-94.08146732626973,47.00305233259917],[-94.08264,47.00307],[-94.0826727211,47.0011107035],[-94.0856644254,46.9996146809],[-94.0890048248,46.9993395686],[-94.0908485075,46.9969581881],[-94.09329376756995,46.99700777868448],[-94.09343016770765,47.003856006287876],[-94.0914392576,47.0051343173],[-94.0869129251,47.0056348996],[-94.0816631557,47.0115139053],[-94.0853595602,47.0156209421],[-94.0875433309,47.0248855533],[-94.0885354615,47.0258304395],[-94.09193437641377,47.02540798022436],[-94.09163,47.02657],[-94.09386,47.02651],[-94.09390419088896,47.03183500211995],[-94.0908882927,47.0315527795],[-94.08931644801929,47.036102379146264],[-94.08327906112338,47.03604019632243],[-94.0847351885,47.0305760807],[-94.08282603693624,47.02867614658003],[-94.08306,47.02133],[-94.08031113325278,47.021294333517645],[-94.0798631695,47.0183881684],[-94.0777451184,47.0162466486],[-94.0653710072,47.019232821],[-94.0635989104,47.0215525262]]]},"properties":{"flat_pct":92}},{"type":"Feature","geometry":{"type":"Polygon","coordinates":[[[-94.1088692002229,47.03309539988855],[-94.10947906190012,47.034582169876224],[-94.10767,47.03456],[-94.10701,47.03325],[-94.1088692002229,47.03309539988855]]]},"properties":{}},{"type":"Feature","geometry":{"type":"Polygon","coordinates":[[[-94.1059531608,47.0378797401],[-94.10248116603962,47.036298202881056],[-94.10489,47.03634],[-94.10486029816659,47.03145239830201],[-94.10841952332679,47.032627619099806],[-94.10673,47.03319],[-94.10744,47.03421],[-94.10685,47.03507],[-94.10917667555829,47.03628179637006],[-94.1059531608,47.0378797401]]]},"properties":{"flat_pct":100}},{"type":"Feature","geometry":{"type":"Polygon","coordinates":[[[-94.0566915668,47.0388830981],[-94.061754986,47.0429225438],[-94.0618829472,47.0449398286],[-94.06046168809,47.04672919285127],[-94.0549700497,47.0459439836],[-94.0532899343,47.0443954022],[-94.05300127775496,47.043002334560825],[-94.05641,47.04304],[-94.05645,47.03939],[-94.05417898289117,47.03936893305094],[-94.0566915668,47.0388830981]]]},"properties":{"flat_pct":100}},{"type":"Feature","geometry":{"type":"Polygon","coordinates":[[[-94.1031796299,47.0467922702],[-94.10240547142072,47.04358896887172],[-94.10495,47.04365],[-94.10498,47.04731],[-94.1031796299,47.0467922702]]]},"properties":{"flat_pct":100}},{"type":"Feature","geometry":{"type":"Polygon","coordinates":[[[-94.11577345375308,47.05000265324985],[-94.11848130454732,47.05004977034005],[-94.11846,47.05136],[-94.11978184809777,47.051393525132916],[-94.12096481563366,47.05504369762932],[-94.11576,47.05492],[-94.11577345375308,47.05000265324985]]]},"properties":{"flat_pct":100}},{"type":"Feature","geometry":{"type":"Polygon","coordinates":[[[-94.0707360558,47.0412261461],[-94.0717725879,47.0423506533],[-94.0730139344,47.040409941],[-94.0752044532,47.0397216786],[-94.0778020508,47.0418107418],[-94.07802,47.04347],[-94.07273,47.0505],[-94.0729,47.05784],[-94.07565876402664,47.05784259038876],[-94.0753434011,47.0587512224],[-94.06625144819809,47.06543445753863],[-94.05766882746438,47.06540221225096],[-94.0643189503,47.0586838645],[-94.0701142042,47.0553776246],[-94.0675981438,47.0518821949],[-94.0678059866,47.046765671],[-94.0655419311,47.043162377],[-94.06724,47.04315],[-94.0674921194,47.0404589599],[-94.0707360558,47.0412261461]]]},"properties":{"flat_pct":99}},{"type":"Feature","geometry":{"type":"Polygon","coordinates":[[[-94.10435548243025,47.05439183508351],[-94.10441,47.05121],[-94.11039,47.05113],[-94.11038,47.05475],[-94.10435548243025,47.05439183508351]]]},"properties":{"flat_pct":87}},{"type":"Feature","geometry":{"type":"Polygon","coordinates":[[[-94.1046603968,47.0590946945],[-94.10643,47.06059],[-94.10410822637044,47.061707566047474],[-94.104058536,47.0604225427],[-94.1046603968,47.0590946945]]]},"properties":{}},{"type":"Feature","geometry":{"type":"Polygon","coordinates":[[[-94.1014768263,47.0574657761],[-94.1018685221,47.061570975],[-94.09958,47.06166],[-94.09957331260152,47.06379996751171],[-94.0950036947,47.0658686311],[-94.0885211486,47.0658703482],[-94.0864893201,47.0685793313],[-94.0822943372,47.0702694984],[-94.0811996562,47.0737954405],[-94.0838613197,47.0751957308],[-94.0842555635,47.0785621278],[-94.0807028347,47.0830326025],[-94.079076347535,47.08332145887459],[-94.07839,47.08245],[-94.0788522064,47.0750872095],[-94.07288978112808,47.07656067240156],[-94.06775,47.07643],[-94.06835705351422,47.0800744536551],[-94.0675831673,47.0820189807],[-94.0719110173,47.0815506687],[-94.0728224835258,47.08193788052344],[-94.07238,47.0834],[-94.07411019513644,47.08367124421248],[-94.0739484263,47.0857172729],[-94.0722673336,47.0872812439],[-94.0641950201,47.0885997961],[-94.0611434687,47.0881822673],[-94.0593040701,47.0856948723],[-94.0569622323,47.0852062211],[-94.04628150907452,47.08601139374368],[-94.04628975545339,47.08000802993303],[-94.05167,47.07982],[-94.05168,47.08345],[-94.05698,47.08355],[-94.05698,47.07988],[-94.06246,47.07993],[-94.06244,47.07631],[-94.05998515754712,47.07628712169196],[-94.0574809011,47.0711493727],[-94.05746840737366,47.06903272116005],[-94.0644407360881,47.06913429173812],[-94.0652910413,47.0734857231],[-94.0714313575,47.0704215532],[-94.0763114093,47.0694658008],[-94.07751112833924,47.06604450236429],[-94.0827838296,47.0636527452],[-94.0835626315,47.061634073],[-94.0859716891,47.0599850561],[-94.0950229575,47.0595707948],[-94.0942910348,47.057865651],[-94.0893349806,47.0561993467],[-94.0879174170096,47.0542264053472],[-94.08887,47.05423],[-94.08874,47.04335],[-94.0941,47.04339],[-94.09394847638852,47.03653355658053],[-94.0961589966,47.0374785873],[-94.0973404149,47.040500168],[-94.09949192736627,47.04121660565964],[-94.09953,47.04352],[-94.1004964405,47.0439993718],[-94.0984217963,47.0470485015],[-94.0949966681,47.046720791],[-94.0920459444,47.0488358366],[-94.0988433146,47.0537950061],[-94.1014768263,47.0574657761]]]},"properties":{"flat_pct":94}},{"type":"Feature","geometry":{"type":"Polygon","coordinates":[[[-94.1063066290538,47.063879083929656],[-94.10427415823206,47.062186957400996],[-94.10631,47.06187],[-94.1063066290538,47.063879083929656]]]},"properties":{}},{"type":"Feature","geometry":{"type":"Polygon","coordinates":[[[-94.12124,47.06049],[-94.12124,47.0623],[-94.12674,47.06243],[-94.12669,47.0674],[-94.12207706257395,47.067446255525695],[-94.1201153711,47.0656818764],[-94.11573040943438,47.06472547630423],[-94.11574,47.06216],[-94.11304,47.06207],[-94.11306,47.05846],[-94.12244747583149,47.058700201731455],[-94.1219799332,47.0599119489],[-94.12336494893836,47.060540317552274],[-94.12124,47.06049]]]},"properties":{"flat_pct":94}},{"type":"Feature","geometry":{"type":"Polygon","coordinates":[[[-94.1021310995,47.0727516967],[-94.10369855345064,47.073924303820135],[-94.10275,47.07372],[-94.10312,47.07434],[-94.10236,47.07427],[-94.09889,47.0758],[-94.09865,47.07633],[-94.0993,47.07733],[-94.09931,47.07572],[-94.1039079765396,47.07424143988267],[-94.10476708796678,47.07556713768838],[-94.1046702836,47.0802558866],[-94.10431965343722,47.08100029122325],[-94.09835,47.08083],[-94.09973,47.08206],[-94.09883013863328,47.0830498475034],[-94.0979511402,47.081178296],[-94.0988057709,47.0774009808],[-94.0983616967,47.0746989005],[-94.099843119,47.0729446297],[-94.1021310995,47.0727516967]],[[-94.0993,47.07735],[-94.09932,47.07735],[-94.0993,47.07733],[-94.0993,47.07735]],[[-94.10083,47.07963],[-94.10056,47.07808],[-94.09978,47.07778],[-94.10026,47.07947],[-94.09835,47.08083],[-94.10083,47.07963]]]},"properties":{"flat_pct":87}},{"type":"Feature","geometry":{"type":"Polygon","coordinates":[[[-94.0107503918,47.0766378761],[-94.00869639015181,47.07508780023294],[-94.00933,47.06784],[-94.00695752892153,47.06782672124396],[-94.0065600082,47.0663470199],[-94.0074337216,47.0642236493],[-94.0095529801,47.0633400082],[-94.0114577482,47.0640165216],[-94.0135690644,47.0669533468],[-94.0134009838,47.0711847742],[-94.021385493,47.0699315202],[-94.0239794382,47.0716007437],[-94.0233427217,47.0751177691],[-94.0184903263,47.0763564492],[-94.0169222855,47.0784119322],[-94.0201449307,47.0833550409],[-94.0346430992,47.0835162754],[-94.04093485967259,47.08125398471184],[-94.04091,47.08351],[-94.03552,47.08353],[-94.03545,47.08715],[-94.04265694058316,47.087123381567565],[-94.0352182446,47.0895185333],[-94.0197915318,47.0894042698],[-94.01497410386422,47.09161889580975],[-94.00878596694774,47.092577454299594],[-94.00886,47.08932],[-94.01412,47.08969],[-94.0142,47.08614],[-94.01206563602945,47.08600229909867],[-94.0139666776,47.0848954261],[-94.0105941057,47.0790071354],[-94.0107503918,47.0766378761]]]},"properties":{"flat_pct":98}},{"type":"Feature","geometry":{"type":"Polygon","coordinates":[[[-94.0031953134,47.0884336726],[-94.0061053515,47.0869732207],[-94.00891634192831,47.08648680589055],[-94.00886,47.08932],[-94.00349,47.08926],[-94.00342,47.09264],[-93.99812,47.0897],[-93.99814005658025,47.08853517553166],[-94.0031953134,47.0884336726]]]},"properties":{"flat_pct":100}},{"type":"Feature","geometry":{"type":"Polygon","coordinates":[[[-94.10259492891711,47.08841130575856],[-94.10415,47.09],[-94.1024385457139,47.090920359102505],[-94.1023631195,47.0901132255],[-94.10259492891711,47.08841130575856]]]},"properties":{}},{"type":"Feature","geometry":{"type":"Polygon","coordinates":[[[-94.00369,47.09279],[-94.00833550864404,47.0928356336802],[-94.00572414234951,47.09391780069781],[-94.00369,47.09279]]]},"properties":{}},{"type":"Feature","geometry":{"type":"Polygon","coordinates":[[[-94.0033503612779,47.09446670814383],[-94.00341,47.09298],[-94.00532694547896,47.09404864201987],[-94.0045418107,47.0942938109],[-94.0033503612779,47.09446670814383]]]},"properties":{}},{"type":"Feature","geometry":{"type":"Polygon","coordinates":[[[-94.083620742,47.0984109104],[-94.08513,47.09525],[-94.08975188034734,47.09529851518909],[-94.0905859793,47.0979311597],[-94.09408639367462,47.099379971696315],[-94.09406,47.1026],[-94.08814,47.10244],[-94.08754,47.10076],[-94.083620742,47.0984109104]]]},"properties":{"flat_pct":97}},{"type":"Feature","geometry":{"type":"Polygon","coordinates":[[[-94.0526057692,47.0953945934],[-94.0626955829,47.0945558341],[-94.0643378797,47.0957342539],[-94.06473309213752,47.098327535973674],[-94.06212,47.09827],[-94.06216,47.1019],[-94.06515734288989,47.10193645038126],[-94.0646720346,47.1036500251],[-94.0624858613,47.1049922499],[-94.05167,47.10535],[-94.05168,47.10176],[-94.04897361358758,47.10172511104072],[-94.0498513565,47.097399933],[-94.0526057692,47.0953945934]]]},"properties":{"flat_pct":92}},{"type":"Feature","geometry":{"type":"Polygon","coordinates":[[[-94.1008291423,47.0999868891],[-94.1024039065108,47.10275498481612],[-94.09945,47.1027],[-94.09943408374292,47.10562859130128],[-94.0940434579008,47.10561893310668],[-94.09406,47.1026],[-94.09676,47.10265],[-94.09676,47.09962503221708],[-94.1008291423,47.0999868891]]]},"properties":{"flat_pct":100}},{"type":"Feature","geometry":{"type":"Polygon","coordinates":[[[-94.0237007656,47.1105854139],[-94.0257209967,47.1122583651],[-94.0262944440295,47.115733416478044],[-94.02364,47.11555],[-94.02356,47.11925],[-94.02706826228214,47.11953317812143],[-94.0261398664,47.1213804446],[-94.0242849648,47.1221836581],[-94.0210697367,47.1201536661],[-94.0202712795,47.1159249161],[-94.01673730581403,47.115063103511766],[-94.01842,47.11518],[-94.01853,47.11162],[-94.01354248755112,47.111266407699524],[-94.0144414904,47.1096997627],[-94.0163041006,47.1089145906],[-94.0237007656,47.1105854139]]]},"properties":{"flat_pct":100}},{"type":"Feature","geometry":{"type":"Polygon","coordinates":[[[-94.0526945269,47.1220406649],[-94.0489491905,47.1168438021],[-94.0492728454,47.1137762124],[-94.0509612851,47.1126649145],[-94.0529714666,47.1128770045],[-94.0568111318,47.1175297523],[-94.0621220697,47.1202490011],[-94.0632219623,47.1194274865],[-94.0622476296,47.1159805493],[-94.0602278653,47.11369122],[-94.0578716311,47.1148798332],[-94.0546312369,47.1138235892],[-94.0531192941,47.1124820078],[-94.0528016368,47.1104857849],[-94.05354026456564,47.10901573278952],[-94.05694,47.10908],[-94.05693781363507,47.108284163168165],[-94.0593095226,47.1092682184],[-94.0597790327,47.1074537393],[-94.0613829548,47.1062235987],[-94.0641655278,47.1067305733],[-94.0658098022,47.1111231594],[-94.0680771508,47.1126653048],[-94.0690551028,47.1147393781],[-94.06879765,47.1167128454],[-94.0666161798,47.1196048655],[-94.0690048022,47.1229398058],[-94.0685877715,47.1257395911],[-94.0659620534,47.1283696183],[-94.063681478,47.1286361777],[-94.0615555135,47.1263092681],[-94.0577473344,47.1256666749],[-94.0569,47.12352],[-94.0526945269,47.1220406649]],[[-94.06207,47.10845],[-94.0596,47.10844],[-94.05958,47.10903],[-94.06208,47.10909],[-94.06207,47.10845]]]},"properties":{"flat_pct":99}},{"type":"Feature","geometry":{"type":"Polygon","coordinates":[[[-94.1270853341,47.1259072532],[-94.1241639024,47.1306858192],[-94.11719164549888,47.13228774156674],[-94.11709,47.13078],[-94.12143,47.1309],[-94.12144,47.1291],[-94.11611,47.12899],[-94.11607240267195,47.12630555077657],[-94.1168894414,47.1256317773],[-94.12146,47.12551],[-94.1218806797,47.1237104917],[-94.1242572532,47.1227446659],[-94.1263262869,47.1237402448],[-94.1270853341,47.1259072532]]]},"properties":{"flat_pct":98}},{"type":"Feature","geometry":{"type":"Polygon","coordinates":[[[-94.02969,47.13839],[-94.0297,47.14199],[-94.02414510817529,47.1417062824068],[-94.0222200104,47.1381579116],[-94.02969,47.13839]]]},"properties":{"flat_pct":100}},{"type":"Feature","geometry":{"type":"Polygon","coordinates":[[[-94.01330221354526,47.14287406786423],[-94.005353555,47.1456152131],[-94.003415167,47.1443844695],[-94.0029147869,47.142143555],[-94.00520883575503,47.13945821702746],[-94.00875,47.13892],[-94.0085932303,47.1375219892],[-94.01318,47.13757],[-94.01330221354526,47.14287406786423]]]},"properties":{"flat_pct":93}},{"type":"Feature","geometry":{"type":"Polygon","coordinates":[[[-94.03139540125761,47.14405107131956],[-94.0297,47.14288],[-94.03196,47.14286],[-94.03139540125761,47.14405107131956]]]},"properties":{}},{"type":"Feature","geometry":{"type":"Polygon","coordinates":[[[-94.03519538954451,47.13669792607113],[-94.0429482995,47.1401987256],[-94.0521170073,47.1470707299],[-94.0542698039,47.1500972945],[-94.05645800856458,47.151185546077485],[-94.05643,47.15267],[-94.05801914457626,47.15260807230438],[-94.0630636668,47.1566340242],[-94.0671122389,47.1573878103],[-94.0710481263,47.1600116682],[-94.07248040201716,47.16350533699795],[-94.07248429795048,47.16917781590965],[-94.0703451159,47.1695504273],[-94.068614761,47.1685055906],[-94.06716367410273,47.16634457482584],[-94.06715,47.16304],[-94.0607851499,47.1622784322],[-94.0546788321,47.1586110378],[-94.0530945468,47.1562138531],[-94.05112332341226,47.15523351206252],[-94.05113,47.15287],[-94.04872497804988,47.15290260665571],[-94.0485076492,47.1518743155],[-94.04139427303684,47.14653094439389],[-94.04182,47.14583],[-94.03811138037044,47.144353021290804],[-94.03813,47.14291],[-94.0351,47.14248],[-94.03519538954451,47.13669792607113]]]},"properties":{"flat_pct":98}},{"type":"Feature","geometry":{"type":"Polygon","coordinates":[[[-94.05110632371176,47.16125140603442],[-94.0537046363,47.1632293418],[-94.0539875278,47.1675302034],[-94.0528070882,47.1694996298],[-94.0505797966,47.1700575278],[-94.0487971385,47.1691046679],[-94.04801910223804,47.16714536467442],[-94.05109,47.16703],[-94.05110632371176,47.16125140603442]]]},"properties":{"flat_pct":100}},{"type":"Feature","geometry":{"type":"Polygon","coordinates":[[[-94.0611173848,47.179439313],[-94.05760972930568,47.17785179621416],[-94.06185,47.17774],[-94.06185,47.17406],[-94.05491204304562,47.174272299784406],[-94.0528059489,47.1715688334],[-94.0547501705,47.1685696872],[-94.0586836808,47.1693978839],[-94.05796108169835,47.16687372850915],[-94.06184,47.16678],[-94.06185,47.17042],[-94.0683126419,47.1701094848],[-94.07248684898185,47.172892117572566],[-94.07276732757819,47.17748156387732],[-94.07100126899489,47.18122455649134],[-94.06350633777784,47.181398529173286],[-94.066054772,47.1765400714],[-94.0611173848,47.179439313]]]},"properties":{"flat_pct":100}},{"type":"Feature","geometry":{"type":"Polygon","coordinates":[[[-94.0806568255,47.1795414434],[-94.0824695174,47.17829153],[-94.0815601592,47.1749709104],[-94.0822214824,47.1730608152],[-94.0842352026,47.171957634],[-94.0864391848,47.1726014824],[-94.08848926676806,47.177432667847846],[-94.08842,47.18118],[-94.08306,47.18117],[-94.08319986641901,47.18421003775421],[-94.0825625513,47.1841519218],[-94.0803775124,47.1823559984],[-94.0806568255,47.1795414434]]]},"properties":{"flat_pct":100}},{"type":"Feature","geometry":{"type":"Polygon","coordinates":[[[-94.09378,47.1812],[-94.09390436653058,47.1842179611421],[-94.08854699162877,47.18421399565283],[-94.08842,47.18118],[-94.09378,47.1812]]]},"properties":{"flat_pct":100}},{"type":"Feature","geometry":{"type":"Polygon","coordinates":[[[-94.0300284083,47.1798503906],[-94.0303221861,47.1765299399],[-94.0335023064,47.1755306737],[-94.0367222907,47.1781208872],[-94.0367361994,47.1811949493],[-94.03970620890578,47.18054596821867],[-94.03968,47.18216],[-94.05123,47.18169],[-94.05124,47.18539],[-94.03988,47.18583],[-94.03992413732433,47.18663991990152],[-94.0379580155,47.18706954],[-94.0391794121,47.1901891391],[-94.0387257005,47.1921588999],[-94.0353839815,47.1934268865],[-94.0335816508,47.1920043248],[-94.0313807299,47.1870006306],[-94.0300284083,47.1798503906]]]},"properties":{"flat_pct":100}},{"type":"Feature","geometry":{"type":"Polygon","coordinates":[[[-94.0920675514,47.1918260785],[-94.0923518175,47.1895476424],[-94.09406719864394,47.18816935375937],[-94.1011711915,47.1888349332],[-94.10478148216524,47.19248606397843],[-94.10486,47.19583],[-94.09942854511552,47.19582314210242],[-94.0987034646,47.1945203073],[-94.0934776424,47.1936381825],[-94.0920675514,47.1918260785]]]},"properties":{"flat_pct":100}},{"type":"Feature","geometry":{"type":"Polygon","coordinates":[[[-94.0540759864,47.1910483364],[-94.04997663196262,47.19662468323949],[-94.04585,47.19665],[-94.04516337277465,47.19299847479569],[-94.04774726305813,47.18927963614386],[-94.05421379932658,47.18909378222739],[-94.0540759864,47.1910483364]]]},"properties":{"flat_pct":100}},{"type":"Feature","geometry":{"type":"Polygon","coordinates":[[[-94.01762041305491,47.196966625196204],[-94.0181409165,47.1953363902],[-94.01935,47.19425995539834],[-94.01935,47.19697],[-94.01762041305491,47.196966625196204]]]},"properties":{}},{"type":"Feature","geometry":{"type":"Polygon","coordinates":[[[-94.0060803676,47.2045314417],[-94.0089216588,47.2026606337],[-94.00936,47.20429],[-94.0198,47.2044],[-94.01935,47.19697],[-94.02366411268214,47.197073208437374],[-94.0228291553,47.2019633665],[-94.0233908331,47.2044773134],[-94.0222153769,47.2069117985],[-94.02308626139416,47.211773040286424],[-94.01692887855098,47.211755646549584],[-94.0161949408,47.2095570672],[-94.01481599109137,47.20940648354462],[-94.01475,47.20805],[-94.00947,47.20803],[-94.00963,47.21174],[-94.00415722296957,47.21164600192123],[-94.0060803676,47.2045314417]]]},"properties":{"flat_pct":100}},{"type":"Feature","geometry":{"type":"Polygon","coordinates":[[[-94.0781634929,47.2148352924],[-94.0745676328,47.2149103616],[-94.0726677566,47.2131865891],[-94.0729464701,47.2103719746],[-94.0754337646,47.2090262512],[-94.0737600344,47.2072068543],[-94.0739323139,47.204917226],[-94.0759570024,47.20334193],[-94.0810277454,47.2032250144],[-94.084103614,47.2047011623],[-94.085493092,47.2073444556],[-94.0862528586,47.2073186617],[-94.0852610851,47.1952376886],[-94.0868011651,47.1931860857],[-94.089629498,47.1932024755],[-94.09132149532726,47.19581290592844],[-94.08902,47.19581],[-94.08918,47.20317],[-94.09229440443453,47.203124115588444],[-94.0923095191,47.2039877053],[-94.09461,47.20309],[-94.0944995683116,47.20969749602163],[-94.0915125669,47.2102972723],[-94.088078658,47.2131255104],[-94.0858936365,47.2133460281],[-94.0819328753,47.2181033283],[-94.0791747833,47.2174766988],[-94.0781634929,47.2148352924]]]},"properties":{"flat_pct":100}},{"type":"Feature","geometry":{"type":"Polygon","coordinates":[[[-94.1029005538,47.2167512754],[-94.1010200396,47.2143061731],[-94.1020655444,47.2116676903],[-94.09978856870369,47.209299466657484],[-94.09978,47.20313],[-94.1045623503,47.2051069265],[-94.1094150009,47.2113081873],[-94.1076642299,47.2158899186],[-94.1029005538,47.2167512754]]]},"properties":{"flat_pct":100}},{"type":"Feature","geometry":{"type":"Polygon","coordinates":[[[-94.0772473301,47.2908274674],[-94.0755428673,47.297652678],[-94.07253720676495,47.29802432334108],[-94.07210633561455,47.28772925308801],[-94.0744301064,47.2848587486],[-94.0682900044,47.2819750588],[-94.06667142992698,47.28493317746888],[-94.06662,47.28362],[-94.06133,47.28389],[-94.06146,47.28779],[-94.05615,47.28814],[-94.05606807713724,47.28541606481309],[-94.0597837128,47.2812032655],[-94.06646,47.28004],[-94.0663,47.27645],[-94.061,47.27668],[-94.06107917303204,47.27846139322097],[-94.0520476587,47.2773599891],[-94.0469957392,47.2802845402],[-94.0398759686,47.2827111282],[-94.03485443105924,47.28207596254927],[-94.03465,47.27811],[-94.02944,47.27912],[-94.02985,47.28644],[-94.02508,47.28621],[-94.02486,47.28257],[-94.0222157176908,47.28245557197909],[-94.0228233433,47.2811019524],[-94.02064017167622,47.282387392189186],[-94.01423,47.28211],[-94.01443,47.2857],[-94.00907,47.28544],[-94.00885559999044,47.28119368869957],[-94.0104859353,47.278604874],[-94.0127840279,47.2773912821],[-94.0168890385,47.2777043561],[-93.99804528283735,47.27511423454334],[-93.99803,47.27421],[-93.99278270041077,47.27297865376333],[-93.99279,47.27038],[-93.98231,47.26986],[-93.98223187711939,47.273200534374645],[-93.9801135242,47.2732169132],[-93.9809184125,47.2780878866],[-93.9788111696,47.2799744876],[-93.9765420189,47.2796237268],[-93.975245318,47.2779727418],[-93.97473328830141,47.28026133030831],[-93.9714,47.28013],[-93.97151,47.27654],[-93.96645118831435,47.276321291976],[-93.9694571289,47.2760166049],[-93.9694169461621,47.27284949171908],[-93.97162,47.27294],[-93.97173675499705,47.26944707967123],[-93.98267630484311,47.26628511804846],[-93.99263,47.26671],[-93.99248,47.26304],[-93.98705018019452,47.26237356721487],[-93.98731806556698,47.255783587052264],[-93.9953873477,47.2580018568],[-93.9976805489,47.2637820557],[-93.995820046,47.267802689],[-93.9980767211,47.2690636129],[-94.00316693282097,47.269753673509015],[-94.00317,47.27091],[-94.02416903365732,47.2716324252012],[-94.0335603305,47.2755854185],[-94.0390301628,47.27673],[-94.0506701587,47.2713526585],[-94.0558257891,47.2717762851],[-94.0574148006,47.2695092159],[-94.0617015213,47.2672745644],[-94.0555920737,47.2657217516],[-94.0484706367,47.2613076578],[-94.04748362961762,47.259090261283276],[-94.05669933766669,47.25878580332994],[-94.0584528714,47.2603178555],[-94.0632546951,47.2612237545],[-94.0674745879,47.2642828334],[-94.0728694857,47.2650144702],[-94.0756542497,47.256821268],[-94.0805915708,47.2548517058],[-94.0850436352,47.2517366135],[-94.0870583191,47.2515727221],[-94.08927789200156,47.25440694501146],[-94.08697,47.25446],[-94.08644322103972,47.258042231056436],[-94.07653,47.25826],[-94.07653,47.26183],[-94.07982226992223,47.26175892877629],[-94.0820421942,47.2646710024],[-94.08193806492211,47.2694146895479],[-94.0818,47.26529],[-94.07128,47.26551],[-94.07127,47.26908],[-94.07655,47.26897],[-94.07667029498256,47.271236610724145],[-94.0685953308,47.2704180559],[-94.06609620212524,47.271937668284515],[-94.06597,47.26928],[-94.06068,47.26947],[-94.06084,47.27308],[-94.065432234,47.2729988859],[-94.07712,47.27971],[-94.0843751573,47.2812516832],[-94.0881338075,47.2835905901],[-94.0922429427,47.2841753735],[-94.0973078168,47.2864280907],[-94.1039862528,47.2874865628],[-94.108585589,47.2927530601],[-94.1131776166,47.2945368339],[-94.1165116963,47.2976990282],[-94.11863491533455,47.30083449885585],[-94.11545,47.30082],[-94.11541,47.29711],[-94.10517296851378,47.29784668357424],[-94.1011446538,47.2930243574],[-94.0961406982,47.2941366989],[-94.0884977135,47.2936676177],[-94.0866783781,47.2918590437],[-94.0868333029,47.2894729347],[-94.0811332742,47.2865930219],[-94.0772473301,47.2908274674]],[[-94.0260924179,47.2787212721],[-94.0259786325,47.2795424308],[-94.0261544688,47.278743915],[-94.0260924179,47.2787212721]]]},"properties":{"flat_pct":100}},{"type":"Feature","geometry":{"type":"Polygon","coordinates":[[[-94.09232,47.26507],[-94.1018399982,47.2657778624],[-94.1055444086,47.267542521],[-94.1068201682,47.269184772],[-94.1070169971,47.2715474483],[-94.1104213991,47.270255966],[-94.11331583255095,47.265152013309965],[-94.11335,47.26821],[-94.11780049798928,47.26830729383487],[-94.1156385066,47.2743112431],[-94.1111636603,47.2771330888],[-94.1209499863,47.2851106619],[-94.12398433871847,47.29390768265551],[-94.1190777774,47.2956192912],[-94.1161627473,47.2890227985],[-94.1098225791,47.284571236],[-94.10364907980762,47.27856803749898],[-94.10343,47.27572],[-94.10092143934875,47.27575803250514],[-94.1003054052,47.2717157508],[-94.0978549438587,47.27171552216817],[-94.09761,47.26854],[-94.09236,47.26864],[-94.09245582846762,47.26983620363025],[-94.0874996637,47.2675874506],[-94.086723758,47.2657201138],[-94.0870172107,47.2620641946],[-94.09228,47.26149],[-94.09232,47.26507]]]},"properties":{"flat_pct":100}},{"type":"Feature","geometry":{"type":"Polygon","coordinates":[[[-94.0474690329,47.2888470312],[-94.05080859692517,47.28732451364357],[-94.05095,47.29255],[-94.05603477401002,47.2921485704729],[-94.0538142671,47.2927391503],[-94.0563673191523,47.29536180684932],[-94.05651,47.3001],[-94.0527048924553,47.30036671314566],[-94.0505887843,47.2990713595],[-94.0471259285,47.2930542706],[-94.0474690329,47.2888470312]]]},"properties":{"flat_pct":100}},{"type":"Feature","geometry":{"type":"Polygon","coordinates":[[[-94.0606479909,47.3029745177],[-94.05646760626384,47.30327953021236],[-94.05651,47.3001],[-94.06121483898143,47.29958066323685],[-94.0606479909,47.3029745177]]]},"properties":{"flat_pct":100}},{"type":"Feature","geometry":{"type":"Polygon","coordinates":[[[-94.1074364998,47.3066015201],[-94.1105398325,47.3093168831],[-94.11560973420475,47.31079455654349],[-94.11563,47.31218],[-94.12082,47.31215],[-94.12047,47.31586],[-94.11165525852805,47.316060828469496],[-94.1074509795,47.3145311037],[-94.1046142426,47.3120522827],[-94.0905684717,47.3091143812],[-94.08842728402698,47.30708529915397],[-94.08851153360698,47.30378626296872],[-94.0915190549,47.3025506715],[-94.0987298548,47.3045874939],[-94.09915,47.30574],[-94.1074364998,47.3066015201]]]},"properties":{"flat_pct":100}},{"type":"Feature","geometry":{"type":"Polygon","coordinates":[[[-94.1256135946,47.3254956897],[-94.12686912330015,47.32920020169674],[-94.12151,47.32917],[-94.1213000742,47.3304302502],[-94.1191508806,47.3312383621],[-94.1170597498,47.3302900742],[-94.1162516379,47.3281408806],[-94.1171999258,47.3260497498],[-94.1205799716,47.3240710661],[-94.1256135946,47.3254956897]]]},"properties":{"flat_pct":100}},{"type":"Feature","geometry":{"type":"Polygon","coordinates":[[[-94.08640415133281,47.3397924104333],[-94.084978211,47.3382513882],[-94.08265151984536,47.33978233174533],[-94.07818651767082,47.33977033979679],[-94.07837,47.33617],[-94.08945,47.33616],[-94.08923,47.3398],[-94.08640415133281,47.3397924104333]]]},"properties":{"flat_pct":100}},{"type":"Feature","geometry":{"type":"Polygon","coordinates":[[[-94.031784232,47.328053051],[-94.0354840629,47.3329643988],[-94.0434617777,47.3355687333],[-94.0449084267,47.3352935172],[-94.0449676185,47.3315202542],[-94.0463295724,47.3296716982],[-94.0485997458,47.3293276185],[-94.0503441318,47.3305347319],[-94.05251600744582,47.32964176820522],[-94.05249,47.33278],[-94.05765634049459,47.3331220617467],[-94.05755,47.33633],[-94.05246,47.3364],[-94.05243,47.34001],[-94.06106836468875,47.339889183710646],[-94.06244483931077,47.340762852836875],[-94.06246,47.34356],[-94.07815867951263,47.343825860018114],[-94.07833,47.35085],[-94.08367178715355,47.351402311046336],[-94.08368,47.3544],[-94.09488065961891,47.35437875981109],[-94.09954999760059,47.356088099365884],[-94.09961,47.35815],[-94.0827507702,47.3576520597],[-94.0784511419099,47.35541916007161],[-94.07842,47.35454],[-94.07309435857051,47.353239749811934],[-94.07299,47.35095],[-94.06728977982473,47.35094456085861],[-94.05736521111648,47.344692546273166],[-94.05738,47.34361],[-94.0509131272,47.3426959129],[-94.0484271304,47.3407317184],[-94.0436069383,47.3416306287],[-94.0378402707,47.3412533545],[-94.031706426915,47.33778825681933],[-94.031784232,47.328053051]]]},"properties":{"flat_pct":98}},{"type":"Feature","geometry":{"type":"Polygon","coordinates":[[[-94.01198383552688,47.3472970681743],[-94.00686,47.34748],[-94.00828,47.34672],[-94.01198383552688,47.3472970681743]]]},"properties":{}},{"type":"Feature","geometry":{"type":"Polygon","coordinates":[[[-94.00657,47.34901],[-94.00524,47.34915],[-94.00417629751368,47.34789961989061],[-94.00651508433045,47.34827779107261],[-94.00657,47.34901]]]},"properties":{}},{"type":"Feature","geometry":{"type":"Polygon","coordinates":[[[-94.02654,47.35166],[-94.0264827683109,47.3531346233628],[-94.0215338437355,47.350878495967756],[-94.02654,47.35166]]]},"properties":{}},{"type":"Feature","geometry":{"type":"Polygon","coordinates":[[[-94.0555762403,47.4177329834],[-94.05577,47.41909],[-94.06494395260593,47.41923347487976],[-94.0655977694,47.4216456007],[-94.07218069513146,47.42295722914236],[-94.07223696739267,47.428399560690636],[-94.0669562903,47.4277977133],[-94.06769542748054,47.42968264548176],[-94.05788930672188,47.42973140183109],[-94.0553202306,47.4288738762],[-94.05402182648334,47.427789074655216],[-94.05662,47.42613],[-94.05024,47.42085],[-94.04452874929802,47.42045591227827],[-94.0412488975,47.4164849307],[-94.0418813585,47.4132699795],[-94.0376425658,47.4092209485],[-94.03302930181785,47.40700729460085],[-94.03304,47.40521],[-94.03789819326498,47.402793592973275],[-94.0411954547,47.4042972282],[-94.044113149,47.4074577414],[-94.0473377885,47.4081754287],[-94.0508888751,47.4067667985],[-94.0525394313,47.4037922221],[-94.0524101957,47.4028114804],[-94.0466911005,47.4066839072],[-94.0445181163,47.4059421406],[-94.0435392404,47.4041736345],[-94.0442441713,47.400705902],[-94.0517359669,47.3956617738],[-94.046194107,47.3928707535],[-94.0465171679,47.389501093],[-94.0427665004,47.3810181562],[-94.04348,47.3767],[-94.0431953554383,47.374121215296455],[-94.04507,47.37488],[-94.04319149098343,47.373940745491716],[-94.041704699873,47.370834225499024],[-94.045,47.3712],[-94.04439,47.37183],[-94.04568,47.37129],[-94.04258,47.36971],[-94.0399467367,47.3688493166],[-94.03789,47.36891],[-94.04016,47.36612],[-94.03916,47.36521],[-94.03531,47.36372],[-94.03586,47.36189],[-94.03554,47.35995],[-94.03129,47.35845],[-94.02533,47.35725],[-94.02498,47.35564],[-94.02572678149994,47.35490899557401],[-94.0271192977,47.3555443186],[-94.0275507762,47.3542079336],[-94.02681961500642,47.353288185827964],[-94.02729,47.35221],[-94.0264,47.35139],[-94.01801,47.35012],[-94.0135765897,47.346720339],[-94.00885,47.34651],[-94.00708,47.34688],[-94.0066537795,47.3475404886],[-94.0056641943,47.3454685815],[-94.0064295114,47.3433037795],[-94.013199942,47.3401014346],[-94.0079127317,47.340676701],[-94.0065857688,47.3391519121],[-94.0064687886,47.3373466091],[-94.0023952096,47.335884002],[-93.9978740292,47.3310275352],[-93.9979421437,47.327439432],[-93.99934968226628,47.32570223195445],[-93.9994,47.32878],[-94.00380750340824,47.32881339017734],[-94.008237065,47.3324137264],[-94.008896508,47.335079522],[-94.0134434561,47.3338101829],[-94.0144815499,47.3323862009],[-94.0125386016,47.330531091],[-94.00466555134975,47.3280624779084],[-94.00461,47.32515],[-94.00307,47.32514],[-94.00313,47.32136],[-94.0003002557958,47.32121419256963],[-93.9978866462724,47.31987930433907],[-93.99788,47.31748],[-93.99452272347234,47.31731213617362],[-93.9942708782,47.3161825853],[-93.99462326285635,47.313742135061894],[-94.00064043015773,47.31405516688682],[-94.00305908679441,47.315883496400666],[-94.00308,47.31775],[-94.0080720141,47.318655982],[-94.0146949122,47.3138509848],[-94.0177888292,47.3134875147],[-94.0175899381,47.3126405128],[-94.01371991571519,47.31098586529276],[-94.014,47.30386],[-94.01835980563584,47.30417288501258],[-94.0191174177,47.3068290507],[-94.0222964219,47.3076162399],[-94.02443092163554,47.309641343156336],[-94.02436,47.31188],[-94.02822024008167,47.31215409988746],[-94.0284035916,47.3131843608],[-94.0268777677,47.3168029726],[-94.0242585582,47.3185414281],[-94.01356,47.31838],[-94.0128417852,47.3244396273],[-94.0165946798,47.3254488594],[-94.020803493,47.3288253448],[-94.0205815939,47.3336967432],[-94.0187350743,47.3367367545],[-94.0190304573,47.3385650452],[-94.02093,47.33981],[-94.0240972299,47.340085077],[-94.0341563425,47.3397672341],[-94.0364333531,47.3405285414],[-94.0376491087,47.3424763649],[-94.03763492825267,47.343523375062254],[-94.02091,47.34345],[-94.0209,47.34709],[-94.02621,47.34705],[-94.0262,47.35064],[-94.0318,47.35063],[-94.03181,47.35424],[-94.04186,47.3544],[-94.04187739549951,47.35334902190402],[-94.0443723658,47.3536925323],[-94.042913766,47.350038838],[-94.0436512845,47.3475818099],[-94.04772597048637,47.34722894365732],[-94.04987267669125,47.35089001726648],[-94.04698,47.35085],[-94.04689,47.35448],[-94.05723,47.35459],[-94.05732,47.35824],[-94.04194,47.35805],[-94.04201,47.36171],[-94.04314568258286,47.36172802670767],[-94.0423286592,47.3632805756],[-94.0446443875,47.3619457394],[-94.04705875848259,47.36218960576842],[-94.04713,47.36544],[-94.05022985308949,47.36549535451945],[-94.0479465138,47.3681921641],[-94.0490094759,47.3697766671],[-94.05762,47.36917],[-94.05754943276975,47.36660135281894],[-94.0599689034,47.3698755377],[-94.063486681,47.370717731],[-94.068571001368,47.37475185616621],[-94.06863,47.37625],[-94.06324,47.37628],[-94.06311,47.37272],[-94.05774,47.37274],[-94.05783677517782,47.37588079440724],[-94.0491808854,47.3757784576],[-94.0490634341,47.3769416775],[-94.05247919766127,47.37696392399128],[-94.05268,47.38349],[-94.06117062780675,47.38342728068102],[-94.0606989483,47.3855648541],[-94.05886135164849,47.3870580797361],[-94.0540108761,47.3864203056],[-94.0525054537,47.3870661807],[-94.05314,47.39067],[-94.05665075692501,47.39067],[-94.05869346584477,47.392190314453785],[-94.05908,47.39787],[-94.07514,47.39804],[-94.07573,47.40164],[-94.07037,47.40158],[-94.07089,47.40519],[-94.06547,47.40515],[-94.06501,47.40152],[-94.05951,47.40149],[-94.05982762462392,47.40415604605593],[-94.0587152032,47.4041830176],[-94.058621189,47.4074492355],[-94.0522524122,47.4129598611],[-94.0511390234,47.417202417],[-94.053095158,47.418508755],[-94.0555762403,47.4177329834]]]},"properties":{"flat_pct":98}},{"type":"Feature","geometry":{"type":"Polygon","coordinates":[[[-94.1051530034,47.3697326543],[-94.1062211331,47.3716016824],[-94.109081064,47.3707542131],[-94.1120683736,47.3713062908],[-94.11579785340962,47.3689257472611],[-94.11595,47.37318],[-94.12653,47.37337],[-94.12651,47.377],[-94.1213,47.3769],[-94.1213468948113,47.37972932028202],[-94.1144192762,47.3791978108],[-94.1205551471,47.3797262797],[-94.1223253958,47.3806896937],[-94.13675,47.38081],[-94.13658,47.38443],[-94.12648,47.38424],[-94.12642058181234,47.38568188135392],[-94.1233101238,47.3867551865],[-94.1212763554743,47.3866398384457],[-94.12142,47.38415],[-94.10237747428019,47.38393070027962],[-94.1007763035,47.3804976617],[-94.1029373765,47.3777750341],[-94.0967540643,47.3753980513],[-94.0949534132502,47.37562669169222],[-94.09464948544638,47.36962724011299],[-94.1051530034,47.3697326543]],[[-94.1115738388,47.3780951106],[-94.1094050061,47.3768602039],[-94.1074718452,47.3775117706],[-94.1089801686,47.3781209846],[-94.1115738388,47.3780951106]]]},"properties":{"flat_pct":100}},{"type":"Feature","geometry":{"type":"Polygon","coordinates":[[[-94.0411,47.3871],[-94.03929,47.38525],[-94.03976299003688,47.384388163706376],[-94.0404514875,47.3852948981],[-94.0414188076,47.3878673975],[-94.04134990235555,47.38963484711514],[-94.0411,47.3871]]]},"properties":{}},{"type":"Feature","geometry":{"type":"Polygon","coordinates":[[[-94.12605,47.39516],[-94.12591,47.39879],[-94.12152491323306,47.39874068318537],[-94.1183282221,47.397208342],[-94.11722795756363,47.395041287395124],[-94.12605,47.39516]]]},"properties":{"flat_pct":100}},{"type":"Feature","geometry":{"type":"Polygon","coordinates":[[[-94.1232367,47.4464952854],[-94.1205651047399,47.447489019185625],[-94.12057,47.44534],[-94.11519,47.44528],[-94.11523,47.44171],[-94.10989,47.44163],[-94.10985,47.438],[-94.1044932991253,47.43740020731522],[-94.10443050452245,47.43234175319748],[-94.1067989854,47.4319399175],[-94.1134916606,47.4343193687],[-94.1161127583,47.4335249368],[-94.1155316034,47.4291163983],[-94.11648204962123,47.427182437438105],[-94.12586,47.42727],[-94.12583,47.42002],[-94.12049,47.41997],[-94.12047,47.41634],[-94.10979,47.41624],[-94.10981,47.41261],[-94.10761955258265,47.40669579197316],[-94.1112761043,47.4060141297],[-94.1119191306,47.4040189921],[-94.1077969693,47.4049701598],[-94.10591,47.40208],[-94.0986295482,47.4008646208],[-94.0958098616,47.3993404626],[-94.0896259117,47.4006457518],[-94.092782785,47.4049485161],[-94.0925176827,47.4069523954],[-94.0910415081,47.408333236],[-94.0863082346,47.4098885962],[-94.0813514648,47.4078756358],[-94.0828256432,47.4101860221],[-94.08232317173976,47.412426801322034],[-94.07749456099847,47.41292907582232],[-94.07170131970715,47.41080622282713],[-94.07089,47.40519],[-94.07632,47.40523],[-94.07610027255359,47.403893014351496],[-94.0785334186,47.4018987462],[-94.07573,47.40164],[-94.08082,47.4017],[-94.07999,47.39445],[-94.07494,47.39436],[-94.07474,47.39068],[-94.06939,47.39068],[-94.06892,47.38337],[-94.07247488413311,47.383343764692746],[-94.0731978198,47.3842133097],[-94.0796583066328,47.3854383229738],[-94.07973,47.38712],[-94.08388934710574,47.38721635553141],[-94.0849214784373,47.38783851851612],[-94.08498,47.39089],[-94.0901,47.39099],[-94.0901,47.38735],[-94.0969166969556,47.38746889587713],[-94.0960571297,47.3896007835],[-94.10026445441609,47.39050992592332],[-94.10004,47.39481],[-94.10299980462396,47.394849828205246],[-94.1027544983,47.3954154854],[-94.106044139,47.3966419353],[-94.1075067198,47.3993203656],[-94.1090289023,47.3957057096],[-94.1109982674,47.3952502836],[-94.1128095264,47.3961475866],[-94.11541435189996,47.399140303073736],[-94.11818079519853,47.40660260653549],[-94.1169722419,47.4079435874],[-94.120423344,47.4097005206],[-94.13522,47.40937],[-94.1347683948786,47.40817816994279],[-94.1359130273,47.4087339479],[-94.1369512945,47.4055854706],[-94.1301837963,47.4050016705],[-94.12591,47.39879],[-94.1407622665,47.3997208022],[-94.1416523155494,47.398974595632616],[-94.145915483464,47.399024585875516],[-94.1467547951,47.40101035],[-94.1477834592019,47.40048719332056],[-94.15122186538876,47.40947798875729],[-94.147141159,47.4084004444],[-94.14593,47.40953],[-94.14724,47.41295],[-94.1499885831231,47.41298053981248],[-94.14944896349219,47.41564639280737],[-94.14609,47.42016],[-94.13653,47.42011],[-94.13643,47.43093],[-94.13113,47.43091],[-94.13109,47.43451],[-94.1336,47.43451],[-94.13608,47.43285],[-94.13537,47.43451],[-94.12955,47.44168],[-94.12651696246587,47.44383646817586],[-94.1250154812,47.4433870134],[-94.1232367,47.4464952854]],[[-94.1363317449,47.4166123784],[-94.1337689413,47.4167262145],[-94.1312686388,47.4139292144],[-94.1301304441,47.4139624843],[-94.1321338364,47.4168481276],[-94.1346609281,47.4174119145],[-94.1363317449,47.4166123784]]]},"properties":{"flat_pct":99}},{"type":"Feature","geometry":{"type":"Polygon","coordinates":[[[-94.0694633739,47.4218980274],[-94.06635274429378,47.41925550750046],[-94.06635,47.41223],[-94.06849199780535,47.41226461037747],[-94.0711111441,47.414825231],[-94.07201569498243,47.41604336986627],[-94.0721,47.41935],[-94.07756,47.41943],[-94.07756,47.421898912385196],[-94.076511164,47.4224496602],[-94.0694633739,47.4218980274]]]},"properties":{"flat_pct":97}},{"type":"Feature","geometry":{"type":"Polygon","coordinates":[[[-94.10439495243767,47.42254113256087],[-94.0999878431,47.4233137314],[-94.0982856201,47.4222236631],[-94.0976844643,47.4200076555],[-94.0986024366,47.4182067838],[-94.10313539027547,47.416173908283305],[-94.10979,47.41624],[-94.10978237601765,47.41900750559672],[-94.10441,47.41981],[-94.10439495243767,47.42254113256087]]]},"properties":{"flat_pct":100}},{"type":"Feature","geometry":{"type":"Polygon","coordinates":[[[-94.040636622,47.4437506243],[-94.03976,47.44071],[-94.0344,47.44072],[-94.03471227614763,47.442292337795934],[-94.03259761270174,47.44426419730317],[-94.02546,47.44437],[-94.02546700281134,47.44687000364728],[-94.0243614473,47.4451742982],[-94.0251072625,47.4417607225],[-94.0290949295,47.4393582593],[-94.02990737030298,47.437127819673925],[-94.03073,47.43712],[-94.03075,47.43347],[-94.03519634242153,47.433454442468786],[-94.0361743874,47.4350959414],[-94.04056664622149,47.43343565204261],[-94.04504,47.43342],[-94.04498,47.42887],[-94.04293072922898,47.42976],[-94.03910052,47.4267858969],[-94.03784441343691,47.427297697420876],[-94.03875,47.4261],[-94.03516,47.42352],[-94.03882,47.42519],[-94.04557,47.4261],[-94.04673,47.42882],[-94.05101,47.43],[-94.0503932461,47.4318067793],[-94.0560389923,47.434416888],[-94.0592174336,47.4373661767],[-94.05913871155366,47.439406384829404],[-94.058,47.43947],[-94.05471269757268,47.44476879626386],[-94.0512181706,47.4473394798],[-94.0435233439,47.446628861],[-94.040636622,47.4437506243]],[[-94.03423,47.43708],[-94.03423,47.44073],[-94.0344,47.44072],[-94.03423,47.43708]],[[-94.0510513341,47.438939969],[-94.0464021707,47.4364134977],[-94.0440653085,47.4383254759],[-94.0472214217,47.4407132216],[-94.0494264763,47.4409356876],[-94.0510513341,47.438939969]]]},"properties":{"flat_pct":98}},{"type":"Feature","geometry":{"type":"Polygon","coordinates":[[[-94.01482,47.4409],[-94.015107536,47.4376923013],[-94.02016,47.43699294894583],[-94.02015,47.44086],[-94.01482,47.4409]]]},"properties":{"flat_pct":100}},{"type":"Feature","geometry":{"type":"Polygon","coordinates":[[[-94.0222019333,47.4422332569],[-94.02015,47.44299460689252],[-94.02015,47.44086],[-94.0230844297564,47.44083785336033],[-94.0222019333,47.4422332569]]]},"properties":{}},{"type":"Feature","geometry":{"type":"Polygon","coordinates":[[[-94.03611,47.44933],[-94.03729,47.44981],[-94.03845651809046,47.44880692953227],[-94.0412375338886,47.454823663638706],[-94.03454,47.45483],[-94.03422472313184,47.44668846682759],[-94.03552846370924,47.446401913764085],[-94.03611,47.44933]]]},"properties":{"flat_pct":100}},{"type":"Feature","geometry":{"type":"Polygon","coordinates":[[[-94.0340475672,47.4544244962],[-94.0325603709,47.4499988162],[-94.03274165259727,47.44822503596082],[-94.03422,47.44888],[-94.0340475672,47.4544244962]]]},"properties":{"flat_pct":100}},{"type":"Feature","geometry":{"type":"Polygon","coordinates":[[[-94.0436834419,47.467639937],[-94.0457040916,47.4676927254],[-94.0494551746,47.4700245549],[-94.0516313415,47.4739885653],[-94.05547323902573,47.47453457878127],[-94.05544,47.47654],[-94.063164697,47.4772066816],[-94.06405788983801,47.47823655829893],[-94.0638445505,47.4813929871],[-94.0598960615,47.4828681989],[-94.0546429024,47.4805335483],[-94.0496856067,47.4804878317],[-94.0469548012,47.4780681033],[-94.045247798,47.4744433954],[-94.0418754596,47.4717014034],[-94.0419424546,47.4691369477],[-94.0436834419,47.467639937]]]},"properties":{"flat_pct":93}},{"type":"Feature","geometry":{"type":"Polygon","coordinates":[[[-94.03806279683108,47.53801027472418],[-94.0395615039553,47.54133871813032],[-94.03941,47.54515],[-94.03514349847387,47.54621433156351],[-94.03456,47.53901],[-94.03806279683108,47.53801027472418]]]},"properties":{"flat_pct":100}},{"type":"Feature","geometry":{"type":"Polygon","coordinates":[[[-94.0543203722,47.5829322634],[-94.05636,47.58228],[-94.05741,47.58621],[-94.05954400363333,47.58621],[-94.0556568743,47.5864962691],[-94.0543510125,47.5849533703],[-94.0543203722,47.5829322634]]]},"properties":{"flat_pct":100}},{"type":"Feature","geometry":{"type":"Polygon","coordinates":[[[-94.0171820181,47.5943800196],[-94.0181930541,47.5920223243],[-94.0206569716,47.5913081597],[-94.0224276757,47.5922830541],[-94.0252851524,47.5970729294],[-94.0332527592,47.5968259268],[-94.0343834666,47.5950674039],[-94.036608551,47.5945007671],[-94.0431522058,47.5962307859],[-94.0445892329,47.599238551],[-94.04428053604931,47.6001886174028],[-94.04123,47.6002],[-94.04124320104334,47.60178412520132],[-94.0387380555,47.601189782],[-94.0360380588,47.6030392279],[-94.03183696948896,47.602735985517455],[-94.03183,47.60022],[-94.02649,47.60021],[-94.02649768971725,47.60297829820999],[-94.0231271034,47.6032104683],[-94.0212340466,47.6020110371],[-94.0171820181,47.5943800196]]]},"properties":{"flat_pct":100}},{"type":"Feature","geometry":{"type":"Polygon","coordinates":[[[-94.0329658916,47.6098990297],[-94.0262608035,47.6089249449],[-94.02440308318378,47.60750049104381],[-94.0265,47.60748],[-94.0265,47.60381],[-94.0363157971,47.6036177715],[-94.0381650631,47.6044338763],[-94.039098972,47.6065314683],[-94.0382761237,47.6086750631],[-94.0329658916,47.6098990297]]]},"properties":{"flat_pct":100}},{"type":"Feature","geometry":{"type":"Polygon","coordinates":[[[-94.0932630174,47.6107906937],[-94.0943391299,47.6125017733],[-94.0940793172639,47.61451793266455],[-94.08937,47.61455],[-94.08940491102557,47.610369404688754],[-94.0932630174,47.6107906937]]]},"properties":{"flat_pct":100}},{"type":"Feature","geometry":{"type":"Polygon","coordinates":[[[-94.08910877547876,47.624922518269905],[-94.0921144419,47.6239114815],[-94.09436,47.62525],[-94.09963,47.62523],[-94.09962,47.62882],[-94.08901,47.62889],[-94.08910877547876,47.624922518269905]]]},"properties":{"flat_pct":100}},{"type":"Feature","geometry":{"type":"Polygon","coordinates":[[[-94.0999926766,47.6302679969],[-94.09962,47.62882],[-94.10919279062479,47.628927258158264],[-94.1098838805,47.6312650127],[-94.10938888614517,47.63255706300766],[-94.10222088827399,47.63245638888026],[-94.102795233,47.630748084],[-94.1021328552,47.6289402615],[-94.0999926766,47.6302679969]]]},"properties":{"flat_pct":100}},{"type":"Feature","geometry":{"type":"Polygon","coordinates":[[[-94.0424568026,47.641782528],[-94.04132,47.64366],[-94.04127934961602,47.646554307338945],[-94.03893526,47.6485719694],[-94.0362150881,47.6477971144],[-94.03326,47.64348],[-94.03606,47.64367],[-94.03608215616492,47.63361664017107],[-94.0393338019,47.6303171722],[-94.0397234273,47.6276652774],[-94.0414611411,47.6259912653],[-94.0591022072,47.6258790372],[-94.0645609779,47.6251667916],[-94.0675720047,47.6238123214],[-94.06785,47.62537],[-94.07031111534612,47.62535609539352],[-94.0706530988,47.62727909],[-94.06975031178663,47.628986289431666],[-94.06778,47.62899],[-94.0678,47.62797],[-94.06632,47.62798],[-94.06631,47.629],[-94.06248,47.62901],[-94.06246735388818,47.63130210776571],[-94.0516451129,47.6326699698],[-94.0487362912,47.6317513686],[-94.0452301093,47.632028207],[-94.0437570077,47.634378456],[-94.0445473475,47.6372880601],[-94.0423632877,47.6395617052],[-94.0424568026,47.641782528]]]},"properties":{"flat_pct":97}},{"type":"Feature","geometry":{"type":"Polygon","coordinates":[[[-94.0623499085,47.6355261435],[-94.06057475358537,47.63988095335327],[-94.0519709348,47.6397648869],[-94.0536447443,47.6364261479],[-94.0594768619,47.6334000016],[-94.0623499085,47.6355261435]]]},"properties":{"flat_pct":100}},{"type":"Feature","geometry":{"type":"Polygon","coordinates":[[[-94.08358,47.65056],[-94.08888351599951,47.650609565570086],[-94.0888383175,47.6527960357],[-94.08790660675949,47.65427623983339],[-94.08016249593464,47.654167880073715],[-94.0806601865,47.6526172918],[-94.0794143949,47.6503970543],[-94.07817613172641,47.65302709165655],[-94.07819,47.65051],[-94.07340366827594,47.650545987456574],[-94.07389097112318,47.64332627358645],[-94.08367,47.6433],[-94.08358,47.65056]]]},"properties":{"flat_pct":99}},{"type":"Feature","geometry":{"type":"Polygon","coordinates":[[[-94.0588880623,47.6570523393],[-94.0472015507,47.6480015811],[-94.04653308783533,47.64549563673634],[-94.0475284189,47.6437715507],[-94.0511667072808,47.64356756305621],[-94.05680782684306,47.64716739730009],[-94.05653,47.65067],[-94.0615740261,47.6507576909],[-94.0627197255,47.6541294158],[-94.0616543777,47.6564630728],[-94.0588880623,47.6570523393]]]},"properties":{"flat_pct":100}},{"type":"Feature","geometry":{"type":"Polygon","coordinates":[[[-94.06163311845107,47.68278054882622],[-94.06059050208134,47.67656148243792],[-94.06075,47.6765],[-94.06163,47.67673],[-94.06163311845107,47.68278054882622]]]},"properties":{}},{"type":"Feature","geometry":{"type":"Polygon","coordinates":[[[-94.0188938609,47.6873345646],[-94.01712,47.68744],[-94.01706791506378,47.68639540766783],[-94.0179471745,47.6866461218],[-94.0188938609,47.6873345646]]]},"properties":{}},{"type":"Feature","geometry":{"type":"Polygon","coordinates":[[[-94.0707747438,47.6954850344],[-94.0693597541,47.6922028584],[-94.0720898509,47.6898960322],[-94.07571584767383,47.69141480999821],[-94.07579,47.69528],[-94.0790839678,47.6949098509],[-94.0783415107,47.6970825992],[-94.0762801491,47.6980939678],[-94.0707747438,47.6954850344]]]},"properties":{"flat_pct":89}},{"type":"Feature","geometry":{"type":"Polygon","coordinates":[[[-94.107235229,47.6998168435],[-94.1085326693,47.6988488206],[-94.1048873282,47.6967375207],[-94.0995189938,47.697314946],[-94.1001180532,47.7013399211],[-94.0987244549,47.7034056226],[-94.09910152221474,47.705088939731354],[-94.09736,47.70511],[-94.09741,47.70871],[-94.09997019096359,47.70869577671687],[-94.0994112064,47.7106415535],[-94.10082249530628,47.7123],[-94.0921,47.7123],[-94.09216,47.71591],[-94.09762110280245,47.71630970088809],[-94.0911782196,47.7159382429],[-94.09233992204277,47.71951],[-94.08661,47.71951],[-94.08658308485674,47.72047894515702],[-94.0852542102,47.7183003617],[-94.0855809044,47.7133776878],[-94.0839193234,47.7126354661],[-94.0823578699,47.7133785941],[-94.0829899522,47.7173530595],[-94.0823197413,47.7192600543],[-94.080339361,47.7204022856],[-94.0787611911,47.7230517733],[-94.07621,47.72311],[-94.07616,47.71951],[-94.07317536755818,47.71955233521194],[-94.0756162756,47.7160683012],[-94.0733393352,47.7123318274],[-94.0741357349,47.7097066717],[-94.07023923257475,47.70900845150813],[-94.06696,47.7064],[-94.06242270412771,47.705296951256805],[-94.06524,47.70524],[-94.06521,47.70181],[-94.06868758282931,47.70174560031798],[-94.0736682969,47.7035532479],[-94.0783605263,47.7009218079],[-94.0832775911,47.7009461428],[-94.0856728046,47.6980319277],[-94.0890564598,47.697293099],[-94.0924654551,47.6952301047],[-94.0901708033,47.6929707986],[-94.0902217762,47.6904331665],[-94.0754591279,47.6905494921],[-94.0711815752,47.688161024],[-94.0703116357,47.6904510049],[-94.0667432033,47.691479427],[-94.0648163257,47.6944740951],[-94.0625212114,47.6944068008],[-94.0607350412,47.692508361],[-94.0570207843,47.6929799004],[-94.0596007412,47.6961480567],[-94.05994146771565,47.69805717141213],[-94.05606,47.69444],[-94.055319191,47.6895552556],[-94.05687584762181,47.687570244505096],[-94.0643120515,47.68587707],[-94.06211531497271,47.68392259321958],[-94.0633,47.68068],[-94.06267,47.67642],[-94.06658953331021,47.6764442695561],[-94.0672131932,47.680571242],[-94.07540973217681,47.68164932227514],[-94.07565,47.68764],[-94.08647,47.68745],[-94.08612153164181,47.68440919873151],[-94.0949493684,47.6843426101],[-94.0979952443,47.6871394205],[-94.1010276785,47.687588238],[-94.10696222009855,47.691005559802875],[-94.10635,47.69223],[-94.10838375735979,47.691828882346854],[-94.11876965090366,47.696206269849164],[-94.11890995664251,47.70344704815828],[-94.1166967724,47.7019420366],[-94.1137859918,47.7031573848],[-94.1172379277,47.7046025859],[-94.11842858340741,47.70861269174348],[-94.11124262194853,47.70864596008357],[-94.1097466226,47.7077016429],[-94.10819880205372,47.708247915577125],[-94.10811,47.70498],[-94.10487343864018,47.70501913981179],[-94.107235229,47.6998168435]],[[-94.11348,47.705],[-94.11336,47.70136],[-94.10801,47.70131],[-94.10811,47.70498],[-94.11348,47.705]],[[-94.0910809053,47.7037132424],[-94.08586867,47.7064410924],[-94.0944472119,47.7105003243],[-94.0929431451,47.7058152771],[-94.0910809053,47.7037132424]],[[-94.0781875481,47.7094689839],[-94.0796699377,47.7069727515],[-94.0770942927,47.7089033682],[-94.0781875481,47.7094689839]],[[-94.07675,47.71458],[-94.07689,47.71591],[-94.07884,47.71591],[-94.07846,47.71456],[-94.07675,47.71458]]]},"properties":{"flat_pct":91}},{"type":"Feature","geometry":{"type":"Polygon","coordinates":[[[-94.0453483203,47.7053310407],[-94.0380204055,47.7047269476],[-94.0393286891,47.7063128721],[-94.03960474,47.7087850303],[-94.0412089004,47.709801272],[-94.0417347929,47.707016703],[-94.0443385327,47.7059120425],[-94.0477325448,47.7089494062],[-94.053651066,47.7093649911],[-94.0558846488,47.7113869779],[-94.0582896896,47.7114858546],[-94.0598898048,47.7134909861],[-94.05942536898768,47.716154121998095],[-94.05461,47.71621],[-94.05461,47.71859520191374],[-94.053045479,47.7184535349],[-94.04952102086571,47.71621],[-94.0495,47.71259],[-94.04293981789367,47.712571327754915],[-94.0418348256,47.7109477916],[-94.04183825279775,47.71256819237039],[-94.03896,47.71256],[-94.03905060401243,47.714764697636014],[-94.0380366175,47.7146275746],[-94.0343254052,47.7126490006],[-94.03361,47.70891],[-94.03250086910118,47.708962503237814],[-94.0320726121,47.7069832117],[-94.0274827833,47.7103363036],[-94.02864957389197,47.71231449399974],[-94.02879,47.71637],[-94.01272,47.71656],[-94.01259,47.71294],[-94.00564683972247,47.71281987611977],[-94.0040377078,47.7105567913],[-94.00418040002505,47.70915993743458],[-94.01246,47.70932],[-94.01239262699637,47.707441329706405],[-94.0155021197,47.7058259083],[-94.01733086267929,47.70211299605597],[-94.02294,47.70216],[-94.0228603330622,47.699667088737954],[-94.0255682351,47.6996796068],[-94.026122604,47.6982987279],[-94.022813398,47.6967857539],[-94.0227,47.69465],[-94.01740506533525,47.694719150266145],[-94.0135770075,47.6936933878],[-94.01187760726376,47.69139707705831],[-94.0118068952305,47.68905393741112],[-94.0132122737801,47.687483743203956],[-94.01712,47.68744],[-94.01723,47.69108],[-94.02794,47.69094],[-94.02806,47.69458],[-94.03619041536498,47.6945590991893],[-94.04106268,47.6988776913],[-94.0474124487,47.6989554287],[-94.052769291,47.7030579459],[-94.0538780443,47.6985686842],[-94.0518324877,47.6944112769],[-94.0528559924,47.6926682192],[-94.05500916952114,47.69198039456519],[-94.05555,47.69393],[-94.05742,47.69691],[-94.059936232,47.69812],[-94.05866,47.69955],[-94.05971430642273,47.70078310692717],[-94.0592414684,47.7032500577],[-94.06206,47.70528],[-94.05991,47.70531],[-94.05994,47.70891],[-94.06883641370044,47.70873517964345],[-94.0669659664,47.7106633497],[-94.0612698084,47.7113591167],[-94.0543848253,47.7081892402],[-94.0511267701,47.7090101065],[-94.0453483203,47.7053310407]],[[-94.05875,47.69812],[-94.05858,47.69886],[-94.05922,47.69812],[-94.05875,47.69812]],[[-94.05858,47.69886],[-94.05795,47.69968],[-94.05934,47.70127],[-94.0584,47.69965],[-94.05858,47.69886]],[[-94.0234230617,47.7094762949],[-94.0229034188,47.7076468186],[-94.0236924926,47.7057602119],[-94.0222789415,47.7056392663],[-94.0213008905,47.7078816003],[-94.0234230617,47.7094762949]]]},"properties":{"flat_pct":96}},{"type":"Feature","geometry":{"type":"Polygon","coordinates":[[[-94.12431,47.71221],[-94.12437435906058,47.714526926181165],[-94.12176817592106,47.71586180047213],[-94.11931,47.71591],[-94.11911,47.71231],[-94.12431,47.71221]]]},"properties":{"flat_pct":100}},{"type":"Feature","geometry":{"type":"Polygon","coordinates":[[[-94.03367185388036,47.7134871871467],[-94.0367564751,47.7158286985],[-94.0356902615,47.7189870029],[-94.0316904331,47.7191723989],[-94.0297667606,47.7171522596],[-94.02881659194104,47.71828993814269],[-94.02879,47.71637],[-94.03371,47.71631],[-94.03367185388036,47.7134871871467]]]},"properties":{"flat_pct":100}},{"type":"Feature","geometry":{"type":"Polygon","coordinates":[[[-94.0427493368,47.7189670444],[-94.04916166793375,47.72341],[-94.04446,47.72341],[-94.04444,47.72701],[-94.03411,47.72568700899911],[-94.03411,47.72351],[-94.0311711485,47.7232216112],[-94.0316447991,47.7209748952],[-94.0335683888,47.7197211485],[-94.0393223871,47.7202243755],[-94.0427493368,47.7189670444]],[[-94.04093,47.72341],[-94.042,47.72341],[-94.04199,47.72205],[-94.04087,47.72205],[-94.04093,47.72341]]]},"properties":{"flat_pct":97}},{"type":"Feature","geometry":{"type":"Polygon","coordinates":[[[-94.1142,47.72674],[-94.1111146257,47.7255866474],[-94.10878757274081,47.72661427728963],[-94.10866,47.72316],[-94.11409,47.72318],[-94.1142,47.72674]]]},"properties":{"flat_pct":100}},{"type":"Feature","geometry":{"type":"Polygon","coordinates":[[[-94.1046971357,47.7279271617],[-94.1044431109,47.7296502457],[-94.10351,47.73021],[-94.10337,47.72667],[-94.1046971357,47.7279271617]]]},"properties":{}},{"type":"Feature","geometry":{"type":"Polygon","coordinates":[[[-94.10884417548722,47.72827366224937],[-94.10891,47.73021],[-94.10722354187232,47.73021],[-94.1075522051,47.7296707676],[-94.10884417548722,47.72827366224937]]]},"properties":{}},{"type":"Feature","geometry":{"type":"Polygon","coordinates":[[[-94.0682045956,47.7307685133],[-94.0698159041,47.732764661],[-94.0701234013,47.7379771752],[-94.0689250984,47.7399357839],[-94.0666928248,47.7404734013],[-94.0625857818,47.7371898022],[-94.06044403757858,47.73666325552594],[-94.06016,47.73038],[-94.06275882155695,47.73037028477923],[-94.0646595415,47.7314781322],[-94.066194661,47.7305540959],[-94.0682045956,47.7307685133]]]},"properties":{"flat_pct":90}},{"type":"Feature","geometry":{"type":"Polygon","coordinates":[[[-94.1119052407,47.733757969],[-94.1100244414,47.7344985131],[-94.10807543454858,47.73385624736263],[-94.10888,47.73386],[-94.10891,47.73021],[-94.11935266623206,47.730403382708],[-94.11961,47.73401],[-94.12486,47.7339],[-94.12489155592834,47.732767142172456],[-94.1276747141,47.7336440467],[-94.1297734956,47.7360762073],[-94.1301178751,47.7397424417],[-94.12938993234306,47.74094188726073],[-94.12466,47.74105],[-94.12476,47.73748],[-94.11140130474465,47.73744477933454],[-94.1126950428,47.7344685108],[-94.1119052407,47.733757969]]]},"properties":{"flat_pct":96}},{"type":"Feature","geometry":{"type":"Polygon","coordinates":[[[-94.0788839847,47.7304789093],[-94.08151104046686,47.73242759087764],[-94.08156,47.73382],[-94.0854104288,47.7338623735],[-94.0873340232,47.736345258],[-94.087526345,47.7394777558],[-94.09064481320173,47.74177085268099],[-94.09712865930923,47.73021831644653],[-94.09811,47.73021],[-94.09816,47.73381],[-94.10196111899775,47.7338277290998],[-94.09983358912471,47.73741428064929],[-94.09821,47.73741],[-94.09831,47.74101],[-94.10105668934631,47.74103084773697],[-94.0996147978,47.7427900665],[-94.0966468676,47.7428198557],[-94.09476739842499,47.744802304889426],[-94.10358489091804,47.74573906122167],[-94.10334,47.75176],[-94.09279846846326,47.7506306007274],[-94.0929,47.74816],[-94.0892055013183,47.74816],[-94.0830956819,47.7436511371],[-94.0816645972,47.7411856043],[-94.0815129163877,47.738713485296785],[-94.07764663,47.7372990294],[-94.0766347719246,47.736228843436514],[-94.07646,47.73381],[-94.0751552902104,47.73382681946322],[-94.0761322784,47.7311330103],[-94.0788839847,47.7304789093]]]},"properties":{"flat_pct":93}},{"type":"Feature","geometry":{"type":"Polygon","coordinates":[[[-94.0580005782,47.7401030527],[-94.0579081215,47.7429299216],[-94.05552047856683,47.74442193921905],[-94.05531,47.74137],[-94.05117,47.74142],[-94.05056,47.73933],[-94.05524,47.73887],[-94.05589611425893,47.737793107035294],[-94.0580005782,47.7401030527]]]},"properties":{"flat_pct":82}},{"type":"Feature","geometry":{"type":"Polygon","coordinates":[[[-94.05621,47.75221],[-94.06137347181522,47.75219062487123],[-94.06105129836337,47.755814318548516],[-94.05648,47.75584],[-94.05621,47.75221]]]},"properties":{"flat_pct":100}},{"type":"Feature","geometry":{"type":"Polygon","coordinates":[[[-94.076789489,47.7573153712],[-94.0758718057,47.7594201123],[-94.0737346288,47.760259489],[-94.068864692,47.7574896085],[-94.0672161706088,47.757471359143516],[-94.06677118268942,47.75149203998961],[-94.0712795559,47.7518789894],[-94.0759501123,47.7551781943],[-94.076789489,47.7573153712]]]},"properties":{"flat_pct":95}},{"type":"Feature","geometry":{"type":"Polygon","coordinates":[[[-94.0537700097,47.7559223803],[-94.05646,47.75584],[-94.05667982734147,47.758925724533974],[-94.0546432986,47.7580459256],[-94.0537700097,47.7559223803]]]},"properties":{"flat_pct":100}},{"type":"Feature","geometry":{"type":"Polygon","coordinates":[[[-94.067754946993,47.764710917372675],[-94.06729228869385,47.758494160671496],[-94.07909805403322,47.76236270166135],[-94.07336,47.76305],[-94.07351,47.76662],[-94.067754946993,47.764710917372675]]]},"properties":{"flat_pct":94}},{"type":"Feature","geometry":{"type":"Polygon","coordinates":[[[-94.0932741431,47.7666150861],[-94.09425,47.76785],[-94.09288,47.76937],[-94.08641,47.76899],[-94.0817,47.76482],[-94.0813,47.76295],[-94.08457138449657,47.76319708342119],[-94.0932741431,47.7666150861]]]},"properties":{"flat_pct":81}},{"type":"Feature","geometry":{"type":"Polygon","coordinates":[[[-94.0088557587,47.7813940691],[-94.0097820697,47.7844052923],[-94.0140228206,47.7860461826],[-94.01439,47.7885],[-94.00380948050486,47.788551518049886],[-94.0033657672,47.7865274693],[-94.0020090247,47.7855887465],[-93.9977756495756,47.78584162807085],[-93.99748,47.78145],[-94.00304,47.78141],[-94.00288476741554,47.77864685999644],[-94.0088557587,47.7813940691]]]},"properties":{"flat_pct":100}},{"type":"Feature","geometry":{"type":"Polygon","coordinates":[[[-94.0569661649,47.7904814896],[-94.05796027143712,47.785585388632846],[-94.05801,47.78871],[-94.06074,47.7886],[-94.06061,47.78493],[-94.05824717141438,47.78493888281423],[-94.0593126,47.7838873061],[-94.0589943153,47.7801963383],[-94.05772928449063,47.7798579555501],[-94.0576205572,47.7737516486],[-94.0636301557,47.7752398091],[-94.0654013273,47.7770301411],[-94.06491397663306,47.781233515257206],[-94.06316,47.78125],[-94.06364797439143,47.79262057788288],[-94.0616325784,47.7927035774],[-94.06058726738172,47.79597384574835],[-94.04771083204535,47.79581216087131],[-94.04752,47.78878],[-94.05067359677817,47.78872634712476],[-94.0515443254,47.7904114721],[-94.0541756226,47.7913179057],[-94.0569661649,47.7904814896]]]},"properties":{"flat_pct":100}},{"type":"Feature","geometry":{"type":"Polygon","coordinates":[[[-94.1026067827,47.7933379226],[-94.1043154777,47.7969528],[-94.11094171144639,47.80267473850876],[-94.10182,47.80256],[-94.10169,47.79894],[-94.09865257857777,47.7990125854384],[-94.0955600925,47.7903064461],[-94.0982562216,47.7867773589],[-94.0990994791,47.7825725738],[-94.09542461098573,47.77795289766869],[-94.09532,47.77369],[-94.1001464282085,47.77362092768217],[-94.10092993487137,47.77473708695836],[-94.10117,47.78831],[-94.10440198049425,47.78829787704241],[-94.1044032601,47.788926479],[-94.10258194400262,47.79137406853071],[-94.10137,47.78864],[-94.1005,47.78935],[-94.10115,47.79087],[-94.0993,47.79106],[-94.1026067827,47.7933379226]]]},"properties":{"flat_pct":70}},{"type":"Feature","geometry":{"type":"Polygon","coordinates":[[[-94.02022,47.8214],[-94.02008,47.81757],[-94.02524747134765,47.8177942663876],[-94.0246484975,47.8205445743],[-94.0256685909799,47.821847451160885],[-94.02572,47.82539],[-94.02037931899254,47.82524054064345],[-94.01870190011292,47.821343354481826],[-94.02022,47.8214]]]},"properties":{"flat_pct":100}},{"type":"Feature","geometry":{"type":"Polygon","coordinates":[[[-94.02583730429384,47.82856267679271],[-94.02572,47.82539],[-94.02845403721945,47.82547123200567],[-94.0277572417,47.8275194249],[-94.02583730429384,47.82856267679271]]]},"properties":{"flat_pct":100}},{"type":"Feature","geometry":{"type":"Polygon","coordinates":[[[-93.95371,46.99149],[-93.95860505759475,46.99153086024703],[-93.9585047508,46.9930425716],[-93.956728343,46.9948933272],[-93.9536874284,46.9948047508],[-93.95371,46.99149]]]},"properties":{"flat_pct":100}},{"type":"Feature","geometry":{"type":"Polygon","coordinates":[[[-93.9840681475,46.9979113858],[-93.9819476456,46.9986222364],[-93.9802273715,47.0009283813],[-93.97653223722926,47.0012930793952],[-93.9796450169,47.0029319391],[-93.981075326,47.0064097913],[-93.9868908595,47.0038712133],[-93.9898121101,47.0054768263],[-93.9899720483,47.0208777011],[-93.9890934035,47.0226890871],[-93.9872674943,47.0235371386],[-93.9867,47.02061],[-93.97620484974384,47.0204059691036],[-93.9783438983,47.0176347452],[-93.98677,47.01703],[-93.98693,47.00988],[-93.98163,47.00981],[-93.98157622330943,47.0127594446444],[-93.9765238489,47.0124634832],[-93.974967728,47.0108269124],[-93.974565436,47.0069681142],[-93.9715214492,47.0053537652],[-93.9699936369905,47.00188192969972],[-93.96577421665829,47.00176021565263],[-93.96575,46.99883],[-93.9628140803377,46.99881338158682],[-93.9635468095,46.9967907442],[-93.9653098127,46.9958019918],[-93.97633,46.99622],[-93.97629874286758,46.99500990244507],[-93.978501003,46.9927550612],[-93.97992748812,46.98451476847452],[-93.98134,46.98452],[-93.98089905425779,46.98091],[-93.9819326076,46.979087229],[-93.98122700882135,46.977318686134446],[-93.98909146530247,46.97733450999055],[-93.9897931015,46.9887637024],[-93.98791066571424,46.99178],[-93.9845051739,46.992708937],[-93.9851117504,46.995852327],[-93.9840681475,46.9979113858]]]},"properties":{"flat_pct":99}},{"type":"Feature","geometry":{"type":"Polygon","coordinates":[[[-93.88095709588396,47.00242494578669],[-93.8774687917,47.0009028501],[-93.87633267011502,46.99853368047057],[-93.881,46.99856],[-93.88095709588396,47.00242494578669]]]},"properties":{"flat_pct":100}},{"type":"Feature","geometry":{"type":"Polygon","coordinates":[[[-93.86479,47.0201],[-93.86483717356747,47.017269585952064],[-93.87015199300224,47.017266388106435],[-93.8701,47.02015],[-93.87541,47.0202],[-93.87544356937431,47.02326320540577],[-93.86869157917091,47.02326726795958],[-93.86381,47.02009],[-93.86479,47.0201]]]},"properties":{"flat_pct":100}},{"type":"Feature","geometry":{"type":"Polygon","coordinates":[[[-94.0291104231,47.0496531568],[-94.0264603736,47.048664737],[-94.0256866003645,47.046078365605965],[-94.0217570623,47.0461907288],[-94.0120294774,47.049099592],[-94.0045757141,47.0464825611],[-94.00429666812394,47.04973996916962],[-93.99935217573835,47.049665601563355],[-93.9967260736,47.0463421121],[-93.9931782781,47.0461393957],[-93.9881305301,47.0437488695],[-93.9821727714,47.0429493434],[-93.9718229805,47.0449874016],[-93.96809538224727,47.04923],[-93.96072698336387,47.04923],[-93.9651189109,47.0434389509],[-93.9598192568,47.0405483774],[-93.9528533109,47.0390072657],[-93.9504506263,47.0395492692],[-93.9466643319,47.0381512969],[-93.9460107308,47.0356706263],[-93.9477782614,47.0334625567],[-93.9523346227,47.0329106961],[-93.9578381392,47.0337937412],[-93.9553393507,47.031142145],[-93.9547585818,47.0287423091],[-93.952190617,47.0271277342],[-93.952232819,47.02305154],[-93.94448563610504,47.0227805898827],[-93.94447,47.01997],[-93.94161747417435,47.01996827433405],[-93.941178133,47.0160488591],[-93.9424329484,47.0144641667],[-93.9444082521,47.0140352294],[-93.9464755138,47.0151722699],[-93.947463317,47.0169794937],[-93.958700645,47.0177688323],[-93.9600282013,47.0214190059],[-93.9591673754,47.0239004236],[-93.9603055166,47.0252572799],[-93.9607302506,47.0281596379],[-93.9635005855,47.0317377409],[-93.9619761737,47.0349167022],[-93.970219873,47.0391878584],[-93.9817938185,47.0369252364],[-93.98284057740783,47.0349429182993],[-93.98943997288771,47.0350552378139],[-93.9892479047,47.037845033],[-93.9946577481,47.0402568825],[-94.005285006,47.0403817856],[-94.0120790117,47.0429263203],[-94.0206490627,47.0402649639],[-94.0237434999,47.0401491583],[-94.0256386151,47.038569546],[-94.0254960796909,47.036612642397536],[-94.0212533766,47.0367619423],[-94.0171509545,47.0382439166],[-94.0118932378,47.0370358875],[-94.009342657,47.0387778302],[-94.0061604986,47.039122938],[-94.0036018568,47.0369863401],[-94.0045966659,47.0338048227],[-94.0114053956,47.0309347556],[-94.0167590124,47.0320987769],[-94.01841780145416,47.03143431879107],[-94.02373,47.0319],[-94.02375975265171,47.03036136286856],[-94.0245212756,47.0302719708],[-94.02815502966399,47.03111661639024],[-94.03021933870532,47.03003346448186],[-94.0315660466,47.0278771989],[-94.0337690085,47.0272061628],[-94.03459701659095,47.02723702251545],[-94.0346,47.02832],[-94.04223568494692,47.02833888852182],[-94.0377636503,47.0332412463],[-94.0315911419,47.0360661995],[-94.0326686474,47.0441804034],[-94.031262307,47.0482566195],[-94.0291104231,47.0496531568]],[[-93.98553,47.04156],[-93.98629,47.04212],[-93.98627,47.04158],[-93.98553,47.04156]],[[-94.00119,47.04341],[-94.00206,47.04428],[-94.00187,47.04327],[-94.00119,47.04341]]]},"properties":{"flat_pct":95}},{"type":"Feature","geometry":{"type":"Polygon","coordinates":[[[-93.9754285324,47.0506866229],[-93.97537216403855,47.05290501329511],[-93.97159,47.05285],[-93.97159,47.04923],[-93.97013477483478,47.04923],[-93.9731956199,47.0482115875],[-93.9754285324,47.0506866229]]]},"properties":{"flat_pct":100}},{"type":"Feature","geometry":{"type":"Polygon","coordinates":[[[-93.96067,47.05274],[-93.9597592759,47.0524188265],[-93.96060783037674,47.04962263746237],[-93.96067,47.05274]]]},"properties":{}},{"type":"Feature","geometry":{"type":"Polygon","coordinates":[[[-93.97161096591726,47.05577125113854],[-93.9697932799,47.0544063964],[-93.96937370292719,47.052827674663185],[-93.97159,47.05285],[-93.97161096591726,47.05577125113854]]]},"properties":{}},{"type":"Feature","geometry":{"type":"Polygon","coordinates":[[[-93.9647510843,47.0554115564],[-93.9629237192,47.0562755869],[-93.9609630117,47.0557842233],[-93.96067,47.05274],[-93.96591596860894,47.052792844006134],[-93.9647510843,47.0554115564]]]},"properties":{"flat_pct":100}},{"type":"Feature","geometry":{"type":"Polygon","coordinates":[[[-93.9405166858,47.0817692929],[-93.9419225085,47.0832216959],[-93.9420900929445,47.085225779675255],[-93.92397,47.08538],[-93.92374,47.08181],[-93.9405166858,47.0817692929]]]},"properties":{"flat_pct":100}},{"type":"Feature","geometry":{"type":"Polygon","coordinates":[[[-93.9844457614,47.0887995461],[-93.98569386812183,47.085504820969405],[-93.99005,47.08557],[-94.00305,47.09279],[-93.99807,47.09274],[-93.99800912832558,47.09456615023264],[-93.9925667615,47.0938657674],[-93.9927,47.08917],[-93.98724,47.08913],[-93.98718818315307,47.09105258370019],[-93.9844457614,47.0887995461]]]},"properties":{"flat_pct":100}},{"type":"Feature","geometry":{"type":"Polygon","coordinates":[[[-93.9568305563,47.0815598378],[-93.959363858,47.0819639457],[-93.9626338387983,47.08534772540767],[-93.9627240681,47.0890959244],[-93.960465765,47.0938307106],[-93.9622696712,47.0958353646],[-93.9625328186,47.101435791],[-93.9580535438,47.1035175029],[-93.94481548896182,47.102685698202414],[-93.94466525975871,47.089221405874376],[-93.9473104171,47.0898085549],[-93.9504210663,47.0887681423],[-93.9545135094,47.091902389],[-93.9560758745,47.0877567803],[-93.95511496528066,47.08602887307335],[-93.95510910391079,47.0828842481364],[-93.9568305563,47.0815598378]]]},"properties":{"flat_pct":94}},{"type":"Feature","geometry":{"type":"Polygon","coordinates":[[[-93.9822641571,47.0886754584],[-93.98715618431785,47.0922398508273],[-93.98699298060048,47.09829527151295],[-93.9834738793,47.0974417174],[-93.9805442775,47.094531261],[-93.9765023075,47.0949509334],[-93.9723821688,47.0939961143],[-93.9706356543,47.0917713844],[-93.9711322877,47.0895296366],[-93.9730686156,47.0882956543],[-93.9822641571,47.0886754584]]]},"properties":{"flat_pct":100}},{"type":"Feature","geometry":{"type":"Polygon","coordinates":[[[-93.92928,47.09963],[-93.92625076187781,47.09965641777432],[-93.9261277591,47.0976477214],[-93.92742757091484,47.09593552946737],[-93.92915,47.09593],[-93.92928,47.09963]]]},"properties":{"flat_pct":100}},{"type":"Feature","geometry":{"type":"Polygon","coordinates":[[[-93.98826992867048,47.099894852678936],[-93.98979675114458,47.103491457415885],[-93.9869,47.10347],[-93.986881757062,47.10563482864392],[-93.9848952654,47.1059629694],[-93.9791814388,47.1057055501],[-93.9773200176,47.1029402636],[-93.9784088974,47.1006174934],[-93.9816766468,47.0995412515],[-93.98826992867048,47.099894852678936]]]},"properties":{"flat_pct":100}},{"type":"Feature","geometry":{"type":"Polygon","coordinates":[[[-93.9553113206,47.1036601371],[-93.95764590030778,47.104741569681956],[-93.95837354932182,47.11015492235501],[-93.95522,47.11011],[-93.9553113206,47.1036601371]]]},"properties":{"flat_pct":100}},{"type":"Feature","geometry":{"type":"Polygon","coordinates":[[[-93.9898199799,47.1140809889],[-93.9887146725,47.1163959871],[-93.98637663506479,47.117068396105005],[-93.98682435033014,47.111069995782906],[-93.9889490765,47.1119564642],[-93.9898199799,47.1140809889]]]},"properties":{"flat_pct":100}},{"type":"Feature","geometry":{"type":"Polygon","coordinates":[[[-93.9553762566,47.1163897538],[-93.95304221238013,47.11375849337402],[-93.96056,47.11384],[-93.96027321787278,47.11706960795568],[-93.9553762566,47.1163897538]]]},"properties":{"flat_pct":100}},{"type":"Feature","geometry":{"type":"Polygon","coordinates":[[[-93.985848611,47.1271543264],[-93.9851376412,47.1262092048],[-93.9766060865,47.1310459917],[-93.9784569559,47.1337352713],[-93.9813828622,47.1344750318],[-93.9840823069,47.1365293613],[-93.9848713542,47.1395399806],[-93.9830996471,47.1429166334],[-93.9800151497,47.1428895397],[-93.9786091904,47.1399313877],[-93.9772935501,47.1396249033],[-93.978775266,47.1417748104],[-93.97817617411467,47.14406946953262],[-93.9608,47.14394],[-93.96076,47.14493],[-93.95943,47.14343],[-93.95712,47.14362],[-93.95932,47.14416],[-93.96002326145978,47.14520838273982],[-93.9575239377,47.1453990356],[-93.9549192312,47.1437466546],[-93.9543612691,47.1414427493],[-93.9551145344,47.1395405568],[-93.9590679335,47.1387205011],[-93.9577217898,47.1363236113],[-93.9587378629,47.1339680825],[-93.9606163887,47.1332217898],[-93.9658240047,47.1335391274],[-93.967798717,47.1319321725],[-93.96580134262216,47.131458145585434],[-93.96557,47.12887],[-93.96018130439388,47.12892342899326],[-93.9597494327,47.1259067072],[-93.95647817372084,47.1239094046601],[-93.9566597004,47.1204274289],[-93.9581292737,47.1186470835],[-93.9601702442745,47.118229249093424],[-93.95991,47.12116],[-93.9694786089553,47.12125250395355],[-93.9727322271,47.1228299966],[-93.9782586232,47.1232119681],[-93.98150974186508,47.12136881420983],[-93.98577,47.12141],[-93.98617224072645,47.11853121833029],[-93.989918805,47.1186132066],[-93.99161911687203,47.120718545687225],[-93.9908222121,47.1237850912],[-93.99122,47.1291],[-93.9926356575,47.1325766742],[-93.99654,47.134240251396115],[-93.99654,47.13697],[-94.00015093431169,47.13707282392512],[-93.9993329343,47.1394788735],[-93.9972294399,47.1403994111],[-93.99239841,47.1395836802],[-93.9880576741,47.1366449819],[-93.9853925201,47.1326792718],[-93.985848611,47.1271543264]],[[-93.9625925901,47.1240544846],[-93.9630249547,47.1240928019],[-93.9630627697,47.124101187],[-93.9625925901,47.1240544846]],[[-93.9635252569,47.1394048256],[-93.9620608976,47.1393115213],[-93.962374284,47.1395307294],[-93.9635252569,47.1394048256]],[[-93.9756764335,47.1392342507],[-93.9725725249,47.1357431671],[-93.9699487339,47.1379910348],[-93.9700936006,47.1394716538],[-93.9734497662,47.1400343245],[-93.9756764335,47.1392342507]]]},"properties":{"flat_pct":94}},{"type":"Feature","geometry":{"type":"Polygon","coordinates":[[[-93.9474719602,47.1435397162],[-93.9493701752,47.1463157086],[-93.9514900190375,47.14764616430894],[-93.95016,47.14762],[-93.94988,47.15168],[-93.94466878967725,47.15058619733284],[-93.94527165045157,47.143541810476826],[-93.9474719602,47.1435397162]]]},"properties":{"flat_pct":96}},{"type":"Feature","geometry":{"type":"Polygon","coordinates":[[[-93.9977019542,47.1433237642],[-93.9998321531,47.145671283],[-94.0056916408,47.1477067184],[-94.0104001329,47.1512928271],[-94.01101975749323,47.15269831162082],[-94.00824,47.15263],[-94.00818126413152,47.15616394141995],[-93.99915062007685,47.15164614273895],[-94.00049,47.15104],[-93.99892,47.14962],[-93.99745,47.14946],[-93.99696405485564,47.15121850227089],[-93.9942869425,47.1484777109],[-93.9916428175,47.1481245543],[-93.9902106296,47.1466981428],[-93.9900933313,47.1444050403],[-93.9916318572,47.1427006296],[-93.9977019542,47.1433237642]]]},"properties":{"flat_pct":95}},{"type":"Feature","geometry":{"type":"Polygon","coordinates":[[[-93.88930335462848,47.14729],[-93.88765255930001,47.14366],[-93.89187,47.14366],[-93.89193742564102,47.1409404991453],[-93.8949029077,47.1423638553],[-93.8957649721,47.1450976926],[-93.90222415550669,47.152708628478436],[-93.90200066649912,47.16379830716449],[-93.89848139590747,47.165295955736205],[-93.88887176825094,47.16522972396665],[-93.8965028465,47.159427903],[-93.8959597907,47.154946861],[-93.89169587412808,47.14993629362801],[-93.89177,47.14729],[-93.88930335462848,47.14729]]]},"properties":{"flat_pct":100}},{"type":"Feature","geometry":{"type":"Polygon","coordinates":[[[-93.9342871632,47.1580290386],[-93.93401,47.15486],[-93.92871,47.15477],[-93.9286944607672,47.156650247167235],[-93.92338786121823,47.15628563392255],[-93.92346,47.15107],[-93.91816,47.15103],[-93.91809,47.15464],[-93.91277,47.15459],[-93.91284020324633,47.15143085391532],[-93.9212369186,47.1497401208],[-93.9261105283,47.150738464],[-93.9332801167,47.150529562],[-93.94463347741736,47.15302369796704],[-93.94475,47.15871],[-93.9342871632,47.1580290386]]]},"properties":{"flat_pct":92}},{"type":"Feature","geometry":{"type":"Polygon","coordinates":[[[-93.9557515677,47.1624979247],[-93.9500989548,47.1621038292],[-93.94476817227383,47.15944900580218],[-93.94475,47.15871],[-93.95019,47.15887],[-93.94988,47.15168],[-93.95516,47.15202],[-93.95539510830095,47.155598054454885],[-93.9513600521,47.1560808817],[-93.95545325752695,47.15648301298838],[-93.9557515677,47.1624979247]]]},"properties":{"flat_pct":98}},{"type":"Feature","geometry":{"type":"Polygon","coordinates":[[[-93.88093246395945,47.169804053968626],[-93.88069,47.16521],[-93.88601,47.16521],[-93.88634024204454,47.17150198000627],[-93.88093246395945,47.169804053968626]]]},"properties":{"flat_pct":100}},{"type":"Feature","geometry":{"type":"Polygon","coordinates":[[[-93.99323600269304,47.17905921005537],[-93.9919399382,47.169733895],[-93.9848297341,47.1702044666],[-93.98267,47.1707],[-93.9826521403385,47.17178447833426],[-93.9782366154,47.1726598819],[-93.975844006,47.1715958017],[-93.9714942687,47.1742763112],[-93.9709982695,47.1831285525],[-93.97426030359223,47.18522383236267],[-93.97214,47.18521],[-93.97236416009878,47.18939432184379],[-93.9667828955,47.1879959052],[-93.9652392449,47.1867491291],[-93.9645233311,47.1841474953],[-93.96668,47.1706],[-93.97734,47.17067],[-93.97737,47.16704],[-93.97197305627634,47.16699447751311],[-93.9745752184,47.1652127723],[-93.9788246157,47.1662752551],[-93.9803124498,47.1644949755],[-93.98245556820424,47.16417047314095],[-93.9827,47.16708],[-93.98803,47.16712],[-93.98763,47.16346],[-93.98597650715621,47.16343791135514],[-93.9857106696,47.1620978746],[-93.9868152536,47.1581040808],[-93.9823884607,47.1562952129],[-93.9756176773,47.1578079596],[-93.9738505298,47.15594836],[-93.9741669531,47.153402619],[-93.97505928599928,47.15250228543954],[-93.98667,47.15248],[-93.98662862383665,47.15154624063771],[-93.9919512118,47.1545870645],[-93.9928883192,47.1578104077],[-93.9919021028,47.1645575626],[-93.99282363767736,47.16409711008948],[-93.99303,47.16711],[-93.9974114225399,47.16710123715492],[-93.99804815163111,47.16802694329522],[-93.9978197082,47.1750902602],[-94.0012728872,47.1780850967],[-94.00178987839931,47.17489622182639],[-94.00348,47.17496],[-94.00325,47.17103],[-94.00745097604496,47.171102989931285],[-94.0080641256,47.1735976491],[-94.0068404152,47.1811465453],[-94.0041242925,47.1843566364],[-94.0089108781443,47.18778739879853],[-94.00893,47.1895],[-94.01246961493061,47.18956108635547],[-94.0144179508,47.1938897396],[-94.01452993761013,47.19696059500021],[-94.0085310379792,47.19693517734215],[-94.0078882468,47.1938137784],[-93.9991081421,47.1899297305],[-93.9986006035313,47.18704325585869],[-93.9997387281,47.1855540185],[-93.9967722981,47.1846533988],[-93.9955422402,47.1808639131],[-93.99323600269304,47.17905921005537]]]},"properties":{"flat_pct":97}},{"type":"Feature","geometry":{"type":"Polygon","coordinates":[[[-93.87614044255257,47.1818769468093],[-93.879971568,47.1835621995],[-93.8803007718171,47.18683089936633],[-93.8718500763,47.1866174336],[-93.87150589592923,47.18607533628085],[-93.87389,47.18604],[-93.87614044255257,47.1818769468093]]]},"properties":{"flat_pct":100}},{"type":"Feature","geometry":{"type":"Polygon","coordinates":[[[-93.9229500801,47.1761719939],[-93.9260225378,47.1782433979],[-93.9273311244,47.181970681],[-93.9267568987,47.1855720252],[-93.9279659009,47.1886367729],[-93.9263226851,47.1917254326],[-93.9269984623384,47.19494081256731],[-93.92094572570866,47.19486815737231],[-93.9200749268,47.1917414401],[-93.9214000977,47.1882931901],[-93.9205746056,47.1862161699],[-93.9212821768,47.1825986818],[-93.9194197028,47.1804456759],[-93.9191295412,47.1784452715],[-93.9206643241,47.1763897028],[-93.9229500801,47.1761719939]]]},"properties":{"flat_pct":100}},{"type":"Feature","geometry":{"type":"Polygon","coordinates":[[[-93.8877744088,47.1885432893],[-93.8878107889,47.1918160143],[-93.8896893004,47.1986504277],[-93.8884038327,47.2005529657],[-93.88625727524892,47.20100584434103],[-93.88632,47.19778],[-93.88353162746473,47.197753644872066],[-93.8825771091,47.1945476291],[-93.88110856217072,47.194307831843076],[-93.88123793262919,47.18867245467269],[-93.8829262233,47.1873431308],[-93.886150854,47.187339179],[-93.8877744088,47.1885432893]]]},"properties":{"flat_pct":100}},{"type":"Feature","geometry":{"type":"Polygon","coordinates":[[[-93.9262738405,47.2180737042],[-93.9210447104,47.2127540337],[-93.91308541980682,47.21671786505285],[-93.904678865,47.2144220636],[-93.9013752281,47.2161789809],[-93.90203719123605,47.21647346463337],[-93.90181361175924,47.222468706900635],[-93.9006723724,47.2224397911],[-93.8899315708,47.2181465277],[-93.8886534808,47.2162836228],[-93.8847556184,47.2144963201],[-93.8837321796,47.2113429048],[-93.884989502,47.2094216504],[-93.8869454757,47.2089117693],[-93.8935749715,47.2118045715],[-93.899045518,47.2104941722],[-93.89972379026005,47.20870778901997],[-93.90209,47.20873],[-93.90209,47.20758074724967],[-93.9035077488,47.2074206459],[-93.9125240116,47.2104629816],[-93.9177666912,47.2073588548],[-93.9303629384,47.2058120409],[-93.9348808144,47.2042222484],[-93.9406188288,47.2066056162],[-93.941478831,47.2100748051],[-93.9389967707,47.2119062623],[-93.9346465333,47.2104757063],[-93.9313437058,47.2118723057],[-93.9292921518,47.2117166113],[-93.9306819527,47.2136550126],[-93.9426421378,47.2124697878],[-93.9444841456,47.2133021453],[-93.9453799949,47.2151141237],[-93.94456066459459,47.21754093498421],[-93.92965,47.21696],[-93.92964645520293,47.21956542584699],[-93.9262738405,47.2180737042]]]},"properties":{"flat_pct":100}},{"type":"Feature","geometry":{"type":"Polygon","coordinates":[[[-93.91302942982092,47.22011459086368],[-93.9188323094,47.2199466696],[-93.9201104577,47.2221709128],[-93.9194036331,47.2243555128],[-93.9167586907,47.2261436184],[-93.91296020384546,47.226132341107906],[-93.91298,47.22377],[-93.90738,47.22359],[-93.90743,47.22173],[-93.913,47.2219],[-93.91302942982092,47.22011459086368]]]},"properties":{"flat_pct":100}},{"type":"Feature","geometry":{"type":"Polygon","coordinates":[[[-93.8991393825,47.2266211148],[-93.8991781297,47.2243253411],[-93.9008288852,47.2227293825],[-93.90738,47.22359],[-93.90740730220284,47.22850439651099],[-93.9012951594,47.2284520603],[-93.8991393825,47.2266211148]]]},"properties":{"flat_pct":100}},{"type":"Feature","geometry":{"type":"Polygon","coordinates":[[[-93.8793273134,47.2363990023],[-93.87545213534523,47.23594010059404],[-93.87549,47.23389],[-93.8727362734,47.2337441309],[-93.87200915336437,47.23019846291227],[-93.88082810000292,47.23052369964235],[-93.8808,47.23398],[-93.89143,47.23413],[-93.8928694515,47.2333532429],[-93.902448473,47.2350165683],[-93.9041667656,47.2360811256],[-93.9048196757,47.2379941129],[-93.90195,47.2379],[-93.90193313425496,47.24094426697732],[-93.8985487332,47.2409022176],[-93.89689,47.24143],[-93.89689531851828,47.242379355513215],[-93.89153941409734,47.24424719606025],[-93.89149,47.24134],[-93.88820379094949,47.24130506219271],[-93.8889124846,47.2393334513],[-93.8793273134,47.2363990023]]]},"properties":{"flat_pct":100}},{"type":"Feature","geometry":{"type":"Polygon","coordinates":[[[-93.8783650351,47.2505228994],[-93.8784637204,47.2534532402],[-93.8845048948,47.2554673635],[-93.88531090483703,47.25897603027993],[-93.87163437185394,47.25878089364308],[-93.8712572408,47.2539197046],[-93.8733083606,47.2495662465],[-93.8759623573,47.2485884749],[-93.8783650351,47.2505228994]]]},"properties":{"flat_pct":100}},{"type":"Feature","geometry":{"type":"Polygon","coordinates":[[[-93.8735807573,47.2771410093],[-93.872497097,47.2742869087],[-93.8685532456,47.2755459785],[-93.8661363542,47.2729128223],[-93.86793291532636,47.26953253375811],[-93.86996,47.26954],[-93.86997818588291,47.26809119132857],[-93.8724723985,47.2682385816],[-93.87214913365779,47.26237386225144],[-93.87822943216271,47.2623850495532],[-93.88091254869225,47.263284156930034],[-93.88089,47.26599],[-93.8904487882,47.2664617026],[-93.89137672094388,47.275501437368334],[-93.88991121681913,47.27709846064951],[-93.886,47.27693],[-93.88616,47.26975],[-93.8790049585,47.2691975708],[-93.8782910676,47.27160437],[-93.8788512535,47.2735810153],[-93.88076894436641,47.274774968289115],[-93.88075,47.27671],[-93.88192260880581,47.27675913789282],[-93.8813419701,47.2789706571],[-93.8781925383,47.2800628007],[-93.8735807573,47.2771410093]]]},"properties":{"flat_pct":100}},{"type":"Feature","geometry":{"type":"Polygon","coordinates":[[[-93.94459,47.27567],[-93.9477,47.2745],[-93.94918,47.27222],[-93.95009,47.2722],[-93.94999,47.27583],[-93.94459,47.27567]]]},"properties":{"flat_pct":100}},{"type":"Feature","geometry":{"type":"Polygon","coordinates":[[[-93.9660083592,47.2764967184],[-93.96606,47.27991],[-93.96325647622281,47.279826778514966],[-93.9641776412,47.2776458607],[-93.9660083592,47.2764967184]]]},"properties":{"flat_pct":100}},{"type":"Feature","geometry":{"type":"Polygon","coordinates":[[[-93.8832294319,47.2793044517],[-93.88201325865991,47.27676293655337],[-93.886,47.27693],[-93.88594526107394,47.27973732492246],[-93.8832294319,47.2793044517]]]},"properties":{"flat_pct":100}},{"type":"Feature","geometry":{"type":"Polygon","coordinates":[[[-93.9464681021,47.2796428537],[-93.9498233200849,47.28180714096047],[-93.94979,47.283],[-93.93913,47.28257],[-93.939471216,47.2791376324],[-93.9464681021,47.2796428537]]]},"properties":{"flat_pct":100}},{"type":"Feature","geometry":{"type":"Polygon","coordinates":[[[-93.9376141414,47.2893823049],[-93.93381,47.28962],[-93.93378,47.29328],[-93.9383024703026,47.2935505028966],[-93.93913,47.29727],[-93.9445,47.29761],[-93.94420590143007,47.301138195791665],[-93.93051342474939,47.30034628016275],[-93.9313060323,47.2983046803],[-93.9330085203,47.2973853329],[-93.9292197826,47.2961493097],[-93.90983,47.29611],[-93.91379,47.291],[-93.91953322967998,47.289723129948044],[-93.9274318601,47.2902924386],[-93.9265750050778,47.28921221416948],[-93.92849,47.28932],[-93.92852,47.28704],[-93.93031,47.28577],[-93.93799622528257,47.28617958343342],[-93.937165522,47.2869104735],[-93.9376141414,47.2893823049]]]},"properties":{"flat_pct":100}},{"type":"Feature","geometry":{"type":"Polygon","coordinates":[[[-93.9783363291,47.3038579551],[-93.9750253037,47.3043763339],[-93.9782610944,47.3054481678],[-93.9795941113,47.3071357113],[-93.9847776849,47.3070151869],[-93.98740175770166,47.30850497598255],[-93.98741,47.30971],[-93.98202,47.30953],[-93.98203846484434,47.312899834090906],[-93.97250160167671,47.312852918685856],[-93.9720786708,47.3099147514],[-93.9712546474439,47.30941271851021],[-93.97127,47.29819],[-93.9574206866,47.2978173834],[-93.9575643319,47.2958011548],[-93.95913792985044,47.29425183605061],[-93.96592,47.29441],[-93.96592250695737,47.29349997447523],[-93.9691828401,47.2931361616],[-93.9653487512,47.2877180541],[-93.9618911944,47.2884419267],[-93.96055355612768,47.28829443047576],[-93.96055,47.287],[-93.9498,47.28668],[-93.94979,47.283],[-93.96991502934627,47.28370247238059],[-93.9743454038,47.2900025082],[-93.9784716386,47.2931919497],[-93.9778213203,47.2964613203],[-93.9743314774,47.297007363],[-93.9737644087,47.2981110618],[-93.97663,47.29837009350833],[-93.97663,47.30204],[-93.97955672356852,47.30213819389419],[-93.9783363291,47.3038579551]]]},"properties":{"flat_pct":100}},{"type":"Feature","geometry":{"type":"Polygon","coordinates":[[[-93.95521,47.29781],[-93.95516,47.30142],[-93.94979188991661,47.30116723497541],[-93.94985,47.2977],[-93.95521,47.29781]]]},"properties":{"flat_pct":100}},{"type":"Feature","geometry":{"type":"Polygon","coordinates":[[[-93.9068,47.30335],[-93.91217,47.30342],[-93.91216,47.30706],[-93.90681896549526,47.306945085319356],[-93.9033953091,47.3055960866],[-93.90146245338101,47.30617646279525],[-93.90142,47.3025],[-93.90302,47.30162],[-93.9068,47.30335]]]},"properties":{"flat_pct":100}},{"type":"Feature","geometry":{"type":"Polygon","coordinates":[[[-93.9731239643,47.3281551558],[-93.972368662,47.3267117249],[-93.9660056071,47.3242166541],[-93.9602538394,47.3197869486],[-93.95497130943542,47.31917397426455],[-93.95501,47.3122],[-93.94108661173804,47.31162323828559],[-93.93894096178963,47.309927174575556],[-93.93891,47.30797],[-93.94425,47.30823],[-93.9443744838,47.3037101982],[-93.9539671969,47.308144353],[-93.9560237569,47.3057937001],[-93.95505864315196,47.30500847549246],[-93.95516,47.30142],[-93.9659,47.30169],[-93.96588,47.30534],[-93.9605,47.30517],[-93.96043,47.31241],[-93.96584403986733,47.31334322920916],[-93.96579,47.31981],[-93.9728351521,47.3200591308],[-93.9770514556,47.3225487254],[-93.98340475556196,47.32850009360075],[-93.98341,47.33236],[-93.9924571237048,47.33240207964514],[-93.9948761031,47.3358802572],[-93.99678219255439,47.33609078140217],[-93.98891,47.33604],[-93.98892965635791,47.33783855674915],[-93.9877169168,47.3360947951],[-93.9818487704,47.3347631201],[-93.9731239643,47.3281551558]],[[-93.94001,47.30952],[-93.93957,47.31008],[-93.94191,47.30988],[-93.94001,47.30952]]]},"properties":{"flat_pct":100}},{"type":"Feature","geometry":{"type":"Polygon","coordinates":[[[-93.9415652734,47.3250607837],[-93.95077,47.32497],[-93.95078,47.32861],[-93.9438293658,47.3276724529],[-93.9415652734,47.3250607837]]]},"properties":{"flat_pct":100}},{"type":"Feature","geometry":{"type":"Polygon","coordinates":[[[-93.9663230529,47.3299859726],[-93.96932,47.33234],[-93.96163,47.33231],[-93.96158593604032,47.334986885550556],[-93.959525069,47.3340567104],[-93.95620573273992,47.334425123476194],[-93.95623105502077,47.327733710763],[-93.9605411302,47.3280015141],[-93.9663230529,47.3299859726]]]},"properties":{"flat_pct":100}},{"type":"Feature","geometry":{"type":"Polygon","coordinates":[[[-93.9754877498,47.3371540659],[-93.97405,47.33801],[-93.97274,47.33599],[-93.9743907218147,47.33599638577105],[-93.9754877498,47.3371540659]]]},"properties":{}},{"type":"Feature","geometry":{"type":"Polygon","coordinates":[[[-94.0029815681,47.3404118849],[-94.0026066478,47.3434736317],[-93.99934858921125,47.34476379285078],[-93.9989126828184,47.3438857901756],[-93.99823,47.34423],[-93.99617130010839,47.343543766702794],[-93.99746,47.34235],[-93.99775,47.3438],[-93.99765,47.34227],[-93.9957933456081,47.34279897948403],[-93.99263,47.34034],[-93.99023094272566,47.33970963718665],[-94.0029815681,47.3404118849]],[[-93.99904102048214,47.34382108210984],[-93.999,47.34377],[-93.9989126828184,47.3438857901756],[-93.99904102048214,47.34382108210984]],[[-93.99953,47.34443],[-93.99942,47.34363],[-93.99904102048214,47.34382108210984],[-93.99953,47.34443]]]},"properties":{"flat_pct":91}},{"type":"Feature","geometry":{"type":"Polygon","coordinates":[[[-93.9248179389,47.3561935852],[-93.922984526,47.3588624126],[-93.9183807530496,47.360944827595084],[-93.9184,47.35749],[-93.91303,47.35742],[-93.9091338189,47.3596982031],[-93.9072082132,47.3590835043],[-93.90609674551712,47.357316518589805],[-93.90767,47.35734],[-93.90761,47.35377],[-93.9165712675861,47.3538725418679],[-93.9164826826,47.3552245058],[-93.91937260837675,47.35390459701127],[-93.92444001582577,47.35396258227064],[-93.9248179389,47.3561935852]]]},"properties":{"flat_pct":100}},{"type":"Feature","geometry":{"type":"Polygon","coordinates":[[[-93.978346151,47.3782964851],[-93.98077289088896,47.37619124070746],[-93.98623501082395,47.376286978972004],[-93.9870599063,47.378373709],[-93.98659633693728,47.37994594140469],[-93.97829183685464,47.379870651286076],[-93.978346151,47.3782964851]]]},"properties":{"flat_pct":100}},{"type":"Feature","geometry":{"type":"Polygon","coordinates":[[[-94.0320825035,47.3939125343],[-94.0349243799,47.3892576394],[-94.0324314516,47.3889141536],[-94.0306164221,47.391064529],[-94.0280375469,47.3908982795],[-94.0294922299,47.3931696409],[-94.0292826575,47.3951921683],[-94.02569,47.39789],[-94.0255583822,47.3991936904],[-94.0233354419,47.3999964724],[-94.02053144402758,47.39838255074735],[-94.0213828635,47.3938330724],[-94.02109,47.38731],[-94.01058,47.38719],[-94.00996338757271,47.39470020079986],[-94.0073777689,47.3938133848],[-94.0058039192,47.3918246743],[-94.0022412527,47.3930010346],[-94.0050497031,47.396015659],[-94.00435,47.40169],[-94.00574594865607,47.401674046301075],[-94.00725931063253,47.40525573839887],[-94.00425,47.40529],[-94.00417,47.40891],[-94.00885155489459,47.408865917562196],[-94.0052078074,47.4120316708],[-94.0069641801,47.4154933371],[-94.0092933814,47.4158871776],[-94.0106018088,47.4177739991],[-94.0101928224,47.4200333814],[-94.0084931906,47.421291469],[-94.0092696595,47.4241348014],[-94.008764343,47.4258440104],[-94.0111554952,47.4268966751],[-94.0117521265,47.4296708425],[-94.01329055760522,47.42990009713033],[-94.00946,47.42993],[-94.0094784065285,47.43666678943165],[-94.0055557914,47.4400133277],[-94.0054611832,47.4427829738],[-94.0028528683,47.4461046204],[-93.9970170664,47.4475585971],[-93.9907117101,47.4439762381],[-93.98845826070398,47.444156610310095],[-93.98847,47.44096],[-93.98519665233445,47.440968003295026],[-93.98560939028599,47.43371741527778],[-93.98845,47.43372],[-93.98823,47.42654],[-93.98532132219582,47.42648915834565],[-93.9852334094,47.4255017508],[-93.9826986152,47.4258264526],[-93.9808749949,47.4244176291],[-93.98023190014801,47.42640019880663],[-93.97736,47.42635],[-93.97684065235038,47.419235549232596],[-93.9797214636,47.4158436373],[-93.9799248767,47.4131592525],[-93.9765442682,47.4116791491],[-93.9750582789,47.4133895503],[-93.977120046,47.4159445639],[-93.9758494314,47.4187553284],[-93.97344184549604,47.41920399113738],[-93.9702503717,47.4175884795],[-93.96654154890392,47.41792642260263],[-93.9665,47.41196],[-93.97189,47.41201],[-93.9721,47.40493],[-93.9714440798264,47.40490813599421],[-93.9744838746,47.4032913055],[-93.9696329139,47.4028689944],[-93.9667,47.40475],[-93.96677,47.39737],[-93.95875,47.3973],[-93.95882,47.39372],[-93.96683841398645,47.39342506012014],[-93.9689255462,47.3946694168],[-93.9696965558,47.3968692929],[-93.97776173565119,47.39776966611557],[-93.97226,47.3976],[-93.97218,47.40125],[-93.97763,47.40147],[-93.97751,47.40512],[-93.98176533203699,47.4052610607305],[-93.98290396118625,47.40617213929247],[-93.98279,47.40893],[-93.98491316843682,47.40899684048782],[-93.9907631361,47.4152127597],[-93.99118348092031,47.41630379594805],[-93.98926,47.41866],[-93.99136,47.42553],[-93.9904,47.42843],[-93.991689251,47.4292477733],[-93.991509511,47.437913657],[-93.99713535,47.4405691851],[-93.9967914201,47.4383369387],[-93.9986043985,47.4324480391],[-93.9973029147,47.4276188289],[-93.9983573252,47.4258942912],[-94.0005260653,47.4249326041],[-93.99709247734842,47.424190860032624],[-93.99879,47.42219],[-93.99711701928786,47.419984707243074],[-94.00418,47.41924],[-94.00414,47.41577],[-93.99878,47.41576],[-93.99874,47.41225],[-93.99339330007201,47.412666860404684],[-93.99327249554676,47.409029806063245],[-93.99885,47.40896],[-93.99897,47.40536],[-93.99132235918687,47.4054538803877],[-93.9913951869,47.4030323151],[-93.9958344392,47.3967349029],[-93.9910070634,47.3971393398],[-93.98894386572988,47.3962534276058],[-93.98908427273712,47.38878511203059],[-93.9948919417,47.3882388567],[-93.9917533425,47.3845026249],[-93.9924282682,47.3823079602],[-93.9941659924,47.3812754261],[-93.9964162435,47.3817319872],[-94.0023690038,47.38685782],[-94.002647744,47.3834735242],[-94.0004180178,47.3826777963],[-93.99880943270955,47.37997595232423],[-94.00531,47.37998],[-94.00515,47.37638],[-93.999813256122,47.37503987161608],[-93.99975,47.37275],[-93.99646484785406,47.372731227702026],[-93.99448841116931,47.3715164171551],[-93.99443,47.36545],[-93.98922,47.36542],[-93.98908,47.35084],[-93.9826287424,47.3504884254],[-93.9798085261,47.3478907595],[-93.9776528549,47.3493300495],[-93.9749954197,47.3483616621],[-93.9746589071,47.344653422],[-93.97269135552436,47.343711443989626],[-93.97243,47.33625],[-93.97376,47.33816],[-93.9761254466779,47.338262845507735],[-93.9821056872,47.3415293318],[-93.9850950869,47.3448118027],[-93.9899689732,47.3465605776],[-93.9986945895,47.3459236281],[-94.00389,47.34785332688589],[-94.0046,47.3492],[-94.00668,47.34914],[-94.00676903987052,47.34831885452743],[-94.0135051395,47.3489474517],[-94.0184236754,47.3525471339],[-94.02546898398036,47.35479137776804],[-94.02469,47.35559],[-94.02465,47.35686],[-94.02615,47.35795],[-94.03525,47.36005],[-94.03519,47.36403],[-94.03975,47.36619],[-94.03711,47.36889],[-94.03773,47.37618],[-94.03917202286341,47.37619608203937],[-94.0391423543,47.3771652788],[-94.0376749107,47.3791924009],[-94.0332,47.3798],[-94.03325374284002,47.381298598423726],[-94.0301745749,47.3826953344],[-94.03331400803523,47.38297907021338],[-94.03346,47.38705],[-94.04059,47.38706],[-94.04117886305995,47.39003702991424],[-94.0404235601,47.3916614485],[-94.04139646486367,47.39424905477836],[-94.03322,47.39424],[-94.03315819780055,47.396088915800256],[-94.0320825035,47.3939125343]],[[-94.01045,47.3764],[-94.01078743322289,47.38203435009366],[-94.0084661716,47.3813462195],[-94.0087137595,47.3838107302],[-94.01616,47.38373],[-94.01600071485998,47.38105111355435],[-94.0178793177,47.3810163886],[-94.0185230441,47.378834565],[-94.0157935748664,47.37756739548028],[-94.01572,47.37633],[-94.01342342121748,47.376360504841514],[-94.01024,47.37281],[-94.00499,47.37278],[-94.00515,47.37638],[-94.01045,47.3764]],[[-94.0103892217,47.3676353561],[-94.01547393679868,47.369810709017045],[-94.01553,47.37273],[-94.02081,47.37264],[-94.02076223700523,47.369474616073504],[-94.0305294977,47.3626356308],[-94.0192882634,47.3585664481],[-94.0166640177,47.3583870057],[-94.01546723356542,47.36018020359027],[-94.01549,47.35808],[-94.01061903463878,47.35813493569956],[-94.009046406,47.3547595377],[-94.00491551417957,47.35409707801695],[-94.00492,47.3508],[-93.99964,47.35082],[-93.99965,47.35817],[-94.00079345567264,47.3581656522598],[-94.000177009,47.3606956196],[-94.0016297007,47.3643276217],[-94.0009756845,47.3662402311],[-93.9994338753,47.3672567654],[-94.0058680578,47.3682075946],[-94.0103892217,47.3676353561]],[[-93.9938204079,47.3555483541],[-93.9949988795,47.3559933901],[-93.9954673454,47.3553011701],[-93.9942703774,47.352485931],[-93.9938204079,47.3555483541]],[[-93.9933180694,47.3618913681],[-93.9933316103,47.362446501],[-93.9938925223,47.3625669932],[-93.9933180694,47.3618913681]],[[-94.0264080971,47.375880168],[-94.030220511,47.3760860699],[-94.032332231,47.3746347823],[-94.0336883301,47.3679398265],[-94.0237817599,47.374660878],[-94.0264080971,47.375880168]],[[-93.999266403,47.4093287442],[-94.0003650347,47.4084881043],[-93.9991945037,47.4081121803],[-93.999266403,47.4093287442]],[[-93.98269,47.41569],[-93.98272,47.41929],[-93.98807,47.41934],[-93.98808,47.41573],[-93.98269,47.41569]],[[-93.98347,47.34336],[-93.97802,47.34338],[-93.97817,47.34708],[-93.9836,47.34709],[-93.98347,47.34336]]]},"properties":{"flat_pct":100}},{"type":"Feature","geometry":{"type":"Polygon","coordinates":[[[-93.895217301,47.4284447523],[-93.8958891408,47.4317097683],[-93.8931297613,47.4335799349],[-93.8851897564,47.4289553335],[-93.883335761,47.4256016635],[-93.88108739749184,47.42510047974028],[-93.88096024841141,47.419004015936615],[-93.8862895886331,47.41928598904536],[-93.8865,47.42622],[-93.89373115883171,47.42612431358824],[-93.89265029,47.4266848566],[-93.895217301,47.4284447523]]]},"properties":{"flat_pct":98}},{"type":"Feature","geometry":{"type":"Polygon","coordinates":[[[-94.0068421183,47.4716215414],[-94.0063546353,47.4692811191],[-94.002496463,47.4676168413],[-93.9994451965,47.4680059348],[-94.000664279,47.4702579785],[-94.0032823385,47.4713997553],[-94.0080113006,47.4769516463],[-94.0076829142,47.4789461323],[-94.0051215668,47.4820665892],[-94.0018257588,47.4825659362],[-94.0002785185,47.4808694323],[-94.0003060864,47.4772545481],[-93.9994181475,47.4761463452],[-93.9931779806,47.4743684841],[-93.9910598287,47.4710162283],[-93.9911494682,47.4689126364],[-93.98836942311675,47.468347085309695],[-93.98839389327519,47.46168386116754],[-93.9901604766,47.4611738481],[-93.98839924522595,47.46022652497454],[-93.98841411260526,47.456178137590406],[-93.989947297,47.4532039761],[-93.9918385085,47.4524904419],[-93.99367802666397,47.45308494155121],[-93.99364820293994,47.45970154775402],[-93.9905117018,47.4612062541],[-93.99363476395742,47.46268308201829],[-93.99363,47.46374],[-94.0085682203,47.4577856614],[-94.0130206529,47.4575840411],[-94.0147999438,47.4585431739],[-94.0142737689,47.4630155224],[-94.0161985617,47.4648854949],[-94.0163339245,47.4688442488],[-94.0126960764,47.4728867121],[-94.0089316644,47.4735277243],[-94.0068421183,47.4716215414]]]},"properties":{"flat_pct":98}},{"type":"Feature","geometry":{"type":"Polygon","coordinates":[[[-93.9422745022,47.4965492477],[-93.9422718925809,47.4848939067257],[-93.94333,47.48448],[-93.95069258559938,47.48519791392237],[-93.95062325036649,47.49144386281927],[-93.94824291693597,47.49109426530156],[-93.9482303347,47.493780574],[-93.95058909223539,47.49452094112877],[-93.95058,47.49534],[-93.96135,47.4954],[-93.96129,47.49891],[-93.9437824284,47.4986131327],[-93.9422745022,47.4965492477]]]},"properties":{"flat_pct":100}},{"type":"Feature","geometry":{"type":"Polygon","coordinates":[[[-93.969249003,47.5098014194],[-93.96649,47.50984],[-93.96652092300351,47.50796915828682],[-93.968659797,47.5092431557],[-93.969249003,47.5098014194]]]},"properties":{}},{"type":"Feature","geometry":{"type":"Polygon","coordinates":[[[-93.9411291804,47.5176569235],[-93.94442376587462,47.51721352138675],[-93.9455755317485,47.51790892868282],[-93.94564,47.52081],[-93.94024858530902,47.520801781380044],[-93.9411291804,47.5176569235]]]},"properties":{"flat_pct":100}},{"type":"Feature","geometry":{"type":"Polygon","coordinates":[[[-93.9829,47.52467],[-93.97839619129913,47.52457959508082],[-93.97741729792688,47.523579147457724],[-93.97741,47.52093],[-93.96645,47.52071],[-93.96643,47.51347],[-93.97200967055277,47.513581898589024],[-93.9734983532,47.5156647794],[-93.9806534488,47.5182988012],[-93.98131570696863,47.517312394927814],[-93.99375,47.51732],[-93.99374,47.53173],[-93.98834,47.53184],[-93.9892318352,47.5273135427],[-93.9841244905,47.5281226897],[-93.9829069716747,47.527193746238645],[-93.9829,47.52467]],[[-93.98838,47.52478],[-93.98837,47.52115],[-93.98289,47.52104],[-93.9829,47.52467],[-93.98838,47.52478]],[[-93.987517796,47.5207148283],[-93.9872474825,47.520372254],[-93.9870477821,47.5205994769],[-93.987517796,47.5207148283]]]},"properties":{"flat_pct":99}},{"type":"Feature","geometry":{"type":"Polygon","coordinates":[[[-93.94564,47.52081],[-93.95084,47.52079],[-93.95091,47.52437],[-93.95609,47.52437],[-93.95613,47.52804],[-93.95309,47.52806],[-93.95164460525795,47.5261824777969],[-93.94572,47.52437],[-93.94564,47.52081]]]},"properties":{"flat_pct":100}},{"type":"Feature","geometry":{"type":"Polygon","coordinates":[[[-93.97430155149112,47.54225113736727],[-93.9743166404,47.5383352641],[-93.96860225727036,47.53854983576738],[-93.96654,47.53679],[-93.96649,47.53154],[-93.96806713236221,47.53156178359616],[-93.9687455081,47.5325402284],[-93.97733937192473,47.53222368120865],[-93.97721,47.53872],[-93.98031504885891,47.53872],[-93.9803085549,47.5402374234],[-93.98495066529503,47.54218130711282],[-93.97430155149112,47.54225113736727]]]},"properties":{"flat_pct":100}},{"type":"Feature","geometry":{"type":"Polygon","coordinates":[[[-94.0007385118,47.5504048512],[-93.99831768715912,47.549821354585475],[-93.99906,47.54982],[-93.9991,47.54605],[-93.99437972529213,47.546032741225936],[-93.9944964126,47.5440966659],[-93.9960035061,47.5425243458],[-93.994695002,47.5408269636],[-93.9948039446,47.5388085624],[-93.9961686185,47.5373174296],[-94.0001301016,47.5359168976],[-93.99914,47.53470471707432],[-93.99914,47.53162],[-94.00780276555054,47.531435344200496],[-94.00790306507686,47.53508299189952],[-94.00456,47.53512],[-94.00460658959537,47.54184753757033],[-93.9988442769,47.5426901053],[-94.0031097997,47.5466443589],[-94.0028330713,47.5489237227],[-94.0007385118,47.5504048512]]]},"properties":{"flat_pct":99}},{"type":"Feature","geometry":{"type":"Polygon","coordinates":[[[-93.9587584136,47.5492016078],[-93.9549764172,47.5474942361],[-93.9506885558328,47.54983],[-93.94581,47.54983],[-93.9460430747205,47.54427379940457],[-93.9477215646,47.5443814577],[-93.95107778413147,47.542406970125704],[-93.96112671546635,47.54246284155822],[-93.96103,47.54608],[-93.963153593,47.5464276453],[-93.9610985711,47.5486172653],[-93.9587584136,47.5492016078]]]},"properties":{"flat_pct":100}},{"type":"Feature","geometry":{"type":"Polygon","coordinates":[[[-93.9662799928,47.5474082189],[-93.96765431764524,47.54429493707929],[-93.97157,47.54554],[-93.97150706389765,47.54890708147609],[-93.9702963066,47.5497278847],[-93.9677395896,47.5495178392],[-93.9662799928,47.5474082189]]]},"properties":{"flat_pct":100}},{"type":"Feature","geometry":{"type":"Polygon","coordinates":[[[-93.98811,47.54984],[-93.98816,47.546],[-93.99102084550738,47.54601569019474],[-93.99320736272406,47.54983068123816],[-93.98811,47.54984]]]},"properties":{"flat_pct":100}},{"type":"Feature","geometry":{"type":"Polygon","coordinates":[[[-93.8827250427,47.5673898328],[-93.8735290993,47.5666213303],[-93.8714181195967,47.56566226791628],[-93.87138,47.56371],[-93.86822491906518,47.56371],[-93.8679886697,47.5608090993],[-93.86966183832367,47.55924305392601],[-93.87176015873237,47.55923910600426],[-93.8755299163,47.5609401483],[-93.8831713945,47.5616655666],[-93.8850709211,47.5646932182],[-93.8827250427,47.5673898328]]]},"properties":{"flat_pct":100}},{"type":"Feature","geometry":{"type":"Polygon","coordinates":[[[-93.96943745922876,47.56798601147066],[-93.967273008,47.5708920301],[-93.96381371487199,47.57097570326279],[-93.96135,47.57061],[-93.95859,47.56799],[-93.94554,47.568],[-93.9456,47.56081],[-93.95053585801058,47.560829625677975],[-93.95065,47.56262],[-93.95583416044005,47.56313694375369],[-93.95587,47.56442],[-93.96631147305632,47.56500804921022],[-93.96647,47.56797],[-93.96943745922876,47.56798601147066]]]},"properties":{"flat_pct":100}},{"type":"Feature","geometry":{"type":"Polygon","coordinates":[[[-93.9455359022155,47.570795029257546],[-93.9430421751,47.5695395193],[-93.94247031208532,47.56806652533682],[-93.94547,47.568],[-93.9455359022155,47.570795029257546]]]},"properties":{"flat_pct":100}},{"type":"Feature","geometry":{"type":"Polygon","coordinates":[[[-93.94596,47.58244],[-93.94612178789919,47.58607546926426],[-93.94093,47.58629],[-93.94073,47.58248],[-93.94596,47.58244]]]},"properties":{"flat_pct":100}},{"type":"Feature","geometry":{"type":"Polygon","coordinates":[[[-93.89295247,47.5876490794],[-93.889835844,47.5916126553],[-93.8917888022,47.59334986],[-93.8923137649,47.5980546777],[-93.8941267199,47.6004288346],[-93.8939745771,47.607170621],[-93.88735970322654,47.606547888638104],[-93.8874846889,47.6016875806],[-93.8861972576,47.5964292744],[-93.87962509805227,47.5925168011693],[-93.87969,47.59102],[-93.87721092107056,47.591079617128564],[-93.8736874426,47.5888482622],[-93.8687667658,47.5806160284],[-93.8647457274,47.578836592],[-93.8640107881,47.5747209443],[-93.8617234899,47.5753035061],[-93.858253747,47.5736054499],[-93.8573324252,47.5715606051],[-93.8579650892,47.5683317466],[-93.8611632818,47.5667359898],[-93.86242572106534,47.567283018272676],[-93.86082,47.56728],[-93.8609,47.57084],[-93.86964660569248,47.570872943900916],[-93.8700408571,47.5747526568],[-93.8733617191,47.5765376375],[-93.8760539115,47.5821542776],[-93.8778874154,47.5844996346],[-93.8833538633,47.5877538665],[-93.8844442645,47.5858196646],[-93.8877395495,47.5848920595],[-93.8888250754,47.5829731992],[-93.8907587675,47.582014412],[-93.8903253097,47.5804255221],[-93.8866258509,47.5827474322],[-93.8827426012,47.5819315146],[-93.8798614108,47.5845916383],[-93.8774354072,47.5837577153],[-93.876540998,47.581353354],[-93.8790538102,47.5767334423],[-93.8846334232,47.576042573],[-93.8830154029,47.5708900321],[-93.8847570743,47.5683441649],[-93.88743867718874,47.56843610170107],[-93.88749,47.5711],[-93.88909460557437,47.571154087828354],[-93.8908352805,47.5744467207],[-93.8936800763,47.5751262049],[-93.8959759514,47.5779687419],[-93.89540597440677,47.574971004131434],[-93.90147973745238,47.575127394437395],[-93.9048202804,47.5782894331],[-93.906438474,47.5768403215],[-93.90889754903692,47.5768250682102],[-93.90866,47.58255],[-93.9032,47.58254],[-93.90313951315694,47.58436972700232],[-93.8970765077,47.5799955977],[-93.898335739,47.5837123945],[-93.8980611617,47.5857149976],[-93.8965784726,47.5870888407],[-93.89295247,47.5876490794]]]},"properties":{"flat_pct":100}},{"type":"Feature","geometry":{"type":"Polygon","coordinates":[[[-93.9046122882,47.5974050098],[-93.9046018282,47.5944082263],[-93.9061863232,47.5927464642],[-93.9082022959,47.5925992698],[-93.9100780497,47.5941459825],[-93.9119504838,47.5942279015],[-93.9111372443,47.5913717699],[-93.9133103589,47.5891826075],[-93.9183054288,47.5897195662],[-93.92467829746646,47.593106114829496],[-93.92459632692038,47.59803459391183],[-93.9235160457,47.5984822016],[-93.9163329663,47.5954512595],[-93.916820014,47.5983155002],[-93.9144461066,47.6002851251],[-93.906863929,47.599950811],[-93.9046122882,47.5974050098]]]},"properties":{"flat_pct":100}},{"type":"Feature","geometry":{"type":"Polygon","coordinates":[[[-93.9412879315,47.5946469802],[-93.9407327189,47.6010424383],[-93.9415238418,47.6049853035],[-93.94056243207757,47.606812287446076],[-93.94061,47.60451],[-93.93553800582637,47.604499753547124],[-93.9346723154,47.6018915522],[-93.9351889187,47.5978184206],[-93.9310447921,47.5956583926],[-93.9306091729,47.5923535576],[-93.933495738,47.5906863924],[-93.939775991,47.5929039009],[-93.9412879315,47.5946469802]]]},"properties":{"flat_pct":100}},{"type":"Feature","geometry":{"type":"Polygon","coordinates":[[[-93.9311180526,47.6007774727],[-93.93078571549228,47.60449015296059],[-93.92478208059819,47.60448048987028],[-93.92509034604818,47.60081898811601],[-93.92989,47.60081],[-93.92993287730344,47.598116186805875],[-93.9311180526,47.6007774727]]]},"properties":{"flat_pct":100}},{"type":"Feature","geometry":{"type":"Polygon","coordinates":[[[-93.9713350903,47.6112256904],[-93.9641565776,47.6152723112],[-93.95631,47.61539],[-93.9551689315,47.6162389044],[-93.94464365919883,47.61540022319999],[-93.9427210144,47.6126780083],[-93.9433522648,47.6107577649],[-93.9450584175,47.6096738577],[-93.94580946033658,47.60959665827939],[-93.94575,47.61185],[-93.94841,47.61183],[-93.94846347049636,47.609527623333044],[-93.9546068554,47.610141036],[-93.9615172853,47.6085900088],[-93.96176,47.61176],[-93.96713,47.61173],[-93.96723,47.60456],[-93.96433885982174,47.60453832728502],[-93.9670849227,47.6024618408],[-93.9706017916,47.6041852292],[-93.9724015323,47.6078729181],[-93.9713350903,47.6112256904]]]},"properties":{"flat_pct":94}},{"type":"Feature","geometry":{"type":"Polygon","coordinates":[[[-93.907181986,47.6060273133],[-93.9086885946,47.6087413278],[-93.9126808523,47.607757079],[-93.9196316097,47.6116283328],[-93.92301809890814,47.61181176451151],[-93.90822,47.61183],[-93.90814790697344,47.61513726759337],[-93.9071866613,47.6149777124],[-93.90282167870531,47.61112585347096],[-93.90289,47.60818],[-93.89976489139492,47.607851575802066],[-93.9008711573,47.6057912075],[-93.9032791929,47.6048502355],[-93.907181986,47.6060273133]]]},"properties":{"flat_pct":100}},{"type":"Feature","geometry":{"type":"Polygon","coordinates":[[[-93.9326637922,47.6157546891],[-93.9306873027,47.6181228843],[-93.92432634660514,47.61851201400093],[-93.92443879664032,47.61241722209417],[-93.92980241842017,47.612294357431935],[-93.92976,47.61534],[-93.9326637922,47.6157546891]]]},"properties":{"flat_pct":93}},{"type":"Feature","geometry":{"type":"Polygon","coordinates":[[[-93.9135812147,47.6187691562],[-93.91238797886385,47.61549216962421],[-93.91899,47.61548],[-93.91894285798789,47.61760139054517],[-93.91768144606486,47.61908226670467],[-93.9135812147,47.6187691562]]]},"properties":{"flat_pct":100}},{"type":"Feature","geometry":{"type":"Polygon","coordinates":[[[-93.9702106425,47.6253613243],[-93.97126434081065,47.622711192038295],[-93.9752701967,47.6228483383],[-93.9773116149,47.6255481139],[-93.9775,47.62984],[-93.97133548745443,47.62986905048325],[-93.9714100663,47.6275457869],[-93.9702106425,47.6253613243]]]},"properties":{"flat_pct":100}},{"type":"Feature","geometry":{"type":"Polygon","coordinates":[[[-93.9092932437,47.6341540303],[-93.9101266326,47.635505609],[-93.9102931453,47.6324517578],[-93.9074359128,47.6307912201],[-93.9066851479,47.6277089055],[-93.90789,47.62634],[-93.9082183191,47.6231173146],[-93.9108122424,47.6219897962],[-93.91337385892551,47.623923255484286],[-93.91323,47.62991],[-93.91669711862554,47.629884435991706],[-93.9169110588,47.633040466],[-93.9205840971,47.6326034685],[-93.9222556457,47.6357627091],[-93.92169322583479,47.63710552113643],[-93.91307,47.63716],[-93.91299,47.64073],[-93.90566118824266,47.64079773393491],[-93.9046819639,47.6385082192],[-93.9025267362,47.637584012],[-93.9015102611,47.6358368457],[-93.9019875413,47.6335908979],[-93.9039131543,47.6323402611],[-93.9092932437,47.6341540303]]]},"properties":{"flat_pct":100}},{"type":"Feature","geometry":{"type":"Polygon","coordinates":[[[-93.9180429664,47.6720206317],[-93.91680331719249,47.67326539035469],[-93.91398620129621,47.67327109013395],[-93.9110062702,47.6688224133],[-93.90563068694327,47.668449146208914],[-93.90261,47.66622],[-93.90345,47.66534],[-93.90146,47.66606],[-93.8998495922,47.6653523989],[-93.9000904271,47.6627983983],[-93.90232,47.66232],[-93.90231190276158,47.661354629242204],[-93.9077115467,47.6625802022],[-93.9088458839,47.658546313],[-93.91258739,47.6539159562],[-93.9097648265,47.6535402477],[-93.90677328319903,47.65158164837647],[-93.90767,47.65158],[-93.90751,47.64437],[-93.91262571773733,47.64430368514044],[-93.9108691561,47.647108972],[-93.9130018587842,47.64781480716372],[-93.9131,47.65157],[-93.9238,47.65156],[-93.92379059095674,47.65017310702274],[-93.9254585201,47.6499032336],[-93.92401401030997,47.64418950420599],[-93.93044785099768,47.644177421876066],[-93.9314628772,47.6501503836],[-93.9335401295,47.6519813391],[-93.9356812236,47.6587165201],[-93.9350107654,47.6649472008],[-93.93431632341024,47.665931393999564],[-93.92791313865894,47.66592663680435],[-93.9278448884,47.663456317],[-93.92965,47.6623],[-93.92942,47.65509],[-93.91319,47.65514],[-93.91338,47.66231],[-93.9180284919,47.6691922883],[-93.9180429664,47.6720206317]]]},"properties":{"flat_pct":96}},{"type":"Feature","geometry":{"type":"Polygon","coordinates":[[[-93.9486365889,47.6553366513],[-93.94862558351387,47.65867216479407],[-93.94565,47.6587],[-93.94586294514383,47.66486689136535],[-93.9444164608421,47.665938897816375],[-93.93812892019952,47.665934226538035],[-93.9396780843,47.66160938],[-93.9426429731,47.6575751323],[-93.9435362965,47.65349109],[-93.9465311381,47.6527523188],[-93.9486365889,47.6553366513]]]},"properties":{"flat_pct":81}},{"type":"Feature","geometry":{"type":"Polygon","coordinates":[[[-93.9916716193,47.6618341815],[-93.99394,47.66176],[-93.99396764304186,47.663189540164794],[-93.9923819257,47.662354315],[-93.9916716193,47.6618341815]]]},"properties":{}},{"type":"Feature","geometry":{"type":"Polygon","coordinates":[[[-93.9788732544,47.6793481965],[-93.9763246235,47.679640431],[-93.9738832842,47.6770014956],[-93.9694669397,47.6765473825],[-93.9642822405,47.6717108834],[-93.9640387399,47.6627957378],[-93.96616563186181,47.65851727718732],[-93.96703,47.65851],[-93.96698677399365,47.650750931859754],[-93.96784988420099,47.64774],[-93.97212,47.64774],[-93.9722,47.65127],[-93.97304017080234,47.651258711716665],[-93.9743017927,47.6556295758],[-93.9699002187,47.6642055249],[-93.9701597618,47.6687675673],[-93.9728181215,47.6709438412],[-93.9763163547,47.6711667825],[-93.9779833998,47.6722580765],[-93.97874204693348,47.673452528546186],[-93.9788732544,47.6793481965]]]},"properties":{"flat_pct":94}},{"type":"Feature","geometry":{"type":"Polygon","coordinates":[[[-93.8727825886,47.6735345999],[-93.8745595182,47.6697603359],[-93.8690277987,47.6655494026],[-93.8632164114,47.6643544374],[-93.8620744763,47.6623624378],[-93.8626755626,47.6601464114],[-93.8649610561,47.6589813188],[-93.8700946717,47.6595845242],[-93.87788739928567,47.65617577249327],[-93.88858,47.65641],[-93.88853357858042,47.650848713934224],[-93.8912386143,47.650377747],[-93.8933282618,47.6529748746],[-93.8921712303,47.6572426393],[-93.8901535538,47.6592519126],[-93.8872561128,47.6596906515],[-93.88730331248563,47.6609376284469],[-93.88329,47.66066],[-93.88335,47.66482],[-93.88871,47.66512],[-93.88883,47.67338],[-93.8925197793,47.6751661138],[-93.9021722341883,47.67738764223291],[-93.90255142958489,47.68352498994792],[-93.8902719709,47.6807895281],[-93.8850059885,47.6770641563],[-93.8797463255,47.6782343813],[-93.8777326009,47.6758113419],[-93.8742183285,47.6759714804],[-93.8727825886,47.6735345999]],[[-93.8806432567,47.6659133708],[-93.881576953,47.6615663348],[-93.875971476,47.6635618921],[-93.8808075211,47.6680062555],[-93.8799325486,47.6724897515],[-93.8823856247,47.671587314],[-93.8844556151,47.6689938087],[-93.8806432567,47.6659133708]],[[-93.88195,47.67332],[-93.88061,47.67331],[-93.88065,47.67421],[-93.88199,47.67422],[-93.88195,47.67332]]]},"properties":{"flat_pct":98}},{"type":"Feature","geometry":{"type":"Polygon","coordinates":[[[-93.9303393668,47.6794768818],[-93.9279618649,47.6776006427],[-93.9276220081,47.675057924],[-93.92921103219294,47.67325542279803],[-93.9325905118448,47.673260169258214],[-93.9353022558,47.6749878771],[-93.94696563450023,47.67573409120221],[-93.94746,47.68048],[-93.93685,47.68049],[-93.9358288616,47.6833381144],[-93.93720174871794,47.6833719412004],[-93.93768280469807,47.68919737821568],[-93.9338028182,47.6898277105],[-93.93240580252683,47.68941968392661],[-93.93246,47.68771],[-93.93104894804934,47.68771535503587],[-93.9297656331,47.6842389123],[-93.9303393668,47.6794768818]]]},"properties":{"flat_pct":88}},{"type":"Feature","geometry":{"type":"Polygon","coordinates":[[[-94.00289822306844,47.701878559070416],[-93.99566855105958,47.70067526636499],[-93.9956,47.69436],[-93.99014,47.69422],[-93.99011617339113,47.69069366188762],[-94.00099,47.69083],[-94.00096454392647,47.68927293683629],[-94.0032098481,47.6895876346],[-94.0046979063,47.6922821018],[-94.00645164969528,47.692040758297246],[-94.00659320733935,47.69801340197132],[-94.0029957049,47.6987774347],[-94.00289822306844,47.701878559070416]]]},"properties":{"flat_pct":100}},{"type":"Feature","geometry":{"type":"Polygon","coordinates":[[[-93.97930703602744,47.69889758859264],[-93.98044626096778,47.70130637878248],[-93.97928,47.70127],[-93.97930703602744,47.69889758859264]]]},"properties":{}},{"type":"Feature","geometry":{"type":"Polygon","coordinates":[[[-93.98473,47.70144],[-93.98216584639482,47.701360017226996],[-93.98305696362556,47.697815158134695],[-93.98921469979763,47.69790604722949],[-93.9868795662,47.7025471231],[-93.98456106238754,47.70322108511424],[-93.98473,47.70144]]]},"properties":{"flat_pct":100}},{"type":"Feature","geometry":{"type":"Polygon","coordinates":[[[-93.9126481405,47.7145810975],[-93.9065562698,47.712004768],[-93.9036626842,47.7166473857],[-93.89841,47.71676],[-93.89852766858382,47.71943696028186],[-93.8976528469,47.7188354794],[-93.8967700058,47.7167158876],[-93.8975006735,47.7138963837],[-93.9003380647,47.7089360247],[-93.9023083515,47.7076637667],[-93.8969501094,47.7073586094],[-93.8955789961,47.7058733956],[-93.8955549718,47.7035859886],[-93.8938045611,47.7029355713],[-93.8938398846,47.7050838413],[-93.8925502822,47.7066403558],[-93.8905659638,47.7070254428],[-93.8887877682,47.7060642807],[-93.88712141593489,47.702024526994535],[-93.88675,47.69512],[-93.88592905102543,47.69512920690439],[-93.8831029325,47.6910899898],[-93.8825443885,47.6876865306],[-93.8834082661,47.6858590933],[-93.8852353665,47.6849945032],[-93.8874327277,47.6856605976],[-93.8917085602,47.6928170827],[-93.89280135778719,47.69146991017402],[-93.89726,47.69142],[-93.89706,47.68781],[-93.89472005318535,47.687853737323636],[-93.8961166816,47.685475354],[-93.8989059089,47.6850063688],[-93.9008242607,47.6869996352],[-93.90264079055608,47.68497131381499],[-93.90281,47.68771],[-93.90671595855636,47.6877132042318],[-93.9064009437,47.6895391558],[-93.9099754772,47.6911455073],[-93.9125547229,47.6958607579],[-93.9119889824,47.7002699355],[-93.9152964383,47.7003610597],[-93.91700196800556,47.70182850114266],[-93.915,47.7019],[-93.9151,47.7055],[-93.91716098439733,47.705469566089825],[-93.916670872,47.7065369971],[-93.9128043389,47.7085432962],[-93.9170418152,47.708590334],[-93.9192381926,47.7055758495],[-93.9220658944,47.7055138927],[-93.924073794,47.709443797],[-93.92687443441412,47.709995602838546],[-93.92695,47.71615],[-93.93717,47.71639],[-93.93716,47.72002],[-93.93211,47.71994],[-93.93211745306873,47.72056663108628],[-93.9184137778,47.7229655811],[-93.9140218354,47.7225937605],[-93.9105039306,47.7210226467],[-93.9092423,47.7194433748],[-93.9096941268,47.7166513167],[-93.9126481405,47.7145810975]],[[-93.9223174588,47.7152550491],[-93.919040133,47.7145945543],[-93.9143235783,47.7145846247],[-93.9165206695,47.716816908],[-93.9222018034,47.7161213536],[-93.9223174588,47.7152550491]],[[-93.89745,47.69498],[-93.8967585236,47.6967314344],[-93.89759656194686,47.69766208362755],[-93.89785,47.70226],[-93.90321,47.70221],[-93.905988657,47.6983039873],[-93.9051255548,47.6954426266],[-93.89745,47.69498]],[[-93.9107870164,47.7074774429],[-93.910249164,47.7065131268],[-93.9095789445,47.7067280063],[-93.9107870164,47.7074774429]],[[-93.90286,47.69136],[-93.90287,47.69227],[-93.90405,47.69226],[-93.90403,47.69137],[-93.90286,47.69136]],[[-93.89731,47.69229],[-93.89736,47.69323],[-93.89875,47.69321],[-93.8987,47.69228],[-93.89731,47.69229]]]},"properties":{"flat_pct":95}},{"type":"Feature","geometry":{"type":"Polygon","coordinates":[[[-93.97897,47.70879],[-93.98404,47.70882],[-93.98400970462684,47.71437162712996],[-93.9823713153162,47.71613800232277],[-93.96771,47.71603],[-93.9677953611882,47.71482837712007],[-93.969609787,47.7134180881],[-93.9746381057,47.7112599683],[-93.9722726748,47.7080554779],[-93.97341095712557,47.70134252619522],[-93.97928,47.70127],[-93.9785345583,47.7066617796],[-93.97897,47.70879]]]},"properties":{"flat_pct":97}},{"type":"Feature","geometry":{"type":"Polygon","coordinates":[[[-93.9548125001,47.7252682422],[-93.9525750259632,47.72719672089834],[-93.9441974181293,47.72729540999586],[-93.94480100603323,47.723751264485486],[-93.94721,47.72378],[-93.94726616639024,47.722095008292804],[-93.9517462736,47.7201776987],[-93.9550020763,47.7216523596],[-93.9548125001,47.7252682422]]]},"properties":{"flat_pct":85}},{"type":"Feature","geometry":{"type":"Polygon","coordinates":[[[-93.8588936946,47.7326996453],[-93.85760229757439,47.73171444664977],[-93.86059,47.73172],[-93.86043410768812,47.726191526305726],[-93.8639965216,47.7274875294],[-93.8683517778,47.7253799247],[-93.8710377435,47.7195403802],[-93.87097216158196,47.717043636947515],[-93.8728449042,47.7153567239],[-93.8723858456,47.712101968],[-93.87360780155048,47.70973124781485],[-93.87654,47.70971],[-93.87642341321151,47.70644556992199],[-93.8783779862,47.7070310365],[-93.8794259856,47.7084666195],[-93.8832186086,47.7062318468],[-93.8884766297,47.7074562965],[-93.8888762151,47.7107656816],[-93.8871337582,47.7122609815],[-93.8842967488,47.7122734417],[-93.8845728281,47.7149073564],[-93.8817730138,47.7210125163],[-93.8759103008,47.7237516653],[-93.8755681495,47.7246854798],[-93.8819228725,47.7291742911],[-93.88829130995275,47.73049221955315],[-93.88833,47.73137],[-93.89369,47.73135],[-93.89356479245382,47.728413681094146],[-93.8957329516,47.7302296517],[-93.8955688187,47.7336067721],[-93.8939383551,47.7359812328],[-93.8865860268,47.7364551986],[-93.89220168166356,47.73859386804728],[-93.8887,47.73862],[-93.88895865200897,47.74370915304115],[-93.8878734642,47.7436895095],[-93.88898370495481,47.74420208667828],[-93.88866,47.75313],[-93.8837058507,47.7516780045],[-93.8784178,47.7461069813],[-93.8837,47.74592],[-93.88352,47.74229],[-93.87786,47.74233],[-93.8777,47.73871],[-93.88334,47.73866],[-93.88316,47.73502],[-93.86871339700633,47.73519351347012],[-93.8656007508,47.7337704038],[-93.8588936946,47.7326996453]],[[-93.8755145926,47.7321732008],[-93.8730456353,47.7302673327],[-93.8723313333,47.7302502777],[-93.8755145926,47.7321732008]]]},"properties":{"flat_pct":98}},{"type":"Feature","geometry":{"type":"Polygon","coordinates":[[[-93.94395325615481,47.73093934203409],[-93.94697,47.73097],[-93.94686277033611,47.73394768528152],[-93.9447520828,47.7329918521],[-93.94395325615481,47.73093934203409]]]},"properties":{"flat_pct":100}},{"type":"Feature","geometry":{"type":"Polygon","coordinates":[[[-93.9303716001,47.733300845],[-93.93038210438823,47.738070631572555],[-93.92756,47.73805],[-93.92736780770635,47.73110545178924],[-93.9292082586,47.7316478331],[-93.9303716001,47.733300845]]]},"properties":{"flat_pct":100}},{"type":"Feature","geometry":{"type":"Polygon","coordinates":[[[-93.9061560884,47.7400113003],[-93.9045033987,47.7369227617],[-93.9055016654,47.7293396952],[-93.9016086424,47.7278524921],[-93.8998526457,47.7225913711],[-93.90039475149356,47.72038620225714],[-93.90386,47.72036],[-93.90381731206729,47.719321260304284],[-93.9067359032,47.723468011],[-93.9097580295,47.7246575558],[-93.91033,47.72744],[-93.9114811868,47.7276154371],[-93.91056,47.74564],[-93.9161,47.74551],[-93.91601775921593,47.748544684932085],[-93.9120943764,47.748612833],[-93.9106390046,47.7520237334],[-93.9087571945,47.7533393582],[-93.9060338897,47.7525755867],[-93.90506,47.74946],[-93.89960076089788,47.74889758814573],[-93.89960995674608,47.74222140234275],[-93.9042959438,47.7445159417],[-93.9046376272,47.742053344],[-93.9061560884,47.7400113003]]]},"properties":{"flat_pct":99}},{"type":"Feature","geometry":{"type":"Polygon","coordinates":[[[-93.89954655105146,47.74219035512471],[-93.89425,47.74222],[-93.8941094857593,47.7395280429678],[-93.89954655105146,47.74219035512471]]]},"properties":{"flat_pct":100}},{"type":"Feature","geometry":{"type":"Polygon","coordinates":[[[-93.9321,47.74715],[-93.92691,47.74726],[-93.92718,47.74546],[-93.9302004065789,47.745370989982945],[-93.930053052,47.7462763052],[-93.9321,47.74715]]]},"properties":{"flat_pct":100}},{"type":"Feature","geometry":{"type":"Polygon","coordinates":[[[-93.92663,47.74906],[-93.92516602279204,47.750824321505625],[-93.92395473682348,47.74909523394588],[-93.92663,47.74906]]]},"properties":{}},{"type":"Feature","geometry":{"type":"Polygon","coordinates":[[[-93.93188,47.74972],[-93.93341217362472,47.750020426200926],[-93.93182057589038,47.7519920983088],[-93.93188,47.74972]]]},"properties":{}},{"type":"Feature","geometry":{"type":"Polygon","coordinates":[[[-93.992953428691,47.751995157553004],[-93.9896445435,47.7535336079],[-93.9888201578,47.758662278],[-93.991686538,47.7660961146],[-93.9901051745,47.7690305631],[-93.986788936,47.7686925385],[-93.9829957087,47.7628625166],[-93.97399154237259,47.76700111728563],[-93.96417953158132,47.7670884527408],[-93.9641,47.76343],[-93.96952,47.76339],[-93.96948831672832,47.76169268187414],[-93.9709930914,47.761738358],[-93.9753059954,47.7591706041],[-93.97549,47.75842],[-93.9735218617,47.7570526914],[-93.9733592723,47.7547085148],[-93.9744721069,47.7523612369],[-93.97336145768607,47.751872418214624],[-93.97983,47.75194],[-93.97963,47.74834],[-93.97065,47.74836],[-93.97011,47.74655],[-93.97414,47.74656],[-93.9738048473767,47.74063450161994],[-93.975675724,47.7411160931],[-93.977790595,47.7380989054],[-93.9797846696,47.7377680297],[-93.9815360153,47.7387772869],[-93.9817545532,47.7424106195],[-93.99043640954682,47.741781181893415],[-93.99062,47.7519],[-93.992953428691,47.751995157553004]],[[-93.9817165022,47.7505095498],[-93.9812839176,47.7513330151],[-93.9833563355,47.7513370812],[-93.9828388941,47.7508547205],[-93.9817165022,47.7505095498]]]},"properties":{"flat_pct":98}},{"type":"Feature","geometry":{"type":"Polygon","coordinates":[[[-93.87615676981706,47.76211377644365],[-93.8794534709,47.7617748578],[-93.8796423919,47.7603069682],[-93.8778425220306,47.75979956497449],[-93.88378,47.75655],[-93.89016,47.75885],[-93.89610772974862,47.7592116862685],[-93.897478972,47.7616514683],[-93.8968480567,47.7635718218],[-93.8948521042,47.7647068336],[-93.8856335391,47.7631137872],[-93.88550802031581,47.76397611753325],[-93.88303,47.76399],[-93.88314,47.76771],[-93.87325113053052,47.7677747540564],[-93.8737457276,47.7651318448],[-93.87615676981706,47.76211377644365]]]},"properties":{"flat_pct":100}},{"type":"Feature","geometry":{"type":"Polygon","coordinates":[[[-93.9369550896,47.7689805509],[-93.93188,47.76374],[-93.9269913117,47.7618044181],[-93.9262567417,47.7596289906],[-93.9272755819,47.7575713117],[-93.9291566509,47.7568314527],[-93.93174111273254,47.757564761439866],[-93.9318,47.76011],[-93.94246,47.75989],[-93.94245,47.75604],[-93.94771,47.75595],[-93.9478,47.75985],[-93.95335,47.7598],[-93.95327495216819,47.75765055312468],[-93.9540819705,47.7596235574],[-93.9571357969,47.7554358181],[-93.9609826416,47.7532649719],[-93.964446548,47.7534638065],[-93.9652441273569,47.75204464953893],[-93.97034,47.7525],[-93.97054,47.75323],[-93.96876,47.75392],[-93.97105878849125,47.758908793316856],[-93.9618147344,47.7590395639],[-93.9616085663,47.7606569392],[-93.96404027631596,47.760645383231534],[-93.9641,47.76343],[-93.95339,47.76352],[-93.95341414499973,47.766465689967404],[-93.94794,47.76718],[-93.94802348689473,47.774590219401446],[-93.94299315702027,47.77461394737254],[-93.942390655,47.769746686],[-93.9408037046,47.7666511981],[-93.9389433128,47.7686161607],[-93.9369550896,47.7689805509]]]},"properties":{"flat_pct":96}},{"type":"Feature","geometry":{"type":"Polygon","coordinates":[[[-93.9037355026,47.7640305967],[-93.90485053771306,47.76750239309313],[-93.89875052579481,47.767556567266475],[-93.8974100915,47.7658138565],[-93.897507162,47.7637948495],[-93.89908347724813,47.76219117698657],[-93.89911,47.7639],[-93.9037355026,47.7640305967]]]},"properties":{"flat_pct":100}},{"type":"Feature","geometry":{"type":"Polygon","coordinates":[[[-93.8848987157,47.7681621193],[-93.8843444739,47.7695105381],[-93.8832228630759,47.770436948497775],[-93.88314,47.76771],[-93.8848987157,47.7681621193]]]},"properties":{}},{"type":"Feature","geometry":{"type":"Polygon","coordinates":[[[-93.9812709671,47.7735897768],[-93.99121371575166,47.77068388465847],[-93.99136,47.77438],[-93.99578886603727,47.774338094703374],[-93.99525740644816,47.77790471504668],[-93.9871473303,47.7776276515],[-93.983027938,47.7789588774],[-93.98083500220787,47.77791005572957],[-93.9812709671,47.7735897768]]]},"properties":{"flat_pct":96}},{"type":"Feature","geometry":{"type":"Polygon","coordinates":[[[-93.9215650246,47.7936162693],[-93.9191773243,47.7919121306],[-93.91757976626205,47.7855307118095],[-93.92320650532265,47.78549390136705],[-93.924141165,47.7880534479],[-93.92694115391456,47.78949080758448],[-93.92708,47.79637],[-93.92243461680815,47.79639187091898],[-93.9215650246,47.7936162693]]]},"properties":{"flat_pct":100}},{"type":"Feature","geometry":{"type":"Polygon","coordinates":[[[-93.9409548649,47.8003904864],[-93.948657035413,47.80058644660132],[-93.94872,47.80356],[-93.9309639995,47.8035565341],[-93.92716138265075,47.80008308344079],[-93.92708,47.79637],[-93.93190120821356,47.7963430658759],[-93.9336155035,47.798076569],[-93.9409548649,47.8003904864]]]},"properties":{"flat_pct":100}},{"type":"Feature","geometry":{"type":"Polygon","coordinates":[[[-93.9004861267,47.8073624583],[-93.89448,47.80743],[-93.89441,47.80383],[-93.89979,47.80378],[-93.89978264114826,47.80110873681765],[-93.90595,47.8001],[-93.90621,47.81091],[-93.9008531941765,47.81097018882948],[-93.9004861267,47.8073624583]]]},"properties":{"flat_pct":100}},{"type":"Feature","geometry":{"type":"Polygon","coordinates":[[[-93.9756641507,47.8237274263],[-93.9796540706,47.8239225636],[-93.9823217174,47.8252590711],[-93.98268,47.82882],[-93.97729,47.82882],[-93.97716,47.8251],[-93.97422148622202,47.8250838246948],[-93.9756641507,47.8237274263]]]},"properties":{"flat_pct":100}},{"type":"Feature","geometry":{"type":"Polygon","coordinates":[[[-93.9171480938,47.8462697838],[-93.91404791946577,47.84718732365806],[-93.90716386540984,47.84708425025341],[-93.909557174,47.8432080775],[-93.908220381,47.8399721872],[-93.9097469415,47.8369168336],[-93.9088507754,47.8348482045],[-93.9096810001,47.8327074558],[-93.9159780408,47.8331207712],[-93.9170632728,47.8363895605],[-93.9149536769,47.8403633495],[-93.9179739839,47.8380958715],[-93.9239358897,47.83701193],[-93.9251335539,47.8359747775],[-93.9253661652746,47.83261862415684],[-93.92836,47.83262],[-93.92831497741123,47.831520448332185],[-93.9296927813,47.8321911921],[-93.9322355919,47.8368854318],[-93.9315617313,47.8396859142],[-93.9239017457,47.8435142417],[-93.9202340012,47.8438253826],[-93.9171480938,47.8462697838]]]},"properties":{"flat_pct":100}},{"type":"Feature","geometry":{"type":"Polygon","coordinates":[[[-93.801322986,46.9836938795],[-93.8020944399,46.9889966642],[-93.8000643769,46.9920359667],[-93.7969833358,46.9921844399],[-93.79559678756185,46.990599960132144],[-93.79614153058235,46.98509192650534],[-93.7985851443,46.982983979],[-93.801322986,46.9836938795]]]},"properties":{"flat_pct":100}},{"type":"Feature","geometry":{"type":"Polygon","coordinates":[[[-93.8177375316,46.9861890484],[-93.82266161288122,46.98788365369686],[-93.82271,46.99276],[-93.81488207979018,46.98754471986012],[-93.81738,46.98727],[-93.8177375316,46.9861890484]]]},"properties":{"flat_pct":100}},{"type":"Feature","geometry":{"type":"Polygon","coordinates":[[[-93.8204849467,46.9938799957],[-93.8152479889,46.991260179],[-93.81462475500156,46.988036795521985],[-93.82272,46.99348],[-93.8204849467,46.9938799957]]]},"properties":{"flat_pct":100}},{"type":"Feature","geometry":{"type":"Polygon","coordinates":[[[-93.8020416829,46.993992193],[-93.8037293831,46.9907739222],[-93.8079961427,46.9876681569],[-93.8102885252,46.9875375421],[-93.8120018431,46.9890661427],[-93.8122157113,46.9910761358],[-93.8107366671,46.9936146005],[-93.80678,46.99442],[-93.80682,46.99809],[-93.80148,46.99805],[-93.80099505145864,46.994355825998674],[-93.8020416829,46.993992193]]]},"properties":{"flat_pct":98}},{"type":"Feature","geometry":{"type":"Polygon","coordinates":[[[-93.85884826334997,46.998443131156044],[-93.83862,46.99828],[-93.8385,46.99098],[-93.8416849868963,46.99101605645543],[-93.8456717334,46.993540793],[-93.8545809298,46.991317193],[-93.8585408294,46.9936447188],[-93.8594622636,46.9964046892],[-93.85884826334997,46.998443131156044]]]},"properties":{"flat_pct":99}},{"type":"Feature","geometry":{"type":"Polygon","coordinates":[[[-93.81756,47.00183],[-93.80686,47.00177],[-93.80682,46.99809],[-93.81755,46.99818],[-93.81754546976445,46.9965264640268],[-93.8190751424,46.9966029886],[-93.8209490599,46.9983549458],[-93.8209997483,47.0012803185],[-93.81756762541721,47.00461327727973],[-93.81756,47.00183]]]},"properties":{"flat_pct":100}},{"type":"Feature","geometry":{"type":"Polygon","coordinates":[[[-93.8359424445,47.0011541545],[-93.83573914155042,46.998264975966364],[-93.83862,46.99828],[-93.83869710421226,47.00320503155788],[-93.8359424445,47.0011541545]]]},"properties":{"flat_pct":100}},{"type":"Feature","geometry":{"type":"Polygon","coordinates":[[[-93.7828303755,47.0138471484],[-93.780213089,47.0154795302],[-93.7775396765,47.0139407891],[-93.7761900375,47.0089050069],[-93.7773695701,47.0059624729],[-93.775125781,47.0036895728],[-93.7754292595,47.0003425431],[-93.7777401321,46.9950494388],[-93.7805203011,46.9917743078],[-93.7826583452689,46.99032545286992],[-93.78906792263803,46.99046144107436],[-93.7888337098,46.9929201997],[-93.7845387303,46.9978472029],[-93.78015,46.9978],[-93.78015,47.00156],[-93.78335812321676,47.00158998245997],[-93.7854998456,47.0043257157],[-93.7830082934,47.0094224754],[-93.7828303755,47.0138471484]]]},"properties":{"flat_pct":100}},{"type":"Feature","geometry":{"type":"Polygon","coordinates":[[[-93.8264876576,47.0058656196],[-93.8273000127,47.0041669254],[-93.8237814385,47.0063340682],[-93.8210501188,47.00402869],[-93.8214183548,47.0017623096],[-93.82464942122385,46.99821069371962],[-93.82905109311375,46.99823573879439],[-93.8298371839,47.0002229296],[-93.8320436937,46.9999488327],[-93.8338714481,47.0013385779],[-93.8340923424,47.0038943804],[-93.8308114221,47.0095014481],[-93.8272588815,47.0091085985],[-93.8264876576,47.0058656196]]]},"properties":{"flat_pct":100}},{"type":"Feature","geometry":{"type":"Polygon","coordinates":[[[-93.8194190904,47.0193928821],[-93.8196185973,47.0171054655],[-93.8213771179,47.0156290904],[-93.83065136078463,47.016377541678196],[-93.82267,47.01634],[-93.82267486280642,47.021616144962],[-93.8206412693,47.0210028792],[-93.8194190904,47.0193928821]]]},"properties":{"flat_pct":92}},{"type":"Feature","geometry":{"type":"Polygon","coordinates":[[[-93.82793,47.01997],[-93.83326,47.02],[-93.83329479896271,47.01685939361451],[-93.83862,47.01641],[-93.83861092765346,47.022969306550905],[-93.82795377995197,47.02212208565324],[-93.82793,47.01997]]]},"properties":{"flat_pct":100}},{"type":"Feature","geometry":{"type":"Polygon","coordinates":[[[-93.8633907189,47.0270354134],[-93.85936,47.02736],[-93.85948,47.02005],[-93.86231,47.02008],[-93.86726866646873,47.02326812410114],[-93.8646305657,47.0232697114],[-93.8633907189,47.0270354134]]]},"properties":{"flat_pct":100}},{"type":"Feature","geometry":{"type":"Polygon","coordinates":[[[-93.8473255212,47.0421865472],[-93.846560424,47.0391295665],[-93.8477918582,47.0345916472],[-93.85394686415128,47.03459508112846],[-93.8537219377,47.0367291556],[-93.8564260205,47.0398838448],[-93.8574156206,47.0438241076],[-93.8561864104,47.0457634684],[-93.8539458924,47.0462656206],[-93.8514471701,47.0437531772],[-93.8489305943,47.043828442],[-93.8473255212,47.0421865472]]]},"properties":{"flat_pct":100}},{"type":"Feature","geometry":{"type":"Polygon","coordinates":[[[-93.79461655339875,47.06332425025986],[-93.7938929674,47.059832594],[-93.7912538136,47.0596758126],[-93.788812885,47.0630535436],[-93.7857293735,47.0629709845],[-93.784413149,47.0597978685],[-93.7815367622,47.0584891741],[-93.7778070836,47.0527192563],[-93.7772801205,47.0493368872],[-93.7780311917,47.047018744],[-93.7805404843,47.0446276325],[-93.7844632481,47.0446867678],[-93.78317883843043,47.04152984698301],[-93.78591,47.04154],[-93.78593,47.03791],[-93.77524,47.03787],[-93.77521155731972,47.0342989466425],[-93.7787836219,47.0334141233],[-93.775167202327,47.02873006058253],[-93.77512191909419,47.02304463153714],[-93.7781480466,47.0225621276],[-93.7807247734,47.0251159121],[-93.7800400842,47.0231875278],[-93.7807352899,47.0212895023],[-93.7824767859,47.0202633426],[-93.7845789095,47.020411635],[-93.7869463595,47.0222636986],[-93.794915813,47.0246440783],[-93.7968513124,47.0274396272],[-93.8020645164,47.0265803591],[-93.8049127153,47.0291336261],[-93.8054460219,47.0315837494],[-93.8081376675,47.0316415307],[-93.8187074617,47.0288307085],[-93.8225376464,47.0291823308],[-93.82378717395679,47.02719485602612],[-93.82972448095886,47.02722089684631],[-93.8291536422,47.0300059214],[-93.8357380391,47.0315879926],[-93.8361601705,47.0285833579],[-93.83864,47.02726],[-93.83869,47.0345],[-93.84188690190742,47.03451992316625],[-93.8419022232,47.0390300871],[-93.8398407714,47.040966618],[-93.83859016488562,47.04102999632624],[-93.83863,47.03813],[-93.819409717,47.0348392619],[-93.8087180643,47.0376420642],[-93.7998852653,47.036969378],[-93.7998659356,47.0538449718],[-93.8022963337,47.0555305835],[-93.8029496858,47.0574434199],[-93.8022412432,47.0593365445],[-93.8006768223,47.0603072024],[-93.80692,47.05996494082629],[-93.80692,47.06337],[-93.81721,47.06338],[-93.81716,47.067],[-93.8277655277587,47.06762263194455],[-93.82774,47.07072],[-93.82242,47.07067],[-93.82238765870369,47.0735968873161],[-93.8141106126,47.0734995127],[-93.8117230688,47.0708397175],[-93.8136275897,47.0645103588],[-93.8059676402,47.0663535303],[-93.8011190898,47.0664528101],[-93.7969560093,47.0655388404],[-93.79672,47.06333],[-93.79461655339875,47.06332425025986]],[[-93.79115,47.02707],[-93.79128,47.03431],[-93.79661,47.03434],[-93.79646,47.02709],[-93.79115,47.02707]],[[-93.7862013345,47.0539324874],[-93.7938657629,47.0538203999],[-93.7938461774,47.0494920075],[-93.7836921247,47.050902472],[-93.7862013345,47.0539324874]],[[-93.7825529107,47.0263585257],[-93.7811878383,47.0255661894],[-93.7818437053,47.0267895747],[-93.7825529107,47.0263585257]],[[-93.7891519545,47.0403293975],[-93.7938099247,47.0414801598],[-93.7938570864,47.0376427343],[-93.7880393237,47.0381177261],[-93.7891519545,47.0403293975]],[[-93.7868924449,47.0322058887],[-93.7888374886,47.0319989283],[-93.7865298907,47.0319051696],[-93.7868924449,47.0322058887]]]},"properties":{"flat_pct":100}},{"type":"Feature","geometry":{"type":"Polygon","coordinates":[[[-93.8102402528,47.0567042528],[-93.8119015402,47.0555527599],[-93.8139162321,47.0557165534],[-93.8156268914,47.0577622495],[-93.81721,47.05746594084144],[-93.81721,47.05985],[-93.80758584583887,47.059803235402526],[-93.8097950783,47.0592667075],[-93.8102402528,47.0567042528]]]},"properties":{"flat_pct":100}},{"type":"Feature","geometry":{"type":"Polygon","coordinates":[[[-93.870794737,47.1022718591],[-93.867876908,47.1044503018],[-93.8649067318,47.1046650157],[-93.8629263567,47.1068176449],[-93.85930789932304,47.108661896880754],[-93.85931,47.10712],[-93.85574421198577,47.10707834359797],[-93.8550303154,47.1042498295],[-93.8562049437,47.1023288646],[-93.8595338855,47.1012232991],[-93.8608462141,47.0996407292],[-93.855827653,47.0988697834],[-93.8547131513,47.1008613118],[-93.8525048184,47.1014900754],[-93.8487536137553,47.099606929291646],[-93.84883,47.09616],[-93.84354,47.0961],[-93.84349989713199,47.097547713535256],[-93.8417400937,47.0964699047],[-93.8392432892,47.0979782214],[-93.8317805894,47.0959803893],[-93.8308859586,47.0961972695],[-93.8312056646,47.1007713399],[-93.8302132595,47.1032799338],[-93.8360549341,47.1100800001],[-93.836381257,47.1128894928],[-93.833642369,47.1147895429],[-93.8296817005,47.1128130052],[-93.8254567296,47.11299322],[-93.8232510868,47.110180745],[-93.8238805847,47.1082599263],[-93.8256069834,47.1071696411],[-93.8238621978,47.1035248117],[-93.8250495243,47.100139185],[-93.8251626174,47.0931366412],[-93.8213033968,47.0933677731],[-93.8121635435,47.0881665332],[-93.7993360812,47.0884684564],[-93.7975132386,47.087072275],[-93.7972115436,47.0847960812],[-93.7994262125,47.0826489669],[-93.81169,47.08145],[-93.81174,47.07785],[-93.80851136585106,47.07782861831689],[-93.8082009037,47.0764263715],[-93.8091313818,47.0743272555],[-93.8115672368,47.073522562],[-93.8135650422,47.074654309],[-93.8153796751,47.0781311703],[-93.8153636519,47.0813618317],[-93.81693455125698,47.083354447486045],[-93.81692,47.08512],[-93.81912482349757,47.08512409818494],[-93.8228323392,47.0874408813],[-93.824613582,47.0871458288],[-93.8257789736,47.0824343519],[-93.8237554219,47.0797496484],[-93.824690785,47.0770804103],[-93.8274298352,47.0763751871],[-93.82768,47.07793],[-93.83146138811748,47.07794744182711],[-93.8324981637,47.0788203749],[-93.8333075712,47.0821984118],[-93.8314503086907,47.08516052179169],[-93.82768,47.08515],[-93.82768,47.09236],[-93.84078891719206,47.092477319560366],[-93.8414889689,47.0931196924],[-93.84891,47.09255],[-93.84895,47.08527],[-93.84738384826856,47.08525511262613],[-93.8464823425,47.0832284146],[-93.8462522539,47.0742892711],[-93.83849597884091,47.07367420723259],[-93.83848,47.07081],[-93.83311,47.07076],[-93.83311852513333,47.06764832633411],[-93.8342407471,47.067653713],[-93.8307483286,47.0644768089],[-93.82779319307672,47.06426590669206],[-93.8278,47.06344],[-93.81721,47.06338],[-93.81721,47.05985],[-93.82251,47.05988],[-93.82251438818966,47.0582783107733],[-93.830549763,47.058270415],[-93.8352458353,47.0604569476],[-93.8372625504,47.0598575391],[-93.842699192,47.0612863774],[-93.844389933,47.059255048],[-93.8466498503,47.0588490289],[-93.8488024952,47.0606836558],[-93.8488641414,47.0627040547],[-93.8476375217,47.0646942161],[-93.850092821,47.0677339946],[-93.8623099962,47.0676815603],[-93.863925041,47.0646632982],[-93.8661461472,47.0628911324],[-93.86498305052783,47.05999534168779],[-93.87027,47.06005],[-93.8712276035,47.0563010807],[-93.87322189695122,47.05481163640076],[-93.8756145595,47.0544725902],[-93.8798395121,47.0555603705],[-93.88153638947487,47.05647139467703],[-93.8808,47.05647],[-93.8808,47.06014],[-93.88529403818205,47.060131488564046],[-93.8853406396,47.061503834],[-93.88439826753702,47.063580780200425],[-93.88083,47.06354],[-93.8803527223,47.0696188297],[-93.87551,47.07075],[-93.875515099468,47.071678103176765],[-93.8740966743,47.0722052763],[-93.87552420051772,47.073334494223495],[-93.8754665086,47.0767741021],[-93.87384782032379,47.078033129006755],[-93.87011,47.07804],[-93.87016722046255,47.08102363840449],[-93.8692677686,47.081963832],[-93.8611789297,47.0865031035],[-93.8570826107,47.0866274192],[-93.8547186457,47.0855125754],[-93.8545305665,47.0911875945],[-93.8572436088,47.0928625478],[-93.8647628017,47.0934428588],[-93.8700348095,47.0949268525],[-93.8768344395,47.0979003141],[-93.879159682,47.1011279329],[-93.8807260162,47.1015423826],[-93.882714736,47.0993889587],[-93.8833184217,47.089952033],[-93.87563966407158,47.08458341004023],[-93.8756,47.08168],[-93.88204454450263,47.08174037986729],[-93.8875552106,47.0855931761],[-93.89161,47.08183],[-93.89159303162134,47.07252284430945],[-93.8936678394,47.0726166413],[-93.8951558083,47.0739847644],[-93.8977006417,47.0799485552],[-93.8969531469,47.0852748876],[-93.90272512771367,47.083508810214674],[-93.90277470757296,47.08917657097153],[-93.900596207,47.0906727892],[-93.90280970671267,47.09317752525915],[-93.90287,47.10007],[-93.9040475535692,47.10004388051233],[-93.9024892363,47.1050640131],[-93.90281471306152,47.11281808477228],[-93.8998715924761,47.118208599200564],[-93.89737,47.11819],[-93.89732,47.12182],[-93.9027,47.12187],[-93.9027113045566,47.121047028278475],[-93.90801,47.12207],[-93.93458,47.12276],[-93.9345766044395,47.12501125661032],[-93.9302170971,47.1263762053],[-93.906220112,47.1279479044],[-93.90638356702065,47.129246894108164],[-93.89851327428835,47.12912776006491],[-93.8973882289,47.1257699853],[-93.8940257356,47.1240864563],[-93.8889351124,47.1168643917],[-93.8847012064,47.1075174236],[-93.8821961794,47.108122346],[-93.8761418338,47.1065209336],[-93.8733848501,47.1031315287],[-93.870794737,47.1022718591]],[[-93.8945692974,47.1144468963],[-93.8979040045,47.1089390897],[-93.8928628415,47.1110802728],[-93.8945692974,47.1144468963]],[[-93.871375544,47.0647152578],[-93.8704283886,47.0671676388],[-93.8737542053,47.0659315629],[-93.871375544,47.0647152578]],[[-93.8596122759,47.0796900291],[-93.86481,47.07806],[-93.8695151953,47.0736506921],[-93.86487633644784,47.07368179444295],[-93.86492,47.0708],[-93.85966,47.07083],[-93.85962836326226,47.07369312476609],[-93.8522421367,47.0737248253],[-93.8523498545,47.0790937052],[-93.85422351550642,47.07934558231067],[-93.85423,47.08168],[-93.85956,47.08171],[-93.8596122759,47.0796900291]],[[-93.8925083375,47.1049508802],[-93.8966277678,47.1036997949],[-93.8933016304,47.1028195436],[-93.8905592135,47.1043608618],[-93.8925083375,47.1049508802]],[[-93.8950954425,47.0944553006],[-93.8946365014,47.0969300552],[-93.8979534811,47.0976936661],[-93.8944863521,47.091207463],[-93.8953270106,47.0876532111],[-93.892624104,47.0894954612],[-93.8941542207,47.091083568],[-93.8950954425,47.0944553006]]]},"properties":{"flat_pct":98}},{"type":"Feature","geometry":{"type":"Polygon","coordinates":[[[-93.841994028,47.1028316364],[-93.8419827615,47.1005355635],[-93.84346049684584,47.09897006386522],[-93.84344,47.09971],[-93.84715681158744,47.099751997871046],[-93.8493599639,47.1029552795],[-93.8484917037,47.1050808859],[-93.8463747205,47.1059699639],[-93.841994028,47.1028316364]]]},"properties":{"flat_pct":100}},{"type":"Feature","geometry":{"type":"Polygon","coordinates":[[[-93.8243914665,47.1232104542],[-93.8206912611,47.1226808079],[-93.8192996667,47.1208811964],[-93.8191981921,47.118862406],[-93.8204004583,47.1172374851],[-93.8223606615,47.1167441139],[-93.8307180453,47.118162202],[-93.8326959692,47.1197958292],[-93.8329174064,47.1232340723],[-93.8390811791,47.1254714436],[-93.8401328495,47.1286346204],[-93.8387236721,47.130447435],[-93.8364453796,47.1307328495],[-93.83278,47.12872],[-93.8297467779,47.1285689657],[-93.8243914665,47.1232104542]]]},"properties":{"flat_pct":99}},{"type":"Feature","geometry":{"type":"Polygon","coordinates":[[[-93.85001,47.15037],[-93.83721800786253,47.150197135241385],[-93.8382694832,47.1480921201],[-93.8422943477,47.1462231519],[-93.8528189613,47.1436606088],[-93.8562643604,47.1440179849],[-93.8568279674,47.1421835213],[-93.8584677496,47.1410477843],[-93.8550082139,47.1401208213],[-93.8532839571,47.1412768135],[-93.8467000453,47.1423862499],[-93.8419777418,47.1402190675],[-93.8377548175,47.1415886477],[-93.8358884092,47.1446585299],[-93.83266771453862,47.146903172256685],[-93.8295158709,47.1460521657],[-93.8289310864,47.1430234884],[-93.83284,47.13958],[-93.8337405448,47.1369757641],[-93.83824,47.136],[-93.8404366394,47.1341935563],[-93.84341469894991,47.134349582229596],[-93.84341,47.13606],[-93.84881,47.13611],[-93.8532394267,47.134155367],[-93.8567312745,47.1341924889],[-93.856707418,47.1315071236],[-93.8587144413,47.129909382],[-93.8676596142,47.1301528562],[-93.8714027749,47.1316540501],[-93.87592835438159,47.13066141072118],[-93.87594,47.13636],[-93.87858290199877,47.136383896039774],[-93.8708371138,47.1380078754],[-93.8704,47.13631],[-93.85926,47.1362],[-93.85929,47.14346],[-93.87410278121784,47.14359581400873],[-93.8741547554,47.1459005698],[-93.8725650412,47.1475573398],[-93.866908438,47.1470666303],[-93.8643909739,47.1482451371],[-93.8693730967,47.1498869473],[-93.8735818522,47.1493202984],[-93.8767481253,47.1464850159],[-93.8795366846,47.1469579566],[-93.8806577626,47.1498316377],[-93.8779283804,47.1534564983],[-93.8784784585,47.1556638823],[-93.877302216,47.1576358183],[-93.87402126487203,47.157832037050326],[-93.8707174238,47.1558644374],[-93.8678032911,47.1557780347],[-93.8647706311,47.1542356628],[-93.8609500387,47.1541832875],[-93.85933075890387,47.15598198214745],[-93.85932,47.15404],[-93.85313,47.15332],[-93.853426431828,47.15090495246015],[-93.8553072294,47.1504743124],[-93.85396609830315,47.14996737292305],[-93.85435,47.14876],[-93.85151,47.14841],[-93.85001,47.15037]],[[-93.8625051365,47.148227189],[-93.8618847371,47.1482486581],[-93.8627587478,47.1483009397],[-93.8625051365,47.148227189]]]},"properties":{"flat_pct":94}},{"type":"Feature","geometry":{"type":"Polygon","coordinates":[[[-93.7956616245,47.1453269014],[-93.79877946846592,47.14961666005555],[-93.79135003699666,47.14950257385802],[-93.78801260201836,47.1428352172169],[-93.79011,47.14289],[-93.79021568118254,47.14036069703098],[-93.7921940442,47.1405166268],[-93.794642059,47.1425304927],[-93.7956616245,47.1453269014]]]},"properties":{"flat_pct":69}},{"type":"Feature","geometry":{"type":"Polygon","coordinates":[[[-93.81137,47.14981],[-93.80903837794385,47.14977419565945],[-93.8102171041,47.1464913581],[-93.8063593202,47.1470693863],[-93.8037439001,47.1463846581],[-93.7985268588,47.1413277612],[-93.796751986,47.1355325366],[-93.7977740659,47.1328952864],[-93.7996611056,47.1321707912],[-93.8018020452,47.1330005234],[-93.803646134,47.1377790236],[-93.8062736535,47.1408927091],[-93.8131315134,47.1401707862],[-93.8169206487146,47.143465122237394],[-93.81590617,47.1586011647],[-93.8135149341,47.1607635723],[-93.81265641765779,47.16432976983613],[-93.80819747283613,47.16427736098773],[-93.8076430427,47.1590986505],[-93.8099804885,47.1557435724],[-93.80982352509629,47.15341824126416],[-93.81138,47.15344],[-93.81137,47.14981]]]},"properties":{"flat_pct":88}},{"type":"Feature","geometry":{"type":"Polygon","coordinates":[[[-93.7928286329,47.1867016121],[-93.7956961118207,47.18624285227111],[-93.79566,47.18952],[-93.79028744879739,47.18948035017563],[-93.7928286329,47.1867016121]]]},"properties":{"flat_pct":100}},{"type":"Feature","geometry":{"type":"Polygon","coordinates":[[[-93.7931459492,47.1946955168],[-93.79110271827253,47.19313610752686],[-93.79564,47.19315],[-93.7957,47.19673],[-93.79347207925491,47.196726928418094],[-93.7931459492,47.1946955168]]]},"properties":{"flat_pct":100}},{"type":"Feature","geometry":{"type":"Polygon","coordinates":[[[-93.8470380214,47.2444008221],[-93.84348,47.24359805538201],[-93.84348,47.2375758949494],[-93.850699913,47.2386045505],[-93.8536244596,47.237662496],[-93.8499277596,47.2366129842],[-93.8490201090488,47.23361089801158],[-93.85425,47.23365],[-93.85423,47.23752],[-93.85946,47.2376],[-93.85954,47.24112],[-93.87018,47.24115],[-93.87015677370286,47.24013675278712],[-93.8712877484,47.2400358266],[-93.8731110323,47.2409084363],[-93.8739668721,47.2427396518],[-93.87349707021991,47.24464804992495],[-93.86494,47.24464],[-93.86497723900918,47.24626920665157],[-93.8615759176,47.2460271494],[-93.86070115325538,47.24814],[-93.85429,47.24814],[-93.85433,47.25167],[-93.84546770622003,47.25167542036317],[-93.8406180903,47.2503130568],[-93.8385449057,47.2482545362],[-93.8383676043,47.246240988],[-93.83953347136708,47.24455532888984],[-93.84302236831432,47.24456829876697],[-93.84757,47.2460276229],[-93.8470380214,47.2444008221]]]},"properties":{"flat_pct":100}},{"type":"Feature","geometry":{"type":"Polygon","coordinates":[[[-93.8674986584,47.2589994189],[-93.8648273730315,47.25928915714188],[-93.86501,47.25522],[-93.86311987343329,47.255230842026194],[-93.8632424312,47.2530362426],[-93.86420744516141,47.25165332412369],[-93.87039257262305,47.2512596922062],[-93.8674986584,47.2589994189]]]},"properties":{"flat_pct":100}},{"type":"Feature","geometry":{"type":"Polygon","coordinates":[[[-93.8459341581,47.2730546659],[-93.8450143083,47.270560721],[-93.8455550488,47.2685565452],[-93.843651157,47.2658463253],[-93.8385017985,47.2653762686],[-93.8368564923,47.2642020542],[-93.8363674318,47.2619586421],[-93.8376079458,47.2600264923],[-93.8395593969,47.2594995671],[-93.8480860145,47.260424601],[-93.84861,47.26603],[-93.85897,47.26598],[-93.85908034386445,47.26903717412665],[-93.8524831369,47.2707966555],[-93.8573733836,47.2739994181],[-93.8592531140525,47.27382392463133],[-93.85946988585466,47.279829778679286],[-93.8560999468,47.2800291425],[-93.8529641679,47.2783264096],[-93.8503197539,47.2793995858],[-93.8442746037,47.2792704455],[-93.8429121891,47.277777248],[-93.8428063029,47.2757586842],[-93.8459341581,47.2730546659]]]},"properties":{"flat_pct":100}},{"type":"Feature","geometry":{"type":"Polygon","coordinates":[[[-93.8646278837577,47.2741466389473],[-93.86740830193527,47.27662535629607],[-93.86468,47.27661],[-93.8646278837577,47.2741466389473]]]},"properties":{}},{"type":"Feature","geometry":{"type":"Polygon","coordinates":[[[-93.8563281475,47.2949609497],[-93.86386825793895,47.294558353650494],[-93.871593784,47.295523895],[-93.8733552896,47.2977521255],[-93.8738739957,47.3069370173],[-93.8682389279,47.3103271079],[-93.8645052785876,47.310664997409916],[-93.86458895683845,47.3046568989998],[-93.868107666,47.3036248016],[-93.867734715,47.3008519919],[-93.863250458,47.3005294161],[-93.86332776960668,47.30170013461823],[-93.85935,47.30167],[-93.8594,47.2981],[-93.85707810913016,47.29811745782609],[-93.8563281475,47.2949609497]]]},"properties":{"flat_pct":100}},{"type":"Feature","geometry":{"type":"Polygon","coordinates":[[[-93.85935,47.30167],[-93.85931,47.30523],[-93.85394,47.30531],[-93.85387,47.30888],[-93.84885,47.30747],[-93.84861,47.30539],[-93.846716169,47.3052510385],[-93.8468060102,47.3015054774],[-93.84872917540112,47.29956866617438],[-93.84868,47.3018],[-93.85935,47.30167]]]},"properties":{"flat_pct":100}},{"type":"Feature","geometry":{"type":"Polygon","coordinates":[[[-93.7995026791931,47.346325248614995],[-93.79967069595921,47.34813691913957],[-93.79469,47.34807],[-93.79466,47.34682],[-93.79611,47.34629],[-93.7995026791931,47.346325248614995]]]},"properties":{"flat_pct":100}},{"type":"Feature","geometry":{"type":"Polygon","coordinates":[[[-93.6737526584,47.4182844069],[-93.67474818379316,47.415144131693175],[-93.6785882766,47.4151887244],[-93.683705454,47.4209429854],[-93.6832582685,47.4242462751],[-93.6800352962,47.4250972438],[-93.6753337249,47.4212482685],[-93.6737526584,47.4182844069]]]},"properties":{"flat_pct":95}},{"type":"Feature","geometry":{"type":"Polygon","coordinates":[[[-93.6650268708,47.4183233545],[-93.6670639871,47.420285469],[-93.666607788,47.4231109693],[-93.670749364496,47.42524992037693],[-93.66923,47.42572],[-93.67251986119457,47.430021717232414],[-93.6711150365,47.4315265418],[-93.6685506313,47.4315954375],[-93.6662388175,47.4292213005],[-93.66312,47.428267703920795],[-93.6631237150516,47.41841733440649],[-93.6650268708,47.4183233545]]]},"properties":{"flat_pct":94}},{"type":"Feature","geometry":{"type":"Polygon","coordinates":[[[-93.873901773,47.4452631262],[-93.8753681278,47.4425664448],[-93.874485425,47.4401896661],[-93.8757195899,47.4378579521],[-93.8740220129,47.4352557774],[-93.8688090954,47.4325707015],[-93.868848509,47.4368751642],[-93.8716705773,47.4379287055],[-93.8721207046,47.4409803025],[-93.8707620395,47.4424769123],[-93.8678276313,47.4431879045],[-93.8681027151,47.4471206343],[-93.8643583568,47.4514399634],[-93.86486876925746,47.45217369129296],[-93.85969,47.45212],[-93.85979,47.44852],[-93.8588509214,47.4484905746],[-93.8620405855,47.4454984369],[-93.8569034072,47.4421189474],[-93.8539999531,47.4422987265],[-93.8498572182,47.4401623086],[-93.8387323327,47.4373359618],[-93.83842356316589,47.430323650652866],[-93.8551903073,47.4362445771],[-93.8599084791,47.436544056],[-93.8629584546,47.4390451111],[-93.8608941233,47.4356054525],[-93.861534583,47.4329472082],[-93.8606901813,47.4297679656],[-93.8577997783,47.4287553279],[-93.8565345116,47.4268392961],[-93.8573702219,47.4241371998],[-93.8600812286,47.4233308634],[-93.8640381393,47.4243537761],[-93.86517238179651,47.4251669355725],[-93.86521,47.42654],[-93.8700626601275,47.42646723283783],[-93.8788435263,47.431438355],[-93.8828016378,47.431236717],[-93.88649,47.43509998966227],[-93.88649,47.43738],[-93.8903294579,47.4379880146],[-93.89183151307009,47.43951050945767],[-93.89184,47.44114],[-93.88346017077701,47.44116349484829],[-93.8820886616,47.4393700535],[-93.88114,47.44117],[-93.88107947618339,47.44567902433753],[-93.877869025,47.4479991884],[-93.8750776626,47.4475430834],[-93.873901773,47.4452631262]]]},"properties":{"flat_pct":100}},{"type":"Feature","geometry":{"type":"Polygon","coordinates":[[[-93.6633885,47.4574751174],[-93.6531298094,47.4549581063],[-93.6499160303,47.451376126],[-93.6443570438,47.4493501858],[-93.6416998601,47.4470387511],[-93.6322429085,47.4527288331],[-93.6307621074,47.45503768],[-93.62536279334849,47.45851553439355],[-93.62001,47.45822],[-93.62006769733536,47.454907211328006],[-93.6265817667,47.4505388711],[-93.6286613819,47.4475635965],[-93.6334569911,47.4450598133],[-93.63586,47.4448],[-93.63789,47.44268],[-93.63749007748845,47.44216819440486],[-93.641734315,47.4408705168],[-93.65241563002115,47.44589191458745],[-93.65237,47.44894],[-93.6547643674,47.4476589068],[-93.65235,47.45083],[-93.65546893415836,47.44859261582689],[-93.6578393243,47.4501912766],[-93.6665960991,47.4516607753],[-93.6723947912,47.4578350858],[-93.6761488575,47.4558815169],[-93.6803806699,47.456060511],[-93.6835782818,47.4549205721],[-93.6891649887,47.4559651382],[-93.6973737752,47.4551401901],[-93.702342166,47.455745086],[-93.7066393875,47.4538782333],[-93.711833271,47.4541486912],[-93.71778106140673,47.45097448687989],[-93.72868,47.45112],[-93.72865,47.45474],[-93.71776,47.45461],[-93.71724983817077,47.457667195036024],[-93.70684,47.45782],[-93.70678962738943,47.46028596825401],[-93.7035745119,47.461736149],[-93.6973060051,47.4611593289],[-93.6889607519,47.4619999383],[-93.684281019,47.4610051935],[-93.6812491625,47.4620691446],[-93.6774796797,47.4618668276],[-93.675475344,47.4645322573],[-93.6732969461,47.4654174739],[-93.6711044601,47.464820631],[-93.6633885,47.4574751174]]]},"properties":{"flat_pct":85}},{"type":"Feature","geometry":{"type":"Polygon","coordinates":[[[-93.64362203165871,47.48254365526725],[-93.643192616,47.4814338652],[-93.64322601191854,47.48025984311011],[-93.6445,47.48159],[-93.64362203165871,47.48254365526725]]]},"properties":{}},{"type":"Feature","geometry":{"type":"Polygon","coordinates":[[[-93.7481961588136,47.48313586062178],[-93.74830776370466,47.48682193782007],[-93.74393,47.48683],[-93.74389,47.48312],[-93.7481961588136,47.48313586062178]]]},"properties":{"flat_pct":100}},{"type":"Feature","geometry":{"type":"Polygon","coordinates":[[[-93.7035964693,47.4906947432],[-93.70494955507002,47.49393406861888],[-93.69843776959473,47.49396703041262],[-93.6974857933,47.490527451],[-93.69928,47.49035],[-93.69932,47.48675],[-93.69836318621891,47.48675813924767],[-93.6997950094,47.4845266875],[-93.702061778,47.4841608489],[-93.7039233125,47.4855050094],[-93.7035964693,47.4906947432]]]},"properties":{"flat_pct":88}},{"type":"Feature","geometry":{"type":"Polygon","coordinates":[[[-93.7092810929,47.4936442587],[-93.7090831433,47.4905660003],[-93.71175648925308,47.48894210568667],[-93.71168,47.4939],[-93.7092810929,47.4936442587]]]},"properties":{"flat_pct":86}},{"type":"Feature","geometry":{"type":"Polygon","coordinates":[[[-93.7457092199,47.497562582],[-93.7493747750901,47.49896511341431],[-93.74915316250363,47.50496486880424],[-93.7456476656,47.5046507195],[-93.73694238322184,47.5011171263811],[-93.73852,47.50112],[-93.73852,47.49749],[-93.7457092199,47.497562582]]]},"properties":{"flat_pct":100}},{"type":"Feature","geometry":{"type":"Polygon","coordinates":[[[-93.7127208537,47.5032511247],[-93.710088744,47.5023288083],[-93.70892232732601,47.501125161160545],[-93.7162499965895,47.50111143036242],[-93.7149806734,47.5028445629],[-93.7127208537,47.5032511247]]]},"properties":{"flat_pct":100}},{"type":"Feature","geometry":{"type":"Polygon","coordinates":[[[-93.873308391456,47.503038479421924],[-93.8736882558,47.5074547862],[-93.8719166753,47.5096596078],[-93.85925,47.50994],[-93.85981,47.5031],[-93.86285765662436,47.503082551584214],[-93.86259928,47.5062517024],[-93.8640745581,47.5063733227],[-93.8638664254,47.5030795641],[-93.86750465,47.5009663208],[-93.8676546994685,47.49964088407114],[-93.87049,47.49963],[-93.87029,47.50305],[-93.873308391456,47.503038479421924]]]},"properties":{"flat_pct":100}},{"type":"Feature","geometry":{"type":"Polygon","coordinates":[[[-93.7386677081,47.5121627786],[-93.73271933746992,47.511516041926306],[-93.73281,47.50845],[-93.72740597898412,47.50762235610601],[-93.72752939961813,47.50161588525088],[-93.7341532615,47.5026657105],[-93.7382440972,47.5055821563],[-93.7401627786,47.5081922919],[-93.7403276601,47.5102068951],[-93.7386677081,47.5121627786]]]},"properties":{"flat_pct":90}},{"type":"Feature","geometry":{"type":"Polygon","coordinates":[[[-93.66685,47.51741],[-93.66682,47.51936],[-93.6678,47.51935],[-93.66611,47.52097],[-93.6637475015703,47.52114650850337],[-93.66130280774175,47.51582152390893],[-93.66498,47.51582],[-93.66576,47.5174],[-93.66685,47.51741]]]},"properties":{"flat_pct":85}},{"type":"Feature","geometry":{"type":"Polygon","coordinates":[[[-93.6484042607,47.5202301623],[-93.64730612869168,47.515827324439],[-93.6537439620325,47.51582465646],[-93.65493770889081,47.51941359097803],[-93.65116,47.51941],[-93.65106458282492,47.52225661239003],[-93.6484042607,47.5202301623]]]},"properties":{"flat_pct":45}},{"type":"Feature","geometry":{"type":"Polygon","coordinates":[[[-93.6676268412,47.5286360878],[-93.6679425219,47.5263617915],[-93.6697739122,47.5249768412],[-93.6736458751,47.5244948393],[-93.67717292631461,47.52615597598057],[-93.67706,47.53006],[-93.67039,47.52998],[-93.66952270186908,47.53070465041201],[-93.6676268412,47.5286360878]]]},"properties":{"flat_pct":100}},{"type":"Feature","geometry":{"type":"Polygon","coordinates":[[[-93.66154296649246,47.536422324916856],[-93.6510533217255,47.53739939566032],[-93.64642144415858,47.533726165635095],[-93.65077,47.53371],[-93.65079,47.53112],[-93.6566580798,47.5298707359],[-93.6584139144,47.5313503044],[-93.6586133228,47.5336227256],[-93.6607160265,47.5345443485],[-93.66154296649246,47.536422324916856]]]},"properties":{"flat_pct":66}},{"type":"Feature","geometry":{"type":"Polygon","coordinates":[[[-93.6718913395344,47.5399775910477],[-93.67207154820578,47.53398056236009],[-93.67393,47.53572],[-93.67958534584946,47.53599310857459],[-93.6813354535,47.5402951018],[-93.68123423476997,47.54091326972501],[-93.67486,47.54093],[-93.6718913395344,47.5399775910477]]]},"properties":{"flat_pct":100}},{"type":"Feature","geometry":{"type":"Polygon","coordinates":[[[-93.684620228,47.5437197761],[-93.685743965,47.5420395895],[-93.6879434832684,47.54147989299236],[-93.68801,47.54439],[-93.69052641931098,47.5443759939556],[-93.6904615251,47.5459057145],[-93.6933698916,47.5449700659],[-93.6954853392,47.5458627918],[-93.6959863288,47.549401702],[-93.69198997654271,47.55176115781243],[-93.679492314565,47.551717306366896],[-93.6801709338,47.5486671095],[-93.6844149239,47.5466972278],[-93.684620228,47.5437197761]]]},"properties":{"flat_pct":100}},{"type":"Feature","geometry":{"type":"Polygon","coordinates":[[[-93.66623,47.55162],[-93.66477,47.55416],[-93.65788,47.55075],[-93.65767,47.54925],[-93.65566,47.54752],[-93.65632,47.5448],[-93.65148374243846,47.540931722510855],[-93.66017781053436,47.54108804615679],[-93.661947238,47.5469135861],[-93.66489035350679,47.546161656451225],[-93.66635,47.54782],[-93.66623,47.55162]]]},"properties":{"flat_pct":71}},{"type":"Feature","geometry":{"type":"Polygon","coordinates":[[[-93.7802977624,47.5511231917],[-93.7816276227,47.5480665317],[-93.78775,47.54671],[-93.7876925517829,47.545015277595304],[-93.7915734798,47.5432743819],[-93.79582961714085,47.54303349827304],[-93.79595,47.54665],[-93.8013,47.54656],[-93.80147,47.55018],[-93.79591,47.55031],[-93.79605662446819,47.55257311679166],[-93.7939209911,47.5517323725],[-93.7929974064,47.5493695729],[-93.7909579518,47.5502614633],[-93.790232419,47.5521685994],[-93.7884908041,47.5531626678],[-93.7826128325,47.5535215555],[-93.7802977624,47.5511231917]]]},"properties":{"flat_pct":100}},{"type":"Feature","geometry":{"type":"Polygon","coordinates":[[[-93.8666634116,47.5532199184],[-93.8649701964,47.5537912651],[-93.86456518686656,47.556575093282454],[-93.8606,47.55659],[-93.85992,47.54569],[-93.86459254647863,47.54567259759226],[-93.86534028841774,47.5465404685642],[-93.86571,47.55294],[-93.8666634116,47.5532199184]]]},"properties":{"flat_pct":100}},{"type":"Feature","geometry":{"type":"Polygon","coordinates":[[[-93.72731,47.56611],[-93.71651,47.56621],[-93.71651,47.56256],[-93.71126,47.56265],[-93.71128564645359,47.56083423108531],[-93.7188856024,47.5618524626],[-93.71890099084642,47.55896677375761],[-93.72191,47.55891],[-93.72191,47.56253],[-93.72731,47.56275387296201],[-93.72731,47.56611]]]},"properties":{"flat_pct":100}},{"type":"Feature","geometry":{"type":"Polygon","coordinates":[[[-93.703648537,47.5653175231],[-93.70210096028023,47.56389337274438],[-93.70373,47.56297],[-93.71126,47.56265],[-93.71121,47.56631],[-93.703648537,47.5653175231]]]},"properties":{"flat_pct":100}},{"type":"Feature","geometry":{"type":"Polygon","coordinates":[[[-93.7652,47.56554],[-93.7651286107369,47.563017579369884],[-93.77058858841386,47.563055651404014],[-93.77071,47.56601],[-93.7652,47.56554]]]},"properties":{"flat_pct":100}},{"type":"Feature","geometry":{"type":"Polygon","coordinates":[[[-93.85285362,47.5739607018],[-93.8502918449,47.5740957167],[-93.8484302211,47.5713345353],[-93.8448907836,47.5710094001],[-93.8436818057,47.5693894666],[-93.8437749281,47.5673702737],[-93.8467044851,47.5654788955],[-93.84708929603867,47.563933845066025],[-93.84972,47.56389],[-93.84965889021423,47.5621636485518],[-93.8515636854,47.5606928574],[-93.84953146952653,47.55856401412441],[-93.84948,47.55711],[-93.85697735321745,47.55675940434595],[-93.8593016274,47.558617767],[-93.85815997983988,47.55670410166216],[-93.8606,47.55659],[-93.8601364194,47.5632436977],[-93.8579339979,47.5653881487],[-93.8548309191,47.5657505493],[-93.853335424,47.5669052987],[-93.8545465842,47.5702333985],[-93.8542057167,47.5724581551],[-93.85285362,47.5739607018]]]},"properties":{"flat_pct":100}},{"type":"Feature","geometry":{"type":"Polygon","coordinates":[[[-93.7867951908,47.5640919183],[-93.7870922558,47.5666399907],[-93.7853110251,47.5684861051],[-93.77398965126973,47.56907951272685],[-93.77410534035442,47.56308020733483],[-93.7843435905,47.5626814602],[-93.7867951908,47.5640919183]]]},"properties":{"flat_pct":100}},{"type":"Feature","geometry":{"type":"Polygon","coordinates":[[[-93.6843394844,47.566463471],[-93.68509845387568,47.569871088663085],[-93.672083924481,47.56971090983976],[-93.6730404618,47.5650331482],[-93.67454036469447,47.56261],[-93.68159188345385,47.56261],[-93.681109975,47.5654962661],[-93.6843394844,47.566463471]]]},"properties":{"flat_pct":100}},{"type":"Feature","geometry":{"type":"Polygon","coordinates":[[[-93.8412725264,47.565133456],[-93.8419415422,47.5686444805],[-93.83904369128452,47.57035058532674],[-93.83899,47.56762],[-93.82961,47.56777],[-93.82983,47.56555],[-93.82894,47.56421],[-93.8394113474,47.5643448973],[-93.8412725264,47.565133456]]]},"properties":{"flat_pct":100}},{"type":"Feature","geometry":{"type":"Polygon","coordinates":[[[-93.7492182542,47.5443540503],[-93.7454868309815,47.5441391884955],[-93.74861,47.54411],[-93.74857,47.54124],[-93.74368907077704,47.541184848257366],[-93.7441641804,47.5397557871],[-93.74822086316892,47.53769513353662],[-93.754,47.53778],[-93.75400320768546,47.53661400633919],[-93.7553103301,47.538576353],[-93.7559967932,47.545530735],[-93.7587478924,47.5473565292],[-93.7668718833,47.5484567954],[-93.7696242538,47.5485074907],[-93.77014724431054,47.545550795179004],[-93.77021,47.54781],[-93.77431,47.54781],[-93.7743,47.54671],[-93.77600354898763,47.54671],[-93.7779530559,47.5488780758],[-93.7779556833,47.5523249387],[-93.7791238302,47.5544578401],[-93.7827051379,47.5545816658],[-93.7846056132,47.5558701811],[-93.7849548715,47.5598902312],[-93.7834862816,47.5616552585],[-93.7814848621,47.5619383342],[-93.7743718955,47.5586997419],[-93.77426,47.55506],[-93.7670160318,47.5544558403],[-93.7614173938,47.5560986448],[-93.7585139645,47.5532000555],[-93.7571649365,47.5559085947],[-93.75135666695772,47.55871],[-93.74891,47.55871],[-93.74888283523974,47.56064684740686],[-93.745378176,47.562879861],[-93.74885117702682,47.56290407798795],[-93.74881,47.56584],[-93.74348,47.56588],[-93.75971,47.56601],[-93.75976,47.56966],[-93.76183254808056,47.56966],[-93.76380219313724,47.57331],[-93.75981,47.57331],[-93.75981,47.57696],[-93.76545036552108,47.57696],[-93.7665416623,47.5784705812],[-93.7730252778,47.5761533694],[-93.77094338724852,47.57329989735611],[-93.77391,47.57321],[-93.77396671634597,47.57026885234475],[-93.778005407,47.5700780391],[-93.7795519997,47.571379524],[-93.7798608884,47.5736547528],[-93.778470476,47.5754819997],[-93.7761238119,47.5760310428],[-93.779400491,47.5760915568],[-93.7811983437,47.5774992088],[-93.7841277663,47.5769607841],[-93.78619006397977,47.57790873833439],[-93.78622,47.57919],[-93.7928883945,47.5797603011],[-93.79474572246203,47.58282593601845],[-93.78249417174794,47.58280432834523],[-93.780524704,47.5812715407],[-93.7740966326,47.5820748598],[-93.7764023481,47.5835673713],[-93.77657695989485,47.586427765392585],[-93.77381,47.58641],[-93.77381,47.58781],[-93.76521,47.58786],[-93.7652553144151,47.592553278705985],[-93.7620393337,47.5938767244],[-93.76150311452385,47.59511],[-93.75986,47.59511],[-93.75986952030809,47.596847456225625],[-93.7571004795,47.5979918872],[-93.7549203188,47.5972714863],[-93.7538854086005,47.59511],[-93.7558081427,47.5921809336],[-93.7558832754,47.5897735572],[-93.75708574881426,47.58791],[-93.75981,47.58791],[-93.75981,47.58417873111478],[-93.7632222684,47.5850046126],[-93.7612884403,47.5813709584],[-93.7591035584,47.5794540295],[-93.7584569491,47.5760517651],[-93.7507150564,47.5785025738],[-93.75027089775278,47.58061],[-93.74911,47.58061],[-93.74911,47.581717586449415],[-93.7440760084,47.5859842158],[-93.7401463859,47.5860817588],[-93.7355480139,47.5876297062],[-93.7329105765,47.5859782821],[-93.730418622,47.5867997514],[-93.7285068331,47.5861433407],[-93.72741,47.584203792589896],[-93.7280366593,47.5819268331],[-93.7341501432,47.5792924107],[-93.7321915597,47.5762567239],[-93.7336912422,47.573561207],[-93.7362480922,47.5733527877],[-93.7436273114,47.5775720627],[-93.7408904767,47.5728368941],[-93.7402623202,47.5688443344],[-93.73274615968866,47.56879192476094],[-93.73272133078252,47.562791605777655],[-93.73813,47.56243],[-93.73811,47.55881],[-93.72731,47.55891],[-93.72727180661315,47.55612188275983],[-93.7376864494,47.5559905269],[-93.7435423624,47.5529896524],[-93.7483593812,47.5475633033],[-93.7492182542,47.5443540503]],[[-93.7466689257,47.5688890072],[-93.7482351423138,47.57298280009585],[-93.7554191847,47.5708234348],[-93.7542521148,47.5689418843],[-93.7466689257,47.5688890072]]]},"properties":{"flat_pct":100}},{"type":"Feature","geometry":{"type":"Polygon","coordinates":[[[-93.79716,47.57565],[-93.79165,47.57568],[-93.79161,47.57215],[-93.79497,47.57211],[-93.79716,47.57424],[-93.79716,47.57565]]]},"properties":{"flat_pct":100}},{"type":"Feature","geometry":{"type":"Polygon","coordinates":[[[-93.6916133292,47.5733814704],[-93.6948684966,47.5744150681],[-93.6969950539,47.5769355646],[-93.7012298623,47.5783983587],[-93.7020591959,47.5805394527],[-93.7011316413,47.5826398623],[-93.69918859197013,47.58346405863712],[-93.69915,47.58067],[-93.69233696131307,47.58072735953993],[-93.6909091962,47.5794056654],[-93.68844242441949,47.57980652475677],[-93.68833122502974,47.573773957863054],[-93.6916133292,47.5733814704]]]},"properties":{"flat_pct":100}},{"type":"Feature","geometry":{"type":"Polygon","coordinates":[[[-93.8488908022,47.5932103635],[-93.8435111143,47.5904544079],[-93.83991471059063,47.591062183790534],[-93.83925,47.58949],[-93.83467,47.58692],[-93.83410277461387,47.58563487998456],[-93.8351602269,47.5844278009],[-93.8385980599,47.584445647],[-93.8395164099,47.5827693232],[-93.8390404801,47.580133538],[-93.84016610954163,47.57838674062228],[-93.8450788399,47.5777911872],[-93.8572426898,47.579878999],[-93.8592453899,47.5825437486],[-93.8573331369,47.5855051555],[-93.8574941554,47.5869027007],[-93.8635354087,47.5856136072],[-93.8661906495,47.588006215],[-93.8649239236,47.5910895742],[-93.8548662168,47.5941873313],[-93.85443138425893,47.59660913894656],[-93.85444,47.59511],[-93.84884512195322,47.595202163688754],[-93.8488908022,47.5932103635]]]},"properties":{"flat_pct":98}},{"type":"Feature","geometry":{"type":"Polygon","coordinates":[[[-93.6770700861,47.5980249537],[-93.6742789655,47.5967117497],[-93.6734632898,47.5922995432],[-93.6746947754,47.5894652207],[-93.6774300899,47.5884208189],[-93.6770700861,47.5980249537]]]},"properties":{"flat_pct":90}},{"type":"Feature","geometry":{"type":"Polygon","coordinates":[[[-93.69195996370962,47.59511],[-93.69171722415096,47.59871],[-93.68866,47.59871],[-93.68869,47.59696],[-93.68531,47.59694],[-93.68533,47.59547],[-93.69195996370962,47.59511]]]},"properties":{"flat_pct":80}},{"type":"Feature","geometry":{"type":"Polygon","coordinates":[[[-93.77071,47.59511],[-93.77071,47.59871],[-93.76651636098723,47.59872550328656],[-93.76600695116838,47.59511],[-93.77071,47.59511]]]},"properties":{"flat_pct":100}},{"type":"Feature","geometry":{"type":"Polygon","coordinates":[[[-93.85442627619513,47.59749794204802],[-93.8587140051,47.5991838293],[-93.8657456522,47.5989090845],[-93.86943,47.60215],[-93.87215941273436,47.60212212040108],[-93.8770881795,47.6047556059],[-93.87914812291802,47.60398535698513],[-93.87890441981244,47.61059624525187],[-93.87374298034041,47.610045662823175],[-93.87382,47.60936],[-93.8665182278,47.606750255],[-93.86439886303594,47.605130091540566],[-93.86453,47.6022],[-93.85942,47.60225],[-93.85942798308689,47.60514786053872],[-93.8583475522,47.6052796997],[-93.84918498871006,47.60242596968034],[-93.84923,47.59856],[-93.85442,47.59859],[-93.85442627619513,47.59749794204802]]]},"properties":{"flat_pct":100}},{"type":"Feature","geometry":{"type":"Polygon","coordinates":[[[-93.8324,47.60071],[-93.83945,47.60484],[-93.8404,47.6078],[-93.8427,47.60812],[-93.84404,47.61016],[-93.84646743926362,47.610107229581224],[-93.8485669396,47.6130511847],[-93.84899,47.61751],[-93.84394112507428,47.61780643015663],[-93.8424513948,47.6147280235],[-93.83844124485842,47.61052908420374],[-93.8385,47.60671],[-93.83373374093176,47.60690664330144],[-93.83359,47.60334],[-93.82841494337578,47.603350378096934],[-93.82849,47.60064],[-93.8324,47.60071]]]},"properties":{"flat_pct":99}},{"type":"Feature","geometry":{"type":"Polygon","coordinates":[[[-93.7121701094,47.6081947924],[-93.7142231868,47.6080626578],[-93.71416173344547,47.605924926649664],[-93.71668,47.60596],[-93.71661,47.60241],[-93.7208468958976,47.60244959715792],[-93.7205076364,47.6046893347],[-93.7230853881,47.6086514332],[-93.7242975651,47.612947199],[-93.7239254923,47.6149715879],[-93.7223363453,47.6162797166],[-93.7196140901,47.6165770349],[-93.71691,47.615827132384204],[-93.71691,47.61321],[-93.71141308876697,47.61321],[-93.71080838619118,47.60940071085539],[-93.7121701094,47.6081947924]]]},"properties":{"flat_pct":94}},{"type":"Feature","geometry":{"type":"Polygon","coordinates":[[[-93.7307570091,47.6229587737],[-93.7305086894,47.6194430468],[-93.7266908835,47.6132428309],[-93.7275091800457,47.60968048164537],[-93.73303,47.60971],[-93.73298473490111,47.60697523360817],[-93.7374644461,47.6065819167],[-93.7377671736,47.6056922569],[-93.73582024257446,47.60244671122112],[-93.74386,47.60241],[-93.74396325207687,47.608691168010004],[-93.74314889971603,47.60971],[-93.73856,47.60971],[-93.73855335858532,47.612525959827],[-93.7330865968,47.6129900195],[-93.7372474906,47.6185364658],[-93.7378433154,47.6238552807],[-93.7348394164,47.6253003719],[-93.73274618189213,47.624827784535746],[-93.7307570091,47.6229587737]]]},"properties":{"flat_pct":96}},{"type":"Feature","geometry":{"type":"Polygon","coordinates":[[[-93.8647792633,47.6119552913],[-93.86828935456897,47.611522847735735],[-93.86821,47.61671],[-93.86889322752984,47.616704143764025],[-93.8679022992,47.6179405279],[-93.8641734391,47.6192150122],[-93.85942373738935,47.61630959469274],[-93.85950173360519,47.6099807588931],[-93.8630532272,47.6104398925],[-93.8647792633,47.6119552913]]]},"properties":{"flat_pct":95}},{"type":"Feature","geometry":{"type":"Polygon","coordinates":[[[-93.7524857358,47.6319374185],[-93.74942871326537,47.63358865664798],[-93.74951,47.62771],[-93.75855036133132,47.62768406453716],[-93.7574055261,47.6309570286],[-93.7524857358,47.6319374185]]]},"properties":{"flat_pct":96}},{"type":"Feature","geometry":{"type":"Polygon","coordinates":[[[-93.6792695428,47.6338652512],[-93.6757710987,47.634808296],[-93.6614793777,47.6340770185],[-93.6596749046,47.6331661461],[-93.6588577087246,47.63131],[-93.66191,47.63131],[-93.66182561483107,47.6281033635808],[-93.67261,47.62837541399138],[-93.67261,47.63131],[-93.68055604088933,47.631458524128774],[-93.6792695428,47.6338652512]]]},"properties":{"flat_pct":95}},{"type":"Feature","geometry":{"type":"Polygon","coordinates":[[[-93.74933461436532,47.64039388909981],[-93.74941759117584,47.634393006163265],[-93.7539912347,47.6354133251],[-93.759209678,47.6346512755],[-93.758976652,47.6322232492],[-93.7616734068,47.6301858606],[-93.76183945487628,47.62767462861306],[-93.77280182637539,47.62764317918663],[-93.7730029591,47.6297542216],[-93.7718424388,47.6314092154],[-93.7666284667,47.6320536548],[-93.7738100744917,47.63307095137587],[-93.77371,47.63851],[-93.76758010634933,47.63865950960124],[-93.762436959,47.6367471826],[-93.7633721934,47.6410201753],[-93.7621174637,47.6428819859],[-93.7602580557,47.6436747114],[-93.7580883237,47.6429234851],[-93.7570845343,47.6407848152],[-93.753546127,47.64162932],[-93.74933461436532,47.64039388909981]]]},"properties":{"flat_pct":97}},{"type":"Feature","geometry":{"type":"Polygon","coordinates":[[[-93.7873977323,47.6342972834],[-93.7897954061,47.6327969846],[-93.7942041281,47.6337934349],[-93.7957483114,47.6315782579],[-93.7983101846,47.6314451164],[-93.800110684,47.6336263861],[-93.7996009217,47.6390053775],[-93.7986236807135,47.640273068851364],[-93.79182472684535,47.64040240849375],[-93.79091471686282,47.63983132548706],[-93.79099,47.63682],[-93.78722000311487,47.63691126621882],[-93.7873977323,47.6342972834]]]},"properties":{"flat_pct":98}},{"type":"Feature","geometry":{"type":"Polygon","coordinates":[[[-93.865635596,47.6313550687],[-93.8645074744,47.6322429018],[-93.8649433489,47.6341656409],[-93.86394026325166,47.63673491878182],[-93.8623161139,47.6379219999],[-93.8621101692,47.6438778475],[-93.8603720937,47.645378238],[-93.8580821525,47.6452101692],[-93.856441914042,47.64275287995872],[-93.8594,47.64266],[-93.85901852547664,47.62889830657009],[-93.86385,47.62808],[-93.8638399859161,47.62618483462219],[-93.8645380573,47.6263270919],[-93.8664760598,47.6283871604],[-93.865635596,47.6313550687]]]},"properties":{"flat_pct":96}},{"type":"Feature","geometry":{"type":"Polygon","coordinates":[[[-93.67594111680187,47.645535171175915],[-93.67828,47.6455],[-93.6780803648601,47.64042356358538],[-93.6830654967,47.6429214842],[-93.68545211402551,47.64545779824542],[-93.6836,47.64542],[-93.68349,47.64907],[-93.68508011480421,47.649109900650295],[-93.6839960959,47.6512251937],[-93.6820178309,47.6523907604],[-93.6797948063,47.6518160959],[-93.6786844992,47.6501270044],[-93.6789115983,47.648088268],[-93.67594111680187,47.645535171175915]]]},"properties":{"flat_pct":85}},{"type":"Feature","geometry":{"type":"Polygon","coordinates":[[[-93.70711641890446,47.6496906457903],[-93.7094877607,47.6470531372],[-93.7128559638,47.6474850923],[-93.7141389102,47.6494287029],[-93.7136499942,47.6523726827],[-93.71141,47.65331],[-93.71131,47.64961],[-93.70711641890446,47.6496906457903]]]},"properties":{"flat_pct":100}},{"type":"Feature","geometry":{"type":"Polygon","coordinates":[[[-93.8609501702,47.6583065872],[-93.8535040916,47.6588466369],[-93.8518734128,47.6572301702],[-93.8518633631,47.6549340916],[-93.8540418565,47.653130234],[-93.8609259084,47.6527633631],[-93.8627899713,47.6555268696],[-93.8609501702,47.6583065872]]]},"properties":{"flat_pct":97}},{"type":"Feature","geometry":{"type":"Polygon","coordinates":[[[-93.6697438142,47.6521699777],[-93.6678951015,47.656021181],[-93.6697966936,47.6617411698],[-93.6742226299,47.6657539034],[-93.6780271979,47.6751199687],[-93.6766778179,47.676977723],[-93.6741274665,47.6772545419],[-93.6710920752,47.673011367],[-93.6709849949,47.6759890023],[-93.6698731761,47.6776451028],[-93.6625332991,47.6793522773],[-93.6614881006727,47.678827921970935],[-93.66132,47.67444],[-93.6593563745841,47.674432284379506],[-93.6589218527,47.6734766676],[-93.6596633066,47.6685520883],[-93.65560688603497,47.66719379503856],[-93.6569,47.6672],[-93.65742536258351,47.66165278919173],[-93.663907493,47.6630456634],[-93.6628567454,47.6598850145],[-93.65748726259446,47.66099919789961],[-93.65758,47.66002],[-93.6505596712466,47.66002658567425],[-93.6475044474,47.6588781682],[-93.6458666374,47.6573912865],[-93.6445431224,47.6525901922],[-93.6459430056,47.6507701908],[-93.6479321092,47.6504106371],[-93.6504733077,47.6521027809],[-93.6513952293,47.6539307883],[-93.6546582708,47.6551573216],[-93.6588058757,47.6547342147],[-93.6551059612,47.6521868264],[-93.6555324273,47.6482585909],[-93.6582025932,47.64732588],[-93.6607711602,47.6490308472],[-93.6639874812,47.64946905],[-93.6673368657,47.6465195258],[-93.6651517427,47.6446183122],[-93.6655492498,47.6418180044],[-93.6715416268,47.639809776],[-93.67282855085756,47.64031742884178],[-93.6729493934943,47.645155739772115],[-93.6699937681,47.6461671986],[-93.6728604622,47.6463670942],[-93.6746948017,47.6486516462],[-93.6774534085,47.6489136581],[-93.6787698752,47.6519761103],[-93.6757909224,47.6576285976],[-93.6717399595,47.6599686509],[-93.6693890812,47.6589418637],[-93.6686569708,47.6567656072],[-93.672280097,47.6520981853],[-93.6697438142,47.6521699777]],[[-93.6675259812,47.6685349047],[-93.6689889446,47.6689771628],[-93.6654451381,47.6659101015],[-93.6675259812,47.6685349047]],[[-93.66841,47.6455],[-93.66795,47.64555],[-93.66768,47.64674],[-93.66841,47.6455]]]},"properties":{"flat_pct":84}},{"type":"Feature","geometry":{"type":"Polygon","coordinates":[[[-93.7664871347,47.6643951879],[-93.75969929235191,47.666547978572915],[-93.75961,47.66011],[-93.7684699539576,47.65993961627005],[-93.7683200852,47.6622117933],[-93.7664871347,47.6643951879]]]},"properties":{"flat_pct":83}},{"type":"Feature","geometry":{"type":"Polygon","coordinates":[[[-93.7374759218,47.6583059483],[-93.7399824307,47.6644811219],[-93.7396536555045,47.66677910790435],[-93.7407833615,47.6654818102],[-93.7404155556,47.6624547331],[-93.7426017628,47.6604500268],[-93.74573001439087,47.660504567694986],[-93.7475547759,47.6625501486],[-93.7467698962,47.6680005155],[-93.7442459653,47.6712301429],[-93.741147719,47.6726347727],[-93.7379622912,47.6716525569],[-93.73835,47.66737],[-93.73498515132468,47.667382416415776],[-93.7318300308,47.6619244227],[-93.7321197721,47.6591607816],[-93.7333059483,47.6575240782],[-93.7355528656,47.6570513834],[-93.7374759218,47.6583059483]]]},"properties":{"flat_pct":86}},{"type":"Feature","geometry":{"type":"Polygon","coordinates":[[[-93.7883829315,47.6580934987],[-93.7932963239,47.659529924],[-93.80161874659395,47.65868505903845],[-93.80142,47.66213],[-93.79628,47.66222],[-93.79608550694091,47.66487317890036],[-93.7942054164,47.6656224649],[-93.7888208718,47.664260289],[-93.7831826593,47.6648343667],[-93.7830862713,47.6657581043],[-93.7863786752,47.6664671161],[-93.7869376309,47.6697850343],[-93.7906610664459,47.67341],[-93.78177199767121,47.67341],[-93.7774313423,47.6701508805],[-93.77379815151859,47.6657604302131],[-93.77401,47.66021],[-93.77098092948277,47.65998281971121],[-93.773053275,47.6581668736],[-93.7807824154,47.6572158097],[-93.7847338365,47.6589607909],[-93.7883829315,47.6580934987]]]},"properties":{"flat_pct":84}},{"type":"Feature","geometry":{"type":"Polygon","coordinates":[[[-93.8598167218,47.6674046363],[-93.8618859321,47.6683998481],[-93.8626453637,47.6705667218],[-93.86127664398131,47.67291655351749],[-93.85962,47.67037],[-93.85961053841689,47.67343555292923],[-93.85752928856964,47.673730432271036],[-93.85703,47.67226],[-93.85434,47.67135],[-93.85437,47.66876],[-93.85286795595394,47.668782715221866],[-93.8598167218,47.6674046363]]]},"properties":{"flat_pct":100}},{"type":"Feature","geometry":{"type":"Polygon","coordinates":[[[-93.6930680128,47.6735009062],[-93.6909302634,47.6749189853],[-93.6882704205,47.6739572307],[-93.6875339594,47.6714998854],[-93.68846,47.67117],[-93.6890127693,47.6686304205],[-93.6932495795,47.6688527693],[-93.69399797448933,47.67119296624149],[-93.6930680128,47.6735009062]]]},"properties":{"flat_pct":90}},{"type":"Feature","geometry":{"type":"Polygon","coordinates":[[[-93.7034303552,47.6751087313],[-93.7006023596,47.6750620763],[-93.6979539765,47.6731760399],[-93.6971170734476,47.67124495122413],[-93.70486248737136,47.67137404145619],[-93.7048123241,47.6736336131],[-93.7034303552,47.6751087313]]]},"properties":{"flat_pct":75}},{"type":"Feature","geometry":{"type":"Polygon","coordinates":[[[-93.8200584843,47.6711973517],[-93.81487090913656,47.66930416450182],[-93.81673,47.66929],[-93.81681652155093,47.66392566384223],[-93.8184250443,47.6644334201],[-93.8169327356,47.6616267432],[-93.8066193249888,47.660676086975165],[-93.80672,47.65837],[-93.80304444696905,47.65845665350957],[-93.8018433872,47.6571247922],[-93.800214574,47.6581408489],[-93.7982062159,47.6579121359],[-93.7966903157,47.6561875708],[-93.7974755673,47.6528406756],[-93.7958909711,47.6501154371],[-93.7939086207,47.6528314023],[-93.7906391163,47.6521817569],[-93.79082,47.64402],[-93.79619,47.64384],[-93.79628,47.64753],[-93.80127030025378,47.64745760686286],[-93.8042250015,47.6503155099],[-93.8062927909,47.6490203011],[-93.8068597492,47.6427916868],[-93.8093749578,47.6376750507],[-93.81195337570612,47.63630288224266],[-93.81187,47.64006],[-93.81701,47.63999],[-93.81704,47.63637],[-93.82003077727732,47.63633695273727],[-93.8200201106,47.6376275688],[-93.82242329591209,47.638561137037485],[-93.82232,47.64354],[-93.82467005530096,47.64351563561894],[-93.8223365066,47.6447192627],[-93.8191030026,47.6437081268],[-93.8205269646,47.6469028429],[-93.8215047064,47.6474410494],[-93.8235172413,47.6456093319],[-93.8255041241,47.6452377025],[-93.8270699841,47.6460003489],[-93.8280023729,47.647793799],[-93.82796974257685,47.65075708340323],[-93.8271995021,47.6529783683],[-93.82534140805721,47.65443297719371],[-93.8223,47.65445],[-93.82229,47.6581],[-93.8256716307,47.6581680687],[-93.8253605295,47.6604429959],[-93.823801597,47.6617464735],[-93.8242618846,47.6660431616],[-93.8258282756,47.6693655964],[-93.8290695237,47.6710763943],[-93.8359151578,47.6722436395],[-93.845519907,47.6798021644],[-93.8513230788,47.6828655719],[-93.8526220316,47.6857536924],[-93.8562629177,47.6880186921],[-93.8571424799,47.6907006526],[-93.8568786989,47.6937230102],[-93.8547369558,47.6984311207],[-93.8555081524,47.6994115249],[-93.8602758115,47.6996729483],[-93.8620369313,47.7006650515],[-93.86276433986725,47.702489179300166],[-93.85979,47.7025],[-93.8594215465,47.7056060778],[-93.86513295874612,47.70614145394512],[-93.8655,47.7098],[-93.85999,47.70984],[-93.86008,47.71351],[-93.85562338250391,47.71351820739871],[-93.8506715189,47.7098467181],[-93.8500938023,47.7067306293],[-93.8460421343,47.7052919701],[-93.84548487886481,47.70620675673074],[-93.84374,47.70621],[-93.8430729455,47.7116617971],[-93.84863424696857,47.717147707864356],[-93.8438,47.71713],[-93.84378,47.71353],[-93.83828,47.71353],[-93.8383392733651,47.70540954898158],[-93.8425631549,47.7001476089],[-93.84516985728277,47.698917206969675],[-93.84904,47.69891],[-93.8494364264,47.6948550954],[-93.8511370726,47.6917452317],[-93.8480669788,47.6899793952],[-93.846704411,47.6870507471],[-93.8420685196,47.6847205127],[-93.835714462,47.6791623426],[-93.8335433923,47.6778150228],[-93.8240686843,47.6755185113],[-93.8200584843,47.6711973517]],[[-93.82765,47.64712],[-93.82231,47.64718],[-93.8223,47.65081],[-93.82766,47.65076],[-93.82765,47.64712]],[[-93.8126319008,47.6506593432],[-93.8171436212,47.6539778322],[-93.8180005035,47.6523610845],[-93.8159731934,47.65094425],[-93.8141666445,47.647319557],[-93.8143460256,47.6446849356],[-93.8157827826,47.6432166667],[-93.8134204095,47.6427277991],[-93.8122066035,47.6473464718],[-93.8126319008,47.6506593432]]]},"properties":{"flat_pct":98}},{"type":"Feature","geometry":{"type":"Polygon","coordinates":[[[-93.6495092204,47.6905336354],[-93.6497448027,47.6928176185],[-93.6482963646,47.6945992204],[-93.6404880818203,47.695436148316176],[-93.64056503840365,47.68930527384188],[-93.6471502935,47.6889731228],[-93.6495092204,47.6905336354]]]},"properties":{"flat_pct":89}},{"type":"Feature","geometry":{"type":"Polygon","coordinates":[[[-93.7199074995,47.6925668772],[-93.72227,47.69238],[-93.72249933635207,47.69536986651599],[-93.7206375069,47.694370057],[-93.7199074995,47.6925668772]]]},"properties":{"flat_pct":100}},{"type":"Feature","geometry":{"type":"Polygon","coordinates":[[[-93.7298975647,47.6978628109],[-93.72688749932901,47.695940106082375],[-93.72796,47.69595],[-93.7277,47.69242],[-93.72613433989855,47.69175728601232],[-93.72600674534857,47.692407526669236],[-93.72227,47.69238],[-93.722,47.68886],[-93.71658,47.68884],[-93.71694511989024,47.692350526493854],[-93.7127858094,47.6956150304],[-93.7150705402,47.6998686715],[-93.7177271351,47.7006330203],[-93.7200282091,47.7032182598],[-93.7202375289,47.7091264988],[-93.7191172402,47.7111159836],[-93.7144240015,47.7139081967],[-93.7124983584,47.7132936153],[-93.7113464343,47.7113073754],[-93.7135025565,47.7056929946],[-93.7104552761,47.7043436842],[-93.70646507850587,47.695383109137495],[-93.7015169388,47.6957896597],[-93.7002999968,47.6972839949],[-93.6983251909,47.697715218],[-93.6963341021,47.6965716957],[-93.69528852019678,47.69355657083792],[-93.6879985141983,47.69219954372171],[-93.6869384576,47.694471121],[-93.684462758,47.6951433059],[-93.68221129990359,47.69331295580941],[-93.68011874345032,47.69347445441419],[-93.67995,47.6923],[-93.6796620239,47.6934597504],[-93.6752783303,47.6916785734],[-93.6737657465,47.6891961814],[-93.67207352733116,47.69224698045402],[-93.66728,47.69222],[-93.66729549018252,47.694037514749],[-93.6654912162,47.6931818137],[-93.66302921493813,47.69572393701665],[-93.66198,47.69572],[-93.6618687096118,47.705634118748996],[-93.6534526514,47.7049148832],[-93.65116375483252,47.702152885528236],[-93.65113,47.69946],[-93.65648,47.69936],[-93.65654,47.69581],[-93.6549829474,47.6956144275],[-93.6591027366,47.6935177944],[-93.65891978204405,47.69222985494582],[-93.662,47.69219],[-93.66178847425195,47.686668555841315],[-93.664008337,47.6859387023],[-93.667044429,47.6869805128],[-93.6709127119,47.6830105184],[-93.674479133,47.6814251249],[-93.6800242974,47.6815271982],[-93.6818953982,47.6831749757],[-93.6849750854,47.683827517],[-93.6859378965,47.6863848571],[-93.696457981,47.6876168261],[-93.702585619,47.6898682884],[-93.705540088,47.6894541105],[-93.7077836559,47.6875097751],[-93.7147069141,47.6850782868],[-93.7152904752,47.6822814242],[-93.7170399928,47.6812690015],[-93.7190253361,47.6815916828],[-93.7198146039302,47.67945069732627],[-93.72399256771573,47.678852040081225],[-93.7279155683,47.6808343518],[-93.7292979992,47.6844038519],[-93.72905085520117,47.68625909339772],[-93.7329448322,47.6883157724],[-93.7440440556,47.6848240559],[-93.76017164929988,47.68634823049943],[-93.7581850012,47.6850257467],[-93.7575509019,47.6831064422],[-93.7582783304,47.6812205313],[-93.7603292406,47.6801881335],[-93.7645837683,47.6819430227],[-93.7662713517,47.6861415306],[-93.77060190597834,47.68671969880096],[-93.7705975419076,47.69292540739634],[-93.7664814779,47.6956249743],[-93.7636981213,47.6951223196],[-93.7625824718984,47.69243087341235],[-93.7443584982,47.6908650065],[-93.7346558415,47.6941997722],[-93.7334770778,47.6965070962],[-93.7298975647,47.6978628109]]]},"properties":{"flat_pct":92}},{"type":"Feature","geometry":{"type":"Polygon","coordinates":[[[-93.7903513896,47.6930616172],[-93.7982861717,47.6978950836],[-93.8057609352,47.6979201006],[-93.8092101291,47.6947030693],[-93.810834211,47.6898177447],[-93.8133936211,47.6886139358],[-93.8159547092,47.6903331468],[-93.8160432331,47.6943343995],[-93.819222882,47.6943325677],[-93.8211915269,47.6971296588],[-93.8246099112,47.696932102],[-93.8282818525,47.6954152157],[-93.8302571411,47.6958442225],[-93.8315924148,47.6977121417],[-93.8313590859,47.6997199688],[-93.8271237075,47.7023803259],[-93.82776,47.70996],[-93.83306416349565,47.710934505104696],[-93.83309,47.71723],[-93.83525118294894,47.71721852034205],[-93.835016503,47.7199619215],[-93.8328508385,47.7213369916],[-93.8289914616,47.7207376769],[-93.8260309144,47.7164913831],[-93.8178379184,47.7139812785],[-93.8197185873,47.717269792],[-93.81984482531738,47.71965241883445],[-93.81351993520383,47.71913513352888],[-93.8118541872,47.7155898795],[-93.809845383,47.71379],[-93.8081369983,47.71379],[-93.8054829595,47.7165287124],[-93.8016725956,47.7162330547],[-93.7997125334,47.7141939637],[-93.8008609018,47.7109399437],[-93.8001778209,47.7104524203],[-93.7941239142,47.7122902809],[-93.7918088143,47.7117575988],[-93.7904409016,47.7142579674],[-93.7872158805,47.7148846266],[-93.7866554783,47.716216317],[-93.7879496442,47.7199613979],[-93.796455356,47.7209290107],[-93.7984313156,47.7225405574],[-93.8036647243,47.7218000037],[-93.807413822,47.722304947],[-93.8092499513,47.7250870913],[-93.8073822413,47.7278481342],[-93.8015181012474,47.72897694991474],[-93.80148,47.72773],[-93.79612,47.72762],[-93.79614699050084,47.72843196423386],[-93.7935771829,47.7269635153],[-93.7869539954,47.7258924036],[-93.7754410114,47.7282531149],[-93.77470216087124,47.72803197678706],[-93.77461,47.72541],[-93.76360781784562,47.72529479390414],[-93.7567201798,47.7211680184],[-93.7559718117,47.7187142731],[-93.7573938227,47.7165791371],[-93.7625216628,47.7168438575],[-93.76541549936678,47.71537930521546],[-93.76541,47.71803],[-93.7743,47.71815],[-93.77423,47.71623],[-93.77561317819067,47.71626772304157],[-93.7769811292,47.7190205344],[-93.7754477628,47.7214112703],[-93.7767413702,47.7221342662],[-93.7819315524,47.7204501118],[-93.7806145348,47.716795112],[-93.7808300824,47.7140115744],[-93.78223905436313,47.711529076135854],[-93.78537,47.71119],[-93.78694,47.70955],[-93.7902,47.70959],[-93.79006,47.70602],[-93.79542,47.7061],[-93.7956557596,47.703904504],[-93.7953,47.70252],[-93.7911728765,47.7005720778],[-93.7886452928,47.701066099],[-93.7795932212,47.6972941225],[-93.77385012706725,47.6964317023151],[-93.77391,47.68781],[-93.77612749463916,47.6878475846549],[-93.7767389061,47.6903418573],[-93.7824481293,47.688509455],[-93.7846053451,47.6912821805],[-93.7903513896,47.6930616172]],[[-93.8213336237,47.7050799153],[-93.8238408613,47.7028917146],[-93.8203756978,47.7035210071],[-93.816066396,47.7004824574],[-93.8119713037,47.7001269411],[-93.8084103432,47.7035548184],[-93.8026291342,47.7042760992],[-93.80627982441283,47.70703738193831],[-93.80635,47.70986],[-93.81717,47.71004],[-93.81712708446867,47.70779],[-93.8211894103,47.7087361269],[-93.8213336237,47.7050799153]]]},"properties":{"flat_pct":94}},{"type":"Feature","geometry":{"type":"Polygon","coordinates":[[[-93.7025726796,47.7211236501],[-93.6959113669,47.7230747353],[-93.693949313,47.7218820819],[-93.693283734,47.7193023691],[-93.6859175235,47.7199984956],[-93.6809732071,47.7187195576],[-93.67894045060126,47.71721412404761],[-93.67877,47.70998],[-93.6724335405,47.7102624499],[-93.66929481506459,47.706385120815334],[-93.67869,47.70636],[-93.67864276964839,47.70451276847002],[-93.6792247353,47.7046691173],[-93.6822458575,47.7072255911],[-93.6823515444,47.709519258],[-93.6809674699,47.7111293363],[-93.6833747752,47.7130879247],[-93.6869012726,47.7139210733],[-93.69507409,47.7132097515],[-93.6985373352,47.7152063823],[-93.70068067251917,47.713866367647576],[-93.7008,47.71718],[-93.70474860933207,47.71718],[-93.7047677695,47.7188713538],[-93.7153273737,47.7183738635],[-93.7260423927,47.7143347982],[-93.7282404163,47.7149987034],[-93.7292816566,47.7167312248],[-93.7288127438,47.7195998257],[-93.7267675337,47.7213771164],[-93.7232201169,47.7216542024],[-93.7164344933,47.7243138229],[-93.70246293207929,47.7246545333202],[-93.7025726796,47.7211236501]]]},"properties":{"flat_pct":99}},{"type":"Feature","geometry":{"type":"Polygon","coordinates":[[[-93.67342,47.72084],[-93.6658265841,47.7202625608],[-93.66459380269998,47.717251200704645],[-93.67334,47.71723],[-93.67342,47.72084]]]},"properties":{"flat_pct":100}},{"type":"Feature","geometry":{"type":"Polygon","coordinates":[[[-93.6569426041,47.7190522791],[-93.6551399176,47.7211746172],[-93.65181979100912,47.7218948797235],[-93.65164,47.71749],[-93.65689,47.71737],[-93.6569426041,47.7190522791]]]},"properties":{"flat_pct":100}},{"type":"Feature","geometry":{"type":"Polygon","coordinates":[[[-93.8285543846,47.7280278624],[-93.829169028,47.7259274948],[-93.8307522627,47.7246538001],[-93.83863918680022,47.72403306570395],[-93.83907,47.73168],[-93.84065531708721,47.731682946686036],[-93.8405813927,47.7343723378],[-93.838802002,47.7358234914],[-93.8365176622,47.7355913927],[-93.829536929,47.7304143078],[-93.8285543846,47.7280278624]]]},"properties":{"flat_pct":90}},{"type":"Feature","geometry":{"type":"Polygon","coordinates":[[[-93.8417409735,47.7336769774],[-93.8488258242,47.7338683686],[-93.84777495471577,47.73169618021323],[-93.8549993280531,47.73170960841646],[-93.8563136296,47.7365125995],[-93.8550163494,47.7383609101],[-93.8509693215,47.7396701978],[-93.8443053377,47.7396218267],[-93.8432407335,47.7410042233],[-93.84434484981378,47.7459828709077],[-93.83981,47.74597],[-93.83944,47.73883],[-93.83751574194034,47.73882283330332],[-93.8417409735,47.7336769774]]]},"properties":{"flat_pct":100}},{"type":"Feature","geometry":{"type":"Polygon","coordinates":[[[-93.83986767442028,47.74831062022273],[-93.83835738056813,47.74596460994645],[-93.83981,47.74597],[-93.83986767442028,47.74831062022273]]]},"properties":{}},{"type":"Feature","geometry":{"type":"Polygon","coordinates":[[[-93.7948167599,47.7463105681],[-93.79483104058316,47.749318811084194],[-93.77570286078351,47.749004645766036],[-93.7755606759,47.7483228663],[-93.77571085673404,47.74710770338371],[-93.77803,47.74709],[-93.77799,47.74542],[-93.7948167599,47.7463105681]]]},"properties":{"flat_pct":100}},{"type":"Feature","geometry":{"type":"Polygon","coordinates":[[[-93.87341329582726,47.756815839645085],[-93.8723,47.75321],[-93.867083697,47.7492904268],[-93.86104970316512,47.75322038808572],[-93.85454539791603,47.753226393907745],[-93.8523424525,47.7504971242],[-93.8522765538,47.7482019695],[-93.8549938991,47.7462712358],[-93.8579209811,47.7479649564],[-93.864898058,47.7436902526],[-93.86641,47.73882],[-93.86653,47.74241],[-93.87219,47.74237],[-93.87227302713046,47.74451091386377],[-93.8711327654,47.7447558637],[-93.8755456842,47.7481230525],[-93.8776991501,47.7518065838],[-93.8798449828,47.7522028782],[-93.8815937136,47.7542585685],[-93.88325683089427,47.753899110952446],[-93.88313,47.7561],[-93.88104,47.75689],[-93.88017,47.7583],[-93.87763,47.75887],[-93.87769,47.7568],[-93.87341329582726,47.756815839645085]]]},"properties":{"flat_pct":100}},{"type":"Feature","geometry":{"type":"Polygon","coordinates":[[[-93.7983669857081,47.75298268774361],[-93.7973503273,47.7497613978],[-93.7988955667,47.7465893132],[-93.8011323256,47.7460706731],[-93.8035572584,47.7474933553],[-93.80407970769839,47.749404923191776],[-93.80208,47.74939],[-93.80202,47.75301],[-93.7983669857081,47.75298268774361]]]},"properties":{"flat_pct":100}},{"type":"Feature","geometry":{"type":"Polygon","coordinates":[[[-93.8400463146,47.7599480391],[-93.83459,47.76057],[-93.83454,47.75681],[-93.8296714376,47.7550846462],[-93.82902,47.75317],[-93.8269688571,47.7521612104],[-93.8262500033,47.7495555405],[-93.8271318353,47.7474355287],[-93.82903,47.746570695849385],[-93.82903,47.74955],[-93.8331702822626,47.749565249658424],[-93.8376186212,47.7523375719],[-93.8397665065,47.7557581135],[-93.8400463146,47.7599480391]]]},"properties":{"flat_pct":100}},{"type":"Feature","geometry":{"type":"Polygon","coordinates":[[[-93.79648971324495,47.771503443390024],[-93.8055249088,47.7696177206],[-93.8143115141,47.770768358],[-93.81824659289613,47.77198927080836],[-93.81835,47.77475],[-93.79647,47.77449],[-93.79648971324495,47.771503443390024]]]},"properties":{"flat_pct":100}},{"type":"Feature","geometry":{"type":"Polygon","coordinates":[[[-93.8298951543,47.7797850936],[-93.82393325685716,47.77925476971514],[-93.82391,47.77834],[-93.81847,47.77829],[-93.81835,47.77475],[-93.83029103081765,47.77487347781259],[-93.8313839604,47.7773802667],[-93.8298951543,47.7797850936]]]},"properties":{"flat_pct":100}},{"type":"Feature","geometry":{"type":"Polygon","coordinates":[[[-93.7793069512,47.7867259599],[-93.77607510352985,47.78615832051255],[-93.7760125657344,47.780125507845646],[-93.7801975892,47.7793701998],[-93.7831075357,47.7769940853],[-93.78959526517096,47.77435598957448],[-93.79647,47.77449],[-93.79650323024237,47.779215340464525],[-93.7924346392,47.7796457503],[-93.7860026225,47.7823214096],[-93.7793069512,47.7867259599]]]},"properties":{"flat_pct":100}},{"type":"Feature","geometry":{"type":"Polygon","coordinates":[[[-93.8614503381,47.7974266236],[-93.8613512844863,47.80373754724329],[-93.85655982858609,47.80372432335396],[-93.8554505934,47.7977809079],[-93.8557708654,47.7943063869],[-93.853601942,47.7945768985],[-93.8551228065,47.7983190672],[-93.8545880203,47.8005520208],[-93.8526309328,47.8017528065],[-93.8503979792,47.8012180203],[-93.847463786,47.7953091547],[-93.845457516,47.793733022],[-93.8449824089,47.7897555319],[-93.84544918596849,47.78901156386046],[-93.86214,47.78908],[-93.86209240673988,47.78740471724386],[-93.8637325265,47.7849411207],[-93.87052847,47.7837135686],[-93.870897442,47.7820430879],[-93.8690542952,47.7797911635],[-93.867557638,47.7798192961],[-93.8668364083,47.7815455517],[-93.8644063225,47.7833089825],[-93.8571234339,47.7831454522],[-93.85655317347967,47.78553993847707],[-93.8511,47.78552],[-93.85104,47.782],[-93.8402,47.78203],[-93.84019158070281,47.78788983085362],[-93.8386473791,47.7889120903],[-93.8366316597,47.788761468],[-93.8349579097,47.7868173791],[-93.834569344,47.7807562471],[-93.8363126384,47.7771765147],[-93.8395468431,47.7763971167],[-93.84104565221553,47.7677684581658],[-93.84646021625687,47.767758346935096],[-93.84713271678987,47.77136],[-93.84557,47.77136],[-93.84558,47.77502],[-93.85008129789405,47.77505371758723],[-93.85098,47.77853],[-93.86182,47.77865],[-93.86171,47.77512],[-93.86712,47.77507],[-93.8671131303405,47.77382659163013],[-93.8698429128,47.7737882932],[-93.8737270335,47.7757597154],[-93.88012345436437,47.77135090558003],[-93.88325,47.77133],[-93.8846979836,47.769759671],[-93.88529137274703,47.767687924346816],[-93.89141924198505,47.76762504509157],[-93.8894681332,47.7737407998],[-93.8852897769,47.7764141026],[-93.8812734445,47.7774954482],[-93.8769938869,47.7808195697],[-93.87672095276174,47.78572361657355],[-93.87281,47.78568],[-93.87284993022122,47.78929701253883],[-93.868532881,47.7902858765],[-93.86680380100171,47.792819052803004],[-93.86216,47.79275],[-93.8614503381,47.7974266236]]]},"properties":{"flat_pct":100}},{"type":"Feature","geometry":{"type":"Polygon","coordinates":[[[-93.77619716740509,47.80298022295331],[-93.77616334763148,47.79697291756802],[-93.7823386569,47.7971688683],[-93.78271789452779,47.79222798930737],[-93.78636,47.79226],[-93.78642,47.7995],[-93.7915406883758,47.79962229801026],[-93.79158,47.80318],[-93.77619716740509,47.80298022295331]]]},"properties":{"flat_pct":100}},{"type":"Feature","geometry":{"type":"Polygon","coordinates":[[[-93.8713196932,47.815088466],[-93.87053252082902,47.818375295513995],[-93.86225,47.81836],[-93.8628244584,47.8147765026],[-93.8713196932,47.815088466]]]},"properties":{"flat_pct":100}},{"type":"Feature","geometry":{"type":"Polygon","coordinates":[[[-93.8494557408,47.8214010201],[-93.85317150515631,47.818292407669844],[-93.86225,47.81836],[-93.86224180882019,47.822365486926614],[-93.8578127219,47.8225510292],[-93.8588994828,47.8277757086],[-93.86222673016375,47.829738949923026],[-93.86222,47.83303],[-93.8558844729135,47.83298818133936],[-93.8539207824,47.8316004716],[-93.8529170399,47.8298491752],[-93.8529156159,47.8266157312],[-93.8503479716,47.8259515593],[-93.8489951743,47.8244503254],[-93.8494557408,47.8214010201]]]},"properties":{"flat_pct":100}},{"type":"Feature","geometry":{"type":"Polygon","coordinates":[[[-93.8647489025,47.8347342654],[-93.86236892731645,47.83602509380886],[-93.86222,47.83303],[-93.86527821152507,47.83303285680665],[-93.8647489025,47.8347342654]]]},"properties":{"flat_pct":100}},{"type":"Feature","geometry":{"type":"Polygon","coordinates":[[[-93.824937696,47.8345683636],[-93.82570844431017,47.832805809872404],[-93.831615517,47.8331217165],[-93.832721689,47.8348290205],[-93.8334296333,47.8414389939],[-93.8354881016,47.8395076849],[-93.83532459130713,47.832858718521635],[-93.84101,47.83289],[-93.8408580266651,47.84345974544213],[-93.8393677477,47.8443700509],[-93.8405577531522,47.8467986076531],[-93.82926542718715,47.846736276507016],[-93.8283299633,47.8456664149],[-93.82752612103451,47.846726675921076],[-93.8203373517,47.8465337552],[-93.8192227062,47.8444658188],[-93.819518226,47.834788418],[-93.8223055155,47.8329601085],[-93.824937696,47.8345683636]],[[-93.825249841,47.8395185863],[-93.8269220719,47.8394526742],[-93.8268647427,47.8376231257],[-93.8252779427,47.8362146366],[-93.825249841,47.8395185863]]]},"properties":{"flat_pct":100}},{"type":"Feature","geometry":{"type":"Polygon","coordinates":[[[-93.462985472,47.4184515153],[-93.4600259186,47.4200372006],[-93.45955221517119,47.423876247981184],[-93.45346372184437,47.42391238147274],[-93.45381865246102,47.4168202491493],[-93.45596,47.4168],[-93.45594470435069,47.41499511338042],[-93.45841175082255,47.41322975318924],[-93.46462324297568,47.41315404944576],[-93.462985472,47.4184515153]]]},"properties":{"flat_pct":95}},{"type":"Feature","geometry":{"type":"Polygon","coordinates":[[[-93.4918431084,47.4168783812],[-93.48831,47.41718],[-93.48774074908607,47.42078066836346],[-93.48298,47.42061],[-93.4818595649,47.4242048091],[-93.479714157,47.4256112748],[-93.4731677038,47.4240171728],[-93.4706693779,47.4196644759],[-93.4721124299,47.4158557378],[-93.4739788384,47.4145183534],[-93.4779287474,47.4145300801],[-93.4835541639,47.4163245948],[-93.4848698878996,47.413417396131365],[-93.49618,47.41374],[-93.49743,47.41451],[-93.49879,47.41374],[-93.49877350250318,47.425783172667174],[-93.495448871,47.4256790524],[-93.493696935,47.4234585895],[-93.4941880985,47.4212156369],[-93.4977588585,47.4180687539],[-93.4918431084,47.4168783812]]]},"properties":{"flat_pct":92}},{"type":"Feature","geometry":{"type":"Polygon","coordinates":[[[-93.5628916904,47.4192731296],[-93.5649790355,47.4211817223],[-93.5643640004,47.4242044017],[-93.56142531255392,47.42553],[-93.55694,47.42598903409578],[-93.55661,47.4244],[-93.55853,47.42328],[-93.5589,47.42196],[-93.56246,47.42195],[-93.5628916904,47.4192731296]]]},"properties":{"flat_pct":76}},{"type":"Feature","geometry":{"type":"Polygon","coordinates":[[[-93.47240937731253,47.42547853894277],[-93.4748321558,47.4257331696],[-93.47637369611705,47.42754504993278],[-93.47242,47.42738],[-93.47240937731253,47.42547853894277]]]},"properties":{"flat_pct":60}},{"type":"Feature","geometry":{"type":"Polygon","coordinates":[[[-93.4937683027,47.4269848676],[-93.4948879565,47.4273262528],[-93.49595589500242,47.42829212297735],[-93.49348,47.42825],[-93.4937683027,47.4269848676]]]},"properties":{}},{"type":"Feature","geometry":{"type":"Polygon","coordinates":[[[-93.6054013203,47.4306613203],[-93.60328,47.43154],[-93.6011386797,47.4306613203],[-93.60026,47.42854],[-93.6011386797,47.4264186797],[-93.60326,47.42554],[-93.6054013203,47.4264186797],[-93.60628,47.42854],[-93.6054013203,47.4306613203]]]},"properties":{"flat_pct":86}},{"type":"Feature","geometry":{"type":"Polygon","coordinates":[[[-93.5081986852,47.4322689712],[-93.50485492353152,47.428439627211475],[-93.51465,47.4286],[-93.51464491179804,47.4322227997898],[-93.5114258211,47.4329499944],[-93.5081986852,47.4322689712]]]},"properties":{"flat_pct":78}},{"type":"Feature","geometry":{"type":"Polygon","coordinates":[[[-93.486239445,47.434751486],[-93.47750136202973,47.4357504612675],[-93.47767651884551,47.42818247884692],[-93.4791489193,47.4298405706],[-93.48822469545432,47.42746498032974],[-93.49348,47.42825],[-93.49344,47.43545],[-93.49634542555968,47.435482953787066],[-93.4946111055,47.4374403711],[-93.4893768447,47.4381653569],[-93.487000403,47.437199207],[-93.486239445,47.434751486]]]},"properties":{"flat_pct":100}},{"type":"Feature","geometry":{"type":"Polygon","coordinates":[[[-93.4546094473,47.4458406948],[-93.4562747725,47.437329487],[-93.45584,47.43469],[-93.45520414641456,47.43469],[-93.4552654247,47.4321332413],[-93.4528942783496,47.43136381532753],[-93.45339,47.42821],[-93.45144304276836,47.4294400859497],[-93.4515727551,47.4276403759],[-93.46151,47.42743],[-93.46138,47.43105],[-93.46681,47.43103],[-93.46665154884276,47.434614957432586],[-93.46125,47.43467],[-93.46099,47.44196],[-93.46371,47.44194],[-93.46368,47.44557],[-93.46449237648373,47.44557],[-93.461016762,47.4468053584],[-93.46030375889126,47.45655025757839],[-93.45403452124377,47.45645802899954],[-93.4549326395,47.4538015734],[-93.4546094473,47.4458406948]]]},"properties":{"flat_pct":86}},{"type":"Feature","geometry":{"type":"Polygon","coordinates":[[[-93.4995345008,47.4510054484],[-93.49314658962832,47.451803455454545],[-93.4932,47.44987],[-93.48785,47.4497],[-93.48781283088645,47.45194253651692],[-93.4796828626,47.4517532403],[-93.4767452241,47.4534864484],[-93.47601801653333,47.45678143459409],[-93.47176090670186,47.4567188070129],[-93.4706075132,47.4533636857],[-93.4733529961,47.4482899121],[-93.4778795142,47.4460260179],[-93.49740692,47.4449412594],[-93.5088202075,47.4462002217],[-93.5103477236,47.4449910507],[-93.5096184253,47.4422385299],[-93.5114834818,47.4401121949],[-93.51196,47.44291],[-93.51977,47.44298],[-93.51979,47.44081],[-93.5215,47.44207],[-93.52447,47.43993],[-93.52357760044465,47.43853934402627],[-93.5254034813,47.437158963],[-93.52569467943079,47.43441276279537],[-93.53209,47.43612],[-93.52939,47.4374],[-93.5274,47.44171],[-93.52492,47.44232],[-93.52337,47.44413],[-93.52124,47.44358],[-93.52106923438402,47.445913727407465],[-93.5202,47.44632],[-93.5211323434417,47.44815194991475],[-93.5195,47.44839],[-93.51976197669863,47.44974150416166],[-93.5186123971,47.4503841015],[-93.5129758152,47.4507813241],[-93.5092763662,47.4522287566],[-93.4995345008,47.4510054484]]]},"properties":{"flat_pct":90}},{"type":"Feature","geometry":{"type":"Polygon","coordinates":[[[-93.4926024415,47.4790274134],[-93.4909270522,47.4774573343],[-93.4908525866,47.4751624415],[-93.4926,47.47515],[-93.4926410688,47.4709863625],[-93.495637557,47.4702542989],[-93.4975282771,47.4719881093],[-93.4980936979,47.4755632758],[-93.4951592519,47.478818508],[-93.4926024415,47.4790274134]]]},"properties":{"flat_pct":100}},{"type":"Feature","geometry":{"type":"Polygon","coordinates":[[[-93.5118011467,47.4701586942],[-93.5140972472,47.4701580289],[-93.5158205686,47.4720583142],[-93.5141749122,47.4780177224],[-93.5076044229,47.479369916],[-93.5050566693,47.4810437309],[-93.5072088673,47.4832905876],[-93.50632148066707,47.486198018477964],[-93.49719,47.48613],[-93.49736821393103,47.483456791034484],[-93.5010798019,47.4831585185],[-93.5023806388,47.4816211706],[-93.5002524869,47.4795684801],[-93.500825854,47.4767988256],[-93.5054308417,47.4736846949],[-93.5097581378,47.4731185815],[-93.5118011467,47.4701586942]]]},"properties":{"flat_pct":94}},{"type":"Feature","geometry":{"type":"Polygon","coordinates":[[[-93.4737261237,47.488199127],[-93.4763199673,47.4831479808],[-93.4708368778,47.4851949246],[-93.4707177041229,47.48658357662411],[-93.47073,47.48596],[-93.46546,47.4859],[-93.46589,47.47851],[-93.46936449352073,47.478545988162644],[-93.4696409509,47.4797783886],[-93.47094200524701,47.47856232773796],[-93.47651,47.47862],[-93.47664165984513,47.476344165534314],[-93.4781481025,47.4776292027],[-93.4805522164,47.4758795822],[-93.4785780162,47.4732177653],[-93.479002553,47.4697381796],[-93.4806381871,47.4685505294],[-93.4826559867,47.4686700987],[-93.4846763728,47.471494213],[-93.48737256352656,47.473145894915],[-93.4883271668,47.4773554354],[-93.4870783958168,47.47874486483967],[-93.4818,47.47867],[-93.48155,47.48237],[-93.48323910656741,47.4823923511266],[-93.4832105121,47.4838830813],[-93.4783552721,47.4914372088],[-93.4747818901,47.4913609391],[-93.4737261237,47.488199127]]]},"properties":{"flat_pct":89}},{"type":"Feature","geometry":{"type":"Polygon","coordinates":[[[-93.449721014,47.4859411242],[-93.45003,47.4783],[-93.45588695383623,47.47837794425257],[-93.45462173634779,47.483835791449934],[-93.45159615123859,47.48633655801795],[-93.449721014,47.4859411242]]]},"properties":{"flat_pct":78}},{"type":"Feature","geometry":{"type":"Polygon","coordinates":[[[-93.4543424732,47.4907838114],[-93.45325513381297,47.49297282684582],[-93.44923,47.49295],[-93.44949420094284,47.488111820234245],[-93.450239648,47.4876770499],[-93.45358867021739,47.48845708756187],[-93.4543424732,47.4907838114]]]},"properties":{"flat_pct":80}},{"type":"Feature","geometry":{"type":"Polygon","coordinates":[[[-93.4671904101,47.4913971625],[-93.46493965918212,47.49195334688426],[-93.46532,47.48944],[-93.4687650415049,47.489485159720104],[-93.4671904101,47.4913971625]]]},"properties":{"flat_pct":80}},{"type":"Feature","geometry":{"type":"Polygon","coordinates":[[[-93.5255833976,47.4880545666],[-93.5266302351,47.4900981441],[-93.5260548915,47.493735821],[-93.5237948092,47.496254639],[-93.520966515,47.4962767272],[-93.5193600915,47.4936434285],[-93.52087,47.49003],[-93.52374,47.49006],[-93.52380705248271,47.487348099588594],[-93.5255833976,47.4880545666]]]},"properties":{"flat_pct":89}},{"type":"Feature","geometry":{"type":"Polygon","coordinates":[[[-93.5390822913,47.4986698781],[-93.5311233875,47.4997469419],[-93.53053991219865,47.50100364518804],[-93.52454395797204,47.5010260599702],[-93.5261962593,47.4949224286],[-93.53241147120087,47.493601304680496],[-93.5330823559,47.4917273635],[-93.5348113826,47.4906803304],[-93.5370653739,47.4911180533],[-93.5405735961,47.4944817618],[-93.5407033926,47.4970438066],[-93.5390822913,47.4986698781]]]},"properties":{"flat_pct":90}},{"type":"Feature","geometry":{"type":"Polygon","coordinates":[[[-93.5637783132,47.5031051725],[-93.5616262028,47.503350213],[-93.5613964054,47.5065335105],[-93.56017379739303,47.508301848356155],[-93.55547,47.50829],[-93.5555031669,47.5021236696],[-93.5588832542,47.497772366],[-93.56216075765509,47.497226280126235],[-93.56354,47.49908],[-93.56215,47.49982],[-93.56354,47.50033],[-93.56206,47.50061],[-93.5624,47.50265],[-93.56379,47.50295],[-93.56569028258693,47.501579490410705],[-93.5637783132,47.5031051725]]]},"properties":{"flat_pct":81}},{"type":"Feature","geometry":{"type":"Polygon","coordinates":[[[-93.6557691819,47.4994805669],[-93.64538496737197,47.49724509821153],[-93.6447478467,47.4975071865],[-93.64702051,47.4994848561],[-93.64697652426814,47.50153248383534],[-93.64061,47.5016],[-93.64084586999138,47.51558512490552],[-93.6376383218,47.5150768106],[-93.63536318900903,47.51785532505188],[-93.63549,47.51588],[-93.63021,47.51593],[-93.6292011725,47.5189948387],[-93.62986,47.52312],[-93.62448513573824,47.52376435265291],[-93.623538122,47.5225548112],[-93.6224079017,47.5258069757],[-93.6242707939,47.5297971574],[-93.62520442813383,47.52674183703137],[-93.631127666476,47.526687778793566],[-93.6313289228,47.5299895019],[-93.63278913841046,47.53026566031082],[-93.62952,47.5303],[-93.62947,47.53388],[-93.6344002322799,47.53381463707205],[-93.6315500812,47.5363707419],[-93.63278940391623,47.53744727498516],[-93.62943,47.53746],[-93.62935,47.5444],[-93.62716040492784,47.54346160211193],[-93.6270039847,47.5425263497],[-93.6240306379238,47.54380939723939],[-93.62406,47.54102],[-93.61892,47.54104],[-93.61879,47.5375],[-93.61467784010058,47.537492426961514],[-93.6141909009,47.5349564848],[-93.6149183026,47.5330705636],[-93.6166770074,47.5320741856],[-93.6188687676,47.53254643],[-93.6154259548,47.5262830722],[-93.6174776923,47.5217818986],[-93.6120093431,47.5209275051],[-93.604465325,47.5218441601],[-93.6067599974,47.5250318109],[-93.6071312118,47.5275952252],[-93.6047999777,47.535812735],[-93.6029275175,47.5375662496],[-93.6006391094,47.5373784563],[-93.5992574365,47.5359030608],[-93.598640676,47.5326971321],[-93.599888451,47.5301325397],[-93.5998563412,47.5298054414],[-93.5985014955,47.5313999296],[-93.5965076855,47.5317323959],[-93.5911386167,47.5279351481],[-93.5870592407,47.5295084611],[-93.5814798769,47.5345195747],[-93.5760323363,47.5370879248],[-93.56543222112192,47.53898214388064],[-93.56541,47.5374],[-93.5617650018,47.5371799472],[-93.561707982,47.5351594124],[-93.56279197222537,47.533670471598036],[-93.5741053065,47.5313508461],[-93.5781952744,47.5294250492],[-93.5810563001,47.5268435198],[-93.5791566507,47.5237027911],[-93.5743892722,47.5220381399],[-93.5716191769,47.5198688063],[-93.57141,47.51555],[-93.57602731844173,47.51558445760031],[-93.5823491122,47.518517206],[-93.5860775896,47.5234562875],[-93.5918276197,47.520851669],[-93.5919266903,47.5187286623],[-93.59342075,47.5167077253],[-93.5900634532,47.514436081],[-93.587507907,47.5103833244],[-93.5834709391,47.5093910357],[-93.5803289869,47.5098426302],[-93.5783966922,47.5086023419],[-93.5779736359,47.5060721355],[-93.5799364515,47.5040356948],[-93.5840476044,47.5032471919],[-93.5903786693,47.5049359985],[-93.593385561,47.5078522238],[-93.5942280783,47.5100680429],[-93.6011632768,47.5148549488],[-93.6048135033,47.5157513825],[-93.6054067321,47.513214301],[-93.6080116072,47.5121123204],[-93.615087585,47.5156301375],[-93.6210358902,47.5149785165],[-93.6240493617,47.5159192871],[-93.6257716498,47.5132924575],[-93.6283872476,47.5123187543],[-93.6283395104,47.5100542406],[-93.6298999857,47.5077188012],[-93.6344436221,47.5073992099],[-93.6359273153,47.5025300974],[-93.63430499010431,47.50165884867409],[-93.63524,47.50165],[-93.63540626013098,47.495894232608556],[-93.6394380024,47.4976049807],[-93.64162064537808,47.497532893392595],[-93.6398048496,47.4966780481],[-93.6388206976,47.4949124726],[-93.6402557566,47.4885361603],[-93.6422478769,47.4873944359],[-93.6458978708,47.4875875422],[-93.64629113449446,47.48504428431367],[-93.64783,47.48581],[-93.64857,47.48399],[-93.64742,47.48207],[-93.645,47.48159],[-93.64397,47.47836],[-93.6419183406602,47.47926135661372],[-93.6413041847,47.4786042074],[-93.641267303,47.4752709901],[-93.6428774358,47.4740489901],[-93.6487250409,47.4728036552],[-93.649637868,47.4709006063],[-93.6517787744,47.4700707884],[-93.6542419623,47.4714609112],[-93.6549240873,47.4748334525],[-93.6537078698,47.4768710273],[-93.6496682608,47.4787365799],[-93.6508888579,47.4812327734],[-93.6493188515,47.4837841662],[-93.6519083281,47.4853472624],[-93.6527224573,47.487197399],[-93.6500559032,47.4913716942],[-93.6522621998,47.4927248392],[-93.6595095826,47.494160843],[-93.66112481,47.4967301503],[-93.6643014692,47.4985019502],[-93.66595363311166,47.50133123405577],[-93.6570933471673,47.501425196239786],[-93.6557691819,47.4994805669]],[[-93.5966226938,47.5246247429],[-93.6000340929,47.5286453497],[-93.6008336708,47.5270888891],[-93.5977911983,47.5228861319],[-93.5966226938,47.5246247429]]]},"properties":{"flat_pct":81}},{"type":"Feature","geometry":{"type":"Polygon","coordinates":[[[-93.5553397943,47.5136260392],[-93.55538,47.51182],[-93.56068,47.51187],[-93.5606,47.51547],[-93.55708411061953,47.51545068192648],[-93.5553397943,47.5136260392]]]},"properties":{"flat_pct":73}},{"type":"Feature","geometry":{"type":"Polygon","coordinates":[[[-93.4809313483,47.5138700837],[-93.4788316049,47.5147991453],[-93.47623195094343,47.51388511142189],[-93.47529619921673,47.516123955324574],[-93.4763449627997,47.51839166761715],[-93.47042,47.51829],[-93.47037,47.52557],[-93.4760073992,47.5257151084],[-93.4736677334,47.529616234],[-93.4736910619,47.5313844016],[-93.4747168513471,47.53224941898557],[-93.47037,47.53278],[-93.47038,47.53993],[-93.46016405096427,47.539802539625256],[-93.4637322485,47.536635882],[-93.4636162196,47.5340170527],[-93.4608776289,47.5355597008],[-93.4580955703,47.5335610181],[-93.4561120851,47.5337814291],[-93.4553599266,47.5344218736],[-93.4572771222,47.5377511063],[-93.45738309853995,47.53976784277654],[-93.45435,47.53973],[-93.4542953835297,47.54193286430247],[-93.45319638736346,47.54335005969499],[-93.4490901086,47.5430588863],[-93.44907,47.52535],[-93.45438,47.52543],[-93.45438,47.52905],[-93.4597,47.5291],[-93.45970262874121,47.52720993507147],[-93.4613148846,47.5274430799],[-93.46197014388491,47.52556863549193],[-93.4605650988,47.5239399174],[-93.46056852648216,47.521911607727496],[-93.46505,47.52192],[-93.46511321947787,47.519363123339424],[-93.4662634921,47.5177271766],[-93.4634019963,47.5146811969],[-93.4639516533,47.5109794084],[-93.459195261,47.5093620221],[-93.458044965,47.5096041897],[-93.4581496543,47.5130082943],[-93.4564853836984,47.51477552515034],[-93.45443,47.51474],[-93.45441989274039,47.51655172628624],[-93.4523334709,47.516305552],[-93.4507663814,47.5142064056],[-93.44912602289652,47.51409211835411],[-93.4490366031146,47.5080972671412],[-93.4501942598,47.5081519997],[-93.452739884,47.5023920886],[-93.45903,47.50375],[-93.46282110132266,47.50358867653946],[-93.4628939283,47.5044239419],[-93.4673080503,47.5057093742],[-93.4703513077,47.5099345329],[-93.4706129482186,47.51177010940155],[-93.4742967283,47.5075503308],[-93.4693174143,47.5066046165],[-93.4675691147,47.5051161521],[-93.4673087,47.5031116582],[-93.46900833738177,47.50101845490822],[-93.469280963,47.4986144514],[-93.4718077867,47.4968884434],[-93.475117944,47.4970971238],[-93.4758697796,47.4953834814],[-93.4776489382,47.4944241033],[-93.4831637892,47.4966788189],[-93.4824798476,47.4928053892],[-93.4842537948,47.4905901918],[-93.49180156266847,47.490911604334606],[-93.49176,47.49344],[-93.49706,47.4935],[-93.49699,47.49713],[-93.5023,47.49716],[-93.50221,47.50091],[-93.5040801815,47.5011774291],[-93.5024266249,47.5031387225],[-93.4978725278,47.503816588],[-93.496448076,47.509979171],[-93.49666,47.51825],[-93.49136,47.51857],[-93.4914,47.51505],[-93.48665782910803,47.514960693580186],[-93.4913531962,47.514266797],[-93.4901772872,47.5110489741],[-93.491169432992,47.50617396252108],[-93.4874843105,47.5093886348],[-93.48117758411676,47.51002760622152],[-93.4817517221,47.5120227076],[-93.4809313483,47.5138700837]],[[-93.4926610646,47.4997207406],[-93.4878740862,47.5008572757],[-93.4861628735,47.5024884926],[-93.4896547818,47.5022704363],[-93.49140216971752,47.5051670773552],[-93.4926610646,47.4997207406]],[[-93.47046,47.50385],[-93.48103,47.504],[-93.48106,47.50046],[-93.47047,47.50024],[-93.47046,47.50385]],[[-93.4677734663,47.5283824987],[-93.4671366623,47.5298275061],[-93.4652874062,47.5320383677],[-93.4676724979,47.5298552964],[-93.4677734663,47.5283824987]]]},"properties":{"flat_pct":94}},{"type":"Feature","geometry":{"type":"Polygon","coordinates":[[[-93.5474673376,47.527534657],[-93.5465985661,47.529934071],[-93.54417,47.52993],[-93.54416596011662,47.531380318134396],[-93.5425683931,47.5322349712],[-93.54462325981082,47.53475439046301],[-93.54429,47.53557],[-93.5468837094,47.5359778667],[-93.548363879,47.5376948287],[-93.5482809222,47.5422826386],[-93.54712745311653,47.54419109709337],[-93.5432737005,47.5439937772],[-93.54244,47.54007],[-93.5405040186,47.5392966459],[-93.53825,47.53626],[-93.5348213112,47.5378820978],[-93.5346211494,47.5412192307],[-93.53249224364963,47.54406530680613],[-93.52490092509007,47.54399135338617],[-93.525667375,47.5417550712],[-93.52831,47.54051],[-93.52827,47.53337],[-93.53352,47.53342],[-93.53352822209328,47.531816691809915],[-93.5356728573,47.531478893],[-93.53675,47.52991],[-93.53366,47.5274],[-93.53361,47.52586],[-93.53497,47.5265],[-93.53708,47.52587],[-93.53653666713157,47.52507068298018],[-93.5402337454,47.5253924657],[-93.54180638681112,47.522605297313326],[-93.54428,47.52261],[-93.54434,47.51903],[-93.53906,47.51904],[-93.5391,47.51543],[-93.53653,47.51543],[-93.53976,47.51331],[-93.54161,47.51336],[-93.54032693971142,47.51165366209044],[-93.5424616989,47.5060184393],[-93.541670122,47.5015329494],[-93.5422346214,47.4992849947],[-93.54085004402047,47.493783508938314],[-93.54498,47.49383],[-93.54498710087888,47.49120977568946],[-93.5465038774,47.4926002329],[-93.54800018323272,47.49744573619478],[-93.54496,47.49744],[-93.54494,47.50105],[-93.54837420693977,47.50105],[-93.54814833597112,47.503801642940175],[-93.55008600316393,47.50659548483304],[-93.55004,47.50827],[-93.55277,47.5089],[-93.55202,47.50951],[-93.55279,47.51182],[-93.54453,47.51185],[-93.544790831,47.5158262963],[-93.547042196,47.5164124453],[-93.55107,47.51545],[-93.55033,47.51675],[-93.55219,47.51797],[-93.54968,47.51856],[-93.55064,47.51939],[-93.54907,47.52066],[-93.54922747698608,47.52251659077123],[-93.5484217513,47.522516894],[-93.546864724,47.5259945236],[-93.5474673376,47.527534657]]]},"properties":{"flat_pct":72}},{"type":"Feature","geometry":{"type":"Polygon","coordinates":[[[-93.50718,47.51911],[-93.50608,47.52038],[-93.50609,47.51972],[-93.50191,47.51977],[-93.50196,47.51564],[-93.50717,47.51515],[-93.50718,47.51911]]]},"properties":{"flat_pct":94}},{"type":"Feature","geometry":{"type":"Polygon","coordinates":[[[-93.48088,47.52209],[-93.48090297687787,47.519317456736985],[-93.48609,47.515052252774105],[-93.48609,47.52217],[-93.48088,47.52209]]]},"properties":{"flat_pct":94}},{"type":"Feature","geometry":{"type":"Polygon","coordinates":[[[-93.63696373255166,47.52118002660465],[-93.6394004075,47.5179772391],[-93.6419656456,47.5179990206],[-93.6435761781,47.5199957945],[-93.64326119173175,47.52302604637752],[-93.64025,47.52304],[-93.64019,47.52551],[-93.63696373255166,47.52118002660465]]]},"properties":{"flat_pct":68}},{"type":"Feature","geometry":{"type":"Polygon","coordinates":[[[-93.4808382478146,47.52723551880306],[-93.4786141616,47.5266249272],[-93.47784378925382,47.525726892522506],[-93.48085,47.52579],[-93.4808382478146,47.52723551880306]]]},"properties":{}},{"type":"Feature","geometry":{"type":"Polygon","coordinates":[[[-93.5122069623,47.5240728251],[-93.50906661939365,47.523120860512115],[-93.508590908,47.5240274047],[-93.51157716205202,47.529683461888034],[-93.50711,47.52965],[-93.50707,47.53683],[-93.50957375890273,47.53684739819832],[-93.50852,47.5386346291],[-93.50851651723433,47.543880893416855],[-93.50252036890213,47.54381750918501],[-93.50180735759378,47.54310645934188],[-93.50177778764312,47.535233459981484],[-93.5038038729,47.5345004918],[-93.5027979147,47.5327436361],[-93.5001163203,47.5313412494],[-93.4941151593,47.5302263347],[-93.4931877494,47.5278345087],[-93.4944483134,47.5256002528],[-93.4963954913,47.5250577494],[-93.49653,47.52591],[-93.50183,47.52599],[-93.50189360389219,47.522360207441615],[-93.5178,47.5225],[-93.51782,47.52031],[-93.52319538190812,47.517807723697054],[-93.52311,47.52253],[-93.52842,47.52256],[-93.52848,47.51899],[-93.53906,47.51904],[-93.53904314186433,47.52054037407491],[-93.5363914946,47.5211080371],[-93.5327773734,47.5203107784],[-93.5298365194,47.5224622722],[-93.5181219595,47.5258740642],[-93.51763863211934,47.526970690073504],[-93.51623,47.52642],[-93.5170633469296,47.527582809669205],[-93.5157316211,47.5281907027],[-93.5128430309,47.5271086188],[-93.5122069623,47.5240728251]]]},"properties":{"flat_pct":82}},{"type":"Feature","geometry":{"type":"Polygon","coordinates":[[[-93.52827,47.53337],[-93.52562648191464,47.53334811657214],[-93.52828902908014,47.53168592640778],[-93.52827,47.53337]]]},"properties":{}},{"type":"Feature","geometry":{"type":"Polygon","coordinates":[[[-93.4862308304,47.5399700869],[-93.4835791976,47.5382614054],[-93.48269854947564,47.53650556789077],[-93.48605,47.53655],[-93.48602080239368,47.53310468245438],[-93.49122980925233,47.534630170233775],[-93.49115084660589,47.54061441079656],[-93.4862308304,47.5399700869]]]},"properties":{"flat_pct":100}},{"type":"Feature","geometry":{"type":"Polygon","coordinates":[[[-93.6389518627224,47.53742802860943],[-93.6419863492,47.5404751757],[-93.6411465382,47.5431760002],[-93.6375791672,47.5440299277],[-93.63477200954758,47.542912342573686],[-93.63471,47.53744],[-93.6389518627224,47.53742802860943]]]},"properties":{"flat_pct":58}},{"type":"Feature","geometry":{"type":"Polygon","coordinates":[[[-93.585052718,47.5389663661],[-93.58624473860867,47.54462462199651],[-93.57791378482995,47.544532292585494],[-93.5820241855,47.5383808326],[-93.585052718,47.5389663661]]]},"properties":{"flat_pct":92}},{"type":"Feature","geometry":{"type":"Polygon","coordinates":[[[-93.4841401194,47.541580521],[-93.48493669657799,47.54363085508433],[-93.47551,47.54351],[-93.47552,47.53998],[-93.4812924762,47.5397652899],[-93.4841401194,47.541580521]]]},"properties":{"flat_pct":76}},{"type":"Feature","geometry":{"type":"Polygon","coordinates":[[[-93.6101613268,47.5522422264],[-93.6088192924,47.5505345624],[-93.6089520364836,47.54810963446536],[-93.61121,47.54809],[-93.61688792551836,47.550279755474854],[-93.61539182298905,47.552895412977556],[-93.61401,47.55277],[-93.61425,47.55097],[-93.61284,47.55212],[-93.6101613268,47.5522422264]]]},"properties":{"flat_pct":82}},{"type":"Feature","geometry":{"type":"Polygon","coordinates":[[[-93.5793408169,47.5632636801],[-93.58095465588241,47.56628777676611],[-93.57631,47.56631],[-93.5762500543022,47.56193396406094],[-93.5793408169,47.5632636801]]]},"properties":{"flat_pct":64}},{"type":"Feature","geometry":{"type":"Polygon","coordinates":[[[-92.7797310406,47.5628163213],[-92.786919812,47.5579700548],[-92.7892023261,47.5582194686],[-92.7906399452,47.560009812],[-92.7900586026,47.5627778035],[-92.7849679734,47.5666541638],[-92.783710318,47.5705219208],[-92.78168638742204,47.57247],[-92.77863,47.57247],[-92.7784287431,47.5755486025],[-92.7762140394,47.5742539951],[-92.7755400933,47.5708541179],[-92.7766201182,47.5680705271],[-92.7789435893,47.5664748353],[-92.7797310406,47.5628163213]]]},"properties":{"flat_pct":97}},{"type":"Feature","geometry":{"type":"Polygon","coordinates":[[[-92.7479520953,47.5698558871],[-92.7492837836,47.5720484945],[-92.7486301212,47.574249586],[-92.7460524674,47.576158883],[-92.743560414,47.5755501212],[-92.7424662164,47.5735315055],[-92.7431198788,47.571330414],[-92.7454123727,47.5694943207],[-92.7479520953,47.5698558871]]]},"properties":{"flat_pct":96}},{"type":"Feature","geometry":{"type":"Polygon","coordinates":[[[-92.7373599176,47.5759218435],[-92.7343602975,47.5752027201],[-92.73353933337313,47.57239],[-92.73964943983157,47.57239],[-92.73897118,47.5747013333],[-92.7373599176,47.5759218435]]]},"properties":{"flat_pct":100}},{"type":"Feature","geometry":{"type":"Polygon","coordinates":[[[-92.8301895242,47.5997532833],[-92.8117632463,47.6045875771],[-92.8110563134,47.6093919612],[-92.8094539458,47.6110364964],[-92.8071580388,47.6110663134],[-92.8055135036,47.6094639458],[-92.8048685385,47.6042215222],[-92.80613225000084,47.60155335614525],[-92.8097,47.60156],[-92.80957075207738,47.59891915055387],[-92.819488912,47.595130445],[-92.8276177857,47.594189393],[-92.8283609133,47.5916003371],[-92.8299050213,47.590188917],[-92.8366314919,47.5894960098],[-92.83559996322474,47.587879836258644],[-92.83693,47.58801],[-92.83702,47.58435],[-92.83495693098041,47.584157051098884],[-92.8366674283,47.5726317453],[-92.8329498056,47.5718593216],[-92.8318212389281,47.56908106095162],[-92.83796,47.56967],[-92.83813542512866,47.56674116306932],[-92.8427333291,47.5680523699],[-92.84359898414088,47.56871854176885],[-92.84353,47.57412],[-92.8424976915,47.5752499904],[-92.8410314124,47.5852374656],[-92.84255507623139,47.587624704366036],[-92.84309450056917,47.59292478682051],[-92.8379861723,47.5953778538],[-92.8339876187,47.5957449113],[-92.8301895242,47.5997532833]]]},"properties":{"flat_pct":96}},{"type":"Feature","geometry":{"type":"Polygon","coordinates":[[[-92.7728326418,47.6026541267],[-92.7745280655,47.6000772298],[-92.7799971426,47.5991894182],[-92.7816428759,47.5974298304],[-92.78121813026792,47.593910617884774],[-92.78395,47.59389],[-92.78390752263886,47.592373558207186],[-92.7872413162,47.5923480071],[-92.7941984176,47.5949136816],[-92.7991073516,47.5945506777],[-92.8012287377,47.5967900034],[-92.8009762983,47.5987955174],[-92.7995088754,47.6001856548],[-92.7939029019,47.6009791141],[-92.7888043152,47.5999867834],[-92.7873143541,47.6017616551],[-92.7801088783,47.6059031323],[-92.7745666689,47.6055010282],[-92.7728326418,47.6026541267]]]},"properties":{"flat_pct":99}},{"type":"Feature","geometry":{"type":"Polygon","coordinates":[[[-92.8396013031,47.6009473067],[-92.8418134504,47.6003320974],[-92.8438126933,47.6014613031],[-92.84441,47.60347],[-92.8436726399,47.6057688384],[-92.835400573,47.6109938152],[-92.832325028,47.6107574216],[-92.83144520441262,47.60977328957129],[-92.8316125784,47.606575028],[-92.8396013031,47.6009473067]]]},"properties":{"flat_pct":91}},{"type":"Feature","geometry":{"type":"Polygon","coordinates":[[[-93.5599685822,47.6080125077],[-93.56241909230206,47.60555159782428],[-93.56531,47.60561],[-93.56541,47.60921],[-93.55521,47.60891],[-93.5553525848929,47.606414764374286],[-93.5599685822,47.6080125077]]]},"properties":{"flat_pct":71}},{"type":"Feature","geometry":{"type":"Polygon","coordinates":[[[-92.8777587932,47.6135500718],[-92.8715812727,47.6148278466],[-92.8695610414,47.6163339876],[-92.86598302503916,47.61638240432036],[-92.86603,47.61066],[-92.87756,47.60983],[-92.87761240570087,47.60654590941161],[-92.8834661207,47.6061297429],[-92.8867438872,47.6046295811],[-92.88645932329953,47.601385860705314],[-92.8926524487,47.6016988273],[-92.892948432,47.6059738491],[-92.8911458298,47.6088868541],[-92.8874770658,47.6111949675],[-92.8796623559,47.6123081374],[-92.8777587932,47.6135500718]]]},"properties":{"flat_pct":93}},{"type":"Feature","geometry":{"type":"Polygon","coordinates":[[[-92.8992046015,47.606075611],[-92.90209731697652,47.6061173196183],[-92.90206,47.6071],[-92.90359,47.60738],[-92.90647025104147,47.60618139238062],[-92.9092047982,47.6063016564],[-92.90841618581636,47.605175406800285],[-92.91104,47.60317],[-92.91183,47.60135],[-92.9149665641,47.6037826493],[-92.9201640995,47.604511067],[-92.92286736628017,47.601597919278525],[-92.93026830474061,47.60176415778842],[-92.92401084698217,47.6091864905521],[-92.92238,47.60915],[-92.92219318787564,47.61238524633579],[-92.9186986633,47.6149843435],[-92.9138479272,47.6159651594],[-92.9136412138,47.6197196101],[-92.9104625153469,47.62126881874593],[-92.91097,47.61657],[-92.90592163810692,47.61665231024826],[-92.9077119679,47.615775869],[-92.9088872868,47.6123172129],[-92.9040218474,47.6125851474],[-92.8987189553,47.6113448056],[-92.8973826615,47.6085646658],[-92.8992046015,47.606075611]]]},"properties":{"flat_pct":94}},{"type":"Feature","geometry":{"type":"Polygon","coordinates":[[[-92.7693779937,47.6152840604],[-92.7705820854,47.6133290051],[-92.7731333205,47.6125556063],[-92.7751969832,47.6135622711],[-92.7759473953238,47.6154843890063],[-92.77363,47.61548],[-92.77372888063339,47.61845465905408],[-92.7721566795,47.6187543937],[-92.7699090051,47.6175179146],[-92.7693779937,47.6152840604]]]},"properties":{"flat_pct":94}},{"type":"Feature","geometry":{"type":"Polygon","coordinates":[[[-92.938014825,47.6169191301],[-92.9403487933,47.6143734023],[-92.94447,47.6131],[-92.94356,47.62455],[-92.930972517,47.6240273691],[-92.9138883955,47.6266121158],[-92.90965986785092,47.628700560922546],[-92.91042333527777,47.62163158842218],[-92.9119863217,47.6208800562],[-92.938014825,47.6169191301]]]},"properties":{"flat_pct":94}},{"type":"Feature","geometry":{"type":"Polygon","coordinates":[[[-93.6371121931,47.5824996523],[-93.6351595831,47.580453424],[-93.6355952838,47.5779253643],[-93.6434527389,47.5725867299],[-93.6416092788,47.5700845221],[-93.6416884041,47.5672282729],[-93.6393940299,47.5663577604],[-93.6384581629,47.566539575],[-93.6387693973,47.5689755337],[-93.6373098745,47.5707480661],[-93.6317346084,47.5703241594],[-93.626804438,47.5733015625],[-93.6259401574,47.5757205842],[-93.6285582832,47.5779409008],[-93.6289455712,47.5802041034],[-93.6276190992,47.5820782832],[-93.625012585,47.582670902],[-93.6304588408,47.5843704287],[-93.6357104726,47.58371204],[-93.639741508679,47.58542722300549],[-93.6392780043,47.6002370838],[-93.64001509475686,47.60033766424862],[-93.64011,47.60551],[-93.63474683237838,47.60522620309584],[-93.63471,47.60181],[-93.63180867985838,47.601837370944736],[-93.6335863022,47.5983102656],[-93.6334702049,47.5937126273],[-93.6354289608,47.5917886289],[-93.6351502555,47.5898788324],[-93.6273849895,47.5898462652],[-93.6281168107,47.5916717052],[-93.6275242993,47.5936042532],[-93.625654652,47.5957277594],[-93.623100938,47.5959716152],[-93.6215422406,47.594684652],[-93.6211537922,47.5927009888],[-93.6241654682,47.58896805],[-93.6221183257,47.5883353535],[-93.6200713128,47.590236472],[-93.61333636328786,47.59041035391294],[-93.61331,47.58771],[-93.61153402808246,47.58771],[-93.6120885346,47.5859166565],[-93.6137486872,47.584763528],[-93.6178811621,47.5844279403],[-93.617205764,47.5833091187],[-93.6141609756,47.5836230236],[-93.6126092776,47.5819470094],[-93.6103288181,47.5831561045],[-93.6107883013,47.5854109408],[-93.6100706943,47.587258957],[-93.60801,47.58771],[-93.6071832282,47.5974136246],[-93.6078616964,47.5999711208],[-93.6061545523,47.6022782689],[-93.6060348377,47.6053107294],[-93.6038082654,47.6070548944],[-93.6006413765,47.6060326433],[-93.5981320392,47.6110260609],[-93.6039726979,47.6129888127],[-93.60328,47.61553],[-93.60479,47.61681],[-93.5982,47.61546],[-93.60125,47.61788],[-93.60145857502147,47.619332300149544],[-93.6005462585,47.6182384973],[-93.6001849235104,47.61895895410624],[-93.59852,47.61796],[-93.59669,47.61889],[-93.59869,47.62115],[-93.60164477344124,47.62061770020232],[-93.60519374733742,47.62258556711417],[-93.60532529663999,47.623902707269394],[-93.60306,47.62393],[-93.60312815178757,47.62642776301437],[-93.6022974027,47.6266659111],[-93.60326,47.63126],[-93.61401,47.63136],[-93.6138875374827,47.628283129252694],[-93.61921,47.62731],[-93.6193132896,47.6210789821],[-93.6209957975,47.6199587235],[-93.6230070781,47.6201601236],[-93.6246882421,47.6224346397],[-93.624243623,47.626269595],[-93.6254326279,47.6282879452],[-93.625130067,47.6312375565],[-93.62663062378208,47.631325992202726],[-93.62471,47.63135],[-93.62478,47.63499],[-93.63011,47.63494],[-93.63008,47.63404],[-93.6337783609,47.632693722],[-93.6367703797,47.6272907826],[-93.640434088,47.6253370507],[-93.6389637339885,47.62081481970517],[-93.6427,47.6178],[-93.64262,47.6164],[-93.64571,47.61651],[-93.64579,47.62005],[-93.64842272192422,47.620113439082516],[-93.6464415116,47.6220300232],[-93.6475098782,47.6272070346],[-93.64596,47.6273],[-93.64606,47.63136],[-93.65083768673864,47.63139043112572],[-93.6542125124,47.6400427461],[-93.6604955376,47.6394543896],[-93.6631188924,47.6428471312],[-93.6627539009,47.6451140363],[-93.6608928688,47.6464588924],[-93.6516970073,47.645734485],[-93.647479136,47.6411408158],[-93.6468542486,47.6374126459],[-93.6454166889,47.6392526051],[-93.6431355728,47.6395144965],[-93.6393610537,47.6351510444],[-93.638613208,47.6362545729],[-93.6395345395,47.6389098975],[-93.6387213342,47.6405367189],[-93.6400092493,47.6430671072],[-93.6388608291,47.6453610235],[-93.6353339565,47.6459261694],[-93.6310726687,47.6425788983],[-93.6275973486,47.6444294962],[-93.6252248145,47.644588017],[-93.6200633795,47.6502469077],[-93.617084834,47.6520304142],[-93.6229338192,47.6546937914],[-93.6254928205,47.6528517831],[-93.6285496055,47.6522304678],[-93.6370006914,47.654189622],[-93.6403355542,47.6583259486],[-93.6376725767,47.6635625848],[-93.6384395895,47.6640611784],[-93.6403323594,47.6613459599],[-93.6428930684,47.6614998758],[-93.6443985865,47.6635769738],[-93.6440767817,47.667700455],[-93.6469818904,47.6682818654],[-93.65138187542141,47.671111740269495],[-93.65112,47.67448],[-93.6433895876,47.6736645004],[-93.64093,47.67421],[-93.6407684846,47.6754476593],[-93.6370946917,47.6753693515],[-93.631525629,47.6720390233],[-93.6298380265,47.6777440764],[-93.6368777506,47.6822097767],[-93.63795309071274,47.685240166795445],[-93.63019320512488,47.685269311905635],[-93.63009,47.68162],[-93.62527633940375,47.68164699248932],[-93.62482,47.67804],[-93.62351988540034,47.67805215060374],[-93.6273509517,47.6673994763],[-93.6209139342,47.6605706156],[-93.6169329022,47.6625528339],[-93.6166158333,47.6650270516],[-93.6143897346,47.6670765821],[-93.6053073875,47.6697437113],[-93.6053096711,47.6713442332],[-93.6168171461,47.6701903705],[-93.6195593383,47.6720856488],[-93.6194639803264,47.6745018576236],[-93.61422,47.67463],[-93.61415,47.67823],[-93.61696999220783,47.67815578967874],[-93.616843778,47.6800528717],[-93.6106074062,47.6839754092],[-93.61395085179979,47.68938431412002],[-93.61397,47.69645],[-93.61825691779572,47.69636185776495],[-93.61922,47.70003],[-93.62331941391176,47.69996025571795],[-93.6241073814,47.7010517254],[-93.6234005449,47.7053374907],[-93.6206169724,47.7066666194],[-93.61919336506233,47.706144377505915],[-93.61912,47.70373],[-93.61388,47.70388],[-93.61392,47.70014],[-93.60863,47.70025],[-93.60862,47.69656],[-93.60145255299872,47.69671449979478],[-93.59793893222586,47.694775665106455],[-93.59791,47.68951],[-93.59209725071383,47.6892548061289],[-93.5936702629,47.6874313881],[-93.5965027003,47.6872587126],[-93.6086652844,47.6938416695],[-93.6086392908,47.6923808285],[-93.6046241847,47.685509803],[-93.6022223212,47.6842670478],[-93.5999597643,47.6849503657],[-93.59799637333126,47.68399057081755],[-93.5968500782,47.6793816546],[-93.59694509880933,47.67862465849327],[-93.59807,47.67867],[-93.59812,47.67506],[-93.59587073836936,47.67496968547946],[-93.5926685471,47.6713167168],[-93.5866899016,47.6683486583],[-93.583853099,47.6684426367],[-93.5817881256,47.667375374],[-93.57709773893161,47.669006250126735],[-93.57700201946248,47.662996981855194],[-93.5784175642,47.6623880741],[-93.5769949668063,47.662554216099586],[-93.57691,47.65722],[-93.57852,47.65692],[-93.5776,47.65615],[-93.57805,47.655],[-93.57691,47.65471],[-93.57684082334978,47.65145869743988],[-93.5824819296,47.6492750649],[-93.58383277820006,47.645329767192045],[-93.59833,47.64537],[-93.59791,47.63121],[-93.59561352328521,47.63118166549946],[-93.5953247532,47.6283428584],[-93.593659761,47.6262841734],[-93.58887893801756,47.63109857251241],[-93.58460844751774,47.6310458821391],[-93.5829440886,47.6276539449],[-93.5807642513,47.6273448635],[-93.57852840551138,47.63097086506951],[-93.56468,47.6308],[-93.564,47.62982],[-93.56573813646119,47.6270825790541],[-93.57031,47.62721],[-93.57023366981183,47.62453844341395],[-93.5741431198,47.6251982983],[-93.5773374389,47.6220292166],[-93.5813917401,47.6213738218],[-93.5810790183,47.6189933733],[-93.5827790458,47.6170722206],[-93.5850749837,47.6170448947],[-93.5891150101,47.6196065655],[-93.5904300933,47.6175344446],[-93.5933751212,47.6169023004],[-93.5902962528,47.6146497198],[-93.583643489,47.6139979878],[-93.580406105,47.6179681061],[-93.57620473998605,47.61935722065551],[-93.57848,47.6178],[-93.58021,47.61778],[-93.58042,47.61678],[-93.57344616093056,47.61650463706406],[-93.5735334704,47.6156389747],[-93.5662396912,47.6162139987],[-93.56521,47.615],[-93.56541,47.61281],[-93.57294,47.61206],[-93.57077,47.61223],[-93.57065,47.61149],[-93.57631,47.60925],[-93.57689,47.60813],[-93.576,47.60628],[-93.57861,47.60221],[-93.57734912322104,47.601986480934634],[-93.5778332829,47.601223329],[-93.5849251194,47.5971871759],[-93.5837479721,47.595038718],[-93.584381588,47.5927552934],[-93.58164853958587,47.59183002644803],[-93.58161,47.58791],[-93.58771129178064,47.58791],[-93.5868476297,47.591634798],[-93.5901612129,47.5925501963],[-93.5925345086,47.5950514714],[-93.5913473129,47.599373486],[-93.5946317959,47.5993554394],[-93.5946269614,47.5961334506],[-93.5963350351,47.5924893665],[-93.59557143932851,47.584226716929535],[-93.59731,47.58421],[-93.59731,47.58061],[-93.59624766135359,47.580630429589355],[-93.598512937,47.5798715449],[-93.6007269125,47.5811673972],[-93.6020630392,47.5843181749],[-93.6020595333,47.5896582169],[-93.6026906715,47.586859503],[-93.6044920484,47.5845514504],[-93.6019742574,47.5814060965],[-93.6022188265,47.5784678023],[-93.603321757,47.5770115776],[-93.6022,47.57389],[-93.60939,47.573],[-93.60823,47.5747],[-93.60897,47.57573],[-93.61083662302178,47.57581628221333],[-93.612635889,47.5784126018],[-93.6164117985,47.5760381232],[-93.6156156914,47.5701835652],[-93.61759,47.56798],[-93.62075,47.56746],[-93.62479,47.56895],[-93.62536,47.57014],[-93.62528398553387,47.56731094852797],[-93.6272659717,47.5645971188],[-93.6269686122,47.5623471441],[-93.6281111476,47.5606796835],[-93.6316277791,47.5600420997],[-93.6350407345,47.5610913141],[-93.6373839921,47.5606360799],[-93.6360096311,47.5597490481],[-93.6299358736,47.5597373394],[-93.6239411253,47.5581163708],[-93.6189704579,47.5615269129],[-93.6136543158,47.5619925433],[-93.6117768124321,47.56376930793513],[-93.60941,47.56342],[-93.60855,47.564],[-93.6092341433,47.5662919592],[-93.6043656687,47.5666156561],[-93.6024140531,47.5649506885],[-93.6021834238,47.5623274452],[-93.6035344504,47.5604708879],[-93.6078790875,47.5588103956],[-93.6065094016,47.5565273209],[-93.6076411874,47.5539352567],[-93.613275188,47.5534137535],[-93.6160168583,47.5559049262],[-93.61707681639794,47.55498305446541],[-93.61861,47.55592],[-93.62021,47.55429],[-93.61980449547353,47.553295903054526],[-93.6237448869,47.5519601051],[-93.62931,47.553361987175606],[-93.62931,47.55502],[-93.63468,47.55496],[-93.63472624405475,47.553588093042485],[-93.63699,47.5546],[-93.64541,47.55501],[-93.64541,47.552677614705],[-93.6463874022,47.5537725813],[-93.6494019557,47.5540765955],[-93.6471869101,47.5517515687],[-93.6484664289,47.5486734962],[-93.6534131761579,47.54741356024798],[-93.65311,47.54829],[-93.65445,47.5496],[-93.65565,47.54832],[-93.65644,47.54924],[-93.65606,47.55084],[-93.65071,47.55171],[-93.65071,47.55511],[-93.65488,47.55517],[-93.65494,47.55671],[-93.65401,47.55861],[-93.65071,47.55851],[-93.65054931231326,47.567106791240484],[-93.6478154102,47.5684537004],[-93.6499588621,47.5718417303],[-93.6484706375,47.5760180297],[-93.6454803756,47.5789977992],[-93.6391328657,47.5824477494],[-93.6371121931,47.5824996523]],[[-93.6399245376,47.5602620813],[-93.6404490356,47.5603561753],[-93.6405342753,47.5598054543],[-93.6399245376,47.5602620813]],[[-93.6007616074,47.5995729009],[-93.6014795911,47.59940291],[-93.6012075527,47.5962515956],[-93.6006459687,47.5968294922],[-93.6007616074,47.5995729009]],[[-93.5871033385,47.6077634595],[-93.5839264502,47.6078433407],[-93.5923618538,47.6088801927],[-93.5946073939,47.605355664],[-93.5897540065,47.605382331],[-93.5871033385,47.6077634595]],[[-93.5831030514,47.6075706211],[-93.5824010623,47.6076368864],[-93.5834263713,47.607707563],[-93.5831030514,47.6075706211]],[[-93.6103127979,47.6416390129],[-93.6087669192,47.6495865407],[-93.60947,47.65304],[-93.61479,47.65307],[-93.6146,47.64949],[-93.61986,47.64952],[-93.61958,47.6438],[-93.62027,47.6436],[-93.61955023312188,47.64171760070254],[-93.6226967467,47.6390154885],[-93.6247922051,47.6385928289],[-93.6228038682,47.6334497289],[-93.6050655452,47.6341798839],[-93.6016983359,47.6353556952],[-93.6087687451,47.6375461785],[-93.6103127979,47.6416390129]],[[-93.6019840072,47.6452514337],[-93.6023497802,47.6451218301],[-93.6021628715,47.6448890552],[-93.6019840072,47.6452514337]],[[-93.6134457146,47.6550078654],[-93.61530515,47.6567523194],[-93.6150264464,47.654195453],[-93.6134457146,47.6550078654]],[[-93.6276612806,47.6586163886],[-93.630064396,47.6613777575],[-93.6331576641,47.6593303416],[-93.6287340077,47.6582867787],[-93.6276612806,47.6586163886]],[[-93.6103409393,47.6615073818],[-93.607379742,47.6632680948],[-93.6109910118,47.6619760387],[-93.6103409393,47.6615073818]],[[-93.5882348171,47.652113846],[-93.5863395022,47.654436584],[-93.5822292459,47.6556962304],[-93.5852317284,47.6583243521],[-93.5877337164,47.6579400733],[-93.5911727081,47.6596630919],[-93.5960741544,47.6599747035],[-93.5972479958,47.6568262597],[-93.59883,47.65678],[-93.59873,47.65297],[-93.59459960544127,47.65288340102566],[-93.5954194563,47.651118642],[-93.597818277,47.6502094776],[-93.6034686957,47.6518835587],[-93.6057274942,47.6506754068],[-93.602434729,47.6512823558],[-93.6000500043,47.6487389385],[-93.5929540694,47.6487750277],[-93.5884805246,47.6494925649],[-93.5882348171,47.652113846]],[[-93.6015428082,47.6676848226],[-93.6014215881,47.6675246757],[-93.6013561187,47.6677463958],[-93.6015428082,47.6676848226]],[[-93.6077248765,47.6786364542],[-93.6095648632,47.6772542841],[-93.6061511976,47.677327553],[-93.6077248765,47.6786364542]]]},"properties":{"flat_pct":90}},{"type":"Feature","geometry":{"type":"Polygon","coordinates":[[[-92.7613576918,47.6297534711],[-92.7610599647,47.6266832566],[-92.76368,47.62603],[-92.76362048136208,47.62497405726884],[-92.7664649175,47.6250668913],[-92.7681638943,47.6266114157],[-92.7682731087,47.6289049175],[-92.7667285843,47.6306038943],[-92.7633253451,47.630936864],[-92.7613576918,47.6297534711]],[[-92.76386,47.62912],[-92.76476,47.62973],[-92.76473,47.62914],[-92.76386,47.62912]]]},"properties":{"flat_pct":96}},{"type":"Feature","geometry":{"type":"Polygon","coordinates":[[[-92.8848141064,47.627917469],[-92.88757252583831,47.62788196398104],[-92.88708901769868,47.63633690460359],[-92.88171739304696,47.63588413551759],[-92.88183,47.63153],[-92.86603,47.63072],[-92.86594451866286,47.62839885292225],[-92.8795147697,47.6294078571],[-92.8813650543,47.6283988352],[-92.8835298092,47.6289363834],[-92.8848141064,47.627917469]]]},"properties":{"flat_pct":77}},{"type":"Feature","geometry":{"type":"Polygon","coordinates":[[[-92.8155565103,47.629708779],[-92.8355277199,47.6322500206],[-92.8619838752,47.631526351],[-92.8620263763373,47.63069812227507],[-92.86603,47.63072],[-92.86589804641133,47.63729128871608],[-92.8390118437,47.6375791761],[-92.8355477795,47.6382970849],[-92.82108147596182,47.63630041008081],[-92.82095,47.6305],[-92.81361251555022,47.630594852061215],[-92.8155565103,47.629708779]]]},"properties":{"flat_pct":97}},{"type":"Feature","geometry":{"type":"Polygon","coordinates":[[[-92.7817707575976,47.64107983221057],[-92.777860258,47.6424039671],[-92.7755609980548,47.640896844999716],[-92.7817707575976,47.64107983221057]]]},"properties":{}},{"type":"Feature","geometry":{"type":"Polygon","coordinates":[[[-92.7715413668,47.6510934169],[-92.7693000459,47.6498454581],[-92.7687804667,47.6476089171],[-92.770052069,47.6441874509],[-92.7727310829,47.6432804667],[-92.7746799541,47.6444945419],[-92.7751995333,47.6467310829],[-92.7741185805,47.6499282108],[-92.7715413668,47.6510934169]]]},"properties":{"flat_pct":100}},{"type":"Feature","geometry":{"type":"Polygon","coordinates":[[[-92.76524820086678,47.64658966848136],[-92.76263,47.64687],[-92.76173,47.64905],[-92.76249627930534,47.65104479750725],[-92.7596540182,47.6500011472],[-92.7583365313,47.6480596483],[-92.75893975780458,47.6449571454519],[-92.76104,47.64409],[-92.76416242437219,47.6441786492724],[-92.76524820086678,47.64658966848136]]]},"properties":{"flat_pct":100}},{"type":"Feature","geometry":{"type":"Polygon","coordinates":[[[-92.6967900522,47.6467860608],[-92.699330168,47.6450360121],[-92.7093026237,47.6458751878],[-92.7105481779,47.6484145442],[-92.7098013007,47.6502928377],[-92.7082031005,47.6512344727],[-92.7094780578,47.6533378236],[-92.7088619022,47.6555497075],[-92.70564,47.65593],[-92.70566040654386,47.65717479917536],[-92.7007304635,47.6551657992],[-92.70018,47.64865],[-92.69659944449535,47.64870142629091],[-92.6967900522,47.6467860608]]]},"properties":{"flat_pct":100}},{"type":"Feature","geometry":{"type":"Polygon","coordinates":[[[-92.9175670807,47.6573882936],[-92.9285544272,47.6592016233],[-92.92826184561649,47.64981836440796],[-92.93152,47.64991],[-92.93145416774344,47.66509929701578],[-92.9197523845,47.6646606944],[-92.9158321719,47.6626530836],[-92.9147916496076,47.66034023713644],[-92.9155169164,47.6584221719],[-92.9175670807,47.6573882936]]]},"properties":{"flat_pct":99}},{"type":"Feature","geometry":{"type":"Polygon","coordinates":[[[-92.86651231,47.6565947453],[-92.8677218405,47.6621319316],[-92.86714345068062,47.66334423595139],[-92.86607,47.66332],[-92.86608636689455,47.66481757085179],[-92.8645126185,47.6655414888],[-92.8615126045,47.6640883494],[-92.8601605504,47.6565590537],[-92.8587355136,47.6560765016],[-92.8340659531,47.6559017467],[-92.8245681453,47.6579898052],[-92.8248133506,47.6607439085],[-92.8226296658,47.6625414782],[-92.8148338193,47.6612833967],[-92.8062080477,47.6640766683],[-92.8033539111,47.662987373],[-92.8033829183,47.6677402288],[-92.80194562757293,47.671983308593475],[-92.79818,47.67232],[-92.79819368378382,47.673578908111715],[-92.7962266031,47.6710751876],[-92.7973795348,47.661896641],[-92.7957836758,47.6595261259],[-92.7957943544,47.650060527],[-92.7929867539,47.6488661008],[-92.7922183482,47.6464185564],[-92.7932019759217,47.644586513191456],[-92.79887,47.64447],[-92.79883,47.64583],[-92.80180573865754,47.645779428412794],[-92.8017753271,47.6572369712],[-92.803818308,47.6587862219],[-92.8060189957,47.657378126],[-92.81008680941761,47.656823451204474],[-92.81011,47.6602],[-92.82172,47.65996],[-92.82149185196566,47.652293164892484],[-92.8262197783,47.6511277362],[-92.8335949094,47.6499092255],[-92.8540300898,47.6500430187],[-92.8537173563,47.6468180444],[-92.85484747262424,47.64491865484614],[-92.85910050416037,47.645518698938076],[-92.860109764,47.6502125836],[-92.86414889230072,47.65027167165839],[-92.86427,47.65264],[-92.86561,47.65266],[-92.8655414258,47.6497391666],[-92.88705731783963,47.64940358650389],[-92.88705,47.65242],[-92.8903151709785,47.65248674966225],[-92.8901084631,47.6535065593],[-92.8882336004,47.6552575049],[-92.8844791063,47.6554427355],[-92.8865872228,47.6572468807],[-92.889098219,47.6620858663],[-92.8916233562,47.6592393319],[-92.897567137,47.6603024932],[-92.89904168696015,47.662743992506584],[-92.89901,47.66744],[-92.89523083921128,47.66744],[-92.8942284837,47.6663924563],[-92.8895167982,47.6690700903],[-92.8874491996,47.6691016628],[-92.8809102008,47.6602693439],[-92.86651231,47.6565947453]]]},"properties":{"flat_pct":99}},{"type":"Feature","geometry":{"type":"Polygon","coordinates":[[[-92.7769082864,47.665228114],[-92.7726783248,47.6625740106],[-92.7724044903,47.6605713058],[-92.7734633157,47.6588494752],[-92.7753741167,47.658190194],[-92.7780752619,47.6592695776],[-92.7846018501,47.6594961981],[-92.7932534485,47.6667141182],[-92.7939669443,47.6694510251],[-92.7926168914,47.6713082907],[-92.7903489749,47.6716669443],[-92.7827566636,47.6653910271],[-92.7769082864,47.665228114]]]},"properties":{"flat_pct":99}},{"type":"Feature","geometry":{"type":"Polygon","coordinates":[[[-92.7286326914,47.6677199708],[-92.7284479741,47.6620688168],[-92.729633477,47.6584181101],[-92.7315091146,47.6570937002],[-92.7337718899,47.657483477],[-92.7350595062,47.6592267896],[-92.7382356161,47.6569048356],[-92.743443197,47.6558008182],[-92.747205476,47.6566447526],[-92.74843,47.65881],[-92.7541845232,47.6597262448],[-92.7587004045,47.659140118],[-92.7607959931,47.6614036037],[-92.7608559376245,47.662089334488435],[-92.7592,47.66212],[-92.75924196521997,47.664679878417985],[-92.75381,47.66573],[-92.75379,47.67072],[-92.74864,47.67144],[-92.74861,47.66969],[-92.7434,47.66985],[-92.7431873536,47.6724697674],[-92.738230203,47.6699022986],[-92.7355586526,47.6702118075],[-92.7355026076,47.6748236659],[-92.7333848246,47.6766984275],[-92.73263129466572,47.67677590442971],[-92.73269,47.67374],[-92.72968661527065,47.67374557214236],[-92.7295162716,47.6691907315],[-92.7286326914,47.6677199708]],[[-92.7430743741,47.6618221103],[-92.741050528,47.6623309964],[-92.7394024244,47.6638383197],[-92.7431054122,47.6658892673],[-92.7459148063,47.66400784],[-92.7430743741,47.6618221103]]]},"properties":{"flat_pct":87}},{"type":"Feature","geometry":{"type":"Polygon","coordinates":[[[-92.90113262618019,47.66743619601043],[-92.89899987388723,47.66927282641145],[-92.89901,47.66744],[-92.90113262618019,47.66743619601043]]]},"properties":{}},{"type":"Feature","geometry":{"type":"Polygon","coordinates":[[[-92.899753139,47.6741816043],[-92.9027564300412,47.66743328596767],[-92.90459,47.66743],[-92.9046,47.67467],[-92.91023,47.67465],[-92.91018080796675,47.68031843583086],[-92.9061683448,47.6780283858],[-92.9052052015,47.6764530104],[-92.9034790595,47.6777316265],[-92.9012003317,47.6774497091],[-92.899753139,47.6741816043]]]},"properties":{"flat_pct":95}},{"type":"Feature","geometry":{"type":"Polygon","coordinates":[[[-92.843028027,47.6723758064],[-92.8455677672,47.6720143641],[-92.8474583601,47.6737483132],[-92.8487237683,47.6787616512],[-92.8468716868,47.6812283601],[-92.8445756262,47.6812148207],[-92.8429616399,47.6795816868],[-92.8416800522,47.6748623099],[-92.843028027,47.6723758064]]]},"properties":{"flat_pct":97}},{"type":"Feature","geometry":{"type":"Polygon","coordinates":[[[-92.82173,47.68538],[-92.82171,47.68909],[-92.8159,47.68918],[-92.81587995524872,47.69040440022406],[-92.8143635194,47.6905788372],[-92.8120597294,47.6895975229],[-92.8103756943,47.6868032148],[-92.8097015098,47.6830563343],[-92.8117108501,47.6788216922],[-92.8139919204,47.677385762],[-92.81093,47.676709561355125],[-92.81093,47.67118],[-92.80692539935364,47.67153805841073],[-92.8074116023,47.6708664167],[-92.8101032947,47.669997781],[-92.8152419903,47.6720977687],[-92.8163702752,47.6746913587],[-92.8149233152,47.6770188489],[-92.81808442176569,47.6746539094134],[-92.82431957356609,47.674751065765925],[-92.8227563364,47.6787018959],[-92.8167950117,47.6827302951],[-92.8159487808,47.6843497948],[-92.8191191931,47.6839561966],[-92.8213374428,47.6825952958],[-92.8311469415,47.6834810035],[-92.83120273490559,47.6785239788575],[-92.8378018733053,47.67870633846785],[-92.8432915242,47.6807784298],[-92.8447007411,47.6829220316],[-92.84311079914643,47.685999305286145],[-92.8371319045,47.6848507502],[-92.8367453898,47.6882134297],[-92.834405997,47.6897653619],[-92.82815934557269,47.68922122144207],[-92.82814,47.68571],[-92.82173,47.68538]]]},"properties":{"flat_pct":84}},{"type":"Feature","geometry":{"type":"Polygon","coordinates":[[[-92.792554846,47.6838745422],[-92.7903877613,47.6852473733],[-92.7865076398,47.6847059241],[-92.7839504635,47.6821630523],[-92.7784964611,47.6853903995],[-92.77615838422278,47.685797634573134],[-92.77606669125771,47.6797993864423],[-92.7802987841,47.6770573421],[-92.7842597797,47.6758631159],[-92.7952974388,47.6759368418],[-92.79822869523608,47.67679996171868],[-92.79826,47.67968],[-92.80026569344354,47.67948323893434],[-92.7993272615,47.6823736455],[-92.7967621707,47.6835653019],[-92.7929977088,47.6819067763],[-92.792554846,47.6838745422]]]},"properties":{"flat_pct":95}},{"type":"Feature","geometry":{"type":"Polygon","coordinates":[[[-92.735232975,47.7080361798],[-92.7336029463,47.7064190574],[-92.734003412,47.703420451],[-92.73329042572499,47.70286132712794],[-92.7228672262,47.7012245767],[-92.72233491018577,47.69741579019936],[-92.7234449618,47.6963695007],[-92.70540052850527,47.69661218018637],[-92.7036248659,47.6937422416],[-92.700177596,47.6928987606],[-92.6984798053908,47.693126822031715],[-92.6971829785,47.6969958797],[-92.6941063139,47.697217225],[-92.6920593186,47.6945901088],[-92.6919728349,47.6923671132],[-92.689337074,47.688745786],[-92.6868569315,47.6872043828],[-92.6861612555,47.6850141305],[-92.68455475899263,47.685463593512175],[-92.6789030966,47.6903855459],[-92.6763861873,47.6941058569],[-92.6727183091,47.6964192913],[-92.665063926,47.6962154131],[-92.6631834577,47.6941026957],[-92.6638953858,47.6913653805],[-92.6656865591,47.6904286255],[-92.6699603996,47.6906194562],[-92.6725432547,47.6892021288],[-92.6790711801,47.6815573677],[-92.67433719368785,47.68064170017229],[-92.67431,47.67935],[-92.67248921369013,47.67940450436101],[-92.6719567583,47.6784988123],[-92.6666834637,47.6777133112],[-92.6656105147,47.6784813263],[-92.66661652354388,47.67958030051132],[-92.66362,47.67967],[-92.66364,47.68343],[-92.66578667123278,47.68337408670278],[-92.6626286288,47.6841488963],[-92.6598726041,47.682113631],[-92.6581245374,47.6831154726],[-92.6548004363,47.6832041264],[-92.6527765888,47.6802297483],[-92.6500043494258,47.679972156827915],[-92.65291,47.67988],[-92.65294,47.67616],[-92.66359,47.67591],[-92.66374808599952,47.67223450051109],[-92.6665762929,47.6716325517],[-92.6753918922,47.6725756754],[-92.6771467386,47.674793379],[-92.6828788768,47.6765842871],[-92.6847871724,47.6790829298],[-92.6871027848,47.6779035209],[-92.6901284943,47.6780248586],[-92.6923948369,47.6768451558],[-92.6926643628,47.6743186232],[-92.6947165962,47.6716557495],[-92.6979226559,47.6705313585],[-92.7008052034,47.6706827283],[-92.711345513,47.6630875278],[-92.7104495467,47.661271904],[-92.7108073210878,47.65947980451687],[-92.7161263783153,47.65936504061796],[-92.7164,47.66297],[-92.71832402671123,47.66294473135651],[-92.7165564084,47.6677447789],[-92.7130630184,47.6689980818],[-92.7123096150113,47.67027907376375],[-92.70579,47.67045],[-92.70584,47.67407],[-92.70856541847634,47.67393630022569],[-92.7086116362958,47.67771355551898],[-92.70585,47.67785],[-92.70586,47.67973],[-92.70045,47.67999],[-92.70043,47.68187],[-92.69930662890208,47.6819463456086],[-92.6992259959,47.6788679326],[-92.7025980912,47.676643266],[-92.698395765,47.6766231655],[-92.69797098977217,47.682037117199954],[-92.69528,47.68222],[-92.69530427846438,47.68529931856533],[-92.6941853279,47.6852109702],[-92.69531590298811,47.68677369565996],[-92.69534,47.68983],[-92.70033,47.68941],[-92.70035,47.68767],[-92.70257311246566,47.687307902136276],[-92.70539155312196,47.687997520594735],[-92.70532,47.68898],[-92.70711196771288,47.68882558194058],[-92.711792388,47.6938049003],[-92.7155284062,47.6945349895],[-92.71673502668718,47.69218734616851],[-92.72195,47.69209],[-92.72183732279503,47.69053129866449],[-92.728837965,47.6901220798],[-92.7293630315,47.6880043892],[-92.7310195276,47.6868460143],[-92.7391816411,47.6891117769],[-92.7422428347,47.6909137296],[-92.7479330732,47.6872020738],[-92.74872765862379,47.687125933878846],[-92.74873,47.68797],[-92.7528,47.68802],[-92.75276,47.68441],[-92.75961,47.6845],[-92.75967,47.68816],[-92.75690226864481,47.6880946996232],[-92.7564088485,47.6872162249],[-92.75660055787499,47.68808758122028],[-92.75416,47.68803],[-92.75456,47.69537],[-92.75691884876382,47.69542241886142],[-92.7565334419,47.6958890494],[-92.7401959231,47.700373736],[-92.7419061412,47.7038443094],[-92.7414759313,47.7061093357],[-92.7398522575,47.707327337],[-92.735232975,47.7080361798]],[[-92.7320598868,47.6966600261],[-92.731385738,47.6963459548],[-92.7301879632,47.6962497831],[-92.7320598868,47.6966600261]]]},"properties":{"flat_pct":79}},{"type":"Feature","geometry":{"type":"Polygon","coordinates":[[[-92.82171,47.68909],[-92.82466699815089,47.68920461233143],[-92.82310504489351,47.69279583312102],[-92.82161,47.69269],[-92.82171,47.68909]]]},"properties":{"flat_pct":33}},{"type":"Feature","geometry":{"type":"Polygon","coordinates":[[[-93.6308265668,47.7069014383],[-93.63095199631304,47.70346530704437],[-93.63507,47.70338],[-93.63523,47.70699],[-93.6308265668,47.7069014383]]]},"properties":{"flat_pct":100}},{"type":"Feature","geometry":{"type":"Polygon","coordinates":[[[-93.6384220206,47.7087404447],[-93.6372808713,47.7104088541],[-93.63541274128372,47.71097539961776],[-93.63523,47.70699],[-93.63832459023827,47.706923231167465],[-93.6384220206,47.7087404447]]]},"properties":{"flat_pct":100}},{"type":"Feature","geometry":{"type":"Polygon","coordinates":[[[-92.93568745101922,47.72213833045597],[-92.9231168474,47.7212509151],[-92.9067201657,47.7219199344],[-92.9022548379,47.7208267344],[-92.8990138122,47.7218797817],[-92.8814448085,47.7212118796],[-92.868199954,47.722065946],[-92.8646847109,47.720790709],[-92.8636101374,47.7184612857],[-92.864309291,47.7165647109],[-92.8663445381,47.7155017681],[-92.8676949417804,47.71568622205803],[-92.86826,47.71856],[-92.87357,47.71857],[-92.87297183100114,47.71557133580307],[-92.8768769794,47.714738567],[-92.889757845,47.7157676859],[-92.8918147748,47.7120876437],[-92.8990153214,47.7082172654],[-92.8988947056,47.7054758985],[-92.9012211446,47.7007156664],[-92.90317305308224,47.69913080637292],[-92.90265,47.70411],[-92.9064921288321,47.70418974229651],[-92.9059429923,47.7058730117],[-92.9067923269,47.7094697801],[-92.9050378227,47.7124110614],[-92.8971448427,47.7158567989],[-92.9025510162,47.7145006206],[-92.9053351862,47.7156768665],[-92.9105626078462,47.71594520787736],[-92.91083,47.71894],[-92.93544,47.71893],[-92.93568745101922,47.72213833045597]]]},"properties":{"flat_pct":99}},{"type":"Feature","geometry":{"type":"Polygon","coordinates":[[[-92.71134545948537,47.7357521855522],[-92.71643518962173,47.73584187237858],[-92.71728188267103,47.741818045648884],[-92.7096822281,47.7417061197],[-92.70666548995459,47.74036302688471],[-92.70652,47.73865],[-92.71169,47.73873],[-92.71134545948537,47.7357521855522]]]},"properties":{"flat_pct":100}},{"type":"Feature","geometry":{"type":"Polygon","coordinates":[[[-92.69397,47.852],[-92.69497,47.85087],[-92.6966,47.85089],[-92.69657,47.85311],[-92.69397,47.852]]]},"properties":{}},{"type":"Feature","geometry":{"type":"Polygon","coordinates":[[[-92.8111342423,48.1080436148],[-92.80533,48.10831],[-92.80535,48.10466],[-92.80265679068913,48.104639976138955],[-92.8029710018,48.1037232245],[-92.8047528291,48.1022750638],[-92.8070367755,48.1025110018],[-92.8104139305,48.1046075711],[-92.8111342423,48.1080436148]]]},"properties":{"flat_pct":83}},{"type":"Feature","geometry":{"type":"Polygon","coordinates":[[[-92.7395660496,48.1141460949],[-92.73893787576021,48.11884603555743],[-92.73501,48.11881],[-92.73514706519146,48.11166302930304],[-92.7381065485,48.1117233707],[-92.7395660496,48.1141460949]]]},"properties":{"flat_pct":100}},{"type":"Feature","geometry":{"type":"Polygon","coordinates":[[[-92.8332395734,48.1212457815],[-92.8310315865,48.1197866131],[-92.8304696229,48.1164133106],[-92.8320884726,48.1144674942],[-92.8349220282,48.1140581835],[-92.83672781251599,48.115359491608444],[-92.83655362449126,48.121669452804284],[-92.8332395734,48.1212457815]]]},"properties":{"flat_pct":52}},{"type":"Feature","geometry":{"type":"Polygon","coordinates":[[[-92.7243592295,48.1248712566],[-92.72414,48.12239],[-92.7214034967,48.1215965659],[-92.72144897336892,48.12237502211523],[-92.71875,48.12236],[-92.71879967070848,48.11506833999604],[-92.72420993370149,48.11598732460205],[-92.72418,48.11873],[-92.73501,48.11881],[-92.73494,48.12247],[-92.72954,48.12243],[-92.72952546352974,48.12416710819534],[-92.7273180466,48.123766896],[-92.7243592295,48.1248712566]]]},"properties":{"flat_pct":95}},{"type":"Feature","geometry":{"type":"Polygon","coordinates":[[[-92.74043,48.12251],[-92.74043997188026,48.12129675456848],[-92.74352430956058,48.12253823275147],[-92.74043,48.12251]]]},"properties":{}},{"type":"Feature","geometry":{"type":"Polygon","coordinates":[[[-92.6976281375,48.1352610265],[-92.6943332689,48.1341692584],[-92.6916131829,48.1284796219],[-92.6919044301,48.1256293479],[-92.690113937,48.1224636444],[-92.6913958324,48.1192986726],[-92.6881768185,48.1214831813],[-92.67538100300547,48.12574],[-92.66958,48.12574],[-92.6696005478661,48.1269797212549],[-92.665825134,48.1275387132],[-92.6581466151,48.133172998],[-92.66765643133714,48.136538174659236],[-92.66436,48.13653],[-92.66425,48.14016],[-92.6552057678,48.1389755878],[-92.6525857778,48.1399595196],[-92.654935025,48.1445127006],[-92.6520235381,48.1490467987],[-92.6454510796,48.1496252134],[-92.6440230524,48.1474940966],[-92.6447038651,48.1451123292],[-92.63215931904757,48.1470592217169],[-92.62107,48.14699],[-92.62118514638676,48.15205183516212],[-92.6192006175,48.153740157],[-92.611188371,48.1543552325],[-92.60793754,48.1566792957],[-92.6045557056523,48.15698957421563],[-92.60443468798634,48.15102120296326],[-92.6063033607,48.1507585406],[-92.6077258099,48.1490443475],[-92.6165768004,48.14811937],[-92.6190541791,48.1452287491],[-92.623521619473,48.1433867985633],[-92.63182,48.14341],[-92.63184928066897,48.14106429307448],[-92.64264,48.13992],[-92.64275,48.1363],[-92.65357,48.13642],[-92.65349,48.13281],[-92.64781301428873,48.132764528148954],[-92.648924424,48.1308327054],[-92.6541805409,48.1286412055],[-92.66317536205901,48.12207024961024],[-92.66952,48.12212],[-92.66952248604552,48.12092586946932],[-92.6747150672,48.1195103464],[-92.6725205991,48.1178573237],[-92.6709312553,48.1121470859],[-92.66954176464344,48.11166571626843],[-92.66955,48.10771],[-92.6667948755,48.1074811757],[-92.6680777585,48.1034307385],[-92.6717470918,48.1017593347],[-92.6687278629,48.0998123163],[-92.6659839783,48.0997860428],[-92.6644111399,48.0977594446],[-92.6649799233,48.0952579638],[-92.6686162084,48.0920455692],[-92.6734929812,48.0911308383],[-92.67476978423193,48.09128211828731],[-92.67474,48.0933],[-92.68015,48.09335],[-92.680366035,48.0909351692],[-92.6829141873,48.0926734955],[-92.6821831896,48.0961721407],[-92.6775303477,48.0976048845],[-92.6793892718,48.0993113772],[-92.6796725895,48.101284095],[-92.6775635296,48.1055129789],[-92.6758214404,48.1067655275],[-92.6779042276,48.1081962652],[-92.6785071093,48.111461642],[-92.6799023395,48.1132635251],[-92.6796786871,48.1154224638],[-92.6814656664,48.1170041124],[-92.68718698473397,48.11491930094533],[-92.70218,48.11494],[-92.70219487249096,48.112225770399554],[-92.7059074972,48.1112943228],[-92.71337630571541,48.112655802441516],[-92.71337,48.11497],[-92.70759,48.11495],[-92.70758282176654,48.11757723344598],[-92.7012088116,48.1186689768],[-92.6972238616,48.1217617844],[-92.6978572948623,48.12218943378227],[-92.69672,48.12218],[-92.69667,48.12939],[-92.69954561412884,48.12940992584553],[-92.7008593504,48.1322075742],[-92.7000250028,48.1343467193],[-92.6976281375,48.1352610265]],[[-92.6470260714,48.1437203889],[-92.6461050558,48.1439774905],[-92.6455905565,48.1444004263],[-92.6470260714,48.1437203889]]]},"properties":{"flat_pct":85}},{"type":"Feature","geometry":{"type":"Polygon","coordinates":[[[-92.7685804352,48.1240180838],[-92.7698514782,48.1270996658],[-92.7673948783,48.1299015365],[-92.7641796725,48.1304986398],[-92.7604789037,48.1297553945],[-92.75484523097211,48.13181025158413],[-92.75924970991004,48.133525264091],[-92.75671,48.13351],[-92.75666,48.13712],[-92.751423551,48.1368178743],[-92.74579991410133,48.12992199447417],[-92.74589605034424,48.12349288322874],[-92.7507722238,48.1261693906],[-92.7597189534,48.1237596996],[-92.7685804352,48.1240180838]]]},"properties":{"flat_pct":81}},{"type":"Feature","geometry":{"type":"Polygon","coordinates":[[[-92.8266021531,48.1436015534],[-92.8128646202,48.1425069354],[-92.81100888176516,48.14126703748481],[-92.81102,48.13722],[-92.80346268242906,48.137262180377135],[-92.8016589566,48.1360321324],[-92.7968382698,48.1352479942],[-92.79918454,48.1381815097],[-92.7997112639,48.1422305372],[-92.7982571457,48.1443439375],[-92.795430545,48.1444442603],[-92.793049612,48.1399635124],[-92.789238266749,48.138496674596894],[-92.78924,48.13726],[-92.784207986,48.1366677526],[-92.78402184176394,48.12408064040155],[-92.7883411811,48.1252315182],[-92.7916644834,48.1245998071],[-92.79348683704293,48.12271029445014],[-92.80014,48.12264],[-92.8001619966355,48.12532358953066],[-92.7956945391,48.129270687],[-92.8040383121,48.1304610907],[-92.8087927043,48.1338648623],[-92.8118088769,48.13434708],[-92.8164,48.1372],[-92.8242147482,48.1370341103],[-92.8266325914,48.1356812736],[-92.8285548041,48.1363065018],[-92.8297187264,48.1385925914],[-92.8285699086,48.1424564816],[-92.8266021531,48.1436015534]]]},"properties":{"flat_pct":85}},{"type":"Feature","geometry":{"type":"Polygon","coordinates":[[[-92.69714,48.15848],[-92.6969869003452,48.155560547961834],[-92.6990050926,48.1567546601],[-92.70251505419466,48.15592594537172],[-92.70255,48.15847],[-92.71341,48.15851],[-92.71345206172987,48.16321120719258],[-92.7073870592,48.1616498482],[-92.698384007,48.1630522144],[-92.6949893229,48.1613063683],[-92.69177174774751,48.1611956679415],[-92.69172,48.15849],[-92.69714,48.15848]]]},"properties":{"flat_pct":86}},{"type":"Feature","geometry":{"type":"Polygon","coordinates":[[[-92.7013528716,48.1659409909],[-92.70128512203561,48.16937040650344],[-92.69227420687992,48.169437154023115],[-92.69186,48.1658],[-92.68643,48.1658],[-92.68636,48.16215],[-92.69177960570983,48.16160652711404],[-92.6977098939,48.1632661883],[-92.7013528716,48.1659409909]]]},"properties":{"flat_pct":79}},{"type":"Feature","geometry":{"type":"Polygon","coordinates":[[[-92.71354,48.17304],[-92.71827555235699,48.17301359357422],[-92.7166844697,48.1757509366],[-92.7109936865,48.1768647204],[-92.7162137223,48.1806837865],[-92.728029361,48.1812420585],[-92.7323780596,48.1805172755],[-92.73513893858947,48.178665963444566],[-92.73517,48.18193],[-92.74058,48.18188],[-92.74054,48.18006],[-92.74599,48.18002],[-92.74597897481488,48.182032096285624],[-92.74500084203632,48.18363971381363],[-92.73733,48.1834],[-92.73517,48.18195],[-92.72985,48.18439],[-92.70724990221531,48.183840159417514],[-92.7090852045,48.1829145976],[-92.7055527625,48.1799833582],[-92.7040609682,48.1759140958],[-92.7044191864,48.1739247513],[-92.7052895555752,48.172973670370205],[-92.70813,48.17295],[-92.70811501645946,48.17159211663832],[-92.7099987615,48.1706939756],[-92.71351507225422,48.17025384503088],[-92.71354,48.17304]]]},"properties":{"flat_pct":72}},{"type":"Feature","geometry":{"type":"Polygon","coordinates":[[[-92.6924591529,48.1845512143],[-92.6990756193,48.1858047179],[-92.70282167095114,48.18504473005671],[-92.70283,48.191],[-92.69733,48.1909],[-92.69732,48.18738],[-92.68107,48.18743],[-92.68110800710821,48.18472389389654],[-92.6924591529,48.1845512143]]]},"properties":{"flat_pct":80}},{"type":"Feature","geometry":{"type":"Polygon","coordinates":[[[-92.6765440929,48.2025930392],[-92.674123553,48.1996756753],[-92.672212633,48.2013750715],[-92.66997541007844,48.20157908440304],[-92.67012,48.19483],[-92.66826455200791,48.19480271400012],[-92.6680882118,48.1939000589],[-92.6686778864,48.1890368566],[-92.6647677082819,48.18836483707678],[-92.66478,48.18747],[-92.65933,48.1874],[-92.65931181082757,48.188867259909046],[-92.6538536265359,48.189462899495645],[-92.65391695146565,48.18342036804155],[-92.6611545573,48.1826305441],[-92.6601440452,48.1779109311],[-92.6617818324,48.1756049847],[-92.6637889381,48.1753655305],[-92.6657785361,48.1766261834],[-92.6668671547,48.1796261149],[-92.6691926815,48.1812985785],[-92.6698957727,48.1831582006],[-92.67569618469355,48.18415508359508],[-92.6746802328,48.1931352214],[-92.6771888334,48.1938112001],[-92.6800570234,48.197680608],[-92.68252570409682,48.19811868551391],[-92.68097,48.19816],[-92.68093720772265,48.20407900606151],[-92.6765440929,48.2025930392]]]},"properties":{"flat_pct":79}},{"type":"Feature","geometry":{"type":"Polygon","coordinates":[[[-92.88397,48.2111],[-92.88402286909128,48.20918085198655],[-92.8876341399,48.2080534647],[-92.88969105552178,48.20867647345492],[-92.88962,48.21127],[-92.89526,48.21142],[-92.89535528905841,48.20811210840087],[-92.8983816219,48.2073613994],[-92.90102171342313,48.207711629899165],[-92.9009,48.21158],[-92.90641,48.2117],[-92.90638299448183,48.21291862400685],[-92.9041336358,48.2141449709],[-92.8985273159,48.2134220444],[-92.89112548334919,48.21488991085902],[-92.88389,48.21469],[-92.88382973902206,48.21739421138469],[-92.8815425167,48.2173374417],[-92.8798670853,48.2157674075],[-92.8797925583,48.2134725167],[-92.8818613755616,48.211036442171185],[-92.88397,48.2111]]]},"properties":{"flat_pct":94}},{"type":"Feature","geometry":{"type":"Polygon","coordinates":[[[-93.081932729,48.2236079323],[-93.08549,48.22355],[-93.08541,48.22717],[-93.08164258365656,48.227190776193076],[-93.081932729,48.2236079323]]]},"properties":{"flat_pct":100}},{"type":"Feature","geometry":{"type":"Polygon","coordinates":[[[-92.9588251703,48.2304402943],[-92.9572160057,48.2292170195],[-92.9567489893,48.2272452923],[-92.9488841155,48.2254061836],[-92.94804381074009,48.22337496501825],[-92.94979,48.22344],[-92.94990319356856,48.22054547874661],[-92.9569109362,48.2207078612],[-92.9648746839,48.2253959121],[-92.96582,48.22773],[-92.96948463211854,48.22773678635577],[-92.9701780653,48.2293178856],[-92.9695618637,48.2315297567],[-92.9675621144,48.2326580653],[-92.9626262659,48.2318635185],[-92.9609764239,48.2303048424],[-92.9588251703,48.2304402943]]]},"properties":{"flat_pct":91}},{"type":"Feature","geometry":{"type":"Polygon","coordinates":[[[-93.09774213354159,48.227743664037725],[-93.0978589640645,48.23374875291552],[-93.07962040812535,48.23537020499167],[-93.07966,48.23442],[-93.0851,48.2344],[-93.08525,48.23079],[-93.09059,48.23076],[-93.09074107463137,48.22866238684918],[-93.09774213354159,48.227743664037725]]]},"properties":{"flat_pct":100}},{"type":"Feature","geometry":{"type":"Polygon","coordinates":[[[-93.06893,48.23087],[-93.07981,48.23081],[-93.07966,48.23442],[-93.06877,48.23449],[-93.06893,48.23087]]]},"properties":{"flat_pct":100}},{"type":"Feature","geometry":{"type":"Polygon","coordinates":[[[-92.7092528432,48.216469434],[-92.704262415,48.2202861952],[-92.7040110585,48.2216926868],[-92.7051251761,48.2263952797],[-92.7141942207,48.236490433],[-92.71426398062782,48.24747909576633],[-92.7130023313,48.2486707759],[-92.71427115985706,48.248637743597435],[-92.7143083437356,48.25463880844012],[-92.7086904547,48.254721083],[-92.7040474486,48.25266396],[-92.7051542829,48.2561380289],[-92.7047717145,48.258037052],[-92.7085708531,48.2669200853],[-92.71724577425476,48.27456531733692],[-92.71011,48.27458],[-92.71010709218808,48.275635535728235],[-92.7036455902,48.270766501],[-92.7014732578,48.2675056509],[-92.7010533467,48.2644366174],[-92.69929664218195,48.264805530136044],[-92.6993,48.26359],[-92.69387,48.26353],[-92.69386002316894,48.26533580642235],[-92.6847805497,48.265279069],[-92.6818319836,48.2630660775],[-92.6813701442,48.2578394104],[-92.6824441771,48.2555097378],[-92.6846347686,48.2548217066],[-92.6878728625,48.2571214856],[-92.6882729602,48.2596869888],[-92.69931,48.25998],[-92.69932,48.25636],[-92.6975920878,48.2519019043],[-92.6984779221,48.2489526253],[-92.7041742132,48.2449840647],[-92.7086897713,48.2438798643],[-92.7072247922,48.2410648877],[-92.7082306469,48.238338612],[-92.7000747335,48.2297719714],[-92.69757612717754,48.22084353865871],[-92.69752137489844,48.21484268886957],[-92.700942032,48.214876964],[-92.7036560156,48.2137756354],[-92.6998778183,48.2063622589],[-92.69865007990722,48.201660248837555],[-92.70288,48.20178],[-92.70283,48.19455],[-92.70663709731954,48.19464690793177],[-92.7035570893,48.1980932155],[-92.708365232,48.209806568],[-92.7121355379,48.2098165013],[-92.71401002509165,48.21175636105988],[-92.7131843434,48.2148548689],[-92.7092528432,48.216469434]]]},"properties":{"flat_pct":82}},{"type":"Feature","geometry":{"type":"Polygon","coordinates":[[[-92.9146055942946,48.24090884767105],[-92.9106,48.2408],[-92.9107643535075,48.23859035839916],[-92.9140378614,48.2404764784],[-92.9146055942946,48.24090884767105]]]},"properties":{}},{"type":"Feature","geometry":{"type":"Polygon","coordinates":[[[-93.0457259062,48.235141551],[-93.0434126984,48.237594665],[-93.04676928069469,48.239697164722045],[-93.0466,48.24256],[-93.05197,48.24257],[-93.05203,48.24614],[-93.05751,48.24611],[-93.05756,48.24968],[-93.0466917847204,48.250761786296],[-93.04664,48.24614],[-93.03046439018938,48.2467170090915],[-93.02498493041904,48.24526005936297],[-93.025,48.24254],[-93.04124,48.24256],[-93.04147,48.23833],[-93.03693770247293,48.238363697379384],[-93.0362732547,48.2362602938],[-93.03674346714057,48.23477473925399],[-93.04167,48.23472],[-93.04186642251386,48.23118439475064],[-93.0440039298,48.2312826627],[-93.0456596096,48.2328574865],[-93.0457259062,48.235141551]]]},"properties":{"flat_pct":100}},{"type":"Feature","geometry":{"type":"Polygon","coordinates":[[[-92.9563014929,48.2505489726],[-92.9536981343,48.2488944688],[-92.9539300616,48.2458185838],[-92.9579818385,48.2420749816],[-92.9605335568,48.2412271116],[-92.9624790856,48.2417754998],[-92.9636982419,48.2437211965],[-92.9631845002,48.2459590856],[-92.9563014929,48.2505489726]]]},"properties":{"flat_pct":100}},{"type":"Feature","geometry":{"type":"Polygon","coordinates":[[[-92.7333904687,48.2475270968],[-92.73589787264866,48.24853664237233],[-92.73589,48.25278],[-92.72508,48.25284],[-92.72507498603724,48.2474098783228],[-92.7333904687,48.2475270968]]]},"properties":{"flat_pct":82}},{"type":"Feature","geometry":{"type":"Polygon","coordinates":[[[-92.9153935418,48.2448050344],[-92.9138169292,48.246849308],[-92.9174525423,48.2476987175],[-92.9202990066,48.2505830086],[-92.9230812408,48.2505171626],[-92.92696113352403,48.25208614086122],[-92.92688,48.25952],[-92.92571591546847,48.259498561979164],[-92.92155,48.25579],[-92.91612,48.25563],[-92.91612,48.25196],[-92.9078090036,48.2511049456],[-92.9067701733,48.2462222465],[-92.9079038472,48.2438432339],[-92.90658848834963,48.24069452961209],[-92.9106,48.2408],[-92.91063,48.24447],[-92.9153935418,48.2448050344]]]},"properties":{"flat_pct":99}},{"type":"Feature","geometry":{"type":"Polygon","coordinates":[[[-92.8568025856,48.2559137814],[-92.85531789765535,48.2535256940194],[-92.85627,48.25356],[-92.8567330793,48.2507678791],[-92.863564459,48.2488246788],[-92.8684451757,48.2453384359],[-92.8767878958,48.2423210115],[-92.8804256858,48.2432944755],[-92.8809908947,48.2465796296],[-92.8793256969,48.2481605136],[-92.873337345,48.2498547663],[-92.87791681205836,48.25295596512701],[-92.87792,48.25411],[-92.8813054992,48.2552694668],[-92.8854897833,48.2595428055],[-92.8920969789,48.2579204686],[-92.89975,48.2588],[-92.8997455054752,48.25756850020511],[-92.90519313297204,48.25613548840167],[-92.90517,48.25895],[-92.9106,48.25911],[-92.9107,48.25548],[-92.91612,48.25563],[-92.9160859311494,48.256868402719526],[-92.9064076621,48.2623147897],[-92.89964,48.26243],[-92.89960444440612,48.26372244583764],[-92.8972829955,48.2641987747],[-92.8927784847,48.2639756091],[-92.8900973219,48.2652150597],[-92.8830180922,48.2657188816],[-92.88132586638555,48.265136625701636],[-92.88315,48.26523],[-92.88323,48.26161],[-92.8789200830343,48.26139726186823],[-92.8681179714,48.2535665634],[-92.8587902303,48.2562813137],[-92.8568025856,48.2559137814]]]},"properties":{"flat_pct":94}},{"type":"Feature","geometry":{"type":"Polygon","coordinates":[[[-92.7223500789,48.2576670412],[-92.7190339143197,48.25649381158711],[-92.71972,48.25649],[-92.71968,48.25287],[-92.72508,48.25284],[-92.7241354719,48.2562232788],[-92.7223500789,48.2576670412]]]},"properties":{"flat_pct":77}},{"type":"Feature","geometry":{"type":"Polygon","coordinates":[[[-92.8225986623,48.2599708721],[-92.82250270135135,48.25589638522492],[-92.8244985282,48.2548905583],[-92.8308557426,48.2563387732],[-92.8328448854,48.258972628],[-92.83279348814193,48.26001754664781],[-92.8225986623,48.2599708721]]]},"properties":{"flat_pct":100}},{"type":"Feature","geometry":{"type":"Polygon","coordinates":[[[-92.79004,48.26366],[-92.78645424563645,48.26366],[-92.7872696927,48.2608777235],[-92.79004,48.260085946321546],[-92.79004,48.26366]]]},"properties":{"flat_pct":100}},{"type":"Feature","geometry":{"type":"Polygon","coordinates":[[[-92.9710274726,48.2691087145],[-92.9724396984,48.2670193165],[-92.9715214573,48.2654346726],[-92.9649661991,48.2635773873],[-92.962104957,48.261198532],[-92.957640197,48.2595358162],[-92.956716005,48.2560802798],[-92.9577270782,48.2540187734],[-92.9604801742,48.2533705463],[-92.96544319160063,48.25612332491215],[-92.96553,48.26062],[-92.97092,48.26062],[-92.97092439290684,48.259034160633036],[-92.9747341948,48.2603133536],[-92.97658434295539,48.257020485568766],[-92.98809603371735,48.25704183316406],[-92.9883581565,48.2589253139],[-92.9873366683,48.2606695541],[-92.9805703777,48.2628425042],[-92.9782091427,48.2652755405],[-92.9783530648,48.2687601832],[-92.97714192702963,48.27146286870069],[-92.97108836416508,48.27146659282426],[-92.9710274726,48.2691087145]]]},"properties":{"flat_pct":96}},{"type":"Feature","geometry":{"type":"Polygon","coordinates":[[[-93.0441892389,48.2730498387],[-93.035281841,48.2710998777],[-93.0342303266,48.2690587027],[-93.03407864778349,48.26772356557198],[-93.03591,48.26771],[-93.03586,48.26051],[-93.0269197316,48.2602612922],[-93.02494532330054,48.25927681162817],[-93.0249,48.25692],[-93.01406999379425,48.257059625586855],[-93.01401,48.25344],[-93.01945,48.25336],[-93.01946368371073,48.250900352996965],[-93.0223868936,48.2510778825],[-93.0379329864,48.2582347558],[-93.04131465184572,48.26132733223188],[-93.04133,48.26409],[-93.0503032602,48.2647909959],[-93.05042163532943,48.26406768923845],[-93.05667314657224,48.26405234810657],[-93.0596081118,48.2709608485],[-93.0688175079,48.2730522004],[-93.07244159438385,48.274870566436825],[-93.0547364331163,48.274878797567126],[-93.0532065281,48.2714628601],[-93.0466938938,48.2699146051],[-93.0459558886,48.2720676164],[-93.0441892389,48.2730498387]]]},"properties":{"flat_pct":91}},{"type":"Feature","geometry":{"type":"Polygon","coordinates":[[[-92.93212594454197,48.26598302421854],[-92.9322,48.26328],[-92.93761435152592,48.26337971181447],[-92.93742,48.27071],[-92.93506153493892,48.27065353582727],[-92.9354484404,48.2701302913],[-92.93212594454197,48.26598302421854]]]},"properties":{"flat_pct":100}},{"type":"Feature","geometry":{"type":"Polygon","coordinates":[[[-92.7116145714,48.2786170666],[-92.71441,48.27826],[-92.7144,48.28189],[-92.71267103647283,48.281869942418474],[-92.7116145714,48.2786170666]]]},"properties":{"flat_pct":67}},{"type":"Feature","geometry":{"type":"Polygon","coordinates":[[[-92.8205286768,48.2879085033],[-92.8134378349,48.2893985995],[-92.8107829113,48.2865757779],[-92.81038091729552,48.28537852115367],[-92.81182,48.2854],[-92.81175,48.28184],[-92.80389216833423,48.28174262909956],[-92.7982290041,48.2789515402],[-92.796719254,48.2763028254],[-92.793430662,48.2754542028],[-92.7907802678,48.2731696494],[-92.7869975159,48.2733465393],[-92.7804689909,48.2778199998],[-92.7779750307,48.2764858716],[-92.7776987477,48.2736710175],[-92.7825075514,48.2692691115],[-92.78343947120061,48.26725779983562],[-92.79003,48.26727],[-92.79004,48.26366],[-92.7933024217408,48.263653952879075],[-92.7935044425,48.2678063336],[-92.79544902140792,48.26897668206553],[-92.79547,48.27087],[-92.8007710718,48.2712620419],[-92.80091,48.27446],[-92.80328996950436,48.27448629800557],[-92.8133000907,48.2786182442],[-92.8162744398,48.2828204197],[-92.8224177436,48.2822136369],[-92.8240807662,48.281321218],[-92.822158201,48.2762219684],[-92.8203382967,48.2745176135],[-92.8071494353,48.2701183041],[-92.8052289565,48.2668102599],[-92.8022030482,48.2643440571],[-92.8016026495,48.2624139448],[-92.8030395723,48.2599777616],[-92.8055907122,48.2597083063],[-92.8097735318,48.2627715526],[-92.8110668317,48.2652078147],[-92.8163620656,48.2669228866],[-92.8180793856405,48.26371483178924],[-92.82266,48.26374],[-92.82273,48.26736],[-92.82394905812002,48.267344555851516],[-92.8225199057,48.2689173479],[-92.8275113471,48.273104841],[-92.8282093426,48.2765703935],[-92.831239638,48.2819495485],[-92.8309008514,48.2838998417],[-92.8291767699,48.2857413397],[-92.8311078828,48.2888227748],[-92.8317436304,48.295142969],[-92.83046929046897,48.29982149375877],[-92.8283,48.29976],[-92.82832,48.30691],[-92.8339,48.30698],[-92.83379784718358,48.3102953232237],[-92.8275293157,48.3128132511],[-92.8229065818251,48.312140466450074],[-92.82285867382834,48.30525129651631],[-92.8246729997,48.3022858322],[-92.8253174517,48.2906750822],[-92.8205286768,48.2879085033]]]},"properties":{"flat_pct":87}},{"type":"Feature","geometry":{"type":"Polygon","coordinates":[[[-92.88815,48.29075],[-92.88807283169197,48.295877405354936],[-92.88268230215778,48.29191335253589],[-92.88272,48.29056],[-92.88815,48.29075]]]},"properties":{"flat_pct":100}},{"type":"Feature","geometry":{"type":"Polygon","coordinates":[[[-93.0918355686,48.3127824287],[-93.09489958016617,48.31499521054166],[-93.0847350384188,48.314867239692326],[-93.0837495519,48.3103898357],[-93.0818968421,48.3080919517],[-93.0752732826,48.304450049],[-93.073633985,48.2967285957],[-93.0740693307,48.2947546945],[-93.0759415269,48.2934254242],[-93.0825235309,48.2927469961],[-93.0767459616,48.2894366906],[-93.0737038457,48.2837591733],[-93.0706165212,48.280683244],[-93.067106581,48.2788618274],[-93.06405818963971,48.27847927482876],[-93.07684828244946,48.27857508076741],[-93.0792760651,48.2805194807],[-93.081076926,48.2851323175],[-93.0847267894,48.2871156211],[-93.08654819068744,48.282270679843336],[-93.08948,48.28232],[-93.0894856074518,48.28030131734939],[-93.09524312506382,48.27719636550309],[-93.09524859703856,48.287100639791205],[-93.0913853926,48.2859930041],[-93.0878032424,48.2963891962],[-93.0832404371,48.29902179],[-93.0808243718,48.2992316502],[-93.0814972105,48.3011541869],[-93.0857204947,48.303380616],[-93.0891697809,48.3075765281],[-93.08952,48.31129],[-93.09165265996809,48.31131967179086],[-93.0918355686,48.3127824287]]]},"properties":{"flat_pct":90}},{"type":"Feature","geometry":{"type":"Polygon","coordinates":[[[-92.87711,48.3012],[-92.86637,48.30091],[-92.86620971867218,48.29734489036026],[-92.87181466837063,48.29546875622883],[-92.87177,48.29749],[-92.87712,48.29762],[-92.87716692830071,48.295732439460366],[-92.8859628485,48.2982802955],[-92.88804873445252,48.29747853304307],[-92.88795142953983,48.30394390390938],[-92.8870763508,48.3042802623],[-92.87710637401439,48.3024956855252],[-92.87711,48.3012]]]},"properties":{"flat_pct":94}},{"type":"Feature","geometry":{"type":"Polygon","coordinates":[[[-92.89802350366284,48.312657252906654],[-92.9058788639,48.311376377],[-92.90800451601129,48.313030063919705],[-92.90411,48.31288],[-92.90401452031891,48.31830765264045],[-92.901650957,48.3180492528],[-92.900478934692,48.32015372845841],[-92.89856,48.32009],[-92.89867,48.31268],[-92.89802350366284,48.312657252906654]]]},"properties":{"flat_pct":100}},{"type":"Feature","geometry":{"type":"Polygon","coordinates":[[[-93.0083154718,48.3266312611],[-93.0038114229,48.3230469432],[-93.0032293159,48.3189577749],[-92.99217305315192,48.31602944994387],[-92.9922,48.3148],[-92.98945940537799,48.314789868411744],[-92.98685,48.3112],[-92.9804335422,48.3087760741],[-92.9795824165,48.3069426629],[-92.9802646577,48.3047502612],[-92.98402157929034,48.30402655800224],[-92.98694294397629,48.305261211297136],[-92.98691,48.30762],[-92.99117801405123,48.307627933111625],[-92.99227240178837,48.30889355159452],[-92.99224,48.31122],[-92.99762684654235,48.31160736376679],[-92.9976,48.31482],[-93.00820434468567,48.314849429263695],[-93.00837,48.31848],[-93.0098644269794,48.31848276745737],[-93.0092630548,48.3202644927],[-93.0151736068,48.3235276163],[-93.0222340623,48.323092408],[-93.0236347223,48.3196909501],[-93.0320347057,48.3152042225],[-93.0373336538,48.3148072809],[-93.0441682211,48.3113576247],[-93.04644482677341,48.31122415459265],[-93.04647,48.31498],[-93.05186123844686,48.314940114142196],[-93.0534246327,48.3159126604],[-93.0548200585,48.3181226854],[-93.0605717362,48.3213215146],[-93.06316876445344,48.32564701254882],[-93.06177960980838,48.32949417414561],[-93.05543451810426,48.32952900539009],[-93.0550587198,48.3276158819],[-93.0560791736,48.3257553346],[-93.0500720196,48.3228739939],[-93.0475866023,48.3193471715],[-93.0437868532,48.3181483978],[-93.0395636382,48.3206442762],[-93.0341890022,48.320850073],[-93.0296221267,48.3232494213],[-93.02992786323621,48.32579399954547],[-93.01368,48.32574],[-93.01363,48.32957],[-93.00207821644688,48.3295221555214],[-93.0083154718,48.3266312611]]]},"properties":{"flat_pct":95}},{"type":"Feature","geometry":{"type":"Polygon","coordinates":[[[-93.09525,48.31862],[-93.0934855651,48.3205064534],[-93.08987930232654,48.32150610267011],[-93.08976,48.31854],[-93.09525,48.31862]]]},"properties":{"flat_pct":89}},{"type":"Feature","geometry":{"type":"Polygon","coordinates":[[[-93.0878002810947,48.32570580909293],[-93.08665976852346,48.32939564666031],[-93.08054798383822,48.32933520874006],[-93.0805715494,48.3281944643],[-93.07899481717484,48.32836095154435],[-93.07895,48.32553],[-93.0729224537,48.3253969306],[-93.0747425061,48.3229064953],[-93.0810839718,48.3218708496],[-93.08423846503418,48.31777673471887],[-93.08445,48.32564],[-93.0878002810947,48.32570580909293]]]},"properties":{"flat_pct":84}},{"type":"Feature","geometry":{"type":"Polygon","coordinates":[[[-92.0800684011,47.300895013],[-92.0815405187,47.3023590464],[-92.08204111684452,47.303065580198115],[-92.07993,47.30305],[-92.0800684011,47.300895013]]]},"properties":{}},{"type":"Feature","geometry":{"type":"Polygon","coordinates":[[[-92.06382529433398,47.30353531639968],[-92.0692,47.30297],[-92.06925,47.30657],[-92.07202099706434,47.30658035886753],[-92.0638895544422,47.310154107546566],[-92.06382529433398,47.30353531639968]]]},"properties":{"flat_pct":100}},{"type":"Feature","geometry":{"type":"Polygon","coordinates":[[[-92.0473822536,47.3104588835],[-92.0543332495,47.3096959164],[-92.05846378571222,47.3066845175765],[-92.05849,47.31023],[-92.06382612002605,47.31020035488874],[-92.05852249454144,47.314067003271106],[-92.04630453563412,47.31386938175434],[-92.0473822536,47.3104588835]]]},"properties":{"flat_pct":100}},{"type":"Feature","geometry":{"type":"Polygon","coordinates":[[[-92.1086004226,47.3122114235],[-92.11127304513646,47.31236115133884],[-92.11120376000228,47.318521600080174],[-92.1099113166,47.3182049774],[-92.10605681580023,47.32000241301603],[-92.10597,47.31407],[-92.10464836272936,47.314038902652456],[-92.1086004226,47.3122114235]]]},"properties":{"flat_pct":100}},{"type":"Feature","geometry":{"type":"Polygon","coordinates":[[[-92.103417817,47.295079871],[-92.0980600537,47.2943705461],[-92.0948683524,47.2962430854],[-92.0956918539,47.2992247861],[-92.1019940773,47.298842174],[-92.1109480705,47.300473201],[-92.1134519824,47.2991051988],[-92.1214170417,47.2990805496],[-92.12273447082762,47.29961135003077],[-92.12274,47.30362],[-92.11736,47.3035],[-92.1172579235494,47.30486858056001],[-92.1118484612,47.3064895573],[-92.101551067,47.3048326885],[-92.0960228647812,47.305216244079375],[-92.09604,47.3032],[-92.09076,47.30313],[-92.09086,47.30664],[-92.09159957194343,47.306652924558236],[-92.0874687497,47.3107624648],[-92.0854841691,47.3187179708],[-92.0936320997,47.3163453439],[-92.0965725771,47.3142819239],[-92.10087191257347,47.31429808837049],[-92.10089,47.31759],[-92.09576,47.31746],[-92.09575,47.3211],[-92.09726282107079,47.32113954130582],[-92.0853344263,47.3253534772],[-92.0809437869,47.3229554882],[-92.0792433512,47.3189454861],[-92.07711539625123,47.32106247789122],[-92.07482,47.32108],[-92.07487,47.3247],[-92.0776927813676,47.32467836949144],[-92.0776086713,47.325594596],[-92.0738587471,47.3349056427],[-92.06931,47.3356],[-92.0691,47.33923],[-92.0708533707275,47.339216767013376],[-92.06950280094895,47.34644885027964],[-92.06339693494837,47.34646030593818],[-92.0639017076,47.3437573298],[-92.0623225651,47.3452613837],[-92.05823,47.34647],[-92.05479922254634,47.35008358203104],[-92.05289,47.35008],[-92.05288126119112,47.35166172440777],[-92.051649693,47.3525981627],[-92.0471000824,47.353956897],[-92.0446887797,47.353081374],[-92.0438200328,47.3509559666],[-92.0449276889,47.3486420913],[-92.048801831,47.347248344],[-92.0551966809,47.3420004446],[-92.0591201883,47.3401328196],[-92.0609475297,47.3379295973],[-92.0656051672,47.3355382397],[-92.06829866979386,47.33197],[-92.06952,47.33197],[-92.0703981522,47.3273719807],[-92.0696140281,47.3254995094],[-92.0562391833,47.328878905],[-92.0538485739,47.3269295857],[-92.0544407947,47.3239023537],[-92.0660182106,47.3199108516],[-92.0703081418,47.3193712098],[-92.07595706629611,47.31375138854565],[-92.08,47.31374],[-92.07998,47.31017],[-92.0758353874,47.3076506147],[-92.0745910739037,47.30552481917549],[-92.07457,47.30301],[-92.07993,47.30305],[-92.07996,47.30661],[-92.08541,47.30663],[-92.08537194933643,47.3043850108496],[-92.089063323,47.3007126551],[-92.0896374277,47.2996541406],[-92.08862262877923,47.295981065323225],[-92.09066,47.296],[-92.09065,47.29238],[-92.0885101877,47.2917377309],[-92.08528,47.29234],[-92.08528,47.293243338304464],[-92.0841140763,47.2928410153],[-92.0826918546,47.2907060197],[-92.0836484497,47.2880443169],[-92.08682904469477,47.285169726671505],[-92.09588133587225,47.28524764276013],[-92.0943880723,47.287008811],[-92.0944542703,47.2895296315],[-92.0968017151,47.2883883715],[-92.1020840842,47.2885665295],[-92.1036049474,47.2871383006],[-92.1059007155,47.287099225],[-92.1075516994,47.2886949474],[-92.1076852257,47.2907118715],[-92.1055438816,47.2941682515],[-92.103417817,47.295079871]]]},"properties":{"flat_pct":96}},{"type":"Feature","geometry":{"type":"Polygon","coordinates":[[[-92.1395568777,47.3365620349],[-92.13733027459499,47.33421982322025],[-92.14462,47.32917],[-92.14312,47.32905],[-92.14316396642523,47.32832855093121],[-92.1452842409,47.3257732318],[-92.14864,47.32533],[-92.14863,47.32639],[-92.15037,47.32519],[-92.14944,47.32469],[-92.15107693983978,47.323907687385805],[-92.1520001723,47.3245692116],[-92.1529018761,47.3269393705],[-92.15235819990625,47.32888919874915],[-92.14859,47.32896],[-92.14868,47.33256],[-92.14965899975545,47.33335280955632],[-92.1476011944,47.3382377702],[-92.1448627773,47.3389454478],[-92.1423925706,47.3369888764],[-92.1395568777,47.3365620349]]]},"properties":{"flat_pct":97}},{"type":"Feature","geometry":{"type":"Polygon","coordinates":[[[-92.0424849896,47.3409405779],[-92.04219,47.33915],[-92.03153962323795,47.3390059972245],[-92.0389832815,47.3350440394],[-92.043319166,47.3347252637],[-92.0452564199,47.3359577917],[-92.0457547363,47.338199166],[-92.0447546867,47.3399557856],[-92.0424849896,47.3409405779]]]},"properties":{"flat_pct":100}},{"type":"Feature","geometry":{"type":"Polygon","coordinates":[[[-92.0691116595,47.3665132722],[-92.066089009,47.3663118783],[-92.06368418035635,47.36895461778933],[-92.06359,47.361],[-92.06195518525732,47.360992389130615],[-92.0630446575,47.3582018111],[-92.0620854371251,47.3537],[-92.0681486705675,47.3537],[-92.0686869995,47.3559934364],[-92.0707090581,47.3577849413],[-92.0705093667,47.3650530577],[-92.0691116595,47.3665132722]]]},"properties":{"flat_pct":100}},{"type":"Feature","geometry":{"type":"Polygon","coordinates":[[[-92.09606682700752,47.360876643324616],[-92.0955517793,47.3642832559],[-92.0933639566,47.3665145826],[-92.09122735678066,47.37188264031342],[-92.08522793716485,47.37190387469149],[-92.0862362717,47.366886802],[-92.0891466263,47.3622000994],[-92.0864605405,47.3602421108],[-92.0872228427,47.3569970232],[-92.0890787358,47.3561961032],[-92.0921561829,47.3566765312],[-92.09606682700752,47.360876643324616]]]},"properties":{"flat_pct":100}},{"type":"Feature","geometry":{"type":"Polygon","coordinates":[[[-92.0345501146,47.3571071364],[-92.0345290469,47.3606812701],[-92.0311030248,47.3624202483],[-92.0272912653,47.3670299295],[-92.02595886712335,47.37328172054627],[-92.026,47.37213],[-92.0211,47.37215],[-92.021296726,47.3653815173],[-92.0269693815,47.3578591511],[-92.031707308,47.3559099274],[-92.0345501146,47.3571071364]]]},"properties":{"flat_pct":99}},{"type":"Feature","geometry":{"type":"Polygon","coordinates":[[[-92.0385676808,47.3841332651],[-92.04169469682554,47.3816905052324],[-92.04166,47.38295],[-92.0473,47.38291],[-92.0467810061,47.3860899059],[-92.0410638154,47.389303929],[-92.0378983353,47.3876442269],[-92.0385676808,47.3841332651]]]},"properties":{"flat_pct":100}},{"type":"Feature","geometry":{"type":"Polygon","coordinates":[[[-92.0234185722,47.40967247],[-92.0236784447,47.4067011885],[-92.0216626607,47.4062430733],[-92.0203422862,47.4043645928],[-92.0214547664328,47.401325812787604],[-92.0261473393,47.4011469267],[-92.0273894548,47.4027415931],[-92.0273110382,47.4048228989],[-92.0300721938,47.4027436468],[-92.0310672507,47.3990469637],[-92.0344613653,47.3957318604],[-92.0393927349,47.3970226555],[-92.042878781,47.3958831022],[-92.04727446670512,47.39269606947335],[-92.04732,47.39602],[-92.05039603955571,47.395795686296594],[-92.049684432,47.3976345746],[-92.04576188,47.401173075],[-92.0393935254,47.4032008972],[-92.036286648,47.402202951],[-92.0359923474,47.4049950054],[-92.03252734547206,47.40851099196576],[-92.02612,47.40866],[-92.02608990578915,47.41140609674077],[-92.0234185722,47.40967247]]]},"properties":{"flat_pct":98}},{"type":"Feature","geometry":{"type":"Polygon","coordinates":[[[-92.1667176812,47.4450271437],[-92.1679595814,47.4466219778],[-92.1679078312,47.4486426543],[-92.16661334667317,47.451708083320504],[-92.16462,47.45171],[-92.16456615367115,47.45369692953469],[-92.1633903107,47.4544824832],[-92.1604274389,47.4553321097],[-92.1544722781,47.4549934773],[-92.15167360425141,47.45369791603095],[-92.1482609223,47.4611917183],[-92.1338971679534,47.47093325798055],[-92.13388,47.46675],[-92.12928057189369,47.466808677689286],[-92.143725108,47.4570795066],[-92.15173790399255,47.44079280680651],[-92.1482210268,47.4437120969],[-92.1433147867,47.4447599636],[-92.1409903774,47.443674587],[-92.14040483255211,47.44098521695392],[-92.14434,47.44082],[-92.14445384861743,47.43804209373481],[-92.1458865323,47.4379420672],[-92.14989043596853,47.43482846692036],[-92.14978,47.43695],[-92.15507,47.43674],[-92.1553,47.4331],[-92.15219899243965,47.43321636050884],[-92.15250421349037,47.428201073497554],[-92.1502427998,47.4276266015],[-92.1446142829,47.4276146423],[-92.1403008405,47.4286889554],[-92.13397624388824,47.427892031754986],[-92.13386707408478,47.422008992346264],[-92.1401540527,47.4226370058],[-92.1475476913,47.4214458771],[-92.1528752243,47.4221047515],[-92.15135662385798,47.41497899520126],[-92.14972126357232,47.41583350619757],[-92.14439,47.41555],[-92.1439253365,47.4183300575],[-92.1417169709,47.4177014086],[-92.1405999425,47.4156953365],[-92.1424663746,47.4117045742],[-92.1463668043,47.4108577634],[-92.1492756095,47.409094494],[-92.14958,47.41188],[-92.15489,47.41182],[-92.15464,47.40467],[-92.14845401636225,47.40469923432721],[-92.1505658266,47.3989873426],[-92.1494819627,47.3944385018],[-92.1504436746,47.388644738],[-92.1408788526,47.3889375871],[-92.1329731637,47.3916387024],[-92.1306550519,47.3900181799],[-92.1304829407,47.3869294538],[-92.1326427343,47.3847271482],[-92.1346755187,47.384915759],[-92.1401513874,47.382927262],[-92.1479347413,47.3831541276],[-92.1526347883,47.3804163878],[-92.1547034363,47.3804395062],[-92.1562843186,47.3786430491],[-92.1567650233,47.3763325651],[-92.1528714445,47.3733496368],[-92.1526532831,47.3710377085],[-92.15417422637242,47.36912326626229],[-92.1543,47.37187],[-92.1608363798619,47.37181807548708],[-92.1629782925,47.3752952206],[-92.15936,47.37551],[-92.15934,47.37919],[-92.16230696440576,47.37915175184008],[-92.1615045093,47.3817690728],[-92.1568067451,47.3871316513],[-92.1555467701,47.3942190107],[-92.1567362049,47.3991491487],[-92.1557106605192,47.402138485093914],[-92.158055195,47.4017441248],[-92.1578757127,47.3925684802],[-92.1595768699,47.3903088785],[-92.1615898484,47.3901252234],[-92.1632624115,47.3912602761],[-92.1646958513,47.3980101197],[-92.1629157353,47.4059334039],[-92.1609188101,47.4074388476],[-92.1557320946,47.4084254024],[-92.158014245817,47.416457777501996],[-92.1612465192,47.4175858385],[-92.1654928569,47.4164959458],[-92.1710700615,47.4184614772],[-92.1725168167,47.4208918342],[-92.1719242221,47.4228243568],[-92.1699512399,47.4239988436],[-92.16556,47.42344149321735],[-92.16556,47.4225],[-92.16042,47.42246],[-92.16044228748586,47.423590293926004],[-92.1588267753,47.4230832554],[-92.1586209002,47.4264661232],[-92.17630307059275,47.42678276908882],[-92.17599434590348,47.43277820255458],[-92.1582560904,47.4324605524],[-92.1575107784,47.4438762019],[-92.15455864240782,47.448431397504706],[-92.1599879451,47.4492843711],[-92.1633851789,47.4451054141],[-92.1667176812,47.4450271437]]]},"properties":{"flat_pct":100}},{"type":"Feature","geometry":{"type":"Polygon","coordinates":[[[-92.0165542057,47.4188319273],[-92.0187746619,47.4182474172],[-92.0205685945,47.4191788772],[-92.02052,47.42323],[-92.01565625717399,47.42319958259646],[-92.0154513948,47.4205259226],[-92.0165542057,47.4188319273]]]},"properties":{"flat_pct":100}},{"type":"Feature","geometry":{"type":"Polygon","coordinates":[[[-92.08653,47.43499],[-92.08669391835143,47.4385190656839],[-92.0830174155,47.4401301815],[-92.07655681,47.4398515502],[-92.07224546,47.4407136857],[-92.07083528187555,47.44032409434453],[-92.07079,47.43915],[-92.06548,47.43931],[-92.06522640356695,47.43374773159413],[-92.0662031717,47.4335250487],[-92.0726430741,47.4345949881],[-92.0817697999,47.4341686677],[-92.0902204358,47.4294137306],[-92.1044323074,47.42934617],[-92.10684085517983,47.43084580615539],[-92.09696,47.43106],[-92.09713382783559,47.43529139918841],[-92.08653,47.43499]]]},"properties":{"flat_pct":100}},{"type":"Feature","geometry":{"type":"Polygon","coordinates":[[[-92.10629759680475,47.43451859173323],[-92.10242304998343,47.435608024494755],[-92.10239,47.4346],[-92.10629759680475,47.43451859173323]]]},"properties":{}},{"type":"Feature","geometry":{"type":"Polygon","coordinates":[[[-92.0253063594,47.4424824799],[-92.027767754,47.440569586],[-92.0347098069,47.4417738997],[-92.0373891981,47.4405355633],[-92.0423641223,47.4405725861],[-92.0519108173,47.4349725794],[-92.0570050077,47.4354597701],[-92.05992396933337,47.43394283877674],[-92.06021459381009,47.44090829754646],[-92.0569752396,47.4415099637],[-92.0534722724,47.4408985069],[-92.04815235,47.443620649],[-92.0478420553,47.446087413],[-92.0455012642,47.4481962142],[-92.04207371690154,47.44758089579174],[-92.04205,47.44464],[-92.03156,47.44476],[-92.03097673075237,47.44851939310711],[-92.02631,47.44858],[-92.02631,47.44482],[-92.0250086027,47.4447432774],[-92.0253063594,47.4424824799]]]},"properties":{"flat_pct":99}},{"type":"Feature","geometry":{"type":"Polygon","coordinates":[[[-92.0625891243,47.4831186585],[-92.0605456063,47.4808955402],[-92.05995421147159,47.475911859753595],[-92.06602620546677,47.47574193454851],[-92.0665519789,47.4786123135],[-92.0686561087,47.4805774544],[-92.0691171132,47.4823115775],[-92.0671168569,47.4881934163],[-92.0656818941,47.4896170362],[-92.0633881302,47.4897205996],[-92.0616929638,47.4881718941],[-92.0625891243,47.4831186585]]]},"properties":{"flat_pct":98}},{"type":"Feature","geometry":{"type":"Polygon","coordinates":[[[-92.1261069936,47.4839378741],[-92.1381459248,47.4854211852],[-92.1416702073,47.4841289483],[-92.1563393725,47.4730652671],[-92.1588394383,47.4730279611],[-92.1643924782,47.4705501262],[-92.1668998587,47.4708813739],[-92.168372711,47.4726428459],[-92.1671995241,47.4760190136],[-92.160154457,47.4790228944],[-92.1578612778,47.4789495484],[-92.1550249853,47.4822686876],[-92.14610624980135,47.488169031709646],[-92.12483,47.48848],[-92.12498345045526,47.49601494649255],[-92.1229393174,47.4973133664],[-92.1157003593,47.4966830013],[-92.1121682301,47.4955491183],[-92.1096082296,47.4929202201],[-92.1084596478,47.4933630753],[-92.1058971104,47.4946792497],[-92.104823876,47.4976139165],[-92.1062299384,47.5001807804],[-92.1049588619,47.5037634164],[-92.1013592798,47.5058718744],[-92.0984011172,47.5043353288],[-92.0980809393,47.5023395087],[-92.0991020012,47.5005917546],[-92.0982871783,47.4978970759],[-92.1003520941,47.4913580154],[-92.1020157599,47.4893228883],[-92.1090138175,47.486718867],[-92.1101465074,47.482389177],[-92.10861,47.47803],[-92.1055165769,47.4771422692],[-92.1024060165,47.4732299504],[-92.1016213519,47.4696561028],[-92.1037777005,47.4662685867],[-92.1101940427,47.4645058069],[-92.1138335573,47.4646871855],[-92.1169272331,47.4633832493],[-92.1193645786,47.4641834166],[-92.1202567813,47.4668673895],[-92.1182344475,47.4695034983],[-92.1084831059,47.4714135174],[-92.113028927,47.4749728743],[-92.1159035253,47.471224843],[-92.12374424173377,47.468918741028],[-92.12390901008834,47.47511175849279],[-92.1192109388,47.4764540646],[-92.1161263763,47.481246547],[-92.114659003321,47.489237336425354],[-92.1155383378,47.4903928828],[-92.1201704936,47.4912160647],[-92.1204726184,47.4882288406],[-92.1234408024,47.4845048076],[-92.1261069936,47.4839378741]]]},"properties":{"flat_pct":99}},{"type":"Feature","geometry":{"type":"Polygon","coordinates":[[[-92.0607818452,47.4846063164],[-92.0608782586,47.4871698346],[-92.0592361143,47.4887746524],[-92.0552816489,47.4897019768],[-92.0528253476,47.4878361143],[-92.0528517414,47.4855401654],[-92.0544938857,47.4839353476],[-92.0584483511,47.4830080232],[-92.0607818452,47.4846063164]]]},"properties":{"flat_pct":100}},{"type":"Feature","geometry":{"type":"Polygon","coordinates":[[[-92.2286,47.52779],[-92.23325,47.52758],[-92.22864637590843,47.529836874283504],[-92.2286,47.52779]]]},"properties":{"flat_pct":100}},{"type":"Feature","geometry":{"type":"Polygon","coordinates":[[[-92.11303020744649,47.5431760662503],[-92.1172464752248,47.542279181202005],[-92.11767,47.54315],[-92.11303020744649,47.5431760662503]]]},"properties":{}},{"type":"Feature","geometry":{"type":"Polygon","coordinates":[[[-92.0752907766,47.5488244452],[-92.0744429825,47.5428507193],[-92.06676572585059,47.542931973072406],[-92.0650605902,47.5406488876],[-92.0651241904,47.5366011138],[-92.0680336997,47.5326054222],[-92.07149063,47.533513447],[-92.0721498041,47.5354242848],[-92.0715308494,47.5372868773],[-92.0758066102,47.5346208868],[-92.0794265687,47.5362339386],[-92.0813125551,47.5419074886],[-92.0806427725,47.5456105911],[-92.0837070395,47.5497617566],[-92.09063550025402,47.548574906009584],[-92.09063,47.55061],[-92.09613,47.55075],[-92.09616702895615,47.547987639872304],[-92.11233027466835,47.543389846625054],[-92.11233848293541,47.54966096265894],[-92.0990692443,47.5536995418],[-92.0865573304,47.5550415929],[-92.07083878545163,47.56469169014705],[-92.06961,47.56466],[-92.0677483649,47.5666394873],[-92.05895889431966,47.567598573644474],[-92.05889,47.56455],[-92.05354,47.56449],[-92.05346070434923,47.560683808763265],[-92.0553740773,47.5617324817],[-92.0624605302,47.5614589396],[-92.0655666279,47.5609755927],[-92.07099169946439,47.557413549598486],[-92.07476,47.55744],[-92.07469201284427,47.554983963999156],[-92.0782830515,47.5526563315],[-92.0752907766,47.5488244452]]]},"properties":{"flat_pct":98}},{"type":"Feature","geometry":{"type":"Polygon","coordinates":[[[-92.05000074634958,47.56451626533321],[-92.05354,47.56449],[-92.05360567521738,47.56764241043413],[-92.0508787487,47.5658726969],[-92.05000074634958,47.56451626533321]]]},"properties":{"flat_pct":80}},{"type":"Feature","geometry":{"type":"Polygon","coordinates":[[[-92.5095488113,47.5732925614],[-92.5065365138,47.5704232226],[-92.5068083012918,47.56834686173239],[-92.52363896048934,47.56835585727445],[-92.5220571362,47.5714601623],[-92.5155528324,47.5751550307],[-92.51417459413517,47.57935697798096],[-92.51056,47.57935],[-92.51050203467291,47.58285690228838],[-92.5080254388,47.580600868],[-92.5095488113,47.5732925614]]]},"properties":{"flat_pct":57}},{"type":"Feature","geometry":{"type":"Polygon","coordinates":[[[-92.5485309549,47.5868112263],[-92.5464435001,47.5840219088],[-92.5466677936,47.5806612373],[-92.5503736597,47.5718061835],[-92.55285,47.57148],[-92.55295,47.57513],[-92.55544538072778,47.575093422758066],[-92.55390529757089,47.57882374390607],[-92.55294,47.57885],[-92.552325256,47.5854551398],[-92.5508270554,47.5868120505],[-92.5485309549,47.5868112263]]]},"properties":{"flat_pct":96}},{"type":"Feature","geometry":{"type":"Polygon","coordinates":[[[-92.3180350407,47.6188325974],[-92.3135059149,47.6125636457],[-92.3085837778,47.6121351433],[-92.3063964492,47.6106017892],[-92.30483463352569,47.60782379497713],[-92.30490647304768,47.60168907790212],[-92.3083986008,47.6028319727],[-92.3153321802,47.6014275341],[-92.316605051,47.599601187],[-92.3232621531,47.5965664974],[-92.327099515,47.5974016639],[-92.341409096,47.5945600198],[-92.3437320986,47.5956484038],[-92.3443644637,47.5981345726],[-92.3428437973,47.6002006062],[-92.3268561618,47.6035563207],[-92.3243622063,47.6027523474],[-92.3216994908,47.6042350604],[-92.320390558,47.6070354548],[-92.3252877956,47.6090552719],[-92.3332838509,47.6079070913],[-92.3395577512,47.6081703294],[-92.341575238,47.6105036973],[-92.3406911323,47.6131903482],[-92.3250703277,47.6151895778],[-92.3220986484,47.6142301938],[-92.3296223055,47.6190651686],[-92.3299866478,47.6216044944],[-92.327977194,47.6235949293],[-92.3230287841,47.6222561485],[-92.32120868943515,47.62116738771091],[-92.32127,47.62025],[-92.3180350407,47.6188325974]]]},"properties":{"flat_pct":96}},{"type":"Feature","geometry":{"type":"Polygon","coordinates":[[[-92.3109750777,47.6268036656],[-92.3105979739,47.6244295761],[-92.3119760662,47.6223531594],[-92.3137336319,47.6213547734],[-92.31574111395878,47.621689052449234],[-92.31561,47.62439],[-92.31767534761971,47.62435168186234],[-92.3175918777,47.6252217815],[-92.3166779258,47.6267379215],[-92.3139799859,47.6281486175],[-92.316987176,47.6295081599],[-92.3177219981948,47.63210835078954],[-92.30854118640785,47.632123440172606],[-92.3074740043,47.6304322303],[-92.3077180603,47.6284256789],[-92.3109750777,47.6268036656]]]},"properties":{"flat_pct":100}},{"type":"Feature","geometry":{"type":"Polygon","coordinates":[[[-92.60877813444743,47.639055339402866],[-92.59794822657065,47.64093135376222],[-92.59247375111833,47.640459653268344],[-92.59236,47.63328],[-92.59779,47.63314],[-92.6047997294,47.6302405947],[-92.6078780776,47.6311417062],[-92.6097361837,47.632814481],[-92.613236118,47.6327465018],[-92.614689645,47.6341511623],[-92.61416724982472,47.637549223805685],[-92.61413,47.63641],[-92.60873,47.63653],[-92.60877813444743,47.639055339402866]]]},"properties":{"flat_pct":91}},{"type":"Feature","geometry":{"type":"Polygon","coordinates":[[[-92.6139103485,47.657099551],[-92.6133841099,47.6590511874],[-92.6117392169,47.6602259805],[-92.60750496584755,47.658595804197795],[-92.60922,47.6586],[-92.60909,47.654],[-92.61139476605389,47.6540172641652],[-92.61179,47.65579],[-92.61321729521411,47.65541523533484],[-92.6139103485,47.657099551]]]},"properties":{"flat_pct":94}},{"type":"Feature","geometry":{"type":"Polygon","coordinates":[[[-92.5527696515,47.6693640917],[-92.5564433297,47.6662861476],[-92.5605971442,47.6666118281],[-92.5656508318,47.663164699],[-92.5732230861,47.6616337515],[-92.5758335741,47.662722369],[-92.57677,47.66593],[-92.58206,47.66586],[-92.58195,47.6586],[-92.5869642239,47.6590080135],[-92.5873826402,47.6665522694],[-92.5861973271,47.6689827595],[-92.57678,47.66957],[-92.57679,47.67322],[-92.57142,47.67326],[-92.571761462,47.6680207914],[-92.56613951513793,47.669679816931165],[-92.56079,47.66973],[-92.56069134798257,47.672697781524256],[-92.5546617811,47.6741500072],[-92.5524176041,47.6724285527],[-92.5527696515,47.6693640917]]]},"properties":{"flat_pct":91}},{"type":"Feature","geometry":{"type":"Polygon","coordinates":[[[-92.6134806936,47.7072045062],[-92.6155105825,47.7035171241],[-92.6195165826,47.6999885873],[-92.6256071749,47.6984324988],[-92.6222828382,47.6933300898],[-92.6157607077,47.6910714379],[-92.6091455667,47.6836926206],[-92.6045923239,47.6805737327],[-92.6008787414,47.6810954002],[-92.5983629821,47.6786623011],[-92.5876110912335,47.675997075056515],[-92.58758,47.67316],[-92.59842,47.6731],[-92.59841,47.66218],[-92.5962511251302,47.66218394675479],[-92.5979216831,47.660793828],[-92.5999425335,47.6608382734],[-92.6016095156,47.6624172759],[-92.6020471483,47.6701351913],[-92.6042615685,47.6739612457],[-92.6133160983,47.6792968659],[-92.6195242524,47.6862479882],[-92.62575213623566,47.68835027810259],[-92.62568,47.69138],[-92.62813615867802,47.69137321503128],[-92.6296140716,47.6937351556],[-92.63648842608305,47.69516673961795],[-92.63646,47.69872],[-92.64192,47.69871],[-92.64192,47.69805025391997],[-92.6433520161,47.7008769523],[-92.6460035873,47.7018213031],[-92.6470856058,47.7038464731],[-92.64633150376383,47.70613975613599],[-92.64189,47.70616],[-92.64191,47.70243],[-92.63753804581383,47.70245395591335],[-92.6364947081,47.7014519125],[-92.6231605106,47.7050913998],[-92.6171284024,47.710069091],[-92.6146271241,47.7094994175],[-92.6134806936,47.7072045062]]]},"properties":{"flat_pct":86}},{"type":"Feature","geometry":{"type":"Polygon","coordinates":[[[-92.56029,47.68802],[-92.5602,47.6917],[-92.56506984931234,47.69162877734095],[-92.5631754046,47.6921680463],[-92.56335704606406,47.69900757713644],[-92.5605,47.69906],[-92.56058870662906,47.701166067063994],[-92.54073986796539,47.701052988276615],[-92.54069,47.69809],[-92.53446747041386,47.69809585925573],[-92.5385970661,47.6953203893],[-92.5419500229,47.6946480759],[-92.557765112,47.695166914],[-92.5572583296,47.6889110906],[-92.5587301443,47.6872508416],[-92.5620017082,47.6862637923],[-92.5612012955,47.6838899122],[-92.5628321489,47.6797643171],[-92.5653320823,47.6783899368],[-92.5706494924,47.6781609897],[-92.5730053086861,47.676884220500675],[-92.5802641651407,47.67684735650206],[-92.5789298216,47.6799034919],[-92.5767646479,47.6818677618],[-92.5723578128,47.6840500879],[-92.5678965049,47.6842517396],[-92.5689121079,47.6882553068],[-92.5670702193,47.6909400798],[-92.56567310794453,47.691457054908255],[-92.56574,47.68795],[-92.56029,47.68802]]]},"properties":{"flat_pct":89}},{"type":"Feature","geometry":{"type":"Polygon","coordinates":[[[-92.4407612938,47.6994322213],[-92.4429239358,47.7026093472],[-92.44140700719757,47.70984182903344],[-92.43875,47.70781],[-92.4363053656425,47.70782859037534],[-92.43661154908479,47.70509021648488],[-92.43937,47.70508],[-92.43931,47.70152],[-92.43624998999437,47.70152],[-92.4365025325,47.7007078624],[-92.4384912366,47.6990873759],[-92.4407612938,47.6994322213]]]},"properties":{"flat_pct":100}},{"type":"Feature","geometry":{"type":"Polygon","coordinates":[[[-92.5291626678,47.7133778316],[-92.5250483627,47.7138114086],[-92.5221244753,47.7162248208],[-92.5182910296,47.7170725685],[-92.51328637799409,47.716936297833605],[-92.51336,47.71448],[-92.48859570845208,47.71465760483492],[-92.4920330259,47.7127370012],[-92.4945634827,47.7127508994],[-92.4957112842,47.7107544906],[-92.4945844745,47.7077937893],[-92.49542824051055,47.70290630651185],[-92.50039,47.70263],[-92.50110977532012,47.701471740864186],[-92.5027062075,47.7047508002],[-92.5007746524,47.7074007506],[-92.5021564454,47.7109340031],[-92.5010334695,47.7136228943],[-92.5045262074,47.7140936294],[-92.5123868142,47.7109640338],[-92.5193495187,47.7107892499],[-92.52582189421385,47.70525740013921],[-92.53838884038609,47.70522604157109],[-92.5400027227,47.7067121083],[-92.5403180977,47.7092625177],[-92.5387122783,47.7113662776],[-92.5367395804,47.7118070437],[-92.5337425469,47.7106619761],[-92.5291626678,47.7133778316]]]},"properties":{"flat_pct":99}},{"type":"Feature","geometry":{"type":"Polygon","coordinates":[[[-92.5049365198,47.7201882148],[-92.50258325704053,47.71988601556864],[-92.50266,47.71795],[-92.50995971360614,47.71808786050248],[-92.5049365198,47.7201882148]]]},"properties":{"flat_pct":75}},{"type":"Feature","geometry":{"type":"Polygon","coordinates":[[[-92.62804623196389,47.722926483656636],[-92.62895875285928,47.726548724579104],[-92.61989,47.72649],[-92.61986498865474,47.72830582366589],[-92.6178286797,47.7274313203],[-92.61695,47.72531],[-92.6178286797,47.7231886797],[-92.61995,47.72231],[-92.62804623196389,47.722926483656636]]]},"properties":{"flat_pct":100}},{"type":"Feature","geometry":{"type":"Polygon","coordinates":[[[-92.6017379972,47.732074726],[-92.60394708258661,47.731308406883976],[-92.60396,47.73364],[-92.6120390242,47.7339457963],[-92.60919,47.73006],[-92.60394081977385,47.73017796918101],[-92.6031194805,47.7294293072],[-92.6026902736,47.7266336825],[-92.6050647498,47.7246647433],[-92.6116098708,47.725028012],[-92.6172046302,47.7292974699],[-92.61785313150709,47.73220094292258],[-92.61532,47.73009],[-92.61809135007412,47.73270190253561],[-92.6183417387,47.7356008153],[-92.6149707372,47.7393340766],[-92.61631802136135,47.74441042469157],[-92.61462,47.74442],[-92.61466405764665,47.747100173504066],[-92.6124127233,47.747279519],[-92.6106564732,47.7458004438],[-92.60927771532077,47.74124546312636],[-92.60925,47.73726],[-92.60269475402258,47.73725376877759],[-92.601524726,47.7363120028],[-92.6007537928,47.7341491945],[-92.6017379972,47.732074726]]]},"properties":{"flat_pct":95}},{"type":"Feature","geometry":{"type":"Polygon","coordinates":[[[-92.5960160085,47.7358749188],[-92.5960467712,47.7381708133],[-92.5944450812,47.7398160085],[-92.58816667446632,47.739637981001486],[-92.58818987891775,47.733631343004355],[-92.5940923131,47.7341777691],[-92.5960160085,47.7358749188]]]},"properties":{"flat_pct":100}},{"type":"Feature","geometry":{"type":"Polygon","coordinates":[[[-92.4717926706,47.7478180845],[-92.47744248386647,47.74906161303113],[-92.47738,47.75084],[-92.48783,47.75089],[-92.48778304865063,47.75262719992686],[-92.48426423014125,47.7545661877149],[-92.4697325422,47.754782902],[-92.4658061596,47.758159638],[-92.466,47.76173],[-92.46051,47.76165],[-92.46049395655149,47.762379976907496],[-92.4587931625,47.7607761857],[-92.4585267998,47.7574270281],[-92.4650879276,47.7489586762],[-92.46078765401731,47.74855578545997],[-92.46082,47.74708],[-92.44807002257394,47.747247610763985],[-92.4479961875,47.7463674206],[-92.4487975831,47.7445122432],[-92.4506240781,47.7434094673],[-92.4629523239,47.7427057395],[-92.4590834615,47.7339137927],[-92.4594499664,47.7293461553],[-92.4612,47.72891],[-92.46106860936462,47.72770449092031],[-92.4648046834,47.7244578283],[-92.4702113982,47.7232534094],[-92.47643631003855,47.71999578907799],[-92.47655,47.72149],[-92.48193,47.72147],[-92.48228,47.72516],[-92.47691,47.72518],[-92.47698587863121,47.72638910949292],[-92.4724002571,47.7288765508],[-92.4676624106,47.7298581115],[-92.4650290187,47.7322120161],[-92.4693431562,47.7419326793],[-92.4694046872,47.7447912351],[-92.4717926706,47.7478180845]]]},"properties":{"flat_pct":95}},{"type":"Feature","geometry":{"type":"Polygon","coordinates":[[[-92.4827247776,47.7403703544],[-92.4846096605,47.7390591357],[-92.4868696456,47.7394647776],[-92.4881808643,47.7413496605],[-92.48785837497033,47.74347856979142],[-92.48323,47.74344],[-92.4832,47.74253],[-92.48180038869916,47.74253],[-92.4827247776,47.7403703544]]]},"properties":{"flat_pct":94}},{"type":"Feature","geometry":{"type":"Polygon","coordinates":[[[-92.54476632,47.7411596543],[-92.54536,47.74398],[-92.54257250181224,47.743956803066396],[-92.5432959745,47.742093266],[-92.54476632,47.7411596543]]]},"properties":{}},{"type":"Feature","geometry":{"type":"Polygon","coordinates":[[[-92.5510255577,47.7464919643],[-92.55062691156975,47.739507319192484],[-92.5579782296,47.7425238015],[-92.56641461218835,47.741437237469356],[-92.56645136887428,47.747472016995076],[-92.5573383284,47.7486050841],[-92.5510255577,47.7464919643]]]},"properties":{"flat_pct":99}},{"type":"Feature","geometry":{"type":"Polygon","coordinates":[[[-92.48314714319874,47.7454529328779],[-92.48181729652366,47.74344],[-92.48323,47.74344],[-92.48314714319874,47.7454529328779]]]},"properties":{}},{"type":"Feature","geometry":{"type":"Polygon","coordinates":[[[-92.48783,47.75089],[-92.48789877199671,47.748341997521614],[-92.4887335517,47.7506165919],[-92.48783,47.75089]]]},"properties":{}},{"type":"Feature","geometry":{"type":"Polygon","coordinates":[[[-92.5934,47.75536],[-92.59876,47.75539],[-92.59876,47.75176],[-92.58924219936796,47.751724218794614],[-92.5935201866,47.75086481],[-92.5986272559,47.7516442476],[-92.6052467618,47.7510574408],[-92.6026204986,47.7477569563],[-92.6025936095087,47.74447123619535],[-92.6081791278248,47.74445354931024],[-92.6121016735,47.7515919935],[-92.6107430909,47.7548825467],[-92.6056320526,47.7571510176],[-92.601656783,47.7568451922],[-92.5985750194,47.7577188839],[-92.59338678904953,47.75695412135586],[-92.5934,47.75536]]]},"properties":{"flat_pct":98}},{"type":"Feature","geometry":{"type":"Polygon","coordinates":[[[-92.6181234873,47.7584907008],[-92.6165376209,47.7552875924],[-92.6191424519,47.7528401996],[-92.62008926541101,47.75280876826841],[-92.62013,47.75528],[-92.62395,47.75522],[-92.62552,47.75792],[-92.62553,47.75882],[-92.6181234873,47.7584907008]]]},"properties":{"flat_pct":95}},{"type":"Feature","geometry":{"type":"Polygon","coordinates":[[[-92.5860389327,47.7548676175],[-92.58810859664305,47.75235244771989],[-92.58799,47.75893],[-92.59138998170489,47.758961598342985],[-92.589491475,47.7603094577],[-92.5872199336,47.7599745282],[-92.5858505423,47.758131475],[-92.5860389327,47.7548676175]]]},"properties":{"flat_pct":100}},{"type":"Feature","geometry":{"type":"Polygon","coordinates":[[[-92.46043,47.76529],[-92.46717693102285,47.76533114947375],[-92.4650804209,47.7674411687],[-92.4633404703,47.773479589],[-92.4608935851,47.7748982112],[-92.4587431903,47.7740933012],[-92.4577917888,47.7720035851],[-92.46046888438332,47.76352076055904],[-92.46043,47.76529]]]},"properties":{"flat_pct":87}},{"type":"Feature","geometry":{"type":"Polygon","coordinates":[[[-92.4528566271,47.7746455922],[-92.44964739135779,47.773377813226936],[-92.44959,47.76907],[-92.45497,47.769],[-92.45498507058734,47.76624208251691],[-92.4563399802,47.7687391103],[-92.4547112959,47.7732919742],[-92.4528566271,47.7746455922]]]},"properties":{"flat_pct":75}},{"type":"Feature","geometry":{"type":"Polygon","coordinates":[[[-92.5221194946,47.7844732698],[-92.52181020847397,47.780327691186024],[-92.52515,47.78034],[-92.52516409996291,47.775144163671406],[-92.526521944,47.7722227254],[-92.5283794118,47.7708729508],[-92.5306472746,47.771231944],[-92.5319828627,47.7745472239],[-92.5288416733,47.7799671308],[-92.5275897214,47.7852574897],[-92.524774814,47.7865188996],[-92.5221194946,47.7844732698]]]},"properties":{"flat_pct":91}},{"type":"Feature","geometry":{"type":"Polygon","coordinates":[[[-92.43895,47.77647],[-92.44422873017315,47.77643075293551],[-92.44432,47.78001],[-92.4477995703,47.7802689729],[-92.4483899903,47.7839623847],[-92.4476618658,47.7885077293],[-92.4469562889332,47.7908050976932],[-92.44428,47.7908],[-92.44423,47.79442],[-92.45268266939817,47.794444219683086],[-92.4570868768,47.7974354972],[-92.4628133816,47.7983544197],[-92.465021656,47.8000210169],[-92.46507,47.80179],[-92.45298422538714,47.8018208507329],[-92.44940615643858,47.79950902265165],[-92.44941,47.79806],[-92.43904,47.79831],[-92.43902568088484,47.7948352280523],[-92.4416607097,47.787646672],[-92.4417620692,47.7837026228],[-92.441712699,47.7822149094],[-92.43896209249442,47.77940444531264],[-92.43895,47.77647]]]},"properties":{"flat_pct":91}},{"type":"Feature","geometry":{"type":"Polygon","coordinates":[[[-92.1632719515151,47.89182195757459],[-92.161763418,47.8903847037],[-92.16156785824863,47.88828475127306],[-92.1701923696911,47.88837381370977],[-92.1685847037,47.890396582],[-92.1632719515151,47.89182195757459]]]},"properties":{"flat_pct":73}},{"type":"Feature","geometry":{"type":"Polygon","coordinates":[[[-92.4193006611,48.0030196788],[-92.4152111136,47.9985629037],[-92.4140969326,47.996020949],[-92.4082708419,47.9950367818],[-92.4007771487,47.9957624395],[-92.3960686659,47.9941416861],[-92.393853942,47.9909548505],[-92.3902056977,47.9887854008],[-92.390129501,47.9857017256],[-92.3916598643,47.9843811954],[-92.3936805867,47.984331264],[-92.39529620988176,47.98503130912269],[-92.39531,47.9863],[-92.39792768886642,47.98633102092549],[-92.3997031763,47.9891316557],[-92.4016083457,47.9898064032],[-92.40635835423136,47.989297764868006],[-92.40638,47.99009],[-92.4197406877,47.9908980531],[-92.4210359916,47.9933248739],[-92.420727018,47.9955640628],[-92.4243553189,47.9993001688],[-92.4325591855,48.0024792799],[-92.4378649154,48.0078491682],[-92.4393468087042,48.011840262919314],[-92.4390413335,48.022752503],[-92.436347368,48.0263367579],[-92.4290576935,48.0296396425],[-92.41687,48.02979],[-92.41687620725862,48.034769179639376],[-92.4146666858905,48.037001854661334],[-92.41146,48.03699],[-92.41145178732822,48.03995066817697],[-92.4045489774,48.0427420152],[-92.40373306546502,48.044171492835055],[-92.40063,48.04416],[-92.40060896975982,48.04820481619516],[-92.3954320196,48.0520830028],[-92.3906790494,48.0530001488],[-92.3856848947,48.0591891606],[-92.3970090737,48.0574451188],[-92.40057029387562,48.055643477924],[-92.40455317170633,48.055692637390564],[-92.4067112456,48.0581756336],[-92.4052598711,48.0611765018],[-92.4025697306,48.0613560766],[-92.398127061,48.0635437424],[-92.3957157581,48.0633196638],[-92.381560035,48.0668987292],[-92.3716278796,48.0656537523],[-92.365217342,48.0684465121],[-92.3599655747,48.0693929482],[-92.3568140061,48.0689825643],[-92.3558850186,48.0697678939],[-92.3553763718,48.0725498866],[-92.3528953998,48.0755291586],[-92.3529862155,48.0773702413],[-92.3604866741,48.0789056447],[-92.3626041029,48.0821977598],[-92.3625580596,48.0844933987],[-92.3594561389,48.0862690573],[-92.3556343662,48.0840313472],[-92.3495954782,48.0832584712],[-92.3462652881,48.0914763384],[-92.3502246532,48.0904450883],[-92.355555034,48.0913065669],[-92.3587220774,48.0930488719],[-92.3664330739,48.0931764796],[-92.3688600344,48.0945587781],[-92.3745820058,48.0938010224],[-92.3766337688,48.0953408891],[-92.3768458187,48.0976271771],[-92.3753791109,48.0993937688],[-92.3704219787,48.1007794389],[-92.3632233151,48.098780526],[-92.3574088293,48.0990944873],[-92.3537583668,48.0970803074],[-92.3505099698,48.0965537251],[-92.3455860809,48.097483227],[-92.3445770318,48.0996875998],[-92.3418672426,48.1008760023],[-92.3411377687,48.103725896],[-92.3432756726,48.1141723575],[-92.3487365263,48.1177674544],[-92.351223604,48.1205293778],[-92.3525342621,48.1238638761],[-92.3563035324,48.1220882925],[-92.3616409728,48.1218797816],[-92.3629043537,48.1190311762],[-92.3661401808,48.117915856],[-92.3680667661,48.1154237253],[-92.3725599556,48.1136673618],[-92.3740994723,48.1106127601],[-92.3779825275,48.1076458924],[-92.38782216711166,48.10760899654417],[-92.38785558305928,48.113607159140805],[-92.3798086532,48.1134452309],[-92.3765996608,48.1187406371],[-92.3714395687,48.1207309225],[-92.3698128338,48.1230167547],[-92.3673444664,48.1237954013],[-92.365057844,48.1273101578],[-92.3565468184,48.1286301221],[-92.3595618617,48.1336178196],[-92.3612014336,48.1396634492],[-92.359819952,48.1424214136],[-92.3569996479,48.1426350042],[-92.355532973,48.1412440777],[-92.3527641306,48.1333758341],[-92.3507346838,48.1320546483],[-92.3467401757,48.1266985772],[-92.3459524407,48.1238256572],[-92.3377623892,48.1169407292],[-92.33728942822367,48.11463202563884],[-92.33895,48.1153],[-92.34025,48.11393],[-92.33935,48.11176],[-92.33688207614972,48.111229917764554],[-92.3375,48.10834],[-92.33619601747492,48.10857889756185],[-92.3353577905,48.1053398792],[-92.3310774397,48.1040756827],[-92.3239447182,48.0962683084],[-92.3218971061,48.0919717435],[-92.319074513,48.088925847],[-92.3189663726,48.0863627968],[-92.3208790336,48.0846532212],[-92.3234139327,48.0850471849],[-92.3271286806,48.0888257589],[-92.328470935,48.0922979607],[-92.3349295694,48.0992944466],[-92.3361395398,48.0990564831],[-92.3361394725,48.096215591],[-92.3385851619,48.0944528404],[-92.3444859568,48.0799314097],[-92.346989106,48.0775767314],[-92.3428723545,48.0782352534],[-92.3387983314,48.0805788882],[-92.3367017174,48.0796427857],[-92.33588526366925,48.07768821942022],[-92.34468,48.0778],[-92.34462400046736,48.071528052345215],[-92.3477772518,48.0696076125],[-92.3473165832,48.067492923],[-92.3485148212,48.0655342746],[-92.352155421,48.0650641055],[-92.3552442131,48.0628871055],[-92.3605646412,48.0632055683],[-92.3626795675,48.0609343648],[-92.3655279652,48.061321957],[-92.3739078984,48.0594463046],[-92.3760229496,48.0566377303],[-92.3819403214,48.0544730746],[-92.3805336594865,48.05160293139707],[-92.3845,48.05164],[-92.38452586276276,48.04819163163198],[-92.38988,48.04769],[-92.38988887621635,48.04449456211412],[-92.3917136246,48.0465459404],[-92.3940507858,48.0460770745],[-92.3984287181,48.0413609024],[-92.3977476667,48.0390235091],[-92.3991485934,48.0368744802],[-92.4029891105,48.0369013273],[-92.4085431182,48.0346597355],[-92.4155576681,48.0277871641],[-92.4327708725,48.0214196377],[-92.4333035188,48.0205395028],[-92.4317180766,48.0195538369],[-92.4310201199,48.0176568213],[-92.4316840461,48.0157476294],[-92.433672353,48.0146514329],[-92.4329048713,48.0113922273],[-92.42747041396774,48.00690465442477],[-92.4204296788,48.0071093389],[-92.4190181737,48.0052983361],[-92.4193006611,48.0030196788]]]},"properties":{"flat_pct":83}},{"type":"Feature","geometry":{"type":"Polygon","coordinates":[[[-92.2911746055,48.1140505285],[-92.2927831831,48.1167589034],[-92.291824786,48.1196751815],[-92.2934044867,48.1217264714],[-92.2931594633,48.1261712154],[-92.2921062337,48.1282115059],[-92.2899187846,48.1289094633],[-92.2875447843,48.1273719788],[-92.2872681408,48.1246262959],[-92.2844940133,48.1243699013],[-92.2830100871,48.1229973945],[-92.2829100987,48.1204340133],[-92.2855101368,48.117129376],[-92.2850650198,48.1143483135],[-92.281466197,48.112504799],[-92.280350104,48.1101949814],[-92.2819138272,48.1075361041],[-92.2852648059,48.1073303553],[-92.2855715513,48.0997345233],[-92.2902576843,48.0916455426],[-92.290654129,48.0902830486],[-92.2894638016,48.0892557083],[-92.2842449808,48.0876045246],[-92.2828017879,48.0860303454],[-92.2791252468,48.0862950924],[-92.2756086011,48.0888416915],[-92.2656661032,48.0900675776],[-92.2579066375,48.0904799771],[-92.2544166475,48.0881716562],[-92.2545040972,48.0858772216],[-92.2561883438,48.0843166475],[-92.2739073504,48.0828876196],[-92.2764610402,48.0807087812],[-92.2739857734,48.0787192964],[-92.2733921058,48.0750822737],[-92.2745264389,48.0708571462],[-92.2782893479,48.066165877],[-92.2747513547,48.0630898938],[-92.2695258671,48.0614725682],[-92.2659152779,48.0564623802],[-92.2668036822,48.0540139684],[-92.272672009,48.0503819572],[-92.2664678263,48.0523783725],[-92.262101692,48.0559963697],[-92.25975887334455,48.055658509800644],[-92.2585141963,48.0541618218],[-92.2588783064,48.0513569761],[-92.2642598009,48.0465335827],[-92.2709488164,48.0444983585],[-92.275681795,48.044274923],[-92.2786467762,48.0462336978],[-92.2790259904,48.0500939433],[-92.2877545263,48.0470445671],[-92.2920038925,48.0476900309],[-92.2935699445,48.0493691852],[-92.2933549008,48.0519254866],[-92.2915303321,48.0533194117],[-92.288088448,48.0530892745],[-92.2817760928331,48.05552442612929],[-92.2721,48.05556],[-92.27213,48.0592],[-92.28302,48.05914],[-92.28306,48.06273],[-92.28484690889782,48.06273683591775],[-92.2842272284,48.065146448],[-92.2853802069,48.0710150986],[-92.283688917,48.0725680365],[-92.2806795572,48.0724836621],[-92.2794532076,48.0755002518],[-92.287621165,48.0824245234],[-92.29233718906772,48.08385806437932],[-92.29234,48.08487],[-92.2945919709,48.0856486114],[-92.3017440557,48.0855635036],[-92.3040444719,48.0876184839],[-92.3039598385,48.0896380504],[-92.3026132166,48.0911455057],[-92.2965181744,48.0916054717],[-92.2933600688,48.0979689022],[-92.2911270086,48.1049226289],[-92.292994754,48.106600311],[-92.2933893321,48.1085678629],[-92.2912068829,48.1117667904],[-92.2911746055,48.1140505285]]]},"properties":{"flat_pct":86}},{"type":"Feature","geometry":{"type":"Polygon","coordinates":[[[-92.1323513434,48.0879733924],[-92.13184,48.08563],[-92.13004297085567,48.085639873786505],[-92.129739285,48.0815903854],[-92.1331682698,48.0754084402],[-92.1306641722,48.0752223608],[-92.1255485352,48.0779589446],[-92.1113338047,48.0820411381],[-92.1006890712,48.0832146496],[-92.0982754731,48.0867570501],[-92.0891850706,48.0940228918],[-92.0880148421,48.096511166],[-92.0845198127,48.096627834],[-92.0795806402,48.1002378545],[-92.0816835184,48.102935965],[-92.080383375,48.1057331933],[-92.0784259453,48.1062374561],[-92.0761203685,48.1051353158],[-92.073250323,48.1060119923],[-92.0710326353,48.1038679961],[-92.0711967513,48.1018533304],[-92.0742445025,48.0967948386],[-92.0887276612,48.0867150615],[-92.0898124235,48.0823996294],[-92.0919994631,48.08170039],[-92.0938982264,48.0825943288],[-92.0975566911,48.0779419011],[-92.1099300227,48.0761816306],[-92.1230805035,48.0723982718],[-92.12629021662906,48.070257949227695],[-92.12628,48.07118],[-92.14519797689698,48.07104971090291],[-92.1559573065,48.0817546734],[-92.1568321299,48.08366284],[-92.1543934729,48.0925286829],[-92.1571774034,48.1040259799],[-92.1517499439,48.1109278054],[-92.1515715927,48.1163729303],[-92.150207618,48.1182199958],[-92.14853778081337,48.118646645088006],[-92.14853,48.10731],[-92.1469411659563,48.107320124568325],[-92.151058079,48.1024901034],[-92.1483906788,48.0925961847],[-92.1503853046,48.0846729844],[-92.1406877806,48.0756158251],[-92.1358435689,48.0832828911],[-92.1354495247,48.0867433637],[-92.1323513434,48.0879733924]],[[-92.09944,48.08238],[-92.10486,48.08233],[-92.10475,48.07869],[-92.09933,48.07875],[-92.09944,48.08238]]]},"properties":{"flat_pct":89}},{"type":"Feature","geometry":{"type":"Polygon","coordinates":[[[-92.0429371895,48.1068201877],[-92.0406411538,48.106802933],[-92.0389327158,48.1048892558],[-92.0387358044,48.1008375969],[-92.0407507442,48.0988527158],[-92.0430340327,48.0990949383],[-92.0444772842,48.1008807442],[-92.0446741956,48.1049324031],[-92.0429371895,48.1068201877]]]},"properties":{"flat_pct":93}},{"type":"Feature","geometry":{"type":"Polygon","coordinates":[[[-92.1162734789,48.1089420437],[-92.1113046766,48.115451244],[-92.111660407,48.1180044731],[-92.1094686431,48.1205184371],[-92.109155819378,48.12231913043511],[-92.10541,48.12238],[-92.10531893820483,48.12509667688922],[-92.103151783,48.1237451372],[-92.1009880276,48.1264200329],[-92.0982683849,48.1268718033],[-92.0917868066,48.1237102017],[-92.0896529422,48.1096828336],[-92.091120048,48.1069694483],[-92.0933928861,48.106643435],[-92.0952305517,48.108020048],[-92.0975566836,48.1190924221],[-92.1026479027,48.1210509284],[-92.10352483986284,48.11872668588506],[-92.10532,48.11872],[-92.10516654349198,48.112909819109625],[-92.1090706823,48.1082053275],[-92.1111418121,48.1025868808],[-92.1150999218,48.1004778833],[-92.1230791902,48.0993621267],[-92.12655,48.096999628954116],[-92.12655,48.10018],[-92.13032633776542,48.10015932661807],[-92.1291049992,48.1028975168],[-92.1252481639,48.1049850172],[-92.1160554185,48.1066870786],[-92.1162734789,48.1089420437]]]},"properties":{"flat_pct":87}},{"type":"Feature","geometry":{"type":"Polygon","coordinates":[[[-92.5893651667,48.1349661993],[-92.5862137347,48.1316057331],[-92.5862539979,48.1289252938],[-92.58312625144262,48.127082066565315],[-92.58308,48.12428],[-92.57795,48.12429],[-92.57785245239377,48.119583987104726],[-92.5787399696,48.1190873451],[-92.5783349933,48.1167831247],[-92.5793105233,48.1143800752],[-92.57773160245381,48.11375379405535],[-92.57758,48.10644],[-92.58289,48.10646],[-92.58298,48.11832],[-92.59188111243832,48.11837785309848],[-92.5899474351,48.1199104704],[-92.5877080177,48.1195893296],[-92.587445942,48.1229143286],[-92.5921171681,48.1255298445],[-92.5922079256,48.1296766249],[-92.5951045692,48.1330518068],[-92.5952961701849,48.13618791528406],[-92.59416,48.13619],[-92.5938691425,48.1383150806],[-92.5913158574,48.1385633871],[-92.5897549194,48.1372791425],[-92.5893651667,48.1349661993]]]},"properties":{"flat_pct":85}},{"type":"Feature","geometry":{"type":"Polygon","coordinates":[[[-92.1341541606,48.122085974],[-92.1317786601,48.1232004064],[-92.1330332559,48.1247898437],[-92.1357676441,48.1253718051],[-92.138892099,48.1245395691],[-92.14082775632933,48.125555115729334],[-92.12669,48.12565],[-92.12674,48.12204],[-92.1341541606,48.122085974]]]},"properties":{"flat_pct":83}},{"type":"Feature","geometry":{"type":"Polygon","coordinates":[[[-92.3013338678,48.1267255854],[-92.3035920119,48.1288269288],[-92.30239,48.13049],[-92.29887,48.13162],[-92.29886,48.13072],[-92.2971,48.13038],[-92.29695,48.13204],[-92.29522,48.13073],[-92.29305324555155,48.13129011605051],[-92.2928212957,48.1287101595],[-92.2948420045,48.1263152057],[-92.2971299041,48.126121316],[-92.2987589706,48.1273854397],[-92.3013338678,48.1267255854]]]},"properties":{"flat_pct":96}},{"type":"Feature","geometry":{"type":"Polygon","coordinates":[[[-92.141345933,48.1320397709],[-92.13746950251235,48.13114466333055],[-92.1375,48.1292],[-92.14306,48.12917],[-92.14307810810206,48.12588337947465],[-92.1486816803,48.1309400525],[-92.1493524395,48.1330528518],[-92.14646,48.13467],[-92.14304804326697,48.13444079613011],[-92.141345933,48.1320397709]]]},"properties":{"flat_pct":70}},{"type":"Feature","geometry":{"type":"Polygon","coordinates":[[[-92.643363976,48.1309909122],[-92.6463548223046,48.13275284823781],[-92.63764652739026,48.13268309602962],[-92.639702103,48.1313264975],[-92.643363976,48.1309909122]]]},"properties":{"flat_pct":75}},{"type":"Feature","geometry":{"type":"Polygon","coordinates":[[[-92.2365448423,48.1343366417],[-92.2401122692,48.1307729899],[-92.2506948439,48.1265970159],[-92.25207978157337,48.124750738065885],[-92.25492,48.12474],[-92.25493001713838,48.124013757467644],[-92.2569670861,48.1258515731],[-92.2568933305,48.1281464888],[-92.2545321921,48.1313255152],[-92.2436107337,48.1356872269],[-92.2400854531,48.140084672],[-92.2381101509,48.140272356],[-92.2362852017,48.1389487106],[-92.2365448423,48.1343366417]]]},"properties":{"flat_pct":97}},{"type":"Feature","geometry":{"type":"Polygon","coordinates":[[[-92.1883759935,48.1299895587],[-92.1895573275,48.1319584487],[-92.1890004413,48.1341859935],[-92.1868315513,48.1354873275],[-92.1846040065,48.1349304413],[-92.1834226725,48.1329615513],[-92.1839795587,48.1307340065],[-92.1861484487,48.1294326725],[-92.1883759935,48.1299895587]]]},"properties":{"flat_pct":62}},{"type":"Feature","geometry":{"type":"Polygon","coordinates":[[[-92.63188513270462,48.13819214666281],[-92.63191,48.1362],[-92.63733,48.13625],[-92.63726694195074,48.139095494472755],[-92.63188513270462,48.13819214666281]]]},"properties":{"flat_pct":80}},{"type":"Feature","geometry":{"type":"Polygon","coordinates":[[[-92.2272324985,48.1374668251],[-92.2287027403,48.1353646097],[-92.2309806378,48.1350760594],[-92.2345814744,48.1366804764],[-92.2354139406,48.1396506378],[-92.2340072597,48.1414653903],[-92.2317293622,48.1417539406],[-92.2281285256,48.1401495236],[-92.2272324985,48.1374668251]]]},"properties":{"flat_pct":88}},{"type":"Feature","geometry":{"type":"Polygon","coordinates":[[[-92.3285592781,48.1474581747],[-92.3228766007,48.1393270832],[-92.32192222571436,48.13545772907248],[-92.32301,48.13546],[-92.3230315769,48.1324339285],[-92.3254809124,48.1311804262],[-92.3276114414,48.131264927],[-92.3299066981,48.1333256685],[-92.328951643,48.1365218701],[-92.3312017376,48.1387384766],[-92.3328870614,48.1441887144],[-92.3326081747,48.1461907219],[-92.3308462244,48.1476630022],[-92.3285592781,48.1474581747]]]},"properties":{"flat_pct":87}},{"type":"Feature","geometry":{"type":"Polygon","coordinates":[[[-92.6114177204,48.1401431165],[-92.6123241909,48.1383745845],[-92.6156819803,48.1359252183],[-92.6241641528,48.1354750086],[-92.62643189780383,48.13287138594686],[-92.62648,48.13975],[-92.62111,48.13976],[-92.6210992010296,48.141714613643806],[-92.618559191,48.1412156068],[-92.6178575064,48.1447608891],[-92.6164344173,48.1461963784],[-92.6129259069,48.1455143003],[-92.6114177204,48.1401431165]]]},"properties":{"flat_pct":81}},{"type":"Feature","geometry":{"type":"Polygon","coordinates":[[[-92.1904697523,48.1443711894],[-92.1874443038,48.1424681557],[-92.1880948086,48.1389635327],[-92.1919932145,48.1377434203],[-92.1959948919,48.1391548962],[-92.1967981297,48.1413059161],[-92.1958451038,48.1433948919],[-92.1904697523,48.1443711894]]]},"properties":{"flat_pct":71}},{"type":"Feature","geometry":{"type":"Polygon","coordinates":[[[-92.20505890579939,48.144446596709265],[-92.2046398757,48.1416268191],[-92.20507620435862,48.140830645619516],[-92.20617,48.14207],[-92.20503,48.1433],[-92.20505890579939,48.144446596709265]]]},"properties":{}},{"type":"Feature","geometry":{"type":"Polygon","coordinates":[[[-92.4165122172,48.1398678858],[-92.4143780668,48.1384443962],[-92.4146535725,48.1349749319],[-92.4100694942,48.1292962023],[-92.4103772458,48.1270208195],[-92.4122037977,48.1256294942],[-92.4162416238,48.1268676308],[-92.4216262078,48.1342512996],[-92.4272664699,48.1346489727],[-92.4332542366,48.1372330922],[-92.4343271866,48.1422827592],[-92.4364483027,48.1432872355],[-92.4372594524,48.1455547399],[-92.4398620731,48.1461203927],[-92.4431892669,48.1491503598],[-92.442477725,48.1563878146],[-92.4385953372,48.1596654217],[-92.4357707487,48.1595190116],[-92.43435367,48.1565017966],[-92.4369344313,48.1515665689],[-92.4313863275,48.1499474448],[-92.4285416137,48.144641645],[-92.4282835997,48.1414876058],[-92.4185731375,48.1394505993],[-92.4165122172,48.1398678858]]]},"properties":{"flat_pct":71}},{"type":"Feature","geometry":{"type":"Polygon","coordinates":[[[-92.2631077862,48.1519747687],[-92.2545065316,48.1546480667],[-92.2461608601,48.1595711283],[-92.2438819572,48.1592906301],[-92.2424688717,48.1574808601],[-92.2437543744,48.1541458401],[-92.2523659012,48.1488547044],[-92.2587932223,48.1473588756],[-92.2606016289,48.1411989437],[-92.2630347766,48.1392797422],[-92.256921787,48.1406146352],[-92.2550494726,48.1392855314],[-92.2546139513,48.137311669],[-92.25550029632224,48.13554],[-92.26001,48.13554],[-92.26011,48.13192],[-92.25801600341946,48.13192774120732],[-92.2578528204,48.1308199449],[-92.2586156549,48.1289480754],[-92.2603928354,48.1279850379],[-92.2626232807,48.128530191],[-92.26578982197803,48.13189870692247],[-92.26544,48.13553],[-92.268611502037,48.13552707695665],[-92.2690017082,48.1386473836],[-92.2709327309,48.1419285717],[-92.2696395241,48.1447290136],[-92.2661311831,48.1452540801],[-92.2660162483,48.1473045232],[-92.2631077862,48.1519747687]]]},"properties":{"flat_pct":83}},{"type":"Feature","geometry":{"type":"Polygon","coordinates":[[[-92.2052734405093,48.14470040884567],[-92.20713,48.14228],[-92.2059291135,48.1400700026],[-92.2111056914,48.1401437151],[-92.21200260406812,48.14092868081731],[-92.21198,48.14298],[-92.21389825791404,48.14297290847352],[-92.2145896551,48.1441553118],[-92.2139826722,48.1481265681],[-92.212212583,48.1495463001],[-92.21014,48.14946],[-92.2052734405093,48.14470040884567]]]},"properties":{"flat_pct":70}},{"type":"Feature","geometry":{"type":"Polygon","coordinates":[[[-92.3818699984,48.1494031381],[-92.38043106504148,48.151964841272346],[-92.37276,48.15188],[-92.3729,48.15553],[-92.3708621379,48.1547001281],[-92.3712735171,48.1507845344],[-92.3774585781,48.1467527584],[-92.380286957,48.1467557169],[-92.3818699984,48.1494031381]]]},"properties":{"flat_pct":86}},{"type":"Feature","geometry":{"type":"Polygon","coordinates":[[[-92.4037358083,48.1537242048],[-92.400744897,48.1564399957],[-92.3977562748,48.15470259],[-92.3972824483,48.1525171203],[-92.3992101245,48.1476178678],[-92.4064448264,48.1473994353],[-92.4085561181,48.1488566136],[-92.4081522644,48.1524079201],[-92.4037358083,48.1537242048]]]},"properties":{"flat_pct":78}},{"type":"Feature","geometry":{"type":"Polygon","coordinates":[[[-92.5618033233,48.1663947603],[-92.55026625711594,48.16439097084587],[-92.5425257816,48.1614280174],[-92.5385691968,48.1564462765],[-92.5379954962,48.1534977218],[-92.5360592258,48.1562009821],[-92.532974649,48.1561853233],[-92.5315409073,48.1533375561],[-92.52971297810367,48.152880573758374],[-92.5294668321694,48.1469648664715],[-92.5378695773,48.1493515688],[-92.5398528366,48.1474350616],[-92.54582586086046,48.147063593271874],[-92.54608964646965,48.15304822928005],[-92.5439895979,48.1531543289],[-92.54627,48.15714],[-92.5621586724,48.1611151778],[-92.5635632278,48.1638614631],[-92.5618033233,48.1663947603]],[[-92.5352,48.1535],[-92.54069,48.15349],[-92.54051,48.14986],[-92.53503,48.14986],[-92.5352,48.1535]]]},"properties":{"flat_pct":82}},{"type":"Feature","geometry":{"type":"Polygon","coordinates":[[[-92.3729,48.15553],[-92.3783,48.15557],[-92.37832521700817,48.15633281449709],[-92.3748511781,48.1625241429],[-92.3716667083,48.1643133623],[-92.36785052625967,48.164890348588656],[-92.3678,48.16283],[-92.37317,48.16283],[-92.3729,48.15553]]]},"properties":{"flat_pct":92}},{"type":"Feature","geometry":{"type":"Polygon","coordinates":[[[-92.4043563458,48.1729307252],[-92.4019284939,48.1671241656],[-92.3979443993,48.1654517966],[-92.3946302321,48.162163498],[-92.3910307219,48.1603677598],[-92.3878759035,48.1560267164],[-92.3872035162,48.153084463],[-92.3854284142,48.1506718829],[-92.38570681784502,48.1484307762013],[-92.38782,48.14847],[-92.38785,48.14664],[-92.38622079928594,48.146621830475304],[-92.387100406,48.1456647843],[-92.3890523822,48.1451398076],[-92.390894322,48.1459723156],[-92.3939375742,48.149752186],[-92.3934051781,48.1534805978],[-92.3948798366,48.1556308966],[-92.3984294369,48.1573971068],[-92.400688915,48.1600731908],[-92.4033425824,48.1605694343],[-92.4061168942,48.1628147567],[-92.41003,48.1697281582],[-92.4132260714,48.1702586368],[-92.4145399092,48.1727633456],[-92.4136447483,48.1748777639],[-92.4115166544,48.1757399092],[-92.4080144319,48.1755637457],[-92.4043563458,48.1729307252]]]},"properties":{"flat_pct":89}},{"type":"Feature","geometry":{"type":"Polygon","coordinates":[[[-92.36080766185259,48.162938962274715],[-92.36242245741491,48.160633892787736],[-92.36251,48.16291],[-92.36080766185259,48.162938962274715]]]},"properties":{}},{"type":"Feature","geometry":{"type":"Polygon","coordinates":[[[-92.480668213,48.1636546352],[-92.4764244686,48.1627305274],[-92.47571,48.16024],[-92.48115,48.16028],[-92.480668213,48.1636546352]]]},"properties":{"flat_pct":30}},{"type":"Feature","geometry":{"type":"Polygon","coordinates":[[[-92.4526099338,48.1578],[-92.45413325170699,48.158219605696694],[-92.45436897466094,48.16772194575835],[-92.4514930772,48.1667116447],[-92.4493734518,48.1620397848],[-92.4502909266,48.1588968713],[-92.4526099338,48.1578]]]},"properties":{"flat_pct":78}},{"type":"Feature","geometry":{"type":"Polygon","coordinates":[[[-92.4268953103,48.1686689283],[-92.4265700047,48.1622546639],[-92.4272079871,48.160410427],[-92.4250409364,48.158541858],[-92.4246001937,48.1560459113],[-92.425502921,48.1539347123],[-92.4276340887,48.1530801937],[-92.4295294079,48.153782744],[-92.4337236212,48.1585681944],[-92.4330464553,48.1626814358],[-92.4346546516,48.1642017286],[-92.4352504406,48.1666320144],[-92.4326915841,48.1721756526],[-92.4305286307,48.1729461788],[-92.4284543474,48.1719615841],[-92.4268953103,48.1686689283]]]},"properties":{"flat_pct":78}},{"type":"Feature","geometry":{"type":"Polygon","coordinates":[[[-92.5337490953,48.1663391125],[-92.5316123367,48.1677586841],[-92.5266033608,48.1671181545],[-92.5249256565,48.1659907149],[-92.52434348320025,48.1642553322532],[-92.5341383189557,48.16430482384406],[-92.5337490953,48.1663391125]]]},"properties":{"flat_pct":90}},{"type":"Feature","geometry":{"type":"Polygon","coordinates":[[[-92.4881948377,48.1673789431],[-92.5002155298,48.1661872881],[-92.5070100754,48.1613521679],[-92.50833509596507,48.16128320867193],[-92.50847,48.16414],[-92.51229867346746,48.164175254820144],[-92.5102832564,48.1673157962],[-92.50315,48.16772],[-92.50326,48.17128],[-92.50089,48.1721],[-92.495,48.17056],[-92.49153,48.17123],[-92.48807,48.16997],[-92.4870622058951,48.17047141480096],[-92.4881948377,48.1673789431]]]},"properties":{"flat_pct":68}},{"type":"Feature","geometry":{"type":"Polygon","coordinates":[[[-92.6395133624,48.1801737052],[-92.634527586,48.1783348352],[-92.6212189542,48.1753583623],[-92.6196949204,48.1736409809],[-92.6198316377,48.1713489542],[-92.6218316292,48.1697424191],[-92.6258452201,48.1698662911],[-92.6393535337,48.1739184205],[-92.6407162894346,48.17270326789817],[-92.64314,48.17273],[-92.6431428540661,48.171696828074026],[-92.6448498415,48.1715204221],[-92.64686102484708,48.16915078049283],[-92.64861,48.16917],[-92.6506260213,48.1654126789],[-92.6554123917,48.1620103285],[-92.65925556101956,48.161243639864786],[-92.65928,48.16203],[-92.67007,48.16216],[-92.66999429863743,48.158710856668115],[-92.6794200255,48.1567130929],[-92.6829653986,48.1569460391],[-92.68623283388271,48.155519195312536],[-92.68636,48.16215],[-92.68093,48.16215],[-92.6654230319,48.1665854473],[-92.66477,48.16574],[-92.65939,48.16568],[-92.65939492726652,48.16745874320997],[-92.654,48.16923],[-92.654,48.1716087824456],[-92.652178959883,48.172819840884316],[-92.64858,48.17278],[-92.64856,48.17639],[-92.64313,48.17634],[-92.64308,48.18357],[-92.64849,48.18362],[-92.64841009315538,48.190056940260696],[-92.6379707891,48.1915611096],[-92.6357881587,48.1908482264],[-92.63762,48.19079],[-92.63765,48.18716],[-92.63510663132082,48.187136450290005],[-92.6377090995,48.1842476741],[-92.6395133624,48.1801737052]]]},"properties":{"flat_pct":79}},{"type":"Feature","geometry":{"type":"Polygon","coordinates":[[[-92.3547171699,48.1776877226],[-92.3545909073,48.1716206113],[-92.35757022003774,48.16664617252071],[-92.36603006271437,48.16652634472076],[-92.3612719665,48.1720716754],[-92.3619862951,48.1746654887],[-92.3637174616,48.1759367944],[-92.3761848537,48.1769068899],[-92.3797488601,48.1796126681],[-92.382508486,48.1801596209],[-92.3846249395,48.1825462375],[-92.3895100974,48.1843268716],[-92.3906321839,48.1870135844],[-92.3900386697,48.1901188729],[-92.388397085,48.1917242631],[-92.3863772006,48.1918009357],[-92.3847671682,48.1905788033],[-92.3842983693,48.1886098064],[-92.3814343362,48.1878619756],[-92.3794201244,48.1856123574],[-92.376955476,48.185085459],[-92.374326447,48.1828022868],[-92.3621570636,48.1817854596],[-92.3568993649,48.1798646985],[-92.3547171699,48.1776877226]]]},"properties":{"flat_pct":86}},{"type":"Feature","geometry":{"type":"Polygon","coordinates":[[[-92.5323901644,48.1794859741],[-92.5349456067,48.179710997],[-92.536402284,48.1827053858],[-92.5406266209,48.1838654471],[-92.5424152757,48.185975128],[-92.5458183943,48.1836898368],[-92.5497809476,48.1825026557],[-92.5588453992,48.1823161071],[-92.5622285715,48.1804074445],[-92.56332265886209,48.18041594698621],[-92.56338,48.18261],[-92.56867,48.18276],[-92.56865369683287,48.1821015331944],[-92.5728208213,48.1809153491],[-92.5809577184,48.1809167689],[-92.5824442226,48.1801430557],[-92.5826541285,48.1769487134],[-92.5812965546,48.1741717971],[-92.58310949345365,48.1716145791632],[-92.58312,48.17229],[-92.58649757366773,48.17232745922737],[-92.58855792259936,48.17437438845378],[-92.58863,48.1796],[-92.58954336571777,48.179609113405164],[-92.5895971116,48.1820780456],[-92.59297195270514,48.18231812863222],[-92.58331,48.18317],[-92.58336385910083,48.18642847559958],[-92.5820953855,48.1868373337],[-92.56871,48.1864],[-92.56873143537076,48.18835329816142],[-92.563257982,48.1866707471],[-92.5597834328,48.1882886849],[-92.5512221728,48.1883331448],[-92.54754346707418,48.189716020703074],[-92.53760765683265,48.189569569331475],[-92.53627016359424,48.18884374606604],[-92.53623,48.18596],[-92.53079,48.18581],[-92.5305125212,48.1816012027],[-92.5323901644,48.1794859741]]]},"properties":{"flat_pct":78}},{"type":"Feature","geometry":{"type":"Polygon","coordinates":[[[-92.59421,48.1858],[-92.5907,48.18586],[-92.58953,48.18396],[-92.59055,48.18311],[-92.59413,48.18307],[-92.59421,48.1858]]]},"properties":{"flat_pct":100}},{"type":"Feature","geometry":{"type":"Polygon","coordinates":[[[-92.5173864841,48.1885995226],[-92.514554101,48.186419504],[-92.5144496754,48.1858407465],[-92.51445650213464,48.18530740562354],[-92.52533,48.18566],[-92.52537713925878,48.187881830397096],[-92.5222239342,48.1874611549],[-92.5173864841,48.1885995226]]]},"properties":{"flat_pct":56}},{"type":"Feature","geometry":{"type":"Polygon","coordinates":[[[-92.6106,48.184382400491714],[-92.6106,48.18716],[-92.60508,48.18987],[-92.59758,48.18885],[-92.59583,48.18676],[-92.59962,48.1868],[-92.59960055616723,48.18615835351856],[-92.6027331553,48.1871387853],[-92.6054668936,48.1848426731],[-92.6106,48.184382400491714]]]},"properties":{"flat_pct":91}},{"type":"Feature","geometry":{"type":"Polygon","coordinates":[[[-92.63224,48.19075],[-92.63459744118155,48.19076752744373],[-92.6322103297,48.1923677955],[-92.6271004501,48.1913709301],[-92.62528441124626,48.19012365964263],[-92.62674,48.18875],[-92.62465,48.18704],[-92.62686,48.18706],[-92.62686756384835,48.18430675919803],[-92.6333751593,48.1867455517],[-92.63391502772497,48.18712541692338],[-92.63225,48.18711],[-92.63224,48.18936],[-92.62686,48.18774],[-92.63224,48.18951],[-92.63224,48.19075]]]},"properties":{"flat_pct":79}},{"type":"Feature","geometry":{"type":"Polygon","coordinates":[[[-92.6235737001,48.1880239224],[-92.62535,48.1878],[-92.62596,48.18891],[-92.62455350933288,48.189575496889034],[-92.6235737001,48.1880239224]]]},"properties":{}},{"type":"Feature","geometry":{"type":"Polygon","coordinates":[[[-92.6022613272,48.1932272605],[-92.59462838527517,48.190423129824985],[-92.59973,48.19042],[-92.5997,48.18932],[-92.60523,48.19049],[-92.6106,48.18761],[-92.61060814272749,48.189995819155286],[-92.6079343293,48.1904780054],[-92.6051144554,48.1927361177],[-92.6022613272,48.1932272605]]]},"properties":{"flat_pct":68}},{"type":"Feature","geometry":{"type":"Polygon","coordinates":[[[-92.4360164351,48.1972445269],[-92.4363333385,48.1949704006],[-92.4412420176,48.1887876385],[-92.4513864822,48.1862049989],[-92.4576070746,48.1882049339],[-92.4653069406,48.1879720606],[-92.4687470914,48.1910205117],[-92.47664886326989,48.19364025047297],[-92.47672,48.19603],[-92.48040178993608,48.196068588427195],[-92.4863755718,48.1987467747],[-92.4879005673,48.2017109082],[-92.4872001476574,48.203318675796346],[-92.48110146487458,48.203296233541394],[-92.478246156,48.2023665401],[-92.4740388257,48.1990677232],[-92.4712429406934,48.19867644160442],[-92.4712,48.1961],[-92.46578,48.19609],[-92.46567,48.19247],[-92.45473,48.19245],[-92.45479302722123,48.19359394406525],[-92.4508933846,48.1923044956],[-92.4446274272,48.1939119517],[-92.4438661844,48.1959898698],[-92.4393862945,48.19945354],[-92.4374004006,48.1990766615],[-92.4360164351,48.1972445269]]]},"properties":{"flat_pct":80}},{"type":"Feature","geometry":{"type":"Polygon","coordinates":[[[-92.5888294527,48.197235988],[-92.5914786068,48.1992592727],[-92.5906231229,48.2024810495],[-92.5891604230394,48.20318093557381],[-92.58915,48.20131],[-92.58362,48.20131],[-92.58365889619216,48.20409496735894],[-92.57977,48.2048],[-92.5796507923104,48.19896526686856],[-92.5888294527,48.197235988]]]},"properties":{"flat_pct":89}},{"type":"Feature","geometry":{"type":"Polygon","coordinates":[[[-92.4367969052,48.2080961483],[-92.4285701179,48.2020672594],[-92.4280763149,48.1998248865],[-92.4293127406,48.1978901179],[-92.4323899119,48.197675932],[-92.4432643153,48.204521132],[-92.4445108862,48.2064493796],[-92.444028868,48.2086943153],[-92.4421006204,48.2099408862],[-92.4367969052,48.2080961483]]]},"properties":{"flat_pct":63}},{"type":"Feature","geometry":{"type":"Polygon","coordinates":[[[-92.52759666759519,48.21452465681314],[-92.52592,48.21445],[-92.5258952294679,48.21341238993359],[-92.5268408237,48.2138719373],[-92.52759666759519,48.21452465681314]]]},"properties":{}},{"type":"Feature","geometry":{"type":"Polygon","coordinates":[[[-92.6086705061,48.2300363652],[-92.6067361871,48.2312734941],[-92.6044936348,48.2307805061],[-92.598109896,48.2232357064],[-92.59468296496836,48.22140407087821],[-92.59466,48.21932],[-92.5861211889,48.2197808064],[-92.579829129,48.2173504218],[-92.5736000324,48.2180462493],[-92.5704354405,48.2170796651],[-92.5684040158,48.2151819933],[-92.567753813,48.212603788],[-92.5659761342,48.2105381089],[-92.5571888497,48.2149165669],[-92.5569172897,48.2215025102],[-92.5531680367,48.2244294331],[-92.56053704946443,48.226061756883766],[-92.55846,48.22605],[-92.55847,48.22964],[-92.56374,48.22969],[-92.56374727604114,48.22837667457404],[-92.5673897355,48.2312567804],[-92.56811853823254,48.233471956050614],[-92.56036920548455,48.233348373821045],[-92.55818333,48.2316636691],[-92.54887391,48.2290947474],[-92.54782844326562,48.22843160511271],[-92.54782,48.22242],[-92.53162,48.2219],[-92.53143987693683,48.21771068617583],[-92.5420277301,48.2186972694],[-92.5479459635,48.2213653547],[-92.55068708602431,48.21882109191037],[-92.55307,48.21883],[-92.55301,48.21522],[-92.54894853717006,48.215197394455494],[-92.5495300131,48.2132133934],[-92.5528195898,48.2102228375],[-92.5584713107,48.2079938445],[-92.5602007481,48.2060516025],[-92.56090569513748,48.205778997697564],[-92.56094,48.20804],[-92.56903,48.20817],[-92.56897,48.20456],[-92.57977,48.2048],[-92.5726521348,48.2090638076],[-92.5737193985,48.2118727612],[-92.5808164245,48.2112220529],[-92.5853108724,48.2135011999],[-92.5893675215,48.2135021577],[-92.5970841318,48.215884205],[-92.6026142974,48.2190890072],[-92.6088835735,48.2269591163],[-92.6086705061,48.2300363652]]]},"properties":{"flat_pct":84}},{"type":"Feature","geometry":{"type":"Polygon","coordinates":[[[-92.6277552482,48.221890922],[-92.6295000255,48.2196648294],[-92.6320644459,48.2197331592],[-92.6352359035,48.2248113909],[-92.6377439153,48.2259813089],[-92.6435493316,48.2263978236],[-92.6476664819,48.2292519142],[-92.64879275057064,48.230338787091554],[-92.64885,48.23406],[-92.65431715106742,48.234764695479875],[-92.647463691,48.2371438712],[-92.6454977166,48.2369561303],[-92.6416578928,48.2322836653],[-92.6360720593,48.231770046],[-92.6313872608,48.2294855194],[-92.62938477290996,48.22703038059524],[-92.63243,48.22698],[-92.63229,48.22331],[-92.62787260175459,48.223379383218514],[-92.6277552482,48.221890922]]]},"properties":{"flat_pct":85}},{"type":"Feature","geometry":{"type":"Polygon","coordinates":[[[-92.5275937257,48.243399155],[-92.5360727271,48.2489341987],[-92.5365034632,48.249702014],[-92.536692767,48.2505618035],[-92.5363432831,48.252182469],[-92.5384582157,48.2544486986],[-92.5381616186,48.2577990363],[-92.5365082378,48.2589618535],[-92.5344924737,48.2588118296],[-92.5309797092,48.2549463771],[-92.5293313052,48.2573741572],[-92.5237786176,48.2591579435],[-92.519961814,48.2636594468],[-92.5151603635,48.2646098766],[-92.5125018281,48.2661682713],[-92.5096689264,48.2644114657],[-92.5100177059,48.261346631],[-92.5124100283,48.2590820648],[-92.5164293465,48.2583489884],[-92.52084563511596,48.253856272597176],[-92.52084,48.25454],[-92.52625,48.2546],[-92.5263,48.25096],[-92.52501287836859,48.25094577766153],[-92.5248693367,48.2488677326],[-92.5194007149,48.2474291765],[-92.5179902266,48.2437905724],[-92.502841655,48.2446936083],[-92.4957093936,48.2468080048],[-92.48856406597,48.24549472893957],[-92.48854,48.24304],[-92.51003,48.24326],[-92.50999,48.23966],[-92.50463,48.23955],[-92.5046190741804,48.23858033351015],[-92.5166594701,48.2378814187],[-92.5255901888,48.2348786266],[-92.53699193241415,48.237634593132654],[-92.53707,48.24388],[-92.54789,48.24409],[-92.54786,48.24052],[-92.55328005998896,48.240640678035746],[-92.5533,48.24419],[-92.55871,48.24429],[-92.55871,48.24785],[-92.56454782063456,48.24795298847916],[-92.5645109423,48.2539602914],[-92.5613261593,48.2567010424],[-92.5673587749,48.2621914924],[-92.5696132032,48.2603566146],[-92.57244324089217,48.26106177495768],[-92.57069,48.26207],[-92.56947,48.26165],[-92.57054,48.26127],[-92.56971,48.26051],[-92.56382,48.26574],[-92.56234531215632,48.26608626648263],[-92.5554320223,48.2595436135],[-92.5544127085,48.2571100378],[-92.5555132175,48.2535662748],[-92.5586618745,48.2512746075],[-92.5585572556,48.2483253503],[-92.554325321,48.2467236807],[-92.5418760155,48.2458330241],[-92.5332921311,48.2425436176],[-92.5254838246,48.2409768749],[-92.5250491572,48.2427601373],[-92.5275937257,48.243399155]],[[-92.5364,48.25026],[-92.53557,48.24967],[-92.53554,48.25024],[-92.5364,48.25026]]]},"properties":{"flat_pct":81}},{"type":"Feature","geometry":{"type":"Polygon","coordinates":[[[-92.6598649163,48.2659272375],[-92.6576820983,48.2686944808],[-92.6641257961,48.2744205557],[-92.6637169103,48.2773238958],[-92.6619642993,48.2788072814],[-92.6591822149,48.2782976326],[-92.6580981883,48.2764658937],[-92.6504671618197,48.271665948110304],[-92.65045,48.27042],[-92.64509,48.27038],[-92.6451070547,48.274982039],[-92.63310071024544,48.27761544378767],[-92.624618605,48.2780186885],[-92.6236163271,48.2812387919],[-92.6191027344,48.2820208762],[-92.6190860818,48.286288115],[-92.62339228128755,48.28999638373589],[-92.62338,48.29225],[-92.6308746754,48.2931044933],[-92.6360419476,48.2920482214],[-92.6384974089,48.292870524],[-92.64521809209995,48.28923065981625],[-92.64521,48.29216],[-92.64978184255665,48.29214325332397],[-92.6508172538,48.2961862964],[-92.6549409162,48.2961121151],[-92.6568857417,48.2973326608],[-92.6573978849,48.2995709162],[-92.6561773392,48.3015157417],[-92.6487564108,48.3032864026],[-92.6455517784,48.305389151],[-92.6411930324,48.304788301],[-92.6393666142,48.3026286871],[-92.6405966107,48.299530493],[-92.6449342547,48.2986541738],[-92.6439230352,48.2967029076],[-92.6385911616,48.2990989019],[-92.635587581,48.2981729292],[-92.6274745451,48.2989569404],[-92.6236803315,48.2976242668],[-92.6146124974,48.2907003376],[-92.6130302141,48.2874856907],[-92.6134473444,48.2840273107],[-92.61246,48.28136],[-92.60556046021235,48.28128741820768],[-92.6061845849,48.2785957928],[-92.5930472622,48.2713947007],[-92.5896112953,48.2673913905],[-92.5863487116,48.2677924005],[-92.5767698854,48.2726753744],[-92.5738134834,48.2724397601],[-92.5712417957,48.270793628],[-92.5679692133,48.2723731933],[-92.5672959125,48.2778594566],[-92.5655969733,48.2799275209],[-92.55828,48.2804],[-92.5544811454,48.2849045231],[-92.5498759051,48.2850793974],[-92.5469120077,48.2875308505],[-92.551973208,48.2910813745],[-92.5520655815,48.2933756162],[-92.5505086255,48.295063208],[-92.5456043838,48.2941955815],[-92.5421443446799,48.29191681791074],[-92.54209877966994,48.28361259484818],[-92.5468717364,48.2794933494],[-92.54749197422217,48.279176332893144],[-92.54748,48.28026],[-92.55288,48.28033],[-92.55349169293119,48.276728469524905],[-92.56372,48.27688],[-92.564444126,48.2674536198],[-92.56382,48.26611],[-92.56688,48.26476],[-92.56921,48.26206],[-92.572,48.26324],[-92.57403537084255,48.262310808963186],[-92.5757050123,48.266601784],[-92.58016776319853,48.26425994442606],[-92.58014,48.26627],[-92.58562,48.26651],[-92.58567668949665,48.261785875279706],[-92.5916230877,48.261655422],[-92.5940238221,48.2631125143],[-92.5963153122,48.2663344774],[-92.6037893455,48.270103214],[-92.6066380779,48.2725445825],[-92.61259814417893,48.2740097840143],[-92.61247,48.27768],[-92.62343,48.27763],[-92.62341,48.27399],[-92.62887,48.27398],[-92.6288553958685,48.27221776813221],[-92.6421560693,48.2697273765],[-92.6429811278,48.2688940949],[-92.63424115610023,48.26511809804194],[-92.63423,48.26311],[-92.62879064530311,48.26323679986397],[-92.6244413859,48.2622419162],[-92.6218021965,48.257592087],[-92.6158265086,48.2556358354],[-92.61537144485595,48.252217810719856],[-92.6247174428,48.2521371646],[-92.6263050867,48.2534308677],[-92.6279561452,48.257033081],[-92.6334285245,48.2579410516],[-92.6456875824,48.26353611],[-92.6505752603,48.2647914503],[-92.6532371354,48.2638919782],[-92.6544197632,48.2593713491],[-92.6656834268,48.2523717483],[-92.6657083937,48.2449898659],[-92.66285587128533,48.23796906508458],[-92.66522,48.23798],[-92.66512,48.23437],[-92.66295394577315,48.234338087598864],[-92.6644140478,48.2333519427],[-92.65967604532776,48.23376119136765],[-92.65951748386581,48.227752546493996],[-92.67033,48.2274],[-92.6702773865,48.2212892471],[-92.6770304478,48.2196496628],[-92.6854163445,48.2148510687],[-92.6920566804621,48.21478793239764],[-92.69207,48.21601],[-92.68656,48.21615],[-92.68661,48.21981],[-92.6921,48.21967],[-92.69211219389427,48.22078878979966],[-92.6871417673,48.2207389859],[-92.6792402531,48.225237062],[-92.6730110448,48.2266825557],[-92.6699589075009,48.23800397717713],[-92.66671,48.23798],[-92.66681,48.24523],[-92.67170747811195,48.24527069926409],[-92.6714727565,48.2544856785],[-92.6693676472,48.2571996114],[-92.6595443818,48.2634159669],[-92.6598649163,48.2659272375]]]},"properties":{"flat_pct":78}},{"type":"Feature","geometry":{"type":"Polygon","coordinates":[[[-92.57093,48.26215],[-92.57279511470539,48.26127289200341],[-92.57324350458454,48.261663447875584],[-92.57265,48.2622],[-92.57093,48.26215]]]},"properties":{}},{"type":"Feature","geometry":{"type":"Polygon","coordinates":[[[-92.60708,48.28501],[-92.61072360834119,48.284989906571646],[-92.609334011,48.2869241111],[-92.6071639560741,48.28776528570465],[-92.60708,48.28501]]]},"properties":{"flat_pct":100}},{"type":"Feature","geometry":{"type":"Polygon","coordinates":[[[-92.5991389317,48.3051158465],[-92.5967856505,48.303546833],[-92.5942131941,48.295217863],[-92.592995998,48.2943798457],[-92.5854206678,48.3016534107],[-92.5736637513,48.3051386075],[-92.5796134928,48.3083126236],[-92.5807868842,48.3103383003],[-92.5797162246,48.3163856629],[-92.5778252614,48.3191452918],[-92.5756437043,48.3198614529],[-92.5737973134,48.3190388639],[-92.572891879,48.317231656],[-92.57453,48.31297],[-92.57457,48.30937],[-92.56755009669642,48.309339816140586],[-92.5660151061,48.3031950406],[-92.5678923956,48.3005859453],[-92.5823348276,48.296362126],[-92.5898557979,48.2891330359],[-92.5996494965619,48.28484364544541],[-92.60172,48.28489],[-92.60181,48.28848],[-92.60456937978756,48.28855180542198],[-92.5995708455,48.2918567228],[-92.6002810941,48.2960165315],[-92.6026638155,48.2985928739],[-92.6031768114,48.3005709942],[-92.6017509317,48.3040308619],[-92.5991389317,48.3051158465]]]},"properties":{"flat_pct":76}},{"type":"Feature","geometry":{"type":"Polygon","coordinates":[[[-92.00490690334341,47.299465327933774],[-92.0068416968,47.297671098],[-92.0116680193,47.2960451134],[-92.0135623358,47.293794928],[-92.013843848,47.2923797585],[-92.0116782682,47.2892515653],[-92.0069327758511,47.292353925711836],[-92.00486,47.29235],[-92.00490858075408,47.29451184355643],[-92.00020411427033,47.29947866917937],[-91.98916,47.29951],[-91.98917,47.30215],[-91.98746,47.30309],[-91.98123644351193,47.30305503619951],[-91.9964236206,47.2947872994],[-92.004090615,47.2866382583],[-92.00680857970193,47.28507596108758],[-92.0172077123,47.2853699015],[-92.0199973091,47.2921156527],[-92.0190384183,47.2967157942],[-92.0165384167,47.3003432335],[-92.01031,47.302834926467405],[-92.01031,47.29945],[-92.00490690334341,47.299465327933774]],[[-91.99964,47.29545],[-91.99919,47.29591],[-91.99965,47.29591],[-91.99964,47.29545]],[[-92.00652,47.2888],[-92.01,47.2865],[-92.00594,47.2888],[-92.00652,47.2888]]]},"properties":{"flat_pct":97}},{"type":"Feature","geometry":{"type":"Polygon","coordinates":[[[-91.7647057863,47.2981921907],[-91.7711181521,47.2985468567],[-91.7715,47.29966],[-91.76076,47.29953],[-91.7647057863,47.2981921907]]]},"properties":{"flat_pct":86}},{"type":"Feature","geometry":{"type":"Polygon","coordinates":[[[-91.8130943954,47.3041170393],[-91.81262371055922,47.29692036261921],[-91.8145524708,47.2966513094],[-91.817592249,47.2986130408],[-91.818201742,47.3010883484],[-91.8164114219,47.3044472416],[-91.8130943954,47.3041170393]]]},"properties":{"flat_pct":100}},{"type":"Feature","geometry":{"type":"Polygon","coordinates":[[[-91.9089199152,47.3096095919],[-91.9064108025,47.3090754812],[-91.9051566311,47.3060805466],[-91.9035588364,47.3055671278],[-91.8985730611,47.3097053344],[-91.8962965744,47.3101214137],[-91.8934240327,47.3090546648],[-91.8917561103,47.3127929972],[-91.8883763505952,47.31415055142915],[-91.88835,47.31019],[-91.88041586924987,47.310348814960804],[-91.8860035642,47.3085613893],[-91.88715129056479,47.3065943783836],[-91.8883,47.30657],[-91.88825,47.30294],[-91.88742299316776,47.30295227741734],[-91.8860376402,47.2989021359],[-91.8836468741,47.2967111957],[-91.8837605605,47.2938951393],[-91.8884771605,47.2893908206],[-91.8911804575,47.2880289617],[-91.8934403322,47.2884352181],[-91.8947510383,47.2903204575],[-91.8944914447,47.2923250579],[-91.89161420791393,47.29566250079258],[-91.88803,47.29573],[-91.8882,47.2993],[-91.89327606598452,47.29924264332221],[-91.8935461372,47.3027058151],[-91.8961450222,47.3036883128],[-91.8992860461,47.3007342106],[-91.902893464,47.2994804964],[-91.9083563074,47.300823216],[-91.9111780886,47.3051829254],[-91.9109245527,47.3080088578],[-91.9089199152,47.3096095919]]]},"properties":{"flat_pct":94}},{"type":"Feature","geometry":{"type":"Polygon","coordinates":[[[-92.00810554363066,47.30662419007828],[-92.00107881197766,47.306637485691624],[-92.00315379169149,47.30305033013724],[-92.00978779099509,47.30303148354831],[-92.00810554363066,47.30662419007828]]]},"properties":{"flat_pct":100}},{"type":"Feature","geometry":{"type":"Polygon","coordinates":[[[-91.9683142965,47.3043973617],[-91.97856,47.3034718353761],[-91.97856,47.30658],[-91.96792,47.30744],[-91.96792,47.30649],[-91.96315708475953,47.30643648409842],[-91.9683142965,47.3043973617]]]},"properties":{"flat_pct":96}},{"type":"Feature","geometry":{"type":"Polygon","coordinates":[[[-91.7715,47.30328],[-91.77662,47.30329],[-91.77662224296726,47.30247355991263],[-91.7769167539,47.3048127416],[-91.7761158406,47.3069],[-91.792165284703,47.30410739843357],[-91.79222193679438,47.31179791983618],[-91.7830634321,47.3116003295],[-91.778155544,47.3128882246],[-91.7741704311,47.3127686058],[-91.7726180503,47.3142416386],[-91.7703219497,47.3142416386],[-91.768599179,47.312340854],[-91.76847576941209,47.30691139595685],[-91.77149,47.3069],[-91.7715,47.30328]]]},"properties":{"flat_pct":97}},{"type":"Feature","geometry":{"type":"Polygon","coordinates":[[[-91.97856,47.30685],[-91.97856378968636,47.30949141139499],[-91.96792,47.31013],[-91.96792,47.30775],[-91.97856,47.30685]]]},"properties":{"flat_pct":100}},{"type":"Feature","geometry":{"type":"Polygon","coordinates":[[[-91.9938940893,47.3169857045],[-91.9952148402,47.3156080767],[-91.99533101631964,47.31380418772045],[-91.99977,47.3138],[-91.99976,47.31022],[-92.00735884949447,47.31021281092763],[-92.005522941,47.313609477],[-92.0012673527,47.3163047659],[-92.00116283,47.3184274585],[-91.99977749630274,47.32006367637947],[-91.99977,47.31738],[-91.99448,47.31735],[-91.9944885726327,47.32037613934335],[-91.9938940893,47.3169857045]]]},"properties":{"flat_pct":100}},{"type":"Feature","geometry":{"type":"Polygon","coordinates":[[[-91.8004738282,47.3169584189],[-91.7930074228,47.319370633],[-91.78498427047366,47.32515646505212],[-91.7818,47.3252],[-91.78182483209171,47.327793179863164],[-91.7792143386,47.331381006],[-91.776928473,47.3315975617],[-91.775158994,47.3301343386],[-91.7749685907,47.3265842797],[-91.7784758841,47.3228130277],[-91.7792378701,47.3193480761],[-91.7817168145,47.3181309728],[-91.784389097,47.3182420828],[-91.7906767726,47.3136388358],[-91.79752,47.31421],[-91.79746,47.31058],[-91.8027,47.31053],[-91.80259,47.30688],[-91.80163821536634,47.30689281248545],[-91.8031914843,47.3054983583],[-91.8057510772,47.3056698371],[-91.80781180066491,47.30797128110285],[-91.80792560049288,47.310690107427675],[-91.8070840245,47.3117712013],[-91.80796681663477,47.311674814817685],[-91.80807,47.31414],[-91.81333,47.3141],[-91.8132965353164,47.317128553865764],[-91.80181652012959,47.3177924793422],[-91.8004738282,47.3169584189]]]},"properties":{"flat_pct":95}},{"type":"Feature","geometry":{"type":"Polygon","coordinates":[[[-91.93235417469673,47.32448294897399],[-91.93519,47.32447],[-91.93254157289174,47.32561542957314],[-91.93235417469673,47.32448294897399]]]},"properties":{}},{"type":"Feature","geometry":{"type":"Polygon","coordinates":[[[-91.93617057640657,47.32745357895333],[-91.93267290825142,47.32591824459322],[-91.93615,47.32447],[-91.93617057640657,47.32745357895333]]]},"properties":{}},{"type":"Feature","geometry":{"type":"Polygon","coordinates":[[[-91.94192,47.35702],[-91.94186,47.35343],[-91.93974426962242,47.35342225007188],[-91.9420297763,47.3516604768],[-91.9437353196,47.3415639555],[-91.9499965358,47.3295315137],[-91.948670736,47.3273605131],[-91.9453468475,47.3251155352],[-91.94150728235759,47.325768106724176],[-91.9415,47.32445],[-91.93615,47.32447],[-91.9477,47.32173],[-91.95686,47.31369],[-91.9469,47.32171],[-91.93615,47.32406],[-91.93613089399088,47.321003038540375],[-91.9386776263,47.3201711448],[-91.938913523,47.3146660091],[-91.941807615,47.3115500478],[-91.9439042719,47.3072680608],[-91.9469611141,47.3069933487],[-91.9488313826,47.3094462968],[-91.9476684076,47.3134335627],[-91.9446601339,47.3171343537],[-91.9452187346,47.3190676275],[-91.947163341,47.318276257],[-91.9580997956,47.3084926845],[-91.96258149275067,47.30665689810133],[-91.9626,47.30947],[-91.95731,47.31006],[-91.95732,47.31369],[-91.96124297162453,47.31371588199941],[-91.9517596254,47.3222140567],[-91.9532733547,47.3233181874],[-91.9648706267,47.3164444245],[-91.9653394049953,47.31374290842127],[-91.97142268342228,47.31377969558321],[-91.9703936532,47.3193874871],[-91.9601739566,47.3262028894],[-91.9597859794,47.3295344609],[-91.9556797159,47.3314598731],[-91.9494015277,47.3436539391],[-91.94840413784053,47.34982566665234],[-91.94704,47.34983],[-91.94710999916232,47.354897939351986],[-91.94544765663699,47.35705378981453],[-91.94192,47.35702]]]},"properties":{"flat_pct":96}},{"type":"Feature","geometry":{"type":"Polygon","coordinates":[[[-91.8243893403,47.3360157542],[-91.8260636153,47.3337897944],[-91.82906774509489,47.333823997171386],[-91.82918,47.33935],[-91.8257202462,47.3390187105],[-91.8243893403,47.3360157542]]]},"properties":{"flat_pct":93}},{"type":"Feature","geometry":{"type":"Polygon","coordinates":[[[-91.7945908278,47.3410783699],[-91.79394099915218,47.33944965057023],[-91.79728,47.3394],[-91.79727104611422,47.33620346277697],[-91.8038241397,47.3362732694],[-91.808393274,47.3336317781],[-91.8114390983,47.3360784891],[-91.8105870373,47.3390430887],[-91.8053505327,47.3421384839],[-91.7966041636,47.3421822526],[-91.7945908278,47.3410783699]]]},"properties":{"flat_pct":94}},{"type":"Feature","geometry":{"type":"Polygon","coordinates":[[[-92.004557359,47.3750691545],[-91.99941417180611,47.37497618883523],[-91.99987,47.36813],[-91.9980931019741,47.36813],[-92.0015423441,47.3629996877],[-92.0031595444,47.3583695113],[-92.006323681,47.3561332211],[-92.0087512255,47.3558681188],[-92.0101212322,47.3533901914],[-92.009520931,47.3511852654],[-92.0102060501,47.3493506451],[-92.0127845308,47.347731734],[-92.0150395365,47.3481642008],[-92.0171669688,47.3535538609],[-92.03154,47.33904],[-92.03158,47.3463],[-92.03312224854938,47.34631461846966],[-92.02995477702406,47.34994082729728],[-92.02631,47.34992],[-92.02632879332886,47.353359179181815],[-92.0202719603,47.3588353125],[-92.01332423881463,47.36086671183423],[-92.00517,47.3608],[-92.0051705355872,47.36835691281239],[-92.0044851907,47.3693762768],[-92.0061959389,47.3730953316],[-92.004557359,47.3750691545]]]},"properties":{"flat_pct":100}},{"type":"Feature","geometry":{"type":"Polygon","coordinates":[[[-91.9349432995,47.357910663],[-91.93641874918141,47.35509742632707],[-91.93644,47.35701],[-91.94192,47.35702],[-91.9418764524,47.3626833268],[-91.93586312862858,47.37236731795986],[-91.93159295795006,47.37236504417356],[-91.9310919331,47.3688315032],[-91.93354571387842,47.3643],[-91.93595,47.3643],[-91.9362,47.36066],[-91.9349432995,47.357910663]]]},"properties":{"flat_pct":100}},{"type":"Feature","geometry":{"type":"Polygon","coordinates":[[[-91.9443087367,47.3698287743],[-91.9468499973,47.3694781815],[-91.9487331678,47.3712201889],[-91.9489318185,47.3745999973],[-91.9471898111,47.3764831678],[-91.9448938292,47.3764598229],[-91.9432868322,47.3748198111],[-91.9430137468,47.3717248437],[-91.9443087367,47.3698287743]]]},"properties":{"flat_pct":100}},{"type":"Feature","geometry":{"type":"Polygon","coordinates":[[[-91.9859702695,47.3922747332],[-91.983800067,47.3930245992],[-91.9815509953,47.3917906635],[-91.9811665791,47.3889885286],[-91.9834267153,47.3865111789],[-91.9752823108,47.3774567867],[-91.9759653418,47.374160151],[-91.9784666361,47.3702994414],[-91.980181151,47.3692288105],[-91.98218569,47.3694888784],[-91.9836744569,47.3712369204],[-91.9838083822,47.3739679697],[-91.981855471,47.3764840513],[-91.98312574804311,47.37748979486092],[-91.98307,47.37948],[-91.9863359592,47.3795888941],[-91.9894777191,47.384371644],[-91.9891582583,47.3891304795],[-91.9859702695,47.3922747332]]]},"properties":{"flat_pct":97}},{"type":"Feature","geometry":{"type":"Polygon","coordinates":[[[-91.86286407187822,47.40140732887438],[-91.85925,47.40132],[-91.85922,47.3977],[-91.8581028717121,47.39767512886929],[-91.8617833155,47.3914878756],[-91.86248507022987,47.386917316115365],[-91.86425,47.38695],[-91.86442,47.39058],[-91.86798288843315,47.39064597941543],[-91.8673735502,47.3937993145],[-91.86286407187822,47.40140732887438]]]},"properties":{"flat_pct":100}},{"type":"Feature","geometry":{"type":"Polygon","coordinates":[[[-92.016358124,47.3947224381],[-92.01306444581253,47.39767541640572],[-92.01021,47.39767],[-92.01020606013009,47.4005145860718],[-92.00488392424033,47.40485002950557],[-92.00491,47.40116],[-91.99962720445473,47.40118924056575],[-92.0124316837,47.390980494],[-92.0154706291,47.3915093319],[-92.016358124,47.3947224381]]]},"properties":{"flat_pct":100}},{"type":"Feature","geometry":{"type":"Polygon","coordinates":[[[-91.99947,47.40485],[-91.99670413261967,47.40484738080741],[-91.99948908964733,47.401356594539585],[-91.99947,47.40485]]]},"properties":{}},{"type":"Feature","geometry":{"type":"Polygon","coordinates":[[[-92.00488,47.40485],[-92.00144874635689,47.40852110414643],[-91.99945,47.40851],[-91.99947,47.40485],[-92.00488,47.40485]]]},"properties":{"flat_pct":100}},{"type":"Feature","geometry":{"type":"Polygon","coordinates":[[[-91.9064404764,47.403908722],[-91.9015111888,47.3997315132],[-91.89722872113782,47.39850044900431],[-91.90296,47.39849],[-91.90307,47.39485],[-91.89544718527453,47.394884649157845],[-91.8961282933,47.3923624371],[-91.8934801178,47.3899833171],[-91.89299775374846,47.38766706120437],[-91.89925,47.38776],[-91.89944,47.39049],[-91.90311,47.3918],[-91.90951,47.38655],[-91.91145,47.3829],[-91.91545,47.38112],[-91.91916,47.37576],[-91.91923058645543,47.38288923199783],[-91.9183251332,47.3839474895],[-91.91030724846703,47.39092970660755],[-91.90844,47.39101],[-91.90849262276012,47.39341091343099],[-91.9025446124,47.393795574],[-91.9046171136,47.3945225736],[-91.9100377175,47.3990924681],[-91.91604701595213,47.401713358682635],[-91.91359,47.40182],[-91.91347,47.40519],[-91.91822491538575,47.405165698899225],[-91.9172458699,47.4068713464],[-91.9191862768,47.4318641091],[-91.9267445897,47.4322610119],[-91.927924503,47.4348315255],[-91.9264427238,47.4372406884],[-91.91898,47.43784],[-91.9189,47.43059],[-91.91307131708524,47.430615974522794],[-91.91302,47.41974],[-91.91222703525989,47.419741484952695],[-91.911187215,47.406348428],[-91.9064404764,47.403908722]]]},"properties":{"flat_pct":100}},{"type":"Feature","geometry":{"type":"Polygon","coordinates":[[[-91.84723623194732,47.41594321181948],[-91.85391541005221,47.40471473804099],[-91.86067413541902,47.405088866300055],[-91.85420323218246,47.41596720587164],[-91.84723623194732,47.41594321181948]]]},"properties":{"flat_pct":96}},{"type":"Feature","geometry":{"type":"Polygon","coordinates":[[[-91.9892820677,47.4101672022],[-91.99178300785304,47.40845663214004],[-91.99406,47.40847],[-91.99405,47.41209],[-91.99724577985094,47.412119811379206],[-91.9941341287,47.4139778276],[-91.99315656100089,47.41574460643049],[-91.9839691555536,47.41562178015446],[-91.9869768144,47.4135463968],[-91.9892820677,47.4101672022]]]},"properties":{"flat_pct":100}},{"type":"Feature","geometry":{"type":"Polygon","coordinates":[[[-91.97804725344264,47.42453308457571],[-91.9777170852,47.4217247253],[-91.97955992554392,47.419152922857215],[-91.98379,47.41902],[-91.98352,47.42266],[-91.97815,47.42284],[-91.97804725344264,47.42453308457571]]]},"properties":{"flat_pct":100}},{"type":"Feature","geometry":{"type":"Polygon","coordinates":[[[-92.01289805698077,47.43050518520754],[-92.01612854760371,47.42685233870463],[-92.02042327219822,47.42735315986201],[-92.0204494344791,47.43113622567845],[-92.01836871378808,47.43410631998912],[-92.01476,47.4341],[-92.01448,47.43053],[-92.01289805698077,47.43050518520754]]]},"properties":{"flat_pct":71}},{"type":"Feature","geometry":{"type":"Polygon","coordinates":[[[-91.8327835206,47.4332071908],[-91.8402154658,47.4275473777],[-91.83233692630711,47.426823323554714],[-91.83307,47.42683],[-91.83294525620688,47.42179173679987],[-91.84349668870165,47.420957812485675],[-91.84354,47.42321],[-91.83826,47.4232],[-91.83834,47.42684],[-91.84361,47.42685],[-91.84368,47.43049],[-91.84545253647367,47.43049337625995],[-91.8439075704,47.4326833056],[-91.8379945892,47.4368612041],[-91.839732621,47.4406075531],[-91.8390030426,47.4441282505],[-91.83441720189346,47.44867040786367],[-91.82311843153829,47.44853330392968],[-91.8287659621,47.4462429709],[-91.8334381692,47.4410824162],[-91.8315798041,47.4370423395],[-91.8327835206,47.4332071908]]]},"properties":{"flat_pct":99}},{"type":"Feature","geometry":{"type":"Polygon","coordinates":[[[-91.91405864784583,47.43787319630458],[-91.91898,47.43784],[-91.91898039790827,47.4378761101758],[-91.9164479301,47.4391493578],[-91.91405864784583,47.43787319630458]]]},"properties":{}},{"type":"Feature","geometry":{"type":"Polygon","coordinates":[[[-91.9523031141,47.461436118],[-91.9577570204,47.4612979927],[-91.96184121327907,47.46335744183205],[-91.95176,47.46332],[-91.9523031141,47.461436118]]]},"properties":{"flat_pct":100}},{"type":"Feature","geometry":{"type":"Polygon","coordinates":[[[-91.9363665097,47.46565121],[-91.94638170754175,47.46368923181102],[-91.94651,47.46687],[-91.94111,47.46774],[-91.94108,47.46691],[-91.93569,47.46691],[-91.9363665097,47.46565121]]]},"properties":{"flat_pct":100}},{"type":"Feature","geometry":{"type":"Polygon","coordinates":[[[-91.9519948982111,47.467973066010906],[-91.95194,47.46693],[-91.95737,47.46694],[-91.95742627948897,47.46778184735583],[-91.9539214684,47.46724],[-91.9519948982111,47.467973066010906]]]},"properties":{}},{"type":"Feature","geometry":{"type":"Polygon","coordinates":[[[-91.77294762365922,47.47419829774171],[-91.7673399239,47.476940713],[-91.7723230799,47.4816589196],[-91.7726626423,47.4845211162],[-91.772185393971,47.48531753084704],[-91.76117,47.48538],[-91.76144311591015,47.49650188678611],[-91.7599503649,47.4962090472],[-91.7583427846,47.4942098958],[-91.7582008719,47.487491492],[-91.7598262553,47.4839496794],[-91.7642353854,47.482089123],[-91.7602701077,47.4785722571],[-91.76098,47.47804],[-91.76087315859893,47.47413494679097],[-91.7659894790082,47.46996897950215],[-91.7676382551,47.46960879],[-91.7674225842,47.4681460993],[-91.76589,47.46691],[-91.7567231547,47.4648221374],[-91.754742558,47.463191033],[-91.752658176,47.4536611771],[-91.7504423052483,47.45369023352145],[-91.75079,47.45128],[-91.74853613694886,47.45126174441142],[-91.7467935198,47.4478032178],[-91.74656620958658,47.4439922626804],[-91.75184,47.44403],[-91.75243301395263,47.440746295874305],[-91.7526485034,47.4457905073],[-91.7567362548,47.4481569993],[-91.7580623717,47.4500833413],[-91.7597691457,47.4594973056],[-91.7706071841,47.4628663645],[-91.7731179082,47.4658169073],[-91.7800680524,47.461654796],[-91.7829366889,47.4610678407],[-91.7850999241,47.4623765969],[-91.78532,47.46303],[-91.78334,47.46426],[-91.7845714422,47.4663199657],[-91.7739971761,47.472179862],[-91.77294762365922,47.47419829774171]]]},"properties":{"flat_pct":100}},{"type":"Feature","geometry":{"type":"Polygon","coordinates":[[[-91.94652,47.46703],[-91.94663890185855,47.47001103945368],[-91.94119,47.47055],[-91.94111,47.46788],[-91.94652,47.46703]]]},"properties":{"flat_pct":100}},{"type":"Feature","geometry":{"type":"Polygon","coordinates":[[[-91.9895694039959,47.4880159336727],[-91.98962,47.49206],[-91.98434,47.49208],[-91.98416844457043,47.48886559300386],[-91.9895694039959,47.4880159336727]]]},"properties":{"flat_pct":100}},{"type":"Feature","geometry":{"type":"Polygon","coordinates":[[[-92.0041235851,47.4884655507],[-92.00340984372488,47.49126659258639],[-92.00013,47.48907],[-92.00324002630249,47.49143685118605],[-92.0025264141,47.4919206077],[-91.99491589942728,47.49324863400224],[-91.99484,47.4884],[-92.0041235851,47.4884655507]]]},"properties":{"flat_pct":96}},{"type":"Feature","geometry":{"type":"Polygon","coordinates":[[[-91.9162600743,47.5064333735],[-91.91251,47.50666],[-91.91244,47.50305],[-91.91983,47.50307],[-91.91510343380841,47.50447927161017],[-91.9162600743,47.5064333735]]]},"properties":{"flat_pct":100}},{"type":"Feature","geometry":{"type":"Polygon","coordinates":[[[-91.90169,47.508859856453284],[-91.90169,47.50663],[-91.90716796254944,47.506645188435904],[-91.9055764633,47.5070795741],[-91.90169,47.508859856453284]]]},"properties":{"flat_pct":100}},{"type":"Feature","geometry":{"type":"Polygon","coordinates":[[[-91.91258235914704,47.5099342514034],[-91.90925279313862,47.50665096892737],[-91.91251,47.50666],[-91.91258235914704,47.5099342514034]]]},"properties":{}},{"type":"Feature","geometry":{"type":"Polygon","coordinates":[[[-91.9741815023,47.5201520138],[-91.9757836791,47.5238249182],[-91.9779168561,47.5255577671],[-91.99502,47.52724014504947],[-91.99502,47.52823],[-92.0078061414,47.5286578151],[-92.0141716617,47.525646671],[-92.0173949209,47.5251510688],[-92.0195679044,47.5265145436],[-92.0199697985,47.5287751981],[-92.0186554564,47.5306579044],[-92.0096015661,47.534936658],[-92.0029355864,47.5339787174],[-91.9993339165,47.5324856816],[-91.9940952895,47.5334436746],[-91.9805568561,47.5319962598],[-91.9797233964,47.5334708424],[-91.9797513374,47.5374886342],[-91.9774829629,47.5399268848],[-91.974792265,47.5415863943],[-91.9678256102,47.5429515776],[-91.9687250548,47.5488321817],[-91.9676349412,47.5541298054],[-91.9660934949,47.5558315754],[-91.9638001946,47.5559449412],[-91.9620984246,47.5544034949],[-91.9615930343,47.5517748937],[-91.9625254543,47.5486404495],[-91.9618201705802,47.54340296406526],[-91.9635,47.54341],[-91.963,47.53878],[-91.96834,47.53889],[-91.96817231308843,47.5368442196789],[-91.973584661,47.535358637],[-91.9745024017,47.530514284],[-91.9706348849,47.5273000116],[-91.9698077298,47.5243754046],[-91.9615593212,47.5192946015],[-91.94616614914652,47.51412689371563],[-91.94616130051689,47.52095867778044],[-91.94016123516491,47.5210486506442],[-91.94016378742054,47.51745252245517],[-91.94138,47.51743],[-91.94136,47.51385],[-91.9401663316636,47.513867683975356],[-91.9401700008,47.5086978708],[-91.9414037022,47.5015380813],[-91.94354269071454,47.4994880089067],[-91.95207,47.49943],[-91.95208,47.49583],[-91.93589,47.49594],[-91.93589386736782,47.49733225241437],[-91.92764462001166,47.498817729497894],[-91.92510614065206,47.50070464844693],[-91.92509,47.49604],[-91.92085918393599,47.495848776675075],[-91.9211516275,47.4948885857],[-91.9231755159,47.4933122619],[-91.9423674462,47.4900875393],[-91.9507703824,47.4912330731],[-91.9566986931,47.4902354837],[-91.9691923267,47.4908270341],[-91.9711447204,47.4902008943],[-91.9721810323,47.4856201325],[-91.9764932051,47.4823625633],[-91.9670876091,47.4793692492],[-91.96002873593194,47.47053],[-91.96308,47.47053],[-91.96258293294446,47.46405005311219],[-91.96860093815184,47.471762583455366],[-91.96879,47.47409],[-91.9810723214,47.4773188698],[-91.9827835886,47.4788497658],[-91.982252653,47.4851921778],[-91.9781092414,47.4885481773],[-91.97884195824744,47.48859667366278],[-91.97901891158446,47.494621513471],[-91.9699812809,47.4968243738],[-91.96168606223537,47.49646800920173],[-91.9592875831,47.4995801529],[-91.9470717426,47.5044822754],[-91.9468068927,47.5080129132],[-91.9510741634,47.5083854282],[-91.953009444,47.5100951983],[-91.9641123521,47.5138431783],[-91.9741815023,47.5201520138]]]},"properties":{"flat_pct":98}},{"type":"Feature","geometry":{"type":"Polygon","coordinates":[[[-91.8820720522,47.5167486405],[-91.88366468125447,47.51382446914208],[-91.89086,47.51382],[-91.89089,47.50662],[-91.88855581556919,47.50662433863277],[-91.88860801166166,47.50525064453432],[-91.89252,47.50413],[-91.89386,47.50212],[-91.89252,47.50215],[-91.89189265847324,47.50091350075886],[-91.8930082176,47.5012851567],[-91.8940604053,47.5022942742],[-91.894605397,47.5050033187],[-91.90170232486469,47.50225467303876],[-91.90169,47.50663],[-91.89627,47.50661],[-91.89624,47.51021],[-91.89872266633864,47.51021911070216],[-91.89629895260607,47.51092664922213],[-91.8943489774,47.5167007666],[-91.890709362,47.5184487598],[-91.8850344768,47.5194798914],[-91.8829207088,47.518583196],[-91.8820720522,47.5167486405]]]},"properties":{"flat_pct":100}},{"type":"Feature","geometry":{"type":"Polygon","coordinates":[[[-91.9186616428,47.5533502164],[-91.9102556255,47.5576102772],[-91.9065880732,47.5574477136],[-91.9046436648,47.5562265035],[-91.9041322864,47.5539880732],[-91.91216,47.55396],[-91.9116994932589,47.55062593119436],[-91.9135657148,47.5496382602],[-91.9152356901,47.5463125153],[-91.9247837591,47.5431705471],[-91.9272640509,47.5398674706],[-91.93118098983922,47.538928473921764],[-91.94206,47.53864],[-91.9419,47.53514],[-91.94705,47.53513],[-91.94682,47.52804],[-91.9423364856075,47.52807468869936],[-91.94156,47.52453],[-91.94678,47.5245],[-91.94676766764528,47.52340550351751],[-91.9491721482,47.5289730924],[-91.9490400614,47.5356053029],[-91.9481832552,47.5373793837],[-91.9413392339,47.5427824594],[-91.92721,47.54328],[-91.92748373259852,47.55422930394035],[-91.9250692762,47.5492919575],[-91.9195034284,47.551250947],[-91.9186616428,47.5533502164]]]},"properties":{"flat_pct":98}},{"type":"Feature","geometry":{"type":"Polygon","coordinates":[[[-91.9424076222,47.5756856241],[-91.93837,47.57581],[-91.93841,47.57219],[-91.93735632363708,47.57220199631533],[-91.9393668644,47.567665017],[-91.93662917952145,47.55770607374982],[-91.942856683705,47.557723997490676],[-91.9455392509,47.5679570372],[-91.9424076222,47.5756856241]]]},"properties":{"flat_pct":100}},{"type":"Feature","geometry":{"type":"Polygon","coordinates":[[[-91.93833850585887,47.57866021977229],[-91.92767998534134,47.58491278965162],[-91.92776,47.57961],[-91.92450105313407,47.57961961341258],[-91.93310414567642,47.574853023892366],[-91.93309,47.57588],[-91.93837,47.57581],[-91.93833850585887,47.57866021977229]]]},"properties":{"flat_pct":100}},{"type":"Feature","geometry":{"type":"Polygon","coordinates":[[[-91.91899661183157,47.581337981027914],[-91.92436887703477,47.57966087593426],[-91.92427,47.58326],[-91.91897,47.58327],[-91.91899661183157,47.581337981027914]]]},"properties":{"flat_pct":100}},{"type":"Feature","geometry":{"type":"Polygon","coordinates":[[[-91.9004048844,47.5893077421],[-91.9031915147,47.5862869144],[-91.91366538996789,47.58300227327799],[-91.91366,47.58691],[-91.9084,47.58692],[-91.90845,47.58854],[-91.89289950940274,47.594115761493434],[-91.9004048844,47.5893077421]]]},"properties":{"flat_pct":100}},{"type":"Feature","geometry":{"type":"Polygon","coordinates":[[[-91.90504180532082,47.59402935656916],[-91.9041075748,47.5947898188],[-91.89811356935904,47.59791677290256],[-91.8982,47.59348],[-91.90334,47.59159],[-91.90342,47.59402],[-91.90504180532082,47.59402935656916]]]},"properties":{"flat_pct":100}},{"type":"Feature","geometry":{"type":"Polygon","coordinates":[[[-91.877,47.59786],[-91.8770013278799,47.59711439543838],[-91.88530884981516,47.59672039592936],[-91.88151,47.59761],[-91.877,47.59786]]]},"properties":{"flat_pct":100}},{"type":"Feature","geometry":{"type":"Polygon","coordinates":[[[-91.8207465883,47.6150174691],[-91.8130660504,47.6256636992],[-91.8148501655,47.626720677],[-91.8169000701,47.6268132305],[-91.8246471121,47.623081265],[-91.8269333168,47.6242449612],[-91.82751597957295,47.62657163242804],[-91.82524,47.62658],[-91.82539,47.62917],[-91.79950405998568,47.62964598083049],[-91.7944802619,47.6248988151],[-91.7896352373,47.6258296589],[-91.7867973125,47.6253199965],[-91.77721998,47.617204884],[-91.77639622122958,47.61557375455683],[-91.77807,47.61558],[-91.7782324609753,47.60864196070141],[-91.7811665701,47.6109862271],[-91.7830811943,47.6148748416],[-91.7894705585,47.6194903165],[-91.7951903958,47.6188867006],[-91.7977328573,47.619737327],[-91.8045014665,47.6262909917],[-91.8067322593,47.6245327742],[-91.8152360552,47.6123015887],[-91.8162133897,47.607846274],[-91.8248074552,47.6024182777],[-91.8362081522,47.6021175292],[-91.85580753137728,47.5970873634789],[-91.85583,47.60057],[-91.8717,47.60083],[-91.87211761781255,47.60273763692151],[-91.8622881586,47.6010587197],[-91.8530649149,47.6046084059],[-91.84082615229039,47.60694968815886],[-91.84063,47.60442],[-91.82943,47.60446],[-91.8298,47.60818],[-91.83582035565261,47.60816917202221],[-91.8302661363,47.6086098089],[-91.8268457498,47.6081509012],[-91.8213341864,47.6115667281],[-91.8207465883,47.6150174691]]]},"properties":{"flat_pct":96}},{"type":"Feature","geometry":{"type":"Polygon","coordinates":[[[-91.79401,47.63796],[-91.79462419056925,47.64236049478442],[-91.7831003625372,47.64054291545783],[-91.78313,47.63792],[-91.79401,47.63796]]]},"properties":{"flat_pct":93}},{"type":"Feature","geometry":{"type":"Polygon","coordinates":[[[-91.8104460403,47.6534776763],[-91.80549,47.65454],[-91.80544284072651,47.64888612709983],[-91.8066783033,47.6470320037],[-91.80541763647311,47.645864417164155],[-91.8054,47.64375],[-91.81176998843013,47.64356971730858],[-91.8155464901779,47.64706738410285],[-91.81079,47.6472],[-91.8104460403,47.6534776763]]]},"properties":{"flat_pct":98}},{"type":"Feature","geometry":{"type":"Polygon","coordinates":[[[-91.8475351957,47.6532904924],[-91.8438581061,47.6533210758],[-91.836469327,47.6554269678],[-91.8271,47.65449],[-91.82702787031066,47.649246171585155],[-91.83772915516919,47.648863501607636],[-91.83779,47.65106],[-91.84306,47.65101],[-91.84296,47.6474],[-91.8483519099,47.6467739979],[-91.8502921841,47.6480017658],[-91.8507960021,47.6502419099],[-91.8498002683,47.6520009796],[-91.8475351957,47.6532904924]]]},"properties":{"flat_pct":88}},{"type":"Feature","geometry":{"type":"Polygon","coordinates":[[[-91.82194619344762,47.654403943860906],[-91.8271,47.65449],[-91.82712321506273,47.65525680055654],[-91.8237864615,47.655091361],[-91.82194619344762,47.654403943860906]]]},"properties":{}},{"type":"Feature","geometry":{"type":"Polygon","coordinates":[[[-91.847601816,47.6786116448],[-91.8458315112,47.6776360257],[-91.8440657388,47.6749232869],[-91.8405659207,47.6742736994],[-91.84570267529648,47.679862733300254],[-91.83710055590149,47.67980224019622],[-91.8333281111565,47.67607839979382],[-91.83307,47.67257],[-91.83009295684268,47.6724812985279],[-91.82756,47.6689],[-91.8165837887342,47.659575729808374],[-91.81619126496146,47.64769370810419],[-91.8168491946,47.6485390747],[-91.82159056724922,47.64820655878121],[-91.82170930260646,47.65436383516397],[-91.8202801628,47.6546883774],[-91.8232428134,47.6562437204],[-91.824351903,47.658738787],[-91.8273125583117,47.66151086544692],[-91.82743,47.66539],[-91.83186088010297,47.66544701500133],[-91.8359812064,47.6700702383],[-91.839395688,47.6681635527],[-91.84366999539675,47.668747360751674],[-91.83848,47.66916],[-91.83843,47.67273],[-91.84915,47.67259],[-91.8494861159773,47.678296154963334],[-91.847601816,47.6786116448]]]},"properties":{"flat_pct":97}},{"type":"Feature","geometry":{"type":"Polygon","coordinates":[[[-91.8115403702916,47.670994478826415],[-91.8080988317,47.6701784022],[-91.8073644871,47.6674705513],[-91.8028646834,47.666956394],[-91.80067675920834,47.66628063010042],[-91.80065,47.66553],[-91.79544048536933,47.66562416512081],[-91.7917791993,47.6645066846],[-91.7892883994,47.6664651503],[-91.7753931682,47.6694981722],[-91.7727104881,47.674808974],[-91.7757101627,47.6780755728],[-91.7757422592,47.6819230721],[-91.773592998,47.6865339134],[-91.77379522316856,47.6882937934808],[-91.77194,47.68828],[-91.77195861810517,47.69052658469173],[-91.7704925054,47.6907186234],[-91.7673148899,47.6892917092],[-91.7660989088,47.6877334318],[-91.7662186249,47.684404553],[-91.7697784023,47.6808462134],[-91.7665649363,47.6759579522],[-91.766302606,47.6739903146],[-91.7694145927,47.6689472289],[-91.770400334,47.6653253079],[-91.7767163261,47.6626385921],[-91.7797412878,47.6627287008],[-91.7869583889,47.6608694944],[-91.79507038122675,47.65515070355307],[-91.7952,47.66199],[-91.81457312650085,47.661619697815134],[-91.8161189841,47.6624168289],[-91.8170107638,47.6642308137],[-91.816549339,47.666198782],[-91.8133717253,47.6677796829],[-91.81328968555589,47.668947165350666],[-91.81148,47.66896],[-91.8115403702916,47.670994478826415]]]},"properties":{"flat_pct":93}},{"type":"Feature","geometry":{"type":"Polygon","coordinates":[[[-91.8184610944,47.7063215774],[-91.8160989618,47.7086736038],[-91.8127637546,47.7071388573],[-91.810056413,47.7077358576],[-91.8080112727,47.706221209],[-91.8032828619,47.708576227],[-91.8012553813,47.707498544],[-91.800583773,47.7053028619],[-91.80364739340568,47.701924358256036],[-91.80744,47.70184],[-91.80739118661678,47.69984407499733],[-91.812993338,47.7008768865],[-91.8141153789,47.6988098536],[-91.8181152187,47.6975953861],[-91.8219898311,47.6941715361],[-91.8249255742,47.6939425874],[-91.8210115563,47.6913629106],[-91.81807201325861,47.68700093809978],[-91.8188060146,47.6843039237],[-91.8221952454,47.682482317],[-91.82496639020688,47.68349157241354],[-91.82322,47.68339],[-91.82352,47.6872],[-91.82637224234072,47.68745151105068],[-91.8304937768,47.6904211629],[-91.83129743294958,47.694412302853536],[-91.82903,47.69437],[-91.82915808457705,47.6992978855693],[-91.8246524187,47.6999396768],[-91.8187496718,47.7035988647],[-91.8184610944,47.7063215774]]]},"properties":{"flat_pct":95}},{"type":"Feature","geometry":{"type":"Polygon","coordinates":[[[-91.7587419585,47.7013454712],[-91.75942982215192,47.6954631338391],[-91.761,47.69549],[-91.76094,47.69922],[-91.77717,47.69929],[-91.7772,47.70297],[-91.77195,47.70295],[-91.77195,47.70533559022512],[-91.7708224594,47.7055982498],[-91.7681115643,47.7040794486],[-91.7612358133,47.7040761069],[-91.7587419585,47.7013454712]]]},"properties":{"flat_pct":85}},{"type":"Feature","geometry":{"type":"Polygon","coordinates":[[[-91.78257,47.70298],[-91.78254650190252,47.70421532855376],[-91.77721756871242,47.70511923915217],[-91.7772,47.70297],[-91.78257,47.70298]]]},"properties":{"flat_pct":100}},{"type":"Feature","geometry":{"type":"Polygon","coordinates":[[[-91.9059209288,47.7185808654],[-91.9017549773982,47.720442769461535],[-91.90159,47.71876],[-91.90299,47.71795],[-91.90165,47.71787],[-91.90121,47.71666],[-91.89751672455805,47.71690469150273],[-91.89853543415207,47.71538419576619],[-91.90607,47.71523],[-91.9059209288,47.7185808654]]]},"properties":{"flat_pct":81}},{"type":"Feature","geometry":{"type":"Polygon","coordinates":[[[-91.9213486555347,47.721804003299845],[-91.9191,47.72265],[-91.92038232378972,47.723248417768545],[-91.91983,47.72354],[-91.91695,47.7221],[-91.91688,47.71864],[-91.91437015229104,47.718686478661276],[-91.91453691101214,47.7150590521818],[-91.92042023277543,47.71494326725165],[-91.9203689588,47.7166304919],[-91.92189482338641,47.71907291204998],[-91.91895,47.71909],[-91.9213486555347,47.721804003299845]]]},"properties":{"flat_pct":96}},{"type":"Feature","geometry":{"type":"Polygon","coordinates":[[[-91.7875381333,47.7272271138],[-91.7860932076,47.7312559446],[-91.78756382602258,47.73428598921896],[-91.78526658884093,47.73744469034373],[-91.7824771062,47.7375958498],[-91.780060244,47.7332453911],[-91.7803745261,47.7277106289],[-91.7823388097,47.7239115882],[-91.7852107021,47.7209177489],[-91.7829213569,47.7187918078],[-91.7814459005,47.715542249],[-91.7817318777,47.7107075567],[-91.78434103288612,47.706665230207065],[-91.79204852498842,47.706687126491445],[-91.791261522,47.7092579689],[-91.7874852995,47.7126113632],[-91.7881216308,47.7154711806],[-91.7903251682,47.7175959669],[-91.7915591501,47.7212014047],[-91.7895819164,47.7253004014],[-91.7875381333,47.7272271138]]]},"properties":{"flat_pct":81}},{"type":"Feature","geometry":{"type":"Polygon","coordinates":[[[-91.9314544784,47.7702172414],[-91.9299999987,47.7678847288],[-91.9309031534,47.7642261501],[-91.9354778863,47.7585478177],[-91.9318479443,47.7575820836],[-91.9227083108,47.7583999995],[-91.9201,47.75722],[-91.9175060874,47.7576974051],[-91.9154691783,47.7553809725],[-91.9163308091,47.7526870296],[-91.9181708636,47.7518503627],[-91.9230113676,47.7523561702],[-91.926754769,47.7514706993],[-91.9398581364,47.7530082216],[-91.9463762968,47.7502676937],[-91.9499414272,47.7510099334],[-91.9508615837,47.7534045592],[-91.949594254,47.7556349843],[-91.9464885817,47.7574017585],[-91.9403435955,47.759080766],[-91.9382685096,47.7587938147],[-91.9396035759,47.7617760661],[-91.936772961,47.7661116825],[-91.94199203439929,47.77034520727979],[-91.93587,47.77043],[-91.93568057618174,47.77241166456022],[-91.9314544784,47.7702172414]],[[-91.9357278603,47.7584549579],[-91.9362257168,47.7583387428],[-91.9365176557,47.758312559],[-91.9357278603,47.7584549579]]]},"properties":{"flat_pct":94}},{"type":"Feature","geometry":{"type":"Polygon","coordinates":[[[-91.85975989646506,47.766239153707595],[-91.859700293,47.7623032118],[-91.86284894385935,47.7583613694835],[-91.86281,47.76605],[-91.85975989646506,47.766239153707595]]]},"properties":{"flat_pct":100}},{"type":"Feature","geometry":{"type":"Polygon","coordinates":[[[-91.854254978,47.7698343543],[-91.8553835799,47.769082158],[-91.85762172246056,47.7684342603797],[-91.8576,47.77002],[-91.854254978,47.7698343543]]]},"properties":{}},{"type":"Feature","geometry":{"type":"Polygon","coordinates":[[[-91.8411595957,47.7724412991],[-91.8473784275763,47.77124236222448],[-91.84737,47.77431],[-91.86091778386857,47.77345771477629],[-91.8580480762,47.7745589027],[-91.8544535246,47.7778000095],[-91.8477787398,47.7774060338],[-91.842167147,47.7782391153],[-91.84229,47.77463],[-91.83931047064901,47.77459645933188],[-91.8411595957,47.7724412991]]]},"properties":{"flat_pct":100}},{"type":"Feature","geometry":{"type":"Polygon","coordinates":[[[-91.9116555212,47.7883238129],[-91.8946,47.78802],[-91.89480632148137,47.79024668491044],[-91.893362081,47.7902355181],[-91.889756669,47.7926687478],[-91.8876108493,47.7918517192],[-91.8866712522,47.789756669],[-91.8874882808,47.7876108493],[-91.8915700909,47.7844349869],[-91.9126063705,47.781949514],[-91.91567606,47.7777971052],[-91.9190094379,47.7778141423],[-91.9205000474,47.7794643562],[-91.9205689065,47.7816314892],[-91.923161179,47.7836852585],[-91.9228603286,47.7864975929],[-91.9209405488,47.7877571656],[-91.9159270037,47.786984998],[-91.9116555212,47.7883238129]]]},"properties":{"flat_pct":92}},{"type":"Feature","geometry":{"type":"Polygon","coordinates":[[[-91.8102659728,47.7620834367],[-91.808465378,47.7644511945],[-91.79715286,47.7714840796],[-91.7955669543,47.780569523],[-91.7931914236,47.7870283534],[-91.7955119381,47.7927826327],[-91.7950354338,47.796384442],[-91.7968699551,47.8018435803],[-91.7951534415,47.8145197863],[-91.79356350021669,47.8172953268913],[-91.79329,47.81097],[-91.78689,47.81167],[-91.786,47.8092],[-91.78622,47.80824],[-91.7876822784924,47.80806919254077],[-91.7896352345,47.809314202],[-91.78977650647194,47.80782456762009],[-91.79324,47.80742],[-91.7932,47.80412],[-91.7900794379202,47.80463032396443],[-91.7907824995,47.8017271258],[-91.788877826,47.7977761842],[-91.7894517125,47.7936807599],[-91.7869889585,47.7874267364],[-91.7900145806,47.777542181],[-91.7866561617,47.7748564442],[-91.78029703540813,47.77521300857236],[-91.78048,47.77009],[-91.7786080844924,47.77009698475936],[-91.7812244037,47.7687011876],[-91.7875544371,47.7688934589],[-91.7912800597,47.7702338514],[-91.7950428102,47.7646250031],[-91.7910583098,47.7627842969],[-91.7853057184,47.7619354065],[-91.7801696387,47.7644051999],[-91.7781001404,47.7641026373],[-91.77663551613088,47.76262852444949],[-91.77949,47.7608],[-91.78119,47.75838],[-91.78248,47.75827],[-91.78182,47.75728],[-91.78615,47.75622],[-91.78678769217638,47.75380298177471],[-91.788832397,47.7548325891],[-91.7897602318,47.7566226845],[-91.7928095547,47.7570042407],[-91.7990048526,47.7599067938],[-91.79939,47.76338],[-91.80477,47.76351],[-91.80449204835746,47.75990696286855],[-91.8076476412,47.7562951779],[-91.8147792663,47.7559359762],[-91.8170244809,47.7571769163],[-91.8175510554,47.7594118206],[-91.8163430837,47.7613644809],[-91.8102659728,47.7620834367]]]},"properties":{"flat_pct":97}},{"type":"Feature","geometry":{"type":"Polygon","coordinates":[[[-91.83129485731152,47.77937627183678],[-91.8347753614,47.7825631018],[-91.8350473439,47.7845404126],[-91.83620082045944,47.784271608314825],[-91.8361,47.78556],[-91.84133,47.78562],[-91.84104755996027,47.78885923420566],[-91.83061,47.7892],[-91.83107295673463,47.7956999125543],[-91.82592,47.79628],[-91.8259876447,47.7907465236],[-91.827799834,47.7871745009],[-91.82551115832696,47.78741163003678],[-91.82581,47.78168],[-91.83113,47.78177],[-91.83129485731152,47.77937627183678]]]},"properties":{"flat_pct":99}},{"type":"Feature","geometry":{"type":"Polygon","coordinates":[[[-91.8855360064,47.8000703398],[-91.8845770614,47.8018497319],[-91.8810703651,47.8037231646],[-91.87974399483052,47.803820749887464],[-91.87968,47.8021],[-91.8750636651,47.8018799841],[-91.8764593817,47.7984304638],[-91.8821399621,47.7966509821],[-91.8845922688,47.7974040512],[-91.8855360064,47.8000703398]]]},"properties":{"flat_pct":91}},{"type":"Feature","geometry":{"type":"Polygon","coordinates":[[[-91.89049272465896,47.814190848472215],[-91.89049,47.81318],[-91.8878733583,47.8124536481],[-91.88777,47.8085],[-91.88617,47.80787],[-91.88582,47.8058],[-91.894490680661,47.80575988449132],[-91.8938686956,47.8090314578],[-91.89950365661947,47.81225611987965],[-91.89691,47.81276],[-91.8997760994,47.8133570678],[-91.8990067016,47.8155204228],[-91.8969329322,47.8165060994],[-91.8934779617,47.8162381581],[-91.89049272465896,47.814190848472215]]]},"properties":{"flat_pct":89}},{"type":"Feature","geometry":{"type":"Polygon","coordinates":[[[-91.7851620882,47.8158523826],[-91.78935,47.81574],[-91.7894618171194,47.81838576492415],[-91.7865823792,47.8176565033],[-91.7851620882,47.8158523826]]]},"properties":{"flat_pct":100}},{"type":"Feature","geometry":{"type":"Polygon","coordinates":[[[-91.8984951688,47.8233157327],[-91.8945726986,47.8248159719],[-91.890862054,47.8284204892],[-91.888601832,47.8280161695],[-91.8872895108,47.826132054],[-91.8875473865,47.8241272318],[-91.89039964374808,47.8204183027989],[-91.89969798677937,47.8204587303773],[-91.8984951688,47.8233157327]]]},"properties":{"flat_pct":98}},{"type":"Feature","geometry":{"type":"Polygon","coordinates":[[[-91.9259606889,47.8218282267],[-91.9267568637,47.824542235],[-91.9244292264,47.8290890266],[-91.92264368130299,47.83016526259728],[-91.92261,47.82772],[-91.91648089719415,47.82775517419114],[-91.9221762393,47.8214204082],[-91.924141424,47.8209472686],[-91.9259606889,47.8218282267]]]},"properties":{"flat_pct":100}},{"type":"Feature","geometry":{"type":"Polygon","coordinates":[[[-91.7811338115,47.8315329595],[-91.7814963736,47.8269243561],[-91.7832619351,47.8247514914],[-91.778876225,47.8193030788],[-91.778319554,47.8158380329],[-91.77922630656795,47.81401322684355],[-91.77922,47.81658],[-91.78430019334189,47.81590989557948],[-91.7851215794,47.8180496222],[-91.7888214184,47.8213548906],[-91.78856,47.82347],[-91.78994835742324,47.82589620010048],[-91.7889223107,47.8286793175],[-91.7872430762,47.829870317],[-91.79028747611817,47.83191762473232],[-91.78867,47.83184],[-91.79608,47.83927],[-91.79567,47.84058],[-91.79801781371143,47.84398516243963],[-91.79661,47.84683],[-91.79342,47.8473],[-91.79387246002263,47.84897551602128],[-91.7926317803,47.8482996372],[-91.7911700309,47.845695628],[-91.7915822375,47.8429157095],[-91.7899046967,47.840684489],[-91.7897049297,47.8385144559],[-91.7838076128,47.8350447505],[-91.7811338115,47.8315329595]]]},"properties":{"flat_pct":97}},{"type":"Feature","geometry":{"type":"Polygon","coordinates":[[[-91.79226,47.83312],[-91.7949116386,47.8347407639],[-91.79572897522506,47.8368926279056],[-91.79421,47.83603],[-91.79226,47.83312]]]},"properties":{}},{"type":"Feature","geometry":{"type":"Polygon","coordinates":[[[-91.91803126688815,47.83504698739988],[-91.91576,47.83508],[-91.91514990147871,47.83877366363285],[-91.90509,47.83897],[-91.910329078,47.8351570623],[-91.91322420822058,47.831424255809395],[-91.92133092429032,47.83136045928046],[-91.91803126688815,47.83504698739988]]]},"properties":{"flat_pct":100}},{"type":"Feature","geometry":{"type":"Polygon","coordinates":[[[-91.9001809232,47.8414880533],[-91.90335199371383,47.83892219629076],[-91.90509,47.83897],[-91.9051033375926,47.84543873241342],[-91.902736364,47.8465262981],[-91.900521569,47.8459206901],[-91.9001809232,47.8414880533]]]},"properties":{"flat_pct":95}},{"type":"Feature","geometry":{"type":"Polygon","coordinates":[[[-91.9815673824,47.8736102586],[-91.98054064996823,47.87780852486299],[-91.97355932655731,47.8777739081353],[-91.9740852532,47.8752298399],[-91.97623,47.87419],[-91.97647,47.86705],[-91.97343478742997,47.867066972297685],[-91.9703163662,47.86474217],[-91.9662736907,47.8642997638],[-91.9644501566,47.8615093478],[-91.96596948314993,47.85893463699347],[-91.96606,47.85996],[-91.97390133884626,47.85993054896208],[-91.9749559516,47.8607331159],[-91.97476683110348,47.85992729828694],[-91.97671,47.85992],[-91.97654,47.85425],[-91.98191,47.85452],[-91.98246,47.85417],[-91.98095,47.85278],[-91.98187,47.85278],[-91.98184653636865,47.8517388013589],[-91.9830031798,47.8544597481],[-91.9826683783,47.8566897802],[-91.9872467938632,47.855775859177534],[-91.98729908780933,47.861747827826306],[-91.98150015,47.8642613861],[-91.9797112383,47.8698740849],[-91.9815673824,47.8736102586]]]},"properties":{"flat_pct":87}},{"type":"Feature","geometry":{"type":"Polygon","coordinates":[[[-91.9774059399,47.8828299671],[-91.97484921257663,47.88136933266617],[-91.97997365157651,47.88139764448385],[-91.9774059399,47.8828299671]]]},"properties":{}},{"type":"Feature","geometry":{"type":"Polygon","coordinates":[[[-91.9170005619,47.8965740384],[-91.92355,47.89638],[-91.92362,47.9],[-91.91734580949654,47.89992989731281],[-91.9170005619,47.8965740384]]]},"properties":{"flat_pct":87}},{"type":"Feature","geometry":{"type":"Polygon","coordinates":[[[-91.82792,47.90443],[-91.82619,47.90578],[-91.82747,47.90712],[-91.8329,47.90433],[-91.8329,47.90786],[-91.82555,47.90883],[-91.82616,47.90795],[-91.82483,47.90797],[-91.82483,47.90555424881557],[-91.82599264505478,47.90447366176251],[-91.82792,47.90443]]]},"properties":{"flat_pct":81}},{"type":"Feature","geometry":{"type":"Polygon","coordinates":[[[-91.8770225273,47.950747747],[-91.87414692279494,47.95223490708918],[-91.87702,47.95013],[-91.87233920650013,47.95198485175256],[-91.87113334806986,47.950938800622666],[-91.87373,47.95094],[-91.87354,47.94714],[-91.87893312431595,47.9470473700022],[-91.8770225273,47.950747747]]]},"properties":{"flat_pct":46}},{"type":"Feature","geometry":{"type":"Polygon","coordinates":[[[-91.79874,47.96974],[-91.79858,47.96608],[-91.80088158067952,47.96603417667425],[-91.80288168044589,47.96969574339684],[-91.79874,47.96974]]]},"properties":{"flat_pct":56}},{"type":"Feature","geometry":{"type":"Polygon","coordinates":[[[-91.7734218663,47.967459629],[-91.77325,47.97114],[-91.77231,47.97206],[-91.77261,47.97544],[-91.78148042625752,47.97598370376607],[-91.7753492224,47.9781180111],[-91.7711679137,47.977849304],[-91.7681747168,47.9762408771],[-91.76728875917088,47.96671802183482],[-91.77227,47.96677],[-91.77216290217761,47.965058868883105],[-91.7734218663,47.967459629]]]},"properties":{"flat_pct":82}},{"type":"Feature","geometry":{"type":"Polygon","coordinates":[[[-91.9149627034,47.9728334865],[-91.91637700235572,47.97612793546599],[-91.9082,47.97619],[-91.90818313494886,47.97325548110147],[-91.9149627034,47.9728334865]]]},"properties":{"flat_pct":100}},{"type":"Feature","geometry":{"type":"Polygon","coordinates":[[[-91.8649,47.98745],[-91.8650817609761,47.99013279200712],[-91.8638119873,47.9913280867],[-91.8575978376,47.9937627919],[-91.8547045568,47.9921073088],[-91.8549446898,47.9890320535],[-91.8585859113,47.9864785671],[-91.8777795912,47.9785182001],[-91.8851893228,47.9789439406],[-91.8880246976,47.9774724449],[-91.8940415155,47.9766939709],[-91.9020549293,47.9770310342],[-91.9082,47.97619],[-91.90830621841361,47.9808083766242],[-91.9032245027,47.9830297117],[-91.8944177159,47.9826944544],[-91.8851687908,47.9849792112],[-91.8794287314,47.9842978025],[-91.8704456909573,47.988429683807674],[-91.87033,47.98738],[-91.8649,47.98745]]]},"properties":{"flat_pct":87}},{"type":"Feature","geometry":{"type":"Polygon","coordinates":[[[-91.9621660709,47.9928917776],[-91.9640816377,47.9945980967],[-91.9638286857,47.9974151432],[-91.9616397805,47.9987529081],[-91.95849232959442,47.99806571923713],[-91.95821,47.99497],[-91.95628,47.99465],[-91.9582,47.99488],[-91.9579005034779,47.99158553825696],[-91.9621660709,47.9928917776]]]},"properties":{"flat_pct":48}},{"type":"Feature","geometry":{"type":"Polygon","coordinates":[[[-91.8003944238,48.0219169421],[-91.79964620276978,48.01634371038398],[-91.7980339856,48.0141202875],[-91.79801844430467,48.013371887644226],[-91.7991,48.01345],[-91.79905455040597,48.01139056527066],[-91.800842601,48.0106741319],[-91.8045287607,48.0111498625],[-91.8070133637,48.0093376195],[-91.8117236013,48.0079960159],[-91.81311836591979,48.00597],[-91.81608,48.00597],[-91.81590084397814,47.99876394667615],[-91.8170926356,47.9954193893],[-91.8161121609,47.9932869961],[-91.8156707419,47.9883453806],[-91.8139848934,47.9855306041],[-91.8146866392,47.9824879671],[-91.8073437644,47.9807203066],[-91.80111643586609,47.977052280907564],[-91.8098,47.97702],[-91.80989,47.98062],[-91.81551,47.98058],[-91.81595,47.9914],[-91.82173,47.99131],[-91.82163,47.99499],[-91.8233775182506,47.994986733610745],[-91.8233402478,47.9957740935],[-91.8209626509,48.0050656751],[-91.8158706941,48.012527194],[-91.8095070913,48.0148532955],[-91.8054860685,48.0180624547],[-91.80606907644169,48.020627782149255],[-91.80473,48.02064],[-91.8046826604,48.023089689],[-91.8021375848,48.023411421],[-91.8003944238,48.0219169421]]]},"properties":{"flat_pct":84}},{"type":"Feature","geometry":{"type":"Polygon","coordinates":[[[-91.9226157546,48.004455042],[-91.9232899812,48.0063606208],[-91.9226022791,48.0082613779],[-91.9169806851,48.0109338861],[-91.9136197062,48.0097178694],[-91.91372304,48.0062619603],[-91.9117807596,48.0067795459],[-91.90698308471187,48.0124869828041],[-91.8975,48.01251],[-91.89760322419464,48.00941900883806],[-91.9035059076,48.0075568776],[-91.90814526433483,48.00165324429601],[-91.91394,48.00161],[-91.91393,47.99874],[-91.9162,47.99885],[-91.91748,47.99769],[-91.91698,47.99656],[-91.9143,47.99683],[-91.91116,47.99573],[-91.91008,47.99469],[-91.91045,47.99391],[-91.9090545417294,47.993302650286374],[-91.9108296286,47.9916447095],[-91.915754941,47.9917985293],[-91.9199936745,47.9945973272],[-91.9209158267,47.9995571512],[-91.916657007,48.0045973464],[-91.9203006208,48.0033500188],[-91.9226157546,48.004455042]]]},"properties":{"flat_pct":88}},{"type":"Feature","geometry":{"type":"Polygon","coordinates":[[[-91.8861276242,48.0058422374],[-91.8880678214,48.0052752747],[-91.8901333293,48.0062781481],[-91.89222971930823,48.009880564907355],[-91.89214,48.01248],[-91.8975,48.01251],[-91.89735169080413,48.015694285676076],[-91.8949772507,48.0163255274],[-91.8932985046,48.0191297801],[-91.8913864911,48.0203625424],[-91.88649071183856,48.0210119765903],[-91.88693,48.00894],[-91.8848922656,48.0083865693],[-91.8861276242,48.0058422374]]]},"properties":{"flat_pct":100}},{"type":"Feature","geometry":{"type":"Polygon","coordinates":[[[-91.9150913468,48.0120761513],[-91.9216171724,48.0103338806],[-91.9232471152,48.0119510894],[-91.9232561194,48.0142471724],[-91.921544127,48.0162968708],[-91.92261891394537,48.01934309577519],[-91.9194,48.0195],[-91.91939,48.01593],[-91.9148629726,48.015625753],[-91.9150913468,48.0120761513]]]},"properties":{"flat_pct":94}},{"type":"Feature","geometry":{"type":"Polygon","coordinates":[[[-91.90249794035864,48.0193392797929],[-91.9046758748,48.0170563307],[-91.90851657979792,48.017361508777654],[-91.90833993707326,48.0233949618412],[-91.9030149420032,48.021737047482134],[-91.90603,48.01799],[-91.90249794035864,48.0193392797929]]]},"properties":{"flat_pct":72}},{"type":"Feature","geometry":{"type":"Polygon","coordinates":[[[-91.83915965537379,48.03053120976806],[-91.8384385816,48.0336598007],[-91.83733812657128,48.03489900482382],[-91.83405040816433,48.03489296677349],[-91.8312864371,48.0320673959],[-91.8327594169,48.0290037956],[-91.8324591912,48.0245194066],[-91.8359450918,48.0166594036],[-91.8354878936,48.0142446835],[-91.8365841635,48.0123708184],[-91.8431487853,48.0117947966],[-91.8461623074,48.0105833771],[-91.85395126763669,48.01164895546759],[-91.85393,48.01321],[-91.85936,48.01316],[-91.85940561093652,48.0103929365174],[-91.8633207161,48.0094894507],[-91.8682121855,48.0059027621],[-91.8702273719,48.0057451692],[-91.8718851079,48.0069017689],[-91.8723980674,48.0091398374],[-91.8707187694,48.0126808546],[-91.86479,48.01311],[-91.86465873461194,48.01989829578233],[-91.8618129206,48.0203049753],[-91.848320627,48.0168035577],[-91.8420094507,48.0177773352],[-91.8384552834,48.0256632068],[-91.83896774253216,48.02946052952949],[-91.83735,48.02984],[-91.83915965537379,48.03053120976806]],[[-91.83777,48.03143],[-91.83648,48.0314],[-91.83656,48.03386],[-91.83785,48.03388],[-91.83777,48.03143]]]},"properties":{"flat_pct":81}},{"type":"Feature","geometry":{"type":"Polygon","coordinates":[[[-91.8766785431,48.0208698469],[-91.8715901809,48.0244404289],[-91.8693667023,48.0238675232],[-91.8681995711,48.0218901809],[-91.86841956627744,48.02028083364628],[-91.8701,48.02025],[-91.87017,48.0166],[-91.88112,48.01633],[-91.8810440543085,48.02065890441485],[-91.8766785431,48.0208698469]]]},"properties":{"flat_pct":98}},{"type":"Feature","geometry":{"type":"Polygon","coordinates":[[[-91.9226505671,48.0314038136],[-91.92423305033297,48.030278094614815],[-91.9271425884,48.0303976588],[-91.9288761157,48.0326673675],[-91.9285812678,48.0349444583],[-91.926474995,48.0364088815],[-91.923595098,48.0357510129],[-91.9221932178,48.0339301621],[-91.9226505671,48.0314038136]]]},"properties":{"flat_pct":86}},{"type":"Feature","geometry":{"type":"Polygon","coordinates":[[[-91.9252784604,48.0518894415],[-91.9232968875,48.0502602424],[-91.9232991789,48.0476949128],[-91.9259499908,48.0447754376],[-91.9287750872,48.0446391789],[-91.9303155338,48.0463418539],[-91.9302008211,48.0486350872],[-91.9275500092,48.0515545624],[-91.9252784604,48.0518894415]]]},"properties":{"flat_pct":50}},{"type":"Feature","geometry":{"type":"Polygon","coordinates":[[[-91.9277574444,48.0602431046],[-91.9302999041,48.059901316],[-91.9325744753,48.061966045],[-91.93254856161471,48.06448509464873],[-91.93061,48.06446],[-91.9305952114055,48.06610039640499],[-91.9280470004,48.0658815481],[-91.9263598067,48.0642553013],[-91.9262536502,48.0621945402],[-91.9277574444,48.0602431046]]]},"properties":{"flat_pct":85}},{"type":"Feature","geometry":{"type":"Polygon","coordinates":[[[-91.9843984421,48.0961035317],[-91.984285045,48.093810233],[-91.986680186,48.0898813279],[-91.99093,48.09196],[-91.99328,48.09064],[-91.99253978801532,48.08924973005441],[-91.993865982,48.090425736],[-91.994129304,48.0929775163],[-91.9917087476,48.0955246724],[-91.9916754644,48.0973898682],[-91.9903974325,48.0989740601],[-91.9875539501,48.0991203645],[-91.9843984421,48.0961035317]]]},"properties":{"flat_pct":78}},{"type":"Feature","geometry":{"type":"Polygon","coordinates":[[[-91.9949471771,48.1051127602],[-91.9934811584,48.0944352204],[-91.9948422409,48.0929408087],[-91.9968424166,48.0926490745],[-91.9985736476,48.093692459],[-92.0003152163,48.0967435734],[-92.0007901916,48.1015623932],[-92.00008521945858,48.10415961098412],[-91.99517,48.10421],[-91.9949471771,48.1051127602]]]},"properties":{"flat_pct":88}},{"type":"Feature","geometry":{"type":"Polygon","coordinates":[[[-91.6265580649469,47.2923534512275],[-91.6298607835,47.291364651],[-91.63125000021358,47.29233582341811],[-91.6265580649469,47.2923534512275]]]},"properties":{}},{"type":"Feature","geometry":{"type":"Polygon","coordinates":[[[-91.72131176508445,47.29590242688587],[-91.72297580286002,47.292309597373794],[-91.7277978615,47.2923816204],[-91.72879,47.30318],[-91.7253613836,47.3020754866],[-91.72344209557404,47.30268244093196],[-91.72333,47.29591],[-91.72131176508445,47.29590242688587]]]},"properties":{"flat_pct":95}},{"type":"Feature","geometry":{"type":"Polygon","coordinates":[[[-91.6369634366,47.2993336998],[-91.63503572275958,47.303231823064685],[-91.63265,47.30325],[-91.63255,47.30649],[-91.62920226248215,47.30685390335702],[-91.6278765475,47.3035619038],[-91.6299936676,47.2993023823],[-91.6276070575,47.2981542827],[-91.62637801535277,47.29598900376675],[-91.62744,47.29599],[-91.62746,47.29417],[-91.63279,47.29416],[-91.63278,47.29599],[-91.636523297,47.296304337],[-91.6369634366,47.2993336998]]]},"properties":{"flat_pct":98}},{"type":"Feature","geometry":{"type":"Polygon","coordinates":[[[-91.73947430709357,47.30677847148856],[-91.73946,47.30334],[-91.76083,47.30324],[-91.76087117879729,47.30514451937463],[-91.7556096853,47.306267135],[-91.73947430709357,47.30677847148856]]]},"properties":{"flat_pct":94}},{"type":"Feature","geometry":{"type":"Polygon","coordinates":[[[-91.61639773160041,47.32032451035015],[-91.61638,47.31395],[-91.61280545272044,47.31383174938111],[-91.6125038012,47.3121804734],[-91.6055529443,47.3137412534],[-91.6043930793,47.3179036608],[-91.6022709497,47.3192257146],[-91.60042682888857,47.31929807928479],[-91.6005,47.31342],[-91.59518,47.31358],[-91.59514743524701,47.31946607910166],[-91.5839004905,47.3210040569],[-91.5817985878,47.3233710585],[-91.5781280067,47.3253900423],[-91.56867143559361,47.3248864328255],[-91.56871382437616,47.318875703459724],[-91.5767201345,47.3194147422],[-91.5806828009,47.3157518978],[-91.5837635327,47.3148730466],[-91.5814979935,47.3111011463],[-91.58160033567324,47.31041427751175],[-91.58464,47.31034],[-91.58473,47.30679],[-91.58220312633509,47.30683749762528],[-91.5828896185,47.302764058],[-91.5779653293,47.3014147239],[-91.5764277004,47.300102661],[-91.5761344256,47.297825367],[-91.5777995965,47.2958739248],[-91.58492157420129,47.29709828724602],[-91.5849,47.29968],[-91.5891481506488,47.29963999858146],[-91.5877013572,47.3103168928],[-91.5923016975,47.3135535985],[-91.5986055432,47.3133529988],[-91.5992056068,47.3114125484],[-91.6024320343,47.3085602136],[-91.6139898599,47.3047339268],[-91.6075277794,47.3002175748],[-91.6065671413,47.2979836609],[-91.6004727743,47.297145322],[-91.5997034748,47.2941581767],[-91.6022661836,47.2920264586],[-91.6099279698,47.2922701454],[-91.6120707205,47.2940803328],[-91.6125148728,47.2963095149],[-91.618306367,47.3003968181],[-91.6230837275,47.3005256365],[-91.6253537937,47.3028500713],[-91.6256199027,47.304874725],[-91.62441687871,47.30686435179321],[-91.62183,47.30687],[-91.62177554823889,47.309340748660595],[-91.6195233211,47.3086464162],[-91.6188060268,47.3180320931],[-91.61639773160041,47.32032451035015]]]},"properties":{"flat_pct":94}},{"type":"Feature","geometry":{"type":"Polygon","coordinates":[[[-91.693486031,47.3167528839],[-91.692402849,47.3196206883],[-91.6879715193,47.3232227132],[-91.6778656163,47.3236790777],[-91.67555088681831,47.32249155902602],[-91.67114158467741,47.322265609591035],[-91.67504,47.31771],[-91.67090984931752,47.32215683585599],[-91.6697196155481,47.321598154726175],[-91.66977567631601,47.31530533352882],[-91.6736023771,47.3167925765],[-91.6860797873,47.3174482725],[-91.6888464947,47.3125508933],[-91.6930791123,47.3102121381],[-91.6962201948,47.3056256333],[-91.698405175,47.3043465601],[-91.7066872911,47.3049949849],[-91.7101191963,47.3031623475],[-91.71279677344609,47.29975603632218],[-91.71276,47.30313],[-91.72194532906032,47.30315577735003],[-91.7158457154,47.305084715],[-91.71502581617234,47.306804301895845],[-91.71272,47.3068],[-91.71270053629198,47.30858579521209],[-91.7085461006,47.3107865582],[-91.7020752377,47.3106530696],[-91.6998870112,47.3116774766],[-91.6988664186,47.3136856562],[-91.693486031,47.3167528839]]]},"properties":{"flat_pct":100}},{"type":"Feature","geometry":{"type":"Polygon","coordinates":[[[-91.6624025464,47.3153296665],[-91.66444890793092,47.31455357518439],[-91.66442,47.31756],[-91.66142363096603,47.31756571826152],[-91.6624025464,47.3153296665]]]},"properties":{"flat_pct":100}},{"type":"Feature","geometry":{"type":"Polygon","coordinates":[[[-91.4812530674,47.3090619228],[-91.4839459578,47.304502955],[-91.4862355042,47.3043295909],[-91.487977045,47.3058259578],[-91.4875633861,47.3094825931],[-91.48901897995208,47.31431081018806],[-91.48413,47.31432],[-91.48418,47.31794],[-91.4895,47.31792],[-91.48945502044144,47.31467247587176],[-91.492322774,47.3180457726],[-91.4973513587,47.3211407824],[-91.4999329392,47.3204464792],[-91.5073421878,47.3207870814],[-91.5144951102,47.3230262337],[-91.5195747262,47.3237569237],[-91.5249584849,47.3229953142],[-91.5310399552,47.3246214715],[-91.54214003139775,47.32303133685072],[-91.54206,47.3288],[-91.51633,47.32859],[-91.51624,47.32502],[-91.51092,47.32505],[-91.51099049972147,47.328204862536325],[-91.5064035399,47.3267381021],[-91.50028750565585,47.32652457658617],[-91.50026,47.32511],[-91.49493,47.32513],[-91.49488,47.32152],[-91.48423,47.32155],[-91.48429,47.32515],[-91.47897,47.32516],[-91.47893,47.32157],[-91.47603304838083,47.32158095255811],[-91.4770839607,47.3199530702],[-91.4858142748,47.3194480098],[-91.4837127193,47.317685239],[-91.4830593219,47.3166809613],[-91.4829074138,47.3133588101],[-91.4812530674,47.3090619228]]]},"properties":{"flat_pct":94}},{"type":"Feature","geometry":{"type":"Polygon","coordinates":[[[-91.55260420947226,47.32320699107029],[-91.55784613481775,47.32206375210761],[-91.55791,47.32533],[-91.55261,47.32528],[-91.55260420947226,47.32320699107029]]]},"properties":{"flat_pct":100}},{"type":"Feature","geometry":{"type":"Polygon","coordinates":[[[-91.5637878304,47.3272993276],[-91.56329,47.32521],[-91.5675796832296,47.325114319333174],[-91.5637878304,47.3272993276]]]},"properties":{}},{"type":"Feature","geometry":{"type":"Polygon","coordinates":[[[-91.4242235656,47.3272678479],[-91.42301273208844,47.32909186540869],[-91.41827778526928,47.32913363142056],[-91.4169290205,47.3262827151],[-91.4185342987,47.3239540207],[-91.4216272849,47.3236590205],[-91.4236363673,47.3247706256],[-91.4242235656,47.3272678479]]]},"properties":{"flat_pct":100}},{"type":"Feature","geometry":{"type":"Polygon","coordinates":[[[-91.55262,47.32885],[-91.54725,47.32881],[-91.5473,47.32523],[-91.55261,47.32528],[-91.55262,47.32885]]]},"properties":{"flat_pct":83}},{"type":"Feature","geometry":{"type":"Polygon","coordinates":[[[-91.65374102792104,47.32560524408642],[-91.65906813023203,47.32383437215584],[-91.65906,47.32481],[-91.66615433663152,47.32491001414424],[-91.6672209261,47.3266199435],[-91.666961684,47.3286245895],[-91.6646396934,47.3302395494],[-91.6585466197,47.3298118345],[-91.6535317458,47.3323104714],[-91.6485854137,47.3323519854],[-91.6466546216,47.3311093593],[-91.6461680146,47.3288654137],[-91.6474106407,47.3269346216],[-91.64842,47.32648540827944],[-91.64842,47.32836],[-91.65371,47.32839],[-91.65374102792104,47.32560524408642]]]},"properties":{"flat_pct":98}},{"type":"Feature","geometry":{"type":"Polygon","coordinates":[[[-91.66425,47.33573],[-91.66425897977703,47.332461361158025],[-91.6675633944,47.3319354848],[-91.66964264448765,47.33357502549163],[-91.66963,47.33587],[-91.66425,47.33573]]]},"properties":{"flat_pct":100}},{"type":"Feature","geometry":{"type":"Polygon","coordinates":[[[-91.64304,47.35364],[-91.64839,47.35368],[-91.6484,47.35007],[-91.64340128074143,47.35002319551256],[-91.648998454,47.3461433927],[-91.6593850268,47.3461416429],[-91.6616566073,47.348228454],[-91.6614162025,47.3505119346],[-91.6599094024,47.3518592895],[-91.6508217948,47.3520265971],[-91.6420098957,47.3584780077],[-91.6364848241,47.3665639747],[-91.6345763308,47.3672299066],[-91.6326785829,47.3665339436],[-91.6316168587,47.3639124025],[-91.633453182,47.3595387021],[-91.6377554937,47.3542127633],[-91.64305859622448,47.3502740833714],[-91.64304,47.35364]]]},"properties":{"flat_pct":100}},{"type":"Feature","geometry":{"type":"Polygon","coordinates":[[[-91.495920767,47.3612881776],[-91.4961160384,47.3590003955],[-91.5001532554,47.3534174169],[-91.5023374737,47.3527094137],[-91.5043825831,47.3537532554],[-91.5054879437,47.3566810575],[-91.5041019945,47.3604652816],[-91.4991129185,47.3633614703],[-91.4971459248,47.362895909],[-91.495920767,47.3612881776]]]},"properties":{"flat_pct":100}},{"type":"Feature","geometry":{"type":"Polygon","coordinates":[[[-91.6882399425,47.3689675762],[-91.69617922509151,47.36637382293546],[-91.69653746307864,47.372491369640194],[-91.69450585300685,47.37312057396963],[-91.69453,47.37251],[-91.68553325957066,47.37248730388388],[-91.686103399,47.3707460251],[-91.6882399425,47.3689675762]]]},"properties":{"flat_pct":100}},{"type":"Feature","geometry":{"type":"Polygon","coordinates":[[[-91.7396987326,47.3752826307],[-91.73810250033038,47.372588921415776],[-91.744,47.3726],[-91.7441328327483,47.369615170008544],[-91.74946770174657,47.36959810192469],[-91.74933,47.3726],[-91.75229847109227,47.37260911972685],[-91.7516282875,47.374481845],[-91.7498996168,47.3755294659],[-91.7396987326,47.3752826307]]]},"properties":{"flat_pct":95}},{"type":"Feature","geometry":{"type":"Polygon","coordinates":[[[-91.633322926,47.3787126352],[-91.6313617761,47.379895788],[-91.6226021624,47.3803193358],[-91.6206278357,47.3791471106],[-91.6200606642,47.3769221624],[-91.6220075839,47.3745295984],[-91.6278186321,47.3740905101],[-91.6305562269,47.3691953497],[-91.6332235287,47.3682544795],[-91.6350018887,47.3692153372],[-91.6357670179,47.37108627],[-91.633322926,47.3787126352]]]},"properties":{"flat_pct":100}},{"type":"Feature","geometry":{"type":"Polygon","coordinates":[[[-91.691777465,47.3941122842],[-91.6943739365,47.3920218216],[-91.6978535445,47.3935700912],[-91.7006481046,47.3935313884],[-91.7024193284,47.394992499],[-91.7026386116,47.3972781046],[-91.7014304031,47.3988986119],[-91.69952661629024,47.39943712585186],[-91.70063,47.39657],[-91.69213235633904,47.39665639009267],[-91.691777465,47.3941122842]]]},"properties":{"flat_pct":100}},{"type":"Feature","geometry":{"type":"Polygon","coordinates":[[[-91.6420896448,47.4019687313],[-91.6397369509,47.3988976007],[-91.6379468432,47.3999515757],[-91.635555093,47.3996245961],[-91.6337679171,47.3973940476],[-91.6361770597,47.3920871295],[-91.6389556303,47.3898479754],[-91.6416476388,47.3907156308],[-91.6424335759,47.39336513],[-91.6475402975,47.399156741],[-91.6469101093,47.4013646678],[-91.644903259,47.4024802975],[-91.6420896448,47.4019687313]]]},"properties":{"flat_pct":99}},{"type":"Feature","geometry":{"type":"Polygon","coordinates":[[[-91.4918035255673,47.396147633075635],[-91.4935124501,47.401414024],[-91.49182,47.40461],[-91.4918035255673,47.396147633075635]]]},"properties":{}},{"type":"Feature","geometry":{"type":"Polygon","coordinates":[[[-91.5921867777,47.4069084551],[-91.59316541105508,47.40489008706811],[-91.59846,47.40492],[-91.59846699134144,47.41000969656586],[-91.5938483402,47.4097982489],[-91.5921867777,47.4069084551]]]},"properties":{"flat_pct":100}},{"type":"Feature","geometry":{"type":"Polygon","coordinates":[[[-91.4950823497,47.4193763319],[-91.49184,47.42505900061817],[-91.49184,47.41078108444295],[-91.4950813596,47.4170812763],[-91.4950823497,47.4193763319]]]},"properties":{"flat_pct":96}},{"type":"Feature","geometry":{"type":"Polygon","coordinates":[[[-91.6436363687,47.4170327278],[-91.6464190127,47.4163253457],[-91.6486684636,47.4175585901],[-91.6493699762,47.4211960371],[-91.6482524762,47.4232018466],[-91.6457535404,47.4237817093],[-91.6428879652,47.4222122386],[-91.6422601148,47.4200031801],[-91.6436363687,47.4170327278]]]},"properties":{"flat_pct":100}},{"type":"Feature","geometry":{"type":"Polygon","coordinates":[[[-91.4730032169,47.4368639833],[-91.4711920839,47.432120732],[-91.47175027014445,47.429823822901454],[-91.48649,47.42987],[-91.4865,47.43115],[-91.48394,47.43133],[-91.48223,47.43329],[-91.4795,47.43343],[-91.48047166412529,47.437107364770284],[-91.4730032169,47.4368639833]]]},"properties":{"flat_pct":85}},{"type":"Feature","geometry":{"type":"Polygon","coordinates":[[[-91.7521199243,47.4348603834],[-91.75241474480994,47.44031864886255],[-91.74687,47.44024],[-91.74650120466524,47.44247061694415],[-91.7462677701,47.4370063428],[-91.7408886395,47.4322445883],[-91.74001299753589,47.428589918968726],[-91.74606103485424,47.42882560387621],[-91.7521199243,47.4348603834]]]},"properties":{"flat_pct":100}},{"type":"Feature","geometry":{"type":"Polygon","coordinates":[[[-91.62008,47.44102],[-91.61780012824083,47.441024277432945],[-91.62007610851911,47.439611283920975],[-91.62008,47.44102]]]},"properties":{}},{"type":"Feature","geometry":{"type":"Polygon","coordinates":[[[-91.622049026,47.4570986504],[-91.6181450741,47.4519872055],[-91.6187570613,47.4474924386],[-91.6131365773,47.4507397887],[-91.5998147574,47.451956671],[-91.59352008077045,47.45404183162555],[-91.59349,47.45187],[-91.59882,47.45187],[-91.59879,47.44827],[-91.60413,47.44827],[-91.60410734890874,47.445544318685165],[-91.6116117931,47.4448661725],[-91.61475520622079,47.44291465192336],[-91.61476,47.44465],[-91.62535,47.44464],[-91.62537,47.43744],[-91.62359508257617,47.437426604396805],[-91.6393430174,47.4277661548],[-91.6496691134,47.425898898],[-91.65201181165425,47.426763048882016],[-91.65205,47.4302],[-91.64143,47.43032],[-91.64143868143405,47.43345978531718],[-91.6360620353294,47.436771263752675],[-91.63607,47.4339],[-91.6307,47.43386],[-91.63064,47.44106],[-91.63301989394074,47.441081995322925],[-91.632869002,47.4420197807],[-91.6315363015,47.4442446592],[-91.6245739254,47.4489746723],[-91.6242296508,47.4505194944],[-91.6259445219,47.4531549169],[-91.6260561252,47.4551731727],[-91.6246104435,47.4569570119],[-91.622049026,47.4570986504]]]},"properties":{"flat_pct":100}},{"type":"Feature","geometry":{"type":"Polygon","coordinates":[[[-91.58818070930732,47.451866722660064],[-91.5899520456,47.4489183605],[-91.5987775823913,47.44603483043555],[-91.59879,47.44827],[-91.59346,47.44826],[-91.59349,47.45187],[-91.58818070930732,47.451866722660064]]]},"properties":{"flat_pct":100}},{"type":"Feature","geometry":{"type":"Polygon","coordinates":[[[-91.46960666539738,47.458584285707126],[-91.4700068898,47.4565585345],[-91.47060887611467,47.45464658264833],[-91.47062,47.45859],[-91.46960666539738,47.458584285707126]]]},"properties":{}},{"type":"Feature","geometry":{"type":"Polygon","coordinates":[[[-91.6340190687,47.4792271866],[-91.63909309396948,47.47418392438067],[-91.64689,47.47428],[-91.64683746669385,47.47053962860267],[-91.6481851292,47.471772283],[-91.6479514111,47.4750975009],[-91.6400236883,47.4808803559],[-91.6394705828,47.4828372192],[-91.63740569,47.4844311216],[-91.6351169204,47.4846144569],[-91.6335156016,47.4833809295],[-91.6330603068,47.481411534],[-91.6340190687,47.4792271866]]]},"properties":{"flat_pct":100}},{"type":"Feature","geometry":{"type":"Polygon","coordinates":[[[-91.4332784296,47.4844780071],[-91.4189649326,47.4821518166],[-91.41633643190568,47.48250834985501],[-91.41633,47.48018],[-91.40756889999543,47.480163578069345],[-91.4075451927,47.4786601419],[-91.4097120083,47.4764647447],[-91.4192518375,47.4758574885],[-91.4268866815,47.4778063853],[-91.4317403153,47.4771413331],[-91.4368194891,47.4795878395],[-91.44297909875618,47.474631424247825],[-91.44299,47.47661],[-91.44832,47.47662],[-91.44826472602777,47.469941061687926],[-91.44951950113938,47.469374704019195],[-91.45897,47.46941],[-91.45893999109427,47.46669419403176],[-91.46426318435361,47.46785545828864],[-91.46430288204853,47.47401427209885],[-91.4546918392,47.4725477853],[-91.4408366314,47.4841539552],[-91.4370352609,47.4902555637],[-91.4308652628,47.4963108239],[-91.43035231029994,47.49829633391442],[-91.42697,47.49829],[-91.42699,47.49467],[-91.4250935493893,47.4946646578856],[-91.4252653673,47.493999594],[-91.4322460137,47.4865732041],[-91.4332784296,47.4844780071]]]},"properties":{"flat_pct":98}},{"type":"Feature","geometry":{"type":"Polygon","coordinates":[[[-91.6554386565,47.4963532077],[-91.65316665626396,47.496296863687405],[-91.6516,47.49339],[-91.652309949,47.4913691309],[-91.6564753933,47.489162925],[-91.6591931655,47.48896],[-91.6693226422,47.481752023],[-91.67167225974528,47.481460703438074],[-91.6715,47.48555],[-91.67356659167051,47.48558502697747],[-91.6728330915,47.486582228],[-91.6691939044,47.4897358181],[-91.66608468912426,47.49084253042862],[-91.66604,47.48905],[-91.66077,47.48897],[-91.66087,47.49257],[-91.65561,47.49249],[-91.6554386565,47.4963532077]]]},"properties":{"flat_pct":98}},{"type":"Feature","geometry":{"type":"Polygon","coordinates":[[[-91.41551487447748,47.511311229616354],[-91.4208401994,47.5052037537],[-91.4236650599,47.5036770624],[-91.42388136871425,47.5018834820746],[-91.42995013267611,47.5019040154865],[-91.4301165943395,47.503182636334614],[-91.42374,47.50558],[-91.41551487447748,47.511311229616354]]]},"properties":{"flat_pct":100}},{"type":"Feature","geometry":{"type":"Polygon","coordinates":[[[-91.407860785,47.530474091],[-91.4059472895,47.5249483818],[-91.40747012864418,47.519843621254495],[-91.41087,47.51985],[-91.4109,47.51625],[-91.40976376336756,47.51624382480091],[-91.42392,47.507],[-91.4298719423273,47.50447511348339],[-91.4279903663,47.5079974175],[-91.4246616961,47.5098840762],[-91.4196543157,47.5158340791],[-91.4133354505,47.5211863659],[-91.4121073339,47.5251514282],[-91.41481597087288,47.53068754881743],[-91.4108,47.53068],[-91.41082,47.53429],[-91.40634780816005,47.534281577793145],[-91.407860785,47.530474091]]]},"properties":{"flat_pct":99}},{"type":"Feature","geometry":{"type":"Polygon","coordinates":[[[-91.41184474222604,47.53790594787002],[-91.40849053783475,47.545142679407505],[-91.40552,47.54507],[-91.40554,47.5379],[-91.41184474222604,47.53790594787002]]]},"properties":{"flat_pct":100}},{"type":"Feature","geometry":{"type":"Polygon","coordinates":[[[-91.5094909214,47.5499398472],[-91.51552784363554,47.5466486017794],[-91.52208651036733,47.54569158870391],[-91.5211185312,47.5491110998],[-91.5189625535,47.5519837814],[-91.512905627,47.5549110588],[-91.508998124,47.5583711377],[-91.50898277051085,47.56011375979649],[-91.50696,47.56011],[-91.50698,47.5565],[-91.5031334656,47.5561582079],[-91.5094909214,47.5499398472]]]},"properties":{"flat_pct":100}},{"type":"Feature","geometry":{"type":"Polygon","coordinates":[[[-91.5026827441,47.5757002273],[-91.4974524435,47.5747205622],[-91.4907316725,47.5769340232],[-91.487849383,47.5838238618],[-91.4828349817,47.5870618869],[-91.48271250031216,47.588850115076234],[-91.47617,47.58882],[-91.47911,47.58711],[-91.48041,47.58397],[-91.48265,47.58325],[-91.4829339063,47.5783819547],[-91.4866790973,47.5724611687],[-91.4925137697,47.5696344859],[-91.4966509751,47.5687644592],[-91.502899389,47.5695511307],[-91.50295082804662,47.563712798211675],[-91.50895096367394,47.56372383801964],[-91.5084791998,47.5721452704],[-91.5064722019,47.5749199812],[-91.5026827441,47.5757002273]]]},"properties":{"flat_pct":97}},{"type":"Feature","geometry":{"type":"Polygon","coordinates":[[[-91.4571357805,47.5816790577],[-91.45275,47.58194],[-91.45274143912896,47.57883240381078],[-91.4556924775,47.5789529368],[-91.4571357805,47.5816790577]]]},"properties":{"flat_pct":100}},{"type":"Feature","geometry":{"type":"Polygon","coordinates":[[[-91.6637307265,47.5783710476],[-91.6663962456478,47.579853011971665],[-91.66097,47.58265],[-91.66097,47.58545600810921],[-91.6577012269,47.5874422264],[-91.65563100705099,47.58748980513597],[-91.65563386134217,47.58133880762316],[-91.6600571832,47.5791441371],[-91.6637307265,47.5783710476]]]},"properties":{"flat_pct":100}},{"type":"Feature","geometry":{"type":"Polygon","coordinates":[[[-91.4769199873573,47.58561556496734],[-91.4777493238,47.5832411218],[-91.47933306362496,47.582161290817815],[-91.47862,47.58435],[-91.4769199873573,47.58561556496734]]]},"properties":{}},{"type":"Feature","geometry":{"type":"Polygon","coordinates":[[[-91.55437,47.58943],[-91.55453615292156,47.58275619098447],[-91.5579064355,47.5821850944],[-91.5596267164,47.5850403232],[-91.557415522,47.5896567466],[-91.55739491557914,47.59295789193951],[-91.55139483377914,47.59295225805989],[-91.55141709759069,47.58938559545249],[-91.55437,47.58943]]]},"properties":{"flat_pct":100}},{"type":"Feature","geometry":{"type":"Polygon","coordinates":[[[-91.6556306802238,47.58819411772536],[-91.65934439776865,47.590486475156865],[-91.65821,47.59148],[-91.65377,47.59313],[-91.65035,47.592589995460166],[-91.65036,47.58949],[-91.65563,47.58966],[-91.6556306802238,47.58819411772536]]]},"properties":{"flat_pct":100}},{"type":"Feature","geometry":{"type":"Polygon","coordinates":[[[-91.47583,47.60494],[-91.47438047462941,47.60353403530806],[-91.47879147811608,47.60351016785598],[-91.47878031561403,47.60397759758045],[-91.47583,47.60494]]]},"properties":{}},{"type":"Feature","geometry":{"type":"Polygon","coordinates":[[[-91.3994465619,47.6061980801],[-91.4112063096,47.6036414317],[-91.41091641811383,47.60301281212327],[-91.42582,47.60323],[-91.42588946555053,47.60095184569521],[-91.4292772383,47.5981911162],[-91.4412076183,47.5937824992],[-91.4419124506,47.5881321267],[-91.44667557922803,47.58185900772304],[-91.45275,47.58194],[-91.45266056411926,47.58522453272016],[-91.4494401787,47.5874706482],[-91.4475697106,47.5903488786],[-91.447390821,47.596595652],[-91.4423365652,47.6000599083],[-91.4501247284,47.6008179154],[-91.4525940196,47.6026458108],[-91.4546625872,47.6029066566],[-91.4652616993,47.6012561635],[-91.4699769622,47.6042459375],[-91.48364629773211,47.607052091075225],[-91.4871678967,47.6088166429],[-91.4882514745278,47.6106108323736],[-91.48478,47.61062],[-91.48475,47.61423],[-91.48311917322877,47.61424522714072],[-91.4821471786,47.6128664118],[-91.4725182157,47.6099832147],[-91.4683432189,47.6102320534],[-91.4641483146,47.6075179543],[-91.4544978093,47.6089188739],[-91.4502291206,47.6083386393],[-91.4481207279,47.6068721417],[-91.430496179,47.61818],[-91.4329080503,47.6184083614],[-91.4345316386,47.6200319497],[-91.4344057638,47.6225941902],[-91.432630854,47.624050821],[-91.4284789319,47.6240414815],[-91.4241905058,47.6212123913],[-91.41307882422892,47.62483194468183],[-91.40579,47.62477],[-91.40577032164474,47.62623013396019],[-91.3974007324557,47.628450145820246],[-91.39766,47.62291],[-91.38974,47.6229],[-91.38963,47.62474],[-91.38650518190188,47.62473412628177],[-91.3904562124,47.6190908249],[-91.3872689587,47.619123702],[-91.38454387553269,47.62042838397541],[-91.38468,47.61379],[-91.3954,47.61378],[-91.39541255850229,47.610761773284054],[-91.397823087,47.6104744577],[-91.3994465619,47.6061980801]],[[-91.396403946,47.6202200544],[-91.39540987,47.6227707357],[-91.40182175436233,47.62107],[-91.40584,47.62107],[-91.40585445491031,47.62000033663713],[-91.4244840663,47.6149085891],[-91.4389499628,47.6056273129],[-91.4371572622,47.6046608225],[-91.4277380263,47.606958003],[-91.4221042726,47.6062370586],[-91.4126037035,47.6095238681],[-91.4038966571,47.6109419524],[-91.401961563,47.6156527358],[-91.3939996094,47.6175870213],[-91.396403946,47.6202200544]],[[-91.46301,47.60367],[-91.45763,47.60377],[-91.45779,47.60733],[-91.46314,47.60725],[-91.46301,47.60367]]]},"properties":{"flat_pct":98}},{"type":"Feature","geometry":{"type":"Polygon","coordinates":[[[-91.5409794786,47.6104982896],[-91.541888633,47.608099465],[-91.54517883,47.6062739351],[-91.54383332307778,47.60365427837721],[-91.5488,47.60372],[-91.54883888295042,47.60139350346675],[-91.5507342283,47.6034850579],[-91.55175342445443,47.6001354285637],[-91.55780352400541,47.60014677959476],[-91.5569490261,47.6059995613],[-91.5550982017,47.6082574821],[-91.55402011674205,47.608693656886],[-91.55404,47.60737],[-91.5488,47.60732],[-91.54882335237205,47.611149789016956],[-91.5445002645,47.6132127647],[-91.5422570337,47.6127228736],[-91.5409794786,47.6104982896]]]},"properties":{"flat_pct":97}},{"type":"Feature","geometry":{"type":"Polygon","coordinates":[[[-91.4945527757712,47.6177884350949],[-91.49004,47.61778],[-91.49039,47.62145],[-91.48946378182703,47.6214552132355],[-91.4870643586,47.6175335261],[-91.48484022446411,47.61634008827322],[-91.48475,47.61423],[-91.49211860586948,47.614204569091044],[-91.4945527757712,47.6177884350949]]]},"properties":{"flat_pct":100}},{"type":"Feature","geometry":{"type":"Polygon","coordinates":[[[-91.495447606982,47.61845068007483],[-91.5003713881,47.6212187937],[-91.50186015544706,47.625146641737715],[-91.49603,47.62513],[-91.495447606982,47.61845068007483]]]},"properties":{"flat_pct":100}},{"type":"Feature","geometry":{"type":"Polygon","coordinates":[[[-91.5073032146,47.6313283156],[-91.5084356206,47.631643754],[-91.5096491946763,47.6324],[-91.50712,47.6324],[-91.5073032146,47.6313283156]]]},"properties":{}},{"type":"Feature","geometry":{"type":"Polygon","coordinates":[[[-91.7386362152,47.6388382042],[-91.72982,47.63701],[-91.72980101261817,47.63897383777826],[-91.7287321144,47.6391284026],[-91.7216625804,47.6362077891],[-91.71345117394688,47.63616451421955],[-91.71349,47.63308],[-91.70818,47.63296],[-91.70815806202332,47.63613661902437],[-91.7063137848,47.6360701577],[-91.6970839461,47.6291160167],[-91.6947646985,47.6287415913],[-91.6917283523,47.6266655877],[-91.68607814579752,47.62591164912295],[-91.6858283685449,47.63291],[-91.68163,47.63291],[-91.68159,47.63648],[-91.67629,47.63646],[-91.6766356993,47.6348304925],[-91.6800204855,47.6309260871],[-91.68011245069899,47.62527095630941],[-91.6772277046,47.6260550483],[-91.6742242455,47.6243867784],[-91.6710763376,47.6252237426],[-91.6679947084,47.6241688878],[-91.66408168720339,47.62573558680006],[-91.66054,47.62567],[-91.6605221644208,47.62695059458628],[-91.6568542312,47.6282026072],[-91.6509744537,47.632292946],[-91.6430677476,47.6438880806],[-91.641231079,47.6446456725],[-91.6372861964,47.6441493774],[-91.6331835841,47.649412309],[-91.6261152212,47.6501384082],[-91.6237325607,47.6474742376],[-91.6296,47.64717],[-91.6296,47.64392301153471],[-91.6310759592,47.6430969363],[-91.6321734876,47.6405159398],[-91.6357712136,47.6380998676],[-91.6395456141,47.6384072437],[-91.6424565208,47.6347837942],[-91.64286059862089,47.63286820227512],[-91.64549,47.63285],[-91.64557769278738,47.629182183079045],[-91.65085,47.6293],[-91.65087,47.6256],[-91.65524,47.62572],[-91.65534237805764,47.62237875248238],[-91.666,47.62219],[-91.66606,47.61861],[-91.67143693304004,47.618817629828335],[-91.67136,47.62227],[-91.67673,47.62236],[-91.67682685272561,47.618873301877855],[-91.6779403906,47.6196760242],[-91.68210013655455,47.61875535190327],[-91.6935426469,47.6208687001],[-91.7061224763,47.6276975564],[-91.7083319102,47.6301374519],[-91.722378073,47.630223863],[-91.7273103167,47.6315970357],[-91.7289996012,47.6329691434],[-91.7358881658,47.6311910185],[-91.7388484984,47.6327056272],[-91.7424847367,47.631803519],[-91.7492147643,47.6326686072],[-91.7527472311,47.6307143634],[-91.7614559279,47.6302966776],[-91.766463537581,47.63421395941067],[-91.76137,47.63413],[-91.76137,47.63782],[-91.77228,47.63787],[-91.77228657261435,47.63553014929036],[-91.777734566766,47.63499383822785],[-91.77768364680799,47.64102785325374],[-91.7661600791,47.6413549679],[-91.7597613951,47.6377059013],[-91.7584536414,47.635912679],[-91.75087,47.63754],[-91.7499295179,47.6386678688],[-91.7426151979,47.6379093228],[-91.7386362152,47.6388382042]]]},"properties":{"flat_pct":94}},{"type":"Feature","geometry":{"type":"Polygon","coordinates":[[[-91.5149943968,47.6391386312],[-91.5149541968,47.6428092856],[-91.5127412949,47.6445707626],[-91.5104962491,47.6440892575],[-91.5092026452,47.6414203818],[-91.50723846080905,47.640891793928034],[-91.50722,47.63957],[-91.51248,47.63957],[-91.51237781253215,47.633464298796135],[-91.5175363218,47.6319124493],[-91.5226564206,47.6331076796],[-91.5241200155,47.6345018468],[-91.5242883454,47.6367917688],[-91.5227881532,47.6385300155],[-91.5174051998,47.638017763],[-91.5149943968,47.6391386312]]]},"properties":{"flat_pct":94}},{"type":"Feature","geometry":{"type":"Polygon","coordinates":[[[-91.4656889999,47.6459930665],[-91.4648391033,47.6416019838],[-91.4667009774,47.635981806],[-91.4706781143,47.6341727223],[-91.473171871,47.6348739694],[-91.4737450121,47.6328501591],[-91.4760937265,47.6312782503],[-91.48355492,47.6312035605],[-91.4857593002,47.632515669],[-91.4862141319,47.6347662702],[-91.4846922746,47.6368314267],[-91.4808942102,47.6371972795],[-91.4803064967,47.639151305],[-91.4788643254,47.640200788],[-91.473650394,47.6414044903],[-91.471659696,47.6409682369],[-91.471031255,47.6427412229],[-91.4728307659,47.6441597553],[-91.47345599870177,47.646529750689226],[-91.4656889999,47.6459930665]]]},"properties":{"flat_pct":93}},{"type":"Feature","geometry":{"type":"Polygon","coordinates":[[[-91.5303021558,47.6400062083],[-91.5306020526,47.6377297769],[-91.53310358413896,47.63496514501237],[-91.53311,47.63612],[-91.53770252947002,47.636072436403644],[-91.5395856067,47.6369871224],[-91.53908,47.63805],[-91.5405062819405,47.63818006973671],[-91.5408258209,47.6404582936],[-91.5398610369,47.6425079151],[-91.5375482336473,47.64328355608799],[-91.5319616442,47.6419624851],[-91.5303021558,47.6400062083]]]},"properties":{"flat_pct":91}},{"type":"Feature","geometry":{"type":"Polygon","coordinates":[[[-91.47450369474595,47.64880666394928],[-91.475437577356,47.64610998068903],[-91.47934,47.64656],[-91.47934,47.64879],[-91.47863,47.64841],[-91.47853,47.65006],[-91.47751,47.65066],[-91.47706,47.64906],[-91.47450369474595,47.64880666394928]]]},"properties":{"flat_pct":100}},{"type":"Feature","geometry":{"type":"Polygon","coordinates":[[[-91.470569765,47.6494779913],[-91.47013,47.64743],[-91.47329401116595,47.64745577605838],[-91.472216861,47.6489117564],[-91.470569765,47.6494779913]]]},"properties":{}},{"type":"Feature","geometry":{"type":"Polygon","coordinates":[[[-91.5993976091,47.6590179611],[-91.5920169422,47.6589420157],[-91.5898685672,47.6563932546],[-91.5907108741,47.6539575378],[-91.5897128639,47.6518510534],[-91.5903990844,47.6486150869],[-91.59440636015333,47.64513132821681],[-91.59439,47.6471],[-91.59705,47.64714],[-91.59706673770327,47.644127213411345],[-91.5996277344,47.6465981958],[-91.5983318101,47.6504083299],[-91.6008895536,47.6516485573],[-91.6055304927,47.6574752951],[-91.6060833555,47.659419557],[-91.6050655138,47.6614777301],[-91.602890443,47.6622133555],[-91.6010367757,47.6614072974],[-91.5993976091,47.6590179611]]]},"properties":{"flat_pct":93}},{"type":"Feature","geometry":{"type":"Polygon","coordinates":[[[-91.480202526,47.6670360131],[-91.4819217659,47.6713874333],[-91.480847131,47.6734899472],[-91.4790664985,47.6744465871],[-91.4770831651,47.6740564585],[-91.4757042442,47.6721792358],[-91.4732378252,47.6712080194],[-91.471665169,47.6680313035],[-91.4734687097,47.6636742708],[-91.4780739632,47.6602877348],[-91.47777066965833,47.65748269933765],[-91.48067,47.65751],[-91.48068838359971,47.65417337665195],[-91.48357977122045,47.65234435202332],[-91.4882117901,47.65121694],[-91.4885944021,47.6419274734],[-91.4902264574,47.6403123965],[-91.4925225266,47.6403244021],[-91.4952886393,47.6439026376],[-91.4938207358,47.6549052672],[-91.4923589593,47.6563476548],[-91.4844153609,47.6589054837],[-91.4840657531,47.6626457238],[-91.480202526,47.6670360131]]]},"properties":{"flat_pct":97}},{"type":"Feature","geometry":{"type":"Polygon","coordinates":[[[-91.6531542386,47.6588404195],[-91.65508,47.65813],[-91.65506,47.66174],[-91.6528942395762,47.66172180033257],[-91.6531542386,47.6588404195]]]},"properties":{"flat_pct":100}},{"type":"Feature","geometry":{"type":"Polygon","coordinates":[[[-91.6603,47.65818],[-91.66553,47.65822],[-91.66549340466374,47.66155932443453],[-91.6601568542922,47.66311171045734],[-91.6603,47.65818]]]},"properties":{"flat_pct":100}},{"type":"Feature","geometry":{"type":"Polygon","coordinates":[[[-91.6073292379,47.6703381671],[-91.6108349198,47.6705653633],[-91.6111623495,47.6687893452],[-91.6126582485,47.6674298974],[-91.6194030201,47.6669419911],[-91.6279110091,47.6626330008],[-91.6316357728,47.6630103281],[-91.6370641714,47.6651126532],[-91.6389140459,47.6675810177],[-91.6382585226,47.6697815556],[-91.6362389823,47.6708740459],[-91.6291584768,47.6687502113],[-91.6204066592,47.6728730246],[-91.6206465105,47.6749830995],[-91.61967,47.67645],[-91.6072663758,47.6754841548],[-91.6060032334,47.6739060917],[-91.6060279237,47.6718849034],[-91.6073292379,47.6703381671]]]},"properties":{"flat_pct":100}},{"type":"Feature","geometry":{"type":"Polygon","coordinates":[[[-91.71855197071831,47.6800224249717],[-91.7155453396,47.6781412349],[-91.71457365805355,47.67667923662446],[-91.71847,47.67669],[-91.71855197071831,47.6800224249717]]]},"properties":{"flat_pct":100}},{"type":"Feature","geometry":{"type":"Polygon","coordinates":[[[-91.7235783984,47.6760151289],[-91.72918178407598,47.67747550179731],[-91.72921,47.68052],[-91.74518,47.68086],[-91.74518753342281,47.682660488051624],[-91.7386494696,47.6836840109],[-91.72393168682358,47.682983876506206],[-91.72381,47.67683],[-91.71847,47.67669],[-91.71847,47.67308],[-91.7235783984,47.6760151289]]]},"properties":{"flat_pct":88}},{"type":"Feature","geometry":{"type":"Polygon","coordinates":[[[-91.65995160348898,47.67018308932037],[-91.661828466,47.6741963321],[-91.6617776773903,47.67640927274925],[-91.65981,47.6764],[-91.66004,47.67997],[-91.66131750798006,47.67997972721812],[-91.6584237967,47.6830293895],[-91.65847628411608,47.6871818879119],[-91.65524,47.68716],[-91.65509,47.68347],[-91.65211603128982,47.68351034019351],[-91.6523523844,47.681232939],[-91.6554451054,47.6774595688],[-91.65526255898712,47.67259630882543],[-91.65988,47.67265],[-91.65995160348898,47.67018308932037]]]},"properties":{"flat_pct":91}},{"type":"Feature","geometry":{"type":"Polygon","coordinates":[[[-91.6894692878,47.6896816937],[-91.6881140219,47.6887152825],[-91.6824473229,47.6887332887],[-91.6805753709,47.6870867299],[-91.66056193626358,47.68719599377183],[-91.6598471935,47.6847390672],[-91.6608184762,47.6829663795],[-91.6629205972,47.6820580664],[-91.6723985092,47.6818499011],[-91.67454,47.68095],[-91.6776423176,47.6816433735],[-91.6840419406,47.6776320937],[-91.6836081773,47.6736142214],[-91.6863101355,47.6716620124],[-91.6888516981,47.6729030583],[-91.690846937,47.677634468],[-91.6896970065,47.6807468606],[-91.68739010242193,47.68292979347051],[-91.6894055954,47.6840426375],[-91.6955614879,47.6830135154],[-91.6979805739,47.6781672579],[-91.7052046917,47.6737555009],[-91.7058809686,47.6717568201],[-91.70777305437971,47.67034164278615],[-91.70761,47.67666],[-91.7098475434,47.6770915866],[-91.7086373684,47.6787106259],[-91.7029262407,47.6817522227],[-91.7023356975,47.6866042389],[-91.70079150639043,47.6875605089028],[-91.69193,47.68751],[-91.69197580214397,47.68958254701456],[-91.6894692878,47.6896816937]]]},"properties":{"flat_pct":95}},{"type":"Feature","geometry":{"type":"Polygon","coordinates":[[[-91.7515087805,47.6781197877],[-91.75819097575113,47.68455550924552],[-91.75049,47.68449],[-91.75049,47.68091],[-91.74518,47.68086],[-91.74514434612198,47.67657361155205],[-91.7515087805,47.6781197877]]]},"properties":{"flat_pct":92}},{"type":"Feature","geometry":{"type":"Polygon","coordinates":[[[-91.6438654047,47.68229103],[-91.64714581574944,47.683577758339496],[-91.64182,47.68365],[-91.64109,47.68873],[-91.64021,47.68871],[-91.64026,47.68734],[-91.63893,47.68732],[-91.6396,47.68609],[-91.63715194604266,47.687009094322946],[-91.6382771456,47.6852521435],[-91.6438654047,47.68229103]]]},"properties":{"flat_pct":90}},{"type":"Feature","geometry":{"type":"Polygon","coordinates":[[[-91.7588319522,47.6895237363],[-91.7621553149,47.6897824999],[-91.7659879076,47.6935157139],[-91.7665234556881,47.69553073845621],[-91.761,47.69549],[-91.76107,47.69177],[-91.75733194698475,47.69172752212483],[-91.7588319522,47.6895237363]]]},"properties":{"flat_pct":83}},{"type":"Feature","geometry":{"type":"Polygon","coordinates":[[[-91.5209211144664,47.692578453336],[-91.5225853871,47.694244929],[-91.52308751932576,47.69454164350717],[-91.52165,47.69451],[-91.5209211144664,47.692578453336]]]},"properties":{}},{"type":"Feature","geometry":{"type":"Polygon","coordinates":[[[-91.6024689378,47.6953901757],[-91.601202492,47.6979191777],[-91.5981267092,47.6981524559],[-91.59349743369054,47.69525146748788],[-91.59335,47.69051],[-91.59733882324001,47.6905803365583],[-91.601534125,47.6932929865],[-91.6024689378,47.6953901757]]]},"properties":{"flat_pct":86}},{"type":"Feature","geometry":{"type":"Polygon","coordinates":[[[-91.6404744424,47.6983432109],[-91.64161,47.69814],[-91.6416,47.69461],[-91.64970720351512,47.694566529739866],[-91.6481496473,47.6974412504],[-91.6452594198,47.6988512858],[-91.6404744424,47.6983432109]]]},"properties":{"flat_pct":100}},{"type":"Feature","geometry":{"type":"Polygon","coordinates":[[[-91.6421362815,47.701948211],[-91.6423765602,47.7042317049],[-91.6406664937,47.706143927],[-91.6365843485,47.7070561905],[-91.63533805448947,47.70649705526312],[-91.63774,47.70469],[-91.6343501403395,47.70517813979111],[-91.6343707729,47.7029804441],[-91.6359835063,47.701346073],[-91.6397741505,47.7003925527],[-91.6421362815,47.701948211]]]},"properties":{"flat_pct":81}},{"type":"Feature","geometry":{"type":"Polygon","coordinates":[[[-91.7389813952,47.7188261771],[-91.7431190564,47.7150467186],[-91.7455063179,47.7072892344],[-91.7469195062,47.7054151927],[-91.7471690355,47.7016218869],[-91.7429189015,47.7015516359],[-91.7391812689,47.6952677139],[-91.7397264259,47.692492369],[-91.7423369139,47.6914037515],[-91.7465107433,47.6924416142],[-91.747778418,47.6955800575],[-91.7514617021,47.6971958577],[-91.753349197,47.7005802393],[-91.7532925931,47.7066022732],[-91.7510326891,47.7098085736],[-91.7477109507,47.7201309281],[-91.7416071183,47.7224136396],[-91.7394151254,47.7210809401],[-91.7389813952,47.7188261771]]]},"properties":{"flat_pct":92}},{"type":"Feature","geometry":{"type":"Polygon","coordinates":[[[-91.6794514994,47.7087551632],[-91.6808996801,47.7058064474],[-91.6837788234,47.7038514321],[-91.68641534133391,47.70339401268096],[-91.68628,47.70915],[-91.68727502002278,47.709151891673045],[-91.6823551632,47.7118485006],[-91.6802626801,47.7109032004],[-91.6794514994,47.7087551632]]]},"properties":{"flat_pct":62}},{"type":"Feature","geometry":{"type":"Polygon","coordinates":[[[-91.7067776759,47.7298567435],[-91.7048601417934,47.73144955692861],[-91.70487,47.73026],[-91.69954,47.73016],[-91.69954,47.732331012846124],[-91.6936097807,47.7353640568],[-91.6905350458,47.7382365371],[-91.6858519319,47.739741],[-91.6855955168,47.7422562239],[-91.6835795898,47.7445229492],[-91.6836635245,47.746595958],[-91.6821729953,47.7483424977],[-91.679884042,47.7485235245],[-91.6773113634,47.7465898386],[-91.6770917546,47.7427701347],[-91.6798513179,47.7397834006],[-91.6815892888,47.7352507917],[-91.68890274401626,47.73158756917104],[-91.68893,47.73355],[-91.69424,47.73366],[-91.69421,47.73005],[-91.69093819768091,47.72998861534111],[-91.6974757119,47.7265571954],[-91.7019333789,47.7260814725],[-91.7050570191,47.721155748],[-91.7024835447,47.7188304848],[-91.702217647,47.7142953474],[-91.7007731964,47.7104027405],[-91.7031349233,47.7078046613],[-91.7038148897,47.7054262225],[-91.7061529017,47.7043704665],[-91.7082583977,47.7052864167],[-91.7094879278,47.7078276743],[-91.7093245616,47.7098956927],[-91.7077372202,47.7118569559],[-91.7082347877,47.716062194],[-91.7103920577,47.7176904911],[-91.7114676174,47.7203204584],[-91.7106685322,47.7234139976],[-91.7067776759,47.7298567435]]]},"properties":{"flat_pct":83}},{"type":"Feature","geometry":{"type":"Polygon","coordinates":[[[-91.7298981702,47.7226446743],[-91.7306829763,47.7267558241],[-91.7333578761,47.728203623],[-91.7339771242,47.7311109841],[-91.73120242476475,47.740912624245496],[-91.72644,47.74085],[-91.72649,47.74446],[-91.7305559249544,47.744496116210435],[-91.7287549503,47.7478102226],[-91.7282743147,47.7519917893],[-91.7252023055,47.7532857975],[-91.7230052647,47.7515045766],[-91.7227607908,47.7467357794],[-91.7250156486,47.7417857636],[-91.7247192841,47.7377565042],[-91.726603209,47.7354463793],[-91.7273720876,47.7321246029],[-91.7250422019,47.7299945869],[-91.7241847444,47.7258496059],[-91.7210156185,47.7223934737],[-91.7197100025,47.718803842],[-91.7228729549,47.7143975722],[-91.7211453707,47.7120781994],[-91.7213804915,47.7097941687],[-91.7228841701,47.7084433311],[-91.7251479805,47.7082990174],[-91.7225402517,47.7030288583],[-91.7231965117,47.7011170177],[-91.7249166665,47.7000554719],[-91.7278341854,47.7010569419],[-91.72879399792754,47.70267859688949],[-91.72864,47.70575],[-91.73074332772514,47.7057713831839],[-91.7318876352,47.7076913135],[-91.7314523767,47.7107018005],[-91.7294492196,47.7126001254],[-91.72931977,47.7151494852],[-91.7264707897,47.7195171049],[-91.7298981702,47.7226446743]]]},"properties":{"flat_pct":80}},{"type":"Feature","geometry":{"type":"Polygon","coordinates":[[[-91.6494448013,47.744566952],[-91.6472826833,47.7442907095],[-91.6423228529,47.7485946742],[-91.640123666,47.7479346327],[-91.6390353258,47.7459128529],[-91.6408991718,47.7416493617],[-91.6445408289,47.7388955554],[-91.6476788099,47.7379889214],[-91.651111988,47.7389906565],[-91.6524871504,47.7408294078],[-91.6519967622,47.7433474309],[-91.6494448013,47.744566952]]]},"properties":{"flat_pct":72}},{"type":"Feature","geometry":{"type":"Polygon","coordinates":[[[-91.74807,47.77723],[-91.74825823256307,47.765528208995626],[-91.7503965543,47.7667597991],[-91.75257608259095,47.771445053657125],[-91.7557065026902,47.76956131760616],[-91.75832,47.77031],[-91.75883,47.77146],[-91.75649,47.77326],[-91.75767,47.77386],[-91.75603,47.77437],[-91.75941893690728,47.77447264282013],[-91.75568916140895,47.777158391340144],[-91.74807,47.77723]]]},"properties":{"flat_pct":85}},{"type":"Feature","geometry":{"type":"Polygon","coordinates":[[[-91.4938105693,47.7679016236],[-91.49647992768118,47.76500487800331],[-91.4965,47.76603],[-91.50182,47.76603],[-91.501885342082,47.7694091190981],[-91.49655,47.76965],[-91.4965189179674,47.773400565265156],[-91.4917663096,47.7769705443],[-91.4888962413,47.7777863131],[-91.4869367705,47.7772900408],[-91.4856661234,47.7753775728],[-91.4861199592,47.7731267705],[-91.4938105693,47.7679016236]]]},"properties":{"flat_pct":92}},{"type":"Feature","geometry":{"type":"Polygon","coordinates":[[[-91.657806368,47.7806045113],[-91.6574134789,47.7823233296],[-91.6678442225,47.7859618317],[-91.6691352778,47.7886031562],[-91.6682733035,47.7910193353],[-91.6655674813,47.791842902],[-91.6566877069,47.7886171128],[-91.6515714641,47.7933668387],[-91.6443908706,47.7940550497],[-91.6408751231,47.7925799914],[-91.6403237802,47.7903510681],[-91.6415100086,47.7883851231],[-91.6488043241,47.7875421845],[-91.6518776185,47.7847272578],[-91.6517849072,47.7772546687],[-91.6594865853,47.7732736643],[-91.6617022621,47.7682561254],[-91.6652139324,47.7681830906],[-91.66596,47.76306],[-91.66686,47.76359],[-91.67127809935273,47.76241773839857],[-91.6721127322,47.7688586952],[-91.6701910059,47.772436597],[-91.6656064882,47.7742206864],[-91.6640674052,47.7776620195],[-91.657806368,47.7806045113]]]},"properties":{"flat_pct":90}},{"type":"Feature","geometry":{"type":"Polygon","coordinates":[[[-91.6891821322,47.7950869125],[-91.6915900476,47.790774184],[-91.6894731589,47.788785674],[-91.6901757421,47.7857821368],[-91.692644326,47.7841631589],[-91.6946645353,47.7842307345],[-91.696555218,47.7871050303],[-91.6988392015,47.787644541],[-91.7000852063,47.78978425],[-91.7022619239,47.7872251232],[-91.7000918018,47.7836160397],[-91.7019872473,47.7807862138],[-91.7021473157,47.7761478873],[-91.7041419819,47.7745347452],[-91.706880592,47.7752416757],[-91.7089492855,47.7854633219],[-91.7076255103,47.7901071741],[-91.70508487850485,47.793076971970876],[-91.70505,47.79149],[-91.69431,47.79152],[-91.69437,47.79866],[-91.69044646222119,47.798623535894244],[-91.6891821322,47.7950869125]]]},"properties":{"flat_pct":88}},{"type":"Feature","geometry":{"type":"Polygon","coordinates":[[[-91.72111210439174,47.7938129992957],[-91.7211,47.79161],[-91.71987019295884,47.7915961560183],[-91.7201608254,47.7893119222],[-91.7187284208,47.7894402469],[-91.7176575017,47.7909814104],[-91.71577,47.79155],[-91.71464060112959,47.79519251099334],[-91.70763084614588,47.79514643748641],[-91.7102707059,47.7892524592],[-91.7149345705,47.7845400083],[-91.7143802112,47.7804757505],[-91.7171539803,47.7761411756],[-91.7191327514,47.7757285296],[-91.7211130062,47.7768907125],[-91.7217673491,47.7821352948],[-91.7258343287,47.7817635042],[-91.7278968404,47.7828812197],[-91.728953194,47.7856901469],[-91.726910885,47.7895914009],[-91.728767504,47.7900952417],[-91.7357578282,47.7897740862],[-91.7426352948,47.7832346458],[-91.7436290535,47.7797383059],[-91.74640751821619,47.77722460733435],[-91.74807,47.77723],[-91.74801,47.7845],[-91.74262,47.78448],[-91.7426,47.78811],[-91.74626871014303,47.78812021924831],[-91.742802693,47.7917545432],[-91.74258446986452,47.79349567689508],[-91.74257,47.79174],[-91.73719,47.79172],[-91.73729,47.79899],[-91.73243248549726,47.798967553075315],[-91.735410913,47.7959286631],[-91.7281714488,47.7961365818],[-91.72111210439174,47.7938129992957]]]},"properties":{"flat_pct":82}},{"type":"Feature","geometry":{"type":"Polygon","coordinates":[[[-91.7534763922279,47.79901975433033],[-91.75348,47.80615],[-91.74987269175799,47.80599692234397],[-91.7492706163,47.8039556937],[-91.74803992994778,47.8038086305061],[-91.74798301225665,47.79782088939993],[-91.7534763922279,47.79901975433033]]]},"properties":{"flat_pct":100}},{"type":"Feature","geometry":{"type":"Polygon","coordinates":[[[-91.7284813787,47.8025952776],[-91.73733,47.80257],[-91.73737,47.80562],[-91.7405116346,47.8060019163],[-91.7383058709,47.8081581781],[-91.7299852465,47.8085300288],[-91.7280760608,47.8099165745],[-91.7260567467,47.8100070304],[-91.7245805846276,47.808989355083845],[-91.72527,47.80899],[-91.72531,47.8055],[-91.72653,47.80551],[-91.72651725013412,47.80361664491629],[-91.7284813787,47.8025952776]]]},"properties":{"flat_pct":92}},{"type":"Feature","geometry":{"type":"Polygon","coordinates":[[[-91.7160565534,47.8105275869],[-91.7189126252,47.8138256497],[-91.7183278823,47.8160460447],[-91.7166337714,47.817148678],[-91.7069879274,47.8154249179],[-91.705045594,47.8133689323],[-91.70494384665197,47.81262224130092],[-91.70924,47.81259],[-91.70924398920391,47.80972176238777],[-91.7160565534,47.8105275869]]]},"properties":{"flat_pct":100}},{"type":"Feature","geometry":{"type":"Polygon","coordinates":[[[-91.7258687537,47.8150346963],[-91.7331248277,47.8103885963],[-91.7362576699,47.8107013764],[-91.7385694748,47.8098759894],[-91.74088320331153,47.811222957945894],[-91.73316,47.81472],[-91.73184,47.81833],[-91.72907,47.81974],[-91.725506414,47.8195327954],[-91.7250052351,47.817548042],[-91.7258687537,47.8150346963]]]},"properties":{"flat_pct":83}},{"type":"Feature","geometry":{"type":"Polygon","coordinates":[[[-91.64978256936546,47.81886316077522],[-91.64644,47.81924],[-91.64637957082834,47.81912133908111],[-91.6479790717,47.8184641399],[-91.64978256936546,47.81886316077522]]]},"properties":{}},{"type":"Feature","geometry":{"type":"Polygon","coordinates":[[[-91.6354319765,47.8511497298],[-91.6330519422,47.8496068283],[-91.6328974102,47.8470387534],[-91.6392069565,47.8412516258],[-91.6339916238,47.8361208708],[-91.6347091564,47.832584687],[-91.6330465806,47.8294970607],[-91.6327521774,47.8267517891],[-91.6337897846,47.8248963289],[-91.6321190327,47.8227222088],[-91.6322172206,47.8170017815],[-91.6345831411,47.8154518925],[-91.6369905448,47.81633808],[-91.6384650847,47.8201972511],[-91.6407157068,47.8206839073],[-91.6421398295,47.8221579794],[-91.6414191324,47.8257780841],[-91.64527686468087,47.8211186182614],[-91.65031564252895,47.81926015079066],[-91.6537786196,47.8201606076],[-91.65520947628379,47.8230483650082],[-91.6544479016,47.8247501269],[-91.6488923497,47.8262471654],[-91.6456404134,47.8309122269],[-91.6434299098,47.8327151991],[-91.6406942212,47.8333837416],[-91.6403821787,47.8345779518],[-91.6450387501,47.8380381623],[-91.6509358891,47.8383757935],[-91.6533839532,47.8397178534],[-91.6587107525,47.838448045],[-91.6647649069,47.8384378532],[-91.6665567008,47.8402737169],[-91.666274261,47.8428234519],[-91.6644135368,47.8441687338],[-91.652938291,47.845937667],[-91.6447218149,47.8440927685],[-91.6434275939,47.8463542858],[-91.6354319765,47.8511497298]],[[-91.6407907701,47.8267444619],[-91.641006715,47.8264719862],[-91.6411148378,47.8262460682],[-91.6407907701,47.8267444619]]]},"properties":{"flat_pct":85}},{"type":"Feature","geometry":{"type":"Polygon","coordinates":[[[-91.7283153366,47.8808241944],[-91.7332332711,47.8758022851],[-91.7337136946,47.8725856097],[-91.7355609636,47.870666339],[-91.7358618811,47.8668043162],[-91.7376280482,47.8645617406],[-91.7370587208519,47.8621410921329],[-91.74626,47.86161],[-91.74598,47.86531],[-91.74078,47.86559],[-91.74062,47.86927],[-91.74210714949577,47.86926730181525],[-91.7427622094,47.8714862313],[-91.7393174321,47.8753451979],[-91.73960811087456,47.8768630615081],[-91.7355,47.87693],[-91.7368958438,47.8822166967],[-91.73458185011151,47.88391566674456],[-91.72742685223022,47.88405309767625],[-91.7283153366,47.8808241944]]]},"properties":{"flat_pct":90}},{"type":"Feature","geometry":{"type":"Polygon","coordinates":[[[-91.7389906978,47.8907273804],[-91.74523,47.89064],[-91.74479721240809,47.89434],[-91.73823733256916,47.89434],[-91.7389906978,47.8907273804]]]},"properties":{"flat_pct":94}},{"type":"Feature","geometry":{"type":"Polygon","coordinates":[[[-91.5117496872,47.9359966757],[-91.5106796862,47.9384323231],[-91.511309926,47.9406410757],[-91.510286597,47.9470094786],[-91.5048832549,47.9534232704],[-91.5015619641,47.9537073926],[-91.5000753994,47.9504570078],[-91.5045674875,47.9445746335],[-91.5046035309,47.9365160229],[-91.5084128635,47.9330590037],[-91.5108404642,47.9338882659],[-91.5117496872,47.9359966757]]]},"properties":{"flat_pct":78}},{"type":"Feature","geometry":{"type":"Polygon","coordinates":[[[-91.6662900955,47.9417484408],[-91.6673751607,47.9437719802],[-91.6667266221,47.9465433935],[-91.6648191816,47.9478215753],[-91.6625666065,47.9473766221],[-91.6612440576,47.9445899175],[-91.66345,47.9445],[-91.66342270434767,47.94123362027039],[-91.6662900955,47.9417484408]]]},"properties":{"flat_pct":88}},{"type":"Feature","geometry":{"type":"Polygon","coordinates":[[[-91.4961974955,47.9418921103],[-91.4987401501,47.9431309177],[-91.4990069369,47.9462039753],[-91.4958259105,47.9484129077],[-91.4938748164,47.9518432323],[-91.49090870929871,47.952150806987135],[-91.49137238085906,47.94439181382608],[-91.4961974955,47.9418921103]]]},"properties":{"flat_pct":59}},{"type":"Feature","geometry":{"type":"Polygon","coordinates":[[[-91.47476068,47.9481543976],[-91.47486138436363,47.94572724605871],[-91.48044,47.94564],[-91.48026464581474,47.949027104525754],[-91.4786543976,47.94983932],[-91.47635858,47.9498032741],[-91.47476068,47.9481543976]]]},"properties":{"flat_pct":100}},{"type":"Feature","geometry":{"type":"Polygon","coordinates":[[[-91.72355,47.95346],[-91.71945,47.95348],[-91.71884,47.95446],[-91.71599,47.95505],[-91.71592,47.95611],[-91.71478,47.95578],[-91.71577,47.95198],[-91.71318,47.95186],[-91.71266,47.95259],[-91.71374,47.95369],[-91.71197722592653,47.9556743249133],[-91.7115118215,47.9534254726],[-91.7122390577,47.9515696886],[-91.7147957655,47.9495584413],[-91.72217,47.94901],[-91.72225328593673,47.945978391903125],[-91.72737541652906,47.94538890895011],[-91.72756,47.94867],[-91.724,47.95043],[-91.72534,47.9508],[-91.72355,47.95346]]]},"properties":{"flat_pct":92}},{"type":"Feature","geometry":{"type":"Polygon","coordinates":[[[-91.6324627186,47.9538373918],[-91.6315181455,47.9498216006],[-91.6344884761,47.9475469917],[-91.6371388914,47.9485344302],[-91.6397903002,47.9530589508],[-91.6381697521,47.9574621794],[-91.63571081385184,47.95898308420609],[-91.63393,47.95894],[-91.6336189064,47.9598896416],[-91.6314097893,47.9592636389],[-91.630338905,47.9575492823],[-91.6305986765,47.9555447049],[-91.6324627186,47.9538373918]]]},"properties":{"flat_pct":72}},{"type":"Feature","geometry":{"type":"Polygon","coordinates":[[[-91.5904090638,47.9594603069],[-91.5909139778,47.9564172951],[-91.5953515363,47.953407533],[-91.5952456072,47.9505160298],[-91.59622334808608,47.948678888715044],[-91.6032304766738,47.94878881712955],[-91.60127868586777,47.95225611697583],[-91.59533,47.95231],[-91.59545,47.95596],[-91.60088245688208,47.95586999479722],[-91.5996957377,47.95772926],[-91.5937346801,47.9613119684],[-91.5917406044,47.9609810999],[-91.5904090638,47.9594603069]]]},"properties":{"flat_pct":62}},{"type":"Feature","geometry":{"type":"Polygon","coordinates":[[[-91.56861492032904,47.95193863517651],[-91.57332087351848,47.962660100558715],[-91.5702,47.96097],[-91.56663,47.96279],[-91.56659,47.96162],[-91.5632,47.96198],[-91.5639716857,47.9637057683],[-91.56135065623523,47.965044044264936],[-91.56107,47.95557],[-91.56265,47.95547],[-91.56217,47.95375],[-91.56679,47.95374],[-91.56861492032904,47.95193863517651]],[[-91.56649,47.95865],[-91.56345,47.95917],[-91.56651,47.95929],[-91.56649,47.95865]]]},"properties":{"flat_pct":72}},{"type":"Feature","geometry":{"type":"Polygon","coordinates":[[[-91.6078688523,47.9588116067],[-91.6066151087,47.9607351983],[-91.6039613052,47.961639674],[-91.6015474169,47.9602967446],[-91.6008394137,47.9581125263],[-91.60217884485915,47.95584851617985],[-91.6065975929268,47.955775306152695],[-91.6078688523,47.9588116067]]]},"properties":{"flat_pct":86}},{"type":"Feature","geometry":{"type":"Polygon","coordinates":[[[-91.56526832628641,47.9636178304489],[-91.56664,47.96297],[-91.56814030766027,47.964891830964525],[-91.5666363612,47.9646751302],[-91.56526832628641,47.9636178304489]]]},"properties":{}},{"type":"Feature","geometry":{"type":"Polygon","coordinates":[[[-91.5136965818,47.9700777267],[-91.5193656764,47.9697616617],[-91.52151861699949,47.97259183018258],[-91.51265835986861,47.97283511739136],[-91.5136965818,47.9700777267]]]},"properties":{"flat_pct":71}},{"type":"Feature","geometry":{"type":"Polygon","coordinates":[[[-91.4653025503,47.9777902212],[-91.45989813134297,47.97261259187972],[-91.45986,47.97045],[-91.4583451231,47.9701483652],[-91.4593559679,47.9671377261],[-91.4651844372,47.9648277022],[-91.4678911099,47.9656484693],[-91.4686409074,47.9686405693],[-91.46773235626604,47.97010363087654],[-91.46554,47.97016],[-91.46534,47.97406],[-91.46943316743123,47.97395553895618],[-91.4688282927,47.9772036921],[-91.4653025503,47.9777902212]]]},"properties":{"flat_pct":83}},{"type":"Feature","geometry":{"type":"Polygon","coordinates":[[[-91.4368361474,47.9723364249],[-91.43259,47.97518],[-91.43243,47.97069],[-91.42984095026314,47.96964679314632],[-91.4305444898,47.9688966392],[-91.4344457327,47.9683618125],[-91.4364169351,47.9695392841],[-91.4368361474,47.9723364249]]]},"properties":{"flat_pct":100}},{"type":"Feature","geometry":{"type":"Polygon","coordinates":[[[-91.52088,47.97627],[-91.5256,47.97614],[-91.52569,47.97741],[-91.52259,47.97748],[-91.52088,47.97627]]]},"properties":{}},{"type":"Feature","geometry":{"type":"Polygon","coordinates":[[[-91.5002065736,47.9837479875],[-91.4989,47.98406],[-91.49906,47.98709],[-91.50023,47.98721],[-91.49946,47.98838],[-91.49491,47.99125],[-91.49413,47.99082],[-91.49692,47.98779],[-91.49340291975318,47.98790543489637],[-91.4956479875,47.9836934264],[-91.4980232767,47.9827244465],[-91.5002065736,47.9837479875]]]},"properties":{"flat_pct":68}},{"type":"Feature","geometry":{"type":"Polygon","coordinates":[[[-91.27266715650947,47.55203383518765],[-91.2623605045,47.5471653186],[-91.260997142167,47.54494070411807],[-91.27286848298746,47.545390061413734],[-91.27266715650947,47.55203383518765]]]},"properties":{"flat_pct":100}},{"type":"Feature","geometry":{"type":"Polygon","coordinates":[[[-91.3562118848,47.5565092914],[-91.3497785991,47.5566870034],[-91.346838773,47.5549009606],[-91.34266835204207,47.55625434554659],[-91.34253,47.55222],[-91.33958031641541,47.55224733719726],[-91.3411404594,47.5505472151],[-91.3467426645,47.5487914315],[-91.34770107335171,47.54894835025549],[-91.34782,47.55226],[-91.35311,47.55231],[-91.35304368497637,47.55060001974798],[-91.3590181028,47.5487547135],[-91.3647518388,47.5498683848],[-91.3680851471,47.5491563208],[-91.3850357377,47.5528599076],[-91.395955039,47.5481646889],[-91.40015144882652,47.54507586843515],[-91.40552,47.54507],[-91.4053422389,47.5486349322],[-91.40050553722426,47.55215127330616],[-91.40057,47.54879],[-91.3953,47.54883],[-91.39523,47.55243],[-91.38994,47.55244],[-91.3898946207393,47.557935932683954],[-91.3890967947,47.558267687],[-91.3845156916,47.5589124192],[-91.37930097354993,47.55770830068722],[-91.37931,47.55607],[-91.36933363402618,47.55602249349536],[-91.3674680348,47.5552944547],[-91.3649317587,47.5558934429],[-91.3595970279,47.5547966459],[-91.3562118848,47.5565092914]]]},"properties":{"flat_pct":99}},{"type":"Feature","geometry":{"type":"Polygon","coordinates":[[[-90.8495869209,47.5718958932],[-90.84707621186864,47.571548416610305],[-90.84709,47.56907],[-90.85241,47.56674],[-90.85241,47.56772],[-90.85101,47.5682],[-90.85101,47.56907],[-90.85241,47.56907],[-90.85241,47.57056242358374],[-90.8495869209,47.5718958932]]]},"properties":{"flat_pct":90}},{"type":"Feature","geometry":{"type":"Polygon","coordinates":[[[-90.8631,47.56192],[-90.871242155,47.5624037202],[-90.8709462485,47.564403283],[-90.8682202571,47.5675868903],[-90.8685735504,47.5714358706],[-90.8667586751,47.5762057064],[-90.86304,47.57627],[-90.86302,47.57987],[-90.85444676950442,47.579853915139786],[-90.8564867866,47.5773329499],[-90.8600367189,47.5754551627],[-90.86102385327563,47.572664264375426],[-90.86306,47.57267],[-90.8631,47.56192]]]},"properties":{"flat_pct":75}},{"type":"Feature","geometry":{"type":"Polygon","coordinates":[[[-91.3325337461,47.5772250069],[-91.3352387054,47.5759483488],[-91.34223860250069,47.57587947091155],[-91.34237,47.58146],[-91.3301455524118,47.581598717135755],[-91.3325337461,47.5772250069]]]},"properties":{"flat_pct":95}},{"type":"Feature","geometry":{"type":"Polygon","coordinates":[[[-91.06916123774516,47.58100663970209],[-91.07077892502798,47.576565747463015],[-91.0759,47.57655],[-91.07436,47.57704],[-91.06916123774516,47.58100663970209]]]},"properties":{"flat_pct":71}},{"type":"Feature","geometry":{"type":"Polygon","coordinates":[[[-91.071020797,47.5834534124],[-91.06923569997761,47.58140691380475],[-91.07473,47.57721],[-91.07788127047367,47.57653589103802],[-91.0780874759094,47.5771490997526],[-91.07643,47.5776],[-91.07659,47.58113],[-91.07356889855966,47.5834288151488],[-91.071020797,47.5834534124]]]},"properties":{"flat_pct":92}},{"type":"Feature","geometry":{"type":"Polygon","coordinates":[[[-91.0439511419984,47.5835908835431],[-91.0466253568,47.5848706095],[-91.04717090257635,47.58718762599509],[-91.04405,47.58713],[-91.0439511419984,47.5835908835431]]]},"properties":{"flat_pct":57}},{"type":"Feature","geometry":{"type":"Polygon","coordinates":[[[-91.04424,47.59424],[-91.0412921908525,47.594286101890994],[-91.04116957607332,47.58716218350756],[-91.04405,47.58713],[-91.04424,47.59424]]]},"properties":{"flat_pct":93}},{"type":"Feature","geometry":{"type":"Polygon","coordinates":[[[-91.41079,47.59586],[-91.41073,47.59228],[-91.40559,47.59224],[-91.4057038938771,47.59593292268193],[-91.40061286182488,47.59476742221806],[-91.40050475783573,47.58831721753217],[-91.4123716554,47.5916675743],[-91.41615030766941,47.595912707056726],[-91.41079,47.59586]]]},"properties":{"flat_pct":100}},{"type":"Feature","geometry":{"type":"Polygon","coordinates":[[[-91.3922830139,47.5960794587],[-91.3858657206,47.594212035],[-91.38417267595456,47.59227267508511],[-91.3952,47.59226],[-91.39527994590742,47.59561772811175],[-91.3922830139,47.5960794587]]]},"properties":{"flat_pct":100}},{"type":"Feature","geometry":{"type":"Polygon","coordinates":[[[-91.1674380202,47.5768501492],[-91.16628,47.57685],[-91.16642,47.58045],[-91.16112,47.58051],[-91.16123880814109,47.58318318317464],[-91.1595355876,47.5833633546],[-91.15466389535963,47.58058320118461],[-91.1534465837,47.5769866143],[-91.1504426692,47.578060931],[-91.14836,47.5808603996],[-91.147999579,47.5847757009],[-91.1460446397,47.5872201973],[-91.147618298,47.595972227],[-91.15047912698219,47.59772872664644],[-91.15039,47.6021],[-91.15250985455482,47.602106320377324],[-91.1491647986,47.6093623622],[-91.1537144682,47.6102057801],[-91.1586264416,47.608769737],[-91.1642307748,47.6086738016],[-91.1664617604,47.6104123179],[-91.16635243012047,47.61306215620579],[-91.1643793938,47.6145566363],[-91.1553083174,47.615992159],[-91.1462631815,47.623262966],[-91.1448073888,47.6261258665],[-91.1408372498,47.626694773],[-91.1398297909,47.6303917441],[-91.1378049821,47.6323933177],[-91.13353,47.63344],[-91.1285782924,47.6362094925],[-91.1260325589,47.6358930087],[-91.124662208,47.633724355],[-91.1254692585,47.63128928],[-91.1305311096,47.6282923137],[-91.1346158787,47.6271643343],[-91.1358114139,47.6220288682],[-91.1408040593,47.6206379893],[-91.1453767538,47.6160675782],[-91.13974501730844,47.61642260293814],[-91.13987,47.613],[-91.14517,47.61285],[-91.14527,47.6093],[-91.14209416097525,47.609384367640125],[-91.146277329,47.6022483526],[-91.1422079839,47.5987339392],[-91.1400300368,47.5901551487],[-91.1401839609,47.5852435352],[-91.14236,47.5822662536],[-91.1424823548,47.579281968],[-91.1449106993,47.5745869754],[-91.1479027871,47.5726107774],[-91.1560898912,47.5696690908],[-91.1596295035,47.5657529241],[-91.1603046365,47.5635102867],[-91.1620457832,47.5624835344],[-91.17646650264263,47.563855551294715],[-91.17646,47.56619],[-91.1818,47.56621],[-91.18182,47.56262],[-91.17656194276104,47.56260034371126],[-91.1734371206,47.5597187177],[-91.16920290851724,47.55888878355607],[-91.17135,47.55888],[-91.17134256006251,47.55347116545076],[-91.1751345255,47.5538531996],[-91.1781084185,47.5554193002],[-91.1830353706,47.560197459],[-91.1909679855,47.5629212463],[-91.1924714939,47.5655481838],[-91.19245,47.56987],[-91.2030915264039,47.57069474204838],[-91.20306,47.57354],[-91.2126831988002,47.57359426615864],[-91.2136878080251,47.57469422974702],[-91.21366,47.57719],[-91.2189747439985,47.57770304013541],[-91.21894,47.58083],[-91.22047327225617,47.58083863005022],[-91.2206519353,47.5820998254],[-91.219967092765,47.58443202034714],[-91.21390675215638,47.584392149685236],[-91.2138514752,47.5831379096],[-91.2101613825,47.5809224034],[-91.207925896,47.577716188],[-91.1921296871,47.5747079347],[-91.1840216349,47.5712174751],[-91.17143597689798,47.5691399098253],[-91.17141,47.56604],[-91.16601,47.56608],[-91.1660597099756,47.56904602854372],[-91.1647611689,47.5690233532],[-91.159168096,47.5749116456],[-91.1594353209,47.5761915439],[-91.1610827478,47.577166215],[-91.1662883519,47.5766300781],[-91.1674380202,47.5768501492]]]},"properties":{"flat_pct":87}},{"type":"Feature","geometry":{"type":"Polygon","coordinates":[[[-91.04741902008558,47.60160325283512],[-91.04414,47.60163],[-91.04424,47.59424],[-91.04729360752289,47.59431678316788],[-91.04741902008558,47.60160325283512]]]},"properties":{"flat_pct":94}},{"type":"Feature","geometry":{"type":"Polygon","coordinates":[[[-90.8588706941,47.5987317615],[-90.859709966,47.5962775598],[-90.8621489094,47.5953949283],[-90.865004487,47.597081851],[-90.8658651116,47.5994985112],[-90.8645429825,47.6016968959],[-90.8619814888,47.6021251116],[-90.8599973702,47.6010866898],[-90.8588706941,47.5987317615]]]},"properties":{"flat_pct":71}},{"type":"Feature","geometry":{"type":"Polygon","coordinates":[[[-91.0557252713,47.609402723],[-91.05639842615587,47.612554695118774],[-91.04905,47.61252],[-91.04913724407739,47.61009058799908],[-91.05443813054941,47.608634263114986],[-91.0557252713,47.609402723]]]},"properties":{"flat_pct":86}},{"type":"Feature","geometry":{"type":"Polygon","coordinates":[[[-91.06464710338075,47.621001774396404],[-91.06501,47.61256],[-91.07032,47.61261],[-91.07074012357461,47.60926856260181],[-91.07268,47.60913],[-91.07245970516907,47.60702052513312],[-91.0740409316,47.6066747678],[-91.07685996617178,47.60827158782184],[-91.07714014943686,47.61029621662894],[-91.07452,47.60976],[-91.07823,47.61362],[-91.0893798438,47.6139013441],[-91.0966369671,47.6125096765],[-91.1074943757,47.612082229],[-91.11325,47.6128],[-91.1132,47.61639],[-91.10791,47.61628],[-91.10788915813164,47.61812971581724],[-91.0973240271,47.6184789615],[-91.0898858734,47.6199033243],[-91.0795847464,47.6198503526],[-91.0694380468,47.6167047048],[-91.0699016133,47.6197681115],[-91.0674239855,47.6216055607],[-91.06464710338075,47.621001774396404]]]},"properties":{"flat_pct":95}},{"type":"Feature","geometry":{"type":"Polygon","coordinates":[[[-91.13452,47.61308],[-91.12916,47.61315],[-91.12908,47.6167],[-91.13579489952875,47.616611811826075],[-91.12373587066325,47.61935286341195],[-91.12379,47.6166],[-91.1185,47.61649],[-91.11854936722814,47.61328113017101],[-91.1217890038,47.613642344],[-91.13458591093854,47.6107335705881],[-91.13452,47.61308]]]},"properties":{"flat_pct":100}},{"type":"Feature","geometry":{"type":"Polygon","coordinates":[[[-91.3794107235,47.614470407],[-91.37946,47.61757],[-91.37479361883001,47.617617697252165],[-91.3771742457,47.6149902579],[-91.3794107235,47.614470407]]]},"properties":{"flat_pct":100}},{"type":"Feature","geometry":{"type":"Polygon","coordinates":[[[-91.04891,47.61613],[-91.04892,47.61773],[-91.04699,47.61854],[-91.0472566773,47.6194790815],[-91.0400468669,47.622019924],[-91.0377555486,47.6218718077],[-91.036240076,47.6201468669],[-91.0362713352,47.6181257695],[-91.03788161349796,47.61634727120146],[-91.04891,47.61613]]]},"properties":{"flat_pct":88}},{"type":"Feature","geometry":{"type":"Polygon","coordinates":[[[-91.28848601008107,47.622046281111075],[-91.2823128289,47.6197299584],[-91.2776109142302,47.61980513049078],[-91.27742,47.61686],[-91.28865,47.61713],[-91.28848601008107,47.622046281111075]]]},"properties":{"flat_pct":64}},{"type":"Feature","geometry":{"type":"Polygon","coordinates":[[[-91.2997371285,47.6223001868],[-91.29395212735845,47.622230170335975],[-91.29426,47.61727],[-91.29988,47.61741],[-91.29969,47.61948],[-91.30206,47.62116],[-91.2997371285,47.6223001868]]]},"properties":{"flat_pct":95}},{"type":"Feature","geometry":{"type":"Polygon","coordinates":[[[-91.3780166837,47.6225706489],[-91.3753786284,47.6218571547],[-91.37432496086915,47.61966421275036],[-91.37677,47.61971],[-91.37856,47.61856],[-91.37926,47.62109],[-91.38037298333579,47.621081520126964],[-91.3780166837,47.6225706489]]]},"properties":{"flat_pct":100}},{"type":"Feature","geometry":{"type":"Polygon","coordinates":[[[-91.06046400056344,47.63768131122662],[-91.07017042671151,47.63195900267865],[-91.07026,47.63398],[-91.07241,47.63396],[-91.06612,47.63762],[-91.07263,47.63396],[-91.07547,47.63393],[-91.07532,47.63029],[-91.07213754598028,47.63033877324168],[-91.0737388609,47.6290385558],[-91.081540883,47.6259836145],[-91.0853134691,47.6225895453],[-91.08865081450753,47.623347123680325],[-91.0863,47.62334],[-91.08625,47.62527],[-91.08406,47.6278],[-91.07873,47.6303],[-91.08405,47.62823],[-91.08623,47.62575],[-91.08621,47.62686],[-91.08902977532208,47.62687834426325],[-91.0850591423,47.6309165522],[-91.0770477157,47.6340676887],[-91.0724164024,47.6378612659],[-91.06525850706697,47.641613732945785],[-91.06522,47.63762],[-91.06046400056344,47.63768131122662]]]},"properties":{"flat_pct":91}},{"type":"Feature","geometry":{"type":"Polygon","coordinates":[[[-91.3888744987,47.6371492813],[-91.38721480673561,47.63566182783518],[-91.38936,47.63567],[-91.38922,47.6321],[-91.39453,47.63213],[-91.39461,47.63569],[-91.39992,47.6357],[-91.39997806816068,47.63799691835581],[-91.3920369379,47.6380337814],[-91.3888744987,47.6371492813]]]},"properties":{"flat_pct":90}},{"type":"Feature","geometry":{"type":"Polygon","coordinates":[[[-90.8444442464,47.6430268778],[-90.843628875,47.6403185748],[-90.8458374704,47.6367675166],[-90.8514070717,47.6370413861],[-90.8569625749,47.6362697854],[-90.8515091024,47.6362796594],[-90.8483573085,47.6332492882],[-90.84830434163378,47.63033259786476],[-90.85232,47.63034],[-90.85230271279761,47.62906420446343],[-90.8541076307,47.6305796522],[-90.858408683,47.630042648],[-90.8614558151,47.6284236326],[-90.8639433433,47.6299325714],[-90.8647352283,47.6316324508],[-90.87326218789914,47.62654508071614],[-90.87322,47.6304],[-90.87854470678938,47.630380150207685],[-90.8697160637,47.636407376],[-90.8589308205,47.6420116558],[-90.8491320665,47.6427801826],[-90.8468578049,47.6438961628],[-90.8444442464,47.6430268778]]]},"properties":{"flat_pct":82}},{"type":"Feature","geometry":{"type":"Polygon","coordinates":[[[-91.0955990017,47.6363570086],[-91.0976148618,47.6374562748],[-91.0982629914,47.6396590017],[-91.097133511,47.6422789814],[-91.0947109983,47.6431229914],[-91.0926951382,47.6420237252],[-91.0920470086,47.6398209983],[-91.093176489,47.6372010186],[-91.0955990017,47.6363570086]]]},"properties":{"flat_pct":77}},{"type":"Feature","geometry":{"type":"Polygon","coordinates":[[[-90.781315009309,47.61942239888569],[-90.7883445269,47.6278888681],[-90.7877912285,47.6298136753],[-90.785939272,47.6310087792],[-90.7868449707,47.635680621],[-90.7922608085,47.6400850714],[-90.7927564955,47.6430649654],[-90.7919441557,47.6474198911],[-90.7858535996,47.6537252616],[-90.7786477395,47.6577837379],[-90.7757124369,47.6618205732],[-90.7695847224,47.6631625802],[-90.7710298529,47.6682110598],[-90.7694636545,47.6698900776],[-90.7668985876,47.6698533008],[-90.7627613086,47.6654502051],[-90.764735873,47.6593128675],[-90.7675172067,47.6574922225],[-90.7725641165,47.6565440954],[-90.774238319,47.6534402406],[-90.781927269,47.6491087282],[-90.7864717789,47.6445056828],[-90.7867198146,47.642938097],[-90.7829838725,47.6405083447],[-90.7812263989,47.6379387335],[-90.7796315026,47.629912456],[-90.7803109804,47.6265781451],[-90.7744005713,47.6220993903],[-90.7715678258,47.6171859768],[-90.7692035245,47.6171266653],[-90.7613887540947,47.6204276139058],[-90.76141,47.61583],[-90.76677,47.61582],[-90.76679,47.61229],[-90.7750528433,47.61229],[-90.77837173975415,47.615820529688904],[-90.77752,47.61582],[-90.77746,47.61942],[-90.781315009309,47.61942239888569]]]},"properties":{"flat_pct":72}},{"type":"Feature","geometry":{"type":"Polygon","coordinates":[[[-91.169552077,47.6528391626],[-91.1639194769,47.6470478285],[-91.1494645481137,47.646949594987746],[-91.14946,47.64531],[-91.14466,47.64522],[-91.14465143292574,47.64831271380473],[-91.1388486047,47.647616003],[-91.1327569405,47.6486809335],[-91.12924963772635,47.64835766395604],[-91.12919,47.64498],[-91.12388,47.64498],[-91.12405,47.65221],[-91.12528489402814,47.65220762976194],[-91.125517305,47.6548101142],[-91.1211033186,47.6598591706],[-91.116848942,47.6606352572],[-91.11697,47.65934],[-91.11954,47.65887],[-91.11673,47.65841],[-91.11337,47.66037],[-91.11314,47.65976],[-91.11729,47.65797],[-91.11599,47.65727],[-91.11322,47.65842],[-91.11322,47.65571],[-91.11204375173587,47.65574394944056],[-91.1155111759,47.6532825277],[-91.1184443813,47.6540590686],[-91.1195474945,47.6506452022],[-91.1186756087,47.6490549434],[-91.1189792145,47.6470565352],[-91.1204816818,47.6457043502],[-91.1229343737,47.6454845934],[-91.1244837869,47.6433699878],[-91.1362465974,47.641153329],[-91.1415466729,47.641932556],[-91.145178329,47.6389470115],[-91.1544758867,47.6411859167],[-91.16049022091252,47.64064606767709],[-91.16054,47.64533],[-91.16983,47.64547],[-91.17114,47.64596],[-91.17108,47.64896],[-91.17642,47.64892],[-91.17643064757392,47.64762809436438],[-91.1774016383,47.6495185892],[-91.1767626795,47.6517239938],[-91.1747514108,47.6528316383],[-91.169552077,47.6528391626]]]},"properties":{"flat_pct":68}},{"type":"Feature","geometry":{"type":"Polygon","coordinates":[[[-90.8474189863,47.6497432168],[-90.8496140845,47.6484156381],[-90.8518139476,47.6490734226],[-90.8531738037,47.651635554],[-90.8524992755,47.6541106161],[-90.8501581104,47.6551593615],[-90.8477092994,47.654197724],[-90.846663094,47.6521899868],[-90.8474189863,47.6497432168]]]},"properties":{"flat_pct":91}},{"type":"Feature","geometry":{"type":"Polygon","coordinates":[[[-91.1434605129,47.6676678488],[-91.1422546437,47.6654022862],[-91.1398028695,47.6664814758],[-91.1323946462,47.6669216363],[-91.1377067301,47.6697056042],[-91.1389823604,47.671614752],[-91.13809,47.6727],[-91.13487,47.67123],[-91.13526,47.67223],[-91.13329,47.67248],[-91.13559,47.67384],[-91.13364530709605,47.674321664366744],[-91.1309702387,47.6728917837],[-91.1275116325,47.6732512954],[-91.1256658118,47.6724274278],[-91.1247407246,47.6703259304],[-91.1254759675,47.6682972244],[-91.1240709054,47.6656863025],[-91.1254650695,47.6632253998],[-91.1324770738,47.6606090971],[-91.1315034313,47.6590609542],[-91.1316836417,47.6570066589],[-91.133987327,47.6528574093],[-91.1366408162,47.6518782614],[-91.13941583866004,47.6532687212726],[-91.13934,47.65961],[-91.14461,47.65968],[-91.14463813465383,47.652890170206724],[-91.1476702107,47.653399364],[-91.149448972,47.6562185317],[-91.147718092,47.6588555731],[-91.1496136316,47.6604021267],[-91.1500439299,47.6627268215],[-91.1557055361,47.6612100349],[-91.1612600318,47.6630709452],[-91.1643516927,47.6656186767],[-91.1658416856,47.6708209944],[-91.1645044079,47.6726874794],[-91.1622390056,47.6730616856],[-91.1605400865,47.6719664752],[-91.1589302476,47.6689006834],[-91.1551645036,47.6676255902],[-91.1531359107,47.6686843623],[-91.1460732295,47.6687078817],[-91.1434605129,47.6676678488]],[[-91.1402034546,47.6596889584],[-91.1399729281,47.6597701981],[-91.139998657,47.6598000719],[-91.1402034546,47.6596889584]]]},"properties":{"flat_pct":74}},{"type":"Feature","geometry":{"type":"Polygon","coordinates":[[[-91.0672255803,47.6603833816],[-91.06170523259071,47.663421122984566],[-91.06028,47.65993],[-91.05821125827683,47.65980196712463],[-91.059783875,47.6577714641],[-91.0572537878,47.65462525],[-91.0568615524,47.6526198456],[-91.0553907834,47.6520758112],[-91.0508730143,47.6549225656],[-91.0518567806,47.6583725284],[-91.0504359984,47.6605649306],[-91.04891084349998,47.661176831082756],[-91.04886,47.65966],[-91.04358,47.65977],[-91.04378,47.66693],[-91.04518781957353,47.66690023267071],[-91.0446424566,47.669211015],[-91.046630544,47.6720212438],[-91.0528556854,47.6752130596],[-91.0558148069,47.6788097068],[-91.0583805532,47.684056504],[-91.0644606712,47.6812054453],[-91.0667094387,47.6824399353],[-91.0672424262,47.6846733189],[-91.0660400647,47.6866294387],[-91.0619989654,47.6888426494],[-91.0617017304,47.6951646084],[-91.0599205208,47.6978166132],[-91.0570426276,47.6996440468],[-91.05473831,47.7169915383],[-91.0527783451,47.7191291238],[-91.0475166841,47.7217816595],[-91.0459789438,47.7372682248],[-91.0424798072,47.7413880173],[-91.0380177023,47.7440621785],[-91.0360076009,47.7475292265],[-91.03477,47.74604],[-91.03193,47.74608],[-91.03229,47.7515],[-91.03678855611543,47.752070712343006],[-91.0370312242,47.7555610962],[-91.03904228,47.7598955856],[-91.03722985253759,47.76315862178804],[-91.0355,47.76289],[-91.03441,47.76463],[-91.03602692860139,47.76524133644407],[-91.0317754734,47.767768997],[-91.0273567368,47.7720402352],[-91.0263842929,47.7763833307],[-91.02841472,47.7797979107],[-91.0262801074,47.7827124334],[-91.022890214,47.7831871225],[-91.0190031567,47.7817613935],[-91.0137141205,47.7840722226],[-91.010775581,47.7832867207],[-91.0090680041,47.7815444606],[-91.0049539826,47.7816256057],[-91.0019990504,47.7793406812],[-91.0013453486,47.7763602365],[-90.9982581902,47.7747886416],[-90.9937786085,47.7703899534],[-90.990924243,47.7721030394],[-90.9868708491,47.7710042549],[-90.9813549921,47.7649774651],[-90.9750698118,47.7679617821],[-90.9718635437,47.7711213396],[-90.9684209184,47.7701605033],[-90.9680500437,47.7670982638],[-90.9710526766,47.763435504],[-90.9774135707,47.7603181202],[-90.9766729066,47.7581620276],[-90.9772650026,47.7553087814],[-90.9800910979,47.751903119],[-90.9771846875,47.7495253568],[-90.9719429442,47.7480375738],[-90.9697873402,47.743633741],[-90.9702667394,47.734623342],[-90.9683644632,47.7244352284],[-90.9771447017,47.7126203557],[-90.9703183434,47.7082842016],[-90.9688609862,47.7022188964],[-90.95848932084603,47.71255271320292],[-90.94709,47.71634],[-90.94636,47.71706],[-90.94652697595934,47.72033955258668],[-90.9386693489,47.7254646394],[-90.9185768828,47.742815182],[-90.9181868751,47.752446843],[-90.9167152263,47.7555532461],[-90.9094317271,47.7601435169],[-90.9064350297,47.764475518],[-90.8991639148,47.7679257689],[-90.896075915,47.7675804511],[-90.8945133659,47.7652228727],[-90.8953866359,47.7628107532],[-90.902768311,47.7595959088],[-90.9051925445,47.7557780066],[-90.9121354298,47.7513959458],[-90.9117737916,47.7482092185],[-90.9130494661,47.7400143071],[-90.9202623135,47.7333249605],[-90.9098499471,47.7333576012],[-90.9060872567,47.7343520972],[-90.89933656393983,47.738690417722246],[-90.89934,47.73745],[-90.89423,47.7374],[-90.89424271948889,47.73969586774477],[-90.8853339387,47.7394696083],[-90.8831851873,47.7376304228],[-90.8825840509,47.7342067511],[-90.8845177739,47.7321485002],[-90.8888467272,47.7322622949],[-90.8906793897,47.7336820004],[-90.8974581145,47.7329842097],[-90.8964712271,47.7306742019],[-90.8968739109,47.7283051063],[-90.8982060811,47.7268279164],[-90.8974780148,47.7237611368],[-90.8921490636,47.723005792],[-90.8888042735,47.720677544],[-90.8869817326,47.7180717191],[-90.8885157007,47.7068545859],[-90.8910509518,47.7038633158],[-90.8961933293,47.7037753972],[-90.8962487041,47.7012950094],[-90.900783729,47.6932457035],[-90.8993769208,47.6834881296],[-90.9019205404,47.6797970419],[-90.9064472161,47.6761160355],[-90.9084105936,47.6717080062],[-90.9123590507,47.670694521],[-90.9091629694,47.6665986927],[-90.9062035409,47.659212304],[-90.9023374216,47.6551394469],[-90.9011042503,47.6523173999],[-90.9026508244,47.6479969737],[-90.9008855288,47.6451905393],[-90.9012342103,47.6395740869],[-90.9059779758,47.6310190012],[-90.8996440227,47.6240623491],[-90.8993171019,47.6198380622],[-90.8940231988,47.6211453442],[-90.88398559728284,47.62713399624245],[-90.88403,47.62311],[-90.87903534323424,47.62310069029493],[-90.8915940265,47.6156248773],[-90.9074279034,47.6115461558],[-90.9112385903,47.6085784113],[-90.9160440927,47.607987649],[-90.9206446407,47.6087927244],[-90.9244904194,47.6107178507],[-90.9290006233,47.6105217874],[-90.8880667301,47.5784990047],[-90.8822042264,47.5695033129],[-90.8820114408,47.5665003314],[-90.8802968133,47.5628071702],[-90.8809260852,47.5597914656],[-90.87647,47.556693775851535],[-90.87647,47.5547],[-90.88416798919945,47.554719341681405],[-90.8864134516,47.5564435698],[-90.8873691799,47.5585698563],[-90.8864946798,47.5621482176],[-90.8878963873,47.5649177114],[-90.8880001934,47.5675169507],[-90.8924006452,47.5742921144],[-90.9209290464,47.5962814513],[-90.9221538364,47.5935489814],[-90.9269608602,47.5891845766],[-90.922212654,47.5844275735],[-90.9227861005,47.5803061091],[-90.9283871567,47.5780991112],[-90.9326877492,47.5788642278],[-90.9336843846,47.5815111985],[-90.9322371165,47.5836993199],[-90.9344370318,47.5840024111],[-90.9360872794,47.5855635661],[-90.9360133858,47.5896652159],[-90.9340521228,47.5931755686],[-90.9303340528,47.5941916253],[-90.9269490905,47.5972774514],[-90.926173634,47.6005211489],[-90.9362454496,47.6086631531],[-90.9390262452,47.6092976004],[-90.9617563832,47.6065221177],[-90.969893884,47.6064530016],[-90.9739215687,47.6051322099],[-91.0049035049,47.6005552519],[-91.0052866756,47.5960141473],[-91.0001274325,47.590962906],[-90.9974413324,47.581563224],[-90.9923321213,47.5829285773],[-90.9898011991,47.5807592154],[-90.9908368862,47.5775907694],[-90.9967932593,47.5752089517],[-90.9971637759,47.5701803335],[-90.9890961835,47.5660013783],[-90.9880295731,47.5626901954],[-90.9883915783,47.5598093161],[-90.9867806002,47.5582818931],[-90.9859916267,47.5557180235],[-90.9873681156,47.5518513263],[-90.9780782657,47.5456919844],[-90.97707376260345,47.54406876918564],[-90.98683109025838,47.54409261900411],[-90.9931072378,47.5490603579],[-90.9937711741,47.5521755608],[-90.9923342127,47.555277875],[-90.9945906456,47.5579286606],[-90.994143018,47.5624679001],[-91.0000202012,47.5647880804],[-91.0027869112,47.5674806026],[-91.0033196293,47.5715771627],[-91.0025362252,47.5775082991],[-91.0054801665,47.5880148199],[-91.0099160546,47.5921270965],[-91.0157088128,47.5917623969],[-91.0190483291,47.5940825144],[-91.0192204234,47.5960965142],[-91.0180757861,47.5977625326],[-91.0161340587,47.5983242321],[-91.0127453729,47.5975771787],[-91.0113058504,47.5979668239],[-91.0110803525,47.5996427468],[-91.02263799189473,47.598892917898375],[-91.02263,47.60177],[-91.04414,47.60163],[-91.0439929307121,47.607218632940395],[-91.0387675205,47.6055765663],[-91.0179075859,47.6046992793],[-90.9913244595,47.6086264017],[-90.9947483363,47.6113463175],[-90.9952346801,47.6152804524],[-91.0031146447,47.6211124166],[-91.0048276854,47.6256170614],[-91.0103275134,47.6286733427],[-91.0143326406,47.6323862149],[-91.0200129379,47.6331912818],[-91.02233825682804,47.63462226835135],[-91.02235241352442,47.64139860702103],[-91.0197083809,47.6412944398],[-91.0172660391,47.6391905507],[-91.0117181854,47.6378279814],[-91.0064937302,47.633392638],[-91.0004238593,47.6299783338],[-90.998336014,47.6250519188],[-90.989866981,47.6188125093],[-90.9892065436,47.6142984426],[-90.9815670513,47.6100678626],[-90.9707398989,47.6124306826],[-90.9607682126,47.6126873432],[-90.9566169464,47.6242032037],[-90.9718632091,47.6351278765],[-90.9777525111,47.640477227],[-90.9800007279,47.6440367641],[-90.9844495739,47.6451044339],[-90.9927722247,47.6490849266],[-90.99748861754894,47.65574411033585],[-90.99605,47.65574],[-90.9958,47.66301],[-90.99829683053164,47.663019466656046],[-91.0002081739,47.6642040417],[-91.0007393944131,47.66302872756175],[-91.00635,47.66305],[-91.0063933103587,47.66147350294311],[-91.0162202198,47.6598013102],[-91.0186476379,47.6584231628],[-91.0213616807,47.6592192202],[-91.022042101,47.6624824588],[-91.0186729956,47.6653710383],[-91.0056825503,47.6674518862],[-91.0052500624,47.6680684467],[-91.0082509114,47.6704601956],[-91.0082984551,47.6737277019],[-91.0224891272,47.6670408513],[-91.0389157884,47.6557141379],[-91.04040596982821,47.64879973606241],[-91.04362,47.64883],[-91.04363,47.64518],[-91.04831186376039,47.64493427894041],[-91.0483612252,47.6473795736],[-91.0460376368,47.6508776247],[-91.04893671322135,47.64905084733199],[-91.04891,47.65239],[-91.05422,47.6523],[-91.05426,47.64846],[-91.04962553341225,47.64861680526049],[-91.0547007611,47.6454187829],[-91.05978406651118,47.63840135938225],[-91.0597,47.64848],[-91.06140612933339,47.64848626102508],[-91.0628388591,47.652095416],[-91.06725,47.65725],[-91.06373,47.65948],[-91.06524,47.65922],[-91.0672255803,47.6603833816]],[[-91.0436,47.65247],[-91.04359,47.65612],[-91.04889,47.65602],[-91.04891,47.65239],[-91.0436,47.65247]],[[-91.0392285437,47.6719241302],[-91.0383965419,47.6633602732],[-91.025485872,47.6722504552],[-91.0004075849,47.684078758],[-90.9971252073,47.6874849124],[-91.0089808149,47.688141444],[-91.0123648129,47.6907149965],[-91.02180969291567,47.69041586811391],[-91.02369,47.69224],[-91.02587,47.69216],[-91.02632464591277,47.69134626880872],[-91.034542236,47.6939842628],[-91.0538233784,47.68841146],[-91.04928738428897,47.68029308916332],[-91.04936,47.67757],[-91.04415232498917,47.67759909315649],[-91.0392285437,47.6719241302]],[[-90.9748633952,47.6974235856],[-90.97475,47.70615],[-90.97870653834123,47.706168967106144],[-90.9822165844,47.7090043327],[-90.9870480045,47.7069557785],[-90.99052178264951,47.7069951811817],[-90.99045557191616,47.712838278399104],[-90.9884335576,47.712876601],[-90.9819166209,47.7162575438],[-90.9743289696,47.7261482704],[-90.975594289,47.7282806613],[-90.9757067879,47.7307903976],[-90.9779002433,47.7318599081],[-90.9788239453,47.733655476],[-90.9782334231,47.7358718931],[-90.9757687043,47.7378049951],[-90.9760196669,47.7431303934],[-90.9801641033,47.7441919141],[-90.9859775427,47.7481466706],[-90.9880185584,47.7507350729],[-90.9874742337,47.7534645034],[-90.9828800309,47.757545304],[-90.9832905434,47.7587499262],[-90.9898180167,47.7656654852],[-90.9927921779,47.7641515953],[-90.9975831079,47.7652423341],[-91.002448038,47.7702191905],[-91.0055754592,47.7719042522],[-91.0076474394,47.7756706957],[-91.0115110966,47.775553922],[-91.0137437141,47.7777750099],[-91.0174133144,47.7758749192],[-91.0203698587,47.7757842935],[-91.0229450333,47.7677933084],[-91.028344443,47.7627917469],[-91.0314187579,47.761300359],[-91.0322762207,47.7594333353],[-91.0305755858,47.7575635763],[-91.0311017861,47.7542703249],[-91.0282513935,47.7498685342],[-91.0278932196,47.7470210491],[-91.029399722,47.7438971097],[-91.0318892695,47.7425715013],[-91.0332209839,47.7404384349],[-91.0270892534,47.7405926828],[-91.0231819235,47.737726504],[-91.0138686607,47.7376693368],[-91.0101418435,47.740905946],[-91.01183888331401,47.745813788639005],[-91.00768,47.74759],[-91.00738,47.74907],[-91.0098,47.74823],[-91.01071,47.75089],[-91.01171569911347,47.75066957279705],[-91.0088113485,47.7523940626],[-91.0051161753,47.7509594102],[-91.003504564,47.7488427929],[-91.0034566247,47.7468535825],[-91.0051035712,47.7444134284],[-91.0036353315,47.7423026723],[-91.0040005206,47.7383160051],[-91.0106641794,47.7325233997],[-91.0144811912,47.731095201],[-91.0190716466148,47.73177418574574],[-91.01809,47.73345],[-91.02449,47.73421],[-91.03308,47.73733],[-91.03389,47.73662],[-91.0338470219,47.7332616318],[-91.03824001447671,47.73119893936652],[-91.04296,47.73119],[-91.04311,47.71766],[-91.04623,47.71874],[-91.04837,47.71667],[-91.04726983615153,47.71477970906402],[-91.0492731388,47.714105871],[-91.050909101,47.7042236628],[-91.0505240924,47.7000246754],[-91.0520247919,47.6960744592],[-91.0540248726,47.694456164],[-91.0493238125,47.696484335],[-91.0344469847,47.7000078705],[-91.03020794151816,47.69929261379427],[-91.03384,47.69891],[-91.03396,47.69747],[-91.02468,47.69473],[-91.02221,47.69596],[-91.02232,47.69352],[-91.00907,47.69346],[-91.00714583405141,47.69436929612084],[-90.990879152,47.692417254],[-90.9819561613,47.6955357051],[-90.9774322012,47.696176547],[-90.9748633952,47.6974235856]],[[-90.9707285575,47.6654454872],[-90.97159374873358,47.67018951739408],[-90.96441,47.67031],[-90.9652324616,47.6691001851],[-90.96504271755173,47.663028557410094],[-90.96943,47.66299],[-90.96947093437056,47.65930078985373],[-90.9770778535,47.6578703817],[-90.9815547847,47.6591163502],[-90.989749026,47.6591294925],[-90.9916819444,47.6575424619],[-90.9889450219,47.6537760189],[-90.976344168,47.6491024996],[-90.9732331419,47.644493295],[-90.9679310129,47.6397873672],[-90.9511210372,47.6274692394],[-90.9502379424,47.6246032314],[-90.9521155087,47.6159373205],[-90.9537377953,47.6135457982],[-90.9259472616,47.6169280819],[-90.9157677357,47.6140146948],[-90.9060922492,47.6181048487],[-90.9053749149,47.621100257],[-90.9112482361,47.627664575],[-90.9122674944,47.6302274139],[-90.9113176756,47.6340617015],[-90.9070891418,47.6412273904],[-90.9069301934,47.6437705647],[-90.9087099643,47.6480453581],[-90.9076029305,47.6517294517],[-90.9119170732,47.6570360137],[-90.9143745709,47.6635808912],[-90.9195214138,47.6693348816],[-90.9214163871,47.6732195011],[-90.9210103915,47.675504882],[-90.9229970073,47.6776713497],[-90.92711982305985,47.67832865854018],[-90.92711,47.68103],[-90.93329782479891,47.68113977466964],[-90.9360580913,47.6829986675],[-90.93774197750199,47.68524373168311],[-90.93768,47.68844],[-90.93202031882487,47.688344612115024],[-90.9281637647,47.6842450997],[-90.9186358529,47.6828116042],[-90.9137771022,47.6765894241],[-90.9127288381,47.6766858338],[-90.9121115783,47.6791700721],[-90.9069641143,47.6834166312],[-90.9054368972,47.6859174276],[-90.9068454404,47.6941990229],[-90.9028207402,47.7020198918],[-90.9066958024,47.7044934624],[-90.9071006916,47.7098562407],[-90.9057174934,47.71124522],[-90.9018979113,47.7121982625],[-90.8944652983,47.7095933688],[-90.8928878365,47.7162177238],[-90.894666257,47.7174676403],[-90.8999870324,47.7180178141],[-90.9030654779,47.7195193405],[-90.9043616552,47.7253463954],[-90.9039863305,47.7286279456],[-90.908776591,47.7273753823],[-90.9271343784,47.7273033884],[-90.9302336125,47.7247059687],[-90.9309160708,47.7226662111],[-90.9261945506,47.7218665948],[-90.9252899346,47.7194660551],[-90.9264362939,47.7173478755],[-90.9226526773,47.7166167892],[-90.9210874885,47.7133548141],[-90.9224545081,47.7097729466],[-90.9312589875,47.7026349551],[-90.9317385175,47.7003513802],[-90.9294400159,47.694920218],[-90.93108320803162,47.69187529681763],[-90.94796431732352,47.692038777926165],[-90.9456692783,47.6935340152],[-90.9379641638,47.6929983702],[-90.9361469632,47.6951726824],[-90.9384976073,47.6997517786],[-90.9377017581,47.7042586663],[-90.9306622501,47.7118146444],[-90.9328936857,47.7132440273],[-90.939921028,47.713513896],[-90.9425552157,47.7157666462],[-90.9561612086266,47.70613096112965],[-90.95897,47.70611],[-90.95896604708582,47.70342597127342],[-90.96036077156688,47.702080897170795],[-90.96045,47.70333],[-90.96385,47.70363],[-90.96421,47.70057],[-90.96778,47.69957],[-90.96866,47.69787],[-90.97623,47.69316],[-90.97621,47.69181],[-90.9898039065,47.6864355463],[-90.9971101867,47.6790134642],[-91.00110532826123,47.6771172076424],[-91.0012,47.68116],[-91.00663,47.68113],[-91.00644,47.67028],[-91.00103,47.6703],[-91.00105528543887,47.67258833221783],[-90.9915939895,47.6651745369],[-90.9810666507,47.6651835905],[-90.9769801963,47.6639918624],[-90.9707285575,47.6654454872]]]},"properties":{"flat_pct":92}},{"type":"Feature","geometry":{"type":"Polygon","coordinates":[[[-91.181366782,47.674417151],[-91.1801623666,47.6724294908],[-91.180738996,47.6701780673],[-91.1833778301,47.6669527917],[-91.1880026948,47.6650123156],[-91.1872327769,47.6617909507],[-91.1885995446,47.6566913395],[-91.1905970658,47.655481403],[-91.1952772495,47.6559379396],[-91.1964456457,47.6587927091],[-91.1954852795,47.6605713346],[-91.1934413165,47.661344759],[-91.1940993686,47.6638284533],[-91.1934496093,47.6692279763],[-91.1919170371,47.6706202495],[-91.1875369178,47.6716689534],[-91.1889784765,47.6742925898],[-91.1883125459,47.677965016],[-91.1846393492,47.6802835338],[-91.1820161183,47.6806570425],[-91.1895251476,47.6830407623],[-91.19219757629175,47.68292634635179],[-91.19235,47.6852],[-91.18694,47.68517],[-91.18695877338423,47.68853043577852],[-91.1745778921,47.6842501359],[-91.1725182288,47.6807702127],[-91.1734716367,47.6772192228],[-91.1772513303,47.6750511029],[-91.181366782,47.674417151]]]},"properties":{"flat_pct":92}},{"type":"Feature","geometry":{"type":"Polygon","coordinates":[[[-90.9686764937,47.675071073],[-90.95935711913584,47.67550785910288],[-90.95939,47.67402],[-90.95404,47.67403],[-90.95397,47.67258],[-90.95584,47.67039],[-90.96441,47.67031],[-90.96456,47.67393],[-90.97006906625151,47.673828573392655],[-90.9686764937,47.675071073]]]},"properties":{"flat_pct":100}},{"type":"Feature","geometry":{"type":"Polygon","coordinates":[[[-90.8560237186,47.6726934445],[-90.8610192238,47.6734010241],[-90.8620311513,47.6751508282],[-90.8617033177,47.6771454051],[-90.8588531062,47.6791105052],[-90.8525685317,47.6793081569],[-90.8510447668,47.6775905369],[-90.8511818431,47.6752985317],[-90.8560237186,47.6726934445]]]},"properties":{"flat_pct":95}},{"type":"Feature","geometry":{"type":"Polygon","coordinates":[[[-90.9426625088,47.6824531949],[-90.9437789466,47.6804670274],[-90.9486,47.67763],[-90.94922364218803,47.67403],[-90.95404,47.67403],[-90.9538296489,47.6802968672],[-90.9508741214,47.683019213],[-90.9519185848,47.6871921377],[-90.9506926961,47.6895202373],[-90.94830377045982,47.69121491994907],[-90.94841,47.68485],[-90.94342498379905,47.68484064724915],[-90.9426625088,47.6824531949]]]},"properties":{"flat_pct":100}},{"type":"Feature","geometry":{"type":"Polygon","coordinates":[[[-91.0903351282,47.6849100038],[-91.0921530679,47.6818759269],[-91.0946557719,47.68131255],[-91.0966789667,47.6828897639],[-91.0968378743,47.6857436875],[-91.1158997042,47.6877788304],[-91.1205468778,47.6899242464],[-91.1213026366,47.6929148463],[-91.1184362761,47.6950499934],[-91.114292049,47.6935905101],[-91.099618164,47.6916418143],[-91.0932079933,47.6918455791],[-91.0785021227,47.6882518928],[-91.0766004879,47.6855141047],[-91.07682458007156,47.68432560384421],[-91.08164,47.68429],[-91.08161,47.68785],[-91.08697,47.6878],[-91.0870491835356,47.684046700412566],[-91.0903351282,47.6849100038]]]},"properties":{"flat_pct":90}},{"type":"Feature","geometry":{"type":"Polygon","coordinates":[[[-90.7382462132,47.6861572813],[-90.7379849973,47.6888725523],[-90.7390852088,47.6918564698],[-90.73766473770183,47.695600008154926],[-90.73635,47.69582],[-90.7368491227,47.6964455425],[-90.7344358510069,47.696892595503606],[-90.73445,47.69519],[-90.72378,47.69519],[-90.72381982173974,47.69278852786194],[-90.7322572123,47.6912727982],[-90.7323163247,47.685291402],[-90.7335876378,47.6833793766],[-90.7369210506,47.6833718185],[-90.7382462132,47.6861572813]]]},"properties":{"flat_pct":96}},{"type":"Feature","geometry":{"type":"Polygon","coordinates":[[[-90.8703071338,47.69743565],[-90.8684652459,47.7004727985],[-90.8621830291,47.7007098676],[-90.8539428874,47.6982470337],[-90.8421450989,47.6974734161],[-90.8335693922,47.6942334088],[-90.8308512742,47.6916252408],[-90.8291028904,47.6926240795],[-90.8192808387,47.6932798583],[-90.7984018068,47.6920565564],[-90.7938974027,47.6943904785],[-90.783127003,47.6954225615],[-90.7725158044,47.6911026367],[-90.7703621358,47.6885024214],[-90.7700667053,47.6867506022],[-90.770876063,47.6833861612],[-90.7731216625,47.6821459177],[-90.7756948537,47.68331998],[-90.7761948187,47.6861980521],[-90.7839269131,47.689391198],[-90.7924385839,47.688553463],[-90.7969534291,47.6860046279],[-90.8195122888,47.6872426696],[-90.8307685429,47.6853759306],[-90.8341138983,47.6864308441],[-90.8365779064,47.6889642491],[-90.8439514435,47.6916936532],[-90.8549948195,47.6923095596],[-90.8631960297,47.694787283],[-90.8637868043,47.6928242688],[-90.8657604577,47.6916509103],[-90.872551816,47.6913812402],[-90.8751761665,47.6928189847],[-90.8763986361,47.6957395492],[-90.8753722341,47.6980905957],[-90.8729037079,47.6987886643],[-90.8703071338,47.69743565]]]},"properties":{"flat_pct":97}},{"type":"Feature","geometry":{"type":"Polygon","coordinates":[[[-90.7084996783,47.6912574519],[-90.7105565133,47.6902369091],[-90.7127325481,47.6909696783],[-90.71309,47.69529],[-90.70794959612113,47.69533813112246],[-90.7084996783,47.6912574519]]]},"properties":{"flat_pct":71}},{"type":"Feature","geometry":{"type":"Polygon","coordinates":[[[-91.3501421464,47.6595571417],[-91.3546665847,47.657468124],[-91.3599601698,47.6531427674],[-91.3598361818,47.6497140227],[-91.3550624639,47.6486234868],[-91.3531881432,47.646725874],[-91.35339,47.64262],[-91.3516860868,47.6407610078],[-91.3524279208,47.6385880466],[-91.3553663041,47.6376495571],[-91.3612245476,47.6402538306],[-91.36157586979968,47.64277347454259],[-91.35746,47.64275],[-91.35746,47.64628],[-91.3627,47.64634],[-91.36271399445452,47.643848987095076],[-91.3636009401,47.6436270148],[-91.3773252672,47.6442733031],[-91.3791201315,47.6403981631],[-91.3782040205,47.6377115266],[-91.36745345506536,47.63563294406937],[-91.37875,47.63564],[-91.37861,47.63205],[-91.36801,47.63199],[-91.36815877129253,47.62956232299926],[-91.3734311935,47.631233465],[-91.3800024472,47.6318548157],[-91.3769819366,47.6303614577],[-91.3759767852,47.6286077523],[-91.37883,47.6284],[-91.37902085307492,47.62508279179313],[-91.38418986557642,47.627050491234286],[-91.38412,47.6284],[-91.38943,47.62842],[-91.38922,47.6321],[-91.38392,47.63208],[-91.38411,47.63565],[-91.38632545541431,47.635658439830145],[-91.3845463279,47.6432585016],[-91.3855296401,47.6458526215],[-91.3851994014,47.6478596989],[-91.3874128813,47.6523327632],[-91.3927026964,47.6528751604],[-91.3958389177,47.6561385578],[-91.3964367445,47.6580397736],[-91.4027245609,47.655271592],[-91.4061738078,47.6552340967],[-91.4071602722,47.6532082178],[-91.410302595,47.6515804037],[-91.413534782,47.6477136536],[-91.408900806,47.6454533506],[-91.4025289724,47.6471899998],[-91.3980848862,47.6466733496],[-91.396322365,47.6452017529],[-91.3960427017,47.6431998537],[-91.397334455,47.6413015779],[-91.4020374278,47.6411201358],[-91.40579,47.63925],[-91.40568436252632,47.63246039146417],[-91.412243362,47.6388968597],[-91.4131630203,47.6411764322],[-91.4180910426,47.6430040921],[-91.4206908914,47.642778369],[-91.4221176236,47.6438364002],[-91.42495052,47.6434262271],[-91.4288630117,47.6457665352],[-91.4299599533,47.6477032703],[-91.4395780771,47.6494249997],[-91.4412289521,47.6524968532],[-91.4429243607,47.6510408275],[-91.4471637315,47.6499604386],[-91.4509926079,47.651348916],[-91.4531210684,47.6499322839],[-91.4581834005,47.6501774692],[-91.459550403,47.652022295],[-91.4591255961,47.6544233879],[-91.46044582543487,47.65767588994202],[-91.45674,47.65817],[-91.45526,47.65898],[-91.45546729612104,47.66001026047144],[-91.446524627,47.6562808349],[-91.4427340288,47.6585092255],[-91.436566456,47.6574757093],[-91.4346640163,47.6596190744],[-91.4324190222,47.6601008207],[-91.4300267739,47.6577794319],[-91.4311728465,47.6540778547],[-91.4188412607,47.6526097322],[-91.4113,47.65342],[-91.41121,47.65698],[-91.4133563659,47.6572798044],[-91.4123418465,47.6593376143],[-91.409955679,47.6608930803],[-91.4041178817,47.6611696626],[-91.401143579,47.6623988091],[-91.4020498858,47.6651438185],[-91.4011636703,47.6676196416],[-91.403596847,47.6698967434],[-91.406400854,47.6772369435],[-91.4051706514,47.6858600763],[-91.4075478868,47.6888164204],[-91.4060185644,47.6921742098],[-91.4067734131,47.6976684575],[-91.4091492562,47.6954841016],[-91.4111444122,47.695159811],[-91.4130710562,47.6964088588],[-91.414203385,47.6992346999],[-91.4133132974,47.7016989779],[-91.4081439248,47.7035147412],[-91.4077273261,47.7060619974],[-91.4052060345,47.7076286283],[-91.4062436985,47.7106443438],[-91.4043057245,47.7162455735],[-91.4104737288,47.7175324725],[-91.419265426,47.7234428237],[-91.4255489822,47.7249335608],[-91.4351345236,47.7226618118],[-91.435804181,47.7203676641],[-91.4347522662,47.7181065844],[-91.4351612358,47.7131094989],[-91.4360842387,47.7104910572],[-91.4412345991,47.7034190024],[-91.4372916244,47.7000512466],[-91.4374958299,47.6957789316],[-91.4360654447,47.691690661],[-91.4368247418,47.6894254091],[-91.43623706128885,47.68912999607991],[-91.43825,47.68911],[-91.43820255244765,47.68278049651636],[-91.439494149,47.6823518027],[-91.4427741795,47.6827979216],[-91.4444649648,47.6847272132],[-91.44402677066391,47.68878],[-91.4423993205,47.691825894],[-91.4430597857,47.6935317311],[-91.44395461704879,47.69272075770983],[-91.4483546218,47.6927295175],[-91.44889,47.69633],[-91.45418230974208,47.696483647702195],[-91.45502348016376,47.69696870970405],[-91.45461,47.69982],[-91.45664521417976,47.69956513897809],[-91.4565267439,47.7023871917],[-91.4544358903,47.7038735469],[-91.4524428083,47.7035367439],[-91.4499897163,47.7010461182],[-91.4484320393,47.7008137375],[-91.4485308729,47.7029340897],[-91.4463938199,47.7065421828],[-91.4578933148,47.7078565288],[-91.4621335475,47.7074586403],[-91.4701252704,47.7102648253],[-91.4739374575,47.7104330275],[-91.4758772092,47.7088533175],[-91.4801536235,47.7027164907],[-91.4829961248,47.7002384332],[-91.4857742106,47.699379446],[-91.4868501554,47.6968952401],[-91.4857871454,47.6946578572],[-91.4800650989,47.6933785429],[-91.4781241552,47.6915926964],[-91.4679676715,47.6903998473],[-91.4643552596,47.6829335733],[-91.4652472518,47.6789235094],[-91.4619305284,47.6782611148],[-91.4620013663,47.6820823629],[-91.4604058215,47.6840911331],[-91.4568896118,47.6834499267],[-91.4561481311,47.6799470858],[-91.4543143447,47.6772839082],[-91.4551892181,47.6745102876],[-91.4503980955,47.6729109306],[-91.449085065,47.6701197285],[-91.451490861,47.6674764311],[-91.4589130238,47.6686291351],[-91.4609998532,47.6711893609],[-91.4673699893,47.6729675509],[-91.4711101949,47.6752305049],[-91.4724477936,47.6787750381],[-91.4709268275,47.6814906846],[-91.4727123406,47.6852237637],[-91.4803225692,47.6857811835],[-91.482877565,47.6879094711],[-91.4898357098,47.6897724414],[-91.4928614196,47.6956872653],[-91.4926032834,47.6992353258],[-91.4904163992,47.703823972],[-91.4845076351,47.7069698445],[-91.4808188401,47.7125111248],[-91.4765276457,47.7167892401],[-91.4689804063,47.7162124191],[-91.4611464445,47.7134118441],[-91.4580348243,47.7139429756],[-91.4427475346,47.7118303375],[-91.4409783681,47.7146282229],[-91.4408193541,47.7170378965],[-91.4425952124,47.7200524987],[-91.4414752319,47.7228421619],[-91.4440621279,47.7287828955],[-91.4490989083,47.7327123532],[-91.454857177,47.7312400086],[-91.4635280545,47.7322608858],[-91.4659899564,47.734710942],[-91.4662620327,47.7386852699],[-91.47170103627319,47.738328708692826],[-91.46953,47.74034],[-91.47212,47.74038],[-91.47727,47.73835],[-91.47669,47.7401],[-91.47385,47.74175],[-91.47447,47.74256],[-91.47714,47.74238],[-91.47923,47.74124],[-91.47860996449326,47.73787578459501],[-91.4873209165,47.7373047264],[-91.4881376652,47.7358051932],[-91.4880076682,47.7263456396],[-91.4888228851,47.7244959819],[-91.4922842783,47.7238515271],[-91.4990388612,47.7201869397],[-91.5016891485,47.7211747215],[-91.5023402587,47.723927137],[-91.5011952638,47.7255929096],[-91.4943532778,47.7295892269],[-91.4940884113,47.7369658674],[-91.507988595,47.7367881552],[-91.5074130583,47.7323823222],[-91.5042706339,47.729998504],[-91.5034085123,47.723664165],[-91.5049625562,47.7185938231],[-91.5078571442,47.716508698],[-91.5086869976,47.7118745546],[-91.5172823189,47.7075507698],[-91.5192985623,47.7076942074],[-91.5207000345,47.7089065374],[-91.5301573288,47.7066741651],[-91.5217363242,47.7040296057],[-91.5201606369,47.7025828838],[-91.5131016512,47.7022691029],[-91.51124380305293,47.70098580841331],[-91.51505,47.69916],[-91.5114723914,47.6973874379],[-91.5135201574,47.6963488176],[-91.5171180629,47.696723351],[-91.51721747964456,47.69384038046181],[-91.51956,47.69579],[-91.5241611196452,47.69532515048046],[-91.5248237751,47.6961259434],[-91.5265485674,47.6958748242],[-91.5276607844,47.6942346252],[-91.52552,47.69287],[-91.52671,47.69189],[-91.52543,47.69022],[-91.52317,47.69021],[-91.52324,47.68661],[-91.51795,47.6866],[-91.51804,47.68299],[-91.51276,47.68298],[-91.51262181833329,47.6881171066686],[-91.5099611546,47.6843017584],[-91.5078000951,47.6841631301],[-91.503955807,47.6820953801],[-91.5034151538,47.6801942262],[-91.5043337235,47.6765668607],[-91.5032748507,47.6741094694],[-91.5044069315,47.6702297681],[-91.5033457366,47.667354563],[-91.5049323446,47.6641517763],[-91.5066487147,47.6631956369],[-91.51185606,47.6632245271],[-91.5109517287,47.6598217262],[-91.5139470248,47.6571521629],[-91.5194992593,47.6573712617],[-91.5257001009,47.656060544],[-91.5297150149,47.6531166485],[-91.530490303,47.6501372169],[-91.53517133890283,47.64693120350235],[-91.54140853669026,47.64690172714229],[-91.54257405033906,47.650540467047215],[-91.53872,47.65057],[-91.53881,47.65423],[-91.54267457,47.6547840834],[-91.54387230559266,47.65783635621348],[-91.53872,47.65787],[-91.53732,47.6585],[-91.53806552939976,47.659162353001214],[-91.533463132,47.6579718486],[-91.5315603453,47.6592591576],[-91.531569671327,47.661310875982],[-91.52892,47.66124],[-91.52878,47.66491],[-91.5388,47.66514],[-91.53873116194318,47.66357393420735],[-91.5411958375,47.6651212698],[-91.5438780783,47.670267362],[-91.5421300371,47.680373434],[-91.5409057033,47.6820063515],[-91.54482503713638,47.68160838890062],[-91.54487,47.68329],[-91.54991449594996,47.68318647489655],[-91.5503426491,47.6843658254],[-91.5491277473,47.6872011159],[-91.5430471073,47.6883953477],[-91.5419532812,47.6903642055],[-91.5446369159,47.6922495496],[-91.54519,47.69769],[-91.55578,47.69749],[-91.55574,47.69388],[-91.5546021838,47.6935660304],[-91.5637654891,47.692283158],[-91.5681630148,47.6882962359],[-91.57124068914128,47.68771544814634],[-91.57487,47.68959],[-91.57589,47.68793],[-91.57667,47.68807],[-91.5761,47.68646],[-91.57452,47.68599],[-91.57513,47.68434],[-91.57317494992223,47.68443699393467],[-91.57354,47.68357],[-91.57223,47.68376],[-91.5714887855954,47.685161473894034],[-91.569810818,47.6849036126],[-91.5659970575,47.6799026235],[-91.5619721175,47.6786056333],[-91.5597057435,47.6803325408],[-91.5561930695,47.6799601117],[-91.55838,47.67942],[-91.55450624331735,47.6781567648806],[-91.5543850455,47.6760084608],[-91.555636882,47.6743954411],[-91.5533358648,47.6727078036],[-91.5497669164,47.6717801314],[-91.5485821954,47.6695047507],[-91.5500656436,47.6668002655],[-91.5572243366,47.6664584074],[-91.5590790669,47.6636684176],[-91.5640745366,47.6626842362],[-91.5650359845,47.6608265474],[-91.567648138,47.6594568463],[-91.5668995832,47.6506519987],[-91.5698542675,47.6478588385],[-91.5718063116,47.643674527],[-91.574543927,47.6429637547],[-91.5763998484,47.6443156547],[-91.5772528444,47.6473703735],[-91.5762319364,47.6501317924],[-91.5727855442,47.6530940669],[-91.5749435286,47.6601769427],[-91.5718955388,47.6637740909],[-91.5743204768,47.6642215156],[-91.5794578233,47.6605785206],[-91.5822485426,47.6600687437],[-91.5874905665,47.6642408935],[-91.5879871126,47.6673247447],[-91.5842512636,47.6714611575],[-91.5813448504,47.6704279],[-91.5806794356,47.6671799654],[-91.57674218178876,47.66979019321767],[-91.57669,47.66851],[-91.5626599481,47.6690079855],[-91.5613576867,47.6713925673],[-91.568863233,47.6744913964],[-91.5724134939,47.6775915282],[-91.57702598261474,47.67817595705831],[-91.57704,47.67942],[-91.58242,47.6795],[-91.5823909698215,47.67854596277019],[-91.5847156567,47.6780787308],[-91.5938567508,47.6726872427],[-91.5965627774,47.6735101377],[-91.597381953,47.6762172925],[-91.5942566274,47.6795233157],[-91.5871148146,47.6836049661],[-91.58061,47.68296],[-91.58026,47.68383],[-91.5814,47.68475],[-91.57945,47.68446],[-91.57929,47.68505],[-91.58425,47.68625],[-91.58662,47.6862],[-91.58498,47.68488],[-91.58554588975454,47.684259093185986],[-91.5904562064,47.6846331716],[-91.59326632485293,47.687489327191045],[-91.59335,47.69051],[-91.5810947222,47.6901187862],[-91.5785161584,47.6921726622],[-91.5711676543,47.6938296356],[-91.5664514556,47.6977214285],[-91.5619620979,47.6991110986],[-91.5627724168,47.7047731918],[-91.5601207609,47.7083652078],[-91.5635008822,47.7098312074],[-91.5739254094,47.7061327397],[-91.579120905,47.7076332027],[-91.584719118,47.7057911045],[-91.5930722971,47.7060595344],[-91.599812058,47.7048808655],[-91.608315725,47.7063584335],[-91.6169240862,47.7053925468],[-91.6234959029,47.706663428],[-91.6271700893,47.709255143],[-91.62934096785081,47.708376297957386],[-91.62923,47.71077],[-91.6314,47.71031],[-91.63138,47.71248],[-91.6344212263,47.7124990451],[-91.6327970554,47.7141220505],[-91.6275930191,47.7153467732],[-91.6242959574,47.7202038966],[-91.6238824617,47.7227167294],[-91.6266197142,47.7247445136],[-91.641839892,47.7313276601],[-91.6432490131,47.73461236],[-91.6421471991,47.7363070039],[-91.6399270872,47.7368928204],[-91.6298486757,47.7324220362],[-91.6275584794,47.732394107],[-91.627430658,47.7360204147],[-91.624860854,47.738410821],[-91.62207792233569,47.73785096692974],[-91.62499,47.73641],[-91.62403,47.73554],[-91.61923,47.73504],[-91.6138239134,47.7375844049],[-91.6085890032,47.7377740264],[-91.6086842214,47.7458292286],[-91.6040526382,47.7530087299],[-91.5998070403,47.7559564582],[-91.6000432177,47.7619499704],[-91.5989663275,47.7654132463],[-91.60238,47.76573],[-91.59694,47.76612],[-91.60175,47.76712],[-91.6005,47.77112],[-91.60129,47.77159],[-91.60555,47.76881],[-91.60692,47.76955],[-91.60639,47.77037],[-91.61168,47.76855],[-91.6125602299,47.7688927539],[-91.6124367934,47.771468805],[-91.6096120578,47.7732387107],[-91.6069069933,47.7718227716],[-91.6033905432,47.7727198554],[-91.6003661027,47.7712642836],[-91.5946509065,47.7714357748],[-91.5901502728,47.7734579681],[-91.5892436128,47.7786802779],[-91.5858020087,47.781388695],[-91.5846102992,47.7838826384],[-91.58652662924123,47.79271407780575],[-91.58401,47.79249],[-91.58118765189724,47.794923402732955],[-91.5784617378,47.7831779031],[-91.5805537242,47.7780442926],[-91.5828905328,47.7761242969],[-91.582861272,47.7730441536],[-91.5742713234,47.7711510344],[-91.5727000609,47.7686684442],[-91.5721294069,47.7594575],[-91.5680128845,47.7590733817],[-91.5660535039,47.756390277],[-91.5594322618,47.7581768364],[-91.5533613694,47.7654344267],[-91.5527214738,47.7682126411],[-91.5497828041,47.7691502332],[-91.5469688634,47.7666323031],[-91.5477742999,47.7627133168],[-91.5418682765,47.7603048849],[-91.5359690521,47.7595345222],[-91.5326308062,47.760117898],[-91.5303761347,47.7587517596],[-91.5290963726,47.7543343594],[-91.5306384364,47.7521023776],[-91.5342664638,47.7511338614],[-91.5341536077,47.7456537926],[-91.5223555774,47.7444876688],[-91.5195397688,47.7499334903],[-91.5111635272,47.7613360327],[-91.5150824882,47.7623027502],[-91.5265201315,47.7687878863],[-91.528574762,47.7716009804],[-91.5276931268,47.774288443],[-91.5241467264,47.7747333245],[-91.51267025049029,47.76789046398849],[-91.51266,47.76603],[-91.50182,47.76603],[-91.50173198604753,47.76182293307189],[-91.5030687661,47.7590711994],[-91.5078447018,47.7552174739],[-91.5001088814,47.7550846661],[-91.4975951864,47.7528561913],[-91.4973299473,47.7503046096],[-91.4999966065,47.7483044529],[-91.5045513221,47.7496498075],[-91.5128083201,47.7487155207],[-91.5160350666,47.7436608819],[-91.5100068478,47.7427628425],[-91.4983938687,47.742911313],[-91.4978390314,47.7456731799],[-91.49552,47.74677],[-91.4926283923,47.7461065685],[-91.4907759479,47.7430911064],[-91.4633574537,47.7448376522],[-91.4629891452,47.7474822819],[-91.4674923072,47.7486226544],[-91.4693442631,47.7521621211],[-91.4683680197,47.7557108948],[-91.4659530367,47.7582521878],[-91.4668315447,47.7600329864],[-91.4664968737,47.7620369601],[-91.4618956052,47.7665663619],[-91.4600116686,47.7672988882],[-91.4576636381,47.7662656052],[-91.4569728019,47.7637950453],[-91.4599308895,47.7598545673],[-91.4598453855,47.7568117511],[-91.4619965365,47.7534031516],[-91.4568129791,47.752335867],[-91.4551761417,47.7510917704],[-91.4547778336,47.748791072],[-91.4568544863,47.7448136855],[-91.4287627681,47.7442390633],[-91.4206271662,47.7449673595],[-91.4131863329,47.7500567728],[-91.40112548,47.7525876173],[-91.4046128051,47.7544172011],[-91.4062010951,47.7592275288],[-91.4131415495,47.7582524634],[-91.4173924498,47.7596405591],[-91.4248242169,47.7597541913],[-91.4272907387,47.76196301],[-91.4301237723,47.7682549357],[-91.432416408,47.7687714133],[-91.4339949864,47.7704671783],[-91.4340253304,47.7737358477],[-91.4325779898,47.7755183413],[-91.4300164417,47.7756575971],[-91.4257684966,47.7727310921],[-91.422320664,47.7654740028],[-91.416386067,47.7655898958],[-91.4125844808,47.764282553],[-91.4041068577,47.7650001259],[-91.3999775584,47.7616283344],[-91.3998516092,47.7585200592],[-91.3931894087,47.7566424694],[-91.3885621376,47.7605970135],[-91.3871547006,47.7634666914],[-91.3885840888,47.7667234408],[-91.3876741978,47.7708121793],[-91.3862822952,47.7722779279],[-91.3839926361,47.7724497981],[-91.3821429769,47.7710031499],[-91.3815852946,47.7661187821],[-91.37892239000733,47.766866558529564],[-91.3789,47.76525],[-91.37355,47.76526],[-91.37355,47.76837519185762],[-91.3312445179,47.7814982254],[-91.3293370945,47.7847554514],[-91.3243140343,47.7884988163],[-91.3234399542506,47.79225291022827],[-91.32156,47.79249],[-91.31995,47.79036],[-91.31995,47.78433360985293],[-91.3227035975,47.7820015254],[-91.31919106224964,47.77800271876391],[-91.32178,47.77687],[-91.31996,47.77493],[-91.316288129011,47.773475438426566],[-91.3162270912,47.7724902268],[-91.3181663945,47.7691209927],[-91.32001,47.76895],[-91.3200236659319,47.767971519275534],[-91.3227972743,47.7664562081],[-91.3235071306,47.7631685601],[-91.3181340247,47.7608990713],[-91.3167003383,47.758756549],[-91.3163645194,47.7560838923],[-91.3074021912,47.751461572],[-91.30373461704302,47.74730033811238],[-91.30925,47.74729],[-91.30918,47.74362],[-91.2970552998,47.7432069672],[-91.2911040169,47.7449599039],[-91.2768553394,47.7434786221],[-91.2626638578,47.7480722729],[-91.2591166723,47.7471145993],[-91.2564136625,47.7479798331],[-91.2539785923,47.745363479],[-91.25390185102668,47.74178720272629],[-91.2548,47.74051],[-91.25398699991285,47.73978810231333],[-91.25485,47.73794],[-91.25734,47.73796],[-91.25731,47.73434],[-91.25556378287682,47.734333435273975],[-91.2554604949,47.7335938804],[-91.25199,47.73432],[-91.25177440842667,47.73607954979161],[-91.24472097469821,47.740712375580294],[-91.24213,47.74077],[-91.23734,47.74272],[-91.23893,47.74268],[-91.23942,47.74454],[-91.23836,47.74442],[-91.23936,47.74503],[-91.23893,47.74565],[-91.24028327544106,47.74565],[-91.2406487581,47.7488808823],[-91.2477836728,47.7547273444],[-91.2481354766,47.7572849348],[-91.2467738798,47.7600669806],[-91.2505457302,47.7607568627],[-91.2521137411,47.7630216011],[-91.2548240933,47.7644209201],[-91.2601098817,47.7626109937],[-91.2620910317,47.7630120629],[-91.2635358696,47.7657373706],[-91.2615410781,47.7684080457],[-91.2553612231,47.7705427603],[-91.251656557,47.7703457362],[-91.24718204898181,47.766918516811565],[-91.2450828549,47.7673368233],[-91.24332531429052,47.76634720234797],[-91.24672,47.76447],[-91.24617,47.76376],[-91.2415,47.76309],[-91.23759,47.76362],[-91.23654417315308,47.76460412945511],[-91.23583,47.75941],[-91.24123,47.75945],[-91.24129,47.75585],[-91.23982094223969,47.75583909790159],[-91.2357250896,47.7525099459],[-91.2339495187,47.7479553355],[-91.2342538838,47.745531001],[-91.2232811841,47.7479125484],[-91.2076000821,47.7556970626],[-91.1783725245,47.7658878815],[-91.17182996555903,47.766483124561624],[-91.17174,47.76345],[-91.16638,47.76349],[-91.1665681091,47.7583998869],[-91.1681621066,47.7563898886],[-91.1712365018,47.7566407929],[-91.17161,47.75974],[-91.1732658867904,47.76035841339152],[-91.1766315233,47.7601280508],[-91.18706515757535,47.756091187731386],[-91.1877,47.75609],[-91.18764,47.75974],[-91.19298,47.75974],[-91.19307642828915,47.75387394574411],[-91.20937125304764,47.74812729765454],[-91.21473,47.74854],[-91.21474704573585,47.745454721810376],[-91.221404125,47.7421907069],[-91.2348926662,47.7392526611],[-91.2542402347,47.7271800119],[-91.2341596583,47.7267357924],[-91.21450354156951,47.721165016320306],[-91.21454,47.71504],[-91.20925,47.71527],[-91.2091824524286,47.719988680345175],[-91.2056114257,47.7180719406],[-91.202709719,47.7220873369],[-91.1999645771,47.7227684623],[-91.1974573135,47.7211429592],[-91.1969027763,47.718917752],[-91.20095734788262,47.71402570221549],[-91.1932458254,47.7131885821],[-91.1873904887,47.711162786],[-91.1810750183,47.7137526879],[-91.17832944411705,47.71642314498784],[-91.1709,47.71651],[-91.1714542679,47.7259663165],[-91.1694526343,47.7262478746],[-91.1674770971,47.7250627057],[-91.163108496,47.7274015352],[-91.1597184472,47.7272282328],[-91.15547622979764,47.72927298564995],[-91.15546,47.72732],[-91.15014,47.72735],[-91.14982,47.72893],[-91.14867,47.72833],[-91.1487,47.72645],[-91.14781,47.72569],[-91.14896,47.72573],[-91.14908,47.72464],[-91.1470220973618,47.72461771437592],[-91.1516073388,47.7246386299],[-91.1558776993,47.7220188625],[-91.1616497693,47.7214283879],[-91.1633780749,47.7204729363],[-91.1625507479,47.7168209475],[-91.140377563,47.7113739132],[-91.14040930403797,47.721892488073614],[-91.13728,47.72052],[-91.13598,47.72127],[-91.13488,47.71968],[-91.13389293145921,47.720976979698094],[-91.1333002291,47.7191529281],[-91.1344526597,47.7158236168],[-91.1343070462,47.7112207359],[-91.1321864839,47.706363691],[-91.1254340973,47.7061926685],[-91.1205768552,47.7036792063],[-91.1195008351,47.7019680685],[-91.119900514,47.6997070212],[-91.1220721605,47.698341418],[-91.1247762361775,47.699146309544055],[-91.12408,47.69917],[-91.12411,47.70284],[-91.12941,47.70261],[-91.12938532166268,47.70037661047268],[-91.1334072215,47.7004445465],[-91.1403119596,47.7029266052],[-91.1432350804,47.7060701334],[-91.1624136495,47.7101362072],[-91.1683435903,47.7129831022],[-91.1710972952,47.7129559051],[-91.17485620319154,47.711393951074655],[-91.1750652734,47.7089192163],[-91.1771581662,47.7074357337],[-91.19521599269586,47.70663882485522],[-91.19703765620034,47.70735953699058],[-91.19717846398046,47.70660847736113],[-91.2029,47.70652],[-91.2031,47.70302],[-91.2007793188305,47.703032845098726],[-91.2010101114,47.699870241],[-91.2054136924,47.6960985657],[-91.1975121175,47.6902429579],[-91.1925836075485,47.68904885898967],[-91.19235,47.6852],[-91.20074759443482,47.685137184894366],[-91.2111275735,47.6930964159],[-91.2115744842,47.6981511561],[-91.2102720471,47.7001021863],[-91.2068292795,47.7023066748],[-91.2063493057,47.7067391022],[-91.2038756934,47.7087673223],[-91.2062970913,47.7100413338],[-91.2084488586,47.7127844915],[-91.2111619974,47.7142934426],[-91.2255603244,47.7174391324],[-91.2350840571,47.7207709011],[-91.2578003872,47.721254433],[-91.2603934206,47.7200280119],[-91.2658836868,47.7135845107],[-91.2701828964,47.7041373206],[-91.2707164819,47.7000251549],[-91.2675592739,47.6958491758],[-91.2665970773,47.6928096619],[-91.2620896239,47.6900797179],[-91.2609576377,47.6883134439],[-91.2613142334,47.6830117299],[-91.2603968296,47.6799896779],[-91.262644684,47.6756667207],[-91.2588610158,47.6658480609],[-91.2606786344,47.6625211881],[-91.2548752937,47.6618270363],[-91.25122702684561,47.65828483252299],[-91.2479313622,47.6578172857],[-91.2448215794,47.6506040531],[-91.244982252,47.6483240778],[-91.2431372674,47.6458750459],[-91.2428212876,47.6420021137],[-91.2435749592,47.6401000775],[-91.2459765934,47.6376785005],[-91.2527994502,47.6348039691],[-91.2524646076,47.6318869845],[-91.2535701773,47.629847244],[-91.255183199,47.6290241613],[-91.2524103269,47.6257272494],[-91.2471457811,47.6243164764],[-91.2485927034,47.6263113357],[-91.2492650396,47.6308366039],[-91.24577,47.6338431384],[-91.2458975229,47.6368927719],[-91.243516504,47.6389080271],[-91.241006192,47.6383795817],[-91.2392425188,47.6354117889],[-91.2391547679,47.6313666691],[-91.2423232008,47.6279190992],[-91.2401641375029,47.624626746605735],[-91.2380080227,47.6232073184],[-91.2350615612,47.6235290093],[-91.2269801212,47.628617809],[-91.228874416,47.6317970437],[-91.227452911,47.6345345941],[-91.2110080015,47.6405435704],[-91.2048696364,47.6443395965],[-91.2000323057,47.6439063794],[-91.1948819385,47.6410191774],[-91.1867819391,47.6420575125],[-91.1848419312,47.6439174374],[-91.1819451078,47.6432678297],[-91.1783802036,47.6448817722],[-91.17332384962072,47.64400846752669],[-91.17424,47.6428],[-91.17196,47.64226],[-91.17113,47.64291],[-91.17106962776445,47.63512868964002],[-91.1767526007,47.6303866878],[-91.17705663896382,47.62800491850214],[-91.18104,47.62809],[-91.1812,47.63177],[-91.18360649908556,47.6317182473315],[-91.1823127837,47.633998577],[-91.177998245,47.6365642202],[-91.1763049315,47.6387654503],[-91.1830678263,47.6360812538],[-91.1906235159974,47.6357657297286],[-91.19235,47.63721],[-91.19883,47.6387],[-91.20138,47.63828],[-91.2012818134537,47.63758568085117],[-91.2026353496,47.638239444],[-91.2045659754,47.6358075255],[-91.2069245815,47.6359263356],[-91.2164640131,47.6317969234],[-91.2199297801,47.6313186833],[-91.2201718987,47.6278876781],[-91.222689831,47.6243531902],[-91.2185584338,47.6195054878],[-91.2127082666,47.6197356142],[-91.2079093829,47.618208726],[-91.2036052138,47.6143010535],[-91.200777235,47.6147679091],[-91.1983532182,47.6123120373],[-91.1997061204,47.6090037852],[-91.2051379501,47.6083199444],[-91.2107531136,47.6128290795],[-91.21313087121322,47.6135505768615],[-91.21307,47.61695],[-91.21841,47.61696],[-91.21849051006129,47.61209585046451],[-91.2196683312,47.6102524669],[-91.21283620999101,47.602449518505054],[-91.22341526160555,47.60249744172868],[-91.2235410616,47.6051755739],[-91.2262299993,47.6102479221],[-91.2232882786,47.6157306169],[-91.2251258907,47.6187756131],[-91.2279855235,47.6206509731],[-91.2326772192,47.6177361846],[-91.2358561497,47.6175402796],[-91.2336463263,47.6149073423],[-91.23448740239196,47.61213354730023],[-91.23447,47.61339],[-91.23976,47.61335],[-91.23982,47.60976],[-91.237084253,47.6097592285],[-91.2396476956,47.6096608275],[-91.2401633544,47.6099436012],[-91.2408092997,47.6105417889],[-91.2413620977,47.6116305983],[-91.24966409855207,47.609441254865395],[-91.24847,47.61165],[-91.24659,47.61212],[-91.24696,47.61299],[-91.24923,47.61305],[-91.24983,47.61194],[-91.25305,47.61191],[-91.25633418549553,47.607043184725285],[-91.26359200039214,47.6074734562896],[-91.2632180723,47.6045671116],[-91.2656789076,47.6027072329],[-91.26665577900977,47.60276587350088],[-91.26659,47.60613],[-91.26992629733529,47.60613],[-91.26977543000083,47.609693290878376],[-91.27182933807055,47.61106137223141],[-91.27178,47.61326],[-91.2775,47.6133],[-91.27742,47.61686],[-91.27514,47.6168],[-91.26761,47.61507],[-91.26429,47.61238],[-91.26223558721867,47.61343862682144],[-91.25578269155699,47.613780361142894],[-91.25503,47.61246],[-91.24888,47.61504],[-91.24897743605135,47.615671014427825],[-91.2450408739,47.6164013042],[-91.2428003852,47.6182667159],[-91.25047760644703,47.618683096037415],[-91.2577241035,47.6209735973],[-91.2597339261,47.6233049338],[-91.2645803889,47.6222874534],[-91.26607178230913,47.62302392945822],[-91.2648,47.62336],[-91.26927,47.62621],[-91.27213348048711,47.63005851777467],[-91.2708201975,47.63166631],[-91.2688343908,47.6320436478],[-91.2658544021,47.6291382921],[-91.26267433540342,47.628609395198716],[-91.2663519353,47.6306260246],[-91.2673555891,47.6351820442],[-91.2718596622,47.6375353501],[-91.2722163291,47.63980358],[-91.2708646499,47.6416596622],[-91.2678761298,47.6420284603],[-91.2634476238,47.6405860877],[-91.261984512,47.6391351959],[-91.2615348263,47.6368836977],[-91.248900917,47.6431368827],[-91.2510566938,47.6463244109],[-91.2509495816,47.6491317792],[-91.2520500234,47.6515610635],[-91.2573958823,47.6561500497],[-91.2632317688,47.6568136098],[-91.2677681384,47.6601040226],[-91.2680161183,47.6629348257],[-91.2654499819,47.6661709773],[-91.2673344802,47.6665649656],[-91.2701420738,47.6628585006],[-91.2744152665,47.6617302073],[-91.2855724147,47.6637924278],[-91.2887395372,47.6663952026],[-91.2887496564,47.6684165164],[-91.2872162257,47.6701255127],[-91.2826684206,47.6693720022],[-91.2821108938,47.6714717994],[-91.2793174687,47.6736544196],[-91.2728952968,47.674348329],[-91.2712521613,47.6761072622],[-91.2688633604,47.6760930606],[-91.2669315187,47.6808394081],[-91.2670528776,47.6860817596],[-91.2712173907,47.6888145462],[-91.2768101898,47.69870289],[-91.2759403314,47.7059356694],[-91.2724270826,47.7136914807],[-91.315728922,47.6843952512],[-91.3261224238,47.6791106285],[-91.320235238,47.6786282312],[-91.3146533065,47.6747389376],[-91.2978722136,47.6710541404],[-91.2955804751,47.6634479992],[-91.2956594345,47.6584146516],[-91.2868992709,47.6539781919],[-91.2849307501,47.6500249854],[-91.2803709155,47.6483868144],[-91.2781229472,47.6462031117],[-91.2777486996,47.6431412826],[-91.2802725727,47.6413678895],[-91.2853279014,47.6437034126],[-91.2882735346,47.6435719999],[-91.2906532713,47.6458896755],[-91.2931013428,47.6411168468],[-91.2919909171,47.6383568021],[-91.2886837975,47.6351046298],[-91.28868326489348,47.631532881165285],[-91.29335,47.63165],[-91.29350679686455,47.62914125016735],[-91.2950379928,47.633173591],[-91.2980529261,47.6356145748],[-91.2991390018,47.6433142756],[-91.2950346466,47.6508137575],[-91.3014283617,47.6550897377],[-91.3020970079,47.6656755124],[-91.3165966707,47.6689711443],[-91.3217963947,47.6726988174],[-91.3278297326,47.6733211192],[-91.3322360596,47.6719038189],[-91.3321142107,47.6673289459],[-91.3283544117,47.6652961087],[-91.3238859611,47.6591490503],[-91.3245414343,47.6569484975],[-91.32675629839518,47.655845380000265],[-91.3269314521,47.6511156816],[-91.32934177097073,47.64589559826915],[-91.3286581678,47.6431188449],[-91.3176234404,47.6429796411],[-91.314385918,47.6403110307],[-91.3131706729,47.6368864611],[-91.3140940843,47.6347842267],[-91.3165272184,47.6339713434],[-91.3183357733,47.6348740843],[-91.3192978441,47.6367143568],[-91.3240036869603,47.637369469559545],[-91.32337,47.63832],[-91.32079,47.63824],[-91.32121,47.63905],[-91.3258,47.63936],[-91.32633,47.64024],[-91.32885,47.63949],[-91.32843,47.636716280978845],[-91.32929177115732,47.636733941693294],[-91.3325494556,47.6312847241],[-91.3332566684,47.6283319284],[-91.33242383077258,47.62424467700688],[-91.3302688351,47.6263124425],[-91.3282722307,47.6266276929],[-91.3258932378,47.6242927216],[-91.32690146968275,47.620481098729805],[-91.3097252589338,47.62079499197419],[-91.31125,47.61859],[-91.30515,47.6182],[-91.30519,47.61026],[-91.30977293686192,47.61031902586574],[-91.3095248254,47.612195332],[-91.31074512339627,47.61487513788329],[-91.3152724266,47.615017552],[-91.3161378993,47.612899515],[-91.32153621806134,47.60853383263924],[-91.32152,47.61048],[-91.32562704380535,47.610476132727115],[-91.3253972358,47.612672515],[-91.32339807201588,47.614638144486754],[-91.33739987568724,47.61510783955774],[-91.33735,47.61768],[-91.34269,47.61769],[-91.34237437949716,47.62149884403429],[-91.3388145107,47.6217967612],[-91.3421925943633,47.62369259005652],[-91.3421,47.62481],[-91.3552262041,47.6261054622],[-91.3595875327,47.625228641],[-91.36304898651947,47.62706552749887],[-91.3627957706884,47.63408415091938],[-91.3587822001,47.6314359498],[-91.3520262833,47.6319653591],[-91.3392256951,47.6291697496],[-91.3383379414,47.6328763502],[-91.344687354,47.6329087637],[-91.3466342162,47.6359061964],[-91.34469105428226,47.63857930037032],[-91.3370221589,47.6394280433],[-91.34541,47.64142],[-91.34472,47.64198],[-91.34561,47.64305],[-91.34407,47.64391],[-91.34466903215821,47.64670604400598],[-91.3356487502,47.6452727523],[-91.3328344487,47.6525199961],[-91.3326422356,47.6608687294],[-91.3360994807,47.6625968715],[-91.3380681917,47.6660189267],[-91.33812794358448,47.66776466395231],[-91.33574,47.66776],[-91.33583,47.67495],[-91.3411,47.67495],[-91.34090049014381,47.668981330135445],[-91.349544201,47.6615010641],[-91.3501421464,47.6595571417]],[[-91.26112,47.61326],[-91.26118,47.6097],[-91.25585,47.6097],[-91.25579,47.61326],[-91.26112,47.61326]],[[-91.3482877753,47.6911555134],[-91.3513585723,47.6940951206],[-91.350575724,47.6986947408],[-91.3486295413,47.6999792379],[-91.3453021351,47.6994942214],[-91.342240939,47.7005789237],[-91.3530556042,47.7038627765],[-91.3613327765,47.7051612388],[-91.3643223224,47.7066197961],[-91.3769628709,47.7087694294],[-91.38218799210694,47.71046418658011],[-91.38188,47.71167],[-91.38778,47.71356],[-91.39636,47.71334],[-91.39556,47.71154],[-91.39655,47.71129],[-91.39508,47.71051],[-91.39587,47.71044],[-91.39543,47.7093],[-91.39067188640087,47.70850689890793],[-91.3916271531,47.7023103661],[-91.3951792499,47.6996308308],[-91.3887397882,47.699926237],[-91.386873092,47.6991508292],[-91.3845506597,47.6920241489],[-91.3819944165,47.6897058737],[-91.3810818213,47.6869485722],[-91.3796404352,47.6862649147],[-91.381264191,47.6899975781],[-91.3786855819,47.6928771025],[-91.3720982904,47.6951670645],[-91.3661508958,47.6939834665],[-91.3652600495,47.6918672268],[-91.3661265335,47.6897408958],[-91.36824622368694,47.68885019915464],[-91.3713922327,47.689127486],[-91.3722498612,47.6881136148],[-91.3704620533,47.6844828747],[-91.36820420729029,47.683845579465626],[-91.36816,47.67858],[-91.36288295579944,47.67848117894756],[-91.3647434073,47.6776501279],[-91.3570523415,47.6741332297],[-91.3545253986,47.6713489979],[-91.3542692445,47.6688017866],[-91.3455108334,47.6736353591],[-91.3517515396,47.676323613],[-91.3613639308,47.678971424],[-91.36282024795689,47.67851825620649],[-91.36286289338116,47.685097835951645],[-91.3498548243,47.6820372167],[-91.3455409429,47.6797040983],[-91.3420210164,47.6790630425],[-91.3405751354,47.6776752368],[-91.3393882235095,47.67883163409074],[-91.3385413949,47.68611728],[-91.3400581485,47.6880481659],[-91.3403570622,47.6902530273],[-91.3456987906,47.6880679821],[-91.3474914276,47.6890019331],[-91.3482877753,47.6911555134]],[[-91.3211829457,47.7109586992],[-91.32027405819687,47.707976093015155],[-91.3138339542,47.7110902695],[-91.3038157791,47.7111240302],[-91.2951571318297,47.714016561546934],[-91.29697,47.71279],[-91.29642,47.71197],[-91.29776,47.71178],[-91.29773,47.71089],[-91.29592,47.71055],[-91.29393,47.71122],[-91.29376,47.71211],[-91.29297,47.7115],[-91.29131,47.71261],[-91.28946,47.71247],[-91.29024,47.71321],[-91.28888,47.71372],[-91.28975,47.71548],[-91.28674193302759,47.716827765833926],[-91.28734,47.71869],[-91.28436,47.71932],[-91.28506,47.72009],[-91.28391,47.72071],[-91.28559,47.72085],[-91.28488,47.72276],[-91.28653,47.72215],[-91.28764,47.72281],[-91.28992,47.72222],[-91.28988935850849,47.72069855263922],[-91.3042326385,47.738687792],[-91.3085812798,47.7396687031],[-91.3153546701,47.73933779],[-91.3211164965,47.7404102336],[-91.3248207764,47.7423430653],[-91.3251208804,47.7451554795],[-91.3229491724,47.7469675005],[-91.3143938018,47.7453341514],[-91.3101331394,47.7455871283],[-91.315210793,47.7492356816],[-91.3200971807,47.7512460582],[-91.322169334,47.7538408192],[-91.3224819109,47.756307093],[-91.327579794,47.7583796567],[-91.3295858726,47.7604245259],[-91.3300278663,47.763193748],[-91.3281064952,47.769832821],[-91.3229615136,47.7732035274],[-91.3266477725,47.7774001078],[-91.3326066089,47.7748497941],[-91.3332408976,47.7732104296],[-91.3308735489,47.7713163624],[-91.3309104654,47.7671820531],[-91.3333686991,47.7647741314],[-91.3347354701,47.7609555404],[-91.3372898337,47.7591446799],[-91.34078,47.7596033766],[-91.34671,47.7581],[-91.34655905207646,47.75447042401102],[-91.3474830874,47.7535225733],[-91.3461779633,47.7513078061],[-91.3468387591,47.7484973803],[-91.3498137834,47.7461447073],[-91.3545508651,47.7446593035],[-91.357564029,47.7382503349],[-91.3599568716,47.7361913342],[-91.372458598,47.7301197521],[-91.3824588474,47.7282688663],[-91.3824546618,47.7269043358],[-91.37028112778721,47.717984073821405],[-91.37319,47.71794],[-91.37298,47.71421],[-91.36779,47.71442],[-91.36787206941116,47.71688208233493],[-91.3643868858,47.7126386639],[-91.341705542,47.7067503804],[-91.33457683844131,47.70322285992672],[-91.3270076739,47.7054563763],[-91.3272120755,47.7097483713],[-91.3258097895,47.7118965135],[-91.3235422808,47.7122577368],[-91.3211829457,47.7109586992]],[[-91.2680621449,47.7310909827],[-91.2715058711,47.7295965249],[-91.2729607867,47.7256519711],[-91.2751645151,47.7232557509],[-91.2783907492,47.7224700618],[-91.2814030476,47.7231926721],[-91.2834231285,47.7222566816],[-91.28066063923394,47.71885929944176],[-91.27028,47.72226],[-91.26953,47.7228],[-91.27037,47.72342],[-91.26766744075609,47.72484799369924],[-91.2617322174,47.7266559562],[-91.2606330515,47.7301215568],[-91.2630936388,47.7338627473],[-91.2667806412,47.7330065491],[-91.2680621449,47.7310909827]],[[-91.3146290949,47.6938255698],[-91.322200373,47.6958208172],[-91.3232720035,47.6974687266],[-91.3233663942,47.7001108547],[-91.3317747978,47.6979164632],[-91.3335062077,47.6963038143],[-91.33441882,47.6912765791],[-91.3324458655,47.6876825794],[-91.3329343842,47.6823886892],[-91.3189337243,47.6894712078],[-91.2889288622,47.7097712537],[-91.3027082079,47.7051872813],[-91.3123429762,47.7051942257],[-91.31648063328777,47.7031562138639],[-91.3163479763,47.7006134561],[-91.3131966532,47.6990569357],[-91.3121955698,47.6973009051],[-91.3126925669,47.6950592379],[-91.3146290949,47.6938255698]],[[-91.31601,47.61759],[-91.31054,47.61771],[-91.31344,47.61812],[-91.31601,47.61759]],[[-91.5334482021,47.6988187727],[-91.5404348501,47.7021549458],[-91.5529230564,47.701872131],[-91.5558278479,47.7029572178],[-91.5561338343,47.7007882631],[-91.543471717,47.7007062455],[-91.5410229691,47.6994955943],[-91.5391131772,47.6966137029],[-91.5372956705,47.6965905204],[-91.5334482021,47.6988187727]],[[-91.52632436736407,47.67942561902169],[-91.5259112649,47.6820090992],[-91.5236537847,47.6837378348],[-91.5258587529,47.684677711],[-91.5270375965,47.6871150399],[-91.5312814943,47.6893626792],[-91.5353235681,47.68981874],[-91.5357889694,47.6888150704],[-91.5307844108,47.6870650751],[-91.5298811523,47.6843848028],[-91.5313457195,47.68227863],[-91.5343987111,47.6818509682],[-91.5376947209,47.6713398856],[-91.5363319451,47.6699696562],[-91.53357962587864,47.669939035504235],[-91.53352,47.66859],[-91.5286425798846,47.66870415399988],[-91.5260710473,47.6673602854],[-91.5249303618,47.665338936],[-91.5253387022,47.6623788972],[-91.5182842983,47.6632891626],[-91.5170343341,47.6675146367],[-91.5137081516,47.6690992413],[-91.5107034274,47.669206868],[-91.5109702888,47.6712155957],[-91.5131517929,47.673331543],[-91.5127477471,47.6758053063],[-91.5164594559,47.6751275637],[-91.5192239171,47.6782071577],[-91.52344309278337,47.67619325479331],[-91.52338,47.67942],[-91.52632436736407,47.67942561902169]],[[-91.5379429247,47.6529331575],[-91.5378405203,47.6528597928],[-91.537781359,47.6528913652],[-91.5379429247,47.6529331575]],[[-91.5860715582,47.734419231],[-91.587716852,47.7382255675],[-91.5946931124,47.7373159051],[-91.5968930729,47.7364123499],[-91.5978477171,47.7334233415],[-91.6002638425,47.731403256],[-91.6127061875,47.7316621019],[-91.618691986,47.7298044403],[-91.6199960004,47.7287070023],[-91.6172870788,47.7269135127],[-91.61652471431476,47.72474498367864],[-91.61778466801165,47.72158689939476],[-91.6192,47.72095],[-91.61836087690614,47.71931367621144],[-91.62053,47.71926],[-91.62054195890194,47.71520593224396],[-91.6221026105,47.7125588671],[-91.6168019987,47.7114607786],[-91.608167016,47.7125165907],[-91.5998237766,47.7109151745],[-91.593506381,47.7120621864],[-91.5855881335,47.7117788604],[-91.5786983806,47.7139780416],[-91.5745147802,47.7121742627],[-91.5670015369,47.7153881638],[-91.5627938485,47.7158981706],[-91.5558892783,47.7129491997],[-91.5539635703,47.7088648241],[-91.5522396436,47.7079102783],[-91.5408554985,47.7081760803],[-91.536769557,47.7106627773],[-91.5278073675,47.7138779699],[-91.5139338695,47.7156199184],[-91.5134324981,47.7196130472],[-91.5100314831,47.7221929744],[-91.5094603993,47.7241210373],[-91.5098431828,47.7268921742],[-91.5130051534,47.7292986316],[-91.5141074142,47.7373075013],[-91.5220685758,47.7384934963],[-91.53961614,47.7399736624],[-91.550871976,47.7392008635],[-91.5709003313,47.7395510718],[-91.5789981991,47.737611184],[-91.581443153,47.7378836674],[-91.5824995577,47.7345444839],[-91.5860715582,47.734419231]],[[-91.5950693527,47.7460860715],[-91.5953995782,47.7506678821],[-91.5929573958,47.7539320492],[-91.5930207181,47.7564087439],[-91.5884140142,47.7677107751],[-91.5902764001,47.7670756537],[-91.5934300644,47.7630372373],[-91.5939859618,47.7543675941],[-91.5957893838,47.7509486516],[-91.5985979624,47.7493068976],[-91.6026303976,47.7439143983],[-91.6023762033,47.7390891626],[-91.601529544,47.7407329387],[-91.5987994331,47.7421157281],[-91.5950693527,47.7460860715]],[[-91.5848686373,47.7446294269],[-91.579674652,47.7436467986],[-91.5736393837,47.7452928321],[-91.5731675681,47.7502752441],[-91.5715801945,47.7534372598],[-91.5749172232,47.7535950794],[-91.5776002564,47.7553323009],[-91.5789127129,47.7649115347],[-91.5819057846,47.7617982423],[-91.5842135244,47.7607928349],[-91.5870457713,47.7550015242],[-91.5866257038,47.7521383355],[-91.5885632364,47.7485490508],[-91.5888643702,47.7441267309],[-91.5848686373,47.7446294269]],[[-91.5478695024,47.7566847204],[-91.5521945679,47.7564199111],[-91.5554193915,47.7528765915],[-91.5624300628,47.7516078418],[-91.5668792799,47.7485200218],[-91.5674755642,47.7455742061],[-91.5412649791,47.745873135],[-91.5400871143,47.7489589805],[-91.5426946209,47.7492343073],[-91.5461850663,47.748141733],[-91.5496012588,47.749783775],[-91.549597111,47.7531623123],[-91.546000336,47.7552812909],[-91.5478695024,47.7566847204]],[[-91.4552520821,47.7372409705],[-91.4499466487,47.7387022916],[-91.4495605609,47.7387785126],[-91.4602629593,47.7388262068],[-91.4602534938,47.737628829],[-91.4552520821,47.7372409705]],[[-91.4301218324,47.7338863134],[-91.4338918189,47.7352744329],[-91.4345908532,47.7386193788],[-91.4486800682,47.7387741167],[-91.4464167296,47.7382081865],[-91.4389651837,47.7322309782],[-91.43861635661031,47.731522621462354],[-91.4405,47.73155],[-91.44001,47.73047],[-91.44083,47.72939],[-91.43983,47.72866],[-91.44142,47.72797],[-91.44139,47.7269],[-91.43834,47.72639],[-91.4331312802,47.729814478],[-91.4280304966,47.7306354898],[-91.429581713,47.7317753662],[-91.4301218324,47.7338863134]],[[-91.4212135285,47.7331254788],[-91.4205840796,47.7333055035],[-91.4214456122,47.7333651282],[-91.4212135285,47.7331254788]],[[-91.4056090408,47.7326287826],[-91.4030045019,47.7347091853],[-91.3996207578,47.7331322906],[-91.3977150686,47.7294092485],[-91.396997414,47.7246779086],[-91.3931992256,47.719846369],[-91.3930288485,47.717523127],[-91.38937196433568,47.71717506757015],[-91.38912,47.71412],[-91.38377,47.7137],[-91.38396885998644,47.71666080424249],[-91.3766210478,47.7151913135],[-91.3876423028,47.723332121],[-91.3885531261,47.7279408291],[-91.3949416122,47.7336861412],[-91.3972648173,47.7397362644],[-91.394064492,47.7480019966],[-91.410729772,47.7445164902],[-91.4121125165,47.7421770182],[-91.4146601075,47.7418026458],[-91.4186748912,47.7391877251],[-91.415516459,47.7380656209],[-91.414176158,47.735146555],[-91.4143449926,47.7332822883],[-91.4103426831,47.7301223602],[-91.4102335002,47.7275696212],[-91.4119351846,47.7259284905],[-91.4078884763,47.7230793897],[-91.4025476657,47.7220076082],[-91.4036543629,47.7280381803],[-91.405536594,47.7306087422],[-91.4056090408,47.7326287826]],[[-91.3658666973,47.6504494428],[-91.3661441451,47.6502615887],[-91.36586017,47.6502689381],[-91.3658666973,47.6504494428]],[[-91.3805520485,47.6802109781],[-91.38439509861865,47.681945027770574],[-91.38431,47.68595],[-91.38700287957366,47.68591456737403],[-91.3896913837,47.6886224638],[-91.3909641717,47.6938267189],[-91.3946013996,47.6936516944],[-91.4003661116,47.6896531937],[-91.3990140372,47.6862155858],[-91.4001592428,47.6813946021],[-91.40022,47.67143],[-91.3963899401883,47.67147983349197],[-91.3955265453,47.6707139248],[-91.3947910028,47.6676975603],[-91.3953664833,47.6641352775],[-91.3902222314,47.6618720121],[-91.3897753113,47.6584148432],[-91.3844889701,47.6582244068],[-91.38256151977386,47.65714951830779],[-91.38931,47.65714],[-91.3894,47.65356],[-91.3814385352979,47.65356746854099],[-91.3791840438,47.650397183],[-91.37195020668261,47.653576369412114],[-91.36808,47.65358],[-91.36805062176158,47.65621669689777],[-91.3594743703,47.6620234976],[-91.3604760005,47.6638396215],[-91.3602745578,47.6688577146],[-91.3628050984076,47.670350831350014],[-91.36276,47.67488],[-91.36814,47.67499],[-91.36813026224348,47.67268539762538],[-91.37352157662794,47.67648761872449],[-91.37354,47.67868],[-91.38099318770105,47.678797754824274],[-91.3805520485,47.6802109781]],[[-91.4006009961,47.7034053138],[-91.3968414612,47.7059783688],[-91.3965296371,47.7099938637],[-91.3971591888,47.7111475795],[-91.3997448147,47.711991958],[-91.3988965117,47.7075356792],[-91.4006009961,47.7034053138]],[[-91.2747201907,47.6677786159],[-91.2747083911,47.6679830771],[-91.2752661173,47.6678328954],[-91.2747201907,47.6677786159]],[[-91.2722331283,47.7357213936],[-91.2690922662,47.7386428694],[-91.2624650035,47.7400819161],[-91.2618845814,47.7415475863],[-91.276211657,47.7374469382],[-91.2912141021,47.7387691321],[-91.2956921751,47.7373454785],[-91.2892321788,47.7294008048],[-91.2869312473,47.7297533718],[-91.284633268,47.7283087417],[-91.281749836,47.7293786546],[-91.2785422667,47.7286224159],[-91.2782924171,47.7307800648],[-91.2762648121,47.7338358196],[-91.2722331283,47.7357213936]],[[-91.3573087899,47.7505997492],[-91.3533993699,47.7512584621],[-91.3544295094,47.7557139189],[-91.3506355127,47.7588842234],[-91.348496586,47.7638606035],[-91.3393544235,47.765438343],[-91.3368519059,47.767907542],[-91.3409800125,47.7724043738],[-91.3539689348,47.7676417179],[-91.3827103645,47.7592714669],[-91.3836799507,47.7568990815],[-91.3880883662,47.7531092946],[-91.3880543596,47.747126006],[-91.3896603583,47.7424665369],[-91.3867480025,47.7415822256],[-91.3856197255,47.7389886321],[-91.3866662295,47.7369448838],[-91.3886727959,47.7362341066],[-91.3853624887,47.7338465495],[-91.3746223664,47.7357570122],[-91.3630516851,47.7413966971],[-91.3602690256,47.7486292667],[-91.3573087899,47.7505997492]],[[-91.53724,47.70541],[-91.52904,47.70414],[-91.52821,47.70526],[-91.52987,47.70527],[-91.52983,47.7062],[-91.53209,47.70554],[-91.53315,47.70825],[-91.53476,47.70867],[-91.53815,47.70709],[-91.53724,47.70541]]]},"properties":{"flat_pct":89}},{"type":"Feature","geometry":{"type":"Polygon","coordinates":[[[-91.18155481018871,47.70496350359716],[-91.1801745399,47.7002016653],[-91.1816419612,47.6984356663],[-91.1839283347,47.6982245399],[-91.18598527237263,47.69955254309838],[-91.18154,47.69958],[-91.18155481018871,47.70496350359716]]]},"properties":{"flat_pct":100}},{"type":"Feature","geometry":{"type":"Polygon","coordinates":[[[-91.1118232209,47.7043597127],[-91.1126770706,47.7008890043],[-91.1159930352,47.7005483039],[-91.120091504,47.7044059528],[-91.1206679056,47.7090971048],[-91.1185884985,47.710599432],[-91.1159383613,47.7101942455],[-91.1118232209,47.7043597127]]]},"properties":{"flat_pct":93}},{"type":"Feature","geometry":{"type":"Polygon","coordinates":[[[-90.7150958282,47.7394193224],[-90.7121998012,47.7341461816],[-90.70610799319964,47.734233011503235],[-90.7043637009,47.7367200564],[-90.7011686333,47.7366433233],[-90.6995697668,47.7346371959],[-90.6999070591,47.7304501497],[-90.701087908,47.7288095987],[-90.70281662498218,47.728279315769676],[-90.7028,47.73133],[-90.70821,47.73129],[-90.70821,47.72820244097098],[-90.71571460980343,47.72809547355893],[-90.717954962,47.7107013196],[-90.71436446,47.7081738971],[-90.71305,47.69894],[-90.72374,47.6988],[-90.7209725833,47.69972615],[-90.7192532286,47.7020495992],[-90.7198046972,47.7049573429],[-90.7228746258,47.7064871003],[-90.7243358032,47.7092097431],[-90.7227471471,47.7159882996],[-90.72182454720172,47.72702997567948],[-90.7283297693,47.7260888119],[-90.73382219686656,47.72756],[-90.7245,47.72756],[-90.72441,47.73115],[-90.7271,47.73115],[-90.72427629776101,47.73296841409555],[-90.7185673374,47.7335828487],[-90.719728082,47.7371771437],[-90.7179129724,47.7396711838],[-90.7150958282,47.7394193224]]]},"properties":{"flat_pct":92}},{"type":"Feature","geometry":{"type":"Polygon","coordinates":[[[-90.87490717400672,47.71901829911023],[-90.8483847748,47.720289289],[-90.8414291303,47.7248722467],[-90.8338902404,47.7234177085],[-90.8327415743,47.7254759915],[-90.8304038515,47.7262587628],[-90.8278001118,47.7245871229],[-90.8235270539,47.7257208894],[-90.8160389303,47.7216026983],[-90.8136266121,47.7212522974],[-90.811274884,47.7193331687],[-90.8065078828,47.7193876861],[-90.7959728439,47.7208173259],[-90.7931504452,47.7220438498],[-90.78867176068383,47.72766212838907],[-90.7883727436743,47.7184116872858],[-90.7891174732,47.7175003521],[-90.7943975388,47.7149753432],[-90.7992891739,47.7147485393],[-90.8015814336,47.7136965787],[-90.8127861628,47.7132404141],[-90.8250840915,47.7192342787],[-90.8341882305,47.7173604467],[-90.8396408339,47.7187152671],[-90.8423750909,47.7162990818],[-90.8471777494,47.7143758073],[-90.8585168501,47.7141134403],[-90.8609530051,47.7128900882],[-90.8634172004,47.7142151777],[-90.8721077931,47.7137083631],[-90.8754517892,47.7125167942],[-90.8777289496,47.7130253509],[-90.8829391956,47.7175884098],[-90.8825662101,47.719866447],[-90.8806857065,47.7212052068],[-90.8781321547,47.7209396874],[-90.87490717400672,47.71901829911023]],[[-90.82599,47.72016],[-90.82604,47.72376],[-90.8314,47.72376],[-90.83138,47.72017],[-90.82599,47.72016]]]},"properties":{"flat_pct":89}},{"type":"Feature","geometry":{"type":"Polygon","coordinates":[[[-90.6903376856,47.7150730463],[-90.6885372074,47.7161168126],[-90.68144,47.71662],[-90.68146826842876,47.72011586235595],[-90.6732392165,47.7252125096],[-90.6699885111,47.728585422],[-90.6678157556,47.7344677681],[-90.66556,47.73498],[-90.66557046802035,47.736246630462],[-90.6624955049,47.7384953429],[-90.6518377957,47.738969767],[-90.6434700582,47.7411259448],[-90.6405323472,47.7395506505],[-90.6404098993,47.7369882439],[-90.6426464872,47.7345892895],[-90.6509248749,47.7330035455],[-90.6601846932,47.7328002635],[-90.6629990049,47.7306668337],[-90.6648509225,47.7253402977],[-90.6695541171,47.7204494768],[-90.67571752934602,47.71662],[-90.68099,47.71662],[-90.68101291543579,47.712491402317134],[-90.682706492,47.710768101],[-90.6820742659,47.7082919765],[-90.6836908402863,47.70580752033776],[-90.69169694987437,47.70522352625657],[-90.6903376856,47.7150730463]]]},"properties":{"flat_pct":81}},{"type":"Feature","geometry":{"type":"Polygon","coordinates":[[[-90.774968076,47.7358990494],[-90.77814187841874,47.73124577982169],[-90.78577260627065,47.73129896798051],[-90.78294709141116,47.73484343055226],[-90.77813,47.73483],[-90.77835283493329,47.741776636833016],[-90.77293942065256,47.74169232417306],[-90.77275472831649,47.73562266240115],[-90.774968076,47.7358990494]]]},"properties":{"flat_pct":89}},{"type":"Feature","geometry":{"type":"Polygon","coordinates":[[[-90.7557897583,47.7416416585],[-90.75467,47.74014],[-90.75144,47.74043],[-90.75142,47.73838],[-90.74053459236819,47.73764584130521],[-90.74040559861122,47.73158313472711],[-90.7605282535,47.7340959078],[-90.7633518315,47.7329252223],[-90.76736370587143,47.73494947014788],[-90.76751391051616,47.74101482532052],[-90.7567100774984,47.73966572002194],[-90.7557897583,47.7416416585]]]},"properties":{"flat_pct":99}},{"type":"Feature","geometry":{"type":"Polygon","coordinates":[[[-91.0866323027,47.7473717234],[-91.0845175089,47.7459196324],[-91.0841006094,47.7429013984],[-91.08571,47.74231],[-91.08601,47.74337],[-91.08814,47.74312],[-91.08917,47.74227],[-91.08903460304516,47.7410614646925],[-91.0901749809,47.7427708553],[-91.0899216206,47.7454563221],[-91.0886196324,47.7470024911],[-91.0866323027,47.7473717234]]]},"properties":{"flat_pct":93}},{"type":"Feature","geometry":{"type":"Polygon","coordinates":[[[-90.70594929644903,47.74562552107547],[-90.7046581917,47.7481461876],[-90.70285951990472,47.74868193290233],[-90.70299,47.74562],[-90.70594929644903,47.74562552107547]]]},"properties":{"flat_pct":100}},{"type":"Feature","geometry":{"type":"Polygon","coordinates":[[[-91.1234274425,47.7554453667],[-91.1257754875,47.7539316839],[-91.1365557379,47.7540101104],[-91.14267652777399,47.756302352602354],[-91.12879,47.75625],[-91.12864,47.75991],[-91.12329,47.7599],[-91.12334249287974,47.76230154924836],[-91.1173232606,47.76019772],[-91.1157467039,47.7585284246],[-91.11581228,47.7562332606],[-91.1174815754,47.7546567039],[-91.1234274425,47.7554453667]]]},"properties":{"flat_pct":96}},{"type":"Feature","geometry":{"type":"Polygon","coordinates":[[[-91.23584693418195,47.75853909921442],[-91.23583,47.75941],[-91.23302469646889,47.759412649011836],[-91.23584693418195,47.75853909921442]]]},"properties":{}},{"type":"Feature","geometry":{"type":"Polygon","coordinates":[[[-91.15009,47.75999],[-91.1503362466,47.759302592],[-91.16274680136593,47.75984902077687],[-91.15009,47.75999]]]},"properties":{"flat_pct":100}},{"type":"Feature","geometry":{"type":"Polygon","coordinates":[[[-91.22536,47.76322],[-91.22005,47.76325],[-91.21994,47.75942],[-91.21828485544647,47.75942312881768],[-91.2227557311,47.7581900055],[-91.2256660812,47.7593041171],[-91.22988686012155,47.759415612030104],[-91.22524,47.75942],[-91.22536,47.76322]]]},"properties":{"flat_pct":100}},{"type":"Feature","geometry":{"type":"Polygon","coordinates":[[[-91.15020719241407,47.765302722770905],[-91.1358447164,47.760004231],[-91.12864,47.75991],[-91.15009,47.75999],[-91.15020719241407,47.765302722770905]]]},"properties":{"flat_pct":100}},{"type":"Feature","geometry":{"type":"Polygon","coordinates":[[[-91.0805251678,47.7560119112],[-91.0853836459,47.7599785134],[-91.0838409938,47.7685447415],[-91.08621329079776,47.76941797965482],[-91.08629,47.77462],[-91.08948447269687,47.77459617176543],[-91.0873908237,47.7770308302],[-91.08574525132656,47.777054893642585],[-91.08557,47.77531],[-91.08268500909763,47.77451280560205],[-91.08333,47.77268],[-91.0785070314,47.7724389611],[-91.0777347044,47.7658720592],[-91.0789466954,47.7621234458],[-91.0731694421,47.7594297973],[-91.070644178,47.7564565033],[-91.0702926447,47.7544659666],[-91.0715152394,47.7525224286],[-91.0737540334,47.7520126447],[-91.0769654995,47.754674213],[-91.0805251678,47.7560119112]]]},"properties":{"flat_pct":94}},{"type":"Feature","geometry":{"type":"Polygon","coordinates":[[[-90.72448958687767,47.76831517779185],[-90.73090693875442,47.77468869298196],[-90.73043,47.77827],[-90.7259918793918,47.77830318221015],[-90.72257302833358,47.774636648893576],[-90.72512,47.77472],[-90.72448958687767,47.76831517779185]]]},"properties":{"flat_pct":71}},{"type":"Feature","geometry":{"type":"Polygon","coordinates":[[[-90.688599111,47.7770717235],[-90.688877211,47.7747961539],[-90.68751878031806,47.77472347221689],[-90.68741,47.7712],[-90.69390102228665,47.77092006372887],[-90.6923767251,47.7734063309],[-90.69550472098322,47.77646052448053],[-90.69406,47.77784],[-90.6931,47.77746],[-90.69145,47.77946],[-90.6929493577358,47.780539640761],[-90.6907517273,47.7798227006],[-90.688599111,47.7770717235]]]},"properties":{"flat_pct":85}},{"type":"Feature","geometry":{"type":"Polygon","coordinates":[[[-90.8714475692,47.7820699513],[-90.8761321485,47.7878730961],[-90.87481109622985,47.79064954864768],[-90.87483,47.7884],[-90.86426,47.78854],[-90.86419,47.79209],[-90.85883,47.79212],[-90.85886090707452,47.79074077179982],[-90.8670258556,47.7868129696],[-90.8608486134,47.7839773729],[-90.8603790771,47.7814553783],[-90.8620307346,47.7794924854],[-90.8640446217,47.7793190771],[-90.8714475692,47.7820699513]]]},"properties":{"flat_pct":88}},{"type":"Feature","geometry":{"type":"Polygon","coordinates":[[[-90.6458484738,47.7934465756],[-90.6468705864,47.78764715],[-90.6490486346,47.7855944451],[-90.6536045345,47.7840791699],[-90.6575410991,47.7812849789],[-90.6656271534,47.7814210036],[-90.6798530149,47.7797306619],[-90.6842281151,47.7803884319],[-90.6859020248,47.7823323833],[-90.6856189706,47.7846109702],[-90.6838076167,47.7860220248],[-90.6655036478,47.787509969],[-90.6593922065,47.7871453864],[-90.6564520374,47.7894169134],[-90.6521266124,47.790849781],[-90.6513880899,47.7936480085],[-90.6499771138,47.7950954056],[-90.6476854006,47.7952372797],[-90.6458484738,47.7934465756]]]},"properties":{"flat_pct":86}},{"type":"Feature","geometry":{"type":"Polygon","coordinates":[[[-90.9272949459,47.7976045993],[-90.9215895733,47.7931472544],[-90.9217514395,47.7868302815],[-90.9056675742,47.7866625335],[-90.8991377319,47.7833759494],[-90.8979625524,47.7798843825],[-90.8959035339,47.7778352011],[-90.8913516142,47.7769841765],[-90.8904762885,47.7751621949],[-90.8909555055,47.7731984834],[-90.8928568535,47.7719112563],[-90.8967317633,47.7718300554],[-90.9011786167,47.7745445159],[-90.9095763794,47.7734601884],[-90.9140907349,47.7742173198],[-90.916005834,47.7754327908],[-90.916758435,47.7776631098],[-90.9159487254,47.779811702],[-90.9141416933,47.7807352036],[-90.9251667774,47.7802565702],[-90.9279713747,47.7865476732],[-90.9272933896,47.7905050627],[-90.9310728939,47.7928012895],[-90.9332215014,47.7957751649],[-90.9341795526,47.8018881906],[-90.9331229453,47.804225818],[-90.9309375524,47.8049301871],[-90.928894182,47.8038829453],[-90.9275592838,47.8017334547],[-90.9272949459,47.7976045993]],[[-90.9124672724,47.7804653675],[-90.9085163112,47.7799390293],[-90.9056861008,47.7800110448],[-90.9076919009,47.7809776955],[-90.9124672724,47.7804653675]],[[-90.89439,47.77493],[-90.89662,47.77342],[-90.8944,47.7734],[-90.89439,47.77493]]]},"properties":{"flat_pct":97}},{"type":"Feature","geometry":{"type":"Polygon","coordinates":[[[-90.9675779529,47.8014461253],[-90.9633259082,47.8063765699],[-90.960767115,47.8061935436],[-90.9592853152,47.804099459],[-90.9596714388,47.8013092086],[-90.9613722596,47.7992263628],[-90.9637456534,47.792491126],[-90.9695608852,47.788798783],[-90.9699998716,47.7854858321],[-90.9729391766,47.7845502336],[-90.97411557569353,47.785125223005174],[-90.97349,47.78541],[-90.97434,47.78667],[-90.98048466734146,47.78797178644524],[-90.9809086016,47.7900666652],[-90.979690852,47.7920132426],[-90.9736318791,47.7936431238],[-90.9686019322,47.7963010377],[-90.9675779529,47.8014461253]]]},"properties":{"flat_pct":87}},{"type":"Feature","geometry":{"type":"Polygon","coordinates":[[[-91.2990773023,47.8007808101],[-91.3005812813,47.7983854431],[-91.304985614,47.7975948197],[-91.3036417231,47.7940850451],[-91.3057312223,47.7914877983],[-91.3082723333,47.7918394739],[-91.3100903564,47.7944244374],[-91.31731495130074,47.790637173124765],[-91.31885,47.79063],[-91.32250634562557,47.793664437554206],[-91.3205139439,47.7962921934],[-91.3117714812,47.8002438272],[-91.3101341842,47.802503236],[-91.3077382157,47.8037694644],[-91.30203,47.80398],[-91.2997306247441,47.80286251172022],[-91.2990773023,47.8007808101]]]},"properties":{"flat_pct":94}},{"type":"Feature","geometry":{"type":"Polygon","coordinates":[[[-90.8634994357,47.7997460777],[-90.87475,47.79909],[-90.8747634597088,47.79669417183398],[-90.8768796113523,47.79548214492206],[-90.8793679161,47.7960389107],[-90.8805062162,47.7980329896],[-90.8797095246,47.8004714734],[-90.8739570172,47.8045464722],[-90.863734425782,47.80610796784351],[-90.86397,47.80254],[-90.86079486111846,47.80255472698925],[-90.8611207201,47.8016473404],[-90.8634994357,47.7997460777]]]},"properties":{"flat_pct":84}},{"type":"Feature","geometry":{"type":"Polygon","coordinates":[[[-90.8539765988,47.8080179738],[-90.8546297709,47.8105581198],[-90.8527055780386,47.81340069362165],[-90.85223,47.80955],[-90.84800954696017,47.80748625424043],[-90.84937711288755,47.80621665653417],[-90.85186959375817,47.80621201936045],[-90.8539765988,47.8080179738]]]},"properties":{"flat_pct":79}},{"type":"Feature","geometry":{"type":"Polygon","coordinates":[[[-90.72318,47.81032],[-90.72317538565993,47.80948480444764],[-90.72578852749679,47.810339322425904],[-90.72318,47.81032]]]},"properties":{}},{"type":"Feature","geometry":{"type":"Polygon","coordinates":[[[-90.9424530076,47.8109730629],[-90.9330778578,47.8148347745],[-90.9311168686,47.8211370761],[-90.927221079,47.8239245445],[-90.9369299662,47.8249474806],[-90.9383653033,47.8276778041],[-90.9366339862,47.830230724],[-90.9236408299,47.8297315762],[-90.9219574637,47.8282124198],[-90.9212052588,47.8243017919],[-90.9186199668,47.8251080343],[-90.9163826808,47.8233776334],[-90.917309257,47.8169285262],[-90.9206815594,47.8112948097],[-90.9182715988,47.80352793],[-90.920139408,47.7997385186],[-90.9221358015,47.7994219354],[-90.9240576074,47.8006784145],[-90.9253948638,47.8065237525],[-90.9278763551,47.8080199527],[-90.928260593,47.8111827248],[-90.938778939,47.8056014543],[-90.9477183493,47.7980735627],[-90.9509162292,47.7987083101],[-90.9541940381,47.7977991429],[-90.956420436,47.7990735342],[-90.9569135156,47.8013160664],[-90.9556764658,47.803250436],[-90.9522494933,47.8050792469],[-90.9499510789,47.8045643995],[-90.9440684347,47.8084968775],[-90.9424530076,47.8109730629]],[[-90.923508687,47.8186239788],[-90.9256964258,47.8157046792],[-90.9267790601,47.813732196],[-90.923508687,47.8186239788]]]},"properties":{"flat_pct":91}},{"type":"Feature","geometry":{"type":"Polygon","coordinates":[[[-90.8494327461,47.7442662892],[-90.8444080987,47.7519001417],[-90.8381372713,47.7542636821],[-90.8353494359,47.7542298588],[-90.8345998694,47.7581568898],[-90.83256,47.75997],[-90.83252268323159,47.76180722889828],[-90.8308783871,47.7628651651],[-90.8275859948,47.761474112],[-90.8266047023,47.7582779036],[-90.8272262564,47.7562798297],[-90.8181868748,47.7572674723],[-90.8118954988,47.7560733219],[-90.7966819291,47.7601706462],[-90.7821302513,47.7623291773],[-90.776283817,47.7616797779],[-90.7740140881,47.7629964321],[-90.7826239073,47.7658136476],[-90.7883608266,47.7654152051],[-90.7907274746,47.7687393509],[-90.7960948647,47.7725412522],[-90.8060542719,47.7739594088],[-90.8114586613,47.777207819],[-90.8155483008,47.7823211118],[-90.8203230565,47.7828591454],[-90.8223998389,47.7846915944],[-90.8283904274,47.7868906551],[-90.8330099708,47.7855400669],[-90.8423337338,47.7864415464],[-90.8450825386,47.7874975955],[-90.8464656011,47.7896581646],[-90.84549412792282,47.79226978755003],[-90.84282,47.79231],[-90.84279441747731,47.792955045036685],[-90.8362858226,47.7918704017],[-90.8430078854,47.7986825365],[-90.8479760853965,47.797227205205644],[-90.84791,47.79939],[-90.85611423094313,47.79929829846189],[-90.8517732305,47.8023517896],[-90.8478,47.80262],[-90.84774331853694,47.8035475148501],[-90.84501375669477,47.80434708347224],[-90.84580922332951,47.80641032506421],[-90.8444,47.80621],[-90.84604428510946,47.80702001655835],[-90.84709497882324,47.809745253389195],[-90.84782018323337,47.80789486902647],[-90.85118,47.80955],[-90.85216881,47.8139257766],[-90.84645553888899,47.81706546757312],[-90.83480336898154,47.81694664366074],[-90.833491953,47.8145782327],[-90.8347343821,47.8120373459],[-90.84149374512538,47.811896124278256],[-90.8387764610563,47.804825906236104],[-90.8363627466,47.8056309831],[-90.8290819845,47.8032977519],[-90.8224922202,47.8053171878],[-90.8202580787,47.8083443101],[-90.8184215009,47.8091885812],[-90.8160156899,47.8082980787],[-90.8153385681,47.8051905815],[-90.8142998575,47.8051565254],[-90.8140079788,47.807344987],[-90.8098951863,47.8138869049],[-90.8004757408,47.8193866349],[-90.7898267005,47.820148221],[-90.7868302378,47.8194563635],[-90.78507775935513,47.817016119720186],[-90.78795,47.81695],[-90.78796979999751,47.81372480040368],[-90.7987291214,47.813557154],[-90.8056771653,47.8095609148],[-90.807649291,47.8029469728],[-90.8027146607,47.8033648716],[-90.7901888022,47.8017083944],[-90.78713500796873,47.79965303991332],[-90.78814,47.79955],[-90.78829,47.79591],[-90.803221198,47.7972960281],[-90.8079161878,47.7967965061],[-90.8188883063,47.8001436685],[-90.82561,47.79955],[-90.82544025961099,47.79812740235874],[-90.8286113973,47.7972400123],[-90.8360051992,47.7993327223],[-90.8318588751,47.7960943547],[-90.8292891905,47.7957449607],[-90.8279451229,47.7933502865],[-90.8240829153,47.7911445857],[-90.8195077241,47.790167213],[-90.8178130225,47.7885752841],[-90.8127929463,47.7878155079],[-90.8093765103,47.7848349601],[-90.8075876988,47.7818045962],[-90.8039054812,47.7796399953],[-90.7936708006,47.7780998947],[-90.7851166861,47.771503607],[-90.7817523931,47.7717804275],[-90.7759387433,47.7694696815],[-90.7680364447,47.7679676607],[-90.7624859812,47.7689954811],[-90.7632656207,47.7698104623],[-90.7685536719,47.7702456018],[-90.7715595975,47.7693716537],[-90.7753622972,47.770508492],[-90.77787130548421,47.77357381438421],[-90.77689,47.77344],[-90.77635,47.77604],[-90.77809471856719,47.77666065087371],[-90.77635844637558,47.77815564048395],[-90.77453,47.77707],[-90.7739239601075,47.77790913215885],[-90.7728459157773,47.77685271608592],[-90.77295,47.77432],[-90.76754,47.77435],[-90.7674084015894,47.777569774446114],[-90.76377992040786,47.78154696142019],[-90.7633600225,47.7844792915],[-90.7573194362,47.7884420686],[-90.7527467563,47.7941828533],[-90.7536428918,47.7956270386],[-90.7629886638,47.797114145],[-90.7642058535,47.7993723235],[-90.7634398824,47.8015368942],[-90.7616605622,47.8024959726],[-90.7569296045,47.8026912869],[-90.7540948932,47.8016511],[-90.7511372249,47.8018179057],[-90.74846877112348,47.799758228344395],[-90.7410040238,47.810480572],[-90.7416928418,47.8152774247],[-90.735703661,47.8271227881],[-90.7330141739,47.8286942138],[-90.7265208695,47.8301175641],[-90.72323,47.83014501385564],[-90.72323,47.82843],[-90.71304,47.82839],[-90.71301122469366,47.83049059736302],[-90.7094996849,47.8313533265],[-90.7062766382,47.8364338729],[-90.7009144699,47.8400815356],[-90.6989354136,47.843511214],[-90.6936581078,47.8474416442],[-90.6901200467,47.8482190786],[-90.6901496043,47.849498788],[-90.6952175074,47.8503447073],[-90.70288215905634,47.84837278769883],[-90.70303,47.8503],[-90.69748,47.85031],[-90.69763,47.85393],[-90.70332,47.85395],[-90.70325025108508,47.85458122768002],[-90.693176911,47.8563095302],[-90.69194587193626,47.856080872538875],[-90.69194,47.85392],[-90.68125,47.85389],[-90.68131,47.85705],[-90.67997,47.85763],[-90.6802,47.85859],[-90.68133,47.85803],[-90.67996312282835,47.86038658351833],[-90.6688152044,47.8641888465],[-90.6603504669004,47.86280976680274],[-90.6619494295,47.868391495],[-90.660825196,47.8726256433],[-90.6573378088,47.8751138264],[-90.6476319177,47.8789860506],[-90.6434106275,47.8820696324],[-90.6418093412,47.8857829601],[-90.6450954796,47.8915175938],[-90.6523410387,47.8960209392],[-90.6576599515,47.8979750322],[-90.6603966475,47.9016344093],[-90.66174555529967,47.90208941873854],[-90.65888,47.90294],[-90.65876,47.90095],[-90.64897803691088,47.901022102922035],[-90.64049402,47.8955270037],[-90.6357036197,47.8860197207],[-90.63846,47.88634],[-90.63888,47.88474],[-90.63680896873898,47.88222630383377],[-90.638367184,47.8786558248],[-90.6451141027,47.8734709452],[-90.65293633341008,47.870229697170124],[-90.65472,47.87141],[-90.6545,47.87061],[-90.6565,47.87084],[-90.65689,47.86967],[-90.65541101037559,47.869194769099664],[-90.6543078443,47.8629587494],[-90.64749173646155,47.86134203068964],[-90.64826,47.85759],[-90.63361951199988,47.857371621061525],[-90.6433970366,47.8548224587],[-90.64368382039441,47.852463299758085],[-90.64871,47.85226],[-90.65104718928518,47.85633656045336],[-90.65929368868359,47.85689008945393],[-90.65927,47.85781],[-90.65377,47.8577],[-90.65365,47.86143],[-90.67029,47.86147],[-90.67005221976373,47.85771224845949],[-90.67797323349761,47.854691472588],[-90.67860573901662,47.84316720760066],[-90.68114,47.84321],[-90.68119,47.83965],[-90.68668,47.83957],[-90.68704,47.82846],[-90.69099674375225,47.8284084223347],[-90.6909923836,47.8331746355],[-90.6900692864,47.8350315911],[-90.6880901504,47.8361964918],[-90.6874760071,47.8400692205],[-90.6846201332,47.8422153375],[-90.6845702471,47.8456646095],[-90.6864188045,47.8433767547],[-90.6909914771,47.841966635],[-90.6945776474,47.8392919496],[-90.6962817437,47.8361081167],[-90.7016474514,47.8324572195],[-90.7036544793,47.8287025504],[-90.7064761576,47.8261079345],[-90.71056,47.82471],[-90.71816,47.82477],[-90.71816631965392,47.82361982298696],[-90.7190427979,47.8234490111],[-90.7260079767,47.8241333695],[-90.7315172434,47.8226915238],[-90.73189668910602,47.82127969315669],[-90.73366,47.8213],[-90.73382,47.814],[-90.72851,47.81397],[-90.72857583918488,47.81057457917923],[-90.733662933,47.8100786772],[-90.7390142257,47.8028374485],[-90.7324275819,47.8003128264],[-90.731457006,47.7985397516],[-90.7318315674,47.7965534194],[-90.7348305875,47.7950982298],[-90.7427042189,47.7975371519],[-90.7505599336,47.7867239433],[-90.7557890189,47.7824322814],[-90.7593447477,47.7775057754],[-90.75533912639922,47.77639046610041],[-90.7520983061,47.7774605201],[-90.7501261543,47.7769182196],[-90.74913793876257,47.775724306782536],[-90.75223,47.7739],[-90.74890535540574,47.773968450097065],[-90.7501203584,47.772028578],[-90.75029246569883,47.76845215120263],[-90.7481781337,47.7673530929],[-90.7392313576,47.7663872274],[-90.73158491558448,47.75953116100693],[-90.70387951821714,47.75972711523048],[-90.7017106675,47.7587928811],[-90.6971468059,47.7521500694],[-90.69758162877105,47.74892305962646],[-90.7023098784474,47.74914301776975],[-90.705228254,47.7538091201],[-90.72730285658804,47.75370486677422],[-90.7271445328,47.7518854386],[-90.7295673026,47.7449867804],[-90.7320452099,47.7434486303],[-90.7317227323517,47.742047416287036],[-90.73507,47.74206],[-90.73503,47.73838],[-90.73853583651757,47.73837364884689],[-90.73869183056661,47.745696927494755],[-90.73512,47.74573],[-90.7339118493,47.7523659275],[-90.74051456879839,47.75943282460488],[-90.74055,47.76372],[-90.74605,47.76371],[-90.74592901397443,47.761119475687934],[-90.7498857691,47.7615416889],[-90.7538171494,47.7632607351],[-90.7580702832,47.7615132552],[-90.761693547,47.7629817967],[-90.7647790366,47.7626715237],[-90.7675046883,47.759534657],[-90.7751606691,47.755739451],[-90.7821465556,47.7562944625],[-90.80532292300629,47.75198538824819],[-90.80531,47.75265],[-90.82171,47.75261],[-90.82170138432437,47.75103333135868],[-90.8292601207,47.7498805823],[-90.82789456211367,47.74855290200861],[-90.82982,47.74687],[-90.829,47.74536],[-90.83232,47.7454],[-90.83218168774503,47.74302234647414],[-90.840761827,47.7394839611],[-90.8465352185,47.7389887654],[-90.8588731702,47.7330466786],[-90.8628642769,47.7321399873],[-90.8668769164,47.7325454873],[-90.8715756883,47.7272902863],[-90.8809671372,47.7264178684],[-90.8834911822,47.7281910168],[-90.8836422773,47.7302067009],[-90.8824803389,47.7318606994],[-90.8783445905,47.7330152462],[-90.8753094945,47.7327230417],[-90.87402786042621,47.734975619218886],[-90.8635,47.73454],[-90.8637,47.73814],[-90.86896588004802,47.73837815876979],[-90.861407211,47.7386075564],[-90.8494327461,47.7442662892]],[[-90.8373435972,47.7481414698],[-90.8391682072,47.7469850394],[-90.8363009611,47.7478008048],[-90.8373435972,47.7481414698]],[[-90.841230872,47.7464924125],[-90.8413279595,47.7463705644],[-90.8408016215,47.7465203138],[-90.841230872,47.7464924125]],[[-90.87386,47.72717],[-90.87387,47.73082],[-90.87913,47.73061],[-90.87913,47.72702],[-90.87386,47.72717]]]},"properties":{"flat_pct":85}},{"type":"Feature","geometry":{"type":"Polygon","coordinates":[[[-91.0953712744,47.8403243755],[-91.0917372999,47.8342083041],[-91.0871636537,47.8337121845],[-91.0850205615,47.832483171],[-91.0826377119,47.827201995],[-91.0831114299,47.8193482953],[-91.0807669887,47.8153815016],[-91.08068,47.8034],[-91.07532,47.80343],[-91.07545511753706,47.806991698276796],[-91.0606956067,47.799092693],[-91.0548856285,47.7919654399],[-91.0557322888,47.7884929708],[-91.0593010072,47.7882951696],[-91.0640238724,47.7940260551],[-91.0700277062,47.7967640614],[-91.0846683279,47.8057711577],[-91.0875136259,47.8106043547],[-91.0869764558,47.8143868297],[-91.0891637153,47.8179916055],[-91.0886988993,47.8261894859],[-91.0894122885,47.8279585261],[-91.0954211318,47.8288786883],[-91.0990466714,47.8332683452],[-91.0995875382,47.835598052],[-91.1044509882,47.83611254],[-91.1061451087,47.8383737866],[-91.10616452597638,47.839096623751566],[-91.10436,47.8383],[-91.10377,47.8369],[-91.09992,47.83863],[-91.09766,47.84043],[-91.09964425164729,47.84172284436774],[-91.0953712744,47.8403243755]]]},"properties":{"flat_pct":86}},{"type":"Feature","geometry":{"type":"Polygon","coordinates":[[[-90.7008208948,47.8177107314],[-90.70313,47.81729],[-90.70306444173617,47.815734083871845],[-90.7128434914,47.8112218801],[-90.71813857979177,47.81015200373284],[-90.72318,47.81032],[-90.72321,47.81393],[-90.72851,47.81397],[-90.7284885087417,47.81657402413008],[-90.7222345421,47.8154823807],[-90.71318,47.81742],[-90.7129619859339,47.82107733311006],[-90.71187,47.82106],[-90.71143,47.81918],[-90.7104,47.819],[-90.70994,47.82003],[-90.7029736797,47.8216004391],[-90.701109636,47.8202597606],[-90.7008208948,47.8177107314]]]},"properties":{"flat_pct":85}},{"type":"Feature","geometry":{"type":"Polygon","coordinates":[[[-91.0174194892,47.8183485377],[-91.0209243368,47.8226743101],[-91.02107970473679,47.825164276211524],[-91.01922,47.82504],[-91.02040449628369,47.826692060606184],[-91.0174959119,47.8276964768],[-91.0105976558,47.8198809187],[-91.0106655906,47.8175758991],[-91.0129868616,47.8142326823],[-91.0088609287,47.8124340207],[-91.0083403627,47.8104808636],[-91.0093921733,47.8084398411],[-91.0135508341,47.8079191529],[-91.0193560364,47.8107642279],[-91.0305519218,47.8107330959],[-91.0357630768,47.8118006418],[-91.0373618646,47.8135078272],[-91.0372993582,47.8158030768],[-91.0356321728,47.8173818646],[-91.0310603317,47.816479001],[-91.0196271947,47.8167622664],[-91.0174194892,47.8183485377]]]},"properties":{"flat_pct":94}},{"type":"Feature","geometry":{"type":"Polygon","coordinates":[[[-90.8612988125,47.8196259158],[-90.859934612,47.8217984438],[-90.8573897855,47.8221221397],[-90.8546099492,47.8196520927],[-90.8542929991,47.8170941744],[-90.85838951413228,47.81345790427182],[-90.86869135608121,47.81339762465991],[-90.8760991348,47.817210172],[-90.8907070652,47.8162484223],[-90.8924222313,47.8173180097],[-90.8930695335,47.8192329017],[-90.8921535833,47.8213383977],[-90.889898997,47.8224714523],[-90.8802605313,47.8237467067],[-90.874596469,47.8231307059],[-90.8653158097,47.8185082732],[-90.8612988125,47.8196259158]]]},"properties":{"flat_pct":88}},{"type":"Feature","geometry":{"type":"Polygon","coordinates":[[[-90.9817393857,47.8264133239],[-90.976885475,47.827061717],[-90.9753959459,47.8253143243],[-90.975578283,47.823025475],[-90.9773256757,47.8215359459],[-90.9819373236,47.8202546698],[-90.9917875922,47.8237627686],[-90.9936481651,47.8224638781],[-90.995993706,47.8194728369],[-90.9925384319,47.8160630291],[-90.9927406426,47.8140518298],[-90.9941728449,47.8126254328],[-90.9967381702,47.8126306426],[-91.001427993,47.8158113668],[-91.0023920435,47.8195177446],[-91.0006487668,47.8237235779],[-90.9938715298,47.829605464],[-90.9907418707,47.8301091515],[-90.9817393857,47.8264133239]]]},"properties":{"flat_pct":93}},{"type":"Feature","geometry":{"type":"Polygon","coordinates":[[[-90.78677,47.83356],[-90.7848,47.8336],[-90.78349282017889,47.83252486393412],[-90.78675059797895,47.832675267839726],[-90.78677,47.83356]]]},"properties":{}},{"type":"Feature","geometry":{"type":"Polygon","coordinates":[[[-90.831092275,47.8357588975],[-90.8318063221,47.8384049656],[-90.83034,47.84225],[-90.83016,47.83861],[-90.82505508926822,47.83861],[-90.82451,47.83274],[-90.82743,47.83237],[-90.82579,47.83138],[-90.8308515943,47.8297228554],[-90.83089276299754,47.82880192472087],[-90.83253,47.82884],[-90.83083557486937,47.82791646520831],[-90.83241488204219,47.82412362337461],[-90.83582,47.82413],[-90.83552,47.82772],[-90.83695289279375,47.82946519859249],[-90.83681339530533,47.831634014335826],[-90.82986,47.83267],[-90.83659682300326,47.83218687814166],[-90.835241979,47.8340464667],[-90.831092275,47.8357588975]]]},"properties":{"flat_pct":90}},{"type":"Feature","geometry":{"type":"Polygon","coordinates":[[[-90.8222431588,47.8310977614],[-90.82459,47.83139],[-90.81988,47.83389],[-90.81755,47.83355],[-90.81011,47.83648],[-90.80699,47.83618],[-90.80737,47.83759],[-90.81115,47.83838],[-90.81335,47.83637],[-90.81763,47.83456],[-90.81924,47.83488],[-90.81935563162028,47.83820663276793],[-90.80858,47.83862],[-90.80863571265677,47.841437468641786],[-90.7993463832,47.8392631764],[-90.78161454294049,47.83844453920613],[-90.78155,47.83495],[-90.7973,47.83606],[-90.79678,47.83465],[-90.79222,47.83423],[-90.79218842296062,47.83292631937407],[-90.79761937724132,47.83317705370437],[-90.79766,47.835],[-90.80308,47.83504],[-90.80311290656458,47.83401417361732],[-90.8102641966,47.8353793411],[-90.8222431588,47.8310977614]]]},"properties":{"flat_pct":89}},{"type":"Feature","geometry":{"type":"Polygon","coordinates":[[[-90.67887697340872,47.8396061926782],[-90.680052951,47.8374407649],[-90.68137454642216,47.83680106460782],[-90.68119,47.83965],[-90.67887697340872,47.8396061926782]]]},"properties":{}},{"type":"Feature","geometry":{"type":"Polygon","coordinates":[[[-90.7373269862,47.8487171822],[-90.7320114134,47.8476115722],[-90.7232627250367,47.8500305077724],[-90.72336,47.84602],[-90.72869,47.84641],[-90.72865,47.84376],[-90.73301905012116,47.841615418026336],[-90.73922086305447,47.842555236731116],[-90.73925,47.84353],[-90.74889,47.84349],[-90.751,47.84212],[-90.75328,47.84215],[-90.75362712679117,47.83964941303355],[-90.76224062594711,47.83745731389225],[-90.7618,47.83852],[-90.76303,47.83912],[-90.76292,47.84077],[-90.76794,47.83637],[-90.7691,47.8363],[-90.76811,47.83416],[-90.76971,47.83181],[-90.77361,47.83168],[-90.770920451764,47.82799809080774],[-90.7727,47.82681],[-90.77212,47.82524],[-90.77066,47.82456],[-90.77656057325193,47.82440291319129],[-90.77631,47.83525],[-90.77106,47.83541],[-90.7711,47.83906],[-90.76584,47.83922],[-90.76579771014039,47.84239757255455],[-90.7446182271,47.848397807],[-90.7455747971,47.8514697692],[-90.7433780744,47.8536352411],[-90.7408656858,47.8531167583],[-90.7373269862,47.8487171822]]]},"properties":{"flat_pct":90}},{"type":"Feature","geometry":{"type":"Polygon","coordinates":[[[-90.8919899099,47.8421767557],[-90.8909110908,47.8445042157],[-90.8884275443,47.8451468023],[-90.8850551796,47.8433776929],[-90.8842131977,47.8406775443],[-90.8854740124,47.8387585799],[-90.8877224557,47.8382931977],[-90.8910948204,47.8400623071],[-90.8919899099,47.8421767557]]]},"properties":{"flat_pct":68}},{"type":"Feature","geometry":{"type":"Polygon","coordinates":[[[-90.8284349235,47.8455171032],[-90.8265932159,47.8463501248],[-90.8246410934,47.8458256922],[-90.8234647787,47.844181887],[-90.82357680806228,47.842221936962915],[-90.83034,47.84225],[-90.8284349235,47.8455171032]]]},"properties":{"flat_pct":100}},{"type":"Feature","geometry":{"type":"Polygon","coordinates":[[[-90.8146438487,47.8465882482],[-90.81325550030134,47.84217910995976],[-90.82091738021602,47.842210901992594],[-90.8211863418,47.845134863],[-90.82024036587008,47.846802044180535],[-90.81551,47.84518],[-90.81655158523036,47.84803173179901],[-90.8146438487,47.8465882482]]]},"properties":{"flat_pct":86}},{"type":"Feature","geometry":{"type":"Polygon","coordinates":[[[-90.88296385857281,47.87134691314175],[-90.8811798817,47.8680323714],[-90.88139301454318,47.863888437264315],[-90.88422,47.86382],[-90.88410475380277,47.86047786028051],[-90.88963,47.86017],[-90.88962791064482,47.857123720160146],[-90.8920781686,47.8606792691],[-90.8918177466,47.8632313469],[-90.8895,47.86247],[-90.8895,47.86055],[-90.88733,47.86058],[-90.88763,47.86596],[-90.88694,47.86541],[-90.88439,47.86763],[-90.88296385857281,47.87134691314175]]]},"properties":{"flat_pct":97}},{"type":"Feature","geometry":{"type":"Polygon","coordinates":[[[-90.69271252355375,48.06677896312525],[-90.6945693333,48.0646932741],[-90.69453151403191,48.06302862936408],[-90.6992,48.06302],[-90.69787573670989,48.06083442725291],[-90.700018783,48.0622840177],[-90.7011338699,48.0660416843],[-90.6981236101929,48.070600726927076],[-90.69504,48.07056],[-90.69507,48.06679],[-90.69271252355375,48.06677896312525]]]},"properties":{"flat_pct":100}},{"type":"Feature","geometry":{"type":"Polygon","coordinates":[[[-90.68172333798677,48.07024006359547],[-90.67912,48.07025],[-90.67917,48.06677],[-90.66977376282028,48.0668408481597],[-90.6672222031,48.0649375785],[-90.66657443211781,48.06314487258824],[-90.67232,48.06312],[-90.6719,48.06196],[-90.6802909305,48.0620615817],[-90.6829501851,48.0654580987],[-90.6831355478,48.0683868547],[-90.68172333798677,48.07024006359547]]]},"properties":{"flat_pct":89}},{"type":"Feature","geometry":{"type":"Polygon","coordinates":[[[-90.7430430364,48.0767527995],[-90.7364319497,48.0765816386],[-90.7349342362,48.0752241902],[-90.73467733888451,48.07306625889757],[-90.73638,48.07289],[-90.7361658098,48.0711642362],[-90.740018987,48.07081],[-90.742064419,48.0686845902],[-90.7440827676,48.0687945034],[-90.74549480471782,48.07002743442804],[-90.7475513051,48.0677715692],[-90.7503268363,48.0683157771],[-90.7516447396,48.0714777921],[-90.7509842229,48.0736768363],[-90.7480827708,48.074723944],[-90.7457726760091,48.072584134035914],[-90.7449480623,48.07548617],[-90.7430430364,48.0767527995]]]},"properties":{"flat_pct":62}},{"type":"Feature","geometry":{"type":"Polygon","coordinates":[[[-90.8209863504,48.0791478464],[-90.8210763523,48.0753133721],[-90.8246941151,48.0730397753],[-90.82558997296039,48.07299581942539],[-90.82563,48.07425],[-90.8355,48.07516],[-90.8402261195259,48.07456807896349],[-90.8394914046,48.0773293395],[-90.8359940267,48.0802146109],[-90.8262113325,48.0798633338],[-90.823732113,48.0808171021],[-90.8209863504,48.0791478464]]]},"properties":{"flat_pct":52}},{"type":"Feature","geometry":{"type":"Polygon","coordinates":[[[-90.7529559671,48.0825485014],[-90.7560121638,48.081217577],[-90.7582322879,48.0821680043],[-90.75928664273206,48.083827945415926],[-90.75276,48.08426],[-90.7529559671,48.0825485014]]]},"properties":{"flat_pct":14}},{"type":"Feature","geometry":{"type":"Polygon","coordinates":[[[-90.77132550922656,48.095029623872314],[-90.7791957824,48.0938939215],[-90.785126592,48.0894634998],[-90.7922430651,48.0866237107],[-90.7906520127,48.0856865934],[-90.7899020008,48.0838095494],[-90.7902730008,48.0815358673],[-90.7920145563,48.080042847],[-90.7859987285,48.0801808914],[-90.7816864749,48.0829881099],[-90.7758778633,48.0831592616],[-90.7650497492,48.0812267949],[-90.7617192937,48.082218614],[-90.75822651865212,48.08091199822371],[-90.76186,48.08076],[-90.76155,48.07713],[-90.75690066558681,48.077332527824815],[-90.7556236244,48.0719325788],[-90.7570778792,48.0695067019],[-90.7593491525,48.0691699593],[-90.762313728,48.0706553837],[-90.7632631727,48.0724696952],[-90.7629790803,48.0744179245],[-90.77202,48.07667],[-90.7934,48.07723],[-90.79326633046475,48.069126284424804],[-90.7969756865,48.0699837123],[-90.7982926277,48.0715198233],[-90.7983877817,48.0733538916],[-90.8019049843,48.074605746],[-90.8018126525,48.078178749],[-90.7975478732,48.0798650529],[-90.7991637354,48.0816552792],[-90.8015167704,48.0804011548],[-90.80404534915316,48.08166236065565],[-90.80392067094999,48.08617571161032],[-90.8028616081,48.0874807347],[-90.7880143933,48.0947290618],[-90.7804746959,48.0998020916],[-90.7713501962724,48.101107507810035],[-90.77134,48.09812],[-90.77532,48.09784],[-90.77133,48.09582],[-90.77132550922656,48.095029623872314]]]},"properties":{"flat_pct":54}},{"type":"Feature","geometry":{"type":"Polygon","coordinates":[[[-90.8210171223,48.0904553695],[-90.8215274169,48.0874132554],[-90.8247350507,48.0865061813],[-90.8283056947,48.0903387561],[-90.8286240441,48.0926126804],[-90.8272412439,48.0944456947],[-90.8244498108,48.0948294497],[-90.8229509086,48.0938924536],[-90.8210171223,48.0904553695]]]},"properties":{"flat_pct":52}},{"type":"Feature","geometry":{"type":"Polygon","coordinates":[[[-90.83726633234944,48.11752083631586],[-90.8352562784,48.1190595604],[-90.8313489815,48.1188282952],[-90.8295441902,48.1174088564],[-90.8292717048,48.1151289815],[-90.8312296864,48.1130878926],[-90.8354210185,48.1132417048],[-90.83734472750493,48.11489962393761],[-90.83726633234944,48.11752083631586]]]},"properties":{"flat_pct":67}},{"type":"Feature","geometry":{"type":"Polygon","coordinates":[[[-90.8420675433,48.1222315562],[-90.8403711647,48.1240156658],[-90.8380895023,48.1242727545],[-90.8362943342,48.1228411647],[-90.8360372455,48.1205595023],[-90.83723108492269,48.118699365661676],[-90.84228274452732,48.119367253406544],[-90.8420675433,48.1222315562]]]},"properties":{"flat_pct":100}},{"type":"Feature","geometry":{"type":"Polygon","coordinates":[[[-90.876460505,48.1267641633],[-90.8752553606,48.1289367591],[-90.8727705038,48.1305924521],[-90.8740972618,48.1329518524],[-90.87285836225156,48.135509753498226],[-90.8686,48.13528],[-90.8679827618,48.1359485054],[-90.8602834041,48.1337760284],[-90.86051546941694,48.13840261471054],[-90.85769,48.13828],[-90.85754,48.14008],[-90.85877850907556,48.14012414947924],[-90.8566886881,48.1401371609],[-90.8550185173,48.1386448199],[-90.8487450005,48.1436488498],[-90.84629214027719,48.144054307876026],[-90.84649,48.13803],[-90.84576973283123,48.13801318945567],[-90.8481037999,48.1366709732],[-90.8518178742,48.1317799936],[-90.8556146032,48.1303084793],[-90.8585699677,48.131394672],[-90.8591879833,48.1292104387],[-90.8608974857,48.1281318222],[-90.8650900949,48.1289317436],[-90.8711958334,48.1240713595],[-90.8675552262,48.1263410216],[-90.8626046773,48.1269888833],[-90.8604463886,48.1256455452],[-90.8528979162,48.1279599465],[-90.850242729,48.1263899656],[-90.850375682,48.1233082158],[-90.85701998841789,48.120232534268716],[-90.85868,48.12033],[-90.8591759427,48.1190711927],[-90.8611878939,48.1192657806],[-90.8626626574,48.1207957431],[-90.8684017153,48.1186879565],[-90.8692162123,48.1180642426],[-90.8674081085,48.1158729781],[-90.8673362996,48.1138245844],[-90.8693166562,48.1099381645],[-90.8717763554,48.1085636289],[-90.8740492785,48.1088890492],[-90.8754263711,48.1107263554],[-90.8740335194,48.1144170335],[-90.8756853712,48.1163131208],[-90.8759609691,48.1182821998],[-90.8725878674,48.1230394801],[-90.8757458336,48.1237634795],[-90.876460505,48.1267641633]]]},"properties":{"flat_pct":77}},{"type":"Feature","geometry":{"type":"Polygon","coordinates":[[[-90.86997,48.14698],[-90.86934,48.14963],[-90.8676,48.14967],[-90.86756676440125,48.15116415691748],[-90.8644038672,48.1515892144],[-90.8625062545,48.1498629506],[-90.86603,48.14966],[-90.86437,48.14789],[-90.86234398301356,48.14810849202795],[-90.8633810887,48.1463974721],[-90.8670589343,48.1443853106],[-90.86798298724077,48.14414652609671],[-90.86783,48.14632],[-90.87115,48.14659],[-90.86997,48.14698]]]},"properties":{"flat_pct":85}},{"type":"Feature","geometry":{"type":"Polygon","coordinates":[[[-90.9007630292,48.1551813515],[-90.90081,48.15793],[-90.90033,48.15621],[-90.89896,48.15585],[-90.89753,48.15352],[-90.89643,48.15367],[-90.89638,48.15238],[-90.898693998,48.1522118883],[-90.9007630292,48.1551813515]]]},"properties":{"flat_pct":83}},{"type":"Feature","geometry":{"type":"Polygon","coordinates":[[[-90.8910329643,48.1562546905],[-90.89592,48.15199],[-90.89286,48.15538],[-90.89328,48.157],[-90.89412,48.15727],[-90.89615,48.1542],[-90.89763,48.15391],[-90.89908,48.15846],[-90.90079,48.15856],[-90.90074,48.15976],[-90.89336,48.16166],[-90.89339,48.16049],[-90.89161272697876,48.16040296858917],[-90.8910329643,48.1562546905]]]},"properties":{"flat_pct":45}},{"type":"Feature","geometry":{"type":"Polygon","coordinates":[[[-90.898707387,48.1631474933],[-90.90001,48.16167],[-90.90065,48.16195],[-90.90062312722154,48.16268750847564],[-90.898707387,48.1631474933]]]},"properties":{}},{"type":"Feature","geometry":{"type":"Polygon","coordinates":[[[-90.8926946955,48.1629772861],[-90.89432,48.16193],[-90.89689,48.16221],[-90.89602218664747,48.16348066537129],[-90.89524,48.16275],[-90.8926946955,48.1629772861]]]},"properties":{}},{"type":"Feature","geometry":{"type":"Polygon","coordinates":[[[-90.8836922312,48.1611582338],[-90.8853698072,48.1622697429],[-90.88606261279588,48.16451568193546],[-90.88467,48.16471],[-90.88423,48.16383],[-90.881,48.16378],[-90.88035066057154,48.1626143183754],[-90.8809602625,48.1618426798],[-90.8836922312,48.1611582338]]]},"properties":{"flat_pct":44}},{"type":"Feature","geometry":{"type":"Polygon","coordinates":[[[-90.88175403621055,48.16763967007295],[-90.87985395852442,48.164992819951415],[-90.88423,48.16424],[-90.8838454382,48.1676800358],[-90.88224,48.16737],[-90.88273,48.16616],[-90.8805,48.16554],[-90.88175403621055,48.16763967007295]],[[-90.88262,48.16594],[-90.8835,48.16543],[-90.88243,48.16548],[-90.88262,48.16594]]]},"properties":{"flat_pct":100}},{"type":"Feature","geometry":{"type":"Polygon","coordinates":[[[-90.888,48.17828],[-90.88841,48.17598],[-90.89054,48.1761],[-90.88906,48.17695],[-90.89006,48.17743],[-90.88996,48.17967],[-90.88579647686063,48.18050194273589],[-90.88539,48.17825],[-90.888,48.17828]]]},"properties":{"flat_pct":75}},{"type":"Feature","geometry":{"type":"Polygon","coordinates":[[[-90.6218238319,47.6740761015],[-90.62323314682992,47.67371021189221],[-90.6232,47.67671],[-90.62026246875976,47.67667699403101],[-90.6218238319,47.6740761015]]]},"properties":{}},{"type":"Feature","geometry":{"type":"Polygon","coordinates":[[[-90.6350504685,47.6912534351],[-90.6315515152,47.6926801871],[-90.6314664914,47.6950085311],[-90.6356435274,47.695305688],[-90.64371750247342,47.699003301073056],[-90.6437,47.70218],[-90.63835,47.70217],[-90.63833030091298,47.7035883342655],[-90.6338,47.701121167370864],[-90.6338,47.69852],[-90.62534933077752,47.69848831989045],[-90.62578,47.68761],[-90.62043,47.68757],[-90.62043351421107,47.68820958641518],[-90.62028982927343,47.68030531162022],[-90.62629055125738,47.6803670589933],[-90.6263260846,47.6846350059],[-90.6324127525,47.68493108],[-90.6349337146,47.6864587996],[-90.6361819896,47.6886809146],[-90.6350504685,47.6912534351]]]},"properties":{"flat_pct":68}},{"type":"Feature","geometry":{"type":"Polygon","coordinates":[[[-90.6380328793,47.7183827527],[-90.63856,47.72016],[-90.62797,47.72012],[-90.62796150375588,47.72317015164074],[-90.626278824,47.7236396513],[-90.61471878364345,47.72119659479562],[-90.615889892,47.7185376773],[-90.6192611601,47.7169701922],[-90.626097863,47.7174662614],[-90.6207496112,47.7129243155],[-90.6196010421,47.7089445384],[-90.62313879133788,47.70168004698669],[-90.63128922309568,47.70214528049454],[-90.630572335,47.7040370355],[-90.6271557263,47.7063725186],[-90.6260250284,47.7083977846],[-90.62802175805145,47.711258120084395],[-90.62794,47.71294],[-90.63119750583216,47.713906460148756],[-90.62747,47.7139],[-90.63254,47.71793],[-90.6349,47.71746],[-90.63469340588878,47.71573492076642],[-90.6380328793,47.7183827527]]]},"properties":{"flat_pct":89}},{"type":"Feature","geometry":{"type":"Polygon","coordinates":[[[-90.62632,47.75707],[-90.6208,47.75696],[-90.62029,47.75871],[-90.61867,47.75906],[-90.6121,47.75844],[-90.61207,47.75611],[-90.59619,47.75608],[-90.59621,47.75969],[-90.59089,47.75969],[-90.59087,47.75607],[-90.58556,47.75607],[-90.58519584456083,47.75967953201321],[-90.5813840298,47.7546740808],[-90.5744954069,47.7542021981],[-90.5717351236,47.755692277],[-90.56959138019748,47.75505935682716],[-90.5696,47.74881],[-90.56429,47.74885],[-90.56427686962998,47.751226596972984],[-90.5639690234,47.7503435645],[-90.5600855874,47.7487514667],[-90.55351592757354,47.748087525934054],[-90.5535,47.73083],[-90.5505,47.73078782567947],[-90.5508410602,47.7222807416],[-90.5534097753,47.7206713571],[-90.5593541282,47.7205069528],[-90.5612979813,47.721410803],[-90.5631409332,47.7205339591],[-90.5735981278,47.7205389018],[-90.5783836076,47.7189831021],[-90.580936054,47.7202016066],[-90.5814274451,47.7227194342],[-90.5795320388,47.7248035179],[-90.5822302575,47.7255481172],[-90.5834699391527,47.72723069992394],[-90.57491,47.72722],[-90.57496,47.73086],[-90.5885928876841,47.73085360558739],[-90.5887388742,47.7330901679],[-90.5872396592,47.7348292574],[-90.5806922613,47.7370920879],[-90.5782685867,47.7355222995],[-90.5770186667,47.730995405],[-90.5742651531,47.7316053325],[-90.5760128463,47.7366106822],[-90.5720843286,47.7435326692],[-90.5712627164,47.7491212957],[-90.5737257585,47.7479225738],[-90.5778408379,47.7486137582],[-90.5797987346,47.7468191815],[-90.58621302979152,47.74519528593828],[-90.59615,47.74527],[-90.59619722298193,47.74100222300779],[-90.5994965946,47.7399002771],[-90.60682010377742,47.734862258222265],[-90.60681,47.73805],[-90.60983094301606,47.73804053589281],[-90.6091366932,47.7397900778],[-90.5972998983,47.7481338094],[-90.5921128824,47.7488490661],[-90.5868125133,47.7516571821],[-90.5891643794,47.7550101825],[-90.6006749831,47.7520851095],[-90.610214664,47.7547094945],[-90.6260397329,47.7521220076],[-90.631369821,47.7539169782],[-90.6382934266339,47.753549048665874],[-90.63813,47.75572],[-90.64351,47.75597],[-90.64372390396676,47.752950179292924],[-90.645865859,47.7523435199],[-90.6589171005,47.7518508875],[-90.6642378211,47.7496831246],[-90.6791910721,47.7472001412],[-90.68005646962591,47.74566127324556],[-90.68715,47.74556],[-90.68710189649107,47.743437432668465],[-90.70295708429215,47.742682273074934],[-90.70299,47.74562],[-90.69774,47.74556],[-90.69758883246828,47.74877008699694],[-90.6843943866,47.7502284062],[-90.6819682139,47.7527099934],[-90.67055615486362,47.75449505825255],[-90.67063,47.75314],[-90.65986,47.75314],[-90.65958955786714,47.75787603539995],[-90.6468613192,47.7582883087],[-90.6405672849,47.7600421209],[-90.63273386863207,47.75979788180452],[-90.63374,47.75835],[-90.62797,47.75578],[-90.62632,47.75707]],[[-90.5667872156,47.7339034404],[-90.5663015471,47.7265247981],[-90.56419440615639,47.72652128030821],[-90.56417,47.72356],[-90.55884,47.72358],[-90.55884807284345,47.72651044216816],[-90.5565,47.7265810922],[-90.5565,47.7422963452],[-90.5614152,47.7427166101],[-90.5660660926,47.7444474039],[-90.5662974825779,47.74160865829052],[-90.5696,47.74159],[-90.5696,47.73443],[-90.5667872156,47.7339034404]]]},"properties":{"flat_pct":72}},{"type":"Feature","geometry":{"type":"Polygon","coordinates":[[[-90.52086248642927,47.74519431885029],[-90.5232926871,47.743216426],[-90.5264216756,47.7437268284],[-90.5279389257,47.7454502059],[-90.5277931716,47.7477416756],[-90.5257868609,47.749340312],[-90.5223683244,47.7488831716],[-90.52163102460126,47.748370754250665],[-90.52164,47.74518],[-90.52086248642927,47.74519431885029]]]},"properties":{"flat_pct":35}},{"type":"Feature","geometry":{"type":"Polygon","coordinates":[[[-90.36781,47.74823],[-90.3639,47.74855],[-90.36393,47.74675],[-90.36659,47.74676],[-90.36781,47.74823]]]},"properties":{}},{"type":"Feature","geometry":{"type":"Polygon","coordinates":[[[-90.44654175807128,47.770871768414274],[-90.44649,47.77396],[-90.44117,47.77397],[-90.44117,47.775334355666686],[-90.438694324,47.7729734937],[-90.4368997514,47.7734786422],[-90.4344517394,47.7727087598],[-90.433144782,47.7701648091],[-90.432861367,47.7626300739],[-90.43059527784935,47.76264489879449],[-90.43062,47.75967],[-90.43598,47.75966],[-90.43595,47.76326],[-90.43885064021613,47.76324555098274],[-90.4388038658,47.7656778205],[-90.4451666439,47.7708547917],[-90.44654175807128,47.770871768414274]]]},"properties":{"flat_pct":80}},{"type":"Feature","geometry":{"type":"Polygon","coordinates":[[[-90.5311996081,47.7769986799],[-90.529538115,47.7747097552],[-90.5305182102,47.7720566157],[-90.5374713897,47.7703517255],[-90.5397713727,47.7706249384],[-90.541134493,47.7678806035],[-90.5449187078,47.7648166402],[-90.5535200639957,47.76324689755252],[-90.56087066528501,47.763263136633725],[-90.5579667651,47.7677545703],[-90.5526499243,47.7701595898],[-90.5483065973,47.7700443139],[-90.5457386267,47.7719596143],[-90.5429873402,47.7761835696],[-90.5356667893,47.7774773195],[-90.5311996081,47.7769986799]]]},"properties":{"flat_pct":94}},{"type":"Feature","geometry":{"type":"Polygon","coordinates":[[[-90.3140576266,47.7725518108],[-90.3134104705,47.7706368693],[-90.3141250381,47.7687460481],[-90.3158769306,47.7677377404],[-90.31825236657062,47.76803535700061],[-90.3182,47.77367],[-90.3140576266,47.7725518108]]]},"properties":{"flat_pct":65}},{"type":"Feature","geometry":{"type":"Polygon","coordinates":[[[-90.2578374864,47.7792635329],[-90.25631343597354,47.773428789884015],[-90.2631695898941,47.77345785506785],[-90.2641347644,47.7763928392],[-90.2638506289,47.7813737712],[-90.2595,47.787112040529195],[-90.2595,47.78427],[-90.25551207714783,47.784274978680216],[-90.2555467807,47.7813236592],[-90.2578374864,47.7792635329]]]},"properties":{"flat_pct":91}},{"type":"Feature","geometry":{"type":"Polygon","coordinates":[[[-90.3906010959,47.7842128787],[-90.3901641808,47.7791857963],[-90.392728653,47.7770561999],[-90.395347964,47.7781234139],[-90.3962511568,47.7811521353],[-90.4018582328,47.781852971],[-90.4031901884,47.7802173866],[-90.4072685084,47.7783534992],[-90.4106642475,47.778140793],[-90.4153324679,47.7798894017],[-90.4165177749,47.7821644771],[-90.414773928,47.7850053742],[-90.4097253716,47.784133409],[-90.4035331044,47.7877531169],[-90.3942036679,47.786869607],[-90.39306080447858,47.78626599833463],[-90.39307,47.78462],[-90.3906010959,47.7842128787]]]},"properties":{"flat_pct":94}},{"type":"Feature","geometry":{"type":"Polygon","coordinates":[[[-90.3838142376283,47.788139971832315],[-90.3852119031,47.7915897372],[-90.38528764660172,47.80250581140085],[-90.38218,47.8025],[-90.38224,47.79171],[-90.37832622993177,47.79171745480013],[-90.3769387536,47.787725082],[-90.3778279351,47.7859098222],[-90.379961092,47.7850602814],[-90.38229612679287,47.786200160453774],[-90.38228,47.78813],[-90.3838142376283,47.788139971832315]]]},"properties":{"flat_pct":84}},{"type":"Feature","geometry":{"type":"Polygon","coordinates":[[[-90.479744729,47.7995776442],[-90.5056698834,47.7988399708],[-90.5112214241,47.7969408091],[-90.510760178,47.7926722666],[-90.5049855706,47.7881484356],[-90.4982870038,47.7875410754],[-90.4891492894,47.7895797427],[-90.4709070074,47.7893158144],[-90.4639310151,47.7874268694],[-90.46249987492789,47.78663745044385],[-90.46251,47.78482],[-90.45997278359992,47.784800994633706],[-90.4561026396,47.7826194627],[-90.4551484185,47.7795785181],[-90.4515342665,47.7791481002],[-90.44944151446563,47.77756225513627],[-90.45185,47.77756],[-90.45185,47.77399],[-90.4589081901,47.7740202182],[-90.4604242854,47.7753830474],[-90.4612235167,47.7783030267],[-90.4625987854,47.7786640716],[-90.4681684731,47.7765518476],[-90.47862075384145,47.77472572341531],[-90.47858,47.77766],[-90.4817454682721,47.777645256319175],[-90.4805893438,47.7800899819],[-90.4772831932,47.7816785551],[-90.4696109564,47.7824102348],[-90.4740788884,47.7837766138],[-90.4887489597,47.7835844714],[-90.4980340488,47.7815103519],[-90.5062462259,47.7822520155],[-90.5103342884,47.7839718788],[-90.5163034842,47.7903493773],[-90.5214403025,47.789882991],[-90.5235602171,47.7878409749],[-90.5273942188,47.7867217965],[-90.5342450018,47.7888490213],[-90.5435418299,47.7889882127],[-90.5430788827,47.7857886305],[-90.5463088269,47.7831905115],[-90.5564961442,47.7816230656],[-90.5549167208,47.7785961037],[-90.55494744029036,47.774075048008015],[-90.56094712784343,47.77405480159333],[-90.5608546986,47.7771365087],[-90.5620078063,47.7791821347],[-90.5650347032,47.7797951227],[-90.5683636492,47.7769197377],[-90.572130635,47.7755335583],[-90.5743703445,47.7760393046],[-90.5755964417,47.777980635],[-90.575248498,47.7799718023],[-90.5714895658,47.7821461828],[-90.5699554849,47.7846283074],[-90.6117956188,47.7721161596],[-90.6209758507,47.7722351619],[-90.6271049953,47.7711700042],[-90.6309963361,47.7726009393],[-90.6394490216,47.7710313732],[-90.6498558952,47.7714024379],[-90.655822958,47.769920181],[-90.6680627755,47.7703170227],[-90.6758295523,47.7681603613],[-90.68210652716849,47.76842531218768],[-90.68221112157272,47.77443949043106],[-90.676653173,47.7741421171],[-90.6685511737,47.7763095635],[-90.656033254,47.7759604658],[-90.650360089,47.7774295577],[-90.6400394293,47.7770104946],[-90.6313336718,47.778622381],[-90.6269550853,47.7772456371],[-90.6150171386,47.7781297129],[-90.612975171,47.7795962827],[-90.6062123853,47.7796632195],[-90.59340956418782,47.78463805906975],[-90.58843,47.78423],[-90.58655,47.78538],[-90.58815,47.78616],[-90.58684787411973,47.78720569394759],[-90.5857059117,47.7866417677],[-90.5593601101,47.7931225847],[-90.566862299,47.7997178429],[-90.5712491919,47.7997104201],[-90.5742992285,47.7992167257],[-90.57510550012489,47.79927447744455],[-90.57448,47.80279],[-90.57743508409622,47.802817930851575],[-90.5758309652,47.8048985929],[-90.571993197,47.8056691818],[-90.5649952307,47.8056604505],[-90.5623954686,47.8037294764],[-90.5577219748,47.8056504039],[-90.5590880289,47.8117312667],[-90.55818,47.81654],[-90.5593816326,47.8176480848],[-90.5595887992,47.8199648717],[-90.5588542611,47.8218480248],[-90.5570917958,47.8228377358],[-90.5540494374,47.8214754754],[-90.552002764,47.8146121658],[-90.5529278193,47.8114938012],[-90.55168504338677,47.806185673669816],[-90.55308,47.80617],[-90.55314,47.80274],[-90.55174686800586,47.80274521772282],[-90.5551090899,47.8001940035],[-90.5549380502,47.7972914428],[-90.5525347591,47.7948126366],[-90.5335750893,47.7948396638],[-90.5306053309,47.7938290119],[-90.5286483936,47.7960194038],[-90.5245111326,47.7959830248],[-90.5244741592,47.7982159434],[-90.5228401093,47.7998290022],[-90.5176756889,47.7996428045],[-90.51682013267435,47.80266682360786],[-90.51042,47.80261],[-90.5064903415,47.8049331678],[-90.50522,47.80485299747814],[-90.50522,47.80265],[-90.47733559897362,47.802633969875814],[-90.4780109686,47.8006168201],[-90.479744729,47.7995776442]],[[-90.5613172144,47.7865069959],[-90.5638828021,47.7857037512],[-90.563265045,47.7855302534],[-90.5613172144,47.7865069959]],[[-90.5482313395,47.7890584237],[-90.5522867059,47.7888083286],[-90.5532165439,47.7880877042],[-90.5489159951,47.7886338056],[-90.5482313395,47.7890584237]],[[-90.6549,47.77092],[-90.65518,47.77453],[-90.67139,47.77485],[-90.67122,47.77133],[-90.6549,47.77092]]]},"properties":{"flat_pct":85}},{"type":"Feature","geometry":{"type":"Polygon","coordinates":[[[-90.32996,47.79525],[-90.33038,47.7969],[-90.32895,47.79689],[-90.32894,47.79525],[-90.32996,47.79525]]]},"properties":{}},{"type":"Feature","geometry":{"type":"Polygon","coordinates":[[[-90.38,47.80527],[-90.37928764160904,47.80248932709081],[-90.38218,47.8025],[-90.38245,47.81674],[-90.37919233723083,47.816542565892775],[-90.37926444124382,47.80650298697978],[-90.38,47.80527]]]},"properties":{"flat_pct":82}},{"type":"Feature","geometry":{"type":"Polygon","coordinates":[[[-90.4114774825,47.8046996516],[-90.4159519812,47.8026578761],[-90.4305675441,47.8029927125],[-90.4326495897,47.803960785],[-90.4334372875,47.8061175441],[-90.4326760214,47.807990052],[-90.4308996484,47.8089545781],[-90.417156066,47.8087918728],[-90.4192968724,47.8113238592],[-90.42099707015238,47.81564247684961],[-90.41468784780848,47.816791231483926],[-90.41438,47.81351],[-90.4120161433,47.8133169302],[-90.4104323173,47.8088579453],[-90.4114774825,47.8046996516]]]},"properties":{"flat_pct":96}},{"type":"Feature","geometry":{"type":"Polygon","coordinates":[[[-90.4524919299,47.8152256953],[-90.4489992539,47.8165572143],[-90.4311,47.81687],[-90.42603,47.8161],[-90.42501,47.81648],[-90.42502,47.81491],[-90.4229601682,47.8147382314],[-90.4236612525,47.8128423694],[-90.42540592,47.8118216114],[-90.4329541623,47.811626495],[-90.4369724742,47.8124778597],[-90.4401404934,47.8108251351],[-90.4457380665,47.8100708625],[-90.452058202,47.8108011966],[-90.4532664535,47.8130641701],[-90.4524919299,47.8152256953]]]},"properties":{"flat_pct":95}},{"type":"Feature","geometry":{"type":"Polygon","coordinates":[[[-90.2997010208,47.8170642853],[-90.2981403822196,47.81381048764387],[-90.3025,47.81371],[-90.3019127062,47.8115178827],[-90.3123934846,47.8157437075],[-90.3136421173,47.8190927062],[-90.3122091525,47.8208867769],[-90.3099272938,47.8211421173],[-90.2997010208,47.8170642853]]]},"properties":{"flat_pct":94}},{"type":"Feature","geometry":{"type":"Polygon","coordinates":[[[-90.525178467635,47.81708090600309],[-90.52610347188771,47.820695451347724],[-90.51964274988966,47.82072319677962],[-90.5182148547,47.8192073165],[-90.51796508484384,47.81710472377646],[-90.525178467635,47.81708090600309]]]},"properties":{"flat_pct":95}},{"type":"Feature","geometry":{"type":"Polygon","coordinates":[[[-90.3001494982,47.8238219671],[-90.2975548639,47.8241307873],[-90.2957278007,47.8227401334],[-90.2954192127,47.8204648639],[-90.2971233721,47.8179955406],[-90.2996854955,47.8178673046],[-90.3015496265,47.8196643871],[-90.3017959694,47.8219092561],[-90.3001494982,47.8238219671]]]},"properties":{"flat_pct":100}},{"type":"Feature","geometry":{"type":"Polygon","coordinates":[[[-90.6361596966,47.8274132077],[-90.6361439239,47.8243037531],[-90.6373836122,47.8217538549],[-90.6412088737,47.8191165988],[-90.64385363150535,47.81924927879384],[-90.64392447194473,47.824463135132355],[-90.6421199349,47.8261530475],[-90.6461738986,47.8292077453],[-90.6457276347,47.832753972],[-90.6430398286,47.8336345595],[-90.6391045636,47.8317863393],[-90.6361596966,47.8274132077]]]},"properties":{"flat_pct":97}},{"type":"Feature","geometry":{"type":"Polygon","coordinates":[[[-90.49489312060022,47.82439],[-90.4961373715,47.8267429643],[-90.5013663555,47.8236477954],[-90.5047495133,47.8228219995],[-90.5068514016,47.8237927598],[-90.5076362013,47.825970924],[-90.5055881142,47.8292208204],[-90.5026911896,47.8303237049],[-90.50222738040385,47.831635274930605],[-90.49505,47.83164],[-90.49504833742358,47.83342726965704],[-90.4935815943,47.8334302277],[-90.4890280855,47.8301291073],[-90.48809135988333,47.827990354031215],[-90.48988,47.82802],[-90.48983366836806,47.82521693626785],[-90.4913338624823,47.82439],[-90.49489312060022,47.82439]]]},"properties":{"flat_pct":76}},{"type":"Feature","geometry":{"type":"Polygon","coordinates":[[[-90.3411270334,47.8298753066],[-90.3420625779,47.8274866506],[-90.3449379822,47.8264902425],[-90.3446611848,47.8248658804],[-90.3422307603,47.8244562583],[-90.332530237,47.8298679634],[-90.3301179354,47.8360310149],[-90.3236688544,47.8388190865],[-90.32183507040267,47.84057162031897],[-90.32193,47.8377],[-90.31701,47.83682],[-90.31671,47.84041],[-90.30962756344721,47.84035792326064],[-90.3088074845,47.8389813267],[-90.3094694983,47.8316339461],[-90.3108100068,47.8297697801],[-90.3143717605,47.8300677511],[-90.3163296326,47.8330921333],[-90.3162309343,47.8353816769],[-90.3176311301,47.8352754515],[-90.3194286167,47.8330497443],[-90.3220724261,47.83282],[-90.32505495732195,47.830645819054936],[-90.32674,47.831],[-90.326790602,47.8263082875],[-90.3283944996,47.8243389504],[-90.33113621527404,47.82394555730856],[-90.3358,47.82565],[-90.3353060184886,47.82192889540627],[-90.3411693521,47.8182213309],[-90.3504212239,47.8198815352],[-90.3520091904,47.8218783876],[-90.3515926413,47.8248626799],[-90.354397125,47.8245681844],[-90.35804824980278,47.82569251881677],[-90.35919,47.8367],[-90.35838617587531,47.84028753349695],[-90.35238586361334,47.84034376885086],[-90.3526309632,47.8330037921],[-90.3434476538,47.8325936878],[-90.3411270334,47.8298753066]]]},"properties":{"flat_pct":96}},{"type":"Feature","geometry":{"type":"Polygon","coordinates":[[[-90.5318284682,47.8255652391],[-90.53428722231101,47.82783298946792],[-90.53306,47.82788],[-90.53346256426843,47.83067472501739],[-90.5326268578,47.8312535125],[-90.5335751565964,47.83322393848755],[-90.53356,47.83865],[-90.529063767,47.83771221],[-90.5267707867,47.8326531263],[-90.5213940971,47.8278171828],[-90.5168639566,47.8275076742],[-90.515570377,47.824992443],[-90.51583228075354,47.82381694600245],[-90.5298042979663,47.82416419897107],[-90.5300748448,47.8252940602],[-90.5318284682,47.8255652391]]]},"properties":{"flat_pct":77}},{"type":"Feature","geometry":{"type":"Polygon","coordinates":[[[-90.1425867053,47.8314106022],[-90.1442402131,47.8291159023],[-90.14701062116399,47.82918681985024],[-90.14699,47.83477],[-90.14214031357987,47.83473374066228],[-90.1425867053,47.8314106022]]]},"properties":{"flat_pct":100}},{"type":"Feature","geometry":{"type":"Polygon","coordinates":[[[-90.2206302228,47.8365499841],[-90.2016351428,47.8364304328],[-90.1997301725,47.8351485724],[-90.1992895672,47.8328951428],[-90.2019456803,47.8305035033],[-90.22192617309935,47.83031498478355],[-90.22193,47.831],[-90.22727,47.831],[-90.22726,47.83281],[-90.23259,47.83281],[-90.23265,47.82741],[-90.22810631689988,47.82741423061741],[-90.2242268205,47.8241743231],[-90.2230203523,47.8194652873],[-90.2242266442,47.8178433527],[-90.2261880649,47.8173548438],[-90.2282115879,47.8184399395],[-90.2294334713,47.8210624201],[-90.2363548705,47.8247696948],[-90.2370459933,47.8268449968],[-90.236077519,47.8299103443],[-90.2422534343,47.8300702784],[-90.2485683467,47.8284789174],[-90.25392360351648,47.82850546812864],[-90.25392,47.8311],[-90.25903,47.83124],[-90.25908196280726,47.82857505031332],[-90.2608128585,47.8286596872],[-90.2658642998,47.8319745646],[-90.2771137475,47.8357099648],[-90.2875690797,47.8418979817],[-90.2881296061,47.8388661333],[-90.290779273,47.8378766885],[-90.2997371661,47.8404577987],[-90.30164821477534,47.84391914925837],[-90.29998,47.84391],[-90.29963997315433,47.84684070757456],[-90.2984550674,47.8470036602],[-90.2890131782,47.8435165024],[-90.2884411055,47.8465855344],[-90.2852109349,47.8474087575],[-90.27401182188018,47.84098555993594],[-90.27483,47.83557],[-90.2494049255,47.8344450606],[-90.2427866952,47.8360735449],[-90.23424147049278,47.83586480881913],[-90.2314455707,47.8380284773],[-90.2277348154,47.8356869711],[-90.2206302228,47.8365499841]]]},"properties":{"flat_pct":86}},{"type":"Feature","geometry":{"type":"Polygon","coordinates":[[[-90.2916034821,47.8304938881],[-90.30197128312743,47.829445282274975],[-90.30114593763982,47.83510042728269],[-90.2962672511,47.8358798212],[-90.2915938881,47.8347365179],[-90.2907200077,47.832613216],[-90.2916034821,47.8304938881]]]},"properties":{"flat_pct":100}},{"type":"Feature","geometry":{"type":"Polygon","coordinates":[[[-90.44793348213135,47.8344853070473],[-90.44809109785255,47.83079320230241],[-90.45263,47.8309],[-90.45271,47.83454],[-90.44793348213135,47.8344853070473]]]},"properties":{"flat_pct":100}},{"type":"Feature","geometry":{"type":"Polygon","coordinates":[[[-90.4693383482,47.8326700865],[-90.4728386826,47.8326253072],[-90.4743320271,47.8343694402],[-90.4741546928,47.8366586826],[-90.4722190822,47.838325683],[-90.4650796133,47.8391564376],[-90.46416783428516,47.84187209590234],[-90.46346,47.84186],[-90.46331,47.83826],[-90.45906511559946,47.83821926214586],[-90.4598396157,47.8359124777],[-90.45796987977342,47.834720850220606],[-90.45783,47.83097],[-90.46303,47.83108],[-90.46255,47.82787],[-90.46533,47.82651],[-90.46814,47.82771],[-90.47002848893787,47.827096727819146],[-90.4709562288,47.8299305991],[-90.4693383482,47.8326700865]],[[-90.4635319628,47.8311507466],[-90.4635868037,47.8309094467],[-90.4630922297,47.8308704942],[-90.4635319628,47.8311507466]]]},"properties":{"flat_pct":87}},{"type":"Feature","geometry":{"type":"Polygon","coordinates":[[[-90.14696,47.83836],[-90.14699,47.83477],[-90.1481884321838,47.83477670764282],[-90.14770634762124,47.83836555938638],[-90.14696,47.83836]]]},"properties":{}},{"type":"Feature","geometry":{"type":"Polygon","coordinates":[[[-90.31671,47.84041],[-90.3205454842939,47.84110189128439],[-90.31659558700767,47.84173497626599],[-90.31671,47.84041]]]},"properties":{}},{"type":"Feature","geometry":{"type":"Polygon","coordinates":[[[-90.3709,47.84488],[-90.37009,47.84432],[-90.37029,47.84283],[-90.36833,47.84199],[-90.37042,47.84141],[-90.3709,47.84488]]]},"properties":{"flat_pct":100}},{"type":"Feature","geometry":{"type":"Polygon","coordinates":[[[-90.34847,47.84405],[-90.34639080477476,47.844036161762226],[-90.34848699566321,47.842802518320696],[-90.34847,47.84405]]]},"properties":{}},{"type":"Feature","geometry":{"type":"Polygon","coordinates":[[[-90.46346,47.84186],[-90.46296817971104,47.84544516772245],[-90.45837,47.84541],[-90.45824,47.84181],[-90.46346,47.84186]]]},"properties":{"flat_pct":100}},{"type":"Feature","geometry":{"type":"Polygon","coordinates":[[[-90.6483678628,47.8485321453],[-90.6363016026,47.848937574],[-90.6343809039,47.8476794029],[-90.633912426,47.8454316026],[-90.6365387175,47.8430072534],[-90.6404720981,47.8433005746],[-90.6566173352,47.8409600012],[-90.6592645066,47.8425434602],[-90.6594915934,47.8448283036],[-90.6580365398,47.8466045066],[-90.6483678628,47.8485321453]]]},"properties":{"flat_pct":100}},{"type":"Feature","geometry":{"type":"Polygon","coordinates":[[[-90.3729605099,47.8446625844],[-90.3716414099,47.8461884636],[-90.37027133188472,47.84673355712488],[-90.37153,47.84537],[-90.3709,47.84488],[-90.3729605099,47.8446625844]]]},"properties":{}},{"type":"Feature","geometry":{"type":"Polygon","coordinates":[[[-90.2670710047,47.8485914516],[-90.2638078389,47.8492722212],[-90.2611345251101,47.84601792023126],[-90.26792611381059,47.84639780445598],[-90.2670710047,47.8485914516]]]},"properties":{"flat_pct":100}},{"type":"Feature","geometry":{"type":"Polygon","coordinates":[[[-90.2312854178,47.8468472322],[-90.2333602246,47.8458637411],[-90.23614516534091,47.84661504787891],[-90.2395026066,47.8437745989],[-90.2440397813,47.8422757235],[-90.2457428893,47.8433644085],[-90.2463687552,47.8452864136],[-90.2456332489,47.8471691888],[-90.24257213,47.8493670438],[-90.2435959604,47.8511918906],[-90.2666803744,47.8519404661],[-90.2687378128,47.8527246895],[-90.2701317986,47.8500803462],[-90.2725854822,47.8493317757],[-90.2745567839,47.8505090809],[-90.2769072091,47.8557703201],[-90.2730360254,47.8595922813],[-90.2704662825766,47.859260382903365],[-90.26969,47.85735],[-90.2647,47.85705],[-90.2638244504,47.859534235],[-90.2615144263,47.8606499006],[-90.259386022,47.8597885221],[-90.2585022872,47.8578871571],[-90.2408876352,47.857058904],[-90.2391232082,47.855963447],[-90.2381647419,47.8537966487],[-90.231288877,47.8508765844],[-90.2305137411,47.8490097754],[-90.2312854178,47.8468472322]]]},"properties":{"flat_pct":96}},{"type":"Feature","geometry":{"type":"Polygon","coordinates":[[[-90.3432503438,47.8476454151],[-90.35211,47.84765],[-90.3502165068,47.8487466166],[-90.3504019394733,47.853623823066634],[-90.34893,47.85358],[-90.34937218001198,47.85570841845108],[-90.3442,47.8552],[-90.34323162361584,47.8517120517274],[-90.3443699937,47.8504353613],[-90.3432503438,47.8476454151]]]},"properties":{"flat_pct":86}},{"type":"Feature","geometry":{"type":"Polygon","coordinates":[[[-90.5418415042,47.8562203035],[-90.5432512263,47.8515575911],[-90.5395256899,47.850201343],[-90.5355019631,47.8503088384],[-90.5340649814,47.8488872564],[-90.5338560216,47.8468767471],[-90.53436598094157,47.845797187935446],[-90.5437,47.84568],[-90.54359,47.84205],[-90.54582346893594,47.84201699306991],[-90.5498736036,47.8511258003],[-90.54910220850074,47.853233298256164],[-90.549,47.84921],[-90.54376,47.84925],[-90.54395,47.85995],[-90.5552381629,47.8594699621],[-90.5669208415,47.8571301417],[-90.57443535094082,47.85776843631881],[-90.57438,47.85975],[-90.56943,47.85977],[-90.5690358443798,47.86332232752704],[-90.55883107798333,47.86485788592662],[-90.55902,47.86351],[-90.55404,47.86358],[-90.5537419086646,47.86558147039475],[-90.5260782538,47.8674029075],[-90.51559688186512,47.86923786436211],[-90.51572,47.86784],[-90.51031,47.86795],[-90.51055,47.86429],[-90.50923982678793,47.864259530855534],[-90.51294292497707,47.86361123543203],[-90.52511,47.8642],[-90.53769,47.86202],[-90.533,47.86174],[-90.53314135277301,47.86092486567561],[-90.5417539705,47.8603577916],[-90.5418415042,47.8562203035]]]},"properties":{"flat_pct":97}},{"type":"Feature","geometry":{"type":"Polygon","coordinates":[[[-90.3447438189,47.8575359035],[-90.34012999554264,47.85811667373057],[-90.33892,47.85468],[-90.3442,47.8552],[-90.3447438189,47.8575359035]]]},"properties":{"flat_pct":92}},{"type":"Feature","geometry":{"type":"Polygon","coordinates":[[[-90.6174228287,47.8574706727],[-90.63214167774386,47.85783822174879],[-90.63196,47.86097],[-90.63969433460649,47.86174555880718],[-90.63697947948664,47.8626027275355],[-90.63207,47.86202],[-90.62993,47.86328],[-90.63397114870067,47.86397336866788],[-90.6318807204,47.8650332777],[-90.6285349558218,47.86385994152249],[-90.61031,47.86416],[-90.61,47.86066],[-90.60518,47.86051],[-90.60528607839849,47.86449910609054],[-90.5859305804,47.8647887625],[-90.57401391417636,47.86375441570165],[-90.57438,47.85975],[-90.59554,47.8602],[-90.59551348571961,47.858296863874095],[-90.6106764817,47.8588567561],[-90.6174228287,47.8574706727]]]},"properties":{"flat_pct":97}},{"type":"Feature","geometry":{"type":"Polygon","coordinates":[[[-90.341885079,47.882346268],[-90.340040001988,47.88481475048416],[-90.33648776427138,47.8847753541324],[-90.3353115989,47.8827393424],[-90.3362301779,47.8801565069],[-90.3356690991,47.8779024689],[-90.3336224209,47.8744842091],[-90.3263524419,47.8695384667],[-90.3157781492,47.8650799005],[-90.31281791756713,47.8669794843387],[-90.31401,47.86129],[-90.31354036918388,47.8594168747909],[-90.31881,47.85797],[-90.31971,47.86144],[-90.32805939363709,47.8606569946637],[-90.3246338572,47.8625398435],[-90.3295894794,47.8644019563],[-90.3381995743,47.8703280571],[-90.3413273706,47.8747656652],[-90.3423584342,47.879616825],[-90.341885079,47.882346268]]]},"properties":{"flat_pct":88}},{"type":"Feature","geometry":{"type":"Polygon","coordinates":[[[-89.9391691553,47.8714224349],[-89.9455004861,47.8738849506],[-89.9462549759,47.87605355],[-89.9452550494,47.8781204861],[-89.9427937268,47.8788435434],[-89.93781233141382,47.87702712792268],[-89.93775,47.87271],[-89.9368694268879,47.872651076892126],[-89.9391691553,47.8714224349]]]},"properties":{"flat_pct":84}},{"type":"Feature","geometry":{"type":"Polygon","coordinates":[[[-90.4906204501,47.8785442986],[-90.48413017778356,47.88151442549434],[-90.48393,47.87814],[-90.48906,47.8781],[-90.48879,47.87449],[-90.48686,47.87458],[-90.48969786290101,47.87094475431586],[-90.50330777151662,47.87138929906964],[-90.4952101781,47.8737855186],[-90.4906204501,47.8785442986]]]},"properties":{"flat_pct":93}},{"type":"Feature","geometry":{"type":"Polygon","coordinates":[[[-90.47878,47.87878],[-90.47201456988114,47.87843471099742],[-90.4787,47.87736],[-90.47878,47.87878]]]},"properties":{}},{"type":"Feature","geometry":{"type":"Polygon","coordinates":[[[-90.2436128324,47.8757177189],[-90.2414225816,47.8770903755],[-90.235263553,47.8769190435],[-90.2370522899,47.8818466551],[-90.2358903776,47.883500672],[-90.233650675,47.8840064485],[-90.231709328,47.8827803776],[-90.2284907641,47.8764177032],[-90.2293978607,47.8728727021],[-90.233683246,47.8710729526],[-90.2280597797,47.8685274429],[-90.2241360961,47.8695843433],[-90.2203063456,47.8689228011],[-90.2173244386,47.8708854281],[-90.21474977830121,47.869105796302954],[-90.2098754416,47.8693877671],[-90.2046892907,47.8683298465],[-90.2052851541,47.8694952852],[-90.2098758842,47.870377041],[-90.2111681363,47.8719313564],[-90.2103787969,47.8751699736],[-90.2059669885,47.8756520385],[-90.204835052,47.8777980153],[-90.21092495399382,47.88034905620409],[-90.21104173511435,47.888297471220376],[-90.2079961494,47.8870886517],[-90.2068759738,47.8851148325],[-90.1988056517,47.8823338536],[-90.1951200835,47.8868832268],[-90.1979584094,47.8878804977],[-90.2038418408,47.8873052233],[-90.2086967436,47.88874161],[-90.2108308352,47.8901898535],[-90.2112624708,47.892751482],[-90.2103801544,47.8945320889],[-90.2085648847,47.8954212501],[-90.2035317831,47.8934249475],[-90.1975247953,47.8938719719],[-90.1996739969,47.8959016336],[-90.1996561114,47.8984956685],[-90.195833223,47.9044591892],[-90.1919891182,47.9066829039],[-90.1926492206,47.9114646576],[-90.1953244594,47.9162563432],[-90.1950394733,47.9188552845],[-90.1915533461,47.9235751171],[-90.189473098,47.924547046],[-90.1875415803,47.9239511844],[-90.1864265075,47.9222652352],[-90.1865786988,47.9192581667],[-90.1885167099,47.9158153375],[-90.1868126356,47.9136640399],[-90.1855253537,47.9053268719],[-90.1865147161,47.9022326507],[-90.1914517901,47.9001677755],[-90.1918531354,47.8984431305],[-90.1837382806,47.8996706847],[-90.1818104974,47.8984233957],[-90.1813293153,47.8961782806],[-90.1830911106,47.8939656322],[-90.1890382678,47.8930959018],[-90.1881477189,47.8860480711],[-90.1950473191,47.8774605109],[-90.1991674379,47.8753007082],[-90.1997401918,47.8719329178],[-90.193162811,47.8688673858],[-90.191660012,47.8717767503],[-90.1886426938,47.8732410594],[-90.1867663891,47.8765349274],[-90.1810960851,47.8779672692],[-90.171602491,47.8780747937],[-90.1607524077,47.8807424593],[-90.1568409438,47.884747306],[-90.1500283242,47.8885499898],[-90.1465405529,47.8869495461],[-90.1386881277,47.8859454655],[-90.1362908655,47.8862651005],[-90.1340376157,47.8886101343],[-90.12692485942726,47.888773217161294],[-90.1256765395,47.8866445848],[-90.1267409105,47.8840241172],[-90.1299332295,47.8834125107],[-90.1325878336,47.880720941],[-90.1388017724,47.8799224724],[-90.1496731576,47.8817274284],[-90.1533652672,47.8797844472],[-90.15865532,47.8749745598],[-90.1682319174273,47.87289528732608],[-90.18229,47.87422],[-90.18521,47.87344],[-90.17955,47.87209],[-90.18441,47.87088],[-90.18441,47.86727],[-90.17905,47.86726],[-90.17903,47.86369],[-90.16954430287093,47.863672291791296],[-90.1645652966,47.8606478552],[-90.1565339275,47.8608222087],[-90.1520038857,47.8596586891],[-90.1501701477,47.8598826571],[-90.1487474155,47.8639037064],[-90.14687507022559,47.86540978901275],[-90.14688,47.86364],[-90.14157,47.86359],[-90.1416,47.86719],[-90.14674459570077,47.86722904816471],[-90.1442324048,47.8704450113],[-90.1388728555,47.8718355764],[-90.13422697562616,47.87076762984228],[-90.1364,47.87078],[-90.13633,47.86714],[-90.13287786045011,47.8671139461166],[-90.1334256944,47.8661820264],[-90.1354804616,47.8651573267],[-90.1393220968,47.8656013108],[-90.1438839433,47.8589434532],[-90.1421876663,47.8575650297],[-90.1402862846,47.8530639431],[-90.1409253426,47.8482794382],[-90.134238581,47.8468337186],[-90.1328696545,47.843532065],[-90.1353387832,47.8412926227],[-90.140683067,47.8422466627],[-90.14165852852724,47.83832036283011],[-90.14696,47.83836],[-90.1469575186,47.848948008],[-90.14689874549607,47.84965538492832],[-90.14156,47.84916],[-90.14155,47.85278],[-90.14689118655356,47.85239928105766],[-90.1485308523,47.8540382894],[-90.1524321305,47.8536175093],[-90.1571123514,47.8548206948],[-90.1684797812,47.8539812145],[-90.1703604288,47.8552985006],[-90.1707158078,47.8577166494],[-90.1727363236,47.8576195617],[-90.1806620701,47.8604080961],[-90.1834550786,47.8631067711],[-90.2053270599,47.8623022847],[-90.2104644897,47.863387361],[-90.2198820958,47.8627500244],[-90.2231592546,47.863392524],[-90.2241385334,47.8607044909],[-90.226132473044,47.85960126113334],[-90.22515,47.86049],[-90.23145,47.8654],[-90.23489,47.86605],[-90.2364841019,47.8633758484],[-90.2389281981,47.8625965444],[-90.2433964079,47.86639],[-90.2458617753,47.866628308],[-90.2476011585,47.8682365022],[-90.25335826272897,47.86842205346433],[-90.2562944321,47.8672833849],[-90.2563519798,47.8632157862],[-90.2593608631,47.8617811017],[-90.265160821,47.866609146],[-90.26527829604527,47.86771823978417],[-90.26406,47.8671],[-90.26462,47.86931],[-90.26205,47.87192],[-90.26465,47.87101],[-90.26367,47.87215],[-90.2644,47.87288],[-90.26703,47.87243],[-90.26606,47.87321],[-90.26686,47.87328],[-90.27474628046258,47.87212533353422],[-90.2727038094,47.8749343361],[-90.2641552261,47.8745825154],[-90.2590739497636,47.87715299231376],[-90.25909,47.87428],[-90.2445824383,47.8737694169],[-90.2436128324,47.8757177189]],[[-90.22688,47.8672],[-90.22849,47.8672],[-90.22845,47.86606],[-90.22689,47.86594],[-90.22688,47.8672]],[[-90.21845,47.86635],[-90.21813,47.86721],[-90.22155,47.8672],[-90.22156,47.86623],[-90.21845,47.86635]]]},"properties":{"flat_pct":78}},{"type":"Feature","geometry":{"type":"Polygon","coordinates":[[[-90.3874823009,47.8881787433],[-90.3756708416,47.8907035184],[-90.3726870357,47.8932242468],[-90.3704869258,47.8925672882],[-90.3693957532,47.8905470357],[-90.36965301921961,47.88899790086545],[-90.37167,47.88905],[-90.37233189456035,47.88550886733424],[-90.37708,47.88558],[-90.37709797390242,47.884016270489596],[-90.3868342241,47.8821048241],[-90.3919840574,47.8825252906],[-90.4007575924,47.8776449568],[-90.3934445846,47.8763637005],[-90.3879359318,47.8730036568],[-90.38789,47.87105],[-90.39329,47.87101],[-90.39326252699699,47.86902644918262],[-90.3952985733,47.8706465615],[-90.4017056429,47.8712247787],[-90.4054169416,47.8729263188],[-90.41472076247474,47.871713987214484],[-90.41479,47.87421],[-90.42539,47.87388],[-90.42543,47.87768],[-90.43086,47.87781],[-90.43082,47.87404],[-90.43212162416212,47.874074580301524],[-90.4328937103,47.8754877514],[-90.4323444374,47.8779935886],[-90.4303524378,47.8791355237],[-90.4194650189,47.8787244575],[-90.41711363,47.877302149],[-90.4120758025,47.8785036034],[-90.40414,47.8782],[-90.40407,47.88186],[-90.40942,47.88177],[-90.40943392245407,47.880482172998335],[-90.4197839302,47.8833213766],[-90.4403935803,47.8816574746],[-90.4411341992,47.8777835007],[-90.4433605128,47.8750657555],[-90.44967029025133,47.87454079642013],[-90.4507710574,47.8764081919],[-90.44528,47.87834],[-90.44754,47.87904],[-90.44615,47.87983],[-90.44715,47.88162],[-90.4468243642,47.8869953532],[-90.4210516976,47.8892074977],[-90.41619747759951,47.89286922393861],[-90.4141,47.89299],[-90.41077,47.89059],[-90.40969,47.89297],[-90.40395,47.89545],[-90.4043368682,47.8931848391],[-90.4107655716,47.8899711025],[-90.4124057222,47.8881075876],[-90.4019797114,47.8839536834],[-90.3937024234,47.8883525826],[-90.3874823009,47.8881787433]]]},"properties":{"flat_pct":81}},{"type":"Feature","geometry":{"type":"Polygon","coordinates":[[[-90.4833861553,47.8818078584],[-90.47901878078424,47.88297760525164],[-90.47895,47.88164],[-90.4833861553,47.8818078584]]]},"properties":{}},{"type":"Feature","geometry":{"type":"Polygon","coordinates":[[[-90.2806929879,47.8969836654],[-90.2812014506,47.8948229974],[-90.2797348283,47.89185248],[-90.27518896323637,47.89024529070982],[-90.27518,47.888],[-90.27341475807393,47.888072793481484],[-90.2721294123,47.8866630266],[-90.2684356287,47.8864431596],[-90.2662247646,47.8838056617],[-90.2582254408,47.88323693],[-90.2568168802,47.881423636],[-90.2572611354,47.8788970655],[-90.2594960332,47.87763764],[-90.2678396076,47.8780058898],[-90.2702224268,47.8790402299],[-90.271377835,47.8806650632],[-90.2749342402,47.8811910801],[-90.2787749369,47.8852261463],[-90.2848096479,47.8877775562],[-90.2881919073,47.893217061],[-90.2882960172,47.8969935849],[-90.28983661487142,47.897911681942475],[-90.28727,47.89861],[-90.2903093753,47.9011981327],[-90.2876793624,47.9033382198],[-90.2853207581,47.9034152732],[-90.2815433012,47.9004299996],[-90.2806929879,47.8969836654]]]},"properties":{"flat_pct":77}},{"type":"Feature","geometry":{"type":"Polygon","coordinates":[[[-90.3168076633,47.8880265377],[-90.31972201203524,47.892010438728825],[-90.31785,47.892],[-90.31774,47.89564],[-90.32409402190964,47.89567530012172],[-90.3285677584,47.8978157229],[-90.3354988062,47.8984668146],[-90.3436026849,47.8977900268],[-90.3544479241,47.8994565149],[-90.3559131254,47.9024506565],[-90.3534196484,47.905011408],[-90.3499546898956,47.90467481913739],[-90.34992,47.90318],[-90.3356014073,47.9045475424],[-90.3285719728,47.9038341288],[-90.336663634,47.9074559535],[-90.3464012614,47.9088313167],[-90.3518323326,47.9069902987],[-90.3583157638,47.9084617963],[-90.3611804413,47.9102840065],[-90.36152051077933,47.91325955965257],[-90.35833,47.91229],[-90.35646343814066,47.91418833925708],[-90.3515800248,47.9130240264],[-90.34984577654465,47.91412404209218],[-90.34752,47.91248],[-90.34279,47.91319],[-90.34118,47.91189],[-90.3363,47.91083],[-90.33752,47.90995],[-90.33384,47.90793],[-90.3339,47.90666],[-90.32851,47.90663],[-90.32854422754498,47.910267604085895],[-90.31727053,47.9085685844],[-90.3131998411,47.9099382494],[-90.3067300467,47.9147394876],[-90.2968,47.91354],[-90.29682,47.91719],[-90.29487135378828,47.91726746171276],[-90.2947430022,47.9117209947],[-90.2958828062,47.9096361314],[-90.2988788437,47.9085143317],[-90.304980287,47.9087898703],[-90.3103218187,47.9046217623],[-90.3145221234,47.9031681041],[-90.3177814795,47.9002219788],[-90.3146978611,47.8979529412],[-90.3139254925,47.8938657341],[-90.3109053832,47.8902886138],[-90.3100210735,47.8864355121],[-90.2954114385,47.8772432342],[-90.2938630303,47.8742209191],[-90.2943470938,47.8717647315],[-90.29664348043137,47.870058169457096],[-90.29676,47.87375],[-90.3016,47.87391],[-90.30196545932799,47.86752407911096],[-90.30643,47.86821],[-90.30764,47.86727],[-90.31216446709479,47.86755669890501],[-90.3067267041,47.8730965365],[-90.3017566923,47.8739255052],[-90.314401133,47.8822430153],[-90.3168076633,47.8880265377]],[[-90.3231270061,47.9037893812],[-90.3251963416,47.9034100445],[-90.3266695156,47.9035591109],[-90.3235049882,47.9020440477],[-90.3231270061,47.9037893812]]]},"properties":{"flat_pct":68}},{"type":"Feature","geometry":{"type":"Polygon","coordinates":[[[-90.40933785782654,47.89730230745473],[-90.40934,47.89558],[-90.41496943729577,47.89428016388416],[-90.4139129892,47.895117061],[-90.40933785782654,47.89730230745473]]]},"properties":{}},{"type":"Feature","geometry":{"type":"Polygon","coordinates":[[[-90.4893345115,47.8916572882],[-90.4941,47.88894],[-90.49119356424822,47.88895136806683],[-90.4925211804,47.8879490534],[-90.4976238194,47.8869455073],[-90.4995670658,47.8856797038],[-90.5031699462,47.885148578],[-90.5086170544,47.8871372555],[-90.509061422,47.8893899462],[-90.5075299838,47.8914480079],[-90.502607662,47.8911552926],[-90.4959366091,47.8932607578],[-90.4948389432,47.897707616],[-90.4950176596,47.8988097551],[-90.500676476,47.8996499429],[-90.5038034966,47.9028140325],[-90.5088339179,47.903668233],[-90.5104728009,47.9048513959],[-90.5109890839,47.9068056896],[-90.5101483854,47.9086439055],[-90.5083323648,47.9095315321],[-90.506402169,47.9092107079],[-90.507083528,47.9114469522],[-90.50588817709348,47.91426347064486],[-90.49947442349044,47.91365753043418],[-90.5004393401,47.9107811852],[-90.498110221,47.9052966673],[-90.4888680849,47.904013519],[-90.4805287126,47.9041377087],[-90.4745809943,47.9015052655],[-90.4641922408,47.9011617592],[-90.4598379529,47.8971936889],[-90.4586285862,47.8928373026],[-90.4565918373,47.8916734461],[-90.4543810774,47.8971501606],[-90.45579599289259,47.90021100921834],[-90.45265,47.90017],[-90.4525196427,47.9027028462],[-90.4492088702,47.9016807123],[-90.4478512562,47.8992131458],[-90.4502591243,47.891693281],[-90.44943686276213,47.88915580469569],[-90.463369288575,47.88873367727504],[-90.46474364751981,47.892887107953406],[-90.46345,47.89288],[-90.46352,47.89664],[-90.46903,47.89671],[-90.46898974315921,47.89543520004188],[-90.4753761371,47.8955362691],[-90.4815753865,47.89813641],[-90.4883951224,47.8980206812],[-90.4883073291,47.8957738657],[-90.4899665512,47.8939125866],[-90.4893345115,47.8916572882]]]},"properties":{"flat_pct":65}},{"type":"Feature","geometry":{"type":"Polygon","coordinates":[[[-90.2832316612,47.9154361955],[-90.2826599493,47.9118230988],[-90.2864634449,47.9091458366],[-90.2872509033,47.9043140566],[-90.2911197752,47.9027993546],[-90.2933270593,47.9034317902],[-90.2943439557,47.9066063169],[-90.2924440573,47.9086111455],[-90.291827312,47.9119878277],[-90.2902196104,47.9138249956],[-90.2899162078,47.9172595745],[-90.28558720218697,47.9176365211553],[-90.2832316612,47.9154361955]]]},"properties":{"flat_pct":53}},{"type":"Feature","geometry":{"type":"Polygon","coordinates":[[[-90.3348731243606,47.913259464911086],[-90.3341740989,47.9129570153],[-90.33164270249371,47.91149582837187],[-90.3342,47.91009],[-90.3348731243606,47.913259464911086]]]},"properties":{}},{"type":"Feature","geometry":{"type":"Polygon","coordinates":[[[-90.640323594,47.9271947398],[-90.6400225405,47.9247162576],[-90.6419812568,47.9217569404],[-90.6454522755,47.9198697603],[-90.6470185918,47.917505434],[-90.6521461394,47.9153251581],[-90.6522464358,47.9106171162],[-90.65252961251498,47.909874407949765],[-90.65408,47.91012],[-90.65419786655086,47.90815810360076],[-90.655826232,47.9063031362],[-90.65516489394433,47.90461226172679],[-90.65898,47.90456],[-90.65888,47.90294],[-90.66256573654135,47.90638352834073],[-90.6601671445,47.9108457667],[-90.6579275031,47.9128664608],[-90.6582881348,47.9169565533],[-90.6572781168,47.9192871764],[-90.65052768462918,47.923229011123304],[-90.64968,47.9228],[-90.64566,47.92416],[-90.64328,47.9278],[-90.64157,47.92819],[-90.640323594,47.9271947398]]]},"properties":{"flat_pct":69}},{"type":"Feature","geometry":{"type":"Polygon","coordinates":[[[-90.2043359396,47.9178022706],[-90.2167531735,47.9205000237],[-90.2181098673,47.9229817807],[-90.2168242911,47.9259244051],[-90.2135384146,47.9265393267],[-90.2055788975,47.9241043426],[-90.2069747977,47.9262825063],[-90.2068172896,47.9282976993],[-90.2051474415,47.9298736706],[-90.2028523007,47.9298072896],[-90.1997174554,47.9261362184],[-90.1979750011,47.9209666193],[-90.1979203972,47.9174610547],[-90.1995843008,47.9114168064],[-90.2034322094,47.9084392271],[-90.2084882248,47.9072743359],[-90.2108057419,47.9054397825],[-90.2218775076,47.9045810721],[-90.2259271999,47.9050424515],[-90.2304149403,47.9082052322],[-90.2398468811,47.911018507],[-90.2504196155,47.9107909433],[-90.25386147961959,47.9133589818855],[-90.25391,47.91737],[-90.25927,47.91764],[-90.25927528200049,47.92158565435829],[-90.2539238082,47.9208902971],[-90.2481671245,47.9165492728],[-90.238826936,47.9169490578],[-90.2282834663,47.9139166145],[-90.2237717749,47.9107664968],[-90.2217163315,47.9105894125],[-90.2125603293,47.9118712498],[-90.2060163842,47.9139412695],[-90.2048640512,47.914754924],[-90.2043359396,47.9178022706]]]},"properties":{"flat_pct":76}},{"type":"Feature","geometry":{"type":"Polygon","coordinates":[[[-90.39329,47.93264],[-90.393334843,47.9303955999],[-90.396447834,47.9272034839],[-90.3972734719,47.9237922509],[-90.4009793891,47.9210762],[-90.3996997451,47.9158216109],[-90.4000742975,47.9114873168],[-90.39759021374378,47.90791306450571],[-90.39855,47.90762],[-90.39744,47.90361],[-90.39993,47.90359],[-90.40122,47.90439],[-90.4003,47.90569],[-90.40182,47.90605],[-90.40344,47.9047],[-90.40245,47.90769],[-90.40379,47.90778],[-90.40393,47.90685],[-90.40392,47.90901],[-90.405800716,47.9091148303],[-90.405877133,47.9154804232],[-90.4085334451,47.924131155],[-90.4129672273,47.9261959364],[-90.4172955114,47.9304519196],[-90.4310911089,47.9364286734],[-90.43114,47.93995],[-90.42577,47.93987],[-90.42575,47.93625],[-90.41497596833052,47.935985688128675],[-90.41493,47.93263],[-90.41099311707258,47.93263],[-90.4094993769956,47.931132769880755],[-90.40947,47.929],[-90.40425111508158,47.92899035326263],[-90.4026295795,47.9271307163],[-90.4017107731,47.9304282213],[-90.3976289779,47.9342070116],[-90.3950787523,47.9344849873],[-90.39329,47.93264]]]},"properties":{"flat_pct":73}},{"type":"Feature","geometry":{"type":"Polygon","coordinates":[[[-90.6485,47.92359],[-90.64906,47.92452],[-90.64693,47.92595],[-90.64705,47.92456],[-90.6485,47.92359]]]},"properties":{}},{"type":"Feature","geometry":{"type":"Polygon","coordinates":[[[-90.27535,47.92951],[-90.26998587626342,47.92885222872821],[-90.27003,47.92549],[-90.27544,47.92569],[-90.27537855904792,47.92046751907275],[-90.2789680774893,47.917898510936176],[-90.28072,47.91783],[-90.28073,47.92161],[-90.2908020957,47.9216731073],[-90.2992398649,47.9260653717],[-90.30287232619928,47.92700991229062],[-90.3032320697,47.9254879418],[-90.3006876025,47.924630185],[-90.2999466198,47.9216620817],[-90.29682,47.91954578453344],[-90.29682,47.91719],[-90.30216,47.91725],[-90.3021264304085,47.91589229652186],[-90.3062127864,47.918941127],[-90.3067796076,47.9216185215],[-90.3061104171,47.9234565747],[-90.3083964336,47.9240477623],[-90.3103622953,47.9264453012],[-90.3103627016,47.9298548041],[-90.3121704413,47.9310040065],[-90.3127563186,47.9329385761],[-90.3119819299,47.9348056953],[-90.3089166573,47.9360931649],[-90.3068749209,47.938941513],[-90.30187942686885,47.941050411111675],[-90.30208332985382,47.9343277914864],[-90.3027812271,47.9341002163],[-90.30210372346164,47.93365542041605],[-90.30216,47.92817],[-90.29682,47.92809],[-90.29671590287514,47.93163255528023],[-90.2925599053,47.9287796533],[-90.28092439962451,47.92512963816554],[-90.2814856920458,47.929107131002525],[-90.2771631616,47.9328051136],[-90.27526,47.93333],[-90.27535,47.92951]]]},"properties":{"flat_pct":71}},{"type":"Feature","geometry":{"type":"Polygon","coordinates":[[[-90.3276196975,47.9308513412],[-90.33043158637982,47.932090907368114],[-90.32416062870239,47.93204430047345],[-90.3255149615,47.9311079021],[-90.3276196975,47.9308513412]]]},"properties":{"flat_pct":75}},{"type":"Feature","geometry":{"type":"Polygon","coordinates":[[[-90.2600315169,47.9390799459],[-90.2617905005,47.9409237327],[-90.261991497,47.9432110189],[-90.25856,47.94359],[-90.25802470242758,47.94509597050378],[-90.250258855,47.9414337922],[-90.2490926503,47.937875212],[-90.24981354116642,47.93563882873713],[-90.24852251558745,47.935606341216705],[-90.24858,47.93265],[-90.23754,47.93304],[-90.2374515546818,47.9359104525997],[-90.2252851489,47.9381539633],[-90.225538253,47.9415920483],[-90.2232701396,47.9436753706],[-90.22051569644032,47.94405756400858],[-90.22063,47.94136],[-90.21504,47.94187],[-90.2152046607679,47.93871029337283],[-90.2183140595,47.9382666941],[-90.2190555381,47.9347837571],[-90.2215116169,47.9323862581],[-90.2356904703,47.9299428457],[-90.25424434,47.9291018038],[-90.2575551006,47.9270185736],[-90.25927890592389,47.924292725145406],[-90.25928,47.92511],[-90.26462,47.9253],[-90.26453501920263,47.92879607047802],[-90.2625970243,47.9312316385],[-90.2594609018,47.9328060853],[-90.2567690478,47.9377407521],[-90.2600315169,47.9390799459]]]},"properties":{"flat_pct":85}},{"type":"Feature","geometry":{"type":"Polygon","coordinates":[[[-90.27505,47.9446],[-90.2696,47.94427],[-90.26979744511952,47.939238553678265],[-90.27524792856074,47.93961571150102],[-90.27505,47.9446]]]},"properties":{"flat_pct":90}},{"type":"Feature","geometry":{"type":"Polygon","coordinates":[[[-90.3852744363,47.9460656359],[-90.3829729738,47.9451743767],[-90.3783741786,47.9452750802],[-90.375637483,47.9464650315],[-90.3704074791,47.9468888648],[-90.3507387924,47.9448818334],[-90.3432344674,47.9432597248],[-90.33965701510466,47.94180325095201],[-90.33969,47.9358],[-90.35579,47.93957],[-90.3705730172,47.9408730994],[-90.3772759625,47.9393146823],[-90.38252238565323,47.93918280520395],[-90.38253,47.93987],[-90.39338752531654,47.94060915981842],[-90.39342,47.94354],[-90.42686312213802,47.94356659845345],[-90.43114,47.945655306246515],[-90.43114,47.94719],[-90.43649,47.94726],[-90.4365,47.94365],[-90.4440065254052,47.94376192632314],[-90.4463594095,47.9449078845],[-90.4471892111,47.9470487972],[-90.446464777,47.9489358603],[-90.4447071983,47.9499350591],[-90.4458621021,47.9528024564],[-90.4452193524,47.9557436134],[-90.43651,47.9616],[-90.4365,47.95443],[-90.43551926945275,47.95442271509343],[-90.4383132407,47.9529678925],[-90.4348416613,47.9531765021],[-90.4339260703697,47.95441088074555],[-90.42730181557663,47.95436167551032],[-90.4281559915,47.9508752943],[-90.4231395031,47.9491253018],[-90.42231174568533,47.95075908555654],[-90.41509,47.95082],[-90.41512,47.94722],[-90.3852744363,47.9460656359]]]},"properties":{"flat_pct":66}},{"type":"Feature","geometry":{"type":"Polygon","coordinates":[[[-90.3751250914,47.9668364894],[-90.3477796755,47.9647600299],[-90.3419972028,47.9657599987],[-90.3361450603,47.9647361258],[-90.325780125,47.9648395756],[-90.3237393625,47.9637872609],[-90.3230404244,47.961600125],[-90.3238775458,47.9597602773],[-90.3259856421,47.958850328],[-90.34450361166616,47.95925659767911],[-90.34442,47.96128],[-90.34993,47.96132],[-90.35001400637863,47.95890901693325],[-90.35108,47.95984],[-90.35917,47.96111],[-90.36099,47.96041],[-90.3743833321,47.9608072328],[-90.3809483117,47.9597024038],[-90.3820174621,47.9577804419],[-90.3839271226,47.9571022032],[-90.380047884,47.952557286],[-90.3813375079,47.9492238575],[-90.3841584285,47.9490185712],[-90.3880435841761,47.952081055925895],[-90.38808,47.9617],[-90.38874551623496,47.9617024603188],[-90.38365208161888,47.965324483771305],[-90.3751250914,47.9668364894]]]},"properties":{"flat_pct":86}},{"type":"Feature","geometry":{"type":"Polygon","coordinates":[[[-90.3189374916,47.9626184998],[-90.3235678172,47.9644776993],[-90.3241347198,47.9664179141],[-90.32318016458812,47.96843599073549],[-90.31747,47.96841],[-90.3137550062,47.9717211572],[-90.30718194857427,47.97343708385536],[-90.30658,47.9683],[-90.31203,47.96835],[-90.31124,47.96107],[-90.3057296392199,47.96104226962105],[-90.3011508959,47.9583639997],[-90.2996221437,47.9615314971],[-90.2954266104,47.9616246943],[-90.2893759443,47.9596368279],[-90.28782806797592,47.957633592101516],[-90.28985,47.95749],[-90.2902,47.95391],[-90.29331893297066,47.95366735056585],[-90.2933051778,47.9543689313],[-90.2955802157,47.9547670943],[-90.2959,47.94986],[-90.30135,47.94995],[-90.30141582254942,47.94933565620545],[-90.3023851983,47.952433135],[-90.3117521959,47.956771159],[-90.3151064474,47.9623479621],[-90.3189374916,47.9626184998]]]},"properties":{"flat_pct":76}},{"type":"Feature","geometry":{"type":"Polygon","coordinates":[[[-90.1906746479,47.9619759224],[-90.1861124095,47.9663019256],[-90.1871073337,47.968738127],[-90.2030546768,47.9695320793],[-90.21291086705712,47.96713816591042],[-90.2167392792,47.9655092191],[-90.2306451753,47.962469143],[-90.2448795696,47.9549825165],[-90.25752497839103,47.9520082463972],[-90.2501542396,47.9503283136],[-90.2480673239,47.948985577],[-90.2471825526,47.9460305747],[-90.2490895185,47.9439417432],[-90.26303348790711,47.947268473884435],[-90.26016,47.94785],[-90.26024,47.94851],[-90.26386,47.94875],[-90.26621,47.94772],[-90.27471,47.94823],[-90.27479583729958,47.947313560595646],[-90.2791255694,47.9465669743],[-90.27495460310269,47.94561850216826],[-90.27505,47.9446],[-90.28034,47.9441],[-90.28056784800643,47.940672786236625],[-90.2856643226,47.9407029454],[-90.2879627303,47.9390141536],[-90.29656486109549,47.93677269584409],[-90.2965,47.93898],[-90.29113,47.93949],[-90.29103,47.94311],[-90.2969353765542,47.942874878526084],[-90.290236134,47.944693387],[-90.2896749491,47.9460982618],[-90.2909157282996,47.94677259834571],[-90.2902,47.95391],[-90.28685070968676,47.95417057097314],[-90.2868946858,47.9514161049],[-90.2852698513,47.950401618],[-90.2797174113,47.9526043681],[-90.2774793064,47.9562127692],[-90.277983745,47.9584473568],[-90.2830551545,47.9600882494],[-90.2862299113,47.9645655681],[-90.291986287,47.9652335112],[-90.2931864661963,47.96828155760701],[-90.28511,47.96862],[-90.28473,47.96501],[-90.2787752005584,47.96532401147583],[-90.2760947307,47.9643602592],[-90.27582403745329,47.965479633691345],[-90.26884328161125,47.96538364218136],[-90.2693569761,47.9637017569],[-90.2678401216,47.9608929876],[-90.2689920535,47.9558646502],[-90.249967760624,47.95985184992085],[-90.25321968301648,47.96331534450216],[-90.25313322022087,47.969205622452435],[-90.2511240333,47.9711304265],[-90.25310348828056,47.97123111088711],[-90.25309,47.97215],[-90.26113893008323,47.9723411161481],[-90.2620961267,47.9746923971],[-90.26163684284103,47.97613696192984],[-90.24297,47.97598],[-90.24307,47.97971],[-90.24630812178023,47.97963498559582],[-90.246999484,47.9810932272],[-90.2460795903,47.9852746615],[-90.2468880054,47.9906632072],[-90.2500174417,47.9899922996],[-90.26387,47.99057],[-90.26383,47.99423],[-90.26713488643837,47.99421778230522],[-90.2605309116,47.9963603255],[-90.2502192436,47.9960048085],[-90.24678593161687,47.99688204239569],[-90.2464277404,48.0003887724],[-90.24416,48.00176],[-90.24395,48.00327],[-90.24098,48.00262],[-90.24379,48.00526],[-90.24669125694432,48.005066582870384],[-90.2461634274,48.0089821284],[-90.248507007,48.0130862951],[-90.2537716598,48.013104944],[-90.2557777247,48.0154481389],[-90.2541588333,48.0186346835],[-90.2469150489,48.0193674693],[-90.2472487207,48.0222129285],[-90.24528863043697,48.0246958836205],[-90.22957001368543,48.02795422952901],[-90.21412394708472,48.02316420687228],[-90.21506,48.02012],[-90.21000498355278,48.020176426280585],[-90.20348848251507,48.01542403090621],[-90.19825428,48.0161254293],[-90.18367510000415,48.02261368752336],[-90.17485382893571,48.0237145269037],[-90.1724506122,48.0252668514],[-90.1690873562,48.0258817784],[-90.1621793737,48.0256096091],[-90.1546945099571,48.02451697359456],[-90.14577303390826,48.02097372545005],[-90.14576,48.01983],[-90.16995433287738,48.01966461607365],[-90.16967838055216,48.01685190347254],[-90.17157919385323,48.01512916446749],[-90.17359809652746,48.015228380552166],[-90.17705080040362,48.017697263510485],[-90.18542202852892,48.015746306480125],[-90.1895332624,48.0129961759],[-90.199039379,48.0097254229],[-90.1997318558188,48.00962844386811],[-90.19971,48.01106],[-90.20215,48.01138],[-90.20215713137405,48.009490185879216],[-90.20409790798324,48.009391598087845],[-90.21277630373663,48.01427906046161],[-90.21525465467134,48.01713633416404],[-90.22464999885841,48.019818616252735],[-90.22610373268894,48.020743213248394],[-90.22465,48.02076],[-90.2245,48.02158],[-90.22589,48.02267],[-90.2342,48.02274],[-90.2309314471117,48.02177740227922],[-90.2340906033,48.0202084678],[-90.24087295959914,48.01996184379665],[-90.240675619,48.017850675],[-90.2419872791,48.0155805773],[-90.24231516607189,48.013808086866256],[-90.2394064644,48.0096921186],[-90.2396955616673,48.00741121963604],[-90.23776301803177,48.00633973413652],[-90.236331647,48.0036597408],[-90.23706267785005,48.00056152831669],[-90.2404763608,47.9969453446],[-90.2326296901,47.9972451619],[-90.2209072641,47.9957356416],[-90.2122877269,47.993294544],[-90.2066596683,47.9945644985],[-90.20072840900832,47.99378616271396],[-90.20042,47.99115],[-90.18882998930792,47.99070448997922],[-90.1884260722,47.9898711453],[-90.18363047090779,47.990504624973745],[-90.18241523490369,47.98955281235516],[-90.18289,47.98839],[-90.18199,47.98626],[-90.1843,47.98736],[-90.1848,47.98672],[-90.18369,47.98622],[-90.1836,47.98347],[-90.18127399296922,47.98339268732566],[-90.182041427,47.9826344027],[-90.181363865,47.9821142825],[-90.1761858649,47.9819628506],[-90.1715431051,47.9792158024],[-90.1694778407,47.9795685553],[-90.1655401623,47.9837981805],[-90.1625708134,47.9849917671],[-90.1622183952,47.9882116182],[-90.16095032144598,47.98981935477172],[-90.15859,47.98968],[-90.15662,47.98769],[-90.15522368668425,47.98857462085842],[-90.1536026669,47.9831864695],[-90.1552736882,47.9803691085],[-90.1613350817,47.979086699],[-90.1600101938,47.9780459792],[-90.1549823396,47.9775774801],[-90.1534512533,47.9784798802],[-90.1532110788,47.9805557738],[-90.1515555804,47.9824308583],[-90.1489756828,47.9831599231],[-90.14602281333713,47.98267904678857],[-90.14583343770128,47.97659320249121],[-90.1473023707,47.976816519],[-90.1489800869,47.9742149508],[-90.1532919632,47.97162652],[-90.1609431982,47.9719581547],[-90.1614603968,47.9692146945],[-90.1637613282,47.9680803949],[-90.1682256596,47.9708373055],[-90.1732885078,47.9713292813],[-90.1746659258,47.9677124662],[-90.163905477,47.9676191493],[-90.15672026839319,47.96833228605008],[-90.15675,47.96637],[-90.15136,47.96637],[-90.15132730750354,47.96813539480941],[-90.1419739608,47.9668871384],[-90.1360545535,47.9698102427],[-90.1357483768,47.9730453942],[-90.1311088634227,47.9760580975292],[-90.12457050328558,47.97615509684509],[-90.1248669288,47.9730541022],[-90.1297817396,47.9698669956],[-90.1303199039,47.9673537627],[-90.1343218804,47.9638581452],[-90.12458573802769,47.96342043267476],[-90.12474653845644,47.95749534569009],[-90.1391587338,47.9580707935],[-90.1412627134,47.9589453687],[-90.1423374441,47.9608908159],[-90.1545166194,47.9625758656],[-90.1635774296,47.9615744081],[-90.1806214652,47.9621713389],[-90.1776928081,47.9602814896],[-90.1679437322,47.959329846],[-90.1658631896,47.9578290918],[-90.16634192846428,47.95428588196686],[-90.17055,47.95728],[-90.17253,47.95618],[-90.17511,47.95696],[-90.17588,47.95475],[-90.17385,47.95335],[-90.17422,47.95154],[-90.17296,47.95143],[-90.17217,47.95314],[-90.1695,47.95251],[-90.1613649522,47.9545990635],[-90.1562486422,47.9525157229],[-90.154554411,47.9494805951],[-90.1550273029,47.9456646274],[-90.1534129879,47.9425463346],[-90.1543679269,47.9407647895],[-90.1562363051,47.9399934433],[-90.1612080698,47.9419890299],[-90.1623429675,47.9439581738],[-90.1611174989,47.9482156028],[-90.1617807989,47.9485220514],[-90.1656457699,47.9469100055],[-90.1740591704,47.9482391409],[-90.1765093246,47.9472440213],[-90.1782361068,47.9452348722],[-90.1550514045,47.9376798042],[-90.1463861513,47.9365214079],[-90.1409384697,47.9331103776],[-90.1379376372,47.9287660115],[-90.1325861592,47.9261864592],[-90.1281797886,47.9261795219],[-90.12500986580339,47.92476508269665],[-90.12517257742154,47.91860238015913],[-90.1292964446,47.9201621432],[-90.1309769281665,47.91990943896649],[-90.13083,47.92183],[-90.13643,47.92183],[-90.13681,47.91816],[-90.134021722149,47.91816489171553],[-90.134702677,47.9153447193],[-90.1341623999,47.9129213081],[-90.1357069315,47.9108730544],[-90.1382700934,47.910767595],[-90.1418589443,47.9162184953],[-90.1440314843,47.9163199314],[-90.1456112409,47.9179861987],[-90.145077504,47.9210242875],[-90.1411425253,47.9236572147],[-90.14646279539573,47.929545484896806],[-90.14595,47.93289],[-90.15129,47.93302],[-90.15160521708464,47.931243321886576],[-90.156879737,47.9319205977],[-90.1582839181,47.9274178771],[-90.16064675580282,47.92567704067656],[-90.16293271632121,47.92570179837171],[-90.164312394,47.9268835214],[-90.1647331347,47.9288605871],[-90.16283,47.92949],[-90.16198,47.93326],[-90.1776901624,47.9386474184],[-90.1714013085,47.9357627076],[-90.1703159625,47.9331309367],[-90.1719675559,47.9296403526],[-90.1749789086,47.9265041589],[-90.1768737123,47.9258002195],[-90.1787849899,47.9264581176],[-90.1798988926,47.929057917],[-90.1781951779,47.9317782539],[-90.1847664114,47.9363339693],[-90.18850691149149,47.93696947735562],[-90.18842623153138,47.944757782836994],[-90.1862053525,47.9462810966],[-90.1861926415,47.9471835774],[-90.1894993464,47.9535730458],[-90.1912160778,47.9551260607],[-90.1919258815,47.9582871426],[-90.1906746479,47.9619759224]],[[-90.242761318,47.9699099895],[-90.2475516514,47.9657013298],[-90.24390648910787,47.96253337340684],[-90.241664523,47.9655398152],[-90.2389786736,47.9670957437],[-90.2359514627,47.966733819],[-90.2327735284,47.9680839537],[-90.2351498544,47.9694227009],[-90.242761318,47.9699099895]],[[-90.2152954748,47.9802180883],[-90.2138344831,47.9812062759],[-90.2143484202,47.9853003204],[-90.2174252817,47.9867746384],[-90.2187111453,47.9890425974],[-90.2332676632,47.9912288944],[-90.2406263383,47.9909345474],[-90.2410364887,47.9893278112],[-90.2399205395,47.9852468904],[-90.2405629268,47.982886615],[-90.2387036862,47.9802486721],[-90.23924049547666,47.97559526562893],[-90.2335948916,47.9753083599],[-90.2298736121,47.9732892887],[-90.2286602797,47.9713399548],[-90.2293462809,47.9688948122],[-90.21586971910483,47.97238986020824],[-90.2170956864,47.9754608198],[-90.2152954748,47.9802180883]],[[-90.2077957105,47.9814215061],[-90.2085652553,47.9778114196],[-90.2108005298,47.975606308],[-90.2099181238,47.9740394986],[-90.2034787313,47.9755467906],[-90.1851401012,47.9746832928],[-90.1874602198,47.9759529355],[-90.1893482368,47.9802749694],[-90.192160263,47.9806962255],[-90.1958313424,47.983155244],[-90.2082561393,47.9856135473],[-90.2077957105,47.9814215061]],[[-90.1789637959,47.9760450982],[-90.1789195101,47.9761004555],[-90.178988988,47.9761008458],[-90.1789637959,47.9760450982]],[[-90.1835573418,47.9567416719],[-90.1832645658,47.9536608195],[-90.1813784965,47.9507838599],[-90.1794143038,47.9528575442],[-90.1754465091,47.9542338148],[-90.1795108644,47.9544353254],[-90.1835573418,47.9567416719]]]},"properties":{"flat_pct":80}},{"type":"Feature","geometry":{"type":"Polygon","coordinates":[[[-90.4434940717,47.9717638491],[-90.4433849553,47.974326858],[-90.4413345,47.9758684656],[-90.4362078594,47.973924083],[-90.4348604058,47.971424564],[-90.4245389223,47.974145008],[-90.42084165708208,47.97666152079321],[-90.4173224483,47.9759291505],[-90.4192232472,47.9787071845],[-90.4191053405,47.9825251187],[-90.4177782182,47.984398838],[-90.4155148813,47.9847853405],[-90.4107974697,47.9807191433],[-90.410314126,47.9782227143],[-90.411088152,47.9761935602],[-90.40991445986778,47.97444884075829],[-90.40973,47.96536],[-90.42583,47.96521],[-90.42568,47.96159],[-90.43109,47.96159],[-90.4312162262088,47.965104914429816],[-90.4238992993,47.968179115],[-90.4315465022,47.9656178177],[-90.4384743092,47.965284599],[-90.4403177499,47.9663211803],[-90.441583035,47.9699889218],[-90.4434940717,47.9717638491]],[[-90.4155319044,47.9695068911],[-90.4197550417,47.9703673254],[-90.4220199803,47.9685394726],[-90.4155319044,47.9695068911]]]},"properties":{"flat_pct":56}},{"type":"Feature","geometry":{"type":"Polygon","coordinates":[[[-90.40404675765963,47.9726977762371],[-90.39904418048651,47.9757376986644],[-90.39901,47.97267],[-90.40404675765963,47.9726977762371]]]},"properties":{"flat_pct":100}},{"type":"Feature","geometry":{"type":"Polygon","coordinates":[[[-90.3374297216,47.9761352727],[-90.330621237,47.9783550738],[-90.32903394342411,47.97736524638399],[-90.32890664580542,47.97367177871724],[-90.33104298505229,47.972102466097176],[-90.33971,47.97215],[-90.33955680237655,47.97008466907658],[-90.3417431822,47.970047584],[-90.345034919,47.9713952919],[-90.3541650589,47.9717294448],[-90.3562214011,47.9743530216],[-90.355505738,47.976534742],[-90.3534569784,47.9775714011],[-90.3439347554,47.9773551616],[-90.3408797722,47.9760557785],[-90.3374297216,47.9761352727]]]},"properties":{"flat_pct":97}},{"type":"Feature","geometry":{"type":"Polygon","coordinates":[[[-90.344226002,47.9867681117],[-90.3429835572,47.9839447822],[-90.3453067559,47.9795354845],[-90.3566670983,47.9805624185],[-90.3587500489,47.9783922536],[-90.3645673434,47.9755796332],[-90.3689307041,47.9772081163],[-90.3696588546,47.9802995202],[-90.3774823261,47.9793603788],[-90.38258481971816,47.98041202343798],[-90.38254673076106,47.986451503697715],[-90.3777154038,47.985382331],[-90.3580685761,47.9869563186],[-90.344226002,47.9867681117]]]},"properties":{"flat_pct":93}},{"type":"Feature","geometry":{"type":"Polygon","coordinates":[[[-90.2988095281,47.9873458456],[-90.2986931814,47.9904282671],[-90.295328205,47.9923497535],[-90.2897243984,47.9914293737],[-90.2857185023,47.991992543],[-90.2812029549,47.9897803341],[-90.2771336502,47.9925406671],[-90.26924764728977,47.99351600845214],[-90.26928,47.99058],[-90.27468,47.99058],[-90.27486415851747,47.98398252111177],[-90.2767521006,47.9846737549],[-90.2809326597,47.9834913277],[-90.2849241399,47.9790320833],[-90.291724961,47.9772870925],[-90.29204666119621,47.9759171859444],[-90.30258265818274,47.97584391753698],[-90.2977049802,47.9782027392],[-90.296192538,47.9819169068],[-90.2885376779,47.9842361976],[-90.2874842756,47.9857492516],[-90.2967318086,47.9858411854],[-90.2988095281,47.9873458456]]]},"properties":{"flat_pct":91}},{"type":"Feature","geometry":{"type":"Polygon","coordinates":[[[-90.39515432284598,47.99760489786792],[-90.39082944934705,47.99049278805749],[-90.39785747172228,47.9903259888044],[-90.4007414509,47.9954084584],[-90.41000144535279,47.9979759909472],[-90.41001,48.00103],[-90.3991,48.0011],[-90.39908,47.99749],[-90.39515432284598,47.99760489786792]]]},"properties":{"flat_pct":57}},{"type":"Feature","geometry":{"type":"Polygon","coordinates":[[[-90.0246983723369,47.99726289330511],[-90.02623894251514,47.99857150148382],[-90.02670829085022,48.00098479764814],[-90.02586199421528,48.002820442996544],[-90.02403810516344,48.0037028360139],[-90.02433,48.00197],[-90.02062677654722,48.001933851397965],[-90.02031775325176,48.00038445557833],[-90.02189397625054,47.997630450642774],[-90.0246983723369,47.99726289330511]]]},"properties":{"flat_pct":68}},{"type":"Feature","geometry":{"type":"Polygon","coordinates":[[[-90.3759202702,48.0003772726],[-90.3721869212,48.0001712988],[-90.3714934953,48.0011362761],[-90.3823899089,48.0015714699],[-90.3840967691,48.0041408058],[-90.38394793602112,48.00521327283908],[-90.38284,48.00525],[-90.38284679740582,48.006716880175766],[-90.3767267705,48.0080084388],[-90.3726945551,48.0070875807],[-90.3669118862,48.0073007206],[-90.3620198181,48.0043120639],[-90.358509751,48.0047271173],[-90.35696210210587,48.00243195394133],[-90.3448650025,48.0056805359],[-90.3346306319,48.0056229522],[-90.3328107603,48.0047432483],[-90.3319620587,48.0029087136],[-90.3324698201,48.0009521886],[-90.3341035312,47.9997618946],[-90.34414853778347,47.99971792849901],[-90.3572654744,47.9960476045],[-90.3592311501,47.9965187002],[-90.36049558850854,47.9982974938504],[-90.3655861842,47.9988471044],[-90.3686852207,47.994853607],[-90.3704536584,47.9940446723],[-90.3758702295,47.9944927737],[-90.3776127638,47.9955171691],[-90.3781881225,47.9982864105],[-90.3759202702,48.0003772726]]]},"properties":{"flat_pct":88}},{"type":"Feature","geometry":{"type":"Polygon","coordinates":[[[-90.04784790458612,48.00249128961128],[-90.04195223516035,48.00020367341233],[-90.03833104982434,48.00162406548638],[-90.03992367022109,48.004592589206176],[-90.03750698452725,48.007225934239905],[-90.03553710358104,48.00727134422523],[-90.03562,48.00587],[-90.02519442962165,48.00573005945801],[-90.0269695983754,48.00305944898338],[-90.03450339494009,48.001264807939506],[-90.03363213885999,47.99887039694358],[-90.0349329269,47.9966593177],[-90.03810881328671,47.99496478580131],[-90.0431130808,47.9940935505],[-90.05880916334114,48.001537671712526],[-90.0620578084,48.0042276872],[-90.0626989717278,48.006862940505464],[-90.06835806813484,48.00942477625592],[-90.0704008035,48.0129890917],[-90.07708448179571,48.017436465094455],[-90.07733,48.01963],[-90.06922252070358,48.01972912056673],[-90.06630202128707,48.01741536363187],[-90.06304514967206,48.01748953969517],[-90.06163871852107,48.01534410913172],[-90.06238762007862,48.01291659277088],[-90.05844573956618,48.01166688512821],[-90.0567311501,48.0075306636],[-90.04784790458612,48.00249128961128]]]},"properties":{"flat_pct":67}},{"type":"Feature","geometry":{"type":"Polygon","coordinates":[[[-90.415490991391,48.00193185427961],[-90.4204625819,48.0082312584],[-90.436274428,48.0164841174],[-90.44081037237937,48.01978757702191],[-90.43766,48.01996],[-90.43777,48.0232],[-90.43511734037693,48.02305733595305],[-90.4162170313,48.0126873322],[-90.41541707860002,48.01181551949479],[-90.415490991391,48.00193185427961]]]},"properties":{"flat_pct":94}},{"type":"Feature","geometry":{"type":"Polygon","coordinates":[[[-90.3375475245,48.0164727435],[-90.3421845011,48.0129987293],[-90.3455251934,48.0119726134],[-90.3482521358,48.012974503],[-90.3525164964,48.0120404771],[-90.3603049145,48.0133452423],[-90.3731342122,48.0132009844],[-90.37405,48.01561],[-90.37528687365473,48.01453489728649],[-90.3757793897,48.016240512],[-90.3750601711,48.0181295691],[-90.373013771,48.019170878],[-90.3596841842,48.0193284695],[-90.3527861194,48.0180711346],[-90.3477856226,48.0191260253],[-90.3457370424,48.0184219721],[-90.3424692724,48.0209241335],[-90.3389154317,48.0221298994],[-90.33885,48.01965],[-90.3359894291275,48.01966600319369],[-90.3375475245,48.0164727435]]]},"properties":{"flat_pct":53}},{"type":"Feature","geometry":{"type":"Polygon","coordinates":[[[-90.08535372789366,48.02878278224269],[-90.0779464585905,48.026091885083375],[-90.07733,48.01963],[-90.0886291325,48.02286],[-90.09790686869198,48.020524261505116],[-90.1127,48.0201],[-90.11238,48.01643],[-90.11724416800377,48.01624261632088],[-90.1183393881493,48.01702187245947],[-90.12709106020444,48.01526207908633],[-90.13529723887478,48.01530508394479],[-90.13520548986787,48.02153828210145],[-90.12746463259127,48.02129005884804],[-90.1165444535,48.0234989869],[-90.10559162311988,48.0239075430429],[-90.10338692900207,48.02564139461204],[-90.09745218964568,48.02716905352716],[-90.08958510642157,48.02884340542721],[-90.08535372789366,48.02878278224269]]]},"properties":{"flat_pct":70}},{"type":"Feature","geometry":{"type":"Polygon","coordinates":[[[-90.3907320231,48.0339750193],[-90.3936834695,48.0337739082],[-90.3949706217,48.0331546345],[-90.3985194254596,48.03278165712133],[-90.38883060978854,48.035227995764714],[-90.3907320231,48.0339750193]]]},"properties":{}},{"type":"Feature","geometry":{"type":"Polygon","coordinates":[[[-90.4154646007,48.0304349667],[-90.41893412233708,48.03280947149103],[-90.41704,48.03266],[-90.41684097730743,48.036350082871095],[-90.4149950899,48.0364776002],[-90.4113987806,48.0395350521],[-90.40555907716762,48.04039747586466],[-90.39841,48.03948],[-90.39677,48.03979],[-90.40085479682725,48.04197233068937],[-90.3968981275,48.0419200104],[-90.3907585941,48.0440999038],[-90.373772017,48.0460038891],[-90.368764493,48.0473875424],[-90.3685686277,48.0496309085],[-90.36673017798738,48.05115653340159],[-90.35858725380244,48.04835244932887],[-90.36092,48.04832],[-90.36081,48.04574],[-90.36477,48.04381],[-90.38887,48.03932],[-90.39119,48.03725],[-90.3903,48.03639],[-90.38823804779247,48.036663461414605],[-90.39222,48.03558],[-90.40061,48.03542],[-90.40418734209801,48.03419160294845],[-90.40689,48.03468],[-90.40734,48.03398],[-90.40604,48.03325],[-90.40698,48.03261],[-90.40548,48.03283],[-90.40622,48.03212],[-90.4045656405,48.0316183467],[-90.4067738746,48.0303127346],[-90.4095002811,48.0310903567],[-90.4096866978,48.0283685832],[-90.4117164645,48.0267998358],[-90.4142167929,48.0273736638],[-90.4154646007,48.0304349667]]]},"properties":{"flat_pct":77}},{"type":"Feature","geometry":{"type":"Polygon","coordinates":[[[-90.4532888374,48.0427532659],[-90.45203425017249,48.04115829055396],[-90.4574773740375,48.04170442338089],[-90.4555532388,48.0431334824],[-90.4532888374,48.0427532659]]]},"properties":{"flat_pct":80}},{"type":"Feature","geometry":{"type":"Polygon","coordinates":[[[-90.4116739492,48.0433560375],[-90.42141,48.04489],[-90.42133,48.04639],[-90.42286,48.04611],[-90.42234,48.05052],[-90.42401732193748,48.050588597599024],[-90.4223127256,48.050937159],[-90.4132848966379,48.04916872005406],[-90.41837,48.04857],[-90.41773,48.04822],[-90.41084546405712,48.0479542650144],[-90.4101628985,48.0454291142],[-90.4116739492,48.0433560375]]]},"properties":{"flat_pct":72}},{"type":"Feature","geometry":{"type":"Polygon","coordinates":[[[-90.41224318896543,48.04993435383652],[-90.41727150935758,48.053924377011974],[-90.41315,48.0549],[-90.40482894508875,48.05562829163219],[-90.40279432801835,48.05168398756385],[-90.40333,48.05093],[-90.40868,48.05151],[-90.41224318896543,48.04993435383652]]]},"properties":{"flat_pct":79}},{"type":"Feature","geometry":{"type":"Polygon","coordinates":[[[-90.4106217312,48.0592746529],[-90.4091183022,48.0574330906],[-90.40680365794839,48.05736882788674],[-90.41213,48.05595],[-90.41304,48.05821],[-90.4106217312,48.0592746529]]]},"properties":{"flat_pct":67}},{"type":"Feature","geometry":{"type":"Polygon","coordinates":[[[-90.5416513717529,48.067070078609],[-90.5434945426,48.0645272888],[-90.5455136114,48.0644300209],[-90.5462135403,48.0605454266],[-90.54583,48.0593],[-90.5424727491,48.0589941965],[-90.5407332627,48.0571259977],[-90.54074534287254,48.05526835634091],[-90.54337,48.0555],[-90.54112885714018,48.05450052690753],[-90.543889973,48.0524896176],[-90.5474605584,48.0531755401],[-90.5516883987,48.0516907798],[-90.5567032873,48.0526992786],[-90.5772735163,48.052250007],[-90.5856793561,48.0531973743],[-90.5996240038,48.052984774],[-90.604495952,48.0520412315],[-90.6143991422,48.0533354216],[-90.6297371863,48.0527803055],[-90.6316498906,48.0534340441],[-90.6327610537,48.055443371],[-90.6322979408,48.0574109427],[-90.63049623086567,48.058738100375145],[-90.61975,48.05871],[-90.61944,48.05488],[-90.61414,48.0548],[-90.6144117857816,48.05933542523037],[-90.6046808167,48.0580489943],[-90.5995599048747,48.058986448497826],[-90.59363,48.05805],[-90.58208030444924,48.058822586598765],[-90.5561786477,48.0586985942],[-90.5524109759,48.0579238227],[-90.5526397466,48.0621573878],[-90.5500269605,48.0658470399],[-90.54245,48.06721],[-90.5416513717529,48.067070078609]]]},"properties":{"flat_pct":82}},{"type":"Feature","geometry":{"type":"Polygon","coordinates":[[[-90.6127753594,48.0647052917],[-90.6172700433,48.0645812917],[-90.61875042893362,48.06513080359323],[-90.61669,48.06562],[-90.6127753594,48.0647052917]]]},"properties":{}},{"type":"Feature","geometry":{"type":"Polygon","coordinates":[[[-90.6193505478,48.0694466555],[-90.6129532785,48.0714015979],[-90.6110233857,48.0701575755],[-90.61051256299473,48.06810971555484],[-90.61426,48.06871],[-90.61557,48.0679],[-90.61803,48.06904],[-90.6182,48.06804],[-90.619913938257,48.06831001524895],[-90.6193505478,48.0694466555]]]},"properties":{"flat_pct":100}},{"type":"Feature","geometry":{"type":"Polygon","coordinates":[[[-90.5761140377,48.0746023296],[-90.57518364087466,48.076407473619106],[-90.56935,48.07578],[-90.56748,48.07643],[-90.56723,48.07763],[-90.566,48.07757],[-90.5666185755,48.0734989687],[-90.57256277,48.0706794783],[-90.5755140371,48.07157663],[-90.5761140377,48.0746023296]]]},"properties":{"flat_pct":23}},{"type":"Feature","geometry":{"type":"Polygon","coordinates":[[[-90.565100293,48.0808464859],[-90.5645205368,48.0780781618],[-90.566,48.07757],[-90.5659,48.08121],[-90.56914277884805,48.08135884886516],[-90.5671360929,48.0819083696],[-90.565100293,48.0808464859]]]},"properties":{}}]}