{"type":"FeatureCollection","attribution":"Derived from USFS MVUM roads + USFS Basic Ownership (public domain); terrain from Mapzen tiles (USGS 3DEP). Heuristic beta \u2014 not a statement of legality. Generated 2026-07-23.","features":[{"type":"Feature","geometry":{"type":"Polygon","coordinates":[[[-89.4429933584,37.5858753212],[-89.4408162009,37.588029634],[-89.44205134189946,37.58918384527634],[-89.43895,37.58917],[-89.43880309179859,37.59365682131803],[-89.4342493945,37.5909018348],[-89.4321544303,37.5866944214],[-89.4285948878,37.5832185473],[-89.4314160694,37.5744446536],[-89.4311907302,37.5686177778],[-89.4335727437,37.5659954422],[-89.432880976,37.5638265189],[-89.4336496962,37.5579251877],[-89.4322403708,37.5563885662],[-89.4289679271,37.545360269],[-89.4249616253,37.5439060914],[-89.4246282641,37.5400890617],[-89.4214985821,37.5361285829],[-89.421620702,37.5334250245],[-89.4198180764,37.5274988341],[-89.4198369292,37.5212545509],[-89.4181762783,37.5173839851],[-89.41938766281267,37.51442381147782],[-89.42116,37.51442],[-89.42115,37.5108],[-89.42419,37.51083],[-89.42509,37.50473],[-89.42588,37.50455],[-89.42794672546184,37.50577199243577],[-89.4254966639,37.5178136495],[-89.4258852105,37.5269810015],[-89.4276337971,37.5343276167],[-89.4306119038,37.5378935077],[-89.4336705374,37.5395207168],[-89.4347633731,37.5434799379],[-89.435241647,37.5382706646],[-89.4381785753,37.5366939115],[-89.43964106537675,37.537248242699825],[-89.4396,37.54073],[-89.44116842078148,37.5407681695323],[-89.4413647458,37.5418335123],[-89.45207244930192,37.54154753359241],[-89.45304,37.54473],[-89.44875,37.54453],[-89.44874625780893,37.547389033978234],[-89.4427007911,37.5477610853],[-89.4445299371,37.5581194282],[-89.4422522554,37.5773826848],[-89.4429933584,37.5858753212]],[[-89.4366016872,37.5492827903],[-89.4369856507,37.5510320246],[-89.4367984041,37.5490696803],[-89.4366016872,37.5492827903]],[[-89.4356547857,37.5818202861],[-89.4367114582,37.5826057145],[-89.4362915244,37.5781703701],[-89.436313925,37.5802946772],[-89.4356547857,37.5818202861]]]},"properties":{"flat_pct":31}},{"type":"Feature","geometry":{"type":"Polygon","coordinates":[[[-89.4303449926,37.6263239627],[-89.4295122341,37.6275205957],[-89.42816588288774,37.62819194898142],[-89.42863,37.62519],[-89.4300193168165,37.62357544883605],[-89.4303449926,37.6263239627]]]},"properties":{"flat_pct":100}},{"type":"Feature","geometry":{"type":"Polygon","coordinates":[[[-89.4202886322,37.6347688046],[-89.41957024077493,37.63857449122792],[-89.4179,37.64019],[-89.41711,37.64265],[-89.4191505337,37.6442656444],[-89.41761716329717,37.64738003288906],[-89.41445,37.64938],[-89.41169,37.65637],[-89.41192,37.65715],[-89.41410313502834,37.65677069322029],[-89.4119778825,37.6594819418],[-89.4094180824,37.6596503006],[-89.4078980582,37.6583178825],[-89.4075683407,37.6563236161],[-89.4134077521,37.6423692257],[-89.4125702743,37.6375594342],[-89.4138157973,37.6351702911],[-89.4134901434,37.6318160818],[-89.4148203912,37.6302359521],[-89.4187116671,37.6289262717],[-89.4220798375,37.6255597943],[-89.4161092577,37.6215158033],[-89.4162938291,37.6154698095],[-89.4201525045,37.6105696923],[-89.4349558979,37.6060277447],[-89.43565136459792,37.601295007135484],[-89.43873,37.60082],[-89.43829,37.60595],[-89.43734,37.60838],[-89.43539,37.60978],[-89.43696,37.61078],[-89.4393799995,37.610610342],[-89.4324814747,37.6136721317],[-89.4230953557,37.6161632729],[-89.4218248845,37.6179471181],[-89.42958184298975,37.62306327255679],[-89.42808,37.62466],[-89.42756997595625,37.62825749102294],[-89.4228846063017,37.6332375944373],[-89.41707,37.6332],[-89.41712,37.63467],[-89.4202886322,37.6347688046]],[[-89.41404,37.64774],[-89.41358,37.64799],[-89.41405,37.64799],[-89.41404,37.64774]]]},"properties":{"flat_pct":31}},{"type":"Feature","geometry":{"type":"Polygon","coordinates":[[[-89.42925253722741,37.640338093997926],[-89.43409101180248,37.64119716132745],[-89.43175,37.64173],[-89.42925253722741,37.640338093997926]]]},"properties":{}},{"type":"Feature","geometry":{"type":"Polygon","coordinates":[[[-89.41935197440012,37.64329032278601],[-89.41761,37.64248],[-89.41966015393103,37.63912815658536],[-89.4196597438,37.6395778544],[-89.41935197440012,37.64329032278601]]]},"properties":{}},{"type":"Feature","geometry":{"type":"Polygon","coordinates":[[[-89.4301968922939,37.64974054387774],[-89.4302302566069,37.6459195351481],[-89.43121,37.64802],[-89.4301968922939,37.64974054387774]]]},"properties":{}},{"type":"Feature","geometry":{"type":"Polygon","coordinates":[[[-89.4406683013,37.6566108823],[-89.4404498253,37.6588965652],[-89.4386791177,37.6603583013],[-89.42527524524243,37.66052608088435],[-89.42094,37.65582],[-89.4186568070123,37.654771200500875],[-89.4176108058,37.65112219],[-89.4190282391,37.6493158233],[-89.4210207296,37.6489755388],[-89.4244985901,37.6527658572],[-89.4295307504,37.6545138011],[-89.4329405077,37.6545039818],[-89.4330086932,37.653339373],[-89.43041853552681,37.65004210990055],[-89.43177,37.64865],[-89.43137,37.6466],[-89.42805773083795,37.64414171565583],[-89.4278035579,37.6426251082],[-89.42878544160486,37.64068279061862],[-89.43071,37.64197],[-89.43449296975044,37.641593536526116],[-89.4362605662,37.6440182978],[-89.4360301242,37.6474728308],[-89.4388824891,37.6513360149],[-89.4389384573,37.6547144972],[-89.4406683013,37.6566108823]]]},"properties":{"flat_pct":99}},{"type":"Feature","geometry":{"type":"Polygon","coordinates":[[[-89.41237,37.65691],[-89.41492,37.6496],[-89.4173763911333,37.64786432105442],[-89.4157852897,37.6510646561],[-89.4152459758812,37.65546935521088],[-89.41237,37.65691]]]},"properties":{"flat_pct":100}},{"type":"Feature","geometry":{"type":"Polygon","coordinates":[[[-89.421596459,37.6594398502],[-89.420914787,37.6576304339],[-89.41900307020379,37.65538624141442],[-89.42155,37.65685],[-89.42461112140424,37.66052799340951],[-89.421596459,37.6594398502]]]},"properties":{"flat_pct":100}},{"type":"Feature","geometry":{"type":"Polygon","coordinates":[[[-89.48173,37.67371],[-89.48175235506712,37.67168127765868],[-89.4827505599175,37.673714065975766],[-89.48173,37.67371]]]},"properties":{}},{"type":"Feature","geometry":{"type":"Polygon","coordinates":[[[-89.46720466429888,37.67680362712518],[-89.4624007524,37.6774899999],[-89.4599898437,37.6767366801],[-89.4377623546,37.6765304294],[-89.4163557173,37.677190919],[-89.4164312847,37.6811404094],[-89.414476124,37.6874325214],[-89.412049795,37.6888279902],[-89.4091778114723,37.6877148469205],[-89.41198,37.67907],[-89.41176,37.67357],[-89.41050919151866,37.672023142173956],[-89.4118039802,37.6713803826],[-89.46681073081625,37.67079971345084],[-89.46720466429888,37.67680362712518]]]},"properties":{"flat_pct":100}},{"type":"Feature","geometry":{"type":"Polygon","coordinates":[[[-89.40880405457104,37.68733013409849],[-89.4080195069,37.6828937184],[-89.4104519585,37.6801703829],[-89.4094506421,37.6743720667],[-89.41028904368571,37.672229433507646],[-89.41167,37.67506],[-89.41164,37.67926],[-89.40880405457104,37.68733013409849]]]},"properties":{"flat_pct":100}},{"type":"Feature","geometry":{"type":"Polygon","coordinates":[[[-89.4930857552,37.6847538314],[-89.49562384962483,37.68527480762761],[-89.49190078750802,37.685344206811806],[-89.4930857552,37.6847538314]]]},"properties":{}},{"type":"Feature","geometry":{"type":"Polygon","coordinates":[[[-89.4893775472,37.690401288],[-89.4876860675,37.6929807754],[-89.4846138047,37.6927049854],[-89.48386737231641,37.69198062918888],[-89.48395,37.68672],[-89.48938690504733,37.686769945321956],[-89.4893775472,37.690401288]]]},"properties":{"flat_pct":17}},{"type":"Feature","geometry":{"type":"Polygon","coordinates":[[[-89.4401174172,37.7028870844],[-89.44075312746592,37.70522526858251],[-89.4353,37.70464],[-89.43552199721245,37.70756235674753],[-89.43403451449078,37.70740921393744],[-89.43081,37.70432],[-89.42656,37.70402],[-89.42670346624155,37.70063419669962],[-89.4383882649,37.7018402587],[-89.4401174172,37.7028870844]]]},"properties":{"flat_pct":100}},{"type":"Feature","geometry":{"type":"Polygon","coordinates":[[[-89.4150373864,37.7326670675],[-89.4101,37.73249],[-89.41008,37.73594],[-89.40298,37.73527],[-89.40304,37.7318],[-89.40775,37.73227],[-89.40818,37.71739],[-89.4059540094368,37.71730880885484],[-89.4068385862,37.7166621871],[-89.4103463377,37.7173481575],[-89.41224124530814,37.72068639670633],[-89.4121598004,37.7222831988],[-89.41315665149297,37.72254841610502],[-89.41594,37.72821],[-89.41753,37.72942],[-89.41747863726046,37.731582942031864],[-89.4150373864,37.7326670675]]]},"properties":{"flat_pct":20}},{"type":"Feature","geometry":{"type":"Polygon","coordinates":[[[-89.4674661676,37.7327164606],[-89.4647575924,37.7335309273],[-89.4603327054,37.7312186393],[-89.4591200978,37.7292688546],[-89.4595749248039,37.72713575722975],[-89.4651241855,37.7249895973],[-89.4673597981,37.7255131564],[-89.4686082971,37.7280510662],[-89.4674661676,37.7327164606]]]},"properties":{"flat_pct":100}},{"type":"Feature","geometry":{"type":"Polygon","coordinates":[[[-89.4589893553,37.7400880452],[-89.4602365078,37.7393330432],[-89.46158285702226,37.73919793186334],[-89.4581529042529,37.74261930438813],[-89.4589893553,37.7400880452]]]},"properties":{}},{"type":"Feature","geometry":{"type":"Polygon","coordinates":[[[-89.465045706,37.7396882731],[-89.4662569568,37.7413065078],[-89.46607521186186,37.743521424343484],[-89.45842071012412,37.743500861544995],[-89.46254550869898,37.739193691107054],[-89.465045706,37.7396882731]]]},"properties":{"flat_pct":100}},{"type":"Feature","geometry":{"type":"Polygon","coordinates":[[[-89.4988165802,37.7871259485],[-89.5003605834,37.785426498],[-89.5026540515,37.7853165802],[-89.50608646483191,37.79003626415281],[-89.49932733538856,37.79005816198038],[-89.4988165802,37.7871259485]]]},"properties":{"flat_pct":17}},{"type":"Feature","geometry":{"type":"Polygon","coordinates":[[[-89.51705,37.79],[-89.5257125741,37.792570256],[-89.52616,37.79733],[-89.53036492151989,37.79745797587234],[-89.5300272924,37.7983513568],[-89.5270368679,37.7998241296],[-89.51901457002033,37.79716178230828],[-89.51895814473166,37.79923951047237],[-89.51685,37.79926],[-89.51682,37.80113],[-89.5190572304,37.8012188802],[-89.51675,37.80485],[-89.5163257239,37.8084103846],[-89.50754,37.80873],[-89.50742,37.81242],[-89.50849701514089,37.812411024873825],[-89.5064927354,37.8130929016],[-89.50445375083008,37.815486835570965],[-89.50448,37.81424],[-89.50263,37.81419],[-89.50259397768531,37.815566052420785],[-89.501046219,37.8145400309],[-89.5004005116,37.8126246004],[-89.5025131384,37.8081774558],[-89.4990743377,37.8077105484],[-89.4923871218,37.8039010451],[-89.4913775474,37.8011373329],[-89.4925008591,37.7987835326],[-89.49057,37.79375],[-89.48953,37.79375],[-89.48956,37.79195],[-89.48646486993685,37.792527592222044],[-89.4852508028,37.7900506035],[-89.486178318,37.7879501766],[-89.4884311968,37.7871288913],[-89.4906896337,37.7805607874],[-89.4924827566,37.7796277697],[-89.49436540471824,37.77999174599892],[-89.49468232113077,37.786398441056946],[-89.4932104729,37.7890309893],[-89.4960014723,37.7910453747],[-89.4964,37.7956],[-89.49862,37.79565],[-89.49852,37.80286],[-89.50769,37.804],[-89.50783,37.79941],[-89.5031,37.79941],[-89.50322,37.79373],[-89.508,37.79373],[-89.50765713427758,37.7900311755909],[-89.5095808221,37.788395663],[-89.51255428673394,37.788523389757124],[-89.51247,37.7937],[-89.51694,37.79368],[-89.51705,37.79]],[[-89.49158,37.78641],[-89.48965,37.78642],[-89.48964,37.78718],[-89.49103,37.78674],[-89.49158,37.78641]],[[-89.49286,37.7852],[-89.49213,37.78523],[-89.49199,37.78737],[-89.49283,37.78737],[-89.49286,37.7852]]]},"properties":{"flat_pct":23}},{"type":"Feature","geometry":{"type":"Polygon","coordinates":[[[-89.5487165772,37.801680223],[-89.5524088114,37.8032461737],[-89.5539128291,37.8073707908],[-89.5519939898636,37.81285218727374],[-89.551,37.81283],[-89.55093036022411,37.814866963444686],[-89.546345556,37.8155222463],[-89.54415992860451,37.81393926070262],[-89.5443,37.80885],[-89.54184108899877,37.808862294555006],[-89.5419188223,37.8073908126],[-89.5387006746,37.8066343296],[-89.5372030878,37.804361991],[-89.5381372648,37.7955037369],[-89.5406363641,37.793192861],[-89.5431887082,37.793450661],[-89.5446360107,37.7961746606],[-89.5431384097,37.8014946176],[-89.5462465526,37.8029298209],[-89.5487165772,37.801680223]],[[-89.54768,37.8135],[-89.54766,37.81275],[-89.54569,37.8127],[-89.54619,37.81342],[-89.54768,37.8135]]]},"properties":{"flat_pct":19}},{"type":"Feature","geometry":{"type":"Polygon","coordinates":[[[-89.6053968948,37.8169564436],[-89.6035405925,37.8156050666],[-89.60338,37.81359],[-89.60805,37.81362],[-89.60800744027367,37.816350915773114],[-89.6053968948,37.8169564436]]]},"properties":{"flat_pct":20}},{"type":"Feature","geometry":{"type":"Polygon","coordinates":[[[-89.51398484042554,37.82044],[-89.5169816386,37.8222919497],[-89.5161131799,37.8257590314],[-89.51421,37.82644],[-89.50700400369533,37.82610382816741],[-89.50803,37.82356],[-89.5139,37.82363],[-89.51398484042554,37.82044]]]},"properties":{"flat_pct":45}},{"type":"Feature","geometry":{"type":"Polygon","coordinates":[[[-89.5229447843,37.8275060195],[-89.5221430031,37.8250692045],[-89.5238710049,37.8215914707],[-89.52801,37.82008440547576],[-89.52801,37.82274],[-89.53014,37.82236],[-89.53021,37.82374],[-89.52561,37.82375],[-89.52552,37.82607],[-89.52287,37.82692],[-89.52547,37.82756],[-89.52544510303665,37.82841894523573],[-89.5229447843,37.8275060195]]]},"properties":{"flat_pct":62}},{"type":"Feature","geometry":{"type":"Polygon","coordinates":[[[-89.4886172066,37.8382896489],[-89.4906048981,37.8387611536],[-89.4919023499,37.8406846991],[-89.49141235637569,37.84317503157243],[-89.49024,37.84317],[-89.49018,37.84499],[-89.48785,37.84498],[-89.48788,37.84425],[-89.48237402567057,37.84458587642968],[-89.478960207,37.8381098395],[-89.4770188247,37.8365925609],[-89.4746827394,37.8357112471],[-89.46986146538148,37.835808222837436],[-89.47004473371565,37.82980516673606],[-89.4757078899,37.8297433046],[-89.4795491015,37.8311343569],[-89.4845750127,37.8274184561],[-89.4871400286,37.8273782736],[-89.4885915439,37.8287850127],[-89.4888211546,37.8307932684],[-89.4873675627,37.8331241934],[-89.4848128954,37.8346144559],[-89.4849435005,37.8374358476],[-89.4862779295,37.8399262105],[-89.4886172066,37.8382896489]]]},"properties":{"flat_pct":55}},{"type":"Feature","geometry":{"type":"Polygon","coordinates":[[[-89.519159125,37.829482572],[-89.5237442457,37.8312435219],[-89.52530263970716,37.833333930102604],[-89.52521961169454,37.83619839653834],[-89.5231882906,37.8379240326],[-89.5197613451,37.8386027409],[-89.51546469474607,37.83714749883047],[-89.5136256371,37.8375115416],[-89.5188177049,37.8391806505],[-89.5194148367,37.8413977458],[-89.5182693495,37.8433877049],[-89.5163457063,37.8440085177],[-89.510810624,37.8432458189],[-89.5065534279,37.8396677661],[-89.5058499204,37.8367273568],[-89.5075099561,37.8333428296],[-89.5097901562,37.8318613752],[-89.519159125,37.829482572]]]},"properties":{"flat_pct":55}},{"type":"Feature","geometry":{"type":"Polygon","coordinates":[[[-89.5494858563,37.8524316275],[-89.5472319495,37.852869785],[-89.5451781163,37.8513326805],[-89.5454577802,37.8442037706],[-89.5479,37.84411],[-89.54796,37.84271],[-89.55257,37.84226],[-89.55239,37.84598],[-89.55473,37.84598],[-89.55457,37.84963],[-89.55222,37.84961],[-89.55218587013782,37.850800607115254],[-89.5508169922,37.8502103506],[-89.5494858563,37.8524316275]]]},"properties":{"flat_pct":45}},{"type":"Feature","geometry":{"type":"Polygon","coordinates":[[[-89.56151,37.85335],[-89.56154,37.85243],[-89.5578818051536,37.85239124793595],[-89.5569257665,37.8484176543],[-89.55880526596042,37.84601877848232],[-89.56140067,37.8462123108],[-89.5637205881,37.8490644971],[-89.56385432825721,37.85340152369796],[-89.56151,37.85335]]]},"properties":{"flat_pct":32}},{"type":"Feature","geometry":{"type":"Polygon","coordinates":[[[-89.5242546045,37.8552501422],[-89.5218249337,37.8544269651],[-89.5209198914,37.8520265862],[-89.5217530349,37.8501849337],[-89.5248876944867,37.847910705555634],[-89.52486,37.84872],[-89.53187284378204,37.84875055705351],[-89.5339794928,37.8518830192],[-89.5338557254,37.8541757817],[-89.5321469808,37.8557094928],[-89.5301256654,37.8556997054],[-89.52697422,37.8535384664],[-89.5242546045,37.8552501422]]]},"properties":{"flat_pct":64}},{"type":"Feature","geometry":{"type":"Polygon","coordinates":[[[-89.5587133906,37.8552054342],[-89.5614,37.85517],[-89.56134501566926,37.85607974074508],[-89.5599511072,37.8559758074],[-89.5587133906,37.8552054342]]]},"properties":{}},{"type":"Feature","geometry":{"type":"Polygon","coordinates":[[[-89.5557453936,37.8640356773],[-89.55347967364472,37.866949341159035],[-89.54919505868294,37.866904049246116],[-89.5484527378,37.8656193678],[-89.5458285599,37.8653414471],[-89.54540072077782,37.86686393996594],[-89.54219,37.86683],[-89.5421337738207,37.86981801981497],[-89.5397132789,37.8699606475],[-89.53707831446988,37.874237681350834],[-89.53282,37.87421],[-89.53289,37.87049],[-89.5352,37.87051],[-89.53522,37.86955],[-89.5323771709,37.869026629],[-89.5359442573,37.8645010061],[-89.5399704885,37.8639421673],[-89.5407068671,37.8604844101],[-89.5426227068,37.8590886438],[-89.5429236245,37.8558182505],[-89.544607282,37.8542570409],[-89.5476392746,37.8548243851],[-89.5492332831,37.8585141946],[-89.5496163379,37.8554421723],[-89.55209097487659,37.85411099180522],[-89.55196,37.85868],[-89.55528254421034,37.85872324352551],[-89.5557453936,37.8640356773]]]},"properties":{"flat_pct":74}},{"type":"Feature","geometry":{"type":"Polygon","coordinates":[[[-89.38428349659736,37.19415100639303],[-89.38397683703377,37.19696271329769],[-89.38228,37.1968],[-89.38230420184794,37.192383162750566],[-89.38428349659736,37.19415100639303]]]},"properties":{"flat_pct":29}},{"type":"Feature","geometry":{"type":"Polygon","coordinates":[[[-89.36996376033451,37.218522086571326],[-89.36169515455263,37.218402807979174],[-89.3588394787863,37.21659503703743],[-89.35689909422689,37.216817097676305],[-89.35055652709832,37.214800971088046],[-89.34703026241763,37.210307730518856],[-89.34692995014258,37.20774436196702],[-89.34830226948114,37.206260262417636],[-89.35275232355458,37.20489331397524],[-89.35523710831752,37.20672107310022],[-89.35489768998434,37.209636476333486],[-89.3576111545622,37.210705222995045],[-89.36341565426365,37.21046460412066],[-89.36531766094672,37.21140611470247],[-89.366940792245,37.21021567189873],[-89.3689592778677,37.21032303870185],[-89.37068138024173,37.21225943821561],[-89.36996376033451,37.218522086571326]]]},"properties":{"flat_pct":20}},{"type":"Feature","geometry":{"type":"Polygon","coordinates":[[[-89.3159253335999,37.23284608598711],[-89.31507645592559,37.23534210619464],[-89.31594305422875,37.23620741874772],[-89.3159,37.23958],[-89.30675,37.2396],[-89.30671,37.2325],[-89.3159253335999,37.23284608598711]]]},"properties":{"flat_pct":15}},{"type":"Feature","geometry":{"type":"Polygon","coordinates":[[[-89.36907601007223,37.23568910959705],[-89.37036670053378,37.24144649748352],[-89.36835312238217,37.244254261287345],[-89.3652075148093,37.24607309081634],[-89.36291669641898,37.2459174340105],[-89.3613267465796,37.24390423248226],[-89.36176173202,37.241559865691265],[-89.35840256490994,37.23920175789573],[-89.35849979579069,37.236633703753895],[-89.3564633953012,37.234941250101514],[-89.35649303088228,37.23237609072686],[-89.35937180848609,37.23069551412186],[-89.3613354069618,37.23128601933271],[-89.3599,37.23305],[-89.36537504682192,37.2331288691689],[-89.36907601007223,37.23568910959705]]]},"properties":{"flat_pct":17}},{"type":"Feature","geometry":{"type":"Polygon","coordinates":[[[-89.30294379451537,37.25361962465448],[-89.30396587036576,37.25258001982678],[-89.3054952994741,37.25214380036435],[-89.30541,37.25452],[-89.3032,37.25445],[-89.30313,37.25641],[-89.30294379451537,37.25361962465448]]]},"properties":{}},{"type":"Feature","geometry":{"type":"Polygon","coordinates":[[[-89.36201814946472,37.260562203847236],[-89.35853109594363,37.263103826287484],[-89.35558235522794,37.261549276060244],[-89.35556620346767,37.258720941757815],[-89.3584788488742,37.25653185050776],[-89.35656190777492,37.25578499115778],[-89.35552640992064,37.254049031471254],[-89.35706142233333,37.25082124388496],[-89.36142780945082,37.25106662867378],[-89.36415622311776,37.25349477118764],[-89.36411473516625,37.256322847310294],[-89.3617880534039,37.25785316728032],[-89.36201814946472,37.260562203847236]]]},"properties":{"flat_pct":20}},{"type":"Feature","geometry":{"type":"Polygon","coordinates":[[[-89.42498524264467,37.24817375731358],[-89.42737071737092,37.25074845868403],[-89.42604950958928,37.25380886849566],[-89.42408167468902,37.25427086161771],[-89.42166599216496,37.25319422287415],[-89.41978594612101,37.25445816767704],[-89.41665222056251,37.254075787003316],[-89.41515290147068,37.255860584710064],[-89.40796355132166,37.25928273381432],[-89.40206989741479,37.258368817322626],[-89.39955211237242,37.2557507435233],[-89.3976482531923,37.25721274996382],[-89.39286883391757,37.25733845670045],[-89.3888816433994,37.25349804333595],[-89.38103315435426,37.254171906990855],[-89.38417668957712,37.25622817645454],[-89.38538050678602,37.2612532683035],[-89.38852656778563,37.264163473685],[-89.38838264385221,37.267105620385976],[-89.38647016597214,37.26993238834305],[-89.382016569924,37.26993931103121],[-89.38124949210099,37.268168458604194],[-89.38185193138776,37.2661094673704],[-89.37969810774611,37.26318107711338],[-89.37761621052603,37.26076704308906],[-89.37426927888163,37.26073134531734],[-89.37301990353174,37.25880491359684],[-89.37349865468265,37.25655927888164],[-89.37643944398646,37.25304663404451],[-89.37854015493002,37.25241300315723],[-89.37858140712301,37.24983903480821],[-89.3805932247413,37.24824733422212],[-89.39118964598326,37.24776238961294],[-89.39515835533008,37.25080550958619],[-89.39800831206867,37.246976834388285],[-89.40294458097789,37.24680006563846],[-89.40509426139175,37.24863816517981],[-89.40424670326207,37.25200802576038],[-89.40530259246326,37.252743507684805],[-89.40742229577008,37.25112420436769],[-89.41062460765282,37.25155686996182],[-89.41369867650631,37.24810379411786],[-89.41811,37.24813],[-89.41813367555847,37.2452573655717],[-89.42037381752317,37.24673575775396],[-89.42271024662556,37.24692015830768],[-89.4227,37.24816],[-89.42498524264467,37.24817375731358]]]},"properties":{"flat_pct":22}},{"type":"Feature","geometry":{"type":"Polygon","coordinates":[[[-89.345823252848,37.264329381005105],[-89.34637892604796,37.26736353426952],[-89.34425457396837,37.2692308489317],[-89.33952019061873,37.26795190975256],[-89.33801210084701,37.265876678168986],[-89.33848188961043,37.2636291514269],[-89.340403321831,37.26237210084702],[-89.34308422459226,37.26253667357051],[-89.345823252848,37.264329381005105]]]},"properties":{"flat_pct":55}},{"type":"Feature","geometry":{"type":"Polygon","coordinates":[[[-89.29814295375297,37.270393376538415],[-89.29948679852862,37.270100537727],[-89.3017360440362,37.27035489365211],[-89.30083,37.27172],[-89.29814295375297,37.270393376538415]]]},"properties":{}},{"type":"Feature","geometry":{"type":"Polygon","coordinates":[[[-89.28179176058246,37.27694415211586],[-89.28300014692083,37.279276420597775],[-89.28012,37.27934],[-89.28014,37.27653],[-89.28179176058246,37.27694415211586]]]},"properties":{}},{"type":"Feature","geometry":{"type":"Polygon","coordinates":[[[-89.33919064183794,37.2777969231995],[-89.34058835921348,37.27633671842702],[-89.34314956274243,37.27581557956754],[-89.34307,37.28047],[-89.33932116199246,37.2804938779491],[-89.33919064183794,37.2777969231995]]]},"properties":{"flat_pct":18}},{"type":"Feature","geometry":{"type":"Polygon","coordinates":[[[-89.29045291560864,37.283788377598164],[-89.29064992025398,37.28607601111522],[-89.28917162240184,37.28783291560864],[-89.2835786727808,37.28734495357488],[-89.28039007109095,37.28554271086598],[-89.2770641907815,37.28031890343751],[-89.2840012750689,37.28050280257915],[-89.29045291560864,37.283788377598164]]]},"properties":{"flat_pct":27}},{"type":"Feature","geometry":{"type":"Polygon","coordinates":[[[-89.32467183831989,37.28893498115118],[-89.31969964155438,37.294700506632886],[-89.31981,37.29845],[-89.31548,37.29945],[-89.3152783387961,37.30375882772317],[-89.31219851181179,37.30269609658341],[-89.31089255326305,37.30313425368671],[-89.31093,37.30228],[-89.30651,37.30236],[-89.30650798778196,37.303820870304044],[-89.30513200676201,37.30019211824541],[-89.3017807868234,37.300242564459204],[-89.29475389882775,37.29406827465763],[-89.2939066511976,37.28997094885812],[-89.2912166128593,37.286900062186284],[-89.29201699024217,37.281554012246126],[-89.29128754983675,37.27807667770535],[-89.29266936290102,37.27660141349345],[-89.29526758383525,37.27653444694838],[-89.29719583464157,37.27509703209228],[-89.29645054818704,37.272749476257296],[-89.2976683912011,37.27067598835147],[-89.29775,37.27301],[-89.30207,37.27311],[-89.30222017233686,37.276171847090446],[-89.30026602661391,37.27621904597257],[-89.3009272609977,37.279740180161376],[-89.30416764434986,37.280382956303455],[-89.30641240464773,37.28339736461294],[-89.3152634204032,37.27341200602428],[-89.31524,37.27616],[-89.31957,37.27609],[-89.31959572713025,37.27497138437679],[-89.31977430532741,37.27618475823714],[-89.31933364711011,37.2775744479785],[-89.31505638643742,37.28226105694149],[-89.31640253899334,37.286516503489885],[-89.31768264156172,37.286931787600686],[-89.3202671448857,37.28402443655222],[-89.32423587315064,37.28153860655564],[-89.32467183831989,37.28893498115118]],[[-89.30770638820752,37.286602674126264],[-89.30662883433703,37.28899741521139],[-89.30892809270487,37.291759777719534],[-89.30943716723627,37.29531966941153],[-89.31072855316856,37.2961305380606],[-89.31271344555729,37.29565596879706],[-89.3136704122431,37.29192283646724],[-89.31126637004772,37.289911681917026],[-89.31034831885938,37.2868983569686],[-89.30770638820752,37.286602674126264]],[[-89.29985043504449,37.28729486081768],[-89.29960328985801,37.28564769382608],[-89.29883432435207,37.28558082726034],[-89.29985043504449,37.28729486081768]]]},"properties":{"flat_pct":20}},{"type":"Feature","geometry":{"type":"Polygon","coordinates":[[[-89.41651479730487,37.284676246746194],[-89.39735524782796,37.291214564246395],[-89.39067166901738,37.29789316635041],[-89.38837585464701,37.29792941983923],[-89.38672683364959,37.29633166901738],[-89.38713120812,37.29327367293745],[-89.39406223902284,37.2861263925899],[-89.3988,37.2839384961794],[-89.3988,37.28465],[-89.40766,37.28469],[-89.40768,37.28379],[-89.39922465407825,37.28374239107026],[-89.41224838568745,37.27958819876058],[-89.41218,37.28163],[-89.41664,37.28166],[-89.41651479730487,37.284676246746194]],[[-89.4138,37.28309],[-89.41176,37.28274],[-89.41173,37.28456],[-89.41441,37.28439],[-89.4138,37.28309]]]},"properties":{"flat_pct":36}},{"type":"Feature","geometry":{"type":"Polygon","coordinates":[[[-89.32093938703196,37.301719401768544],[-89.31967571014529,37.30301198293786],[-89.31976,37.30028],[-89.32084,37.30026],[-89.32087703029246,37.29890469129583],[-89.32093938703196,37.301719401768544]]]},"properties":{}},{"type":"Feature","geometry":{"type":"Polygon","coordinates":[[[-89.38144336802014,37.30242680203995],[-89.38274745534764,37.304635936967316],[-89.38186707519843,37.307045470465305],[-89.37812350711489,37.30966602600906],[-89.37383389518452,37.30944868092363],[-89.37388,37.3064],[-89.36903,37.30635],[-89.36901521048219,37.30770218448584],[-89.36449383180127,37.30546428414551],[-89.36452251363464,37.299208776286754],[-89.37109954704094,37.302062599006625],[-89.37511265321801,37.300340026684104],[-89.3779196939939,37.30232611772657],[-89.38144336802014,37.30242680203995]]]},"properties":{"flat_pct":12}},{"type":"Feature","geometry":{"type":"Polygon","coordinates":[[[-89.3066140964705,37.325880009752595],[-89.30492721455249,37.3275691134136],[-89.30258,37.32769],[-89.30260914379127,37.32911388237322],[-89.29985941717028,37.32978187954558],[-89.2979326118937,37.32888000846724],[-89.29790718210184,37.324721458876056],[-89.30249,37.32416],[-89.30239,37.32063],[-89.30018596944049,37.32070801878087],[-89.30174260444119,37.31945065341478],[-89.30376392127913,37.319460144469275],[-89.30608972213449,37.32094303630855],[-89.3066140964705,37.325880009752595]]]},"properties":{"flat_pct":16}},{"type":"Feature","geometry":{"type":"Polygon","coordinates":[[[-89.3282822187096,37.37059593330892],[-89.32775795917895,37.37294961345518],[-89.32544191226904,37.37467663902248],[-89.32654141240478,37.376837834652584],[-89.32631104344257,37.37884600346539],[-89.32313226247585,37.38048008650338],[-89.32136511479705,37.37949876040022],[-89.31970282199836,37.37673693951722],[-89.31670363573922,37.37584240733024],[-89.31245078778672,37.376775981869244],[-89.31042038027768,37.3759842926596],[-89.31038,37.37298],[-89.30671,37.37301],[-89.30668,37.37113],[-89.30203,37.37093],[-89.30199831694529,37.366438926993524],[-89.30487250020823,37.36588189653322],[-89.31348875886613,37.370747968443624],[-89.3155308635593,37.36976301442129],[-89.31973715614292,37.37045278286043],[-89.32117018464204,37.369622801354495],[-89.32124877427569,37.364908736656844],[-89.32431532513057,37.36360184566222],[-89.32639124865459,37.365108982818384],[-89.3282822187096,37.37059593330892]]]},"properties":{"flat_pct":12}},{"type":"Feature","geometry":{"type":"Polygon","coordinates":[[[-89.3354,37.39449],[-89.32871,37.39471],[-89.32858992088913,37.39735527217773],[-89.3224171826467,37.39764248721678],[-89.32246579413082,37.40110118008026],[-89.32405936251594,37.4038481574739],[-89.3222649413866,37.4066573835289],[-89.31944506364931,37.406438236654914],[-89.31632928600818,37.40320731889456],[-89.3163475666217,37.39551386612172],[-89.31966327092772,37.391796778237726],[-89.3248959902937,37.39093444171174],[-89.32877807599749,37.39135077954023],[-89.33494077595978,37.38877177222046],[-89.33674825129029,37.38967667263989],[-89.33757138586604,37.39152282033432],[-89.33678296414529,37.394052836133156],[-89.33537359831034,37.395150042241575],[-89.3354,37.39449]]]},"properties":{"flat_pct":25}},{"type":"Feature","geometry":{"type":"Polygon","coordinates":[[[-89.34608581288808,37.44387501315014],[-89.34626658116461,37.44491967311588],[-89.33877617692755,37.44488742164447],[-89.33559248014421,37.441596266614944],[-89.33507271989663,37.439583253485004],[-89.33053832995921,37.43757161051516],[-89.3301328345472,37.43827851614809],[-89.33014,37.43739],[-89.32553,37.4374],[-89.3255,37.43928],[-89.32324495679615,37.44054478510129],[-89.32309171555798,37.43869457501091],[-89.32569673160808,37.431770833631695],[-89.32804638391902,37.43074124395481],[-89.3305801202543,37.43228621490035],[-89.33115581251639,37.4316823964502],[-89.33062496457104,37.42550115478466],[-89.33321189107501,37.42249029987035],[-89.33548237406842,37.42214826929383],[-89.33811689727331,37.423827959870096],[-89.3384020074935,37.4261630863145],[-89.33685627567039,37.42882197302032],[-89.33837551165617,37.43157551714671],[-89.33743198277439,37.434066449017976],[-89.34029293136291,37.43550044871927],[-89.34118702544964,37.437618684860794],[-89.34324341922466,37.43798334939737],[-89.34710277243873,37.435500230990776],[-89.34980625649833,37.435929316019866],[-89.35239217265169,37.437876002639285],[-89.352787817904,37.43985824295615],[-89.35183613587526,37.44164153013314],[-89.34996917030995,37.44241628907461],[-89.34795171461776,37.44179809419855],[-89.34608581288808,37.44387501315014]],[[-89.33292,37.43503],[-89.33381,37.43473],[-89.33291,37.43466],[-89.33292,37.43503]]]},"properties":{"flat_pct":11}},{"type":"Feature","geometry":{"type":"Polygon","coordinates":[[[-89.30293,37.51189],[-89.30292,37.51035],[-89.30612574383424,37.51033694198031],[-89.3065985722,37.5135569538],[-89.3049176624,37.5151211214],[-89.3012820916,37.5148851042],[-89.29982257409831,37.51572295877228],[-89.29998,37.51194],[-89.30293,37.51189]]]},"properties":{"flat_pct":60}},{"type":"Feature","geometry":{"type":"Polygon","coordinates":[[[-89.29945332949526,37.515789286280146],[-89.29843,37.51185],[-89.29958,37.51192],[-89.29945332949526,37.515789286280146]]]},"properties":{}},{"type":"Feature","geometry":{"type":"Polygon","coordinates":[[[-89.3131537070496,37.52491651891117],[-89.3081052331,37.5215200237],[-89.3087637024,37.5156118995],[-89.307617268,37.5126513008],[-89.3098741596,37.5090232998],[-89.3122835384,37.5081424966],[-89.3148747719,37.5102394485],[-89.31465,37.52309],[-89.31693,37.52307],[-89.31693,37.52489],[-89.3131537070496,37.52491651891117]]]},"properties":{"flat_pct":18}},{"type":"Feature","geometry":{"type":"Polygon","coordinates":[[[-89.3980338956,37.5312399677],[-89.3946394083,37.5313887777],[-89.3929714732,37.5287940039],[-89.3937832505,37.5266461922],[-89.3975631772,37.5237278456],[-89.3997424558,37.5244509105],[-89.4007721544,37.5265031772],[-89.3980338956,37.5312399677]]]},"properties":{"flat_pct":44}},{"type":"Feature","geometry":{"type":"Polygon","coordinates":[[[-89.123916996,37.5426467345],[-89.1257649858,37.5444260194],[-89.1256664735,37.5474255086],[-89.12412154074322,37.54965608148154],[-89.12125,37.54959],[-89.12119766751934,37.543065884077],[-89.123916996,37.5426467345]]]},"properties":{"flat_pct":32}},{"type":"Feature","geometry":{"type":"Polygon","coordinates":[[[-89.3640991916,37.5773022438],[-89.3653999982,37.5798932922],[-89.3640639724,37.5823862364],[-89.3618115005,37.5828317118],[-89.35776675472333,37.5811919310159],[-89.35801,37.57461],[-89.35626754323263,37.57462987593271],[-89.35817343522993,37.57032620561192],[-89.35813,37.57147],[-89.36047,37.57274],[-89.36267,37.57271],[-89.36275783233295,37.57079835510661],[-89.3642806626,37.5735581605],[-89.3640991916,37.5773022438]]]},"properties":{"flat_pct":63}},{"type":"Feature","geometry":{"type":"Polygon","coordinates":[[[-89.3738996638,37.5992735826],[-89.37233042,37.5960622978],[-89.3747450042,37.5936611847],[-89.36490576421609,37.58750861112269],[-89.36664,37.58757],[-89.36668,37.58396],[-89.36484826263789,37.583929504927376],[-89.3680985533,37.5806518074],[-89.3714805407,37.5818081103],[-89.3719994212,37.583761716],[-89.37121,37.58412],[-89.37118,37.58603],[-89.37337,37.58779],[-89.37572,37.58787],[-89.37572,37.59147],[-89.38540222584916,37.592417869372795],[-89.3859318771,37.5934226349],[-89.3857040435,37.595707404],[-89.3829250001,37.5975912721],[-89.38266794440484,37.599625070848184],[-89.3738996638,37.5992735826]],[[-89.3767788249,37.5939207061],[-89.3765015551,37.5937643935],[-89.3763438358,37.5937947882],[-89.3767788249,37.5939207061]],[[-89.38016,37.59353],[-89.38034,37.59365],[-89.38034,37.59353],[-89.38016,37.59353]]]},"properties":{"flat_pct":50}},{"type":"Feature","geometry":{"type":"Polygon","coordinates":[[[-89.308589865,37.6090958517],[-89.3073940501,37.611939245],[-89.3028395165,37.6133239905],[-89.2958840322,37.6132452946],[-89.2937560095,37.6106795165],[-89.2953121203,37.607731599],[-89.3006115441,37.6073498999],[-89.2996771018,37.6037560233],[-89.3022487999,37.6016351586],[-89.3048644671,37.6027112722],[-89.308589865,37.6090958517]]]},"properties":{"flat_pct":50}},{"type":"Feature","geometry":{"type":"Polygon","coordinates":[[[-89.373045866,37.6349471643],[-89.3719993839959,37.636391514812146],[-89.36463,37.63614],[-89.36569,37.63461],[-89.3656530910722,37.63104828846777],[-89.3702401808,37.6284124153],[-89.3733921287,37.6300976749],[-89.373045866,37.6349471643]]]},"properties":{"flat_pct":31}},{"type":"Feature","geometry":{"type":"Polygon","coordinates":[[[-89.35189142198126,37.64387469438543],[-89.35178652339813,37.64714812613359],[-89.34716,37.64666],[-89.34724,37.64377],[-89.35189142198126,37.64387469438543]]]},"properties":{"flat_pct":27}},{"type":"Feature","geometry":{"type":"Polygon","coordinates":[[[-89.3516037104,37.6562843268],[-89.3505000078,37.6596838439],[-89.3454714015,37.6614469214],[-89.3417142966,37.6608589765],[-89.3410433182,37.6629486533],[-89.3394726726,37.6642210071],[-89.3371801012,37.6640937498],[-89.3356489929,37.6623826726],[-89.3358155555,37.6597059532],[-89.33406,37.6564100216],[-89.3361835645,37.6493083449],[-89.3409513644,37.6438590991],[-89.343081421,37.6430619626],[-89.3413082138,37.6411681622],[-89.3388087437873,37.63516337022695],[-89.34275,37.63518],[-89.34281,37.63255],[-89.34423119357953,37.63255464948826],[-89.34730845232481,37.638656611336685],[-89.34724,37.64377],[-89.34257,37.64366],[-89.34253,37.6456],[-89.34016,37.64561],[-89.34011,37.64754],[-89.34597,37.64761],[-89.34587,37.65147],[-89.34967926686953,37.65152951979484],[-89.3497830254,37.6544217892],[-89.3516037104,37.6562843268]],[[-89.3413469995,37.6538781019],[-89.3437878549,37.654663999],[-89.3436775826,37.651590159],[-89.3416367854,37.6524055854],[-89.3413469995,37.6538781019]]]},"properties":{"flat_pct":46}},{"type":"Feature","geometry":{"type":"Polygon","coordinates":[[[-89.3037883488,37.6617090909],[-89.3058042886,37.6618567349],[-89.307388413,37.6635188504],[-89.3064667988,37.6679609283],[-89.30438,37.66907642027692],[-89.29835448359721,37.66886668394165],[-89.2966309704,37.6678709034],[-89.2959189857,37.6656879798],[-89.2969590966,37.6636409704],[-89.2988477323,37.6629206463],[-89.3018436808,37.6633936412],[-89.3037883488,37.6617090909]]]},"properties":{"flat_pct":43}},{"type":"Feature","geometry":{"type":"Polygon","coordinates":[[[-89.39831,37.71703],[-89.39925472514537,37.71346318022325],[-89.40333,37.71364],[-89.40341,37.71007],[-89.40587,37.7102],[-89.40591,37.71175],[-89.40815,37.7119],[-89.4077811678,37.713861425],[-89.40393431199229,37.71723514207875],[-89.39831,37.71703]]]},"properties":{"flat_pct":18}},{"type":"Feature","geometry":{"type":"Polygon","coordinates":[[[-89.3902351138,37.7354421824],[-89.39092572220942,37.73456406446773],[-89.39803,37.73483],[-89.39799,37.73761],[-89.39588,37.73664],[-89.39455,37.73827],[-89.39232,37.7382],[-89.39229,37.73733],[-89.3902,37.73731],[-89.39017008125195,37.738058443668876],[-89.3902351138,37.7354421824]]]},"properties":{"flat_pct":38}},{"type":"Feature","geometry":{"type":"Polygon","coordinates":[[[-88.7022456831,37.3411936101],[-88.7003936508,37.3433312986],[-88.69778913732797,37.34310745240951],[-88.69782,37.33819],[-88.7012032893888,37.33668814958839],[-88.7022456831,37.3411936101]]]},"properties":{"flat_pct":80}},{"type":"Feature","geometry":{"type":"Polygon","coordinates":[[[-88.6898424678,37.3903732552],[-88.6878749206,37.3915568242],[-88.6845072414,37.3912329158],[-88.6811218031,37.3878332538],[-88.68026642762433,37.38461004355799],[-88.68478,37.38483],[-88.6877,37.38782],[-88.69033540150507,37.38784486227835],[-88.6898424678,37.3903732552]]]},"properties":{"flat_pct":87}},{"type":"Feature","geometry":{"type":"Polygon","coordinates":[[[-88.677575653,37.3939076045],[-88.6774630556,37.3964704628],[-88.6754105083,37.3980092839],[-88.67462265291404,37.39806104587052],[-88.67464,37.39506],[-88.67118,37.39504],[-88.6734276800278,37.39088462515868],[-88.6757215734,37.3917734038],[-88.677575653,37.3939076045]]]},"properties":{"flat_pct":93}},{"type":"Feature","geometry":{"type":"Polygon","coordinates":[[[-88.64770846690084,37.40140729412617],[-88.6477076114,37.4025081998],[-88.6468238165,37.4055381975],[-88.6454799898,37.407051811],[-88.638110088031,37.40685094048475],[-88.63812,37.40189],[-88.63605383037635,37.40188547884109],[-88.6396210007,37.4007878509],[-88.6397162233,37.3997850933],[-88.6357358233,37.398056893],[-88.6354180755,37.3947386503],[-88.63803,37.39465],[-88.63804223660955,37.393161212504765],[-88.6406153736,37.3925855468],[-88.6440041902,37.3928842362],[-88.6455755542,37.3952359486],[-88.6445810948,37.3977693499],[-88.6456933951149,37.39840245095903],[-88.64264,37.39835],[-88.64266,37.40198],[-88.64762,37.40208],[-88.64770846690084,37.40140729412617]]]},"properties":{"flat_pct":90}},{"type":"Feature","geometry":{"type":"Polygon","coordinates":[[[-88.6731448334,37.4078859913],[-88.6719138591,37.4101366852],[-88.66999,37.4103],[-88.67003,37.41554],[-88.66868,37.41628],[-88.6697,37.41762],[-88.66484402549321,37.420007233691905],[-88.6611999492,37.4199793989],[-88.6593107815,37.4192604709],[-88.6570753781,37.4164899097],[-88.656682882,37.4145070434],[-88.6576437276,37.4127200834],[-88.6544757691,37.4116590142],[-88.6529900542,37.407311967],[-88.6545691134,37.4042286764],[-88.6573405547,37.4030653853],[-88.6604060991,37.4032866965],[-88.6659146335,37.4057332833],[-88.6686223696,37.4048929715],[-88.6671826857,37.4019517615],[-88.66925352701338,37.39946381242085],[-88.66999,37.39988],[-88.66999,37.40238],[-88.6746,37.40243],[-88.67461,37.40058],[-88.6772601287,37.4010820719],[-88.677506884,37.4030882932],[-88.6764248952,37.4047956631],[-88.6720193673,37.4053672027],[-88.6731448334,37.4078859913]],[[-88.6619486325,37.4127990518],[-88.6624140602,37.4134076194],[-88.6625289857,37.4133956932],[-88.6619486325,37.4127990518]]]},"properties":{"flat_pct":95}},{"type":"Feature","geometry":{"type":"Polygon","coordinates":[[[-88.6746634482,37.438031231],[-88.6740733654,37.4360979399],[-88.674833432344,37.434241686592514],[-88.67796,37.43429],[-88.67797404910583,37.433190155714954],[-88.6804550976,37.4331217193],[-88.6828428934,37.435074484],[-88.6827341653,37.4373680088],[-88.681035516,37.4389128934],[-88.6766349024,37.4392082807],[-88.6746634482,37.438031231]]]},"properties":{"flat_pct":97}},{"type":"Feature","geometry":{"type":"Polygon","coordinates":[[[-88.6476009385,37.4555107954],[-88.6450633627,37.4551344579],[-88.64373,37.4526400882],[-88.6448138574,37.4494264278],[-88.6447909402,37.4436638898],[-88.6474791947,37.441692853],[-88.6501915865,37.4431617947],[-88.65069857865097,37.44665417209405],[-88.65044284202497,37.451515595291085],[-88.6492244579,37.4543066373],[-88.6476009385,37.4555107954]]]},"properties":{"flat_pct":92}},{"type":"Feature","geometry":{"type":"Polygon","coordinates":[[[-88.690670284,37.4502072388],[-88.6928897412,37.4519604488],[-88.6931805198,37.4560783093],[-88.6921361067,37.458123127],[-88.6899516907,37.4588305198],[-88.68796209703827,37.45784479858067],[-88.68809921683481,37.450965955453576],[-88.690670284,37.4502072388]]]},"properties":{"flat_pct":85}},{"type":"Feature","geometry":{"type":"Polygon","coordinates":[[[-88.6911181453,37.4682520199],[-88.6873177182,37.4696317538],[-88.6847967258,37.467854268],[-88.6854988602,37.4613366683],[-88.6870950711,37.4593284273],[-88.6893863631,37.4591799045],[-88.6911115727,37.4606950711],[-88.6917896887,37.4664032198],[-88.6911181453,37.4682520199]]]},"properties":{"flat_pct":70}},{"type":"Feature","geometry":{"type":"Polygon","coordinates":[[[-88.6483439053,37.4778580423],[-88.6486247636,37.4753081326],[-88.6507740452,37.4739075935],[-88.6541218674,37.4746847636],[-88.6555224065,37.4768340452],[-88.6549388622,37.4790547554],[-88.6529559548,37.4802124065],[-88.6498661585,37.4795770021],[-88.6483439053,37.4778580423]]]},"properties":{"flat_pct":92}},{"type":"Feature","geometry":{"type":"Polygon","coordinates":[[[-88.8282147813,37.4903663911],[-88.82607108,37.4911889618],[-88.8241864728,37.4904581624],[-88.8210141361,37.4870470025],[-88.8204838254,37.4841109752],[-88.8180556913,37.4841372517],[-88.817699961,37.4860214391],[-88.8161781301,37.4873517934],[-88.813368797,37.4870240991],[-88.8121276156,37.485092378],[-88.8119936237,37.4819094535],[-88.813140061,37.4801564905],[-88.8122832665529,37.478724585397586],[-88.81425,37.4788],[-88.81508,37.47691],[-88.81772,37.47703],[-88.8192,37.47812],[-88.81966130371256,37.477313642158165],[-88.8286886445918,37.47641267990021],[-88.82864,37.47938],[-88.83319,37.47956],[-88.83315836023193,37.4824392188944],[-88.8264121594,37.4826068062],[-88.8264969233,37.4841968607],[-88.82857082876386,37.48642335737405],[-88.8282147813,37.4903663911]]]},"properties":{"flat_pct":65}},{"type":"Feature","geometry":{"type":"Polygon","coordinates":[[[-88.8942406792,37.4917388141],[-88.8938356901,37.4939989162],[-88.8916608417,37.4953594144],[-88.880793036,37.4944994306],[-88.8776790663,37.4913631487],[-88.8759594655,37.4942072076],[-88.8725481667,37.4953438604],[-88.87154843498962,37.4950992764465],[-88.87104,37.49123],[-88.8719,37.48726],[-88.8732195910849,37.485051479355796],[-88.8744833437,37.4848711579],[-88.87910766714643,37.48550541148265],[-88.8791,37.48692],[-88.88318588517116,37.48691574829847],[-88.884282247,37.4888132835],[-88.88866718192317,37.489161007467665],[-88.88864,37.49059],[-88.89340169074208,37.49023050968087],[-88.8942406792,37.4917388141]]]},"properties":{"flat_pct":67}},{"type":"Feature","geometry":{"type":"Polygon","coordinates":[[[-88.8697417529,37.4924525401],[-88.87094138441881,37.48995192422358],[-88.87113493260073,37.49488295406581],[-88.8701441192,37.4938537962],[-88.8697417529,37.4924525401]]]},"properties":{}},{"type":"Feature","geometry":{"type":"Polygon","coordinates":[[[-88.75680945011135,37.49651766490356],[-88.7572182714594,37.49287201876914],[-88.75891,37.49287],[-88.75680945011135,37.49651766490356]]]},"properties":{}},{"type":"Feature","geometry":{"type":"Polygon","coordinates":[[[-88.9168087376,37.4869663348],[-88.9176985006,37.4893724193],[-88.9164030319,37.4915866193],[-88.9112985254,37.4943814418],[-88.9087582048,37.4944244862],[-88.908021859,37.4968939374],[-88.9054544421,37.4988393701],[-88.8994694733,37.5000380574],[-88.89993541823075,37.50157],[-88.89857,37.50157],[-88.89958977866945,37.503048679070695],[-88.8975383593,37.5079110794],[-88.8960628661,37.5092926479],[-88.8925821509,37.5084805532],[-88.892312043,37.5046061643],[-88.88845486598689,37.50456771594908],[-88.88845,37.50158],[-88.88552141357842,37.50157376896506],[-88.8876764603,37.4986910348],[-88.8967444402,37.4986480065],[-88.8964467401,37.4959780938],[-88.8981548551,37.4942348392],[-88.8963993552,37.4930023303],[-88.8959037905,37.4910426804],[-88.8977357038,37.4885609568],[-88.9021792169,37.4873300615],[-88.9096672596,37.4884935751],[-88.91213921717828,37.486591744925484],[-88.9168087376,37.4869663348]],[[-88.9005762244,37.4940938521],[-88.9021398647,37.4934733028],[-88.9001872848,37.494070422],[-88.9005762244,37.4940938521]],[[-88.89977,37.49796],[-88.90004,37.49869],[-88.90123,37.49867],[-88.90101,37.49796],[-88.89977,37.49796]]]},"properties":{"flat_pct":68}},{"type":"Feature","geometry":{"type":"Polygon","coordinates":[[[-88.7820284972,37.5056953229],[-88.78137036312474,37.50883668943493],[-88.78074,37.5081],[-88.7757,37.50806],[-88.77569161406304,37.50871829605117],[-88.7689155678,37.5073460167],[-88.7648698833,37.5033252924],[-88.7650367941,37.4988165101],[-88.7599744867,37.4997658923],[-88.75690568589765,37.49666824704773],[-88.75888,37.49495],[-88.75962822255819,37.491973189848615],[-88.7618397381,37.4932564334],[-88.7636489161,37.4928374632],[-88.7650752048,37.490666567],[-88.7694606205,37.4894021598],[-88.77398244667484,37.49214335069757],[-88.77386,37.49668],[-88.78763445571222,37.49759055458976],[-88.78759391525699,37.50359054196427],[-88.7789111495,37.5034759777],[-88.7820284972,37.5056953229]],[[-88.7732714395,37.5007941037],[-88.7720359044,37.5018118063],[-88.7751877773,37.5022893628],[-88.7732714395,37.5007941037]]]},"properties":{"flat_pct":59}},{"type":"Feature","geometry":{"type":"Polygon","coordinates":[[[-88.75322541368347,37.50002092770396],[-88.752963574,37.5025536221],[-88.75256825490871,37.503299699517726],[-88.75227,37.50128],[-88.75322541368347,37.50002092770396]]]},"properties":{}},{"type":"Feature","geometry":{"type":"Polygon","coordinates":[[[-88.7106773,37.5046342492],[-88.7101741486,37.5065919649],[-88.7085432456,37.5077861036],[-88.70783,37.50502],[-88.7069,37.50502],[-88.70681,37.50642],[-88.70506,37.50644],[-88.70577744645001,37.5089],[-88.704917372,37.5115719051],[-88.7024174689,37.5133789312],[-88.6934077224,37.5102111108],[-88.6921662110729,37.5065869275791],[-88.6945529054,37.5046791361],[-88.6985426797,37.5058957947],[-88.7034117222,37.5031102725],[-88.7005497773,37.5023450421],[-88.6991312815,37.5005395095],[-88.6995616571,37.4980105378],[-88.701789606,37.49673886],[-88.7089403521,37.4981532345],[-88.7099260946,37.5002269726],[-88.7092088032,37.502326692],[-88.7106773,37.5046342492]],[[-88.70506,37.50502],[-88.70468,37.50502],[-88.70506,37.50525],[-88.70506,37.50502]],[[-88.70038,37.49906],[-88.70039,37.50008],[-88.70205,37.49978],[-88.70204,37.49905],[-88.70038,37.49906]]]},"properties":{"flat_pct":52}},{"type":"Feature","geometry":{"type":"Polygon","coordinates":[[[-88.6789105061,37.5109817331],[-88.6790769585,37.5077002586],[-88.6783037859,37.506990278],[-88.6769600942,37.5062613116],[-88.6747159281,37.5076070318],[-88.6722563757,37.5072938149],[-88.67016337,37.5047129152],[-88.67077527714657,37.499507876658534],[-88.6736,37.49946],[-88.67359,37.49772],[-88.67743,37.49773],[-88.67740938536896,37.49524250118728],[-88.6801126887,37.4967834616],[-88.6805418787,37.5013783822],[-88.6847231665,37.504914467],[-88.6849606213,37.5089933045],[-88.68747639,37.5107066328],[-88.68909232507013,37.515505781289164],[-88.68708,37.51551],[-88.68707,37.51183],[-88.68252,37.51182],[-88.68253930194379,37.51449814470254],[-88.6789105061,37.5109817331]]]},"properties":{"flat_pct":67}},{"type":"Feature","geometry":{"type":"Polygon","coordinates":[[[-88.7483987496,37.5100826194],[-88.7402220668401,37.51548505712825],[-88.73694,37.51549],[-88.73689541513538,37.5172288097204],[-88.7357108906,37.517810706],[-88.7238929196,37.5189541611],[-88.72032381,37.5178347566],[-88.7175143002,37.5146711137],[-88.7174143371,37.5109485972],[-88.7158041936,37.5089488779],[-88.7157225138,37.5064895169],[-88.7174387583,37.5042033914],[-88.7238342276,37.5024349848],[-88.7244129737,37.5015003339],[-88.7215574981,37.4994268398],[-88.7202605401,37.4968569237],[-88.7213131602,37.4945174981],[-88.7240762247,37.4939131718],[-88.728118722,37.4957569201],[-88.7309275704,37.4987467651],[-88.7315255085,37.5007141008],[-88.7271096372,37.5084307289],[-88.7232514421,37.5094113341],[-88.723539845,37.5113547358],[-88.7249416346,37.5129125298],[-88.7337507652,37.512094182],[-88.7441064445,37.505779282],[-88.7471922448,37.5004817987],[-88.7477935395,37.4935057545],[-88.75054453373923,37.49180377661027],[-88.75053,37.49288],[-88.75279852186232,37.492877292933336],[-88.7533289264,37.4938014132],[-88.75324777859616,37.49960220683841],[-88.75179,37.50177],[-88.75234452697983,37.503604914971035],[-88.7483987496,37.5100826194]]]},"properties":{"flat_pct":56}},{"type":"Feature","geometry":{"type":"Polygon","coordinates":[[[-88.8721607454,37.5049196021],[-88.873622139,37.5063160765],[-88.8738658975,37.508322664],[-88.8714495863,37.5128019142],[-88.86975625681201,37.513971379087884],[-88.86969,37.5115],[-88.86702,37.51155],[-88.8660741025,37.510407336],[-88.86840018333754,37.5060699993279],[-88.87028246553842,37.50473664192578],[-88.8721607454,37.5049196021]]]},"properties":{"flat_pct":60}},{"type":"Feature","geometry":{"type":"Polygon","coordinates":[[[-88.6979019999,37.52059058],[-88.69808279645648,37.52282],[-88.6972,37.52282],[-88.69593976332327,37.518124498879615],[-88.6979019999,37.52059058]]]},"properties":{}},{"type":"Feature","geometry":{"type":"Polygon","coordinates":[[[-88.68603151177552,37.522881983202495],[-88.68436946328694,37.521055519034704],[-88.6871,37.52103],[-88.68709,37.51919],[-88.6918987004,37.5194826987],[-88.69498668145229,37.51782899055802],[-88.69373,37.51934],[-88.69366,37.52177],[-88.69512,37.52063],[-88.69637,37.52282],[-88.6956626381,37.5282446399],[-88.69628,37.53015],[-88.6916,37.52972],[-88.69161,37.52647],[-88.68744642244663,37.52654418400986],[-88.68711,37.52287],[-88.68603151177552,37.522881983202495]]]},"properties":{"flat_pct":73}},{"type":"Feature","geometry":{"type":"Polygon","coordinates":[[[-88.6711684837,37.5358086036],[-88.668624214,37.536866753],[-88.67327029040385,37.5377082307902],[-88.6731012851886,37.54370585489265],[-88.6662711261,37.5424254218],[-88.6610313556,37.5386837564],[-88.6588499898,37.535705727],[-88.6583003297,37.5302457255],[-88.653384734,37.5285426954],[-88.6512866443,37.529095393],[-88.65029154257621,37.53169693123527],[-88.65032,37.52998],[-88.64572,37.52994],[-88.64569,37.53175],[-88.6502421298834,37.53178958373812],[-88.64707651228,37.53720647717769],[-88.64559,37.5372],[-88.6437014122,37.5444859993],[-88.6397672936,37.5462867654],[-88.6363675126,37.5427729357],[-88.6386021268996,37.53717522510526],[-88.64099,37.53717],[-88.6410219432743,37.53523210802591],[-88.6466218236,37.5247775711],[-88.6526194249,37.5220670699],[-88.6529937827,37.5178542469],[-88.6558617221,37.5158383703],[-88.659693292,37.5169560118],[-88.6605788046,37.5202668694],[-88.6637359688,37.5219140393],[-88.6638852792,37.5241809924],[-88.6621011769,37.5262111706],[-88.6638824398,37.528031423],[-88.6651338581,37.534250604],[-88.6658718913,37.5347047782],[-88.6661724742,37.5323349558],[-88.6685677335,37.5299565049],[-88.67803331319533,37.5305036985186],[-88.67794,37.5336],[-88.67339,37.53346],[-88.67330561825078,37.53645452305173],[-88.6711684837,37.5358086036]],[[-88.63866,37.53978],[-88.63864,37.54081],[-88.64094,37.54082],[-88.64095,37.53979],[-88.63866,37.53978]]]},"properties":{"flat_pct":67}},{"type":"Feature","geometry":{"type":"Polygon","coordinates":[[[-89.07670451765848,37.53365781106233],[-89.0735424293636,37.53518152627482],[-89.07362,37.53076],[-89.07493,37.53089],[-89.07488,37.53342],[-89.07670451765848,37.53365781106233]]]},"properties":{"flat_pct":57}},{"type":"Feature","geometry":{"type":"Polygon","coordinates":[[[-89.07936305750434,37.55152401091443],[-89.07468401232812,37.551321762447294],[-89.0747,37.54842],[-89.07024,37.54788],[-89.0702,37.54424],[-89.06573,37.5437],[-89.06568,37.53982],[-89.0609,37.5392],[-89.06093,37.53541],[-89.06587,37.53604],[-89.06583,37.53787],[-89.07028,37.53839],[-89.07014,37.54036],[-89.07125,37.53909],[-89.0699080113,37.536988226],[-89.0739332345,37.5371706245],[-89.07475594090728,37.53990905090227],[-89.07239,37.5445],[-89.07937851623548,37.54588157404874],[-89.07936305750434,37.55152401091443]],[[-89.06605,37.53987],[-89.06686,37.54031],[-89.06688,37.53997],[-89.06605,37.53987]]]},"properties":{"flat_pct":28}},{"type":"Feature","geometry":{"type":"Polygon","coordinates":[[[-89.09324749647638,37.5522774374044],[-89.08868,37.552048696424386],[-89.08868,37.54553],[-89.08385,37.54551],[-89.08393423423423,37.54217432432432],[-89.085437410947,37.541046941789745],[-89.0913097152,37.5417815058],[-89.0917773691,37.5440294777],[-89.0907496768,37.5457750992],[-89.09333986777403,37.54620809978846],[-89.09324749647638,37.5522774374044]]]},"properties":{"flat_pct":63}},{"type":"Feature","geometry":{"type":"Polygon","coordinates":[[[-88.794977516,37.5498710571],[-88.79534926373557,37.55278175833733],[-88.78889984011717,37.55289132300293],[-88.78889,37.54928],[-88.79089,37.54923],[-88.79087400223564,37.54630240912268],[-88.794977516,37.5498710571]]]},"properties":{"flat_pct":71}},{"type":"Feature","geometry":{"type":"Polygon","coordinates":[[[-88.6805788723,37.5554056908],[-88.67767,37.55539],[-88.67767344251303,37.55411627018162],[-88.6792159288,37.5543212868],[-88.6805788723,37.5554056908]]]},"properties":{}},{"type":"Feature","geometry":{"type":"Polygon","coordinates":[[[-88.67758842416089,37.56011824698999],[-88.6728392119032,37.560188425443975],[-88.67285,37.55713],[-88.67764,37.55723],[-88.67758842416089,37.56011824698999]]]},"properties":{"flat_pct":73}},{"type":"Feature","geometry":{"type":"Polygon","coordinates":[[[-88.6614542308,37.5596250348],[-88.6557917008,37.563883336],[-88.6493282995,37.5638011479],[-88.6473705474,37.5665893065],[-88.6432596808,37.5666643248],[-88.6425505613,37.5685925166],[-88.6384353805,37.5726592906],[-88.63234150672818,37.573497771909494],[-88.632451827964,37.567168816801924],[-88.63618,37.56671],[-88.6395937501,37.5612500953],[-88.6440156081,37.5606998115],[-88.6470472206,37.5578134077],[-88.6537924929,37.5580180587],[-88.657414818,37.5550643987],[-88.659135381,37.5510329845],[-88.6638317584659,37.548457166465525],[-88.66376691050138,37.55525230674781],[-88.6614542308,37.5596250348]]]},"properties":{"flat_pct":49}},{"type":"Feature","geometry":{"type":"Polygon","coordinates":[[[-88.86982479868787,37.5584948210437],[-88.8752733661,37.5607093909],[-88.8785764443,37.5610473719],[-88.87886,37.56356],[-88.88113529376326,37.56311408557583],[-88.8834095759,37.5641865731],[-88.88607,37.56713],[-88.87654291129549,37.56719470009307],[-88.8698101672,37.5652789995],[-88.86982479868787,37.5584948210437]]]},"properties":{"flat_pct":75}},{"type":"Feature","geometry":{"type":"Polygon","coordinates":[[[-88.88377,37.56971],[-88.87924,37.57009],[-88.8797286408,37.5690844254],[-88.87884,37.56814],[-88.88378,37.56862],[-88.88377,37.56971]]]},"properties":{"flat_pct":67}},{"type":"Feature","geometry":{"type":"Polygon","coordinates":[[[-89.10642651006995,37.57175751078751],[-89.10557059939545,37.5756246641774],[-89.09925563124712,37.57552400049809],[-89.10041328861439,37.571661657098],[-89.10642651006995,37.57175751078751]]]},"properties":{"flat_pct":93}},{"type":"Feature","geometry":{"type":"Polygon","coordinates":[[[-88.86974,37.57049],[-88.87635301320368,37.57088189808008],[-88.8760432098,37.5723677975],[-88.87789786602515,37.570876471196634],[-88.87974,37.57087],[-88.87974,37.57177],[-88.8840570215832,37.57172471655682],[-88.8819033504,37.5754408289],[-88.88371916891447,37.576530399505806],[-88.88371,37.5783],[-88.88615,37.57919],[-88.88621,37.58327],[-88.88369,37.58328],[-88.88369,37.58238],[-88.88198,37.58194],[-88.88083,37.58511],[-88.8781755727,37.584644853],[-88.87684,37.58559],[-88.86995,37.58376],[-88.8683255016,37.5813585761],[-88.8651481058,37.5841182785],[-88.8628642787,37.584355368],[-88.86073366467366,37.58174618817765],[-88.86305,37.58107],[-88.8586047822,37.5818164428],[-88.856441143,37.580438188],[-88.8553783936,37.5771682289],[-88.8572959629,37.5747627402],[-88.855221379,37.5733374467],[-88.8538062982,37.5743193394],[-88.8546580283,37.5787427272],[-88.8528880321,37.5805996155],[-88.8512953006986,37.58075184962575],[-88.85123,37.57845],[-88.84841640123028,37.57845908589484],[-88.8473356589,37.5765204819],[-88.84193476480253,37.57791609444437],[-88.84187866089566,37.571872902190215],[-88.84471279430832,37.57090470889313],[-88.85103,37.57084],[-88.85107368247576,37.56891251075708],[-88.85348028918852,37.56730108913839],[-88.85604519592503,37.56729144663186],[-88.8611969032,37.5691758862],[-88.865409191,37.567292097],[-88.8681287268,37.5682105523],[-88.86973158011644,37.56775353784315],[-88.86974,37.57049]],[[-88.8665133653,37.5748264799],[-88.8676252486,37.5769048464],[-88.8676355849,37.5769268575],[-88.8674389335,37.5756585564],[-88.8665133653,37.5748264799]],[[-88.86479,37.58375],[-88.86535,37.58284],[-88.86478,37.58284],[-88.86479,37.58375]]]},"properties":{"flat_pct":69}},{"type":"Feature","geometry":{"type":"Polygon","coordinates":[[[-88.6790562493,37.582847272],[-88.6753950272872,37.5845262409539],[-88.66945,37.58455],[-88.66803,37.58306],[-88.668,37.58491],[-88.6663019733,37.5844124321],[-88.6678055149,37.5814373589],[-88.67262,37.58124],[-88.67265805156227,37.578937880482925],[-88.6738324468,37.5780771513],[-88.68191,37.57759],[-88.68197,37.57396],[-88.68305,37.57396],[-88.68303,37.5731],[-88.68198,37.5731],[-88.68201796098332,37.57035415553964],[-88.6843592787,37.570427094],[-88.68626252923572,37.57395],[-88.6846582601971,37.57735836100726],[-88.6809790282,37.5786873372],[-88.6790562493,37.582847272]]]},"properties":{"flat_pct":45}},{"type":"Feature","geometry":{"type":"Polygon","coordinates":[[[-88.6408609845,37.5904093735],[-88.6415309970333,37.592119657868714],[-88.64043,37.59211],[-88.64046,37.5903],[-88.63817,37.59028],[-88.63814,37.59208],[-88.63585,37.59206],[-88.63589212289719,37.589010302243636],[-88.6392280115,37.5891575578],[-88.6408609845,37.5904093735]]]},"properties":{"flat_pct":80}},{"type":"Feature","geometry":{"type":"Polygon","coordinates":[[[-88.56107630802049,37.20730481867532],[-88.5562702782,37.2064923525],[-88.5562246334,37.2135074697],[-88.5541738229,37.2150486048],[-88.55176296560049,37.21451199426623],[-88.55187,37.20714],[-88.55014097709639,37.20714375059198],[-88.5510104437,37.2031294719],[-88.5500928176,37.1994107399],[-88.5485559114,37.1971996917],[-88.5478743713,37.1974028949],[-88.5439184387,37.1997797175],[-88.5450939064,37.2049535471],[-88.5438048507,37.207690024],[-88.5402143976,37.2108258655],[-88.5411305117,37.2125904044],[-88.54073973607943,37.21453826799919],[-88.53587,37.21688],[-88.53587,37.21774],[-88.5316970652329,37.21827012783544],[-88.52867641716192,37.21735785157239],[-88.52886,37.21088],[-88.52425,37.21101],[-88.5241706967102,37.2146381255084],[-88.5196,37.2141],[-88.5195330293962,37.21767455597807],[-88.51724,37.21839],[-88.51726827780814,37.22047124667861],[-88.5158525717,37.2218174374],[-88.5158282587,37.2237917447],[-88.5144634686,37.2257629607],[-88.50591147809257,37.2267397667243],[-88.50589,37.22392],[-88.51503,37.22392],[-88.51501,37.22209],[-88.50816,37.2221],[-88.50814,37.22027],[-88.50586,37.22024],[-88.5065053132,37.220155729],[-88.5096158172,37.2203482358],[-88.5120883454,37.2171304836],[-88.5114760815,37.2128368522],[-88.50765717529609,37.21181336731259],[-88.5047940726,37.214304371],[-88.49334271422819,37.21465933819203],[-88.4928288664,37.2127395232],[-88.49360929090504,37.210945813501674],[-88.49836,37.21098],[-88.49592,37.20728],[-88.49261,37.20724],[-88.49259,37.20534],[-88.49037,37.20529],[-88.49033,37.20354],[-88.49294,37.19996],[-88.50059601798134,37.20001312579941],[-88.4998120496,37.2019365332],[-88.4971886349,37.203410265],[-88.5051404477,37.204136992],[-88.51153214421846,37.206640133878146],[-88.5101639188,37.2043613517],[-88.50493815384456,37.200043256271854],[-88.50591,37.20005],[-88.50589,37.19775],[-88.51046,37.19777],[-88.51047,37.20008],[-88.51435784414008,37.20004927709372],[-88.51900101412711,37.2052223421703],[-88.5291033072,37.1990695382],[-88.52690117200518,37.196325602730155],[-88.529,37.19638],[-88.52895,37.18879],[-88.53793,37.18875],[-88.53798,37.19153],[-88.53348,37.19155],[-88.53576612336157,37.19431285207233],[-88.5353743772,37.1968025055],[-88.543003704,37.193836618],[-88.54415005675105,37.192415908776326],[-88.54702,37.1924],[-88.54692,37.18871],[-88.55124670667985,37.18871],[-88.55168,37.1924],[-88.5538572359,37.1942863774],[-88.55636542271226,37.19333849680388],[-88.55641,37.19608],[-88.55904630237583,37.19607242441846],[-88.5567746063,37.2002334859],[-88.56108608926617,37.201900680438705],[-88.56107630802049,37.20730481867532]],[[-88.5374644324,37.2052909321],[-88.5388339933,37.2032633316],[-88.5376808716,37.2023500028],[-88.5353350393,37.2031203151],[-88.5374644324,37.2052909321]],[[-88.5315706745,37.2080324876],[-88.5251732119,37.2083238663],[-88.5224941947192,37.21111717267956],[-88.5231956693,37.2115925281],[-88.5241402264,37.2098727124],[-88.5260094004,37.2091032965],[-88.5279424036,37.2096943214],[-88.5285635549,37.2103182164],[-88.5291208081,37.2112243977],[-88.5332566937,37.2124734907],[-88.5354739329,37.2109612247],[-88.5315706745,37.2080324876]],[[-88.52899,37.2062],[-88.52901,37.20526],[-88.5283,37.2062],[-88.52899,37.2062]],[[-88.54165,37.19983],[-88.54167,37.20064],[-88.54269,37.20062],[-88.54267,37.19982],[-88.54165,37.19983]]]},"properties":{"flat_pct":68}},{"type":"Feature","geometry":{"type":"Polygon","coordinates":[[[-88.5414788139,37.231039958],[-88.5393219118,37.2318272643],[-88.5332313055,37.2309784309],[-88.5311789006,37.2287391093],[-88.5278156961,37.2281136018],[-88.52657607537346,37.225869491789084],[-88.53788,37.22582],[-88.53786876267347,37.22297321061255],[-88.5400459206,37.2224334805],[-88.5483431799,37.2231009686],[-88.5494255542,37.2251259486],[-88.5487590314,37.2273231799],[-88.547025271,37.2283623558],[-88.5424198149,37.22842],[-88.5414788139,37.231039958]]]},"properties":{"flat_pct":81}},{"type":"Feature","geometry":{"type":"Polygon","coordinates":[[[-88.58763738168845,37.24778852530486],[-88.5879839744,37.2453720446],[-88.5868393398,37.24538952],[-88.5868877864115,37.24778771405456],[-88.57976,37.24778],[-88.57978149134591,37.24995676632178],[-88.5771940286,37.2487867127],[-88.5749127,37.2462249535],[-88.5725577449,37.2457888172],[-88.568850718,37.2425400735],[-88.5671375948,37.2447391348],[-88.5666086101,37.2484547509],[-88.5630716862,37.2541710771],[-88.5586410302,37.2563499263],[-88.5531824936,37.2558458338],[-88.55140709171073,37.25477],[-88.54903753127904,37.25129316788489],[-88.55199,37.25129],[-88.552,37.24781],[-88.55628,37.2478],[-88.55627217599586,37.24487382245176],[-88.5609656014,37.245810959],[-88.5605282767,37.2431691673],[-88.5624532705,37.2404128472],[-88.559306809,37.2384532098],[-88.5583144123,37.2363826478],[-88.5595105039,37.2338196221],[-88.5630217072,37.2326851259],[-88.5629225403,37.2260554071],[-88.5606925168,37.2196037589],[-88.560820844,37.2154118913],[-88.5618968876,37.2137007683],[-88.56336130972383,37.21308890396906],[-88.56335,37.21448],[-88.56568,37.21381],[-88.56566,37.21673],[-88.56384,37.21671],[-88.56566,37.21817],[-88.56563,37.22188],[-88.57013244177863,37.22190593199009],[-88.57023,37.22561],[-88.57485,37.22563],[-88.57041104705469,37.222032417220795],[-88.5755301932,37.2223002203],[-88.5815178481,37.2283741285],[-88.5824663783,37.2288447454],[-88.58406948091925,37.22718020434266],[-88.58404,37.22935],[-88.58862,37.22938],[-88.5876017039,37.2321400066],[-88.5883855324,37.2374328918],[-88.5892626294,37.2394081975],[-88.5927227257,37.2408919163],[-88.59464142977149,37.24412664379813],[-88.59312,37.24412],[-88.59349382786681,37.25440261504731],[-88.58895636121062,37.2536266880798],[-88.589,37.24779],[-88.58763738168845,37.24778852530486]],[[-88.5818395744,37.2351620256],[-88.5795774862,37.2341093259],[-88.5740839131,37.2344552489],[-88.5818267477,37.238261013],[-88.5818395744,37.2351620256]],[[-88.5689573957,37.2286822831],[-88.5718516274,37.2288853795],[-88.5736144753,37.2282099748],[-88.5721145867,37.227850811],[-88.5689573957,37.2286822831]]]},"properties":{"flat_pct":60}},{"type":"Feature","geometry":{"type":"Polygon","coordinates":[[[-88.5408430516,37.2469519342],[-88.5386284564,37.2487112819],[-88.535912605966,37.24782155963508],[-88.53781,37.24783],[-88.53786,37.24035],[-88.53579434336082,37.240359020334665],[-88.5355616653,37.2384799445],[-88.5361788518,37.2365551347],[-88.5378770298,37.2354587756],[-88.5401426847,37.2358314496],[-88.5433474882,37.2390714356],[-88.5408430516,37.2469519342]]]},"properties":{"flat_pct":51}},{"type":"Feature","geometry":{"type":"Polygon","coordinates":[[[-88.6135797611,37.2977051248],[-88.6118786564,37.3008485494],[-88.6083767819,37.3001331817],[-88.6061127802,37.2955872198],[-88.6036202741,37.2941799034],[-88.5995969972,37.2887420196],[-88.59932307884445,37.287848181032594],[-88.60224,37.28786],[-88.60224,37.28373],[-88.5992465099874,37.28427596534854],[-88.6002897801,37.2821403855],[-88.6063829172,37.2813490554],[-88.6084296145,37.2823897801],[-88.6089946823,37.2852813968],[-88.6114058957,37.2874204843],[-88.6112707228,37.2894372986],[-88.6100240031,37.2908316074],[-88.6135797611,37.2977051248]]]},"properties":{"flat_pct":84}},{"type":"Feature","geometry":{"type":"Polygon","coordinates":[[[-88.6230903576,37.2995477842],[-88.62289006635159,37.29608012422219],[-88.6291,37.29628],[-88.62911497121146,37.301504952802205],[-88.6259577677,37.3013179419],[-88.6230903576,37.2995477842]]]},"properties":{"flat_pct":74}},{"type":"Feature","geometry":{"type":"Polygon","coordinates":[[[-88.55566,37.34643],[-88.55456,37.34636],[-88.55455348982854,37.34753183086375],[-88.55344195298599,37.34774650953371],[-88.55345,37.34629],[-88.55125,37.34615],[-88.55129119402042,37.340259255080035],[-88.5532231652,37.3406636886],[-88.5556786002912,37.342752957776284],[-88.55567,37.344],[-88.55423,37.34402],[-88.55425,37.34483],[-88.55567,37.34481],[-88.55566,37.34643]]]},"properties":{"flat_pct":65}},{"type":"Feature","geometry":{"type":"Polygon","coordinates":[[[-88.5566308848,37.412290628],[-88.5512920949,37.4176251515],[-88.5444025859,37.4175418527],[-88.5405481069,37.4202619063],[-88.53879734778754,37.427625686368586],[-88.53503,37.42764],[-88.53501,37.42949],[-88.53329089771447,37.429493769961155],[-88.5323998039,37.4223048601],[-88.5338669018,37.4190775979],[-88.5372024495,37.4152803154],[-88.5337262512,37.4117611433],[-88.5335544108,37.4092712255],[-88.5347555176,37.4073993482],[-88.53711112324446,37.406292223132546],[-88.5371,37.40731],[-88.54631,37.40722],[-88.54632703129005,37.402502332654706],[-88.5490689434,37.4031500726],[-88.5477279172982,37.40168755630972],[-88.55003,37.4017],[-88.55002,37.39801],[-88.55372678842632,37.398041559344186],[-88.5556086822,37.4014128531],[-88.5555705368,37.4035605195],[-88.5606399552,37.4054336661],[-88.5621400254,37.4075147019],[-88.561661567,37.409760399],[-88.5600218254,37.4109423717],[-88.5558148661,37.4096459403],[-88.5566308848,37.412290628]]]},"properties":{"flat_pct":36}},{"type":"Feature","geometry":{"type":"Polygon","coordinates":[[[-88.5804482804,37.4181204476],[-88.57658011767468,37.42016128441704],[-88.57355,37.42017],[-88.57355405087026,37.42165261851361],[-88.5712379334,37.4226500542],[-88.5690019466,37.4221280954],[-88.5677899458,37.4201779334],[-88.56892431410664,37.41730948151516],[-88.56894,37.42018],[-88.56995,37.42018],[-88.56953,37.42186],[-88.57054,37.42198],[-88.57256,37.419],[-88.57373,37.41891],[-88.57151830478912,37.41596682027178],[-88.57327538687949,37.415100878889085],[-88.57398,37.41591],[-88.57437356555151,37.414559664359096],[-88.57627,37.41416],[-88.57547,37.41167],[-88.5757,37.41099],[-88.57726,37.41147],[-88.57718,37.4092],[-88.57853,37.40921],[-88.57874,37.41065],[-88.58047,37.41066],[-88.58024,37.41545],[-88.58138904448974,37.414649287894946],[-88.5814190391,37.415834075],[-88.5804482804,37.4181204476]]]},"properties":{"flat_pct":26}},{"type":"Feature","geometry":{"type":"Polygon","coordinates":[[[-88.5259009492,37.4222494309],[-88.5230697948894,37.42295336312715],[-88.52315,37.41851],[-88.52010732410672,37.41819499011434],[-88.52001143225054,37.413004984432064],[-88.52323,37.41297],[-88.52327965675565,37.409916109528],[-88.5294262752,37.4116685964],[-88.5327477731,37.4181421435],[-88.5312444729,37.4213848221],[-88.5286832749,37.421530376],[-88.5268239461,37.4196931667],[-88.5259009492,37.4222494309]]]},"properties":{"flat_pct":80}},{"type":"Feature","geometry":{"type":"Polygon","coordinates":[[[-88.5818582268,37.418242514],[-88.5840039937609,37.418393254206165],[-88.58398,37.42014],[-88.57990065208197,37.42015173350312],[-88.5818582268,37.418242514]]]},"properties":{"flat_pct":100}},{"type":"Feature","geometry":{"type":"Polygon","coordinates":[[[-88.5833321185,37.4333368755],[-88.5811016444,37.435076048],[-88.5784163903,37.4341877091],[-88.5775980362,37.4323394374],[-88.57770482063209,37.42748398541983],[-88.58089,37.42747],[-88.58093,37.42563],[-88.58466946601848,37.425622110831185],[-88.5837368296,37.4262769246],[-88.5833321185,37.4333368755]]]},"properties":{"flat_pct":77}},{"type":"Feature","geometry":{"type":"Polygon","coordinates":[[[-88.6127132525,37.4369857802],[-88.6118500799,37.4348581028],[-88.6129637976,37.432547139],[-88.61897323632596,37.43191001668194],[-88.61888,37.43858],[-88.61592262866087,37.43854721317806],[-88.6127132525,37.4369857802]]]},"properties":{"flat_pct":100}},{"type":"Feature","geometry":{"type":"Polygon","coordinates":[[[-88.6310693973,37.4324990004],[-88.6338356020193,37.43226397500149],[-88.63344,37.43542],[-88.63268,37.4354],[-88.6324676951844,37.44205529443704],[-88.6306355177,37.4413359611],[-88.6296353103,37.4395794313],[-88.6297514449,37.4343791811],[-88.6310693973,37.4324990004]]]},"properties":{"flat_pct":100}},{"type":"Feature","geometry":{"type":"Polygon","coordinates":[[[-88.6246840654,37.4449485481],[-88.62241,37.44629],[-88.62129,37.44228],[-88.6188,37.44221],[-88.61888,37.43858],[-88.62337381817275,37.438718575890796],[-88.62335,37.44234],[-88.62479371008239,37.44238331130247],[-88.6246840654,37.4449485481]]]},"properties":{"flat_pct":95}},{"type":"Feature","geometry":{"type":"Polygon","coordinates":[[[-88.5791833443,37.4451580039],[-88.5797982122,37.4470835556],[-88.57913714500953,37.44941929504354],[-88.57603,37.44946],[-88.57600416391068,37.45215802589866],[-88.5708269206,37.4522624645],[-88.5687098656,37.4508136722],[-88.5683981705,37.4485388263],[-88.57065644643198,37.443751817827426],[-88.573,37.44353],[-88.57468,37.44079],[-88.57646652279676,37.44216644958256],[-88.5766519471,37.443985452],[-88.5791833443,37.4451580039]]]},"properties":{"flat_pct":62}},{"type":"Feature","geometry":{"type":"Polygon","coordinates":[[[-88.5375222367,37.4507920472],[-88.5482018211,37.458869585],[-88.54909896829294,37.46080795288424],[-88.54374,37.45904],[-88.54375,37.45724],[-88.53919,37.45733],[-88.5383988743,37.4594973996],[-88.53729342482143,37.4587872124286],[-88.53726,37.45737],[-88.53463423105015,37.45703180114887],[-88.53467,37.45375],[-88.53694,37.45371],[-88.5375222367,37.4507920472]]]},"properties":{"flat_pct":77}},{"type":"Feature","geometry":{"type":"Polygon","coordinates":[[[-88.5976722327,37.4577822684],[-88.596012588,37.4589361278],[-88.59376956062339,37.458658648413156],[-88.5938,37.45321],[-88.59533,37.45323],[-88.59531,37.45521],[-88.59811583757319,37.455225616906716],[-88.5976722327,37.4577822684]]]},"properties":{"flat_pct":100}},{"type":"Feature","geometry":{"type":"Polygon","coordinates":[[[-88.57579,37.46779],[-88.57576574717551,37.47076501313727],[-88.57122,37.47152],[-88.57121,37.46783],[-88.5666428793983,37.46775529246562],[-88.5707583329,37.4648816703],[-88.5682873595,37.4568122668],[-88.5700957951,37.4537293401],[-88.5721136714,37.4536110734],[-88.5737485385,37.4547997791],[-88.5768773654,37.4647636902],[-88.58043420203764,37.46382123937195],[-88.58981,37.46404],[-88.59006021852517,37.46770892312235],[-88.5883939964,37.4687786245],[-88.5823443723,37.4696165764],[-88.58031679477561,37.47074122871955],[-88.58038,37.46774],[-88.57579,37.46779]],[[-88.57236,37.45992],[-88.57237,37.46415],[-88.57364,37.46414],[-88.57236,37.45992]]]},"properties":{"flat_pct":88}},{"type":"Feature","geometry":{"type":"Polygon","coordinates":[[[-88.5687316516,37.472921742],[-88.56630300859555,37.47157350371496],[-88.57122,37.47152],[-88.5707208567,37.4726328476],[-88.5687316516,37.472921742]]]},"properties":{}},{"type":"Feature","geometry":{"type":"Polygon","coordinates":[[[-88.6112161687,37.4740242466],[-88.61007946354641,37.474915804276286],[-88.60499,37.47495],[-88.60505,37.47131],[-88.61170941056463,37.47127831717742],[-88.6112161687,37.4740242466]]]},"properties":{"flat_pct":94}},{"type":"Feature","geometry":{"type":"Polygon","coordinates":[[[-88.6448195527,37.4941199188],[-88.64355768064267,37.497306279656115],[-88.63642,37.49722],[-88.63642,37.50064606246355],[-88.63112621479402,37.5012396471887],[-88.6231548242,37.4993553654],[-88.6213901359,37.4929114423],[-88.6224939458,37.4884661483],[-88.6254329091,37.4865719599],[-88.6311120571,37.4866470067],[-88.63563627646771,37.48804834881954],[-88.63194,37.48795],[-88.63195,37.48979],[-88.63644,37.4899],[-88.63644872491261,37.48830334099162],[-88.64095133251278,37.487084214541866],[-88.64096,37.49186],[-88.6432533469988,37.4919259590951],[-88.6448195527,37.4941199188]],[[-88.6281615901,37.4932384963],[-88.6322972995,37.4952085486],[-88.6334773955,37.4937213213],[-88.6301032399,37.4926003475],[-88.6281615901,37.4932384963]],[[-88.64096,37.49369],[-88.64024,37.49329],[-88.64025,37.49367],[-88.64096,37.49369]]]},"properties":{"flat_pct":76}},{"type":"Feature","geometry":{"type":"Polygon","coordinates":[[[-88.5725624533,37.5027304425],[-88.57067355891857,37.501281327845604],[-88.57085,37.49735],[-88.57544,37.49727],[-88.57528707484217,37.50205722233208],[-88.5725624533,37.5027304425]]]},"properties":{"flat_pct":100}},{"type":"Feature","geometry":{"type":"Polygon","coordinates":[[[-88.63958054566152,37.511723337401094],[-88.63963,37.515350075187975],[-88.63463,37.51532],[-88.63421,37.51118],[-88.63958054566152,37.511723337401094]]]},"properties":{"flat_pct":100}},{"type":"Feature","geometry":{"type":"Polygon","coordinates":[[[-88.56818400994372,37.51616955997498],[-88.57046995608407,37.51363883382418],[-88.5706,37.5154],[-88.57811260006677,37.51630344155236],[-88.5761563705,37.5183601246],[-88.57063,37.51903],[-88.57062,37.5176],[-88.56818400994372,37.51616955997498]]]},"properties":{"flat_pct":69}},{"type":"Feature","geometry":{"type":"Polygon","coordinates":[[[-88.5774019117,37.5219925234],[-88.5776422548,37.5186677778],[-88.5812076478,37.5167558162],[-88.58445,37.517982174205045],[-88.58445,37.52113],[-88.5867461835145,37.52115677765031],[-88.5871166429,37.5227618855],[-88.586346425,37.5246307291],[-88.58445,37.52559832210509],[-88.58445,37.52261],[-88.57949,37.52265],[-88.57950185672111,37.52346663166597],[-88.5774019117,37.5219925234]]]},"properties":{"flat_pct":77}},{"type":"Feature","geometry":{"type":"Polygon","coordinates":[[[-88.6301676758,37.5271806073],[-88.6275240611,37.5287699973],[-88.6250278497,37.5274400859],[-88.62282283363196,37.52228716305437],[-88.62281,37.51528],[-88.628481121,37.5154256506],[-88.6306040052,37.516865888],[-88.63096601734294,37.51894],[-88.62966,37.51894],[-88.6289585522,37.5214158699],[-88.6304615609,37.5251807465],[-88.6301676758,37.5271806073]]]},"properties":{"flat_pct":98}},{"type":"Feature","geometry":{"type":"Polygon","coordinates":[[[-88.6002754916,37.5425070732],[-88.5988962323,37.5443427533],[-88.5967364504,37.5447295111],[-88.5960976152,37.5468625789],[-88.59400607968728,37.54858554772916],[-88.5913942156,37.54907645],[-88.58846760506523,37.554117772064366],[-88.58617,37.55396],[-88.5862,37.55214],[-88.58403753707717,37.55211191606594],[-88.584,37.54479],[-88.58944,37.54488],[-88.58955,37.54123],[-88.59967,37.54141],[-88.59969309918684,37.5398674876352],[-88.6002754916,37.5425070732]]]},"properties":{"flat_pct":72}},{"type":"Feature","geometry":{"type":"Polygon","coordinates":[[[-88.5261505897,37.5809561081],[-88.5241641376,37.5822320047],[-88.5242725182,37.5841358257],[-88.52319368976882,37.58572550819322],[-88.52319,37.58434],[-88.51854135805989,37.58434],[-88.5175888904,37.5818561331],[-88.51809871,37.5798191985],[-88.5218083469,37.5766006848],[-88.5234387658,37.573754026],[-88.52389604034724,37.561862627204526],[-88.5303212422,37.5586465388],[-88.5341234651,37.5543654908],[-88.536685593,37.5542373448],[-88.5383106199,37.5558594933],[-88.5383126552,37.558155593],[-88.5337833156,37.563800676],[-88.5296210554,37.5652270148],[-88.52945590071388,37.573550292347605],[-88.52828,37.57354],[-88.52838741665396,37.57718622791385],[-88.5261505897,37.5809561081]],[[-88.52298,37.57941],[-88.52341,37.57989],[-88.52343,37.57939],[-88.52298,37.57941]]]},"properties":{"flat_pct":68}},{"type":"Feature","geometry":{"type":"Polygon","coordinates":[[[-88.61747,37.57762],[-88.61294,37.57752],[-88.61295410571553,37.576241669529566],[-88.6151041544,37.5764629362],[-88.61749140009269,37.57503058878439],[-88.61747,37.57762]]]},"properties":{"flat_pct":40}},{"type":"Feature","geometry":{"type":"Polygon","coordinates":[[[-88.6239956863,37.578060969],[-88.61708236,37.5822130918],[-88.61288599837019,37.58260364709062],[-88.6129,37.58134],[-88.61744,37.58124],[-88.61746,37.57904],[-88.6183,37.57903],[-88.61747,37.57762],[-88.62212,37.57761],[-88.62215,37.57399],[-88.62953356164691,37.57398149359257],[-88.6265471305,37.574368337],[-88.6239956863,37.578060969]]]},"properties":{"flat_pct":35}},{"type":"Feature","geometry":{"type":"Polygon","coordinates":[[[-88.60377855078067,37.58208236203238],[-88.59898226092587,37.58235784849485],[-88.599,37.58159],[-88.59352,37.58146],[-88.59337,37.58051],[-88.58804,37.58038],[-88.58805,37.57934],[-88.59003,37.57931],[-88.58806,37.57851],[-88.58807727676138,37.57655772596342],[-88.5926164921,37.5752217862],[-88.59912097031906,37.57633999241522],[-88.59905,37.57951],[-88.60381,37.57921],[-88.60377855078067,37.58208236203238]],[[-88.59819,37.57891],[-88.59631,37.57889],[-88.59628,37.58036],[-88.59815,37.58036],[-88.59819,37.57891]]]},"properties":{"flat_pct":83}},{"type":"Feature","geometry":{"type":"Polygon","coordinates":[[[-88.57895,37.57969],[-88.57962,37.57969],[-88.5796,37.58113],[-88.5812,37.58117],[-88.58125,37.57753],[-88.58352,37.57757],[-88.58345643191731,37.582697825337455],[-88.57890270083146,37.582675760014205],[-88.57895,37.57969]]]},"properties":{"flat_pct":91}},{"type":"Feature","geometry":{"type":"Polygon","coordinates":[[[-88.58986678028384,37.58228481987569],[-88.58801447026222,37.58271991153173],[-88.58803,37.58133],[-88.5899,37.58137],[-88.58986678028384,37.58228481987569]]]},"properties":{}},{"type":"Feature","geometry":{"type":"Polygon","coordinates":[[[-88.5802468674,37.6000796021],[-88.5791525569,37.6026877088],[-88.5766612822,37.6032996491],[-88.5731006429,37.6009961919],[-88.5690191572,37.6011971839],[-88.5676633317,37.5981519523],[-88.571787192,37.5926164468],[-88.57416,37.59198],[-88.5751138809,37.5897875711],[-88.5775648743,37.5890302388],[-88.5793524289,37.5899738809],[-88.58013639089893,37.591993144944986],[-88.57875,37.59195],[-88.57870149398119,37.5954424333542],[-88.57641,37.59556],[-88.57659,37.59972],[-88.57864,37.59915],[-88.57868039210932,37.59672647344063],[-88.5802468674,37.6000796021]]]},"properties":{"flat_pct":80}},{"type":"Feature","geometry":{"type":"Polygon","coordinates":[[[-88.6034757672208,37.600931172807705],[-88.5954162435,37.6025577582],[-88.59205248719466,37.61036334049468],[-88.5896763057,37.6110007499],[-88.587564457,37.6095443791],[-88.5872609173,37.6072684306],[-88.5905418141,37.5984653114],[-88.59034412247634,37.59231407844716],[-88.5918383204,37.5897728942],[-88.5938267724,37.5894097546],[-88.5957774097,37.5906209905],[-88.596918706,37.5965174655],[-88.5979920413,37.5962107982],[-88.5976089238,37.5940583323],[-88.5988887173,37.5921519728],[-88.60367,37.59213],[-88.6034757672208,37.600931172807705]]]},"properties":{"flat_pct":63}},{"type":"Feature","geometry":{"type":"Polygon","coordinates":[[[-88.5853306894,37.6041694828],[-88.583399736,37.6047671705],[-88.5813185698,37.6037972091],[-88.5804944935,37.6012041373],[-88.58112016063394,37.59915566342018],[-88.58758655795812,37.59923339762704],[-88.5853306894,37.6041694828]]]},"properties":{"flat_pct":65}},{"type":"Feature","geometry":{"type":"Polygon","coordinates":[[[-88.57386,37.62139],[-88.57111008113836,37.62139695301861],[-88.5712605905,37.6170564565],[-88.5680890577,37.6174562669],[-88.56712238362506,37.62140703569248],[-88.56595,37.62141],[-88.56592,37.62006],[-88.56457,37.62006],[-88.56518,37.61781],[-88.56187366155054,37.61783059311145],[-88.5623097525,37.6157895075],[-88.5609905771,37.6127088396],[-88.5618274818,37.6105706936],[-88.5642254386,37.6096592528],[-88.5667274897,37.611398425],[-88.5694281418,37.6110467031],[-88.5713050707,37.6081026112],[-88.5745871498,37.6086854103],[-88.5754017937,37.6117236605],[-88.5773108709,37.6140470473],[-88.5765801465812,37.62506],[-88.57269,37.62506],[-88.57386,37.62139]],[[-88.57271,37.61778],[-88.57206,37.6184],[-88.57273,37.61841],[-88.57271,37.61778]],[[-88.57168,37.61405],[-88.57392,37.61402],[-88.57396,37.61221],[-88.57169,37.61224],[-88.57168,37.61405]]]},"properties":{"flat_pct":52}},{"type":"Feature","geometry":{"type":"Polygon","coordinates":[[[-88.4914472159,37.1658233394],[-88.4898587591,37.1687539542],[-88.4864800563,37.1685214229],[-88.4879099318,37.1740064193],[-88.48587,37.17429],[-88.4843495831,37.1816523546],[-88.48127545072717,37.18367672705345],[-88.48127,37.1816],[-88.47500781748442,37.18164044466641],[-88.4759470812,37.1787776185],[-88.4824845342,37.1753915332],[-88.48071585867126,37.17054],[-88.48126,37.16682],[-88.47883735407673,37.16682626006698],[-88.4756740815,37.1646875823],[-88.4749364629,37.1625131865],[-88.4759524177,37.1604540815],[-88.479257409,37.1600196496],[-88.48122974608648,37.16122815295759],[-88.48124,37.16312],[-88.48980635365602,37.16314824072634],[-88.4914472159,37.1658233394]]]},"properties":{"flat_pct":68}},{"type":"Feature","geometry":{"type":"Polygon","coordinates":[[[-88.51275599356204,37.17794305304953],[-88.50826005586887,37.170572657294635],[-88.51041,37.17058],[-88.51035,37.16685],[-88.50869222768308,37.166846457751454],[-88.5108374464,37.1659802337],[-88.5129476337,37.1668853235],[-88.5158579566,37.1719620768],[-88.51743052489834,37.1730514041305],[-88.51875703166394,37.17787168935319],[-88.51275599356204,37.17794305304953]]]},"properties":{"flat_pct":85}},{"type":"Feature","geometry":{"type":"Polygon","coordinates":[[[-88.5058139107337,37.17242106625996],[-88.50866888370156,37.17429827906964],[-88.50586,37.17428],[-88.5058139107337,37.17242106625996]]]},"properties":{}},{"type":"Feature","geometry":{"type":"Polygon","coordinates":[[[-88.4861244691,37.1893450647],[-88.48582765417764,37.18612479860246],[-88.4866449353,37.1851344691],[-88.4913603149,37.1824312095],[-88.49125173955234,37.181564582843286],[-88.49583,37.18156],[-88.49579084590773,37.174362172705116],[-88.4979609206,37.1737483073],[-88.5000383782,37.1746312803],[-88.5016102491,37.1721675779],[-88.50470918994938,37.17218912372217],[-88.50586,37.17428],[-88.50587,37.17794],[-88.50124,37.17792],[-88.50123,37.18159],[-88.50355,37.1816],[-88.50355,37.18253],[-88.50123,37.18252],[-88.50122,37.1872],[-88.49578,37.18722],[-88.49577,37.18911],[-88.50121,37.18907],[-88.50126,37.19272],[-88.49254,37.19274],[-88.4861244691,37.1893450647]],[[-88.497486678,37.1816507675],[-88.4981632248,37.180448087],[-88.4962417988,37.1793903323],[-88.497486678,37.1816507675]]]},"properties":{"flat_pct":66}},{"type":"Feature","geometry":{"type":"Polygon","coordinates":[[[-88.4589201829,37.4151273073],[-88.455615404,37.4164886713],[-88.4533816204,37.4140144221],[-88.45336909961992,37.41082754653672],[-88.45748933519342,37.40774839832441],[-88.4598066515,37.4113777579],[-88.4589201829,37.4151273073]]]},"properties":{"flat_pct":76}},{"type":"Feature","geometry":{"type":"Polygon","coordinates":[[[-88.4343535749236,37.42997487361783],[-88.4306774358,37.4295958546],[-88.42668628855503,37.429302286377194],[-88.42917,37.42934],[-88.4292,37.42753],[-88.43618396946145,37.42764279627663],[-88.4343535749236,37.42997487361783]]]},"properties":{"flat_pct":38}},{"type":"Feature","geometry":{"type":"Polygon","coordinates":[[[-88.4231608659,37.4335777649],[-88.41976005906658,37.433734923220584],[-88.41982,37.43112],[-88.42449,37.43106],[-88.42456,37.42927],[-88.42616095283844,37.42929430947911],[-88.4247553966,37.4324048191],[-88.4231608659,37.4335777649]]]},"properties":{"flat_pct":56}},{"type":"Feature","geometry":{"type":"Polygon","coordinates":[[[-88.51386972949469,37.43878610952514],[-88.51393760997829,37.437901688796494],[-88.51736,37.43787],[-88.51738,37.43856],[-88.51927,37.43853],[-88.51386972949469,37.43878610952514]]]},"properties":{}},{"type":"Feature","geometry":{"type":"Polygon","coordinates":[[[-88.4951612862,37.4618382708],[-88.48869169556004,37.46543744495087],[-88.48876,37.46083],[-88.48452081252427,37.46084668971447],[-88.4897057454,37.457679188],[-88.4941882708,37.4577087138],[-88.4955300378,37.4595719743],[-88.4951612862,37.4618382708]]]},"properties":{"flat_pct":55}},{"type":"Feature","geometry":{"type":"Polygon","coordinates":[[[-88.45318462265057,37.47523356387102],[-88.4508088733,37.4767888099],[-88.4455128769,37.4764754788],[-88.4420513891,37.4727812691],[-88.4419134794,37.4748761595],[-88.4402387651,37.4764469586],[-88.43856,37.47513],[-88.436576284382,37.475123194800624],[-88.4344455708,37.4698383772],[-88.43280005077281,37.469884212348084],[-88.43283,37.46765],[-88.42915230974093,37.467561863632135],[-88.4286864918,37.4668237391],[-88.4288417693,37.4617963488],[-88.427635665,37.459164276],[-88.4281984442,37.4572228613],[-88.4316056336,37.4561430758],[-88.43296939385563,37.457106270209664],[-88.4329,37.4604],[-88.43496582963279,37.460428388779306],[-88.4351359169,37.4613735648],[-88.43600705897437,37.460442697427766],[-88.43947907942743,37.46049041018241],[-88.44077735729252,37.461931220490804],[-88.44098451910666,37.460511098042694],[-88.44236,37.46053],[-88.44256,37.45595],[-88.45202,37.45608],[-88.4519,37.45883],[-88.45620885657486,37.45888657142111],[-88.4538806186,37.4604628181],[-88.4500137997,37.4595547867],[-88.4470108626,37.4615489775],[-88.4490495308,37.4629451546],[-88.449797039,37.4648807141],[-88.45154156213384,37.464906177458936],[-88.45134,37.46798],[-88.45353,37.468],[-88.4513174024,37.4709035447],[-88.45129,37.4752],[-88.45318462265057,37.47523356387102]],[[-88.4486369858,37.4708644209],[-88.4483399123,37.4709801929],[-88.44952663049133,37.47087740629841],[-88.4486369858,37.4708644209]],[[-88.4347228201,37.4631448455],[-88.4347123971,37.463175167],[-88.434724836,37.4631696343],[-88.4347228201,37.4631448455]],[[-88.437,37.46773],[-88.43644,37.46728],[-88.43644,37.46772],[-88.437,37.46773]]]},"properties":{"flat_pct":75}},{"type":"Feature","geometry":{"type":"Polygon","coordinates":[[[-88.3129076235923,37.47282293400291],[-88.3114452931,37.4697850758],[-88.3098704268,37.4734863999],[-88.30676257081464,37.474022032294734],[-88.3068,37.46915],[-88.30406657812048,37.47110917676586],[-88.30448312289792,37.468163965435586],[-88.31415,37.4628],[-88.31584184717732,37.4628],[-88.31619,37.46653],[-88.32078,37.46655],[-88.32074,37.47025],[-88.32543,37.47024],[-88.32548,37.46653],[-88.33018,37.46651],[-88.33012,37.47041],[-88.3312776698934,37.470362610004365],[-88.3297886403,37.4731917928],[-88.3254601763,37.4757223699],[-88.3215100365,37.4766462573],[-88.3251445901,37.4784827581],[-88.3269788414,37.4819029697],[-88.3278422081,37.481893269],[-88.3270033269,37.4788987551],[-88.3280122455,37.4763439192],[-88.3302691218,37.4751243167],[-88.3324345099,37.475887974],[-88.3345194869,37.4822145178],[-88.3321765328,37.4868725766],[-88.33506796379578,37.488817635893454],[-88.33370769824646,37.49252180707984],[-88.32595,37.49243],[-88.32595,37.49348],[-88.32514,37.49348],[-88.32595,37.49615],[-88.32721,37.49616266821346],[-88.3269664322,37.4977940953],[-88.3249647128,37.4998517434],[-88.3227541656,37.5000392915],[-88.3221786532,37.5034167765],[-88.32044,37.50351],[-88.32041,37.5047],[-88.32131230062102,37.504516763566194],[-88.3191627959,37.5072720131],[-88.3238523507,37.5084525461],[-88.3245056954,37.5119665205],[-88.32072318441723,37.514527342161905],[-88.31558,37.51452],[-88.31556512712274,37.515772753892016],[-88.31331,37.51087],[-88.30551983761373,37.5108632611052],[-88.3054553306,37.5096748129],[-88.3020837343,37.5082857888],[-88.3000728407,37.5033005237],[-88.3003,37.50221],[-88.30181,37.50243],[-88.30182649143633,37.500441132779066],[-88.3038151261,37.5002640084],[-88.3094755785,37.5058595716],[-88.3114318721,37.5057237175],[-88.3147509325,37.5031675366],[-88.3180462115,37.498515717],[-88.3207455727,37.4980208497],[-88.3222539398,37.4920067738],[-88.3170563878,37.4904248262],[-88.31589884289238,37.487886557392166],[-88.31593,37.48495],[-88.31124,37.48498],[-88.31119774863251,37.487670003729555],[-88.3076274432,37.4880418957],[-88.30721559264329,37.488872211427264],[-88.30569,37.4889],[-88.30496,37.48719],[-88.30198,37.48598],[-88.30203,37.48122],[-88.30666,37.48119],[-88.30669980231656,37.47916008185552],[-88.309774484,37.4804947047],[-88.3101822288,37.4750672328],[-88.3129076235923,37.47282293400291]],[[-88.31316,37.4711],[-88.31313,37.47131],[-88.31348,37.47114],[-88.31316,37.4711]],[[-88.316563119,37.4805338938],[-88.3156375622,37.4818908301],[-88.3176690322,37.4815390504],[-88.316563119,37.4805338938]],[[-88.3088,37.48718],[-88.30881,37.48732],[-88.30902,37.48731],[-88.3088,37.48718]],[[-88.31834,37.47839],[-88.31835,37.47758],[-88.31733,37.47758],[-88.31731,37.47838],[-88.31834,37.47839]]]},"properties":{"flat_pct":50}},{"type":"Feature","geometry":{"type":"Polygon","coordinates":[[[-88.46536,37.47362],[-88.4607,37.47353],[-88.46071648527858,37.47252439800686],[-88.46470960359703,37.47274910469967],[-88.46307271614366,37.471075127346026],[-88.46313,37.46808],[-88.4608,37.46804],[-88.46089908226685,37.46504276142809],[-88.46555267346034,37.46511068604348],[-88.46547,37.46812],[-88.46786,37.46816],[-88.46783,37.46915],[-88.47014,37.4682],[-88.4706259262458,37.47187248213266],[-88.4695927399375,37.472684456899486],[-88.47228159835154,37.47265639838549],[-88.47217,37.47414],[-88.47462,37.47415],[-88.47459,37.47554],[-88.47919,37.47555],[-88.4793,37.46985],[-88.48134,37.46986],[-88.48137,37.46823],[-88.48399,37.46823],[-88.48405,37.46454],[-88.48509,37.46454],[-88.48758,37.46591],[-88.48813,37.4676],[-88.48732,37.46823],[-88.48865,37.46825],[-88.48866879063951,37.466982485953245],[-88.4898899473,37.4694677869],[-88.4891472416,37.4734614219],[-88.4859426643,37.4749966271],[-88.4849814593,37.4781441783],[-88.4863153621,37.4798372488],[-88.4937841443,37.4791938776],[-88.4969983153,37.4821381402],[-88.4973102459,37.4850940391],[-88.4956320219,37.4870342673],[-88.4933365389,37.4870875189],[-88.4916327925,37.4853902547],[-88.4906003675,37.4856531703],[-88.49125597742007,37.48654538527656],[-88.48828,37.4865],[-88.48823,37.49012],[-88.49105893474749,37.490187943847644],[-88.4904287782,37.4918471006],[-88.4849968996,37.4962396677],[-88.4800757708,37.4977125217],[-88.4795107368,37.4997275325],[-88.48053068711083,37.50105188651629],[-88.47878,37.50105],[-88.4787,37.50476],[-88.48102,37.50476],[-88.48096,37.50838],[-88.48328,37.50839],[-88.48326834002064,37.51120394168209],[-88.4804695068,37.5096467882],[-88.4788232209,37.5097631621],[-88.4856115028,37.518416882],[-88.4869339665,37.5222498301],[-88.48670688593877,37.53020718260548],[-88.48443,37.5302],[-88.48439,37.52954],[-88.48063573658759,37.530195054526665],[-88.4801983241,37.5210586837],[-88.4770132229,37.5220479962],[-88.4729650414,37.5192089703],[-88.4747669578,37.5227550703],[-88.47383,37.52286],[-88.47379257363664,37.52483557732355],[-88.471987612,37.5256097875],[-88.4710919219811,37.539318406738204],[-88.468229861,37.5404280164],[-88.4658854985,37.538423316],[-88.4655674028,37.5313693773],[-88.46563971229719,37.530341979844025],[-88.46882,37.53037],[-88.46888,37.5265],[-88.46585168856905,37.5265],[-88.4634379718,37.5243114376],[-88.4601187676,37.5255867173],[-88.4580892398,37.531443342],[-88.4550758448,37.5358810578],[-88.4560121998,37.5388634007],[-88.4529586224,37.5454058852],[-88.4555989932,37.5466393206],[-88.4558678001,37.5497122023],[-88.4529067904,37.5514122374],[-88.4524633215,37.553769959],[-88.4501867985,37.5557772884],[-88.44878326797466,37.55929267327445],[-88.44581,37.55926],[-88.44578284845534,37.562536286388486],[-88.44307816398239,37.56284929731798],[-88.4403948462,37.5615569972],[-88.4391682381,37.5582025416],[-88.4408815255,37.5559521233],[-88.4436080852,37.5560732834],[-88.4463386656,37.5511497154],[-88.4461180857,37.5462804573],[-88.4469371363,37.5446041804],[-88.4418028886,37.5452603945],[-88.4404191283,37.5437869566],[-88.4403784639,37.5414912161],[-88.4421519855,37.5391031996],[-88.4458433105,37.5380052077],[-88.446,37.54095],[-88.45056,37.54094],[-88.4506,37.53748],[-88.44754,37.53742607929515],[-88.4484483651,37.5347466308],[-88.4528332383,37.5283021109],[-88.4550651589,37.5222199635],[-88.4571523611,37.5202023886],[-88.4623831401,37.5181456804],[-88.4624093136,37.516192434],[-88.4595731992,37.5171279913],[-88.4558668411,37.5148649982],[-88.4552914505585,37.51889744891177],[-88.4553,37.51735],[-88.45302,37.51739],[-88.45301,37.51921],[-88.4551931803882,37.5191621232371],[-88.4527848478,37.5210925575],[-88.4501333301,37.5201080831],[-88.4495259771,37.5172073283],[-88.4464249594,37.5202634525],[-88.4423058558,37.5193663606],[-88.4439230301,37.522030476],[-88.4436253079,37.5276773137],[-88.4413321266,37.5293329269],[-88.4374166051,37.5284868175],[-88.4375802461,37.5295931728],[-88.4415428853,37.5313105525],[-88.4419839164,37.5341043362],[-88.4401869153,37.5359351033],[-88.4367118248,37.5360092871],[-88.43198,37.52974],[-88.4324861926,37.5240051239],[-88.430588659,37.5224195056],[-88.4288750815,37.5262365394],[-88.42749,37.52629],[-88.42711,37.51518],[-88.42537436605048,37.515450963949924],[-88.4267094488,37.5137179827],[-88.4243173415,37.5147298245],[-88.41513,37.51507],[-88.41407,37.51645],[-88.41383089759009,37.50866209293413],[-88.4225844375,37.5086662476],[-88.4243421655,37.5071124625],[-88.42528,37.50055],[-88.43216,37.50063],[-88.43223,37.49701],[-88.4370328585208,37.49711440996784],[-88.4393187185,37.5024467307],[-88.4385622977,37.5064599645],[-88.4364473179,37.5079117845],[-88.4303516359,37.5077351612],[-88.4301302533,37.5087217578],[-88.4350235103,37.5128350494],[-88.4354144603,37.5186441578],[-88.4392731114,37.5128896218],[-88.4444049082,37.5137438657],[-88.4448676472,37.512365634],[-88.4435702483,37.5099385995],[-88.4439771476,37.5065245662],[-88.4531351051,37.4930401714],[-88.4508512818,37.4906608669],[-88.44636354280081,37.488923060931164],[-88.44646,37.4862],[-88.44838,37.48623],[-88.44826567087344,37.48257466458749],[-88.451559504,37.4817698554],[-88.4536191393,37.4838928147],[-88.4544358231,37.4812848805],[-88.4527938297,37.4803386476],[-88.4520421022,37.47846229],[-88.4530513524,37.4761038297],[-88.45492771,37.4753521022],[-88.46766,37.47549],[-88.46773,37.47183],[-88.4654,37.47178],[-88.46536,37.47362]],[[-88.47308,37.47918],[-88.47389,37.48281],[-88.46983,37.48283],[-88.4697477644,37.4849247902],[-88.4659927855,37.4857429992],[-88.4636785941,37.489458309],[-88.466608644,37.4916041478],[-88.4702171401,37.4910115731],[-88.4724411969,37.4916682696],[-88.474567361,37.4907501776],[-88.477028629,37.49199364],[-88.4781600121,37.4883703791],[-88.4812741906,37.48755645],[-88.4806215793,37.4797303202],[-88.4771723595,37.4789233212],[-88.47308,37.47918]],[[-88.4681957348,37.4789479453],[-88.46988547107031,37.478699963504354],[-88.4682948139,37.4787026391],[-88.4681957348,37.4789479453]],[[-88.4600112074,37.483554428],[-88.4617892875,37.4814615373],[-88.4618626011,37.4804381],[-88.4598165998,37.4815990981],[-88.4600112074,37.483554428]],[[-88.453593557,37.5123008317],[-88.45538441046624,37.50919773177634],[-88.45537,37.51177],[-88.45999,37.5118],[-88.46003356513859,37.50958440152335],[-88.4622510613,37.5114732887],[-88.4631788933,37.5142301426],[-88.4682344622,37.5092718467],[-88.4738259215,37.5060899854],[-88.4750922972,37.5038237714],[-88.4744202232,37.5031875464],[-88.4718862286,37.503738678],[-88.4701921177,37.5026360447],[-88.469661322,37.5001262286],[-88.4711620129,37.4980427795],[-88.4698533122,37.4971090013],[-88.4681482132,37.497421832],[-88.4689212157,37.5009830427],[-88.4662990939,37.5030412399],[-88.46483187425218,37.502780982992206],[-88.46486,37.50107],[-88.46324582729883,37.50105286440869],[-88.4636873129,37.4977858141],[-88.4589223833,37.4989631657],[-88.4566883355,37.4981738387],[-88.4499211456,37.5084529937],[-88.4516732009,37.5123853794],[-88.453593557,37.5123008317]],[[-88.42687,37.50813],[-88.42687,37.50822],[-88.42699,37.50822],[-88.42687,37.50813]],[[-88.47659,37.49833],[-88.47646,37.49832],[-88.47659,37.49845],[-88.47659,37.49833]],[[-88.42751,37.50421],[-88.42751,37.5045],[-88.42786,37.50422],[-88.42751,37.50421]],[[-88.491,37.47967],[-88.49192,37.48034],[-88.49188,37.47968],[-88.491,37.47967]],[[-88.46438,37.52273],[-88.46438,37.52295],[-88.46893,37.52274],[-88.46438,37.52273]],[[-88.45279,37.48906],[-88.45282,37.48814],[-88.45104,37.48747],[-88.45098,37.48903],[-88.45279,37.48906]]]},"properties":{"flat_pct":69}},{"type":"Feature","geometry":{"type":"Polygon","coordinates":[[[-88.39076614459752,37.48181692146051],[-88.39073469065295,37.48548438417263],[-88.38468,37.48552],[-88.38475,37.48205],[-88.38367315908452,37.48197376347501],[-88.384097685,37.4803530261],[-88.38706798842986,37.478906709634714],[-88.38702,37.48185],[-88.39076614459752,37.48181692146051]]]},"properties":{"flat_pct":95}},{"type":"Feature","geometry":{"type":"Polygon","coordinates":[[[-88.43219,37.49701],[-88.43213,37.50061],[-88.42758,37.50056],[-88.42762,37.497],[-88.43219,37.49701]]]},"properties":{"flat_pct":83}},{"type":"Feature","geometry":{"type":"Polygon","coordinates":[[[-88.4934572402,37.5039201357],[-88.49297716763395,37.50730681589096],[-88.49,37.50642],[-88.49003,37.50449],[-88.49255,37.50448],[-88.49258007671877,37.502810742108565],[-88.4934572402,37.5039201357]]]},"properties":{"flat_pct":100}},{"type":"Feature","geometry":{"type":"Polygon","coordinates":[[[-88.4648,37.50472],[-88.4656359236,37.5071608851],[-88.4642030231,37.5092887284],[-88.4600365390347,37.509433157663715],[-88.46006,37.50824],[-88.45879,37.50823],[-88.46009,37.50653],[-88.46013,37.50468],[-88.4648,37.50472]]]},"properties":{"flat_pct":100}},{"type":"Feature","geometry":{"type":"Polygon","coordinates":[[[-88.3548107843,37.5172868829],[-88.3543830572,37.5195184577],[-88.3521909928,37.5213047058],[-88.3541438394,37.5221221078],[-88.35687307330448,37.52571220035735],[-88.35294,37.52567],[-88.35274,37.53307],[-88.35741,37.5331],[-88.35731,37.53679],[-88.36636765656877,37.537360195157625],[-88.36629,37.54057],[-88.3691696351,37.5411212132],[-88.36787927191168,37.54422421658533],[-88.36454541069871,37.54420047596631],[-88.36170819402194,37.54243580633142],[-88.36173,37.54144],[-88.35949506051138,37.541432720066815],[-88.3565938175,37.5391417819],[-88.3513297889,37.5402289388],[-88.33785,37.54028],[-88.33605776546744,37.53495018178919],[-88.3429887236,37.5341920695],[-88.3433507688,37.5307678873],[-88.3419568699,37.5295913797],[-88.3415245733,37.5276168085],[-88.3424430581,37.5258161983],[-88.3445064238,37.5250029391],[-88.3432196777,37.523527145],[-88.33889946608421,37.52365703759789],[-88.33893,37.52187],[-88.32954,37.52186],[-88.32953604598056,37.52258358555727],[-88.3276282998,37.5210042932],[-88.32722009879721,37.51819749477484],[-88.32957,37.5182],[-88.32959,37.51454],[-88.32863398243059,37.514538635235446],[-88.3295996926,37.5135972402],[-88.3287036814,37.5113114239],[-88.3299657971,37.5035682857],[-88.3330544805,37.5016101982],[-88.3358046506,37.5034938813],[-88.3343,37.50357],[-88.33427,37.51454],[-88.34021556288934,37.5145654627961],[-88.3410286426,37.517278622],[-88.3464703272,37.5182417993],[-88.349875256,37.5138964816],[-88.34826024715707,37.51414398933684],[-88.34827759029437,37.50810857755924],[-88.3525625429,37.5070998283],[-88.3551205872,37.5076745995],[-88.3590788148,37.5126168354],[-88.3604279465,37.5125127568],[-88.3617457177,37.5104574221],[-88.3666543822,37.5080522287],[-88.3690139614,37.5090588603],[-88.3709003581,37.513106125],[-88.37212541364856,37.5107024704471],[-88.37627735821192,37.51127310980208],[-88.37728,37.52131],[-88.37196,37.52126],[-88.37197,37.51851],[-88.35758076015553,37.518639737236775],[-88.3548107843,37.5172868829]],[[-88.3514108477,37.5135349777],[-88.3521793809,37.5136587325],[-88.3530686792,37.5141038201],[-88.352332762,37.5133179437],[-88.3514108477,37.5135349777]],[[-88.3342602849,37.5177535647],[-88.3345443037,37.5175018751],[-88.3341887938,37.5177411092],[-88.3342602849,37.5177535647]]]},"properties":{"flat_pct":32}},{"type":"Feature","geometry":{"type":"Polygon","coordinates":[[[-88.3164216164,37.5402799437],[-88.3139857846,37.5390001736],[-88.3117667132,37.5390317244],[-88.310626904,37.5398126243],[-88.31126065094703,37.54032925611918],[-88.31058,37.54033],[-88.31051,37.54403],[-88.30583,37.54404],[-88.3059,37.54034],[-88.30121,37.54034],[-88.30125515854432,37.53734311478579],[-88.3101189764,37.5330694459],[-88.32004,37.53291],[-88.32002,37.5343],[-88.32468,37.53432],[-88.32465716358948,37.53608601574721],[-88.31999,37.53708],[-88.3185482813,37.5394142797],[-88.3164216164,37.5402799437]]]},"properties":{"flat_pct":61}},{"type":"Feature","geometry":{"type":"Polygon","coordinates":[[[-88.2989565731,37.5417750972],[-88.29915507996965,37.540740802997185],[-88.3012,37.54132],[-88.30118,37.54209],[-88.2989565731,37.5417750972]]]},"properties":{}},{"type":"Feature","geometry":{"type":"Polygon","coordinates":[[[-88.35696,37.55146],[-88.35702,37.54873],[-88.36043,37.54875],[-88.36037,37.55149],[-88.35696,37.55146]]]},"properties":{"flat_pct":17}},{"type":"Feature","geometry":{"type":"Polygon","coordinates":[[[-88.3335593755,37.5538384035],[-88.3287800701,37.555030379],[-88.3263275696,37.5543332022],[-88.32590597490075,37.555136214934734],[-88.31964,37.55509],[-88.31956672686273,37.55810234008819],[-88.3160231382,37.5608344222],[-88.31833774420289,37.559295488405766],[-88.32303391473103,37.56047756261591],[-88.3232599922,37.5616268532],[-88.32311942374592,37.56252349414429],[-88.31947,37.5625],[-88.3193,37.5699],[-88.30827836424115,37.56993153543851],[-88.3083919027,37.5664082304],[-88.3100978423,37.5653239878],[-88.3137106908,37.5654005846],[-88.3137794182,37.5629023774],[-88.3153843457,37.5612591421],[-88.311575285,37.5620282982],[-88.3079795329,37.5607537009],[-88.30555887790354,37.558891896961164],[-88.30564,37.55514],[-88.30097,37.55515],[-88.300858886088,37.56028901843078],[-88.298493696,37.5617684607],[-88.29621858524015,37.561275117794295],[-88.2977,37.55887],[-88.29626,37.55888],[-88.296318717888,37.55574085137215],[-88.2979618463,37.554940413],[-88.2994046617,37.5525893513],[-88.3054839011,37.5517473137],[-88.3103,37.55512],[-88.31497,37.55511],[-88.31503,37.55206],[-88.31235963571868,37.55146451806967],[-88.31318,37.55142],[-88.3142928444,37.5491060682],[-88.31981,37.54679],[-88.3201889953,37.5425385484],[-88.3258807694,37.5407688937],[-88.3278646284,37.5410193655],[-88.3285492220667,37.53906553901497],[-88.33149,37.53915],[-88.33155,37.53816],[-88.33393,37.53876],[-88.33366,37.55151],[-88.3348320345,37.5515984707],[-88.3335593755,37.5538384035]]]},"properties":{"flat_pct":67}},{"type":"Feature","geometry":{"type":"Polygon","coordinates":[[[-88.4610498667,37.5806009882],[-88.4569329022,37.5858815854],[-88.4549120576,37.5859262968],[-88.4533215591,37.5846788489],[-88.4521587201,37.580718571],[-88.4525829102,37.5786581266],[-88.4512982736,37.5765106174],[-88.4513914503,37.5742250435],[-88.4525808857,37.5725907072],[-88.4551149565,37.5721914503],[-88.4576301685,37.5750153706],[-88.4621209773,37.5745272006],[-88.4640780468,37.5757280157],[-88.4640409386,37.5793020189],[-88.4610498667,37.5806009882]]]},"properties":{"flat_pct":38}},{"type":"Feature","geometry":{"type":"Polygon","coordinates":[[[-88.50489196076816,37.59186882654366],[-88.5086407531,37.5928389791],[-88.5093842831,37.593743043],[-88.50965850074674,37.59584030062983],[-88.50487,37.59597],[-88.50489196076816,37.59186882654366]],[[-88.50701,37.59511],[-88.50883,37.59503],[-88.50882,37.59313],[-88.5057,37.59309],[-88.50701,37.59511]]]},"properties":{"flat_pct":86}},{"type":"Feature","geometry":{"type":"Polygon","coordinates":[[[-88.3103558591,37.593102609],[-88.3048240847,37.6011768892],[-88.3031793121,37.6091502393],[-88.3012231059,37.6103524603],[-88.2989897607,37.6098193121],[-88.2977521642,37.607276068],[-88.298913034,37.5987796667],[-88.303976822,37.5918616946],[-88.3006528717,37.5909755331],[-88.2991261338,37.5891834597],[-88.29900127278123,37.58851347049466],[-88.30049,37.58852],[-88.29942,37.5811],[-88.30057,37.5811],[-88.30058114146038,37.57971845891268],[-88.30516400811156,37.580580052891754],[-88.30506,37.58845],[-88.31431,37.58832],[-88.31427,37.59194],[-88.31568439563287,37.591931269162764],[-88.3103558591,37.593102609]]]},"properties":{"flat_pct":55}},{"type":"Feature","geometry":{"type":"Polygon","coordinates":[[[-88.344484729,37.5965676442],[-88.3473890314,37.5976068201],[-88.3479278247,37.6009825997],[-88.34635,37.60286],[-88.34234,37.60286],[-88.3422649086,37.604716333],[-88.3342020303,37.6044249463],[-88.3305296967,37.6025609147],[-88.327407924,37.6034373929],[-88.3249999142,37.6002849714],[-88.32505005497626,37.59898339219158],[-88.32805,37.59899],[-88.32809,37.59549],[-88.32704642773336,37.595480865888256],[-88.3294094461,37.5946087388],[-88.3328723980386,37.59577335519028],[-88.33289,37.60156],[-88.34252,37.60158],[-88.34202310116952,37.59841703099865],[-88.344484729,37.5965676442]],[[-88.33246,37.60024],[-88.33254,37.60032],[-88.33266,37.60028],[-88.33246,37.60024]]]},"properties":{"flat_pct":25}},{"type":"Feature","geometry":{"type":"Polygon","coordinates":[[[-88.3878441528,37.6060825403],[-88.3867323841,37.6077682101],[-88.384511156,37.6083406177],[-88.3817046254,37.6065127727],[-88.3726866063,37.6040336518],[-88.3710782768,37.6027316592],[-88.3673650767,37.6037301667],[-88.3654707865,37.6107743076],[-88.3671666208,37.6147565943],[-88.3669516969,37.6185356745],[-88.3678296932,37.6206470934],[-88.36618328969774,37.62896574343722],[-88.3607965306,37.6282861275],[-88.3615382954,37.6213607075],[-88.3611446904,37.6160558709],[-88.35988869223104,37.613968056532904],[-88.36088,37.61398],[-88.36093,37.61032],[-88.35603,37.61032],[-88.35595669365603,37.612350021833144],[-88.3547014888,37.6124951116],[-88.352875513,37.611628149],[-88.3520140099,37.609799591],[-88.3526838144,37.6076033579],[-88.3562037907,37.6050213499],[-88.3612331294,37.6048383707],[-88.36369061615453,37.599431771501706],[-88.36897,37.59949],[-88.37002299539984,37.59680228446895],[-88.3708656154,37.5966363042],[-88.3734578189,37.5969838283],[-88.3751434612,37.598286547],[-88.3827973423,37.5984098382],[-88.3867613267,37.6012045942],[-88.3878441528,37.6060825403]]]},"properties":{"flat_pct":35}},{"type":"Feature","geometry":{"type":"Polygon","coordinates":[[[-88.4446564886,37.6377928478],[-88.4435467807,37.6409509234],[-88.4415530528,37.6423784751],[-88.4416766409,37.6512858985],[-88.4405549141,37.6536340081],[-88.4370961892,37.656781588],[-88.4368789744,37.6581795605],[-88.44012615642646,37.65891302614029],[-88.44006,37.66585],[-88.43891,37.66585],[-88.43895,37.66218],[-88.43519721787257,37.66216371894956],[-88.4349535619,37.660860485],[-88.4312399828,37.6629286979],[-88.42968798692971,37.66617040493389],[-88.42595,37.6658],[-88.42585,37.67315],[-88.4278464991718,37.67315],[-88.4256986502,37.6747958854],[-88.428180505,37.6769058367],[-88.4274658336,37.6799065205],[-88.4247689681,37.6807589598],[-88.4202651322,37.6787555911],[-88.4199552046,37.6759442426],[-88.4220744453,37.6741367704],[-88.4217017631,37.6706649661],[-88.414677912,37.6706654132],[-88.4109135246079,37.67263645530947],[-88.41108864807805,37.665857333610106],[-88.413262968,37.6647737628],[-88.4239497677,37.6644145433],[-88.4265958759,37.659122192],[-88.4312180752,37.6555337872],[-88.4359513974,37.6494344525],[-88.4361574874,37.6463567116],[-88.4336216943,37.6464494881],[-88.4302787171,37.6441125526],[-88.4226310881,37.6443374559],[-88.4204238499,37.6456410185],[-88.4178992131,37.6450876064],[-88.4158869886,37.6460253489],[-88.41132411465136,37.64481196134104],[-88.41134022072706,37.640592169509944],[-88.4139819835,37.6397539856],[-88.4150922357,37.6364961582],[-88.4202975766,37.6344544682],[-88.4139703672,37.6319587442],[-88.41249023233205,37.63017],[-88.41597,37.63017],[-88.41597,37.62926],[-88.42285,37.62927],[-88.42287873854796,37.628496558209],[-88.4301862515,37.6304670075],[-88.4313578815,37.628077746],[-88.4313756028,37.6247628356],[-88.42997678381437,37.62286872140503],[-88.4295219305,37.6142734643],[-88.4316002935,37.609447031],[-88.4317695416,37.6063041596],[-88.434881802,37.6026353733],[-88.4344678275,37.600180135],[-88.4358,37.60006],[-88.4361119634,37.5978701375],[-88.43592,37.59596],[-88.43108,37.59594],[-88.43101702652662,37.59754582357107],[-88.4295207867,37.5965750806],[-88.4289547385,37.5938039211],[-88.4309443939,37.5917936954],[-88.4370950612,37.5913561847],[-88.442261858,37.5935726523],[-88.4434841518,37.5951659774],[-88.4434574347,37.5996539561],[-88.44011,37.6001],[-88.43995,37.60373],[-88.44098805681959,37.60373891035896],[-88.4405477449,37.6052344638],[-88.44449729607037,37.60604286258096],[-88.44443,37.6074],[-88.44727875179618,37.60794382179577],[-88.4473809995,37.6098413249],[-88.4467187730094,37.611043627068256],[-88.43964,37.61099],[-88.43948,37.61463],[-88.44179296126381,37.61464508452998],[-88.4414211218,37.6164198359],[-88.4386820002,37.6183195493],[-88.435853615,37.616623025],[-88.4352169945,37.6197952994],[-88.43820140268122,37.621955340832315],[-88.43465,37.62194],[-88.43459,37.62377],[-88.43923,37.62379],[-88.4392507928338,37.62302898228282],[-88.4407214986,37.6241991542],[-88.4429443215,37.6345123375],[-88.4446564886,37.6377928478]],[[-88.43246,37.61825],[-88.43259,37.61458],[-88.43029,37.61457],[-88.43015,37.61824],[-88.43246,37.61825]],[[-88.4375557892,37.6106354386],[-88.437657954,37.6104021872],[-88.4375962681,37.6103482263],[-88.4375557892,37.6106354386]],[[-88.4351202054,37.6349212818],[-88.4319607777,37.6366799384],[-88.4239272458,37.6348883498],[-88.4263472138,37.6368284161],[-88.436018291,37.6400127104],[-88.4376694216,37.637384039],[-88.4363330007,37.6315395126],[-88.4351202054,37.6349212818]]]},"properties":{"flat_pct":32}},{"type":"Feature","geometry":{"type":"Polygon","coordinates":[[[-88.3524759256,37.6896191268],[-88.35570011741854,37.69048773667284],[-88.35545753532662,37.69537693639183],[-88.35113,37.69533],[-88.35055500302215,37.69164373641637],[-88.3524759256,37.6896191268]]]},"properties":{"flat_pct":56}},{"type":"Feature","geometry":{"type":"Polygon","coordinates":[[[-88.3482064905,37.7012510744],[-88.34235867641563,37.702634156284084],[-88.3325787038,37.7022083577],[-88.3333352477,37.69997853],[-88.3369825189,37.6977202852],[-88.3441232251,37.6960798043],[-88.34402250088279,37.6952683965407],[-88.35113,37.69533],[-88.35113,37.698431626720385],[-88.3482064905,37.7012510744]]]},"properties":{"flat_pct":58}},{"type":"Feature","geometry":{"type":"Polygon","coordinates":[[[-88.2315324072,37.4632137367],[-88.22765,37.46050278288755],[-88.22765,37.45743],[-88.23435,37.45755],[-88.23434,37.45844],[-88.23693,37.45863],[-88.23698,37.46528],[-88.23605,37.46644],[-88.2330377259135,37.466416588543375],[-88.2315324072,37.4632137367]]]},"properties":{"flat_pct":43}},{"type":"Feature","geometry":{"type":"Polygon","coordinates":[[[-88.22765,37.46509053487764],[-88.2321934934801,37.468607398979934],[-88.2322,37.4727],[-88.23676,37.47274],[-88.23676538692203,37.47131785258385],[-88.23951280476489,37.47011812426056],[-88.2424245505,37.4708919147],[-88.2432414606,37.473599754],[-88.2413,37.4738],[-88.2413,37.47752],[-88.23675,37.47752],[-88.23675,37.47566],[-88.23221,37.47566],[-88.2322,37.4738],[-88.22765,37.47379],[-88.22765,37.46509053487764]]]},"properties":{"flat_pct":29}},{"type":"Feature","geometry":{"type":"Polygon","coordinates":[[[-88.2855630443,37.4865043496],[-88.2841219681,37.4838313491],[-88.2860102844,37.4809473281],[-88.2921689015,37.4793918265],[-88.2946006782,37.477786467],[-88.29742339251813,37.47874346063741],[-88.29655,37.48123],[-88.29273,37.48123],[-88.29274,37.48425],[-88.29171,37.48491953191489],[-88.29275,37.48507],[-88.29276,37.48742],[-88.29182160482193,37.48856607279944],[-88.2921156292,37.4880241932],[-88.2855630443,37.4865043496]],[[-88.28805,37.48439],[-88.29171,37.48498],[-88.29171,37.48491953191489],[-88.28805,37.48439]]]},"properties":{"flat_pct":36}},{"type":"Feature","geometry":{"type":"Polygon","coordinates":[[[-88.2999157161,37.4908940354],[-88.300728696,37.4938695895],[-88.2984877277,37.4959892403],[-88.29734099967155,37.49601712251609],[-88.29735,37.49266],[-88.29279,37.49264],[-88.29277,37.48892],[-88.29506,37.48893],[-88.29506,37.48506],[-88.29673,37.48506],[-88.29736,37.48894],[-88.2993724078577,37.488949864744406],[-88.2986357353,37.489674881],[-88.2999157161,37.4908940354]]]},"properties":{"flat_pct":66}},{"type":"Feature","geometry":{"type":"Polygon","coordinates":[[[-88.098605842286,37.49513559811823],[-88.09842633142874,37.49154298125978],[-88.10699,37.49158],[-88.10702,37.49519],[-88.098605842286,37.49513559811823]]]},"properties":{"flat_pct":57}},{"type":"Feature","geometry":{"type":"Polygon","coordinates":[[[-88.1397147706,37.4959982521],[-88.1385689448,37.4979880162],[-88.13635380025507,37.498584936573614],[-88.13629,37.49569],[-88.13401,37.49569],[-88.13411,37.49292],[-88.13872115827783,37.49138943042146],[-88.1397147706,37.4959982521]]]},"properties":{"flat_pct":70}},{"type":"Feature","geometry":{"type":"Polygon","coordinates":[[[-88.2792490936,37.4938298844],[-88.2781128505,37.4956133984],[-88.27995732345123,37.49828357786655],[-88.2739,37.49824],[-88.27389,37.50006],[-88.26925,37.50002],[-88.26921966746073,37.50278405264068],[-88.2649559888,37.5017739083],[-88.2612658523,37.5055340888],[-88.2568193062,37.5062205918],[-88.25479938803144,37.50508841998851],[-88.2539900328,37.5026559666],[-88.2546798967,37.500755993],[-88.2564184992,37.4997249386],[-88.25969,37.49968],[-88.2600121345,37.4973744828],[-88.2623185114,37.4956845132],[-88.2711005426,37.4963815381],[-88.2714567042,37.4955312541],[-88.2685776261,37.4959676377],[-88.262839116,37.4944800819],[-88.2619423623,37.4917976261],[-88.2636745332,37.4895617102],[-88.26455163538,37.48932160809702],[-88.26461,37.49254],[-88.26928,37.49258],[-88.26928,37.489880253114094],[-88.2767082575,37.4884900379],[-88.2786690785,37.4901441546],[-88.2792490936,37.4938298844]]]},"properties":{"flat_pct":57}},{"type":"Feature","geometry":{"type":"Polygon","coordinates":[[[-88.1104611844,37.5086334723],[-88.1100163523,37.5121548222],[-88.1079188637,37.5130889632],[-88.104259438,37.5122873611],[-88.10286521141771,37.50988414102513],[-88.1066,37.5099],[-88.1065168434,37.504863479],[-88.10885077262374,37.50246794085823],[-88.11136,37.50249],[-88.1121971046,37.5012806784],[-88.11592144515832,37.50187664525039],[-88.1180922321,37.5041661749],[-88.1178616875,37.5069851437],[-88.1156834886,37.5083402711],[-88.1122112312,37.5074488245],[-88.1104611844,37.5086334723]]]},"properties":{"flat_pct":68}},{"type":"Feature","geometry":{"type":"Polygon","coordinates":[[[-88.0790180482,37.5275407366],[-88.07672447536572,37.52628358998371],[-88.07502524956364,37.522334127871495],[-88.07882,37.5218],[-88.07880626047738,37.51863304003514],[-88.0811877969,37.5197624215],[-88.0818018544,37.5220846279],[-88.08341688611489,37.52172556599065],[-88.08342,37.52346],[-88.08605,37.52385],[-88.08795745711588,37.522088521745026],[-88.0908700956,37.5242703278],[-88.08801,37.52436],[-88.08804996037001,37.52810628468882],[-88.0790180482,37.5275407366]]]},"properties":{"flat_pct":70}},{"type":"Feature","geometry":{"type":"Polygon","coordinates":[[[-88.2892043441,37.5242539046],[-88.28996,37.52186],[-88.28988,37.5255],[-88.2892043441,37.5242539046]]]},"properties":{}},{"type":"Feature","geometry":{"type":"Polygon","coordinates":[[[-88.2996859765,37.5282956353],[-88.29681067954887,37.526290757848564],[-88.29689,37.5218],[-88.30133,37.52176],[-88.30137300644036,37.528099149310556],[-88.2996859765,37.5282956353]]]},"properties":{"flat_pct":89}},{"type":"Feature","geometry":{"type":"Polygon","coordinates":[[[-88.0982547145,37.5274065198],[-88.1011090386264,37.52822165260971],[-88.09717,37.52812],[-88.0982547145,37.5274065198]]]},"properties":{}},{"type":"Feature","geometry":{"type":"Polygon","coordinates":[[[-88.101593381,37.5340150789],[-88.098084631,37.534695923],[-88.0971857020517,37.53403256734003],[-88.09718,37.5319],[-88.10181,37.53197],[-88.10181693941622,37.52938159775053],[-88.1023756631,37.5321512531],[-88.101593381,37.5340150789]]]},"properties":{"flat_pct":57}},{"type":"Feature","geometry":{"type":"Polygon","coordinates":[[[-88.2142565728,37.5424559102],[-88.2115589628,37.5463242938],[-88.2048301453,37.5487897353],[-88.2025172108,37.5476512853],[-88.20122,37.5441299337],[-88.20172278142174,37.54208878675527],[-88.20852,37.54203],[-88.2089020743,37.5390536273],[-88.21347298067717,37.53461949788647],[-88.21788,37.53461],[-88.21790969351608,37.53209594897224],[-88.2193759085,37.5323891477],[-88.2209032077,37.5341036258],[-88.2207708523,37.5363959085],[-88.2142565728,37.5424559102]],[[-88.20852,37.54444],[-88.20815,37.54388],[-88.20815,37.54444],[-88.20852,37.54444]]]},"properties":{"flat_pct":51}},{"type":"Feature","geometry":{"type":"Polygon","coordinates":[[[-88.29476976397198,37.54776365061777],[-88.29546038175422,37.551474058826116],[-88.29177,37.55149],[-88.2909536999,37.5563757044],[-88.2891752546,37.5582245022],[-88.28701346007907,37.55820853867792],[-88.28707,37.55522],[-88.2805654109,37.5533133164],[-88.2788854801,37.5556611543],[-88.27185419,37.5606090825],[-88.2673077694,37.5579442243],[-88.2635759336,37.5607298184],[-88.2612819482,37.5608283523],[-88.2578610425,37.5586479214],[-88.2566133069,37.5558107372],[-88.2517435426,37.5552933447],[-88.2499865432,37.5527580317],[-88.25024649103456,37.551323959023364],[-88.25491,37.55139],[-88.25495723450956,37.54877030143061],[-88.2596692651,37.5503605441],[-88.2613642363,37.55184588],[-88.2615491894,37.5497848908],[-88.2629797797,37.5483568771],[-88.26878,37.54775],[-88.27633167174504,37.54474890366936],[-88.2803415897,37.5473147935],[-88.2839510213,37.5474164627],[-88.2866118134,37.5451357838],[-88.28729,37.54313],[-88.29192,37.54313],[-88.29183,37.54777],[-88.29476976397198,37.54776365061777]],[[-88.2730121103,37.552040602],[-88.2719301823,37.55243964],[-88.2713113499,37.552730997],[-88.2724458059,37.5530928843],[-88.2730121103,37.552040602]],[[-88.262161582,37.5535043454],[-88.2623567377,37.5533842869],[-88.2619944694,37.55303279],[-88.262161582,37.5535043454]],[[-88.25887,37.55398],[-88.25954,37.55348],[-88.25888,37.55339],[-88.25887,37.55398]]]},"properties":{"flat_pct":68}},{"type":"Feature","geometry":{"type":"Polygon","coordinates":[[[-88.2655962185,37.5763869304],[-88.2617590473,37.5794770822],[-88.2597443222,37.5793136972],[-88.2583945672,37.5780960134],[-88.2576906994,37.5806703389],[-88.2557493718,37.5818964405],[-88.2526629987,37.5812503671],[-88.2512699936,37.5792769611],[-88.2536487929,37.5719489069],[-88.25686581735184,37.570107739839926],[-88.262636698,37.5700189299],[-88.2655870142,37.5740908483],[-88.2655962185,37.5763869304]]]},"properties":{"flat_pct":63}},{"type":"Feature","geometry":{"type":"Polygon","coordinates":[[[-88.2473783524,37.5812409453],[-88.243008948,37.5847376498],[-88.2459509094,37.5934866308],[-88.2440515356,37.5965143783],[-88.2414923792,37.5963365033],[-88.24255,37.59578],[-88.24078335363753,37.59578322380723],[-88.2399625374,37.5939990129],[-88.230713097,37.5959868715],[-88.22916315340635,37.60111037891257],[-88.2292,37.59944],[-88.22683,37.59945],[-88.22687,37.59581],[-88.22212,37.59576],[-88.22208379610652,37.5979684375024],[-88.2208005563,37.5955272421],[-88.2193966474,37.5955787687],[-88.21211041501499,37.599364103455144],[-88.20604,37.59933],[-88.20598415682637,37.59588633762673],[-88.2143221081,37.5913651918],[-88.2156815363,37.5896468288],[-88.2242448155,37.5886000036],[-88.2257328689,37.586310247],[-88.22585705020056,37.58297042260299],[-88.22698,37.58298],[-88.22698,37.57939064716047],[-88.22846354556982,37.57734353574915],[-88.23156799936076,37.57714327367102],[-88.2329662765,37.5786879464],[-88.23159,37.57925],[-88.23166,37.58479],[-88.23632,37.58479],[-88.2363,37.58114],[-88.2343,37.58113],[-88.23429,37.57899],[-88.23629,37.57773],[-88.23416789556452,37.57841629760467],[-88.2348279805,37.5768426351],[-88.23387388810532,37.57453986844865],[-88.23627,37.57455],[-88.2362564766196,37.57146666926801],[-88.2380161282,37.5716313953],[-88.236765270119,37.56627195293912],[-88.24088,37.56629],[-88.24090558907822,37.56432475879236],[-88.2429429125,37.5666073568],[-88.2471844984,37.5665581927],[-88.2505052007,37.5714105722],[-88.24976657087858,37.574700614447465],[-88.24559,37.57471],[-88.24451,37.57573],[-88.24454,37.57763],[-88.2456,37.57744],[-88.2456,37.57847],[-88.2471679226,37.577449856],[-88.2473783524,37.5812409453]],[[-88.22966,37.59238],[-88.22936,37.59239],[-88.22966,37.59263],[-88.22966,37.59238]],[[-88.24044,37.56883],[-88.24002,37.56883],[-88.24041,37.56927],[-88.24044,37.56883]]]},"properties":{"flat_pct":42}},{"type":"Feature","geometry":{"type":"Polygon","coordinates":[[[-88.2718085015,37.5876717963],[-88.2694171372,37.5891821316],[-88.266628261,37.5877295417],[-88.264072243,37.5879380416],[-88.2632373884,37.590354928],[-88.2590712989,37.5933138051],[-88.256669997,37.592482182],[-88.2554400886,37.590066595],[-88.2558966198,37.5880974858],[-88.2574611708,37.5866845695],[-88.2564053716,37.5832877162],[-88.2587700624,37.5813070355],[-88.2665158116,37.5821309925],[-88.2681080569,37.5807467537],[-88.2704025005,37.5808339695],[-88.2725105053,37.584154811],[-88.2718085015,37.5876717963]]]},"properties":{"flat_pct":48}},{"type":"Feature","geometry":{"type":"Polygon","coordinates":[[[-88.2744377452,37.5924357122],[-88.2727247489,37.5905261141],[-88.2729615264,37.5882422545],[-88.2751961086,37.5848570731],[-88.27837417736241,37.58478],[-88.27813,37.5897],[-88.27898619629039,37.589715953968145],[-88.27739675711985,37.5920681022812],[-88.2744377452,37.5924357122]]]},"properties":{"flat_pct":82}},{"type":"Feature","geometry":{"type":"Polygon","coordinates":[[[-88.19169566358993,37.60292848444073],[-88.1918424426,37.6010085275],[-88.1932178976,37.5995273335],[-88.19898,37.59928],[-88.19893132584355,37.60524258416529],[-88.1936945045,37.6050500835],[-88.19308707628929,37.60477729799193],[-88.19433,37.60478],[-88.19435,37.60294],[-88.19169566358993,37.60292848444073]]]},"properties":{"flat_pct":76}},{"type":"Feature","geometry":{"type":"Polygon","coordinates":[[[-88.2856632909,37.6070343795],[-88.2850893817,37.6048111597],[-88.2864992276,37.6026679716],[-88.28912,37.60284],[-88.28911,37.60646],[-88.29139,37.60644],[-88.29136720033107,37.603693906540954],[-88.2916852604,37.6058979949],[-88.2911924115,37.6069597239],[-88.2903307724,37.6077520284],[-88.2876411597,37.6082006183],[-88.2856632909,37.6070343795]]]},"properties":{"flat_pct":60}},{"type":"Feature","geometry":{"type":"Polygon","coordinates":[[[-88.280837375,37.6036930758],[-88.2785416083,37.6053529969],[-88.2754092281,37.6036220123],[-88.2733047436,37.6051337509],[-88.2678651488,37.6050687311],[-88.2645768165,37.6069824252],[-88.2619427277,37.6070871501],[-88.2581010183,37.6106539586],[-88.2526769548,37.6129557682],[-88.25261264026739,37.6139293572783],[-88.24958,37.61391],[-88.24967,37.6176],[-88.25238857875055,37.617605771929405],[-88.2526729626,37.6185281374],[-88.2522530701,37.6205053835],[-88.2506741371,37.6217674384],[-88.24502229460967,37.6220762821669],[-88.24495,37.61759],[-88.24209020271154,37.61760242040082],[-88.2429209926,37.6149663947],[-88.2466446275,37.6132471755],[-88.2478518692,37.6082845624],[-88.2548541296,37.6055607573],[-88.2597496148,37.6012198948],[-88.2627917319,37.6011204875],[-88.2658148786,37.5993669647],[-88.269332489,37.5987952563],[-88.2745230911,37.5997400875],[-88.27521417654937,37.59781625414908],[-88.27522,37.59921],[-88.28046578601587,37.59915201086887],[-88.280837375,37.6036930758]],[[-88.27763,37.60267],[-88.27759,37.60276],[-88.27763,37.60276],[-88.27763,37.60267]]]},"properties":{"flat_pct":56}},{"type":"Feature","geometry":{"type":"Polygon","coordinates":[[[-88.2652781508,37.6093757731],[-88.2697207643,37.6095777815],[-88.2715874996,37.6120572286],[-88.2760658328,37.6137725684],[-88.2766501164,37.6162264188],[-88.2744310928,37.6207329415],[-88.2708407841,37.6224699385],[-88.2652408588,37.6210571611],[-88.2621913349,37.6156505147],[-88.2652781508,37.6093757731]]]},"properties":{"flat_pct":40}}]}