{"type":"FeatureCollection","attribution":"Derived from USFS MVUM roads + USFS Basic Ownership (public domain); terrain from Mapzen tiles (USGS 3DEP). Heuristic beta \u2014 not a statement of legality. Generated 2026-07-23.","features":[{"type":"Feature","geometry":{"type":"Polygon","coordinates":[[[-83.2285974184,34.7136602964],[-83.2235371461,34.7081240381],[-83.21873987850798,34.708500622903145],[-83.21638,34.7063],[-83.21186,34.7085],[-83.2058373083,34.7090124053],[-83.20546,34.70684],[-83.20358,34.70465],[-83.2037,34.7014],[-83.20296,34.70124],[-83.2049683948,34.7004507797],[-83.2073903723,34.7017643213],[-83.20899377996771,34.70127286218578],[-83.20965,34.70265],[-83.21181,34.70318],[-83.21311,34.70536],[-83.2166729181,34.7018640867],[-83.2242516899,34.6997044093],[-83.226254202,34.6999784244],[-83.2290233039,34.7050443666],[-83.23033334742577,34.70530343016726],[-83.22952,34.70741],[-83.23037,34.71093],[-83.23242918008152,34.71126172201921],[-83.2311352092,34.7132854114],[-83.2285974184,34.7136602964]]]},"properties":{"flat_pct":16}},{"type":"Feature","geometry":{"type":"Polygon","coordinates":[[[-83.3035632249,34.7058880173],[-83.3017811534,34.7069831719],[-83.2972869747,34.7071435316],[-83.2947243199,34.7059399243],[-83.2938459205,34.7028480219],[-83.2917044814,34.7024342277],[-83.2899535875,34.7003353445],[-83.286842391,34.7015850428],[-83.2842878233,34.7009371693],[-83.2787812639,34.7079512857],[-83.2740406546,34.7081403899],[-83.272851712,34.7109161856],[-83.2739412829,34.7153718856],[-83.2707423672,34.7177159643],[-83.2704648224,34.7190007753],[-83.2733916501,34.720723316],[-83.2786270908,34.7217193298],[-83.2798178594,34.7233526951],[-83.2795740889,34.7256358188],[-83.2780653044,34.7269809513],[-83.2755762116,34.7273198097],[-83.2716533115,34.7269980408],[-83.2697691908,34.7258128416],[-83.2694918088,34.7287787665],[-83.2666711388,34.7300272372],[-83.262152926,34.7267424597],[-83.261862321,34.7214832617],[-83.2601387181,34.7200009565],[-83.2599786688,34.7174703115],[-83.2566765544,34.7115553719],[-83.2534633841,34.7093290623],[-83.25332,34.70753],[-83.2510521303,34.7046762099],[-83.2469145417,34.7041042854],[-83.2453528879,34.7013383984],[-83.24717,34.70043],[-83.24576,34.69961],[-83.24892,34.69914],[-83.25617,34.70218],[-83.25604725796893,34.70110573567497],[-83.2589852751,34.7052129956],[-83.2609317431,34.7059147073],[-83.262707853,34.7090980246],[-83.2645541211,34.7103188287],[-83.2659427488,34.7139754559],[-83.2667294761,34.7130203296],[-83.2660307849,34.7099022316],[-83.2689407918,34.7044261776],[-83.2734037007,34.7017194515],[-83.2754851597,34.7016594484],[-83.2802707677,34.6951531445],[-83.2859822818,34.6951738494],[-83.2891177728,34.6921231541],[-83.2921709902,34.6934004023],[-83.2953247585,34.6928923232],[-83.2970334336,34.6939722496],[-83.2975807157,34.6965362559],[-83.299544435,34.6985532541],[-83.3015804746,34.6938980483],[-83.3058030336,34.6918720466],[-83.3078024346,34.6930009725],[-83.3084179534,34.6952130336],[-83.3035632249,34.7058880173]]]},"properties":{"flat_pct":13}},{"type":"Feature","geometry":{"type":"Polygon","coordinates":[[[-83.3039143764,34.7344495267],[-83.3139860767,34.7231705763],[-83.3147463828,34.7190114759],[-83.3216208533,34.7159327221],[-83.3188585941,34.7105969156],[-83.3210733296,34.7063361206],[-83.3247860034,34.7035665604],[-83.3275842579,34.7039782737],[-83.3286258209,34.7073973411],[-83.3252472385,34.7107986131],[-83.3272307147,34.7117754763],[-83.3291949835,34.7099229985],[-83.33178738144044,34.71007955340514],[-83.32975,34.71337],[-83.3305,34.71477],[-83.32524,34.71687],[-83.32443,34.71859],[-83.32055,34.71906],[-83.31695,34.72107],[-83.31702,34.72398],[-83.31426,34.72665],[-83.31265,34.73006],[-83.30927,34.73199],[-83.30672,34.73521],[-83.30633804849673,34.73823150921345],[-83.3043351453,34.7369801144],[-83.3039143764,34.7344495267]]]},"properties":{"flat_pct":10}},{"type":"Feature","geometry":{"type":"Polygon","coordinates":[[[-83.2938464424,34.7227810886],[-83.29367592509956,34.7205201050085],[-83.29447,34.7213],[-83.30350495093813,34.716622018796656],[-83.304547777,34.7178077503],[-83.3044399004,34.7206340727],[-83.3001664306,34.7252454278],[-83.29707123332796,34.725345534576086],[-83.29774,34.72433],[-83.29508,34.72196],[-83.2938464424,34.7227810886]]]},"properties":{"flat_pct":14}},{"type":"Feature","geometry":{"type":"Polygon","coordinates":[[[-83.29617,34.74516],[-83.29131,34.74094],[-83.2888625717,34.7402258082],[-83.2898968261,34.7363986903],[-83.2945095066,34.7309481853],[-83.2930921194725,34.72929097487267],[-83.29697298486187,34.72549472669125],[-83.300175711,34.7276003451],[-83.3010171515,34.7313344092],[-83.2953011582,34.7395127179],[-83.29595033629693,34.739809876882354],[-83.29163,34.74002],[-83.29583,34.74289],[-83.29804828728554,34.74217901048541],[-83.2976922772,34.7442299997],[-83.29617,34.74516]]]},"properties":{"flat_pct":19}},{"type":"Feature","geometry":{"type":"Polygon","coordinates":[[[-83.2493457692,34.7754287955],[-83.24209622205903,34.78419178754915],[-83.24079,34.78335],[-83.24381,34.78031],[-83.24137,34.77829],[-83.23854,34.78162],[-83.23539,34.78066],[-83.23603,34.78234],[-83.23533846187495,34.78376073426683],[-83.2325621071,34.7827268382],[-83.2303516442,34.7789709683],[-83.2288790131,34.7845762027],[-83.2298953245,34.7857645669],[-83.23404922189606,34.78683528128176],[-83.23462,34.79186],[-83.226484635,34.7909152966],[-83.222936862,34.786507148],[-83.2239897752,34.7787640955],[-83.2214717184,34.7771653631],[-83.2210703143,34.7743656112],[-83.2240517674,34.7723943646],[-83.2285396327,34.7744434948],[-83.2293682118,34.7709209225],[-83.2323374564,34.7700851922],[-83.234153754,34.7714898775],[-83.2345557367,34.7746063362],[-83.2371784341,34.7780337552],[-83.2393321646,34.7787764424],[-83.2422359279,34.7736380245],[-83.2373003002,34.7713514702],[-83.23469381,34.7672788536],[-83.2354698,34.7654123994],[-83.2373501702,34.7644525218],[-83.2361359553,34.7625330871],[-83.2364746496,34.7605403257],[-83.2401493637,34.7583608204],[-83.2397079943,34.7576031358],[-83.2388235826,34.7566959956],[-83.2358260527,34.7576759385],[-83.2293283563,34.7572713676],[-83.2251827587,34.7527166847],[-83.2222147941,34.7540434627],[-83.2165940372,34.7604640909],[-83.2143781244,34.7610655959],[-83.2125771081,34.7601479074],[-83.2117670791,34.758295972],[-83.213770444,34.7541198472],[-83.207354745,34.7547657143],[-83.2041462574,34.7517825795],[-83.2019117475,34.7524371057],[-83.1999625798,34.7518268355],[-83.1984234773,34.7484761267],[-83.194309157,34.7486458684],[-83.1923617603,34.7476521731],[-83.1873138714,34.7497562588],[-83.1841550639,34.7493693954],[-83.1809047664,34.7469030521],[-83.1801241906,34.7450385111],[-83.1810969479,34.7426647664],[-83.1847068263,34.7423104636],[-83.1868971089,34.7392589386],[-83.187393467,34.7361286571],[-83.185332008,34.7333798501],[-83.18340316049013,34.7265791435301],[-83.18921588363125,34.724878823155485],[-83.190886768,34.7305986457],[-83.1936527437,34.7353623198],[-83.1930240106,34.738801824],[-83.1970288211,34.7416609518],[-83.1993672788,34.7424704369],[-83.1972602178,34.7371338523],[-83.199769524,34.7328385717],[-83.20228,34.73422],[-83.19912,34.73467],[-83.19955,34.73512],[-83.20366,34.73504],[-83.20409,34.73885],[-83.2066421439,34.7426667662],[-83.2069994871,34.7451352582],[-83.2099446075,34.7486600251],[-83.2156344589,34.7478025828],[-83.2182593415,34.748959474],[-83.2267842541,34.746353076],[-83.22941269718123,34.747717456776314],[-83.22663,34.74948],[-83.22985,34.75395],[-83.23996,34.75469],[-83.2464,34.74965],[-83.24237,34.74558],[-83.24188019672393,34.74317996394719],[-83.2433062636,34.7419631501],[-83.2429777152,34.7398461971],[-83.2449730045,34.7356282243],[-83.2431803405,34.7340483725],[-83.2431457712,34.7315054989],[-83.247971788,34.726540362],[-83.2513015609,34.7266962807],[-83.2525167164,34.7292503232],[-83.2509386423,34.7323792268],[-83.2521413072,34.7347517867],[-83.2511460135,34.7384348684],[-83.2565072409,34.7390861499],[-83.2577508705,34.7424370097],[-83.2541434015,34.7454067301],[-83.2510208074,34.7449722088],[-83.2496709819,34.7461819935],[-83.2500128144,34.7521496943],[-83.2472053565,34.7545301452],[-83.2446765819,34.7585439862],[-83.2427293616,34.7594768108],[-83.245005009,34.7607661035],[-83.2462667558,34.7640480986],[-83.2476293376,34.7650540302],[-83.2489988197,34.7625196977],[-83.2514337235,34.7617121308],[-83.2534328629,34.7628415199],[-83.25478367246033,34.76579753144845],[-83.25302,34.76606],[-83.25373,34.76688],[-83.25029,34.77044],[-83.25098550238629,34.772140116944264],[-83.2496127093,34.7724897343],[-83.2493457692,34.7754287955]],[[-83.19791,34.73642],[-83.20074,34.73893],[-83.20188,34.7386],[-83.19791,34.73642]]]},"properties":{"flat_pct":11}},{"type":"Feature","geometry":{"type":"Polygon","coordinates":[[[-83.313029299,34.7861562276],[-83.3100685493,34.7839280715],[-83.3095085207,34.7810290083],[-83.3073109088,34.7801535471],[-83.3061263712,34.777412907],[-83.299493072,34.7758862195],[-83.2970071398,34.7733762296],[-83.2955002243,34.7684066847],[-83.29565059480136,34.76744118960273],[-83.29608,34.7683],[-83.2982,34.76815],[-83.29815,34.76708],[-83.29571781777506,34.7672490319693],[-83.29652804094782,34.76611347245318],[-83.2981,34.76597],[-83.29794,34.7625],[-83.29659,34.76337],[-83.29728061206706,34.759146183218995],[-83.3054221485,34.7593319981],[-83.3069951623,34.7613440978],[-83.3065407517,34.7643617569],[-83.3129361199,34.7631593065],[-83.3177789634,34.7640269094],[-83.3193145818,34.7653413248],[-83.3196043697,34.7676190651],[-83.3179362131,34.7695679557],[-83.3127317082,34.7691982053],[-83.3094343795,34.770054383],[-83.3094667443,34.7720545276],[-83.3116679728,34.7749817046],[-83.3179511849,34.7742585553],[-83.3195619066,34.775479779],[-83.3199989253,34.7776551549],[-83.32163678926501,34.77824200975908],[-83.32132,34.77853],[-83.32124,34.77965],[-83.32228792730778,34.78239310383506],[-83.3218384548,34.7828963409],[-83.3170191856,34.7863025276],[-83.313029299,34.7861562276]],[[-83.29651,34.76907],[-83.29827,34.77038],[-83.2982,34.76815],[-83.29651,34.76907]]]},"properties":{"flat_pct":16}},{"type":"Feature","geometry":{"type":"Polygon","coordinates":[[[-83.2913973369,34.7900633341],[-83.28865,34.79452],[-83.29254,34.79294],[-83.29446,34.79502],[-83.28161206787226,34.8000400503245],[-83.28298,34.79905],[-83.27975,34.7945],[-83.2913973369,34.7900633341]]]},"properties":{"flat_pct":17}},{"type":"Feature","geometry":{"type":"Polygon","coordinates":[[[-83.31029877414751,34.80057690068954],[-83.31419,34.79963],[-83.31467,34.79882],[-83.3100962742412,34.800493987342065],[-83.307159664,34.7986833886],[-83.3022324367,34.7992572867],[-83.29743795090796,34.79855657930084],[-83.29872,34.79727],[-83.29734,34.79441],[-83.29779263780217,34.79179958199021],[-83.3054169915,34.789277195],[-83.3087286281,34.7895168734],[-83.3099314897,34.7911413535],[-83.3098926261,34.7929876813],[-83.31428905682132,34.79594209190871],[-83.31347,34.79719],[-83.3147393,34.7977012],[-83.314698,34.7991223],[-83.3142811,34.7996645],[-83.31029877414751,34.80057690068954]]]},"properties":{"flat_pct":11}},{"type":"Feature","geometry":{"type":"Polygon","coordinates":[[[-83.23886,34.79675],[-83.24165,34.79637],[-83.24206,34.79771],[-83.24059,34.7989],[-83.24200702013721,34.79978617271421],[-83.2392235242,34.7986766157],[-83.23886,34.79675]]]},"properties":{"flat_pct":80}},{"type":"Feature","geometry":{"type":"Polygon","coordinates":[[[-83.2160174615,34.820627805],[-83.2129025743,34.8172894384],[-83.2103811159,34.8179793603],[-83.2075574646,34.8165110678],[-83.207009013,34.8089300042],[-83.2048050526,34.8069458126],[-83.2041730891,34.8049638924],[-83.2075800486,34.7991404792],[-83.2095208108,34.7985754537],[-83.2114033873,34.7993943306],[-83.2143732767,34.7974544465],[-83.2172558011,34.7986087363],[-83.2185247336,34.8003549817],[-83.22193705393742,34.80126991001764],[-83.21885,34.80322],[-83.21895,34.805],[-83.21705,34.80595],[-83.21435,34.80237],[-83.21294985305245,34.8050439954929],[-83.2120018917,34.8029476982],[-83.21232,34.80661],[-83.21385,34.80771],[-83.21011,34.81136],[-83.2156,34.81412],[-83.21801069824656,34.81296791762714],[-83.2198726053,34.8148627209],[-83.2244846282,34.8163019597],[-83.2256210151,34.81889201],[-83.22239799,34.8216510151],[-83.22178,34.82022],[-83.2196930412,34.8212725567],[-83.2160174615,34.820627805]]]},"properties":{"flat_pct":20}},{"type":"Feature","geometry":{"type":"Polygon","coordinates":[[[-83.2883041082,34.8225392023],[-83.28629182245801,34.82353522973254],[-83.2845762,34.8227876],[-83.2836106,34.8220685],[-83.28307665225805,34.82129833067559],[-83.2845524711316,34.82264420323323],[-83.28274320479726,34.82071001133214],[-83.2825922454,34.818013951],[-83.2858165615,34.8139881923],[-83.2862679601,34.8102535314],[-83.28738,34.81057],[-83.28751689255147,34.809257075983595],[-83.2888092813,34.8090119911],[-83.2913955227,34.8106931259],[-83.2918674335,34.8148840663],[-83.28976,34.81833],[-83.2883041082,34.8225392023]]]},"properties":{"flat_pct":14}},{"type":"Feature","geometry":{"type":"Polygon","coordinates":[[[-83.2649090748,34.8338656104],[-83.2627993517,34.8352661563],[-83.2583318917,34.8346455163],[-83.2609994936,34.8372021841],[-83.2620978633,34.8402572422],[-83.265538298,34.8419784381],[-83.2664691784,34.8452928398],[-83.264583198,34.8477337283],[-83.2622875435,34.847688472],[-83.26068,34.84526],[-83.25739693598801,34.84418432685513],[-83.2560635659,34.8410587802],[-83.2545683231,34.8402230483],[-83.2489602077,34.8429094448],[-83.2462071042,34.8422612495],[-83.2452290233,34.8404923037],[-83.2457552331,34.8382573135],[-83.2505997106,34.835486703],[-83.2500780999,34.833089923],[-83.2468487499,34.8330926367],[-83.2452113249,34.8310737834],[-83.24522200964935,34.82769742510794],[-83.2497,34.82424],[-83.24795,34.82244],[-83.24793,34.82065],[-83.2455,34.81986],[-83.2456,34.81814],[-83.2498488400074,34.81701373635946],[-83.2533423706,34.8209664942],[-83.2537058787,34.825069136],[-83.2560811893,34.8260960826],[-83.2578971322,34.8285868074],[-83.2642070661,34.8299438791],[-83.265325182,34.8319149131],[-83.2649090748,34.8338656104]]]},"properties":{"flat_pct":22}},{"type":"Feature","geometry":{"type":"Polygon","coordinates":[[[-83.24507727,34.8595797175],[-83.2446905656,34.862526257],[-83.2433388494,34.8640378759],[-83.2359143616,34.8650860729],[-83.2327419903,34.8678964595],[-83.2302511505,34.8682248785],[-83.2284602011,34.8695904892],[-83.2276518858,34.8722769659],[-83.2307817313,34.8730316202],[-83.2324783751,34.8759650607],[-83.23212667326774,34.878082657996885],[-83.23022587378225,34.87948683557182],[-83.2250905666,34.8779124207],[-83.2214003909,34.8739885041],[-83.2184226436,34.8738156105],[-83.2182935746,34.8749458125],[-83.2203703167,34.8771771593],[-83.21942,34.87874],[-83.21958457452936,34.87991622384222],[-83.2144388122,34.8808794235],[-83.2109318567,34.8797331556],[-83.2098423739,34.8771378045],[-83.2129391364,34.8702529903],[-83.2155171288,34.8684381965],[-83.2122841109,34.8664973304],[-83.209089229,34.8671092011],[-83.2048499287,34.8662816172],[-83.2026284212,34.8621319926],[-83.202370731484,34.858979865218245],[-83.20387,34.85409],[-83.20571,34.85704],[-83.20874311902541,34.857843271753474],[-83.2086996452,34.8610430919],[-83.213811778,34.8606783291],[-83.219147917,34.8628451652],[-83.2207244883,34.8650054846],[-83.2212867811,34.8650001799],[-83.21816319729064,34.85888782351237],[-83.21926,34.85857],[-83.22014,34.85456],[-83.21576218234075,34.85337039400028],[-83.21328245718432,34.8510181855715],[-83.21676587869905,34.84580289347316],[-83.2204143686,34.8455566968],[-83.2193247760227,34.84382060940658],[-83.22027,34.83993],[-83.21742144803987,34.84014157722892],[-83.2173173641,34.8389776908],[-83.2193144054,34.8355904085],[-83.2194808298,34.8330171441],[-83.22288683182705,34.82778825593669],[-83.2242,34.82944],[-83.22691472735427,34.8286214052901],[-83.2274501683,34.8300973205],[-83.2267226655,34.8330996788],[-83.2274556049,34.8362294615],[-83.2238765113,34.839627978],[-83.2249425556,34.8409422896],[-83.2265497249,34.8399758367],[-83.2285569399,34.8402143731],[-83.2302187406,34.84281308],[-83.2283801822,34.8489207779],[-83.22643177090823,34.85049977782582],[-83.22354,34.85052],[-83.2250884200912,34.851285702242905],[-83.2244285196,34.8516532569],[-83.2221790486,34.8519036308],[-83.2239666884,34.8573646451],[-83.2259690812,34.8562830184],[-83.2282010939,34.8569070594],[-83.2293223835,34.8589353634],[-83.2285462001,34.8612876338],[-83.2356436149,34.8579422032],[-83.2397298001,34.8584096469],[-83.2418205589,34.8572070556],[-83.2440233813,34.8578548608],[-83.24507727,34.8595797175]]]},"properties":{"flat_pct":25}},{"type":"Feature","geometry":{"type":"Polygon","coordinates":[[[-82.3983539842,33.9271283212],[-82.3951529624,33.9299104562],[-82.391104214,33.9295431394],[-82.3893420383,33.928071129],[-82.3891368606,33.925784214],[-82.390608871,33.9240220383],[-82.3930008036,33.9237701519],[-82.39367789813458,33.92220826067749],[-82.39691,33.9237],[-82.40578571130193,33.922535061385055],[-82.4044518291,33.9251176637],[-82.3983539842,33.9271283212]],[[-82.39134,33.92643],[-82.39196,33.92705],[-82.39202,33.92648],[-82.39134,33.92643]]]},"properties":{"flat_pct":98}},{"type":"Feature","geometry":{"type":"Polygon","coordinates":[[[-82.425233752,33.9288683531],[-82.4259131096,33.930472105],[-82.42547279547746,33.932377007090906],[-82.42448,33.92981],[-82.42259538889664,33.92780950666051],[-82.425233752,33.9288683531]]]},"properties":{}},{"type":"Feature","geometry":{"type":"Polygon","coordinates":[[[-82.4248516469,33.933093752],[-82.42329,33.93141],[-82.42252,33.92835],[-82.42421,33.92985],[-82.4248516469,33.933093752]]]},"properties":{"flat_pct":100}},{"type":"Feature","geometry":{"type":"Polygon","coordinates":[[[-82.4746555544,33.9355351488],[-82.4709380464,33.9378257387],[-82.46676947551884,33.93829699422772],[-82.46605,33.93237],[-82.45648324629616,33.93105407726284],[-82.4565706866,33.9302379511],[-82.4604365516,33.9242551002],[-82.46392739574439,33.924190303336374],[-82.4652125492,33.9263720436],[-82.46656670453791,33.92635254516709],[-82.4677,33.9296],[-82.46954,33.92865],[-82.4735,33.92874],[-82.47561463069859,33.93120249123385],[-82.4757519695,33.9337572099],[-82.4746555544,33.9355351488]]]},"properties":{"flat_pct":47}},{"type":"Feature","geometry":{"type":"Polygon","coordinates":[[[-82.417704508,33.9382520971],[-82.41347737120297,33.93916933524528],[-82.4117346968,33.9351078814],[-82.4197927172,33.9290994604],[-82.42226,33.92825],[-82.42325,33.93191],[-82.42438113998581,33.93341470353772],[-82.417704508,33.9382520971]]]},"properties":{"flat_pct":80}},{"type":"Feature","geometry":{"type":"Polygon","coordinates":[[[-82.4430074854,33.9411698999],[-82.4399375353,33.9417938158],[-82.43778404824289,33.94349421210993],[-82.43435135653218,33.94157944442778],[-82.4341772598,33.9403514193],[-82.4363726752,33.9366432122],[-82.4429144816,33.9345781583],[-82.4454864635,33.9290862179],[-82.4485314724,33.9285934916],[-82.4504091657,33.9316347321],[-82.4480765084,33.9378314724],[-82.4430074854,33.9411698999]],[[-82.43828,33.93859],[-82.43792,33.93865],[-82.43814,33.9388],[-82.43828,33.93859]]]},"properties":{"flat_pct":79}},{"type":"Feature","geometry":{"type":"Polygon","coordinates":[[[-82.48367755066703,33.94949004364419],[-82.48131,33.94695],[-82.47836,33.94798],[-82.47848,33.9465],[-82.47728,33.94748],[-82.47543316959971,33.94768635087244],[-82.4755473514,33.9470951936],[-82.4772661155,33.9451907852],[-82.4838757882,33.9431735335],[-82.48974709606652,33.94433281295405],[-82.4889044552457,33.95027088585245],[-82.48367755066703,33.94949004364419]]]},"properties":{"flat_pct":60}},{"type":"Feature","geometry":{"type":"Polygon","coordinates":[[[-82.432393067,33.978600173],[-82.4300483484,33.980911742],[-82.4253343325,33.980226173],[-82.4256463188,33.9838908013],[-82.4233695048,33.9874484884],[-82.4236862107,33.9908907039],[-82.4222106207,33.9929891689],[-82.41863,33.99132],[-82.41691,33.99352],[-82.41281,33.989],[-82.4115142705,33.9854977345],[-82.41340734479743,33.982998596279394],[-82.4159126074,33.9831433908],[-82.4177151544,33.9854395006],[-82.4196398341,33.9823687118],[-82.4173830376,33.9795017614],[-82.418184866,33.9760425839],[-82.41991614819754,33.97513190631815],[-82.42113,33.9773],[-82.42483,33.97605],[-82.42683,33.97398],[-82.42663,33.97215],[-82.42431,33.97089],[-82.42250216960302,33.97211240263095],[-82.4180261671,33.970504613],[-82.4169058763,33.9688126592],[-82.4172361901,33.966579633],[-82.41538118697714,33.96498584378914],[-82.4237250325,33.9581048882],[-82.4278783723,33.9583428933],[-82.4296613471,33.9601873232],[-82.4290084069,33.9632020418],[-82.4243940542,33.9658639945],[-82.4279161713,33.9693539874],[-82.4299677282,33.9697175893],[-82.434018323,33.9672755061],[-82.4370128139,33.9692268903],[-82.436445892,33.9722589619],[-82.4314799895,33.9757553114],[-82.432393067,33.978600173]]]},"properties":{"flat_pct":91}},{"type":"Feature","geometry":{"type":"Polygon","coordinates":[[[-82.4724596748,34.0011532226],[-82.47208727326915,34.00491491852564],[-82.47107,34.00496],[-82.47205,34.00767],[-82.47311646420084,34.007905249456066],[-82.4722110669,34.0115063332],[-82.4687,34.01213],[-82.47100648590121,34.01451479252131],[-82.4676875499,34.0154103893],[-82.4657406591,34.0130178018],[-82.4662457611,34.0034469825],[-82.4641007316,34.0005862483],[-82.465080895,33.9972737867],[-82.4623027285,33.9971156474],[-82.464119125,33.9996547909],[-82.4638694366,34.0097897603],[-82.45967348062132,34.013664248191716],[-82.45878,33.9995],[-82.45199,33.99997],[-82.44841838800971,33.995018818798194],[-82.4510302311,33.99349],[-82.4539709356,33.9954916753],[-82.4558944793,33.9951640268],[-82.4551661189,33.9927960252],[-82.4533032393,33.9928420595],[-82.4496995828,33.9909877771],[-82.4470332365,33.9882117181],[-82.4455791145,33.9836026149],[-82.4457366088,33.9811298448],[-82.4369796124,33.975150674],[-82.4367126983,33.9728754517],[-82.4383364397,33.9695590902],[-82.4419382954,33.9656055066],[-82.4396455831,33.9640552199],[-82.439258106,33.9612035147],[-82.4332931739,33.9579397139],[-82.4310196215,33.9556388327],[-82.4296971047,33.952412919],[-82.4255858437,33.947959053],[-82.42590865779896,33.944839341430736],[-82.432,33.9472],[-82.43573,33.9556],[-82.44494,33.95756],[-82.44553,33.95934],[-82.44695956994663,33.95919528893178],[-82.44726629169766,33.96240156620882],[-82.44619,33.96307],[-82.44840612958812,33.96591203057394],[-82.44766406784663,33.96775447943525],[-82.43981,33.9737],[-82.4499,33.97885],[-82.45044,33.98247],[-82.45194037134685,33.98180958013365],[-82.452725574,33.9833656245],[-82.45062,33.98508],[-82.45119,33.98794],[-82.45694235527455,33.988824555109076],[-82.4571420892,33.9903543022],[-82.4606806279,33.9895942442],[-82.46273,33.99124],[-82.46684950447757,33.99151400800244],[-82.4743084775587,33.998780981305686],[-82.4724596748,34.0011532226]],[[-82.4593812856,33.995946788],[-82.4596432332,33.9960103488],[-82.4595265737,33.9959057576],[-82.4593812856,33.995946788]],[[-82.46207,34.01037],[-82.46175,34.01114],[-82.46239,34.01067],[-82.46207,34.01037]]]},"properties":{"flat_pct":89}},{"type":"Feature","geometry":{"type":"Polygon","coordinates":[[[-82.3898630115,33.987021808],[-82.3887423017,33.9841479833],[-82.3904742025,33.9819118582],[-82.39377684878157,33.980692584538595],[-82.39689,33.98384],[-82.39292,33.98654],[-82.39424542406046,33.98732674904123],[-82.3898630115,33.987021808]]]},"properties":{"flat_pct":87}},{"type":"Feature","geometry":{"type":"Polygon","coordinates":[[[-82.4836371054,33.9938129343],[-82.48420677719352,33.99692333522892],[-82.48121,33.99766],[-82.47666,33.99449],[-82.47936533471125,33.99219392024507],[-82.4836371054,33.9938129343]]]},"properties":{"flat_pct":89}},{"type":"Feature","geometry":{"type":"Polygon","coordinates":[[[-82.4712383212,34.0274322406],[-82.46930341934628,34.027044324241196],[-82.47018,34.0264],[-82.4677511354,34.0250294246],[-82.4681497675,34.0227681925],[-82.4700305754,34.0214511354],[-82.47276816920701,34.02153828932437],[-82.47469,34.02407],[-82.47753237399546,34.02363018693373],[-82.48000552333363,34.026034452194914],[-82.4775763233,34.0300887536],[-82.47688,34.03324],[-82.47607,34.03346],[-82.47071379552312,34.02857973268963],[-82.4712383212,34.0274322406]]]},"properties":{"flat_pct":87}},{"type":"Feature","geometry":{"type":"Polygon","coordinates":[[[-82.4335897033,34.0766978635],[-82.4345007039,34.0790959875],[-82.4332248616,34.0813215543],[-82.4222014443,34.0838667987],[-82.4184188038,34.0824869271],[-82.413533977,34.0752689676],[-82.4127856132,34.0859343454],[-82.4179976541,34.0911499025],[-82.41865504298514,34.096111816101256],[-82.41511,34.09455],[-82.41585,34.09344],[-82.40813206472858,34.090228569906955],[-82.4072576814,34.0882948645],[-82.40494981104888,34.087767902208846],[-82.4068,34.08515],[-82.4057822268203,34.08212521615753],[-82.41136,34.07975],[-82.40676551593005,34.07656199064534],[-82.4070353393,34.0725801866],[-82.40425138318304,34.07236388802021],[-82.40378,34.07032],[-82.39948,34.07111],[-82.3998512432674,34.07278839393163],[-82.3960054263654,34.07238178771987],[-82.39593,34.06838],[-82.39331,34.06833],[-82.39056,34.0703],[-82.39004,34.07306],[-82.3868933003712,34.07304616835328],[-82.3890987884,34.0704473168],[-82.3756074409299,34.065546801502805],[-82.3752,34.06155],[-82.37922066746091,34.060626799531505],[-82.3893610673,34.0640129085],[-82.3953280494,34.0627303783],[-82.3961141919,34.0518641588],[-82.3989623969,34.0476199246],[-82.3983948287,34.039773618],[-82.39938060217092,34.038195989288866],[-82.40395310605186,34.036747824111465],[-82.40327,34.03967],[-82.40117,34.04062],[-82.40164,34.0457],[-82.4049702349326,34.04703749800539],[-82.4047948456,34.0495722885],[-82.4022522461,34.0532769268],[-82.4024874771,34.0545313681],[-82.4071627919,34.0604761252],[-82.4093867553,34.0617523036],[-82.41103994326096,34.061202354422285],[-82.41156,34.06723],[-82.41364145475927,34.06705445562271],[-82.4136068042,34.0679087243],[-82.41531960714487,34.06691292469863],[-82.4204204133,34.0669621073],[-82.44135068814646,34.05925557970983],[-82.44531,34.06157],[-82.44155,34.06236],[-82.44405,34.06429],[-82.4435664184796,34.064872271626605],[-82.43508017050355,34.06853629963383],[-82.43464,34.06758],[-82.42885,34.0657],[-82.42566,34.06675],[-82.42945861837602,34.0705987355013],[-82.4253790092,34.0704946598],[-82.4230574875,34.0724877107],[-82.4194887667,34.0730658758],[-82.4228621908,34.0776843165],[-82.4311579957,34.0758807227],[-82.4335897033,34.0766978635]],[[-82.3999885668,34.0667694714],[-82.4047814415,34.0659968152],[-82.4013607523,34.0627507149],[-82.3999885668,34.0667694714]],[[-82.41216,34.08293],[-82.41141,34.08254],[-82.41157,34.08292],[-82.41216,34.08293]]]},"properties":{"flat_pct":91}},{"type":"Feature","geometry":{"type":"Polygon","coordinates":[[[-82.4111309896,34.1021870483],[-82.41217519033768,34.096241620801436],[-82.41779452863682,34.09851071227615],[-82.4170988572847,34.10254732398831],[-82.41419,34.10224],[-82.41471,34.10456],[-82.41182079715807,34.1040212124863],[-82.4111309896,34.1021870483]]]},"properties":{"flat_pct":92}},{"type":"Feature","geometry":{"type":"Polygon","coordinates":[[[-83.18685,34.71514],[-83.18956793731694,34.71728204362187],[-83.18898582153058,34.719265832939364],[-83.1824828466236,34.72330008589092],[-83.18355796766369,34.716453885452715],[-83.18685,34.71514]]]},"properties":{"flat_pct":39}},{"type":"Feature","geometry":{"type":"Polygon","coordinates":[[[-83.1940322312,34.7563040169],[-83.1950073309,34.7586465198],[-83.1940469242,34.7615298029],[-83.1911799711,34.7635439007],[-83.1891093449,34.7638010131],[-83.1864054524,34.7677566301],[-83.1826581563,34.7691606482],[-83.177824172,34.7749854301],[-83.1666932042,34.7769999848],[-83.1626139979,34.7723592281],[-83.1617142804,34.7693171624],[-83.1591556557,34.7719383495],[-83.1541660741,34.7744185433],[-83.1525200558,34.7798625869],[-83.1544731351,34.7790131236],[-83.1591171501,34.7798704408],[-83.1611990395,34.7824737915],[-83.1603042785,34.7848780218],[-83.155282992,34.7878044758],[-83.1600974092,34.7899132706],[-83.1619314144,34.792501989],[-83.1648271071,34.791502072],[-83.16718358657042,34.79365543818998],[-83.16581,34.79397],[-83.16169,34.79713],[-83.15956,34.79725],[-83.16076968820785,34.800020576217975],[-83.1565627788,34.7987774364],[-83.1555390076,34.7970620841],[-83.1555705433,34.7944432185],[-83.1502791508,34.7921416386],[-83.1490324816,34.790342237],[-83.1451011349,34.7947746949],[-83.1451288967,34.7958823899],[-83.1509659671,34.8004907186],[-83.15087956268123,34.80390800009747],[-83.14815,34.80244],[-83.14571936685134,34.80441766150739],[-83.1398989645,34.7995202034],[-83.1391847363,34.792748262],[-83.1436134242,34.7877563507],[-83.1454899124,34.7841832045],[-83.1446290449,34.779076167],[-83.1476348936,34.7758518258],[-83.1494744751,34.7703753501],[-83.1455470972,34.7687423057],[-83.1414980176,34.7719100257],[-83.1394839288,34.7717389754],[-83.13812573993674,34.770492470761916],[-83.13959,34.76779],[-83.14557,34.76476],[-83.14248,34.75402],[-83.14485587525071,34.75201320195176],[-83.1469860562,34.7560035495],[-83.1503663989,34.7570995827],[-83.1506222407,34.760173571],[-83.1475830512,34.763070151],[-83.1501584139,34.7642775253],[-83.156221123,34.7632425666],[-83.1584720426,34.7604991273],[-83.1555500057,34.7564341274],[-83.1575070614,34.7529934511],[-83.1578613889,34.7501314759],[-83.1592825565,34.7486950985],[-83.1576992999,34.7447310906],[-83.1580621692,34.742545943],[-83.1569003695,34.7406112236],[-83.15301129197827,34.73835373122885],[-83.15163,34.73383],[-83.15449,34.73072],[-83.15503,34.72797],[-83.16052678441712,34.72717570026224],[-83.1571404318,34.7331927069],[-83.1576646539,34.7345576912],[-83.1613687532,34.734627695],[-83.1635308892,34.736858277],[-83.1638487962,34.7447659205],[-83.1669195351,34.7499671845],[-83.1662402592,34.7519216828],[-83.1634489258,34.7543522456],[-83.1650797692,34.7572927849],[-83.1637923104,34.7635638288],[-83.16770686,34.7669687543],[-83.1689150622,34.7700738744],[-83.174019535,34.7699493196],[-83.1782375372,34.7648323062],[-83.1822041439,34.7627616686],[-83.1852778858,34.7573327171],[-83.1882633008,34.7572684219],[-83.1907467122,34.7550400122],[-83.1940322312,34.7563040169]]]},"properties":{"flat_pct":16}},{"type":"Feature","geometry":{"type":"Polygon","coordinates":[[[-83.2113713353,34.790883136],[-83.2082344904,34.7899408314],[-83.2064500077,34.7923303124],[-83.2046314856,34.7931294793],[-83.2057409715,34.7947385738],[-83.2055931705,34.7967545021],[-83.2024840943,34.7985176019],[-83.1978224472,34.797362125],[-83.1939336201,34.7935789837],[-83.1888313511,34.7925476684],[-83.1869259002,34.7879066424],[-83.1909090978,34.7819991013],[-83.1968723317,34.7794115079],[-83.2108198693,34.7780357903],[-83.2136670755,34.7762421455],[-83.2159587046,34.7763853724],[-83.2174778545,34.7781070755],[-83.2173346276,34.7803987046],[-83.2125415835,34.7837870888],[-83.2142758274,34.786374344],[-83.2140029111,34.7891223815],[-83.2113713353,34.790883136]],[[-83.2023871528,34.7923618791],[-83.2016678436,34.7889009192],[-83.204563823,34.7847636658],[-83.1989496893,34.7851088873],[-83.196176906,34.7867166837],[-83.1960781073,34.7878319496],[-83.2007996631,34.7920061391],[-83.2023871528,34.7923618791]]]},"properties":{"flat_pct":21}},{"type":"Feature","geometry":{"type":"Polygon","coordinates":[[[-83.1693628592,34.7888190889],[-83.17382348811597,34.78518868205839],[-83.17316,34.7866],[-83.17489,34.7877],[-83.17462,34.7889],[-83.17605466522876,34.790670259434314],[-83.1751666731,34.7912358595],[-83.17534471159085,34.79389107982708],[-83.17367,34.79217],[-83.1683586408972,34.79338634177927],[-83.1693628592,34.7888190889]]]},"properties":{"flat_pct":22}},{"type":"Feature","geometry":{"type":"Polygon","coordinates":[[[-83.1689233412,34.7962101188],[-83.16822912852955,34.79407660811826],[-83.17428325370138,34.79543742899071],[-83.1715488798,34.7972619185],[-83.1689233412,34.7962101188]]]},"properties":{"flat_pct":71}},{"type":"Feature","geometry":{"type":"Polygon","coordinates":[[[-83.16533,34.79764],[-83.16607,34.79452],[-83.16537,34.79434],[-83.16731317285466,34.7940150710445],[-83.1670651879,34.7962738007],[-83.16533,34.79764]]]},"properties":{}},{"type":"Feature","geometry":{"type":"Polygon","coordinates":[[[-83.1313939501,34.8045615341],[-83.13074756030369,34.811687055063956],[-83.13019,34.81062],[-83.12631,34.81051],[-83.12740086348862,34.80203640572465],[-83.1313939501,34.8045615341]]]},"properties":{"flat_pct":33}},{"type":"Feature","geometry":{"type":"Polygon","coordinates":[[[-83.1975615656,34.8270808928],[-83.19584,34.82644],[-83.18755,34.82906],[-83.18679,34.83027],[-83.18854535464594,34.83086981967801],[-83.1874648578,34.8307907857],[-83.1816965785,34.8266309706],[-83.1790684682,34.8258594694],[-83.1781501114,34.8240267906],[-83.178705521,34.8219194081],[-83.1746684561,34.8222476854],[-83.168614871,34.820541747],[-83.1673638941,34.8228710722],[-83.1639240203,34.823902287],[-83.1626142174,34.8294558054],[-83.160169694,34.831271027],[-83.1595494274,34.8350270984],[-83.15761547395216,34.837076887913966],[-83.15657,34.8341],[-83.15406,34.8355],[-83.15417,34.83388],[-83.15200521236908,34.833974121201344],[-83.156936349,34.8294591796],[-83.1560400524,34.8272722713],[-83.15708051082281,34.82452157077684],[-83.15855,34.82346],[-83.15973,34.82444],[-83.1608,34.82359],[-83.15782375927398,34.822505112251484],[-83.16005,34.82094],[-83.15914163803467,34.82020788737123],[-83.1605399753,34.8186754469],[-83.16188,34.81971],[-83.17836354978692,34.807981511648286],[-83.179809936,34.8111773076],[-83.1767620151,34.8154098559],[-83.1814342294,34.8158760994],[-83.1839022146,34.8146384202],[-83.1798750178,34.8078039903],[-83.179361864,34.802253996],[-83.17762510414852,34.80008301758294],[-83.17981,34.79848],[-83.17656232374077,34.7951424043655],[-83.1771103844,34.7926964555],[-83.1790731587,34.791504988],[-83.18018801407987,34.79154532187681],[-83.18084,34.79585],[-83.18253935146416,34.794558716486115],[-83.1826391286,34.7963809621],[-83.185100003,34.8004736982],[-83.189307943,34.8011152239],[-83.1954436761,34.8048425673],[-83.2000139997,34.8097566365],[-83.1990819827,34.8124270447],[-83.1955335345,34.8128081426],[-83.1940283998,34.8152447392],[-83.1873878852,34.8163190714],[-83.1871579459,34.8191862707],[-83.1843570803,34.8211163626],[-83.1892422197,34.8235545641],[-83.1914911516,34.8219568655],[-83.193833585,34.8220291332],[-83.1991470857,34.8174005693],[-83.2033644121,34.8168686968],[-83.2058297781,34.817534708],[-83.2116493976,34.8215627353],[-83.21318543223124,34.825103198231524],[-83.20921,34.82617],[-83.20827454933098,34.82815913673859],[-83.2072225353,34.8260621101],[-83.2029781658,34.8229136799],[-83.2016546486,34.8230177205],[-83.1975615656,34.8270808928]],[[-83.1916692894,34.809726542],[-83.187252929,34.8072196722],[-83.1882804746,34.8101573235],[-83.1916692894,34.809726542]]]},"properties":{"flat_pct":25}},{"type":"Feature","geometry":{"type":"Polygon","coordinates":[[[-83.17236021550426,34.8323957397093],[-83.17457373236205,34.83094513758381],[-83.17466,34.83337],[-83.17236021550426,34.8323957397093]]]},"properties":{}},{"type":"Feature","geometry":{"type":"Polygon","coordinates":[[[-83.17211838640264,34.83291162104564],[-83.17818,34.83472],[-83.17874704050683,34.83377927762659],[-83.1786210572,34.8347100749],[-83.1768988024,34.8366113269],[-83.1740699251,34.8367910572],[-83.1724460436,34.8355873876],[-83.1719543661,34.8336267588],[-83.17211838640264,34.83291162104564]]]},"properties":{"flat_pct":27}},{"type":"Feature","geometry":{"type":"Polygon","coordinates":[[[-83.1445216843,34.8392571482],[-83.1420306039,34.8407774186],[-83.1409768942,34.8440798824],[-83.13879,34.84471],[-83.13858,34.83934],[-83.14447387335497,34.83481470401728],[-83.1453797114,34.8369183872],[-83.1445216843,34.8392571482]]]},"properties":{"flat_pct":57}},{"type":"Feature","geometry":{"type":"Polygon","coordinates":[[[-83.1109020474,34.8441968196],[-83.11186734091477,34.847300195034066],[-83.10040951237124,34.85557432160061],[-83.1002766793,34.8521730507],[-83.1058723277,34.8475630258],[-83.1047251574,34.845297305],[-83.1044989731,34.8408837626],[-83.1028977426,34.8383902477],[-83.1030689156,34.8346689814],[-83.1090419835,34.829003779],[-83.10937212342958,34.827611939236085],[-83.11086141516635,34.83529491872683],[-83.1089758212,34.8368635238],[-83.109813494,34.8379983699],[-83.11124507275743,34.83789355947696],[-83.11207745386253,34.84353155416216],[-83.1109020474,34.8441968196]]]},"properties":{"flat_pct":53}},{"type":"Feature","geometry":{"type":"Polygon","coordinates":[[[-83.1724118405,34.847031116],[-83.1696836307,34.8439201622],[-83.1669097346,34.8429548247],[-83.1650671937,34.8410624198],[-83.1649622205,34.8384668567],[-83.1664972226,34.836737636],[-83.1688061374,34.8366137503],[-83.173230862,34.8388616931],[-83.1785015143,34.8453418851],[-83.18018016147492,34.84548457389493],[-83.17901,34.8483],[-83.17728,34.84868],[-83.17486,34.84731],[-83.1726308033799,34.84888846466788],[-83.1724118405,34.847031116]]]},"properties":{"flat_pct":20}},{"type":"Feature","geometry":{"type":"Polygon","coordinates":[[[-83.0808355415,34.872838831],[-83.0784046007,34.8734853957],[-83.0739614373,34.8713128348],[-83.0674946318,34.872045885],[-83.06579000746761,34.87073296087243],[-83.06596,34.86723],[-83.06714846754313,34.86487454324283],[-83.07184775527882,34.865496022904914],[-83.07895,34.86811],[-83.08103996620315,34.86723088723201],[-83.0819197462,34.870569025],[-83.0808355415,34.872838831]]]},"properties":{"flat_pct":16}},{"type":"Feature","geometry":{"type":"Polygon","coordinates":[[[-83.189542277,34.8776132262],[-83.1858033567,34.8795050714],[-83.1843280983,34.8815891732],[-83.1788695138,34.8833656134],[-83.1754217417,34.8877133209],[-83.1708448339,34.8872660201],[-83.17141,34.88631],[-83.1688186771,34.8848817715],[-83.1698790442,34.881468489],[-83.1730455793,34.8812381639],[-83.1759044875,34.8778150783],[-83.1781746743,34.8773189673],[-83.1849267041,34.8726510536],[-83.1850702531,34.8715822845],[-83.182840767,34.8710885032],[-83.18020456845632,34.86827803952872],[-83.18225,34.86859],[-83.18211,34.86382],[-83.18052,34.86112],[-83.18269,34.85926],[-83.18578,34.86495],[-83.18478,34.86691],[-83.1874,34.86565],[-83.1877143198,34.8645609547],[-83.1906385024,34.8666187063],[-83.1919100576,34.87110404],[-83.1911903045,34.8748469014],[-83.189542277,34.8776132262]],[[-83.17317,34.88548],[-83.17344,34.88589],[-83.17331,34.88569],[-83.17317,34.88548]]]},"properties":{"flat_pct":16}},{"type":"Feature","geometry":{"type":"Polygon","coordinates":[[[-83.0991011538,34.878572933],[-83.09665028895408,34.87457191040031],[-83.10104,34.87508],[-83.10157662428259,34.87850696568789],[-83.0991011538,34.878572933]]]},"properties":{"flat_pct":30}},{"type":"Feature","geometry":{"type":"Polygon","coordinates":[[[-83.070483406,34.8800640213],[-83.0683322878,34.8819004379],[-83.06546645972054,34.88110845921315],[-83.06571064624713,34.87236832241572],[-83.070307808,34.8775047077],[-83.070483406,34.8800640213]]]},"properties":{"flat_pct":60}},{"type":"Feature","geometry":{"type":"Polygon","coordinates":[[[-83.19714,34.89062],[-83.19651,34.89152],[-83.19734436896219,34.89304591801192],[-83.1952605864,34.8957293096],[-83.1930597759,34.8963839171],[-83.1910406904,34.8952905864],[-83.1905039398,34.8925136034],[-83.19304474500859,34.88870525499141],[-83.195513039,34.8887096421],[-83.19714,34.89062]]]},"properties":{"flat_pct":15}},{"type":"Feature","geometry":{"type":"Polygon","coordinates":[[[-83.0830415277,34.8962653916],[-83.0795626337,34.8985245772],[-83.0827958811,34.9016891343],[-83.0883802784,34.9012116764],[-83.0902596326,34.9019558805],[-83.0912783236,34.9043102784],[-83.0898624009,34.9067587266],[-83.083661608,34.9077597114],[-83.0793472111,34.9072126029],[-83.0754667589,34.9030668617],[-83.0698220994,34.9008499273],[-83.0690735793,34.8974788059],[-83.0667768176,34.8963902846],[-83.0661035579,34.8941951082],[-83.066998663,34.891729571],[-83.0725039285,34.8863321381],[-83.0761528957,34.8862823459],[-83.0797748329,34.8821902869],[-83.0829415439,34.8813906684],[-83.0849452847,34.8825118735],[-83.0855363404,34.8849178086],[-83.0893856897,34.8847742306],[-83.0919464371,34.8881138323],[-83.0911721571,34.8902754448],[-83.0883740032,34.8921596111],[-83.0842159627,34.892581223],[-83.0830415277,34.8962653916]],[[-83.0768988652,34.8925383841],[-83.0770471212,34.8923838151],[-83.0768105422,34.8926499463],[-83.0768988652,34.8925383841]]]},"properties":{"flat_pct":31}},{"type":"Feature","geometry":{"type":"Polygon","coordinates":[[[-83.1524438804,34.9067112946],[-83.1507473474,34.9078101975],[-83.1475954334,34.9076300146],[-83.1426595321004,34.90552436942544],[-83.14227,34.90271],[-83.14090793578795,34.90276102834223],[-83.1410094039,34.9012020464],[-83.1440199903,34.8972030219],[-83.14421300962903,34.8942489809098],[-83.146,34.89267],[-83.14389,34.88901],[-83.14148,34.89071],[-83.14191436579374,34.89163409193372],[-83.13736020461488,34.89002382020019],[-83.13837,34.88963],[-83.13586835299331,34.8860153604212],[-83.1372551124,34.8836553727],[-83.1395174252,34.8832629209],[-83.1422989455998,34.88483526949661],[-83.14345,34.88805],[-83.14591542466826,34.886318764295446],[-83.14955257,34.8908866647],[-83.1507958558,34.895407392],[-83.14751,34.89993],[-83.1524948743,34.9031374626],[-83.1524438804,34.9067112946]]]},"properties":{"flat_pct":17}},{"type":"Feature","geometry":{"type":"Polygon","coordinates":[[[-83.1663113167,34.9144339501],[-83.1684821728,34.9144281354],[-83.1701493582,34.9160069232],[-83.16873,34.91923],[-83.16531,34.91928],[-83.1645206418,34.9185030768],[-83.1645767184,34.9159383592],[-83.1663113167,34.9144339501]]]},"properties":{"flat_pct":56}},{"type":"Feature","geometry":{"type":"Polygon","coordinates":[[[-83.109259818,34.9109160408],[-83.1144479301,34.9139472435],[-83.1150472817,34.9158776811],[-83.114079114,34.9179596824],[-83.1116291487,34.918720334],[-83.109398077,34.917526994],[-83.1027820912,34.9213939468],[-83.1011577746,34.9233644728],[-83.0956940648,34.9244115542],[-83.0891710322,34.9276268078],[-83.0819704993,34.9247901507],[-83.0793927581,34.9266144281],[-83.0758277431,34.9248513872],[-83.0724298233,34.9249538118],[-83.06763704833931,34.91963967683374],[-83.07027,34.91864],[-83.06961,34.91694],[-83.06490778668606,34.91728023435852],[-83.06425676521914,34.91586674427789],[-83.06491065963415,34.9134381824641],[-83.06683,34.91522],[-83.06941,34.91552],[-83.06784921392321,34.912432545029056],[-83.0710980642,34.9143285699],[-83.0752124881,34.9188658594],[-83.0806188786,34.9181369954],[-83.0901069164,34.9199468637],[-83.09806482,34.9174712438],[-83.102659141,34.9149883424],[-83.1058810777,34.9111843658],[-83.109259818,34.9109160408]]]},"properties":{"flat_pct":12}},{"type":"Feature","geometry":{"type":"Polygon","coordinates":[[[-83.1215621954,34.9308590522],[-83.1186219245,34.9299264935],[-83.117821996,34.9266794162],[-83.1195053316,34.9231573052],[-83.1183850877,34.9215616701],[-83.1184484216,34.9195413235],[-83.121186754,34.9176404726],[-83.12421620477339,34.91934624889691],[-83.12273,34.91931],[-83.11901,34.92192],[-83.12194,34.92126],[-83.12236,34.92542],[-83.1247256809092,34.92677789012837],[-83.1232569014,34.9297573337],[-83.1215621954,34.9308590522]]]},"properties":{"flat_pct":29}},{"type":"Feature","geometry":{"type":"Polygon","coordinates":[[[-83.1094409505,34.9518032352],[-83.1073793033,34.9528140214],[-83.0986956802,34.9523816198],[-83.0972778489,34.9509409098],[-83.095968525,34.9468926478],[-83.0926197376,34.9452382005],[-83.088152356,34.9467123884],[-83.0858789995,34.9462031368],[-83.0839004656,34.9431868474],[-83.0838806889,34.9408806507],[-83.0855631008,34.9385939458],[-83.0881477618,34.9377933738],[-83.0909784784,34.9394668339],[-83.0937928439,34.9389813794],[-83.0967498662,34.940845596],[-83.0991312404,34.9408394321],[-83.1028630515,34.9431575348],[-83.1031471187,34.9462514397],[-83.1093843171,34.9477742795],[-83.1101881594,34.9499250737],[-83.1094409505,34.9518032352]],[[-83.08998,34.93974],[-83.0905,34.93993],[-83.09077,34.93952],[-83.08998,34.93974]]]},"properties":{"flat_pct":19}},{"type":"Feature","geometry":{"type":"Polygon","coordinates":[[[-83.1118524405,34.9754684601],[-83.1105001739,34.97124789],[-83.1086900937,34.9694076719],[-83.1026158206,34.9687287777],[-83.0976641205,34.9665639367],[-83.0936040235,34.9681256353],[-83.0896161593,34.9679522667],[-83.0870928594,34.9650066819],[-83.0823612888,34.9627176739],[-83.0819993828,34.9594039566],[-83.0852140244,34.957841601],[-83.0905563975,34.9595695673],[-83.0935232949,34.9620496137],[-83.0982906582,34.9601429676],[-83.1046047892,34.9629525102],[-83.1117291311,34.9641006003],[-83.1163664939,34.9661121559],[-83.1180144231,34.9682625367],[-83.12082873782636,34.96703284862679],[-83.1201091,34.9691282],[-83.115855,34.9729453],[-83.1168168,34.9756371],[-83.1118524405,34.9754684601]]]},"properties":{"flat_pct":11}},{"type":"Feature","geometry":{"type":"Polygon","coordinates":[[[-82.1960296627,33.6516676342],[-82.18291,33.65871],[-82.18043011152906,33.656526512541525],[-82.19490769329744,33.64609511511808],[-82.1960296627,33.6516676342]]]},"properties":{"flat_pct":39}},{"type":"Feature","geometry":{"type":"Polygon","coordinates":[[[-82.1346099308,33.6636080363],[-82.1318789892,33.6602299401],[-82.1334566764,33.6570227951],[-82.1357449122,33.6568329148],[-82.1381770027,33.6586587399],[-82.1403489468,33.6583276815],[-82.14723746557169,33.651574832965714],[-82.15184069062663,33.65549537633878],[-82.14827794609343,33.65925656700623],[-82.1346099308,33.6636080363]]]},"properties":{"flat_pct":70}},{"type":"Feature","geometry":{"type":"Polygon","coordinates":[[[-82.1789738455,33.7102421093],[-82.1794391483,33.7089070083],[-82.1770610325,33.7085842914],[-82.1755809842,33.7068288612],[-82.1756533755,33.7048088188],[-82.176990836,33.7032932294],[-82.18471487,33.7028500103],[-82.188746221,33.7042685537],[-82.1926325274,33.7042358777],[-82.1938849668,33.7024439153],[-82.1889028227,33.7003369487],[-82.187662811,33.6978009154],[-82.1841708776,33.7012253175],[-82.1778645737,33.7026977653],[-82.1733760921,33.7025213798],[-82.1719474446,33.7010914224],[-82.1719329718,33.6985638218],[-82.1705421622,33.696912973],[-82.1704223504,33.6923268764],[-82.1734443698,33.6904184021],[-82.17672400824016,33.69120442296382],[-82.17743,33.69449],[-82.18652,33.693],[-82.18570328795137,33.69126967786308],[-82.18821991779673,33.68658818538307],[-82.1934267176,33.6947719193],[-82.19836,33.69923],[-82.19955,33.70557],[-82.19164,33.70943],[-82.18019818485106,33.712953808653694],[-82.1789738455,33.7102421093]],[[-82.18749,33.6952],[-82.18765,33.6952],[-82.18763,33.69515],[-82.18749,33.6952]],[[-82.17854,33.70363],[-82.17877,33.70394],[-82.17894,33.70359],[-82.17854,33.70363]]]},"properties":{"flat_pct":42}},{"type":"Feature","geometry":{"type":"Polygon","coordinates":[[[-82.17464681793538,33.71567849535955],[-82.16794,33.71719],[-82.15998,33.72136],[-82.15901,33.71997],[-82.16454,33.71665],[-82.16478,33.71501],[-82.17361159789762,33.71304669973296],[-82.17464681793538,33.71567849535955]]]},"properties":{"flat_pct":45}},{"type":"Feature","geometry":{"type":"Polygon","coordinates":[[[-82.1926740772,33.7274590316],[-82.1886138267,33.7260822495],[-82.18294468790585,33.72564276545042],[-82.18315,33.7239],[-82.18147767164926,33.72055534329852],[-82.1837757858,33.7197177706],[-82.1918416052,33.720957091],[-82.193778557237,33.71932099189166],[-82.19563,33.71872],[-82.19608,33.7199],[-82.20323774723217,33.7169319208144],[-82.203587942,33.7192858429],[-82.20221470135685,33.72144348768941],[-82.19285,33.72351],[-82.19306,33.72676],[-82.19474892306133,33.72635534239363],[-82.1926740772,33.7274590316]]]},"properties":{"flat_pct":49}},{"type":"Feature","geometry":{"type":"Polygon","coordinates":[[[-82.18703141,33.7493922653],[-82.1821596155,33.7520072484],[-82.1799028167,33.7522276936],[-82.1762651402,33.7554434952],[-82.1744066642,33.7585544399],[-82.1713256231,33.7584059667],[-82.1699900013,33.755912806],[-82.1712745324,33.7519148542],[-82.1766409029,33.7471630615],[-82.1814632605,33.7458264882],[-82.1826534754,33.7446153924],[-82.1761878381,33.7434437803],[-82.1707720565,33.7436401209],[-82.16739068323642,33.74079871872176],[-82.1688,33.74069],[-82.16905707895987,33.73695523556692],[-82.1709985039,33.7368409999],[-82.1730768808,33.7380123789],[-82.1760746714,33.7370914941],[-82.1818065564,33.7386555682],[-82.1843328568,33.738345202],[-82.18685281669329,33.73909602087747],[-82.18712,33.74105],[-82.19253,33.74139],[-82.19206204840222,33.7498173828656],[-82.1902403934,33.7503476148],[-82.18703141,33.7493922653]]]},"properties":{"flat_pct":83}},{"type":"Feature","geometry":{"type":"Polygon","coordinates":[[[-82.1697490104,33.7620680563],[-82.1701210257,33.7643338195],[-82.1687819437,33.7661990104],[-82.161784748,33.7670063751],[-82.1656131736,33.7678218418],[-82.1685326441,33.7702172918],[-82.168477892,33.7730451422],[-82.1660962017,33.774570687],[-82.1632306284377,33.77354566982483],[-82.16343,33.77266],[-82.15908,33.76884],[-82.1556471836296,33.76942025146686],[-82.1548222757,33.7674565191],[-82.1530140453,33.7675734264],[-82.15245861924413,33.76995921684171],[-82.15062,33.77027],[-82.15024,33.76899],[-82.1516,33.76792],[-82.14690072130745,33.76857736601748],[-82.14623,33.76475],[-82.1395533969398,33.76343210118313],[-82.1403322424,33.7605137915],[-82.1445248587,33.7572694246],[-82.1466018247,33.7533312712],[-82.1500908299,33.7514238162],[-82.15391,33.75186],[-82.15312479895259,33.749427423502496],[-82.1583813932,33.7469327579],[-82.1605384315,33.7477196911],[-82.16150064298354,33.7497298422513],[-82.154,33.75315],[-82.15369269834424,33.75761517033886],[-82.1517311435,33.7581661594],[-82.1518887615,33.7591103508],[-82.15379664718726,33.75766554949332],[-82.1614,33.75552],[-82.16203,33.75294],[-82.16322,33.75213],[-82.1622635659,33.7488228961],[-82.1653678787,33.7470514227],[-82.1676854233,33.7486727563],[-82.168112955,33.7519093426],[-82.1659696494,33.7577968965],[-82.1633995046,33.7608894495],[-82.1678838195,33.7607289743],[-82.1697490104,33.7620680563]],[[-82.16932,33.76219],[-82.16938,33.76219],[-82.16932,33.76205],[-82.16932,33.76219]],[[-82.16563,33.7546],[-82.16583,33.75504],[-82.16613,33.75513],[-82.16563,33.7546]],[[-82.15001,33.76606],[-82.14924,33.76564],[-82.1494,33.76616],[-82.15001,33.76606]]]},"properties":{"flat_pct":87}},{"type":"Feature","geometry":{"type":"Polygon","coordinates":[[[-82.14090474788175,33.7669121868337],[-82.13955133399841,33.76344812865087],[-82.14199,33.76422],[-82.14090474788175,33.7669121868337]]]},"properties":{}},{"type":"Feature","geometry":{"type":"Polygon","coordinates":[[[-82.1986769632,33.7797296865],[-82.1999817288,33.7778403308],[-82.20199688782228,33.77738703097558],[-82.19878,33.77959],[-82.20052,33.7803],[-82.20379845363867,33.7782820383854],[-82.20643597870418,33.78051514294087],[-82.20487,33.78151],[-82.20539,33.78201],[-82.20700423080606,33.780996263053794],[-82.2082347033498,33.78205444879365],[-82.20447071271255,33.78667918120152],[-82.1992620622,33.7822274014],[-82.1986769632,33.7797296865]]]},"properties":{"flat_pct":100}},{"type":"Feature","geometry":{"type":"Polygon","coordinates":[[[-82.210100681,33.7925826641],[-82.20916226493237,33.791567491216256],[-82.21181,33.79001],[-82.21312946792408,33.79276174754522],[-82.210100681,33.7925826641]]]},"properties":{"flat_pct":100}},{"type":"Feature","geometry":{"type":"Polygon","coordinates":[[[-82.1486774514,33.7947710066],[-82.1469300959,33.7970624404],[-82.1443789211,33.7973315654],[-82.1407379596,33.7950347925],[-82.1403179899,33.7919905486],[-82.1374732233,33.7905892905],[-82.1353241513,33.7931480031],[-82.1327726398,33.7935852779],[-82.1341882917,33.796034165],[-82.134271335,33.798998165],[-82.1328805198,33.8035605931],[-82.1303525003,33.8048289988],[-82.1276296285,33.8029060668],[-82.1271993043,33.7999017091],[-82.1282700317,33.7976882931],[-82.1262808471,33.7936087146],[-82.1288597254,33.7877788337],[-82.1324026892,33.7873365955],[-82.1355578441,33.7848018822],[-82.1391090203,33.7845353297],[-82.1410869259,33.7856377832],[-82.1436243272,33.7846336146],[-82.1491977813,33.7849171128],[-82.1522752564,33.7829462491],[-82.1549644221,33.7838226756],[-82.155547486,33.7871047077],[-82.1525496371,33.7899144269],[-82.1543716358,33.7925717138],[-82.1586218393,33.7948623837],[-82.16120162268244,33.80012114798508],[-82.1592,33.8004],[-82.16044,33.80427],[-82.15729,33.81016],[-82.1577,33.811],[-82.15945,33.81063],[-82.1590381976,33.8127394101],[-82.1559852229,33.8189098821],[-82.1511214013,33.8218185899],[-82.14871562,33.8209280073],[-82.147924217,33.8182126036],[-82.1509853735,33.815166074],[-82.1535601094,33.810181119],[-82.1549791529,33.8065232437],[-82.1539825755,33.803865717],[-82.1550677502,33.8002626634],[-82.1500438846,33.7970132326],[-82.1486774514,33.7947710066]],[[-82.1477404302,33.7910830576],[-82.1482362089,33.7915458915],[-82.1484802219,33.7910126012],[-82.1477404302,33.7910830576]]]},"properties":{"flat_pct":86}},{"type":"Feature","geometry":{"type":"Polygon","coordinates":[[[-82.1445326113,33.8086188593],[-82.1470900778,33.8068942655],[-82.1496520142,33.8080926887],[-82.1513190061,33.8113972171],[-82.1494513667,33.8147567626],[-82.1472479864,33.8154026678],[-82.1452332374,33.8143013667],[-82.1445326113,33.8086188593]]]},"properties":{"flat_pct":96}},{"type":"Feature","geometry":{"type":"Polygon","coordinates":[[[-82.1857341275,33.8425073422],[-82.18666775,33.840575225],[-82.1817135779,33.8438821758],[-82.1826552429,33.8495146161],[-82.1793589669,33.8577993254],[-82.1775109954,33.8591620724],[-82.1752406746,33.8588189669],[-82.1737940265,33.8560946196],[-82.1765026235,33.8491791429],[-82.1752954919,33.8455214423],[-82.1758368456,33.8426623275],[-82.1735714626,33.8407500373],[-82.1730696496,33.8378838669],[-82.17461644918716,33.83572756602444],[-82.17602,33.83844],[-82.18155,33.83711],[-82.1814268543,33.8364634585],[-82.1839278338,33.8356145504],[-82.1833421382,33.825620404],[-82.1850223078,33.8218596835],[-82.182339645,33.8173178968],[-82.1830990955,33.8137558358],[-82.18244011425158,33.811678824556445],[-82.18363,33.81046],[-82.18178240984058,33.80960583771524],[-82.18098715537737,33.8070993134924],[-82.1822,33.80572],[-82.18099992467036,33.80377195803614],[-82.1846353901,33.798794243],[-82.1825499055,33.7987470576],[-82.1810337947,33.7974101882],[-82.1804995879,33.7935467977],[-82.1825639183,33.7903846339],[-82.1800100837,33.7897709916],[-82.1780486914,33.790162048],[-82.1798294848,33.7976544017],[-82.1782929806,33.8003291006],[-82.17747,33.80036],[-82.17653,33.79728],[-82.17463,33.79684],[-82.17048,33.79683],[-82.16213740046646,33.79999078199609],[-82.1635035978,33.7969900197],[-82.1697008798,33.7938946794],[-82.1723217682,33.7936809644],[-82.1721753303,33.791645822],[-82.1706446463,33.7887282567],[-82.165360975,33.7891128573],[-82.1605307277,33.786464018],[-82.1594400104,33.78414211],[-82.160125982,33.7822407277],[-82.1621538016,33.7811636828],[-82.1670571246,33.7832270742],[-82.1711289954,33.7825738329],[-82.1710874691,33.7794153675],[-82.1694422324,33.7751942863],[-82.1701961023,33.7733187885],[-82.1719686549,33.7723472591],[-82.1746415637,33.7732720802],[-82.1770361043,33.777332146],[-82.1775759732,33.7841382058],[-82.1804519409,33.7837244125],[-82.1864308985,33.7851430253],[-82.1885447742,33.7870221915],[-82.1883862872,33.7923489051],[-82.1903817163,33.7935953709],[-82.19085262472713,33.796281147885644],[-82.1876,33.80024],[-82.18887237948002,33.803067509955596],[-82.1868322531,33.8056820814],[-82.1892023509,33.8131965034],[-82.1887491526,33.8157759635],[-82.1895007652,33.8172867816],[-82.1917611438,33.8185085423],[-82.1923388523,33.8201970252],[-82.18966337432992,33.8271101221804],[-82.18776,33.82719],[-82.18826,33.83166],[-82.1919,33.8409],[-82.1928633684788,33.839319737670735],[-82.1920082615,33.8431026113],[-82.1949341922,33.849702032],[-82.197444191,33.8530459449],[-82.2004865739,33.8551617412],[-82.20191978444036,33.858279306779444],[-82.197,33.8577],[-82.19718,33.85679],[-82.19541,33.85653],[-82.19527,33.85734],[-82.19300378885471,33.85712114471806],[-82.1895874645,33.8524459354],[-82.1857341275,33.8425073422]],[[-82.16361,33.78198],[-82.16396,33.78232],[-82.16399,33.78199],[-82.16361,33.78198]],[[-82.18607,33.79185],[-82.18509,33.79186],[-82.18563,33.79229],[-82.18607,33.79185]]]},"properties":{"flat_pct":99}},{"type":"Feature","geometry":{"type":"Polygon","coordinates":[[[-82.1440336092,33.8360146069],[-82.1446743824,33.8335305919],[-82.1470891048,33.8324550192],[-82.1397883157,33.8283689431],[-82.13928385,33.8261289448],[-82.1407596893,33.8240306552],[-82.1433179517,33.8238403536],[-82.1556631292,33.8298187863],[-82.1559551376,33.832096243],[-82.1545512137,33.8339131292],[-82.1496714113,33.8334984092],[-82.15024111934041,33.8338080845224],[-82.1455129325624,33.838064859821046],[-82.1440336092,33.8360146069]]]},"properties":{"flat_pct":99}},{"type":"Feature","geometry":{"type":"Polygon","coordinates":[[[-82.18024,33.89111],[-82.17431,33.8938],[-82.17374765952205,33.895151968396476],[-82.1658817249,33.8984165787],[-82.1677826341,33.902175715],[-82.1666718499,33.906258412],[-82.1645709572,33.9081520819],[-82.1620563007,33.9076447126],[-82.1608812745,33.9056720516],[-82.1615169192,33.9028672902],[-82.1594056162,33.8988940124],[-82.1598457458,33.8955977849],[-82.161291225,33.8938466919],[-82.1670246515,33.8914371589],[-82.16343326430786,33.89086723481569],[-82.1648,33.8893],[-82.16503747701589,33.884930688699455],[-82.1670244212,33.8851423461],[-82.170749745,33.8816747831],[-82.1686407591,33.882535739],[-82.1666665419,33.8821018284],[-82.1653359109,33.8802305991],[-82.1655857189,33.8782028513],[-82.1621929471,33.8749884918],[-82.1584568991,33.8737495288],[-82.1569594079429,33.87430635770584],[-82.15595,33.87208],[-82.15355,33.87115],[-82.1582015623,33.8675765701],[-82.16230714328934,33.86870504247612],[-82.16505,33.87162],[-82.1657053018,33.8698866249],[-82.1721625601,33.8760605258],[-82.1726535835,33.8780434158],[-82.1719193938,33.8801052748],[-82.1751765355,33.8788042676],[-82.177233239,33.8791873723],[-82.1803392022,33.8816356922],[-82.1817594898,33.8855795138],[-82.1842553411,33.8758771943],[-82.1864051367,33.8744774446],[-82.1886256325,33.8750618043],[-82.1900929338,33.8787520755],[-82.1881964618,33.8869374467],[-82.186792265,33.8891875659],[-82.19280773444743,33.893243427065414],[-82.18796332896423,33.89689011226571],[-82.18291089056169,33.893855368439986],[-82.18369,33.89277],[-82.18024,33.89111]],[[-82.1755229229,33.885882334],[-82.1710844805,33.8897418006],[-82.1762253111,33.8882017232],[-82.1755229229,33.885882334]]]},"properties":{"flat_pct":100}},{"type":"Feature","geometry":{"type":"Polygon","coordinates":[[[-82.1538720023,33.891824154],[-82.1568327479,33.8948887288],[-82.1557742531,33.8975115755],[-82.1535831928,33.8981981121],[-82.15044868173267,33.897166292454806],[-82.1474907592,33.892640719],[-82.1479808113,33.8871444613],[-82.1419459433,33.8850551334],[-82.1410087311,33.8832641993],[-82.14141627735364,33.881292803900955],[-82.14436527607182,33.879877756420626],[-82.14689,33.88258],[-82.14913892740579,33.88091195668718],[-82.152648459,33.8830016103],[-82.15409960707356,33.88534145351571],[-82.1538720023,33.891824154]]]},"properties":{"flat_pct":100}},{"type":"Feature","geometry":{"type":"Polygon","coordinates":[[[-82.176549445,33.9055103835],[-82.1757458025223,33.90317682580707],[-82.18057,33.90184],[-82.18306,33.903],[-82.17982085506152,33.906307819389475],[-82.176549445,33.9055103835]]]},"properties":{"flat_pct":100}},{"type":"Feature","geometry":{"type":"Polygon","coordinates":[[[-82.3969742024,33.9560935818],[-82.39231331097034,33.96334505223027],[-82.39163,33.96249],[-82.3916549284436,33.963818877801195],[-82.389586665,33.9640957455],[-82.3872839454,33.9616200226],[-82.38750591888143,33.95860535471438],[-82.3893,33.95934],[-82.39364,33.9565],[-82.38757,33.94707],[-82.385375040602,33.94637272906342],[-82.38589168198826,33.9427423938174],[-82.38913,33.94084],[-82.38329,33.93474],[-82.38366,33.93338],[-82.38094,33.93268],[-82.38094,33.92941],[-82.37339,33.9301],[-82.37338224661028,33.93215464827692],[-82.371536002,33.9316081117],[-82.3703765358,33.9299523793],[-82.3708218883,33.927426002],[-82.3728879009,33.926011954],[-82.3795055809,33.9259985568],[-82.3777540899,33.9231570909],[-82.37756822966803,33.92087759827488],[-82.38042,33.91971],[-82.3836789743594,33.919190249778886],[-82.386037419,33.926880435],[-82.3855792411,33.9298495009],[-82.3938253396,33.9314805435],[-82.39575612967663,33.933298126113485],[-82.3948495532,33.9366720029],[-82.391006123,33.9368934947],[-82.3941749812,33.9403809445],[-82.3945512932,33.9442641352],[-82.3927819719,33.9463102091],[-82.3938596419,33.9478131107],[-82.3943606118,33.9519200965],[-82.3969742024,33.9560935818]]]},"properties":{"flat_pct":82}},{"type":"Feature","geometry":{"type":"Polygon","coordinates":[[[-82.3805775122,33.9683996482],[-82.3805314755,33.9739143946],[-82.376030901,33.9782288628],[-82.3768299021,33.9802457636],[-82.3760948630285,33.987596788759724],[-82.3718,33.98914],[-82.37235,33.99375],[-82.3748,33.99397],[-82.37648329389293,33.99213151113199],[-82.3764026998,33.9947309737],[-82.374817232,33.9963607518],[-82.3704565505,33.9973762079],[-82.368737488,34.0002284112],[-82.3648870318,34.0033300744],[-82.3638596754,34.0063463384],[-82.3645275183,34.0095454668],[-82.3628721847,34.0123166496],[-82.3636670433,34.0167916331],[-82.3621124756,34.0184814252],[-82.35981287550632,34.01857472073156],[-82.3563565626,34.0147223894],[-82.3541356481,34.0145467534],[-82.3523836921,34.0129308588],[-82.3516270954,34.0089660446],[-82.3541987777,34.0068451608],[-82.3581793112,34.008284104],[-82.3576641677,34.0061819219],[-82.358833709,34.0004519576],[-82.3642957502,33.9960476275],[-82.3667482908,33.9923090402],[-82.3703608193,33.991254252],[-82.3704785812,33.9809836168],[-82.3694510507,33.9780689119],[-82.3743032479,33.9706898794],[-82.3742225197,33.9680612089],[-82.3751895357,33.9664851053],[-82.3705568342,33.9689580256],[-82.3673272249,33.9690756356],[-82.3644728026,33.9678302666],[-82.3622031838,33.9697589336],[-82.362816852,33.9722711221],[-82.3647490226,33.9735962947],[-82.3665699706,33.9779032855],[-82.3639858101,33.9828028219],[-82.3638415381,33.9865944891],[-82.3612630396,33.9882874758],[-82.35893411074703,33.98745825708715],[-82.35883,33.98405],[-82.36301,33.97876],[-82.36471,33.9783],[-82.36084,33.9755],[-82.3553515319726,33.981377030538376],[-82.3465080289579,33.981492578659136],[-82.3500018529,33.9785362661],[-82.3516254393,33.9751727327],[-82.3566164525,33.9734610215],[-82.3559209313,33.9693634058],[-82.3482244249,33.9636855764],[-82.3480352707,33.9681658035],[-82.3448796442,33.9696922303],[-82.3427641676,33.9694622731],[-82.3426282372,33.9729006627],[-82.3398272016,33.974192583],[-82.337639651,33.9728526041],[-82.33671253944516,33.97127955549267],[-82.3383,33.96987],[-82.33494,33.96633],[-82.34542,33.95918],[-82.34805,33.95927],[-82.35015,33.95656],[-82.3536386698,33.9607405619],[-82.36569,33.96834],[-82.36967,33.96731],[-82.37241,33.9618],[-82.38134,33.96312],[-82.38405511605812,33.95847486168369],[-82.3855309713,33.9602062107],[-82.3854762203,33.9622268082],[-82.3830950698,33.9656252249],[-82.3793254324334,33.96670631203273],[-82.3805775122,33.9683996482]]]},"properties":{"flat_pct":93}},{"type":"Feature","geometry":{"type":"Polygon","coordinates":[[[-82.33957,33.98415],[-82.3428885594,33.9735495734],[-82.3446989925,33.9726506051],[-82.3466687756,33.9731042198],[-82.3482832471,33.9765711759],[-82.34624967120817,33.98168191087324],[-82.34955,33.98445],[-82.34320455363691,33.98876530620559],[-82.33957,33.98415]],[[-82.34418,33.97715],[-82.34376,33.97715],[-82.34376,33.97748],[-82.34418,33.97715]]]},"properties":{"flat_pct":83}},{"type":"Feature","geometry":{"type":"Polygon","coordinates":[[[-82.3307128668,33.9924614761],[-82.3198913167,33.9922560499],[-82.318301143,33.991008188],[-82.31846939903333,33.98614438836369],[-82.32367,33.98247],[-82.32375224593108,33.979492893002636],[-82.3269751798,33.9819097838],[-82.3261015892,33.979312366],[-82.3270511917,33.976668744],[-82.3288627001,33.9752578878],[-82.3308784154,33.9754085654],[-82.3324600368,33.9770730628],[-82.33204,33.97945],[-82.3332988426,33.9814847724],[-82.33254196413822,33.985318867252374],[-82.3349175298183,33.98492374075484],[-82.33478,33.98579],[-82.32846,33.98568],[-82.33437843170047,33.991085811631926],[-82.3307128668,33.9924614761]],[[-82.3244761458,33.9860126315],[-82.324464479,33.9863976366],[-82.3244930355,33.9860035564],[-82.3244761458,33.9860126315]],[[-82.32737,33.99143],[-82.3265,33.99149],[-82.32712,33.99186],[-82.32737,33.99143]]]},"properties":{"flat_pct":85}},{"type":"Feature","geometry":{"type":"Polygon","coordinates":[[[-82.38304909744812,33.98620127076526],[-82.3881890356,33.9909392738],[-82.39194791504869,33.992400380971766],[-82.39018,33.99434],[-82.39129,33.99488],[-82.38911297112534,33.99762660038257],[-82.3871612274,33.9980524374],[-82.3834,34.0022],[-82.37973,34.00031],[-82.37897,34.00137],[-82.38435,34.00452],[-82.3837,34.00557],[-82.38726164178667,34.00733654577594],[-82.3861727807,34.0091716054],[-82.3842581063,34.0098195511],[-82.3813957231,34.0084983597],[-82.3759713631,34.0014604262],[-82.3777217123,33.9980313353],[-82.3810299431,33.9964657724],[-82.382858994,33.9936947621],[-82.38024409226237,33.99033330158051],[-82.38366,33.9887],[-82.38304909744812,33.98620127076526]]]},"properties":{"flat_pct":97}},{"type":"Feature","geometry":{"type":"Polygon","coordinates":[[[-82.2910297758,34.0060086295],[-82.2887174593,34.0076374106],[-82.2862815442,34.0068328991],[-82.2819944622,34.0016368432],[-82.2824418579,33.9983335819],[-82.2856648843,33.9974828182],[-82.2900264181,34.0010318579],[-82.29103199066479,34.00291153600132],[-82.2910297758,34.0060086295]]]},"properties":{"flat_pct":100}},{"type":"Feature","geometry":{"type":"Polygon","coordinates":[[[-82.31314,34.00145],[-82.31160008732209,34.00128542917946],[-82.31333010665892,33.99887365718847],[-82.32223,34.00041],[-82.32356,34.00465],[-82.31729,34.00735],[-82.31682,34.0118],[-82.31379,34.01103],[-82.31492,34.00891],[-82.31257295193936,34.00771688952296],[-82.3135521137,34.0053257661],[-82.31282405452077,34.0050078208313],[-82.31314,34.00145]]]},"properties":{"flat_pct":83}},{"type":"Feature","geometry":{"type":"Polygon","coordinates":[[[-82.3294650485,34.0086233701],[-82.32639366880268,34.008778472497866],[-82.32566,34.00578],[-82.33149297058478,34.00642069242121],[-82.3294650485,34.0086233701]]]},"properties":{"flat_pct":100}},{"type":"Feature","geometry":{"type":"Polygon","coordinates":[[[-82.367056044,34.0077978501],[-82.3670810065,34.0055018852],[-82.3687221499,34.003896044],[-82.3707420132,34.0038188163],[-82.3735063868,34.0053318706],[-82.3745895392,34.0075874213],[-82.37363624946018,34.0135075443041],[-82.37287,34.01217],[-82.3723,34.01269],[-82.36995,34.01092],[-82.36825,34.01205],[-82.37058764021563,34.014972050269535],[-82.3691220268,34.0143168114],[-82.368093961,34.01257644],[-82.368041627,34.0090767556],[-82.367056044,34.0077978501]]]},"properties":{"flat_pct":88}},{"type":"Feature","geometry":{"type":"Polygon","coordinates":[[[-82.32196802,34.0224790341],[-82.3159366852,34.0228755532],[-82.3120930472,34.0199271571],[-82.3084300818,34.0197371279],[-82.3067843723,34.0181359663],[-82.3067528721,34.0158400818],[-82.30786019453184,34.0144657287871],[-82.30909,34.01599],[-82.3093,34.01453],[-82.3134,34.01528],[-82.31601,34.01729],[-82.32286,34.01802],[-82.32269,34.01669],[-82.32748,34.01547],[-82.33013947335067,34.01844607732099],[-82.32196802,34.0224790341]]]},"properties":{"flat_pct":83}},{"type":"Feature","geometry":{"type":"Polygon","coordinates":[[[-82.2838619,34.0165431457],[-82.2849894637,34.0148655248],[-82.2871075673619,34.014302472270444],[-82.2932332212,34.0171840962],[-82.29417954919434,34.02110358156977],[-82.29206,34.02147],[-82.29186388286537,34.02349938600186],[-82.285156024,34.0249201527],[-82.278650282,34.0281271227],[-82.2763824569,34.0277678914],[-82.2755660575807,34.02338873841808],[-82.27932,34.02402],[-82.2797,34.0227],[-82.2823,34.02136],[-82.28314922124902,34.01921623416407],[-82.2842471535,34.018897388],[-82.2838619,34.0165431457]]]},"properties":{"flat_pct":94}},{"type":"Feature","geometry":{"type":"Polygon","coordinates":[[[-82.31240461193165,34.026618675547844],[-82.3261902476,34.0229951337],[-82.3279552666,34.0244637337],[-82.3281648663,34.0267502476],[-82.3269498045,34.0283656227],[-82.3207120213,34.031235183],[-82.3132818651,34.0324799452],[-82.3109695063,34.0313691266],[-82.31240461193165,34.026618675547844]]]},"properties":{"flat_pct":79}},{"type":"Feature","geometry":{"type":"Polygon","coordinates":[[[-82.3551069759,34.0253150604],[-82.3525255152,34.0263216336],[-82.3526883055,34.0297060643],[-82.3506937871,34.0317769681],[-82.35057374468064,34.033667336732975],[-82.34863629882112,34.036595896660096],[-82.34572,34.03583],[-82.3450038318274,34.03720963132819],[-82.3442750104,34.0369705779],[-82.339401981,34.0335617415],[-82.3391373698,34.0315577972],[-82.3402041115,34.0298408597],[-82.344853706,34.029627784],[-82.346613349,34.0273587917],[-82.3465413742,34.0247156655],[-82.3487413121,34.0212538654],[-82.35479338744247,34.018512646247906],[-82.35637,34.02103],[-82.35972,34.02252],[-82.35996,34.02412],[-82.3647581413,34.0238929216],[-82.3701048446,34.0256071989],[-82.37005426035141,34.02430674944557],[-82.37446,34.02259],[-82.37591666443467,34.02397253392909],[-82.3762510659,34.0264086234],[-82.3797845905,34.0304400378],[-82.38208185998828,34.03630978768435],[-82.3786,34.03824],[-82.3773,34.03462],[-82.37537,34.03559],[-82.3754873529252,34.03668189243445],[-82.3742803551,34.033204719],[-82.3720717696,34.0307359598],[-82.37067904073206,34.03881574403168],[-82.36649,34.03974],[-82.36514205347041,34.03821423924735],[-82.36522553958417,34.03536599013025],[-82.36838,34.02966],[-82.3597973402,34.0302633874],[-82.3578505233,34.0285928112],[-82.3578979874,34.0260482297],[-82.3551069759,34.0253150604]],[[-82.34664,34.02988],[-82.34609,34.03003],[-82.34668,34.03032],[-82.34664,34.02988]]]},"properties":{"flat_pct":89}},{"type":"Feature","geometry":{"type":"Polygon","coordinates":[[[-82.32109072305168,34.04372111632717],[-82.31453271143828,34.04034569328887],[-82.3164585386,34.0380003438],[-82.3192153429,34.0371018261],[-82.3221717639,34.0377909433],[-82.322994116,34.0345136055],[-82.3257276082,34.0309561406],[-82.3289520855,34.0297307688],[-82.3314760383,34.0310072476],[-82.33199937372743,34.03305275606537],[-82.33063,34.03656],[-82.329,34.03798],[-82.33204046612722,34.03934600652093],[-82.3279614565,34.0414594551],[-82.3272660497364,34.04294272837414],[-82.32277,34.04108],[-82.32109072305168,34.04372111632717]],[[-82.32866,34.03793],[-82.32767,34.03837],[-82.32883,34.03889],[-82.32866,34.03793]]]},"properties":{"flat_pct":88}},{"type":"Feature","geometry":{"type":"Polygon","coordinates":[[[-82.2612872567,34.0461562419],[-82.2646001982,34.0456660802],[-82.2728321895,34.0479100795],[-82.2744533506,34.0495360915],[-82.2744499205,34.0518321895],[-82.27383284412134,34.05276632155361],[-82.26915810240824,34.05344156865627],[-82.2642659695,34.0517057323],[-82.2605434452,34.0521427168],[-82.2539723961,34.0500598036],[-82.2505160121,34.0469887031],[-82.2504892707,34.0491694487],[-82.2491418907,34.0506762263],[-82.24807673804209,34.051015340281154],[-82.24818,34.05021],[-82.2462,34.04915],[-82.24979,34.04536],[-82.25136028948975,34.040880461191605],[-82.2560779246,34.0432997428],[-82.2574329882,34.0450060631],[-82.2612872567,34.0461562419]]]},"properties":{"flat_pct":83}},{"type":"Feature","geometry":{"type":"Polygon","coordinates":[[[-82.34393848890774,34.053716989781364],[-82.34051134871302,34.05239737263695],[-82.34256,34.04965],[-82.34013905161288,34.04862960026659],[-82.3381043219,34.0457090908],[-82.33854706946563,34.04217239004013],[-82.34637,34.04575],[-82.34426,34.05029],[-82.34650680998648,34.051698999855134],[-82.34393848890774,34.053716989781364]]]},"properties":{"flat_pct":80}},{"type":"Feature","geometry":{"type":"Polygon","coordinates":[[[-82.361310903,34.0611017519],[-82.3613268469,34.0631544582],[-82.35990419329424,34.06506224083914],[-82.35582,34.06306],[-82.3554987640873,34.06370247182539],[-82.3537010865,34.0613269907],[-82.3495356033,34.0604074864],[-82.34814262729725,34.058214628844155],[-82.34898611545513,34.05575530192601],[-82.3504389928,34.0549383174],[-82.3576130894,34.0558918687],[-82.36338,34.05477],[-82.36591524735255,34.05739109094236],[-82.361310903,34.0611017519]]]},"properties":{"flat_pct":81}},{"type":"Feature","geometry":{"type":"Polygon","coordinates":[[[-82.36359,34.06792],[-82.36771,34.06434],[-82.36843,34.0629],[-82.36633196121458,34.0614687108286],[-82.36916,34.05904],[-82.37013,34.06146],[-82.36859,34.06314],[-82.37013223075948,34.0663465736319],[-82.3651323115,34.0716449949],[-82.36206996003929,34.07338648734578],[-82.35943393321591,34.06750241205867],[-82.36157505574339,34.06672820879013],[-82.36028,34.06901],[-82.36414,34.06859],[-82.36359,34.06792]]]},"properties":{"flat_pct":82}},{"type":"Feature","geometry":{"type":"Polygon","coordinates":[[[-82.35748594350497,34.076047301890036],[-82.3393333478,34.0791802978],[-82.3388794569,34.0830214692],[-82.3416513268,34.0825394806],[-82.3489272464,34.0852748557],[-82.3561518264,34.0851207017],[-82.3580550794,34.0860045143],[-82.3643975537,34.0814678939],[-82.3707624673,34.0791164554],[-82.37690386934358,34.07936919208079],[-82.3827444501,34.0767947832],[-82.38546036918072,34.07453388713886],[-82.38537,34.07909],[-82.38445,34.07957],[-82.38707884973391,34.08099346463721],[-82.3785304275,34.0851839632],[-82.372043419,34.0849985866],[-82.3669514721,34.0870231173],[-82.3635771148,34.0900981195],[-82.3592596701,34.0920339435],[-82.35695581740077,34.0946127816008],[-82.3600500478,34.096170741],[-82.3608354656,34.0997630826],[-82.3644819257,34.1041090325],[-82.36515126777286,34.10891607503933],[-82.3618,34.11048],[-82.36363529811237,34.11212175758416],[-82.3628669798,34.1124149167],[-82.3599348658,34.1114570199],[-82.3587814272,34.1063755531],[-82.3568771881,34.105416281],[-82.355952721,34.103713331],[-82.3527398149,34.1037881086],[-82.3510216917,34.1018469583],[-82.3479045461774,34.105598725089244],[-82.34808,34.10315],[-82.34324231984242,34.101295708933904],[-82.3480520424,34.0957336168],[-82.348026469,34.0937181302],[-82.3495368477,34.0914119275],[-82.3434171679,34.0890451593],[-82.3384552062,34.0892312603],[-82.3356025762,34.0881424408],[-82.33090354,34.0919824459],[-82.33084975607906,34.09466019660049],[-82.32490198395543,34.092129787654116],[-82.3259788323,34.088539355],[-82.32793382241255,34.086045057270205],[-82.32962,34.0856],[-82.329817284,34.0805434113],[-82.33284410097824,34.07958719969411],[-82.3340453484,34.0759669846],[-82.3363970218,34.0738778709],[-82.3430367672,34.0721019977],[-82.3381661263,34.0700791728],[-82.3362729806,34.0673183016],[-82.3359050588,34.0640516422],[-82.3328965732,34.0566870132],[-82.3342583332,34.0517896335],[-82.33734008952565,34.05141496163883],[-82.33895990709945,34.05322432686041],[-82.3389227372,34.0558810395],[-82.3426434534,34.0658788997],[-82.3569837466,34.0698839537],[-82.35878023484818,34.06811491197225],[-82.35954,34.06994],[-82.35603,34.07296],[-82.35748594350497,34.076047301890036]],[[-82.37739,34.08156],[-82.37673,34.08198],[-82.37679,34.08247],[-82.37745,34.08223],[-82.37739,34.08156]],[[-82.37657,34.08431],[-82.37552,34.08343],[-82.37566,34.08482],[-82.37657,34.08431]]]},"properties":{"flat_pct":81}},{"type":"Feature","geometry":{"type":"Polygon","coordinates":[[[-82.2702270799,34.0850674048],[-82.2725432952,34.0877895405],[-82.2706202129795,34.09079208996507],[-82.27111,34.08995],[-82.2623045159,34.0881557426],[-82.25136,34.08829],[-82.25294,34.08343],[-82.25555,34.08317],[-82.25277,34.08272],[-82.2544079834,34.0822319228],[-82.2636949635,34.0822116298],[-82.2702270799,34.0850674048]]]},"properties":{"flat_pct":96}},{"type":"Feature","geometry":{"type":"Polygon","coordinates":[[[-82.2841075465,34.0904533086],[-82.2867230673,34.0903517953],[-82.2897133933,34.0929168989],[-82.2903515118,34.0951225468],[-82.2892431011,34.0971333933],[-82.2870374532,34.0977715118],[-82.2844901205,34.0968182425],[-82.28432637233163,34.098675997259775],[-82.28222,34.09701],[-82.27978,34.0987],[-82.27573,34.09444],[-82.27543,34.092],[-82.27430630862824,34.09207288808898],[-82.2756059242,34.0905971279],[-82.2775981125,34.0902550788],[-82.2816262182,34.0934044882],[-82.2841075465,34.0904533086]]]},"properties":{"flat_pct":100}},{"type":"Feature","geometry":{"type":"Polygon","coordinates":[[[-82.382958467,34.087691199],[-82.3964578498,34.0903648091],[-82.3999348137,34.0943360139],[-82.4045392909,34.0961468037],[-82.4053998914,34.0982755227],[-82.4045031963,34.1003892909],[-82.4020805594,34.1012329445],[-82.3971469176,34.0997021576],[-82.3929462779,34.0957174401],[-82.38585,34.09157],[-82.38397027396758,34.093929779142236],[-82.379260449,34.0952903485],[-82.3773088126,34.0947641099],[-82.3760676189,34.0928323966],[-82.3771587253,34.0899472024],[-82.382958467,34.087691199]]]},"properties":{"flat_pct":96}},{"type":"Feature","geometry":{"type":"Polygon","coordinates":[[[-82.3373340455,34.1107823258],[-82.3327814078,34.1127925412],[-82.3303092599,34.1152898353],[-82.3280730394,34.1147688786],[-82.3268601647,34.1128192599],[-82.32731485788766,34.109094818537294],[-82.32919022422547,34.1073450222684],[-82.33298465407194,34.106512067164466],[-82.33515,34.1077],[-82.34374280311178,34.10679335778191],[-82.3437754514,34.1086583626],[-82.3425614526,34.1102745367],[-82.3400235806,34.1112200951],[-82.3373340455,34.1107823258]]]},"properties":{"flat_pct":86}},{"type":"Feature","geometry":{"type":"Polygon","coordinates":[[[-82.343306501,34.1245030824],[-82.3437998874243,34.127670151850346],[-82.34019,34.12532],[-82.33463591616331,34.123668972590835],[-82.3357374984,34.1220443945],[-82.3376704775,34.1214532908],[-82.343306501,34.1245030824]]]},"properties":{"flat_pct":76}},{"type":"Feature","geometry":{"type":"Polygon","coordinates":[[[-82.3212699869,34.1378298501],[-82.3165349636,34.1365361139],[-82.318837424,34.1393008116],[-82.3177725662,34.1421957963],[-82.3117140855,34.1426608693],[-82.3079265959,34.1477381857],[-82.3049553301,34.1489151505],[-82.3009536511,34.1489639164],[-82.2983613148,34.1503190013],[-82.2896703661,34.1569483388],[-82.2907609662,34.1605674025],[-82.2889571272,34.1639306301],[-82.2851922494,34.1657646404],[-82.2818790713,34.1661097209],[-82.2775621456,34.1695664297],[-82.274739152,34.1689518042],[-82.2708506671,34.1638145997],[-82.2660498871,34.1610199851],[-82.2619061011,34.1601417332],[-82.2604099712,34.1583199011],[-82.2609151389,34.1530936341],[-82.2634788147,34.1505126323],[-82.2663071933,34.1505158436],[-82.2677618079,34.152292406],[-82.2678374016,34.1552537925],[-82.27501623970427,34.15947663137812],[-82.27238,34.16122],[-82.27656,34.16661],[-82.27985,34.16382],[-82.27995,34.16068],[-82.284279348,34.1596130745],[-82.2836730898,34.1548643255],[-82.2876454439,34.1505422489],[-82.2984902374,34.1434813237],[-82.3043532916,34.1427631563],[-82.3100573109,34.1341469552],[-82.3044090817,34.1344094054],[-82.29071115848276,34.13102043488439],[-82.29714495682022,34.12618277978521],[-82.305272007,34.1283800209],[-82.3106657351,34.1280717888],[-82.3135084446,34.1289983709],[-82.3150004392,34.1305552277],[-82.3173281564,34.1287751084],[-82.3110497561,34.1146326524],[-82.3055423824,34.115635008],[-82.2927694726,34.111379012],[-82.2873519577,34.111264798],[-82.281061596,34.1097327128],[-82.2762020142653,34.105765934894585],[-82.28107,34.10672],[-82.28786770181229,34.10523159392857],[-82.2943722971,34.1055466207],[-82.2981743055,34.1017344844],[-82.299879983,34.0969538842],[-82.3027264298,34.0957411228],[-82.2984359522,34.0934019898],[-82.2980954933,34.0914095292],[-82.2990963186,34.0896533514],[-82.3015704708,34.0889754933],[-82.3052258964,34.0896474702],[-82.3067765579,34.0910459366],[-82.3121464017,34.0917399322],[-82.3087004363,34.0879209],[-82.3088208193,34.0847965257],[-82.3110554744,34.0830627286],[-82.313525934,34.0837539234],[-82.31843528995508,34.08950241494831],[-82.31332,34.09147],[-82.31392,34.09283],[-82.30857,34.0945],[-82.30944412908237,34.097214400834716],[-82.3075757003,34.09705435],[-82.3073515424,34.1001391443],[-82.3045113885,34.1015216071],[-82.3033289674,34.1050237918],[-82.3001351505,34.1080334825],[-82.3061120935,34.10946665],[-82.3109135611,34.1080900512],[-82.3158963338,34.110776579],[-82.32484388806901,34.12996001622336],[-82.32424,34.13155],[-82.32604,34.13492],[-82.32499,34.13651],[-82.3212699869,34.1378298501]]]},"properties":{"flat_pct":85}},{"type":"Feature","geometry":{"type":"Polygon","coordinates":[[[-82.2760162529,34.1301601923],[-82.27764663890615,34.13148352384684],[-82.27463,34.1325],[-82.27323,34.13122],[-82.27288,34.12866],[-82.27585,34.12647],[-82.26913835104855,34.120848439452374],[-82.2729319106,34.1231245752],[-82.2785491493,34.1244182427],[-82.28344813618442,34.12396934656068],[-82.28124,34.12429],[-82.27686,34.12695],[-82.28048584461709,34.130168862058035],[-82.2760162529,34.1301601923]]]},"properties":{"flat_pct":93}},{"type":"Feature","geometry":{"type":"Polygon","coordinates":[[[-82.33593594035665,34.12773518128253],[-82.33689,34.12732],[-82.3396200390079,34.12969322539896],[-82.3378777516,34.1294029777],[-82.33593594035665,34.12773518128253]]]},"properties":{}},{"type":"Feature","geometry":{"type":"Polygon","coordinates":[[[-82.2755318299,34.1403907673],[-82.2724901303,34.1418460778],[-82.2706827463395,34.14085493450953],[-82.2699642504,34.139260676],[-82.27068361910057,34.1353967227358],[-82.27139,34.13602],[-82.27463,34.1325],[-82.27755548766955,34.13537556467177],[-82.2755318299,34.1403907673]]]},"properties":{"flat_pct":97}},{"type":"Feature","geometry":{"type":"Polygon","coordinates":[[[-82.2717383797,34.1786410432],[-82.2733006357,34.1763727073],[-82.27506016998005,34.175677723162636],[-82.27342,34.17634],[-82.27867890169499,34.17877322317231],[-82.2786773633,34.1796413107],[-82.2774961889,34.1816102965],[-82.27501651256097,34.182214526493695],[-82.27219940097167,34.18091282665588],[-82.2717383797,34.1786410432]]]},"properties":{"flat_pct":100}},{"type":"Feature","geometry":{"type":"Polygon","coordinates":[[[-82.3005154008471,34.173056440998934],[-82.30333646640345,34.17229260573415],[-82.3055421053,34.1745653673],[-82.3043204695,34.1815768312],[-82.3022280259,34.1839274855],[-82.2986395236,34.1847080407],[-82.296490605721,34.186541637603895],[-82.293952094,34.1864037743],[-82.2924979583,34.1846268198],[-82.2927262257,34.182342094],[-82.2962500032,34.1791260051],[-82.2986252637,34.1787016203],[-82.3005154008471,34.173056440998934]]]},"properties":{"flat_pct":87}},{"type":"Feature","geometry":{"type":"Polygon","coordinates":[[[-82.2806329859,34.1811267406],[-82.2831807459,34.1814264734],[-82.2845653311,34.183586067],[-82.2838735266,34.1871107459],[-82.281713933,34.1884953311],[-82.2797392541,34.1880635266],[-82.27964,34.18672],[-82.27851515172729,34.1865494539918],[-82.2794,34.18424],[-82.2787850074,34.1829060373],[-82.2806329859,34.1811267406]]]},"properties":{"flat_pct":88}},{"type":"Feature","geometry":{"type":"Polygon","coordinates":[[[-82.30336469050116,34.206750534134734],[-82.29662507140227,34.20594466117635],[-82.2985021661,34.2029796259],[-82.2974797767928,34.199342342341836],[-82.29969,34.19788],[-82.29144,34.19666],[-82.2910764419981,34.197296805417324],[-82.2857250751,34.1890541411],[-82.2866974538,34.1856147581],[-82.2886202601,34.1849913581],[-82.2905020903,34.1857292789],[-82.29209894592948,34.18740417659477],[-82.29044,34.18773],[-82.295227336,34.1927234675],[-82.3021798462,34.1945647472],[-82.30321696583759,34.196383618646344],[-82.30144,34.19725],[-82.30148,34.19819],[-82.30788,34.199],[-82.30566,34.20244],[-82.30721627752129,34.202574548488876],[-82.3043698002,34.2043463115],[-82.30336469050116,34.206750534134734]],[[-82.29252,34.19297],[-82.29312,34.19393],[-82.29377,34.1931],[-82.29252,34.19297]],[[-82.28657,34.18812],[-82.2868,34.18899],[-82.28825,34.18893],[-82.28824,34.18799],[-82.28657,34.18812]]]},"properties":{"flat_pct":78}},{"type":"Feature","geometry":{"type":"Polygon","coordinates":[[[-82.2988474998,34.2154230959],[-82.29673441542171,34.21534498428139],[-82.29756,34.21339],[-82.29489568703465,34.21272509237068],[-82.29555161953053,34.20973566979957],[-82.30165258758119,34.210159674865274],[-82.300577427,34.2139133178],[-82.2988474998,34.2154230959]]]},"properties":{"flat_pct":100}},{"type":"Feature","geometry":{"type":"Polygon","coordinates":[[[-82.0601673994,33.5835822804],[-82.05689081846707,33.596307367210954],[-82.05385,33.59512],[-82.05635,33.58564],[-82.05493,33.58532],[-82.0515495048,33.5774934629],[-82.05030244316933,33.57779586582611],[-82.04968,33.57693],[-82.04965,33.57591],[-82.05095,33.57662],[-82.04922,33.57412],[-82.04955119083117,33.571698757397535],[-82.05158122521365,33.570608741757255],[-82.0611,33.57508],[-82.06031,33.57648],[-82.06123429454534,33.57833765080193],[-82.0599756474,33.5806615602],[-82.0601673994,33.5835822804]]]},"properties":{"flat_pct":51}},{"type":"Feature","geometry":{"type":"Polygon","coordinates":[[[-82.0896900026,33.605357081],[-82.08010676744583,33.611523744070794],[-82.08018,33.6094],[-82.07607209131967,33.60675499205222],[-82.0750740329,33.6050806195],[-82.07320798997024,33.598191230868295],[-82.0762,33.59769],[-82.07577,33.59641],[-82.0778,33.59394],[-82.07724,33.59133],[-82.07477519295261,33.59073918482759],[-82.07307211317848,33.588608129817715],[-82.07807,33.58246],[-82.0809727850948,33.583696982284714],[-82.080213703,33.5865954968],[-82.0850771296,33.5859700279],[-82.0874246917,33.5883365972],[-82.0871200404,33.5903348463],[-82.0852914838,33.5921012129],[-82.0805948125,33.5933654021],[-82.0791384865,33.596953024],[-82.0807687263,33.6016521091],[-82.0822645923,33.6029592397],[-82.0844692241,33.6017739726],[-82.0839752653,33.5972013626],[-82.085380343,33.5945047238],[-82.0892336867,33.5926215464],[-82.0920633524,33.5943835596],[-82.0920198017,33.5969485204],[-82.0900997799,33.5986390711],[-82.0906746476,33.6033091244],[-82.0896900026,33.605357081]]]},"properties":{"flat_pct":53}},{"type":"Feature","geometry":{"type":"Polygon","coordinates":[[[-82.11524,33.59906],[-82.11498,33.59804],[-82.11744,33.59742],[-82.1211767962,33.6100952393],[-82.1188840804,33.6102198664],[-82.1171747607,33.6086867962],[-82.1154406847,33.6021464852],[-82.11449029413532,33.60004395256442],[-82.11577,33.5997],[-82.11637,33.60138],[-82.11805,33.60032],[-82.1171,33.59901],[-82.11524,33.59906]]]},"properties":{"flat_pct":89}},{"type":"Feature","geometry":{"type":"Polygon","coordinates":[[[-82.1209917016,33.6441807552],[-82.1187260254,33.6466267896],[-82.1219563684,33.6463542303],[-82.12363435916558,33.64889791682568],[-82.12057,33.64912],[-82.12035857819177,33.652478264042124],[-82.1142374997,33.6541271861],[-82.1124167218,33.653129155],[-82.1112923925,33.6509044307],[-82.1110253372,33.6464834834],[-82.1067125574,33.6447420378],[-82.1054387948,33.6432338946],[-82.103830133,33.6347238209],[-82.1069938702,33.6318499436],[-82.1104608572,33.6312700918],[-82.112359346,33.6282374838],[-82.1116271469,33.624471753],[-82.1097704412,33.6239560372],[-82.1051858252,33.6272206713],[-82.1053137421,33.6304732103],[-82.1001222512,33.6375899498],[-82.09943566486272,33.637909918069795],[-82.0989,33.63678],[-82.09576790182703,33.63384412966437],[-82.0993078396,33.6286888482],[-82.09900897986601,33.62629415158012],[-82.106398626,33.6181887797],[-82.1085240334,33.6173200328],[-82.1112625021,33.6183963374],[-82.109357035,33.6142218448],[-82.1104274877,33.6075974511],[-82.1092006925,33.6043955427],[-82.1099223953,33.6025074333],[-82.1116780829,33.6015057484],[-82.1143664089,33.6023847476],[-82.1164099734,33.6061628978],[-82.1161342146,33.6123387006],[-82.1187593755,33.6202587901],[-82.1176550088,33.6229980494],[-82.1183316223361,33.62661532338338],[-82.11653,33.62906],[-82.118072907,33.6307022148],[-82.1156333056,33.6347218785],[-82.1132330978,33.6368124454],[-82.1105269344,33.63729544],[-82.1105747318,33.638427009],[-82.1132283087,33.640788875],[-82.115929278,33.640482277],[-82.1170560091,33.6376976468],[-82.1192533288,33.6363426178],[-82.1198850394,33.6336243533],[-82.12183012767488,33.63225807086556],[-82.12301,33.63297],[-82.12189635840406,33.64173219063931],[-82.1209917016,33.6441807552]]]},"properties":{"flat_pct":51}},{"type":"Feature","geometry":{"type":"Polygon","coordinates":[[[-82.0961502608,33.6369124662],[-82.09562438239305,33.63425263780468],[-82.0989260754688,33.638027642278075],[-82.0973021424,33.6378061027],[-82.0961502608,33.6369124662]]]},"properties":{}},{"type":"Feature","geometry":{"type":"Polygon","coordinates":[[[-82.0932130498,33.6519578062],[-82.08914,33.64457],[-82.0871836607,33.6452454671],[-82.08238734258578,33.64130430930414],[-82.0813352409725,33.63503738092825],[-82.08664992459445,33.63263519675506],[-82.0876777107,33.634382325],[-82.0877106567,33.6379863971],[-82.0898542739,33.6398132794],[-82.0912953799,33.6402698367],[-82.095061632,33.6381729427],[-82.0974724317,33.6390498495],[-82.0982792416,33.6417607154],[-82.0960560925,33.6446137181],[-82.0978686085,33.6478826048],[-82.1011439287,33.6498751188],[-82.1052815003,33.6567457636],[-82.1078087654,33.6580411421],[-82.1078789464,33.6613738246],[-82.10663204152469,33.662468983768484],[-82.10303,33.66107],[-82.10169,33.65904],[-82.09987505040269,33.65936028522305],[-82.0964239224,33.6538978065],[-82.0932130498,33.6519578062]]]},"properties":{"flat_pct":68}},{"type":"Feature","geometry":{"type":"Polygon","coordinates":[[[-82.0355732111,33.6946042821],[-82.0319723839,33.6978740182],[-82.0287644861,33.6970921103],[-82.0244690047,33.7002866687],[-82.0205117445,33.7052750277],[-82.0133681597,33.7046216546],[-82.01136166351046,33.70286709246111],[-82.02062,33.69861],[-82.02319,33.69177],[-82.02043528484266,33.6906002506139],[-82.0219546809,33.6861330199],[-82.0239038535,33.6841891118],[-82.0280957473,33.6829869427],[-82.0291577298,33.6803196299],[-82.0315464883,33.6794530378],[-82.031439008,33.6774692434],[-82.0307519647,33.6758880081],[-82.0230055229,33.6750301771],[-82.0205397344,33.6738216587],[-82.01947,33.67261],[-82.0212,33.67007],[-82.01678115276765,33.6706567600021],[-82.0162883322,33.6695054288],[-82.01547303765655,33.670830459065456],[-82.0095516490248,33.671616735173984],[-82.0093371855,33.6678147927],[-82.0123715922,33.66486048],[-82.0187429848,33.6622307738],[-82.0208904111,33.660356905],[-82.0169112613,33.6579494708],[-82.0167080851,33.6559383688],[-82.0178268573,33.6542548723],[-82.022718095,33.6538622146],[-82.0258669442,33.6562811824],[-82.0307903872,33.6532513269],[-82.0314468238,33.6514190548],[-82.03309302603571,33.650268452474926],[-82.03428,33.65138],[-82.03471,33.65342],[-82.03399,33.65403],[-82.03501,33.65454],[-82.0356460795591,33.657109192856026],[-82.0305047914,33.6602616899],[-82.0268440209,33.6642585179],[-82.022910595,33.6665572489],[-82.0228659052,33.6675205945],[-82.0245794939,33.6692193364],[-82.0312009385,33.669586008],[-82.0306786363,33.6642963368],[-82.0328233882,33.6610022354],[-82.035637025,33.6607138202],[-82.0374999763,33.6634780762],[-82.0365172723,33.6660913914],[-82.0372462357,33.6699888273],[-82.0356854794,33.6721863105],[-82.0360632307,33.6730557078],[-82.038383834,33.6722699256],[-82.0440984326,33.673622281],[-82.0433,33.67536],[-82.04598186527117,33.67659192734273],[-82.0451413377,33.6785008721],[-82.04341330720175,33.67937692798243],[-82.0405420004,33.6795618118],[-82.0387373029,33.6785166961],[-82.0379326176,33.6823264599],[-82.0360714713,33.6831150956],[-82.0342704612,33.682634608],[-82.0339173771,33.6850792921],[-82.0320406527,33.687669644],[-82.0275049403,33.6893629148],[-82.0269575676,33.6910822679],[-82.0285552955,33.6931166581],[-82.0344133591,33.6873458756],[-82.04001913012061,33.68787602868099],[-82.03907,33.69196],[-82.04177,33.69201],[-82.04183,33.69671],[-82.03728,33.69665],[-82.03721334397078,33.69730954386808],[-82.0355732111,33.6946042821]],[[-82.0339,33.66859],[-82.03313,33.669],[-82.03372,33.66999],[-82.03461,33.66966],[-82.0339,33.66859]]]},"properties":{"flat_pct":74}},{"type":"Feature","geometry":{"type":"Polygon","coordinates":[[[-82.0166503626,33.688996054],[-82.01479,33.69031],[-82.0121498917,33.690117387],[-82.00869506304439,33.686707955810306],[-82.01022,33.68374],[-82.01640868235582,33.68474320371157],[-82.0166503626,33.688996054]]]},"properties":{"flat_pct":54}},{"type":"Feature","geometry":{"type":"Polygon","coordinates":[[[-82.1405447079,33.7185296491],[-82.1381812951,33.7188366744],[-82.1332568016,33.7227218677],[-82.1310227929,33.7221915064],[-82.1298181323,33.7202368016],[-82.1303484936,33.7180027929],[-82.13587,33.71195],[-82.13395196779292,33.71030085081261],[-82.13583528289945,33.70905194422176],[-82.1397808081,33.7106616665],[-82.14013055018232,33.70967440244872],[-82.14219,33.70896],[-82.14344,33.71281],[-82.14533418719026,33.714057722349665],[-82.1405447079,33.7185296491]]]},"properties":{"flat_pct":81}},{"type":"Feature","geometry":{"type":"Polygon","coordinates":[[[-82.0113098561,33.7150193811],[-82.0068602183,33.7248129652],[-82.0052336469,33.7260129974],[-82.00418143158035,33.72613064120698],[-82.00314,33.72317],[-82.00153729574303,33.72216233708558],[-82.0031747965,33.7180483289],[-82.00285668488175,33.7155097434146],[-82.00940156180593,33.7121989066642],[-82.0113098561,33.7150193811]]]},"properties":{"flat_pct":65}},{"type":"Feature","geometry":{"type":"Polygon","coordinates":[[[-82.0494305551,33.7334756512],[-82.0436209001,33.7302504616],[-82.0406356914,33.7338162849],[-82.0385716686,33.7344288882],[-82.0366506562,33.7337999819],[-82.0355351568,33.7319277473],[-82.0331731534,33.7308112623],[-82.0322276756,33.728811905],[-82.0311966797,33.7188970944],[-82.028210744,33.7163674401],[-82.0215800924,33.7132907847],[-82.0156370908,33.7137371251],[-82.00912640500319,33.711045684536586],[-82.00808,33.70741],[-82.00671,33.70662],[-82.00727,33.70368],[-82.00848307041683,33.703155196486335],[-82.0101476864,33.7050888174],[-82.0162181106,33.7077081844],[-82.0237859721,33.7075495922],[-82.02672397052125,33.7093487073154],[-82.02831,33.71207],[-82.03333378788086,33.71319374202598],[-82.0362340224,33.715027706],[-82.0392455024,33.7148395461],[-82.0448143193,33.7166192198],[-82.04366316998508,33.71336938044582],[-82.04936,33.71456],[-82.05076641055236,33.71872364230717],[-82.0456199711,33.7176781479],[-82.0459728341,33.7230908196],[-82.0483163579,33.7264903756],[-82.0530893978,33.7286800783],[-82.05621656984891,33.73176989195101],[-82.05602,33.73466],[-82.05975,33.73434],[-82.05950217390826,33.73961271374499],[-82.0560844854,33.7389576835],[-82.0494305551,33.7334756512]],[[-82.0381989858,33.7243792696],[-82.0399107633,33.7234296633],[-82.0401254867,33.72124153],[-82.0377681248,33.7209084444],[-82.0381989858,33.7243792696]]]},"properties":{"flat_pct":79}},{"type":"Feature","geometry":{"type":"Polygon","coordinates":[[[-82.11683312417229,33.73256144604633],[-82.11526119850122,33.72765640768199],[-82.11766,33.72728],[-82.11612033639625,33.72439217324072],[-82.1174290646,33.7228209978],[-82.11872654772199,33.72217246152439],[-82.12227,33.72469],[-82.1212758295,33.728340612],[-82.12398,33.73145],[-82.1225,33.7338],[-82.11683312417229,33.73256144604633]]]},"properties":{"flat_pct":83}},{"type":"Feature","geometry":{"type":"Polygon","coordinates":[[[-82.0473208414,33.7359672052],[-82.0502990407,33.7351639694],[-82.0524113448,33.737411864],[-82.0497366803,33.7441352079],[-82.05056096259739,33.74958867181373],[-82.04425525704735,33.74764929565943],[-82.0437342829,33.7428054526],[-82.0473208414,33.7359672052]]]},"properties":{"flat_pct":93}},{"type":"Feature","geometry":{"type":"Polygon","coordinates":[[[-82.0402712136,33.7421814855],[-82.0308678913,33.7457654765],[-82.0306082793,33.7477011798],[-82.03212153280221,33.75373513610662],[-82.02683975124371,33.754706701276234],[-82.024544306,33.7481706774],[-82.0256988255,33.7419749964],[-82.0278861952,33.7400141242],[-82.0304064965,33.7396937114],[-82.0324429904,33.7382673885],[-82.0382109025,33.7369213234],[-82.0405614855,33.7379487864],[-82.0412929703,33.7401252533],[-82.0402712136,33.7421814855]]]},"properties":{"flat_pct":98}},{"type":"Feature","geometry":{"type":"Polygon","coordinates":[[[-82.14401937213454,33.77085382251479],[-82.14722225494049,33.77429183003967],[-82.14541,33.7755],[-82.14113947324144,33.776185507549094],[-82.1386098655,33.7743185533],[-82.1327323669,33.7723684994],[-82.1311631076,33.7742375175],[-82.1288735008,33.7744100823],[-82.1268107899,33.7714911613],[-82.12711630875691,33.7702333869959],[-82.13015,33.76983],[-82.12804534257104,33.76812846181133],[-82.12958889292852,33.76463121771566],[-82.13169,33.76451],[-82.13545,33.76215],[-82.13819747525596,33.763019613727806],[-82.1352211232,33.7667296888],[-82.14025108010857,33.7685337416254],[-82.13914,33.77129],[-82.14401937213454,33.77085382251479]]]},"properties":{"flat_pct":100}},{"type":"Feature","geometry":{"type":"Polygon","coordinates":[[[-82.10742,33.77258],[-82.10704851749006,33.77390495428546],[-82.1055921016318,33.77266552070135],[-82.10675,33.77046],[-82.10994,33.77028],[-82.11067,33.77231],[-82.10742,33.77258]]]},"properties":{"flat_pct":88}},{"type":"Feature","geometry":{"type":"Polygon","coordinates":[[[-82.06357304876653,33.77951156179447],[-82.0654999996,33.7823115393],[-82.0640843819,33.7857580053],[-82.0596409561,33.7878885246],[-82.0569166726,33.7871282513],[-82.055990751,33.7850271214],[-82.0568217487,33.7828866726],[-82.06026297129472,33.78031632444264],[-82.06053,33.78412],[-82.06175,33.7837],[-82.06357304876653,33.77951156179447]]]},"properties":{"flat_pct":97}},{"type":"Feature","geometry":{"type":"Polygon","coordinates":[[[-82.12454973293535,33.783923866424644],[-82.12488832131184,33.787537365271604],[-82.12236,33.78586],[-82.12454973293535,33.783923866424644]]]},"properties":{"flat_pct":100}},{"type":"Feature","geometry":{"type":"Polygon","coordinates":[[[-82.1158334658,33.7927298894],[-82.115798133,33.7907088591],[-82.11712643928142,33.788844006937],[-82.1198,33.79035],[-82.11817293878545,33.795988859119895],[-82.117957188,33.7945910115],[-82.1158334658,33.7927298894]]]},"properties":{"flat_pct":82}},{"type":"Feature","geometry":{"type":"Polygon","coordinates":[[[-82.1268051792,33.800895109],[-82.1259244443,33.8028595516],[-82.1252151417,33.8128995793],[-82.1217204934,33.8196713978],[-82.1196722271,33.8216483281],[-82.1150087863,33.823593247],[-82.11369203039588,33.82367475214804],[-82.11575,33.82307],[-82.11656,33.82163],[-82.11502,33.82126],[-82.11190243475174,33.8234815571473],[-82.1068,33.82365],[-82.10571,33.82464],[-82.10297,33.82282],[-82.10048,33.82542],[-82.09588556811198,33.8238958855756],[-82.0988818464,33.820571216],[-82.1013793528,33.8205564218],[-82.1093827742,33.8164800474],[-82.1137652818,33.8176477986],[-82.1167756063,33.8161974831],[-82.11843441319644,33.8129877174316],[-82.12158,33.81314],[-82.12267,33.80996],[-82.11952427727594,33.80985879712416],[-82.11999260306601,33.80162045440663],[-82.12502,33.79911],[-82.12468162875479,33.79733535394123],[-82.1263347095,33.7988588094],[-82.1268051792,33.800895109]],[[-82.11203,33.82057],[-82.11256,33.821],[-82.11256,33.82066],[-82.11203,33.82057]]]},"properties":{"flat_pct":96}},{"type":"Feature","geometry":{"type":"Polygon","coordinates":[[[-82.10965651724887,33.82845187370441],[-82.10694,33.82747],[-82.10727,33.8266],[-82.10913179895557,33.82565332256497],[-82.10965651724887,33.82845187370441]]]},"properties":{}},{"type":"Feature","geometry":{"type":"Polygon","coordinates":[[[-82.1338855616,33.8495880072],[-82.128188034,33.8533951592],[-82.1253984964,33.8528278803],[-82.1240750657,33.8506302788],[-82.1249342591,33.8482131095],[-82.1289665003,33.8452456195],[-82.128734621,33.8430391435],[-82.1271096071,33.84182772],[-82.1266255238,33.8398652024],[-82.12672517127734,33.838889487517754],[-82.12975,33.84025],[-82.12997,33.83529],[-82.12743346419741,33.83283528793297],[-82.1282702285,33.8270497743],[-82.1296155639,33.8249157568],[-82.1294370176,33.8219873447],[-82.1321368061,33.8200321362],[-82.1346797455,33.8212703588],[-82.135868263,33.8255279266],[-82.1340370987,33.8289997317],[-82.1328147192,33.8383182518],[-82.1344050721,33.8401404147],[-82.13516357,33.8468064557],[-82.1338855616,33.8495880072]]]},"properties":{"flat_pct":100}},{"type":"Feature","geometry":{"type":"Polygon","coordinates":[[[-82.1068746529,33.8321682688],[-82.1058350038,33.8357133038],[-82.0994408894,33.8397299753],[-82.0996001523,33.8422722932],[-82.0976211163,33.8450601411],[-82.09573652872648,33.84540654229437],[-82.09347885758748,33.84377787167385],[-82.0931691538,33.8422160148],[-82.090995339,33.8423093084],[-82.0874038042,33.8430984627],[-82.081998565,33.8485807848],[-82.0797039224,33.8484989725],[-82.0782555272,33.847089021],[-82.0785165617,33.8440154693],[-82.08553396092327,33.83689015264348],[-82.08911597383803,33.83660990122266],[-82.09052,33.83753],[-82.09209160207728,33.83550467179999],[-82.1004734381,33.8324926799],[-82.1011809932,33.8284008396],[-82.09818002158799,33.827785927613796],[-82.10048,33.82542],[-82.10345,33.82642],[-82.10303,33.82782],[-82.10587,33.82845],[-82.10672,33.82751],[-82.10964387302799,33.828486854604314],[-82.1068746529,33.8321682688]],[[-82.08312,33.84235],[-82.08219,33.84244],[-82.08222,33.84317],[-82.08314,33.84314],[-82.08312,33.84235]],[[-82.10467,33.82993],[-82.10614,33.82959],[-82.10445,33.82946],[-82.10467,33.82993]]]},"properties":{"flat_pct":92}},{"type":"Feature","geometry":{"type":"Polygon","coordinates":[[[-82.0983918005,33.8488557401],[-82.09966162555278,33.85185980493367],[-82.09462287629853,33.85542883276592],[-82.09672,33.85373],[-82.0967,33.85226],[-82.09458,33.85211],[-82.09547297724481,33.848604525138974],[-82.0983918005,33.8488557401]]]},"properties":{"flat_pct":45}},{"type":"Feature","geometry":{"type":"Polygon","coordinates":[[[-82.1376780396,33.8652360568],[-82.1353922632,33.8646070055],[-82.1317467289,33.8655147748],[-82.1330780337,33.8672996398],[-82.1332008014,33.8693172473],[-82.1320157456,33.870954762],[-82.1300608567,33.8714687865],[-82.1282236134,33.8706259644],[-82.1248633668,33.8666501492],[-82.1241733777,33.8644370035],[-82.126852617,33.8602625686],[-82.1385254798,33.8584732743],[-82.1401818345,33.8565071947],[-82.1373020035,33.8519821592],[-82.1364302534,33.8485510119],[-82.1376655912,33.8431832893],[-82.1404540514,33.8418644458],[-82.14052,33.84424],[-82.14239,33.84554],[-82.14163,33.84735],[-82.1468805108,33.8570914023],[-82.14651811304962,33.85821334318215],[-82.14034,33.86261],[-82.142135289289,33.864405289289],[-82.13969,33.86396],[-82.1376780396,33.8652360568]]]},"properties":{"flat_pct":100}},{"type":"Feature","geometry":{"type":"Polygon","coordinates":[[[-82.1118178619,33.8655828473],[-82.1083908453,33.8665979497],[-82.1034144998,33.8628870451],[-82.10592,33.86123],[-82.10390196412766,33.85827334279168],[-82.1064400888,33.8579150843],[-82.1103045351,33.8600314139],[-82.11205328585051,33.86234971558335],[-82.11027,33.86323],[-82.1118178619,33.8655828473]],[[-82.10644,33.86349],[-82.10649,33.86295],[-82.10615,33.86347],[-82.10644,33.86349]]]},"properties":{"flat_pct":100}},{"type":"Feature","geometry":{"type":"Polygon","coordinates":[[[-82.1306200381,33.882053195],[-82.1301809257,33.884306916],[-82.128276805,33.8855900381],[-82.1226519471,33.8835602032],[-82.1201271827,33.8852882157],[-82.1178313302,33.8852544626],[-82.1160203242,33.8824558995],[-82.1180175985,33.8786693077],[-82.1176741468,33.876041395],[-82.1138696176,33.8875545931],[-82.1112512288,33.8886240678],[-82.1089072943,33.8870411253],[-82.109798864,33.8793301852],[-82.11473077027793,33.86803324784244],[-82.11548,33.86884],[-82.11992,33.86476],[-82.11655,33.86013],[-82.11385841035994,33.861458650936974],[-82.1125860697,33.8594464858],[-82.11306,33.85542],[-82.1119833436,33.8514973634],[-82.1135457063,33.8491396615],[-82.1158298736,33.848905871],[-82.1174580194,33.8501037663],[-82.1189789617,33.8538853348],[-82.1184981641,33.8575988978],[-82.1227990722,33.8643268256],[-82.12266308,33.8663847066],[-82.1200577252,33.8708127471],[-82.1237143206,33.8734295867],[-82.1240728241,33.8777308609],[-82.1280940851,33.878904101],[-82.1306200381,33.882053195]]]},"properties":{"flat_pct":100}},{"type":"Feature","geometry":{"type":"Polygon","coordinates":[[[-82.0995168667,33.8699669167],[-82.0995459653,33.872262833],[-82.09804758076983,33.87385581262742],[-82.09101,33.86881],[-82.09087,33.86765],[-82.09304,33.86431],[-82.0995168667,33.8699669167]]]},"properties":{"flat_pct":100}},{"type":"Feature","geometry":{"type":"Polygon","coordinates":[[[-82.1210264341,33.910108602],[-82.12407587503408,33.91182294398691],[-82.12312,33.91219],[-82.12519915860496,33.92000623499632],[-82.1242,33.92084],[-82.12471,33.92277],[-82.11959014765037,33.922137547650934],[-82.11736821172866,33.916459266962114],[-82.11885,33.91527],[-82.11732375712646,33.91303867591163],[-82.1210264341,33.910108602]]]},"properties":{"flat_pct":100}},{"type":"Feature","geometry":{"type":"Polygon","coordinates":[[[-82.0894331222,33.9512024695],[-82.0811139568,33.9446651479],[-82.0728419169,33.9351002772],[-82.0721344673494,33.933084705646195],[-82.07907919258352,33.93280806630681],[-82.0797514113,33.9334589755],[-82.0846010899,33.932231631],[-82.0911059995,33.9328577652],[-82.1002401192,33.9358774161],[-82.10200932726804,33.93561940659983],[-82.10442,33.93718],[-82.10486261057552,33.935887375932836],[-82.105547782,33.9364507744],[-82.106316738,33.9383201375],[-82.1055379114,33.940480116],[-82.1001114988,33.9419461722],[-82.0902856298,33.93884],[-82.0839079078,33.9384892892],[-82.0933250449,33.9464017615],[-82.09883947467067,33.94861444521795],[-82.09695,33.94852],[-82.09873,33.95021],[-82.0964,33.95063],[-82.10273406637945,33.95243568387951],[-82.1012662767,33.9544816292],[-82.0983155402,33.9548930246],[-82.09365907378238,33.95282810982162],[-82.09284,33.95142],[-82.0894331222,33.9512024695]]]},"properties":{"flat_pct":99}},{"type":"Feature","geometry":{"type":"Polygon","coordinates":[[[-82.05962346690251,33.955266469905624],[-82.06369989539226,33.95940733872974],[-82.0604181986,33.9615069995],[-82.059765467,33.9628584959],[-82.05916338153013,33.963576567964466],[-82.05968,33.96293],[-82.05861,33.96185],[-82.05419404032783,33.9611706215889],[-82.0559539234,33.9572178713],[-82.05962346690251,33.955266469905624]]]},"properties":{"flat_pct":96}},{"type":"Feature","geometry":{"type":"Polygon","coordinates":[[[-82.0287255985,33.963314605],[-82.0305279071,33.9653676009],[-82.03012138566451,33.96786300973697],[-82.02468,33.9673],[-82.02379520735468,33.96352261601424],[-82.0262035077,33.9635203704],[-82.0228515849,33.9619866105],[-82.023237317,33.95843329],[-82.02670091556878,33.95685721368298],[-82.02847,33.95926],[-82.03014,33.95987],[-82.0302844289,33.9616287444],[-82.0287255985,33.963314605]]]},"properties":{"flat_pct":100}},{"type":"Feature","geometry":{"type":"Polygon","coordinates":[[[-82.112,33.96522],[-82.104764628,33.9623680158],[-82.10372380417924,33.95838681948951],[-82.1087,33.95831],[-82.1149,33.96177],[-82.11485,33.96283],[-82.11369,33.96294],[-82.1205549907152,33.968325387629335],[-82.11974,33.96921],[-82.11927,33.96819],[-82.11933,33.96965],[-82.1203697315,33.9704986626],[-82.1186424211,33.9720114337],[-82.1163513374,33.9718597315],[-82.1129374787,33.9690218639],[-82.11170491720222,33.966581522382754],[-82.112,33.96522]]]},"properties":{"flat_pct":97}},{"type":"Feature","geometry":{"type":"Polygon","coordinates":[[[-81.9888245596,33.9618808196],[-81.9914290583,33.9639612726],[-81.9907191768,33.9669630932],[-81.98771718010896,33.968660120928824],[-81.9817249607,33.9691969912],[-81.9808104315,33.9670908777],[-81.9816530088,33.9649549607],[-81.9888245596,33.9618808196]]]},"properties":{"flat_pct":73}},{"type":"Feature","geometry":{"type":"Polygon","coordinates":[[[-82.0040394841,33.9692391634],[-82.0015490078,33.9732638767],[-82.00058634186811,33.97884503470806],[-81.99809,33.98248],[-81.99674,33.98302],[-81.99452,33.98186],[-81.99314620880959,33.979098860469286],[-81.9945097365,33.9777308028],[-81.99475646938184,33.975865300975315],[-82.00123,33.96737],[-82.0040394841,33.9692391634]]]},"properties":{"flat_pct":100}},{"type":"Feature","geometry":{"type":"Polygon","coordinates":[[[-81.9785944821,33.9743748817],[-81.98061078093045,33.97343757813512],[-81.98316,33.97583],[-81.98117,33.9779],[-81.97966,33.97815],[-81.9778570229,33.9771054292],[-81.9785944821,33.9743748817]]]},"properties":{"flat_pct":100}},{"type":"Feature","geometry":{"type":"Polygon","coordinates":[[[-82.116928752,33.9721661022],[-82.1193129879,33.9731128546],[-82.1210413476,33.9768109169],[-82.12961899344805,33.98123578675478],[-82.12989,33.9845],[-82.12576,33.98617],[-82.12394,33.9836],[-82.12226481476374,33.98429692820898],[-82.12037716598701,33.98327462388027],[-82.11713,33.9784],[-82.11429159872577,33.97645366769767],[-82.11472,33.97406],[-82.116928752,33.9721661022]]]},"properties":{"flat_pct":100}},{"type":"Feature","geometry":{"type":"Polygon","coordinates":[[[-82.1064134824,33.9770932388],[-82.1036943928,33.9794130292],[-82.0998290337,33.9769084063],[-82.0984362253,33.9774035855],[-82.0941451317,33.9822487615],[-82.0912356163,33.9825220493],[-82.089780046,33.9837578558],[-82.0917450218,33.983505831],[-82.09355192076333,33.9846895436534],[-82.09111,33.98712],[-82.0886021182,33.9848145434],[-82.08594,33.98385],[-82.0838816686,33.9863288882],[-82.0819606562,33.9856999819],[-82.0808746674,33.9839951535],[-82.08221403557653,33.9801274170383],[-82.08605,33.9825],[-82.08863,33.98028],[-82.08883813544222,33.97701794997838],[-82.0913809363,33.9763640404],[-82.0923320538,33.9737480361],[-82.09401729657388,33.97267039908986],[-82.09395,33.97334],[-82.0983,33.97424],[-82.09737,33.97287],[-82.10397,33.97416],[-82.104187186263,33.97278448700093],[-82.1061769806,33.975085783],[-82.1064134824,33.9770932388]]]},"properties":{"flat_pct":95}},{"type":"Feature","geometry":{"type":"Polygon","coordinates":[[[-81.9328234986,33.9847080343],[-81.9317561885,33.9820887624],[-81.9333410677,33.9797461371],[-81.9375309699413,33.97941602107663],[-81.93756,33.98012],[-81.94206,33.98079],[-81.94264,33.97646],[-81.94758,33.97636],[-81.94782,33.97397],[-81.9507337429,33.9741174688],[-81.95111241554241,33.97577786963739],[-81.94922,33.97588],[-81.94637,33.98221],[-81.94428,33.98268],[-81.94113389899884,33.9860872772422],[-81.9328234986,33.9847080343]]]},"properties":{"flat_pct":98}},{"type":"Feature","geometry":{"type":"Polygon","coordinates":[[[-82.1166553718,33.9984631147],[-82.11491052034205,33.99620293874438],[-82.11957,33.99452],[-82.11786,33.9923],[-82.1214523819,33.9909010009],[-82.12583,33.98649],[-82.13001359741739,33.98984141623641],[-82.11813099029764,33.99870694442761],[-82.1166553718,33.9984631147]]]},"properties":{"flat_pct":93}},{"type":"Feature","geometry":{"type":"Polygon","coordinates":[[[-81.9560462402,33.9971356382],[-81.9566601126,33.9996264375],[-81.9551241352,34.0016811138],[-81.9515335625,34.0022801126],[-81.9494788862,34.0007441352],[-81.9492625059,33.998458253],[-81.9507258648,33.9966888862],[-81.9540253841,33.9960455837],[-81.9560462402,33.9971356382]]]},"properties":{"flat_pct":96}},{"type":"Feature","geometry":{"type":"Polygon","coordinates":[[[-81.9687346767,34.0070390054],[-81.9692646932,34.0102679854],[-81.9672737052,34.0122768912],[-81.9634258738,34.0116560912],[-81.9595458222,34.0130478137],[-81.957019494,34.0108731035],[-81.9580618803,34.0077068551],[-81.9659727887,34.0016461006],[-81.9714808858,34.000312788],[-81.9790007125,33.9919469938],[-81.9809295089,33.9913423813],[-81.9828040508,33.9920986251],[-81.98368461316088,33.993492896337685],[-81.97991,33.99656],[-81.97806932592471,34.00193402833037],[-81.97514,34.00328],[-81.9753113749,34.0050340508],[-81.9687346767,34.0070390054]]]},"properties":{"flat_pct":98}},{"type":"Feature","geometry":{"type":"Polygon","coordinates":[[[-81.9483656177,34.0110667504],[-81.9482142137,34.0079858519],[-81.9511540039,34.0064144411],[-81.954603143,34.0085909384],[-81.9568714897,34.0121025647],[-81.9594988779,34.0138110477],[-81.9628774294,34.0127733896],[-81.96474039008186,34.01331592506109],[-81.96097,34.01425],[-81.96044,34.01733],[-81.95528286982689,34.01822651376849],[-81.9525673208,34.0163988709],[-81.9483656177,34.0110667504]]]},"properties":{"flat_pct":97}},{"type":"Feature","geometry":{"type":"Polygon","coordinates":[[[-81.9625557613528,34.01930489356107],[-81.9606702749,34.0199091768],[-81.95957548180952,34.01983687667027],[-81.96149,34.01835],[-81.9625557613528,34.01930489356107]]]},"properties":{}},{"type":"Feature","geometry":{"type":"Polygon","coordinates":[[[-81.95919,34.02993],[-81.9545579665,34.0293907222],[-81.9533379056,34.0277791195],[-81.95537,34.02409],[-81.95403945852205,34.02160212618908],[-81.95914350054825,34.0201723672718],[-81.9611709755,34.0257383207],[-81.96422959266056,34.02790296665329],[-81.96401525978082,34.034039410188264],[-81.96193,34.03139],[-81.96063,34.03154],[-81.95919,34.02993]]]},"properties":{"flat_pct":100}},{"type":"Feature","geometry":{"type":"Polygon","coordinates":[[[-81.9825043053,34.0301875718],[-81.980864189,34.0253801861],[-81.98243219692593,34.02210081806799],[-81.98675,34.02763],[-81.98934124820163,34.02775404911604],[-81.99542526,34.0312035983],[-81.9960255333,34.0347270267],[-81.9934144469,34.0363693077],[-81.9890463853,34.0349022192],[-81.9825043053,34.0301875718]]]},"properties":{"flat_pct":100}},{"type":"Feature","geometry":{"type":"Polygon","coordinates":[[[-81.97096762040836,34.027516936120655],[-81.97404,34.02978],[-81.965,34.03372],[-81.96761087511948,34.028372115195495],[-81.97096762040836,34.027516936120655]]]},"properties":{"flat_pct":100}},{"type":"Feature","geometry":{"type":"Polygon","coordinates":[[[-82.0049452863,34.0464271987],[-82.00328553410684,34.04760411389151],[-81.998563092669,34.04381049387391],[-82.0025162759,34.0397428157],[-82.0021289352,34.0326876097],[-82.0050230104,34.0305901816],[-82.00627757815087,34.03088423884164],[-82.00445,34.03362],[-82.00717,34.03352],[-82.00806987911133,34.03437318727066],[-82.0085997614,34.0406078374],[-82.0049452863,34.0464271987]]]},"properties":{"flat_pct":100}},{"type":"Feature","geometry":{"type":"Polygon","coordinates":[[[-81.75281834958587,34.50369026911643],[-81.7538664597,34.5099551988],[-81.7518403452,34.5115286603],[-81.7497758202,34.511242862],[-81.7471434385,34.5122799153],[-81.74419832426462,34.510324817764534],[-81.74502,34.51049],[-81.74632,34.50511],[-81.74862,34.5033],[-81.75281834958587,34.50369026911643]]]},"properties":{"flat_pct":86}},{"type":"Feature","geometry":{"type":"Polygon","coordinates":[[[-81.77821057698254,34.512755222244195],[-81.7721114466,34.5159892296],[-81.7670745281,34.5153340092],[-81.7642182581,34.517077106],[-81.7621375705,34.5161061184],[-81.76093743697895,34.513438576848216],[-81.76492,34.51164],[-81.76538552862694,34.50885458704877],[-81.7698711594,34.5100105844],[-81.77333243279351,34.50781328341654],[-81.77305,34.50929],[-81.77685,34.50968],[-81.77821057698254,34.512755222244195]]]},"properties":{"flat_pct":65}},{"type":"Feature","geometry":{"type":"Polygon","coordinates":[[[-81.8018858799,34.524881172],[-81.7933881015,34.5372267432],[-81.7911328486,34.5376579189],[-81.7892332568,34.5363681015],[-81.7889769818,34.5335513553],[-81.7935471011,34.5273302276],[-81.7941772339,34.5251413961],[-81.79989025254582,34.521591802457486],[-81.8014821201,34.5228693781],[-81.8018858799,34.524881172]]]},"properties":{"flat_pct":64}},{"type":"Feature","geometry":{"type":"Polygon","coordinates":[[[-81.7391947978,34.5406000665],[-81.7343551962,34.5413849029],[-81.7278403981,34.5403911835],[-81.7265122366,34.5436435275],[-81.7271498441,34.5480794152],[-81.726241057,34.5514895776],[-81.7276182015,34.5537486479],[-81.7274863469,34.5557442937],[-81.7250203277,34.5575459186],[-81.7217435134,34.5562921584],[-81.7201092459,34.5518592715],[-81.7210975344,34.5478232557],[-81.71966950560909,34.54310608937141],[-81.72424,34.54126],[-81.72648,34.53719],[-81.72485,34.53723],[-81.72563048640694,34.53404749939237],[-81.7368296277,34.5350584975],[-81.7398477717,34.5330537707],[-81.7411458705,34.5299735707],[-81.7444423869,34.5288390142],[-81.7502623004,34.5303568861],[-81.75253592555528,34.53188748271091],[-81.75258,34.53272],[-81.75101,34.53287],[-81.75118,34.53463],[-81.75385,34.53666],[-81.7557953496046,34.534290476421475],[-81.7604968777,34.5372783086],[-81.7662107876,34.5347782925],[-81.7722147166,34.5367218699],[-81.7737406486,34.5391033122],[-81.77053,34.53618],[-81.7687,34.53848],[-81.77348795256573,34.54056346684168],[-81.7728302095,34.5415016495],[-81.7703986933,34.5423193596],[-81.7661824872,34.5410120754],[-81.76400055729829,34.5422018447287],[-81.7648877683,34.5473343053],[-81.7643498388,34.5511271173],[-81.7608733895,34.5555300885],[-81.7612765937,34.5581884818],[-81.7596020503,34.5616602351],[-81.755514848,34.5643907936],[-81.7531092257,34.5634706856],[-81.752303613,34.5610243402],[-81.7551318115,34.557301122],[-81.7553125995,34.5528862673],[-81.7586603841,34.5488782159],[-81.75795933959738,34.542715887244185],[-81.754804803,34.5451237542],[-81.7522542308,34.5448489777],[-81.7508250847,34.5421154085],[-81.7525820517,34.539375822],[-81.7478965852,34.5359214857],[-81.7455304474,34.5352886265],[-81.742219343,34.5388973105],[-81.7391947978,34.5406000665]],[[-81.73325,34.53555],[-81.73084,34.53585],[-81.72968,34.53825],[-81.73871,34.53995],[-81.74206,34.53534],[-81.73803,34.53793],[-81.73471,34.53843],[-81.73325,34.53555]],[[-81.75611,34.55468],[-81.75585,34.55429],[-81.75581,34.55482],[-81.75611,34.55468]],[[-81.75614,34.56178],[-81.75633,34.56221],[-81.75661,34.56174],[-81.75614,34.56178]]]},"properties":{"flat_pct":83}},{"type":"Feature","geometry":{"type":"Polygon","coordinates":[[[-81.8025879218,34.5467144517],[-81.8018243209,34.5445490438],[-81.8028155483,34.5424779218],[-81.8066734355,34.5411804811],[-81.80848642975043,34.54149330533929],[-81.80577,34.54298],[-81.80836,34.54553],[-81.80781067877152,34.54706461168595],[-81.8046590438,34.5477056791],[-81.8025879218,34.5467144517]]]},"properties":{"flat_pct":95}},{"type":"Feature","geometry":{"type":"Polygon","coordinates":[[[-81.7476307347,34.5742178941],[-81.7499976867,34.5700726586],[-81.75228451,34.5698664616],[-81.7538980751,34.571083926],[-81.7537129634,34.5749367252],[-81.75474207853132,34.577873690144834],[-81.75231,34.57931],[-81.75442,34.58319],[-81.75449,34.58538],[-81.75169367657482,34.58590510145767],[-81.7483144324,34.578715654],[-81.7476307347,34.5742178941]]]},"properties":{"flat_pct":88}},{"type":"Feature","geometry":{"type":"Polygon","coordinates":[[[-81.7724756991,34.577558166],[-81.774123365,34.5752592678],[-81.7769502231,34.5753520526],[-81.7789039047,34.5792497512],[-81.7829999427,34.583713538],[-81.78336606670557,34.58457674669315],[-81.78247,34.58513],[-81.78334,34.58817],[-81.78231,34.58952],[-81.78339,34.59064],[-81.78392360774542,34.595792376427056],[-81.7786707232,34.5957640488],[-81.7724234157,34.5896158462],[-81.7719916869,34.5876699288],[-81.7728747128,34.5858829622],[-81.7746826879,34.5850437897],[-81.7764747075,34.5854386226],[-81.7735086368,34.5820753544],[-81.7724756991,34.577558166]]]},"properties":{"flat_pct":51}},{"type":"Feature","geometry":{"type":"Polygon","coordinates":[[[-81.75594,34.58714],[-81.75795,34.5865],[-81.75834951854107,34.58679260512867],[-81.75727075373976,34.58887834187782],[-81.75594,34.58714]]]},"properties":{}},{"type":"Feature","geometry":{"type":"Polygon","coordinates":[[[-81.7535369586,34.5968536448],[-81.75340106471866,34.598372839622044],[-81.75033,34.59491],[-81.7508626144132,34.59341048557516],[-81.7535369586,34.5968536448]]]},"properties":{"flat_pct":25}},{"type":"Feature","geometry":{"type":"Polygon","coordinates":[[[-81.74937,34.59656],[-81.74985,34.59594],[-81.7520458412289,34.59997336526983],[-81.75163731832905,34.60016666248966],[-81.74937,34.59656]]]},"properties":{}},{"type":"Feature","geometry":{"type":"Polygon","coordinates":[[[-81.7777998627,34.6055013837],[-81.7731494014,34.602964412],[-81.77050702,34.6000351662],[-81.7699785334,34.5978007133],[-81.7711848338,34.59584702],[-81.7739878308,34.5954689414],[-81.7764098761,34.5976778117],[-81.7779218584,34.5965205103],[-81.7803559893,34.596456412],[-81.78519048236859,34.59861950231116],[-81.78369026013313,34.604429854808004],[-81.77887,34.60289],[-81.77926916932917,34.605426288151826],[-81.7777998627,34.6055013837]]]},"properties":{"flat_pct":52}},{"type":"Feature","geometry":{"type":"Polygon","coordinates":[[[-81.5997592388,34.3487395281],[-81.5989758892,34.3462967256],[-81.6003672493,34.3441414906],[-81.60711762490914,34.34401495017021],[-81.60813,34.34813],[-81.60635,34.34778],[-81.60451408547094,34.35076272644731],[-81.5997592388,34.3487395281]]]},"properties":{"flat_pct":83}},{"type":"Feature","geometry":{"type":"Polygon","coordinates":[[[-81.6467240408,34.3594100969],[-81.6473350556,34.3644340439],[-81.6455492436,34.3658772879],[-81.6435311421,34.365762928],[-81.6386828139,34.3576429111],[-81.6334351217,34.3546195717],[-81.62262871120589,34.35234009682621],[-81.62356,34.34946],[-81.63478,34.35185],[-81.6357870778,34.3490894862],[-81.6430578528,34.3534760851],[-81.6467240408,34.3594100969]]]},"properties":{"flat_pct":65}},{"type":"Feature","geometry":{"type":"Polygon","coordinates":[[[-81.728284388,34.3629896556],[-81.7265810802,34.3621404064],[-81.7205961003,34.3627771592],[-81.7197814046,34.368748483],[-81.7172576016,34.3705220979],[-81.7146730088,34.3693731909],[-81.7139584344,34.36664],[-81.7093327563,34.3682498359],[-81.7075211891,34.3673531552],[-81.706689677,34.3655107656],[-81.7073952753,34.3633257693],[-81.7103596253,34.3609764374],[-81.71423664930424,34.359421859791986],[-81.7269,34.35831],[-81.72680923204817,34.356110292461715],[-81.7281854022,34.3561138036],[-81.73222304056495,34.35296510343789],[-81.73598,34.35602],[-81.73469,34.35705],[-81.73500608525539,34.35830117080262],[-81.730735119,34.3622333443],[-81.728284388,34.3629896556]]]},"properties":{"flat_pct":76}},{"type":"Feature","geometry":{"type":"Polygon","coordinates":[[[-81.66731679343116,34.36577442061203],[-81.660682123,34.365314175],[-81.6565655294,34.367458533],[-81.6557090853,34.3690794539],[-81.6563355507,34.3706750294],[-81.6585489567,34.3727341095],[-81.6659373932,34.3742427913],[-81.67412173533677,34.38218988070236],[-81.67083,34.38347],[-81.6648998793,34.3819617584],[-81.66239,34.37776],[-81.65591,34.37837],[-81.65031,34.37239],[-81.64965,34.37266],[-81.65019118083362,34.37473260744793],[-81.6463478746,34.3774944202],[-81.6440962081,34.3777159415],[-81.6423301664,34.3763016676],[-81.6425636544,34.3730219366],[-81.6476543833,34.3691571029],[-81.65190242320251,34.36350057114568],[-81.65458,34.36446],[-81.65829,34.36353],[-81.65700597337442,34.360463872363844],[-81.6587040448,34.3595793369],[-81.66396341159513,34.35892335003835],[-81.66971,34.36237],[-81.66731679343116,34.36577442061203]]]},"properties":{"flat_pct":82}},{"type":"Feature","geometry":{"type":"Polygon","coordinates":[[[-81.6701,34.38397],[-81.66974936824474,34.38586716824722],[-81.66843339424622,34.384696737938754],[-81.6701,34.38397]]]},"properties":{}},{"type":"Feature","geometry":{"type":"Polygon","coordinates":[[[-81.64354246871973,34.39208512775478],[-81.641027775,34.3826659286],[-81.6413239202,34.3806664012],[-81.6430985043,34.3792093737],[-81.6453835988,34.3794339202],[-81.6482077139,34.3836767281],[-81.6491418724,34.3898064561],[-81.6515234535,34.3936278717],[-81.6503091249,34.3969894609],[-81.6483468797,34.3974746471],[-81.64652914401414,34.396611157267],[-81.64763,34.39519],[-81.64354246871973,34.39208512775478]]]},"properties":{"flat_pct":92}},{"type":"Feature","geometry":{"type":"Polygon","coordinates":[[[-81.7108277771,34.3861063929],[-81.7137125844,34.3844361878],[-81.7174173241,34.3861536197],[-81.7208208896,34.3864003357],[-81.7254272324,34.3918885608],[-81.72528151911791,34.39495458189882],[-81.71244,34.38799],[-81.71094643237846,34.38896824312054],[-81.7108277771,34.3861063929]]]},"properties":{"flat_pct":86}},{"type":"Feature","geometry":{"type":"Polygon","coordinates":[[[-81.68000918981173,34.395242787432935],[-81.6692550967,34.3992238693],[-81.6598189342,34.3989675562],[-81.6552832893,34.3976844088],[-81.6539644458,34.3948959486],[-81.656364729,34.3922476442],[-81.668234894,34.3929665673],[-81.67425277645644,34.390710546398346],[-81.68000918981173,34.395242787432935]]]},"properties":{"flat_pct":78}},{"type":"Feature","geometry":{"type":"Polygon","coordinates":[[[-81.7556787208,34.4024861833],[-81.7527668353,34.4009070116],[-81.7516604684,34.3990879628],[-81.751533651,34.3960093324],[-81.7530875268,34.3936962128],[-81.7509443513,34.3901488892],[-81.7506816894,34.3874554258],[-81.7535413256,34.3836741326],[-81.7518793264,34.3827049106],[-81.7503346059,34.3877928918],[-81.7461974986,34.3917629386],[-81.7436075568,34.3971526594],[-81.7404504735,34.398902739],[-81.7390447902,34.401405892],[-81.7350903592,34.4047521856],[-81.7380032616,34.4085886059],[-81.7398343257,34.4088048088],[-81.7419879371,34.4106406317],[-81.7424741638,34.4143677785],[-81.7440900264,34.4167103308],[-81.7536387828,34.4115108266],[-81.7537943113,34.4087787459],[-81.7559156017,34.4073361622],[-81.75829725865573,34.40799684717596],[-81.75773,34.40967],[-81.75622,34.40952],[-81.7586,34.41442],[-81.75532,34.41624],[-81.75513407370015,34.41749494687692],[-81.74958,34.41962],[-81.74772872170834,34.422344465371054],[-81.74622,34.42105],[-81.74571,34.42213],[-81.74063,34.42129],[-81.73942,34.42346],[-81.73931082570269,34.427822337131445],[-81.73813537987448,34.42851003185012],[-81.7368,34.42637],[-81.73511,34.42795],[-81.73210948784747,34.42690837142891],[-81.73549,34.42346],[-81.7381211096,34.418690984],[-81.7364024652,34.4154512138],[-81.7340846948,34.4145873184],[-81.730644487,34.4098027285],[-81.72992996455044,34.40747436069655],[-81.73134,34.4041],[-81.73083,34.40269],[-81.73026292443727,34.40323100312306],[-81.7302517296,34.4017238184],[-81.7398113557,34.3912466268],[-81.7352257061,34.3921705467],[-81.7326438518,34.3901323749],[-81.7331655357,34.3870522089],[-81.7363223804,34.3861498369],[-81.7366566415,34.3829762106],[-81.7323920399,34.3755605322],[-81.7322691463,34.3735429324],[-81.7334541001,34.3719053438],[-81.7354089569,34.3713911973],[-81.7392647374,34.3739853944],[-81.7399004336,34.3771650536],[-81.7425874426,34.3812222941],[-81.7422533418,34.3871335657],[-81.7451639429,34.3844364745],[-81.747115358,34.3782330584],[-81.7451769128,34.373774788],[-81.7414046176,34.3737909827],[-81.7381055108,34.3716291011],[-81.7376548891,34.3691036584],[-81.7393212114,34.3671531992],[-81.7416,34.36994],[-81.74609,34.36908],[-81.74794,34.37207],[-81.75151797956816,34.37332129341323],[-81.7535340408,34.3767241672],[-81.75717199957124,34.37884570230212],[-81.75522,34.37964],[-81.75935,34.38307],[-81.75483,34.38924],[-81.75901904815964,34.39262346197509],[-81.7587567237,34.3963354274],[-81.7623474872,34.3962698354],[-81.76523,34.39764],[-81.76086485863304,34.402234885649435],[-81.7556787208,34.4024861833]]]},"properties":{"flat_pct":81}},{"type":"Feature","geometry":{"type":"Polygon","coordinates":[[[-81.6405056112,34.4468100257],[-81.6318660038,34.444632485],[-81.6260114912,34.4412705651],[-81.6224777437,34.4368503982],[-81.6214374723,34.4330972094],[-81.6177747057,34.4318621843],[-81.61634370575781,34.42998712414589],[-81.616219701,34.4265601335],[-81.61829,34.42528],[-81.61663,34.42401],[-81.62005,34.42024],[-81.61625,34.41672],[-81.62243,34.41181],[-81.6237435183063,34.403488906317364],[-81.6284951012,34.4007904405],[-81.62775270914153,34.39745755027526],[-81.63009,34.39751],[-81.62987069106167,34.39367541644193],[-81.63176746342924,34.39164681490742],[-81.63661187567944,34.39540141017825],[-81.6324,34.40077],[-81.6342590439916,34.40267684797996],[-81.6310188416,34.4068122103],[-81.6261393915,34.4090658571],[-81.6250593334,34.4132782208],[-81.62248,34.41694],[-81.6229703196,34.4213818695],[-81.6203474351,34.4249149182],[-81.6219579888,34.4269651719],[-81.6263445749,34.4293008861],[-81.6277343154,34.4336491786],[-81.6315871957,34.4375853507],[-81.632686655,34.4352793484],[-81.6348809382,34.4346031833],[-81.6373665705,34.4364297897],[-81.6373883149,34.4399484142],[-81.6393675206,34.440497132],[-81.6409758278,34.4380049732],[-81.6428525231,34.437214136],[-81.6492590358,34.4387811191],[-81.6500366596,34.4409415309],[-81.6490588809,34.4430190358],[-81.6445786681,34.443471636],[-81.6431258524,34.4456586419],[-81.6405056112,34.4468100257]],[[-81.62511,34.40392],[-81.62552,34.40343],[-81.62511,34.40341],[-81.62511,34.40392]]]},"properties":{"flat_pct":83}},{"type":"Feature","geometry":{"type":"Polygon","coordinates":[[[-81.7174102273,34.4177061322],[-81.7163716412,34.4203369258],[-81.7128295006,34.4206006151],[-81.7117885505,34.4238297259],[-81.7088877854,34.425519944],[-81.7011688137,34.4250207825],[-81.6957361898,34.4215654247],[-81.6918048853,34.4202948647],[-81.6905555042,34.4171035336],[-81.6881777928,34.4145035648],[-81.6879064638,34.4117858944],[-81.6855470287,34.409161515],[-81.6852130571,34.4067787895],[-81.6818365325,34.4074030922],[-81.677494056,34.4063479255],[-81.6766092032,34.4094152646],[-81.6740363154,34.4116789665],[-81.6742423034,34.4149415494],[-81.6771680454,34.4206328643],[-81.6793631663,34.4229242998],[-81.6803018042,34.4298456515],[-81.6867709412,34.4377913201],[-81.6965280154,34.4442868228],[-81.6959194148,34.4369588033],[-81.6975958152,34.4347760056],[-81.70015585,34.4346112555],[-81.7026559638,34.4384947654],[-81.7027715999,34.4446583207],[-81.7030419747,34.4355291144],[-81.7054727958,34.4340831391],[-81.7080255722,34.4353009522],[-81.7099664254,34.4398535941],[-81.7087408882,34.4452906099],[-81.710798918,34.4482205656],[-81.7100874776,34.450080991],[-81.7077992868,34.4514473471],[-81.70743143527032,34.45302969248334],[-81.69979,34.45359],[-81.69837946807357,34.45392924185572],[-81.69726654710898,34.45300580211559],[-81.69851,34.45038],[-81.69666,34.44866],[-81.69314,34.44849],[-81.69348684866748,34.44949666776047],[-81.6822512532,34.4417762871],[-81.6793653681,34.44068656],[-81.6734163885,34.4416162315],[-81.6684020763,34.4385531647],[-81.6676545517,34.4358253555],[-81.6689813703,34.4339514211],[-81.6724289887,34.4329289076],[-81.6743273176,34.4334259968],[-81.6761487031,34.4353105526],[-81.676859144,34.4348860887],[-81.67533349,34.4333646146],[-81.6583761193,34.4282009414],[-81.65717,34.42662],[-81.6587,34.42598],[-81.65891,34.42525],[-81.65743,34.42426],[-81.65968537074701,34.421987798128015],[-81.6731914281,34.4265233607],[-81.6684141675,34.4167697383],[-81.66801065867756,34.41072753856688],[-81.6704562134,34.406002957],[-81.6703568257193,34.40405338022281],[-81.67327,34.40168],[-81.67277101400644,34.401055315244705],[-81.6786926887,34.4000698433],[-81.682406221,34.401255731],[-81.6924809291,34.4006474244],[-81.6979560837,34.4024491366],[-81.70641513790326,34.4025847965622],[-81.70658,34.4036],[-81.70492,34.40518],[-81.70549,34.40587],[-81.70752,34.40533],[-81.70638,34.41082],[-81.71203,34.41222],[-81.71327817047519,34.41034774428722],[-81.714858753,34.4148980124],[-81.7174102273,34.4177061322]],[[-81.6996113759,34.4082778282],[-81.6994347785,34.4085369518],[-81.6997113429,34.4086594303],[-81.6996113759,34.4082778282]],[[-81.6934942347,34.4090244924],[-81.6939046029,34.4119597676],[-81.6963627954,34.4155894428],[-81.6983182487,34.4159434255],[-81.6953289478,34.4120811349],[-81.6964170838,34.4088848725],[-81.6940031016,34.4069784445],[-81.6915191327,34.4068889965],[-81.6934942347,34.4090244924]],[[-81.7024262497,34.4190512385],[-81.7024334258,34.4190510598],[-81.7023823887,34.4190277981],[-81.7024262497,34.4190512385]],[[-81.7077516004,34.4157442309],[-81.7077899217,34.4153040711],[-81.7070716263,34.41491039],[-81.7077516004,34.4157442309]],[[-81.7042972872,34.4133067481],[-81.7037701809,34.412708585],[-81.7033033497,34.411912026],[-81.7033283316,34.4125906244],[-81.7042972872,34.4133067481]],[[-81.7012803195,34.4485450415],[-81.7021657047,34.4491829279],[-81.7025559276,34.4475043498],[-81.7027660488,34.4447315739],[-81.7012803195,34.4485450415]]]},"properties":{"flat_pct":80}},{"type":"Feature","geometry":{"type":"Polygon","coordinates":[[[-81.6028655698956,34.42966891652863],[-81.60875,34.42932],[-81.60955,34.43039],[-81.60273,34.43809],[-81.6013652957961,34.43524479850824],[-81.6028655698956,34.42966891652863]]]},"properties":{"flat_pct":68}},{"type":"Feature","geometry":{"type":"Polygon","coordinates":[[[-81.6583545385,34.4319286014],[-81.6617991269,34.4367342608],[-81.6626658107,34.4413716178],[-81.6680403602,34.4441425116],[-81.6704917387,34.4470359548],[-81.6750371266,34.4497677023],[-81.6771986799,34.4546641499],[-81.67901285421976,34.456221326406705],[-81.67628,34.45782],[-81.67473,34.45682],[-81.67365985777307,34.45951157002825],[-81.672574875,34.4587424422],[-81.6709131218,34.4542260832],[-81.6664864697,34.4515806905],[-81.6644693305,34.4490407119],[-81.6577005423,34.4453349282],[-81.6562187345,34.4391317999],[-81.654613137,34.4368119011],[-81.650608616141,34.43538571874688],[-81.65447,34.43358],[-81.65,34.43209],[-81.64883520548723,34.43473957768831],[-81.6483164575,34.4344322554],[-81.6471318245,34.4315841853],[-81.6490859989,34.4291966073],[-81.6453194637,34.4285363134],[-81.6433600654,34.4269822172],[-81.6422744369,34.4245389886],[-81.6345424339,34.4248578403],[-81.6305723049,34.4281749672],[-81.6274938453,34.4288660527],[-81.6251216184,34.4278895997],[-81.6243715019,34.4254363883],[-81.62494723564609,34.424062771326824],[-81.62865,34.42569],[-81.63187,34.42242],[-81.6362,34.42088],[-81.63716,34.42122],[-81.6381610102291,34.418216969312674],[-81.6445006999,34.4178940483],[-81.646312984,34.4188905068],[-81.6484967477,34.422892069],[-81.65362,34.42707],[-81.65059,34.42958],[-81.65547373813317,34.42876713620334],[-81.654376998,34.4303586446],[-81.6583545385,34.4319286014]],[[-81.63692,34.42117],[-81.63679,34.42145],[-81.63715,34.42122],[-81.63692,34.42117]]]},"properties":{"flat_pct":83}},{"type":"Feature","geometry":{"type":"Polygon","coordinates":[[[-81.6027950144,34.45758667],[-81.596477550051,34.4571502454212],[-81.59464,34.45323],[-81.60178,34.44712],[-81.60222,34.44759],[-81.60121,34.4481],[-81.60227,34.44934],[-81.59706,34.45357],[-81.60151,34.45415],[-81.60282,34.45298],[-81.6088,34.45776933333333],[-81.60752,34.45969],[-81.6056,34.46035],[-81.60314662630826,34.460178100435996],[-81.6027950144,34.45758667]]]},"properties":{"flat_pct":55}},{"type":"Feature","geometry":{"type":"Polygon","coordinates":[[[-81.6905607573,34.4531876379],[-81.6933716452,34.4528735605],[-81.69512497251216,34.45477356725679],[-81.68926335076647,34.45593542487371],[-81.6905607573,34.4531876379]]]},"properties":{"flat_pct":100}},{"type":"Feature","geometry":{"type":"Polygon","coordinates":[[[-81.6629780298,34.4543342546],[-81.6642629487,34.4558946377],[-81.6642663079,34.457915974],[-81.65908,34.46335],[-81.65835,34.4658],[-81.65204,34.46382],[-81.64976,34.46335],[-81.65266,34.45294],[-81.6515,34.45195],[-81.65234,34.4493],[-81.651938537,34.4439530578],[-81.6538879588,34.4434186734],[-81.655733892,34.4442422888],[-81.6576517275,34.4510972318],[-81.6597566747,34.4543883411],[-81.6629780298,34.4543342546]]]},"properties":{"flat_pct":83}},{"type":"Feature","geometry":{"type":"Polygon","coordinates":[[[-81.7040301258,34.4563780186],[-81.70008050262031,34.45490258587429],[-81.69981,34.45378],[-81.70361,34.45352],[-81.70639400424278,34.455493969109995],[-81.7040301258,34.4563780186]]]},"properties":{"flat_pct":71}},{"type":"Feature","geometry":{"type":"Polygon","coordinates":[[[-81.6790905291,34.4592704202],[-81.676711593,34.4608002563],[-81.67376761514939,34.45958634045263],[-81.67913548078579,34.45643430872197],[-81.6790905291,34.4592704202]]]},"properties":{"flat_pct":75}},{"type":"Feature","geometry":{"type":"Polygon","coordinates":[[[-81.6695450171,34.4590478941],[-81.67121808897473,34.460592541458595],[-81.6677,34.46215],[-81.66669939850289,34.45946319968369],[-81.6695450171,34.4590478941]]]},"properties":{"flat_pct":100}},{"type":"Feature","geometry":{"type":"Polygon","coordinates":[[[-81.7321747646,34.4622542653],[-81.7303769869,34.460825954],[-81.7301537553,34.4584329467],[-81.7262655675,34.4670670698],[-81.7235217287,34.4676305036],[-81.7215086863,34.4656827435],[-81.7223436263,34.4587996856],[-81.72604646597628,34.45339531009571],[-81.73426,34.4548],[-81.73118,34.45717],[-81.73207,34.45721],[-81.73494736704721,34.46165207409841],[-81.7321747646,34.4622542653]]]},"properties":{"flat_pct":55}},{"type":"Feature","geometry":{"type":"Polygon","coordinates":[[[-81.6459126001,34.4737025946],[-81.6470491245,34.4760475266],[-81.646175173,34.4791004873],[-81.643740854,34.481120821],[-81.6412032893,34.4807444088],[-81.64125,34.47778],[-81.64587,34.47805],[-81.64101,34.46633],[-81.64364119408123,34.465003061605586],[-81.6463137606,34.469768896],[-81.6459126001,34.4737025946]]]},"properties":{"flat_pct":57}},{"type":"Feature","geometry":{"type":"Polygon","coordinates":[[[-81.699444053,34.4726697738],[-81.6983769754,34.4758395296],[-81.6927230576,34.47821649],[-81.6924644306,34.4824511875],[-81.6914835708,34.4840021459],[-81.6815169288,34.4921724718],[-81.6795225427,34.492501464],[-81.6777721509,34.4914905532],[-81.6770700681,34.4893044247],[-81.6780089964,34.4867270801],[-81.6866236708,34.4802440701],[-81.6874305584,34.4738126581],[-81.6926686492,34.4720276736],[-81.6921290992,34.4678086516],[-81.6897089898,34.465425272],[-81.6904834998,34.4607429262],[-81.68926615965096,34.456149836390075],[-81.69516758289552,34.45493469248172],[-81.6953332593,34.4569404565],[-81.6996433717,34.4590931496],[-81.7028728522,34.4628937562],[-81.7031343565,34.4651749167],[-81.7019563161,34.4668174856],[-81.6997117719,34.4673013235],[-81.6979391169,34.4662633826],[-81.699444053,34.4726697738]]]},"properties":{"flat_pct":76}},{"type":"Feature","geometry":{"type":"Polygon","coordinates":[[[-81.61673997849209,34.47473265909508],[-81.61261407180825,34.481672692665846],[-81.61003771631118,34.48177339823278],[-81.6082274692,34.4788084354],[-81.6105961806,34.4726832482],[-81.60880926146639,34.47283646039511],[-81.60744,34.4706],[-81.60636181708212,34.471485529543834],[-81.60554654612294,34.46934636099651],[-81.60649,34.46997],[-81.61566141590588,34.46837227951859],[-81.61637132427467,34.47063685167545],[-81.61489,34.4728],[-81.61673997849209,34.47473265909508]]]},"properties":{"flat_pct":62}},{"type":"Feature","geometry":{"type":"Polygon","coordinates":[[[-81.6760845158,34.4687637818],[-81.6774399845,34.4839396308],[-81.6756987389,34.4877787794],[-81.67752936370537,34.49286357715739],[-81.67476,34.49325],[-81.67233,34.48763],[-81.6693787423713,34.487386340491796],[-81.6714425519,34.4831302613],[-81.67123921400164,34.47769800755766],[-81.67408,34.47673],[-81.67347,34.47548],[-81.67045889474224,34.475696866306656],[-81.6704799082,34.4713333116],[-81.6672409299,34.4686018475],[-81.66605515042764,34.46397499595072],[-81.66952,34.46268],[-81.66767,34.46229],[-81.67126211455593,34.46069726996105],[-81.6726749025,34.4652297488],[-81.6760845158,34.4687637818]]]},"properties":{"flat_pct":76}},{"type":"Feature","geometry":{"type":"Polygon","coordinates":[[[-81.6595354501,34.4783927868],[-81.6582978751,34.4831238935],[-81.6514414944,34.485207357],[-81.6495103341,34.487635523],[-81.6472511456,34.4909323978],[-81.64690789701987,34.49568475496977],[-81.64143912631683,34.49620899442714],[-81.64027887683616,34.494904266513075],[-81.64416,34.4862],[-81.6435194339143,34.48615182372057],[-81.6440065235,34.4844321856],[-81.6481496953,34.4797056144],[-81.6534173898,34.4786234105],[-81.6532087622,34.4763970873],[-81.6551233669,34.4701698967],[-81.6530358147,34.4666202975],[-81.6499540665,34.4658966971],[-81.6490934869975,34.46351075180963],[-81.65832,34.46589],[-81.65809,34.46668],[-81.65969876452006,34.4661336556992],[-81.66129932097155,34.46941472308145],[-81.65903,34.46952],[-81.65657,34.47785],[-81.6595354501,34.4783927868]]]},"properties":{"flat_pct":64}},{"type":"Feature","geometry":{"type":"Polygon","coordinates":[[[-81.7289121852,34.4874360251],[-81.7262244417,34.4887368959],[-81.7165056766,34.4893063748],[-81.7147901991,34.4929394899],[-81.7109211782,34.4952227664],[-81.70999810747968,34.49749325790623],[-81.70451489296008,34.49504907746674],[-81.7064723079,34.4905697884],[-81.7098554827,34.489306669],[-81.7119602734,34.4850412751],[-81.7155451888,34.4831747823],[-81.7245750141,34.4828211282],[-81.7247516353,34.478458574],[-81.7286513828,34.4750524473],[-81.7288408974,34.4725450536],[-81.73012713128787,34.471056164876806],[-81.72908,34.47317],[-81.73387310400192,34.478481282290915],[-81.7304886073,34.4807883412],[-81.730521683,34.4845017321],[-81.7289121852,34.4874360251]]]},"properties":{"flat_pct":82}},{"type":"Feature","geometry":{"type":"Polygon","coordinates":[[[-81.7428662688,34.4920867057],[-81.7403165352,34.4918042531],[-81.738892046,34.4893607788],[-81.7396917939,34.4872084589],[-81.74252164024814,34.485314723690465],[-81.75012,34.48755],[-81.7428662688,34.4920867057]]]},"properties":{"flat_pct":87}},{"type":"Feature","geometry":{"type":"Polygon","coordinates":[[[-81.6445505351,34.4976244405],[-81.64326097052333,34.49753950087189],[-81.64175,34.49644],[-81.64682741990809,34.49588287661856],[-81.6445505351,34.4976244405]]]},"properties":{}},{"type":"Feature","geometry":{"type":"Polygon","coordinates":[[[-81.7056722995,34.5019517879],[-81.70533121223166,34.504821134687155],[-81.70147,34.50513],[-81.70012,34.50525],[-81.69938615453219,34.50553644525695],[-81.6989237004,34.5033863515],[-81.7008297433,34.4982232773],[-81.70448679803145,34.49511818300156],[-81.70994034446957,34.497635338486766],[-81.7088320797,34.4997505062],[-81.7056722995,34.5019517879]]]},"properties":{"flat_pct":93}},{"type":"Feature","geometry":{"type":"Polygon","coordinates":[[[-81.7400828686,34.5011502855],[-81.7419826491,34.4987201223],[-81.74602038219284,34.499112083657344],[-81.7453,34.50057],[-81.74624,34.50228],[-81.7412042245502,34.50387257320228],[-81.7400828686,34.5011502855]]]},"properties":{"flat_pct":75}},{"type":"Feature","geometry":{"type":"Polygon","coordinates":[[[-81.7040593489,34.5074584221],[-81.7012511158,34.5077954125],[-81.69942539482626,34.50570128673972],[-81.70533683713474,34.50490096719834],[-81.7040593489,34.5074584221]]]},"properties":{"flat_pct":57}},{"type":"Feature","geometry":{"type":"Polygon","coordinates":[[[-81.7383236322,34.51643665],[-81.731004729,34.5188623558],[-81.7289442362,34.5173341902],[-81.72863361640073,34.514841392128936],[-81.7334,34.51109],[-81.73411,34.51343],[-81.73737,34.512],[-81.73911,34.51001],[-81.74139456157295,34.5110091149279],[-81.7383236322,34.51643665]]]},"properties":{"flat_pct":88}},{"type":"Feature","geometry":{"type":"Polygon","coordinates":[[[-81.6139050504,34.5192310329],[-81.61403684113527,34.52522075380462],[-81.60768778212056,34.52515346627531],[-81.6072532574,34.5230545357],[-81.60812,34.5212],[-81.60738226114813,34.51875699593315],[-81.61005209665205,34.51381529080444],[-81.61337,34.51376],[-81.61405,34.51615],[-81.61527371187131,34.51677107989448],[-81.6139050504,34.5192310329]]]},"properties":{"flat_pct":61}},{"type":"Feature","geometry":{"type":"Polygon","coordinates":[[[-81.6880823061,34.5472537043],[-81.68681266867658,34.55038128212435],[-81.68572,34.55089],[-81.68617984285733,34.55312177066753],[-81.6850099096,34.5549965146],[-81.6819669941,34.5563575302],[-81.6802049339,34.5553670983],[-81.6794711663,34.5534836448],[-81.682022548,34.5462725125],[-81.6807850807,34.5400365117],[-81.6800746535,34.5401366844],[-81.680916289,34.5420808275],[-81.6801347768,34.5455767093],[-81.6774709553,34.5472995672],[-81.667173683,34.5454168006],[-81.6627162803,34.5461059629],[-81.65959053286184,34.54487945689549],[-81.65831,34.5408],[-81.65670995627652,34.54090353224093],[-81.6592735997,34.5386789205],[-81.665024983,34.5397751556],[-81.65975112470362,34.53648236339712],[-81.66413271951453,34.53237544894847],[-81.66714215072962,34.5331113689544],[-81.6698753823,34.5355154645],[-81.6792576323606,34.534192534805555],[-81.6774497161,34.5320547326],[-81.67767333928846,34.52958112045964],[-81.68237,34.53128],[-81.68547,34.53406],[-81.68899,34.53445],[-81.68963,34.53327],[-81.68141,34.52988],[-81.68219431935424,34.5287548507693],[-81.6847860154,34.531120809],[-81.6900020215,34.5315335864],[-81.6905614136,34.5258851686],[-81.69331,34.51848],[-81.69591,34.51644],[-81.69599051820515,34.513622988224945],[-81.7003882521,34.519277608],[-81.6962772351,34.5278355987],[-81.6959980331,34.531228019],[-81.70293162558939,34.53236800475451],[-81.7035,34.53362],[-81.69978545609513,34.53784716673676],[-81.68640259619917,34.53726749841216],[-81.6880823061,34.5472537043]],[[-81.68154,34.53603],[-81.6808,34.53658],[-81.68128,34.53673],[-81.68154,34.53603]],[[-81.68069,34.53158],[-81.68031,34.53238],[-81.68113,34.53318],[-81.68154,34.53244],[-81.68069,34.53158]]]},"properties":{"flat_pct":79}},{"type":"Feature","geometry":{"type":"Polygon","coordinates":[[[-81.60878350264524,34.52716245257589],[-81.61175,34.5271],[-81.6112170301,34.5281847722],[-81.60878350264524,34.52716245257589]]]},"properties":{}},{"type":"Feature","geometry":{"type":"Polygon","coordinates":[[[-81.6248010028,34.5485724397],[-81.6283655841,34.5416470484],[-81.6316137899,34.5397909452],[-81.6330056906,34.5378180147],[-81.6376510097,34.5355301897],[-81.642547876,34.5364872975],[-81.6457737111,34.5393895392],[-81.64878299227318,34.53772968249272],[-81.64926,34.53859],[-81.6478,34.53948],[-81.64827,34.54007],[-81.64995,34.53935],[-81.65327,34.54063],[-81.65413933670249,34.542044871880144],[-81.64728034,34.5455140219],[-81.6434430864,34.5450194202],[-81.64280166868026,34.544795787990935],[-81.64476,34.54226],[-81.64131,34.53917],[-81.63831,34.53836],[-81.63025,34.5439],[-81.62958,34.54546],[-81.63198,34.54587],[-81.63199,34.54667],[-81.62952,34.54688],[-81.62801,34.54805],[-81.6262791865658,34.5512337439776],[-81.6248010028,34.5485724397]]]},"properties":{"flat_pct":66}},{"type":"Feature","geometry":{"type":"Polygon","coordinates":[[[-81.7128234948,34.5461425442],[-81.7119,34.54891],[-81.70981,34.55069],[-81.70988629408176,34.55203688398165],[-81.7060828234,34.5541325803],[-81.70337905195079,34.55296923443302],[-81.70944,34.5454],[-81.70867,34.53999],[-81.71254,34.54029],[-81.7128234948,34.5461425442]]]},"properties":{"flat_pct":69}},{"type":"Feature","geometry":{"type":"Polygon","coordinates":[[[-81.62925828,34.5651376523],[-81.6263319961,34.562059626],[-81.6243661739,34.5623065315],[-81.6226425901,34.5612505624],[-81.6219974432,34.5590469601],[-81.6230994376,34.5570325901],[-81.62512008993754,34.55558387517057],[-81.63132,34.5593],[-81.63635,34.55777],[-81.63773,34.55847],[-81.63407,34.5628],[-81.63349145221768,34.565344366053395],[-81.62925828,34.5651376523]]]},"properties":{"flat_pct":57}},{"type":"Feature","geometry":{"type":"Polygon","coordinates":[[[-81.6582699852,34.5603399544],[-81.6659473449,34.5543253279],[-81.6682048429,34.5547445898],[-81.6695046721,34.5566373449],[-81.66956203671018,34.557434045353965],[-81.66792,34.55686],[-81.66329,34.56072],[-81.66144086321934,34.565632024135404],[-81.65386,34.56574],[-81.6524154345,34.5668080702],[-81.6515548995,34.5643913781],[-81.65271943515064,34.562309608386464],[-81.6582699852,34.5603399544]]]},"properties":{"flat_pct":55}},{"type":"Feature","geometry":{"type":"Polygon","coordinates":[[[-81.7401430518,34.5913962673],[-81.7389524321959,34.58703504129209],[-81.74095,34.58565],[-81.7404,34.58247],[-81.73894,34.58078],[-81.73633084490105,34.580252305710324],[-81.7353225513,34.5739309994],[-81.7288680199,34.5780031347],[-81.7244004893,34.5849412369],[-81.72134,34.58465],[-81.72101532987621,34.58614616026117],[-81.71700457002652,34.58839054719787],[-81.70429,34.5836],[-81.6975,34.58827],[-81.69038,34.58993],[-81.68627988180005,34.588313286726034],[-81.6865229554,34.5830650888],[-81.6907476913,34.5766894763],[-81.6897050754,34.5710096245],[-81.6917868077,34.5674955393],[-81.6918424768,34.5634068761],[-81.6969059529,34.5581588533],[-81.6992223218,34.5582293157],[-81.7007973656,34.5599292472],[-81.7008050129,34.561969605],[-81.6976464743,34.565775606],[-81.6977024352,34.568919308],[-81.69569,34.5725825292],[-81.696795895,34.5753304622],[-81.6966296912,34.5784401306],[-81.6927006004,34.5850647438],[-81.6937978315,34.5852656453],[-81.7004007989,34.5809312905],[-81.7065810777,34.5808922426],[-81.7093944336,34.5797669012],[-81.7084161793,34.5733875477],[-81.70980456394288,34.56995720953095],[-81.71559152010275,34.56994204057641],[-81.7144933982,34.5762951751],[-81.716912559,34.581572328],[-81.7195146141,34.5801129161],[-81.7204385639,34.5776604401],[-81.7230274563,34.5762258889],[-81.7246289954,34.5725927367],[-81.731911383,34.5693441035],[-81.7337816017,34.569319318],[-81.7350790101,34.5651683195],[-81.7385908825,34.5648559601],[-81.7399504606,34.5666636264],[-81.739785786,34.569672027],[-81.7413178798,34.5726126595],[-81.7418318888,34.5777652005],[-81.745069595,34.5854336249],[-81.74597373354302,34.592882581945524],[-81.74401,34.59432],[-81.74251,34.59392],[-81.74255,34.59495],[-81.74004376877592,34.59671755254751],[-81.7401430518,34.5913962673]]]},"properties":{"flat_pct":68}},{"type":"Feature","geometry":{"type":"Polygon","coordinates":[[[-81.6286646451,34.5748091673],[-81.6268344717,34.5799361109],[-81.6288245679,34.5823801979],[-81.6285293314,34.5911674388],[-81.6225502911,34.598951571],[-81.6192690618,34.5995391357],[-81.6177976289,34.5981532435],[-81.6175393967,34.5961484672],[-81.6224694869,34.5887627547],[-81.6227391392,34.5859645427],[-81.619995988,34.5825203762],[-81.6205916163,34.578288347],[-81.62151490708646,34.57583172438411],[-81.6255,34.57488],[-81.62516,34.57276],[-81.62793005294536,34.57048361985678],[-81.6286646451,34.5748091673]]]},"properties":{"flat_pct":62}},{"type":"Feature","geometry":{"type":"Polygon","coordinates":[[[-81.6464632894,34.5975411251],[-81.6408966926,34.6015908873],[-81.6403653495,34.604159401],[-81.6373078973,34.6063553059],[-81.6350430099,34.606732616],[-81.6331746941,34.6053978973],[-81.6328778138,34.6028498033],[-81.6348935421,34.6007896677],[-81.6353601818,34.5982575424],[-81.6416907275,34.5933313278],[-81.6449523858,34.5806406675],[-81.6479011598,34.5790861804],[-81.6499199023,34.5801801441],[-81.6505738196,34.5823811598],[-81.6464632894,34.5975411251]]]},"properties":{"flat_pct":64}},{"type":"Feature","geometry":{"type":"Polygon","coordinates":[[[-81.6653279171,34.5964991073],[-81.6587552658,34.6008375633],[-81.656493243,34.6004434427],[-81.6551724367,34.5985652658],[-81.6554212668,34.5965593008],[-81.6572966967,34.5942443447],[-81.6610683322,34.5919682008],[-81.6618682377,34.5897151965],[-81.66498002884329,34.58754630215549],[-81.6653,34.58901],[-81.66815651454547,34.590562267634745],[-81.6653279171,34.5964991073]]]},"properties":{"flat_pct":77}},{"type":"Feature","geometry":{"type":"Polygon","coordinates":[[[-81.6940206745,34.6113884387],[-81.690817647,34.6104652307],[-81.6904448345,34.6071527227],[-81.6938089016,34.6002708324],[-81.69651663920556,34.59829331992034],[-81.70031,34.59763],[-81.69978,34.59963],[-81.69746,34.60123],[-81.69792,34.60196],[-81.69475,34.60547],[-81.69818984406874,34.6060141040216],[-81.6940206745,34.6113884387]]]},"properties":{"flat_pct":77}},{"type":"Feature","geometry":{"type":"Polygon","coordinates":[[[-81.6691519066,34.616840221],[-81.6666717466,34.618199832],[-81.6640093496,34.616642109],[-81.662832077,34.6106783851],[-81.6645152244,34.6080934531],[-81.6668070599,34.6079535667],[-81.6685265469,34.6094752244],[-81.6700606706,34.6138935913],[-81.6691519066,34.616840221]]]},"properties":{"flat_pct":55}},{"type":"Feature","geometry":{"type":"Polygon","coordinates":[[[-81.7571995594,34.6123500693],[-81.7547525089,34.6190334567],[-81.75581853265923,34.62205868831029],[-81.74995550605148,34.623225762474654],[-81.7481358258,34.619082259],[-81.751113056,34.6105762442],[-81.7462411343,34.6099214082],[-81.74372255869407,34.612025678156535],[-81.73818,34.60811],[-81.73722,34.60859],[-81.7380414219311,34.60496752928386],[-81.74463,34.60548],[-81.74790508776803,34.60409779040144],[-81.7569779661,34.603825284],[-81.758937671,34.6065218104],[-81.7581432461,34.6086761008],[-81.756015636,34.6097071774],[-81.7571995594,34.6123500693]]]},"properties":{"flat_pct":76}},{"type":"Feature","geometry":{"type":"Polygon","coordinates":[[[-81.6668636683,34.6335013664],[-81.6658577325,34.6363702386],[-81.6626450303,34.6370571956],[-81.6594119377,34.6351985053],[-81.6596641499,34.6319565194],[-81.6502792165,34.6300373543],[-81.6451046165,34.626727042],[-81.6412172488,34.6262629171],[-81.6359407516,34.6276475689],[-81.6337723526,34.6268425192],[-81.6328211797,34.6247341243],[-81.6334583668,34.6227999491],[-81.6391083935,34.6203430684],[-81.6346923779,34.6206757208],[-81.6327221318,34.6187126245],[-81.6244501789,34.6146776006],[-81.6206716537,34.6073789705],[-81.6212423171,34.6045711005],[-81.6255511975,34.6012326188],[-81.6260862759,34.5979148656],[-81.629252469,34.5969178141],[-81.6314710473,34.5997104988],[-81.6316143895,34.6037790024],[-81.6301453922,34.6070605976],[-81.6283365769,34.6083209277],[-81.6283015415,34.6099092146],[-81.6366125211,34.6138381927],[-81.6390342038,34.6131943961],[-81.6415129064,34.6146858944],[-81.6459794634,34.6152091587],[-81.6491474156,34.6183089168],[-81.6500282348,34.6228772074],[-81.6523636788,34.6243400679],[-81.6635281627,34.6269374494],[-81.6668636683,34.6335013664]]]},"properties":{"flat_pct":62}},{"type":"Feature","geometry":{"type":"Polygon","coordinates":[[[-81.7107430121,34.6209740282],[-81.7089652492,34.6245925369],[-81.7044006704,34.6288935984],[-81.6974736624,34.628141211],[-81.6925934018,34.6331202925],[-81.6864700771,34.6351568051],[-81.684455294,34.6349941363],[-81.6830010417,34.6335902267],[-81.683636489,34.6300729718],[-81.6897746785,34.6276734416],[-81.6951797334,34.6222578783],[-81.6983173104,34.6219177789],[-81.701669852,34.6230072035],[-81.7043076634,34.6205970781],[-81.7036399295,34.6160872933],[-81.7051783222,34.6114488029],[-81.70798568163082,34.60983295367541],[-81.71468,34.61236],[-81.7156376779,34.6099865731],[-81.7172497109,34.6116216351],[-81.7172334269,34.6139176779],[-81.715034389,34.6156964326],[-81.7097531462,34.6157166226],[-81.7107430121,34.6209740282]]]},"properties":{"flat_pct":71}},{"type":"Feature","geometry":{"type":"Polygon","coordinates":[[[-81.6031489317,34.6269655025],[-81.59932437520557,34.6310620445117],[-81.59799,34.62475],[-81.60025,34.62463],[-81.60287850092965,34.62028844409812],[-81.6105518188,34.6174707282],[-81.6136975505,34.615358288],[-81.6185707443,34.6151787697],[-81.6206840429,34.6166330358],[-81.62098985,34.6189086807],[-81.6195969642,34.6207340429],[-81.615492201,34.6212339017],[-81.61237658464744,34.62333481108928],[-81.6083462733,34.6240602474],[-81.6031489317,34.6269655025]]]},"properties":{"flat_pct":77}},{"type":"Feature","geometry":{"type":"Polygon","coordinates":[[[-81.7332416509,34.6327414805],[-81.7336965113,34.6299481928],[-81.7362764138,34.6284948178],[-81.7336773867,34.6271693948],[-81.7333971272,34.6243549338],[-81.73910157109118,34.618386401550566],[-81.74078,34.62093],[-81.7371,34.62762],[-81.74062,34.62842],[-81.73539335154089,34.63468736594906],[-81.7332416509,34.6327414805]]]},"properties":{"flat_pct":94}},{"type":"Feature","geometry":{"type":"Polygon","coordinates":[[[-81.7128734962,34.6327507205],[-81.7108756799,34.6335809701],[-81.707559592,34.6374092124],[-81.6987111095,34.6380669962],[-81.6984259512,34.6403449635],[-81.696661653,34.6418144293],[-81.6943750365,34.6416059512],[-81.6929055707,34.639841653],[-81.6927662329,34.6359928122],[-81.6953318366,34.6329537767],[-81.7006908232,34.6314208575],[-81.704709656,34.6318819327],[-81.7070734544,34.6286979618],[-81.7140065485,34.6236343417],[-81.7158257421,34.6212410923],[-81.7189040005,34.6210431437],[-81.7203873173,34.6227958129],[-81.7201968563,34.6250840005],[-81.7183144627,34.6279268121],[-81.7142444806,34.630455077],[-81.7128734962,34.6327507205]]]},"properties":{"flat_pct":63}},{"type":"Feature","geometry":{"type":"Polygon","coordinates":[[[-81.7406613552,34.6337013621],[-81.7355021247889,34.63471049498882],[-81.74073268021314,34.628470682932175],[-81.7419002279,34.6317692184],[-81.7406613552,34.6337013621]]]},"properties":{"flat_pct":100}},{"type":"Feature","geometry":{"type":"Polygon","coordinates":[[[-81.73329271257298,34.64206575406456],[-81.7230428458,34.6395628487],[-81.7198855651,34.6414328758],[-81.7122932505,34.6430287455],[-81.7101982255,34.6420890921],[-81.7093812545,34.6399432505],[-81.7110429074,34.6373444491],[-81.7181152087,34.6355513856],[-81.7217336978,34.6335813374],[-81.7251215645,34.6336716107],[-81.727569382,34.6350228847],[-81.7301292041,34.634586725],[-81.7339068535014,34.63610984085692],[-81.73327,34.63691],[-81.73329271257298,34.64206575406456]]]},"properties":{"flat_pct":62}},{"type":"Feature","geometry":{"type":"Polygon","coordinates":[[[-81.7361541264,34.6384937018],[-81.7355232185,34.6409802408],[-81.73332167331588,34.642064419805244],[-81.73362855740967,34.63655668246897],[-81.7351202408,34.6367567815],[-81.7361541264,34.6384937018]]]},"properties":{"flat_pct":71}},{"type":"Feature","geometry":{"type":"Polygon","coordinates":[[[-81.7492111651,34.6381952086],[-81.7520744141,34.637047749],[-81.7544361095,34.6390320004],[-81.7552498891,34.6435875384],[-81.7543505779,34.6477812152],[-81.752765816,34.6501748151],[-81.75030037303968,34.65137392190705],[-81.7491,34.64948],[-81.74202457736355,34.6523164151025],[-81.74039,34.64968],[-81.73847,34.65086],[-81.73614,34.64951],[-81.7394306319,34.6468084588],[-81.7429104974,34.6459003933],[-81.7463587662,34.6465274614],[-81.7487341773,34.6455212551],[-81.7492111651,34.6381952086]]]},"properties":{"flat_pct":86}},{"type":"Feature","geometry":{"type":"Polygon","coordinates":[[[-81.6359190881,34.6453853407],[-81.6421858366,34.6401354282],[-81.6444669288,34.6403975282],[-81.6458945718,34.6421958366],[-81.6446324718,34.6462769288],[-81.6413456155,34.6482016652],[-81.641311357829,34.649852019865946],[-81.63516265234216,34.64989825073427],[-81.6359190881,34.6453853407]]]},"properties":{"flat_pct":64}},{"type":"Feature","geometry":{"type":"Polygon","coordinates":[[[-81.5985480121,34.3225273073],[-81.5994949892,34.3272490244],[-81.5988321863,34.3284931384],[-81.5971762665,34.3300519512],[-81.5958957124,34.3354310805],[-81.5941005902,34.3368627279],[-81.5918189195,34.3366057124],[-81.5902888536,34.3336441931],[-81.59195041349922,34.326831583903854],[-81.5933013212,34.3254619207],[-81.5929242643,34.3228508843],[-81.5936424761093,34.321668968130396],[-81.59514,34.32252],[-81.59751,34.31885],[-81.59502252468721,34.31743031896782],[-81.5976502784,34.3165938013],[-81.600660784,34.3135030128],[-81.60368283748042,34.313920533117034],[-81.6047599721,34.3156728704],[-81.6047345108,34.3185311963],[-81.6029394669,34.3206683396],[-81.5985480121,34.3225273073]],[[-81.59701,34.3296],[-81.59737,34.32985],[-81.59671,34.32939],[-81.59701,34.3296]]]},"properties":{"flat_pct":90}},{"type":"Feature","geometry":{"type":"Polygon","coordinates":[[[-81.5772340829,34.3491560198],[-81.57839032578059,34.356424790310584],[-81.57547,34.35507],[-81.5730202397974,34.35648046799543],[-81.5720630684,34.3527901441],[-81.5691285498,34.3505241577],[-81.5644680502,34.3492206809],[-81.56353,34.3474],[-81.56462,34.34673],[-81.56352,34.34451],[-81.5692,34.3445],[-81.56878,34.3461],[-81.57178352117838,34.34499609389526],[-81.5772340829,34.3491560198]]]},"properties":{"flat_pct":86}},{"type":"Feature","geometry":{"type":"Polygon","coordinates":[[[-81.5166543898721,34.35616077230527],[-81.5101002905,34.3573311716],[-81.50823902603135,34.355000364544516],[-81.51111,34.35439],[-81.51472,34.35158],[-81.51507,34.35257],[-81.51329,34.35498],[-81.5166543898721,34.35616077230527]]]},"properties":{"flat_pct":100}},{"type":"Feature","geometry":{"type":"Polygon","coordinates":[[[-81.6010388504,34.3706003179],[-81.5966642252,34.3748769766],[-81.5933581432,34.3744509248],[-81.592486581,34.3712334603],[-81.5961653292,34.3652938783],[-81.5945591349,34.3635676959],[-81.5918622592,34.3628163143],[-81.5921894104,34.3658803093],[-81.5870196986,34.3747750928],[-81.58425,34.37315],[-81.58474,34.37152],[-81.58221282976373,34.37034986329896],[-81.58598497115479,34.36439833302489],[-81.58796,34.36313],[-81.58991,34.36372],[-81.59647,34.35809],[-81.60264,34.36331],[-81.60199,34.36372],[-81.60378372511121,34.36539610379244],[-81.6010388504,34.3706003179]]]},"properties":{"flat_pct":85}},{"type":"Feature","geometry":{"type":"Polygon","coordinates":[[[-81.5570932359,34.3655519967],[-81.5577106982,34.3677397616],[-81.5566167182,34.3697324438],[-81.5509361622,34.3701896436],[-81.5562921524,34.3724219952],[-81.55769502,34.3738772527],[-81.5575044876,34.3766992083],[-81.5547579066,34.3781031853],[-81.5457623304,34.374061746],[-81.5423046692,34.3710680681],[-81.5401012547,34.3668599846],[-81.53677665492896,34.36450635439482],[-81.5379,34.36294],[-81.53715,34.36255],[-81.53965,34.36056],[-81.54218,34.36303],[-81.544173417,34.3623914769],[-81.5459121669,34.3650511201],[-81.5530121559,34.364050644],[-81.5570932359,34.3655519967]]]},"properties":{"flat_pct":76}},{"type":"Feature","geometry":{"type":"Polygon","coordinates":[[[-81.5071032499,34.3858584439],[-81.5040700287,34.388437056],[-81.5008872387,34.3874463258],[-81.50024522805218,34.38518927860031],[-81.5016941711,34.3798557631],[-81.4993558653,34.3762349456],[-81.49708969987796,34.37482363264988],[-81.49561518846002,34.37156592505227],[-81.49858,34.36978],[-81.50338997335353,34.36835482271006],[-81.5025804284,34.3711747035],[-81.5075525163,34.3775425795],[-81.5071032499,34.3858584439]],[[-81.50138,34.374],[-81.50259,34.37688],[-81.50456,34.37812],[-81.50475,34.38124],[-81.50369,34.38225],[-81.50377,34.3829],[-81.50482,34.38125],[-81.50462,34.3781],[-81.50265,34.37685],[-81.50143,34.37396],[-81.4986,34.37213],[-81.50032,34.36955],[-81.49887,34.37057],[-81.49854,34.37214],[-81.50138,34.374]]]},"properties":{"flat_pct":75}},{"type":"Feature","geometry":{"type":"Polygon","coordinates":[[[-81.5705162192,34.3658523372],[-81.5678415329,34.3672246156],[-81.5682914103,34.3711621742],[-81.5663086894,34.3748527417],[-81.5674925287858,34.37952810303151],[-81.56493,34.37813],[-81.56035,34.38456],[-81.5575628794,34.3851595984],[-81.55665734556375,34.38774625886429],[-81.55367750171477,34.39031745907863],[-81.5515138763,34.3893850631],[-81.550695462,34.3874349962],[-81.5431139345,34.3906260481],[-81.5374593645,34.3875624164],[-81.542437801,34.3944465863],[-81.54365118,34.3994455079],[-81.5417358836,34.4019142632],[-81.5384524474,34.4011305099],[-81.5364007099,34.3962774528],[-81.5342500801,34.3937648876],[-81.53305262112208,34.396546422911634],[-81.53157,34.39681],[-81.52577652515535,34.39510617213107],[-81.5314234502,34.3881114303],[-81.5317789435427,34.38355794717714],[-81.53304,34.38274],[-81.53365,34.37928],[-81.53299,34.38271],[-81.53218532196061,34.38266578692092],[-81.530138799,34.3788919987],[-81.5270070432,34.3801537958],[-81.526825772,34.3823086091],[-81.52364149,34.3883811053],[-81.5195328038,34.3899167885],[-81.52069681697813,34.39495851728578],[-81.51826,34.39564],[-81.51984758376854,34.397117450339564],[-81.5165072393,34.3992547547],[-81.5073267291,34.4012559032],[-81.5044727393,34.3995709902],[-81.5028018906,34.4017170378],[-81.4950592408,34.4036476293],[-81.4923480942,34.4027908057],[-81.4879074486,34.3993303763],[-81.48778959611057,34.39536268553317],[-81.49416207674066,34.395369268674315],[-81.4960228237,34.3972862779],[-81.49764391242773,34.39688039072167],[-81.49458,34.40061],[-81.50166,34.39888],[-81.49983447935732,34.39561362199292],[-81.501574052,34.3943601435],[-81.5038667691,34.3944847477],[-81.5052904914,34.3959260832],[-81.5113099769,34.3935901776],[-81.5141760177,34.3937014259],[-81.5132905684,34.3910883968],[-81.5140723268,34.3871075862],[-81.516569897,34.3844513811],[-81.5190126848,34.3837092994],[-81.521022852,34.3805987887],[-81.521870657,34.3765809594],[-81.5253774787,34.3733359533],[-81.52624714492099,34.373101617509086],[-81.52876,34.37627],[-81.53125,34.37503],[-81.53275,34.37774],[-81.53421,34.37706],[-81.53639209763439,34.37783689468306],[-81.5379392731,34.3806898862],[-81.5425623132,34.3837415482],[-81.5495890983,34.3815494319],[-81.5521670183,34.3825352151],[-81.5546247044,34.379851809],[-81.5581198371,34.3789915794],[-81.5605289403,34.3769882955],[-81.5603285338,34.3735303604],[-81.5622810402,34.3702391114],[-81.5615403759,34.3657325135],[-81.56245674253812,34.36331724700079],[-81.56849,34.36361],[-81.56670183728478,34.357642494777885],[-81.5675269054,34.3572256526],[-81.5698190333,34.3573606609],[-81.5713443474,34.3590769054],[-81.5714650807,34.3640258686],[-81.5705162192,34.3658523372]],[[-81.5372,34.38549],[-81.536,34.38305],[-81.53577,34.38462],[-81.5372,34.38549]]]},"properties":{"flat_pct":85}},{"type":"Feature","geometry":{"type":"Polygon","coordinates":[[[-81.59980176421064,34.39537943844472],[-81.59823,34.39596],[-81.601409991,34.3987026614],[-81.5996011961,34.4024178732],[-81.5927755069,34.4059743433],[-81.5881192734,34.4067391979],[-81.5857968337,34.4094500767],[-81.582353082,34.4084932849],[-81.5817935646,34.4059897152],[-81.5839223456,34.4023612724],[-81.585838961,34.4011419404],[-81.5911960623,34.4001287789],[-81.5923068475,34.3984686891],[-81.5942221836,34.3978215186],[-81.5920618834,34.3939067565],[-81.59362866097322,34.38721728864135],[-81.59455,34.38969],[-81.59836565824322,34.38741665221491],[-81.5992999353,34.3897296962],[-81.5983443212,34.3931802611],[-81.59980176421064,34.39537943844472]]]},"properties":{"flat_pct":94}},{"type":"Feature","geometry":{"type":"Polygon","coordinates":[[[-81.4884735169,34.4150240189],[-81.4879752542,34.4178081651],[-81.4853835013,34.4189406635],[-81.48414,34.41596],[-81.47715,34.41405],[-81.47646,34.4062],[-81.47417,34.4036],[-81.47046,34.40355],[-81.47112,34.40231],[-81.46845,34.40189],[-81.46839086237088,34.40476460301571],[-81.4673392974,34.4044322726],[-81.4658870427,34.4026537804],[-81.4662697039,34.4001171505],[-81.468181978,34.3988462115],[-81.4731157076,34.3988146094],[-81.4781694876,34.4017186106],[-81.4792172424,34.3959689965],[-81.4787837057,34.3948585254],[-81.4771724441828,34.39442008689192],[-81.47805,34.39167],[-81.4809,34.3926],[-81.48149,34.39158],[-81.48375462087098,34.39149805648164],[-81.4852576916,34.3958009028],[-81.484233699,34.4009785484],[-81.4854065133,34.4041739132],[-81.4835643779,34.4063532664],[-81.4805208042,34.4058388219],[-81.4798863068,34.408276559],[-81.4807418358,34.4114548827],[-81.4869829736,34.4132774913],[-81.4884735169,34.4150240189]]]},"properties":{"flat_pct":64}},{"type":"Feature","geometry":{"type":"Polygon","coordinates":[[[-81.5585733351,34.4217344394],[-81.55686393812299,34.41957479776911],[-81.55893,34.41915],[-81.55869,34.41836],[-81.56177,34.41556],[-81.55972,34.41371],[-81.5577,34.40503],[-81.56061,34.40589],[-81.56003,34.40352],[-81.56120927959451,34.399687202029696],[-81.5607929609,34.4055361174],[-81.5626577301,34.4135633205],[-81.5623587643,34.414990218],[-81.5614499397,34.4160856144],[-81.5712050425,34.4217529467],[-81.57516395296668,34.42563598279604],[-81.57469,34.42891],[-81.5768,34.43006],[-81.57845,34.43265],[-81.57702891152253,34.433509780802986],[-81.5731485003,34.4314218438],[-81.5694406054,34.4291355087],[-81.5670849678,34.426198309],[-81.5585733351,34.4217344394]]]},"properties":{"flat_pct":95}},{"type":"Feature","geometry":{"type":"Polygon","coordinates":[[[-81.5745078659,34.4224680596],[-81.5729171973,34.4195976826],[-81.5734566047,34.4176634858],[-81.5749346477,34.4165566539],[-81.5742981815,34.4136500027],[-81.5755187367,34.4120387743],[-81.57758079021525,34.41150143627819],[-81.57810753032436,34.42323928685758],[-81.5745078659,34.4224680596]]]},"properties":{"flat_pct":90}},{"type":"Feature","geometry":{"type":"Polygon","coordinates":[[[-81.5809765326,34.4194669872],[-81.5806506183,34.4217398395],[-81.57859025600986,34.42316196330077],[-81.57822,34.41476],[-81.58036713609695,34.41610078013496],[-81.5788428183,34.4173136915],[-81.5809765326,34.4194669872]]]},"properties":{"flat_pct":100}},{"type":"Feature","geometry":{"type":"Polygon","coordinates":[[[-81.5463686344,34.4149737663],[-81.5468704983,34.4171685794],[-81.5457763144,34.421170325],[-81.547101677,34.4246837136],[-81.5466163625,34.4269279391],[-81.5443943891,34.4282100291],[-81.5422032316,34.4275021053],[-81.5415852609,34.4293394703],[-81.537343159,34.4337825219],[-81.5342673877,34.4335490926],[-81.5331534137,34.4301529274],[-81.534116365,34.4274784414],[-81.5363858601,34.4257177843],[-81.5374033284,34.4233955962],[-81.5378195944,34.4193584642],[-81.5406296147,34.4173702821],[-81.5402755193,34.4124726611],[-81.543956662,34.4071231233],[-81.5474342552,34.4047286014],[-81.5494511456,34.4045945676],[-81.55158858746638,34.4064161981723],[-81.54841,34.41045],[-81.54926792781234,34.412505452050375],[-81.5474502362,34.4130909713],[-81.5463686344,34.4149737663]]]},"properties":{"flat_pct":81}},{"type":"Feature","geometry":{"type":"Polygon","coordinates":[[[-81.5165254421,34.4252001015],[-81.5147174813,34.423784702],[-81.5144398985,34.4215054421],[-81.5159527248,34.4190294552],[-81.5185505422,34.4186515191],[-81.5206862734,34.4204843597],[-81.5208327018,34.4228078261],[-81.518804702,34.4249225187],[-81.5165254421,34.4252001015]],[[-81.51847,34.42195],[-81.51846,34.42205],[-81.51845,34.42217],[-81.51847,34.42195]]]},"properties":{"flat_pct":68}},{"type":"Feature","geometry":{"type":"Polygon","coordinates":[[[-81.4677436131,34.4260423241],[-81.4651796448,34.4259587313],[-81.4636939346,34.4242080906],[-81.46566,34.42381],[-81.463207328889,34.42178035056146],[-81.4652580364,34.419121719],[-81.46787772266902,34.419486684214846],[-81.46739,34.42121],[-81.46834,34.42339],[-81.46984332136842,34.423764962373646],[-81.4677436131,34.4260423241]]]},"properties":{"flat_pct":94}},{"type":"Feature","geometry":{"type":"Polygon","coordinates":[[[-81.4859300505,34.4330625882],[-81.4866624259,34.4302751134],[-81.4840440705,34.4274470749],[-81.4834994342,34.4254722685],[-81.4845687084,34.4234059517],[-81.4867935353,34.4227253951],[-81.48984817435804,34.424996570665286],[-81.48902,34.42803],[-81.4926236871363,34.4280535843399],[-81.4921865844,34.43276365],[-81.4949698904,34.4341615889],[-81.49680674545775,34.43679892130838],[-81.48892,34.43688],[-81.48885867023782,34.43838695987071],[-81.4859300505,34.4330625882]]]},"properties":{"flat_pct":80}},{"type":"Feature","geometry":{"type":"Polygon","coordinates":[[[-81.5069002906,34.4382288427],[-81.50502946623064,34.44169180875681],[-81.50236,34.43739],[-81.50517698306699,34.43592394069265],[-81.5069002906,34.4382288427]]]},"properties":{"flat_pct":100}},{"type":"Feature","geometry":{"type":"Polygon","coordinates":[[[-81.5424398381,34.4396738322],[-81.5420838958,34.4374054885],[-81.5431927583,34.4357154484],[-81.5490873431,34.4348834882],[-81.5565418141,34.4371086065],[-81.56626068032752,34.4463229536236],[-81.56339,34.44782],[-81.5542,34.43962],[-81.55012,34.43825],[-81.54663566438667,34.44117909737593],[-81.5440130528,34.4409430081],[-81.5424398381,34.4396738322]]]},"properties":{"flat_pct":97}},{"type":"Feature","geometry":{"type":"Polygon","coordinates":[[[-81.4913,34.43945],[-81.48915212815612,34.43859909812491],[-81.4989,34.43857],[-81.49677132124245,34.445608831091654],[-81.4945791217,34.4443613447],[-81.4913,34.43945]]]},"properties":{"flat_pct":78}},{"type":"Feature","geometry":{"type":"Polygon","coordinates":[[[-81.54313393852527,34.45321317789608],[-81.5421809323,34.4562775274],[-81.5393937711,34.4569924212],[-81.5376939796,34.4591205079],[-81.5320615603,34.4622410306],[-81.5299648577,34.4623857379],[-81.5287138314,34.4720297292],[-81.52797102388732,34.473283403011095],[-81.5247,34.47387],[-81.52704147322787,34.47877963169304],[-81.525060638,34.4802429671],[-81.5225628583,34.4796581443],[-81.5214970329,34.477940638],[-81.5205277213,34.4707131102],[-81.5229224095,34.468179741],[-81.5235583003,34.4624383315],[-81.5251410976,34.4581473591],[-81.5220896372,34.4441497292],[-81.5255136472448,34.438677178481825],[-81.5273741669,34.4391061796],[-81.528636974,34.440684511],[-81.5281535862,34.44449994],[-81.5308908294,34.4555104526],[-81.53426163008092,34.45386326520324],[-81.54313393852527,34.45321317789608]]]},"properties":{"flat_pct":95}},{"type":"Feature","geometry":{"type":"Polygon","coordinates":[[[-81.4916486175,34.4668701133],[-81.48758917958978,34.47105045253489],[-81.4844253401537,34.46657698078584],[-81.487215378,34.4612915626],[-81.4919623866,34.4602204299],[-81.4944545853,34.4575693781],[-81.4970126742,34.4577619974],[-81.4984225452,34.4595742727],[-81.4981380026,34.4618526742],[-81.4955460862,34.4653247337],[-81.4916486175,34.4668701133]]]},"properties":{"flat_pct":75}},{"type":"Feature","geometry":{"type":"Polygon","coordinates":[[[-81.4376447849,34.4705997948],[-81.4359325998,34.4695254418],[-81.4352906252,34.4676087571],[-81.4389,34.46724],[-81.43761712374881,34.46471213835734],[-81.4436358514,34.4624197623],[-81.44840472567033,34.46219778606585],[-81.4487,34.46507],[-81.45182635292076,34.464652585032375],[-81.4514732078,34.4666510766],[-81.4499363779,34.4679640753],[-81.4445951733,34.4684284926],[-81.4376447849,34.4705997948]]]},"properties":{"flat_pct":81}},{"type":"Feature","geometry":{"type":"Polygon","coordinates":[[[-81.5588464425,34.4668346593],[-81.5605721832,34.4657822187],[-81.56257386,34.4660634695],[-81.56446401984151,34.469785669484],[-81.55849169809747,34.4724335525056],[-81.5588464425,34.4668346593]]]},"properties":{"flat_pct":89}},{"type":"Feature","geometry":{"type":"Polygon","coordinates":[[[-81.5296949345,34.4712065274],[-81.53221136548268,34.47009851100111],[-81.53264,34.47282],[-81.53047,34.47398],[-81.5298,34.47445],[-81.5290301076,34.4731154058],[-81.5296949345,34.4712065274]]]},"properties":{"flat_pct":57}},{"type":"Feature","geometry":{"type":"Polygon","coordinates":[[[-81.53669,34.47481],[-81.53402,34.4772],[-81.53037908458177,34.47634291068309],[-81.52964481187522,34.47490364807149],[-81.53266,34.47294],[-81.53669,34.47481]]]},"properties":{"flat_pct":50}},{"type":"Feature","geometry":{"type":"Polygon","coordinates":[[[-81.54097,34.47361],[-81.54326,34.47452],[-81.54566,34.47383],[-81.55152308921616,34.476501663796995],[-81.5503,34.47797],[-81.5481,34.47819],[-81.54647,34.4765],[-81.54386,34.47705],[-81.53914,34.47596],[-81.5377,34.4744],[-81.54097,34.47361]]]},"properties":{"flat_pct":65}},{"type":"Feature","geometry":{"type":"Polygon","coordinates":[[[-81.43389074357171,34.48180780750298],[-81.437251854,34.4762148316],[-81.4437134002,34.4738787949],[-81.4457763762,34.4722222686],[-81.44795238194207,34.472338686448815],[-81.44505,34.47357],[-81.44674,34.47517],[-81.44719,34.47795],[-81.44378,34.4783],[-81.44402791679296,34.48011105318249],[-81.4411111655,34.4811061264],[-81.44007381902628,34.48314406291345],[-81.43051752230132,34.48433201651735],[-81.43389074357171,34.48180780750298]]]},"properties":{"flat_pct":93}},{"type":"Feature","geometry":{"type":"Polygon","coordinates":[[[-81.5792290918,34.48374178],[-81.5780615222,34.4820632346],[-81.5747046902,34.4802589796],[-81.56080109667062,34.47661774904432],[-81.56474,34.47399],[-81.57297,34.47707],[-81.575,34.47583],[-81.58053,34.47935],[-81.58535,34.47893],[-81.58446762502513,34.4841453382661],[-81.5792290918,34.48374178]]]},"properties":{"flat_pct":68}},{"type":"Feature","geometry":{"type":"Polygon","coordinates":[[[-81.4413264214,34.4927296333],[-81.4396554601,34.4943044241],[-81.4347630047,34.4941967753],[-81.43511617132485,34.49499369009721],[-81.43345,34.49218],[-81.44109371394073,34.48985197210234],[-81.4413264214,34.4927296333]]]},"properties":{"flat_pct":100}},{"type":"Feature","geometry":{"type":"Polygon","coordinates":[[[-81.56139,34.48716],[-81.56315164471887,34.48521385870585],[-81.5653857981,34.4861658692],[-81.5662442701,34.4923336571],[-81.5631031573,34.4976876288],[-81.5575223622,34.4988972497],[-81.557069504,34.5018878618],[-81.55531521663768,34.50344163811482],[-81.55459,34.50072],[-81.55239,34.49956],[-81.5510227832263,34.49930341776365],[-81.5511227365,34.4973256247],[-81.5530675895,34.4938598181],[-81.5592314427,34.491824728],[-81.560322097,34.4904172101],[-81.5604611739,34.486963602],[-81.56139,34.48716]]]},"properties":{"flat_pct":47}},{"type":"Feature","geometry":{"type":"Polygon","coordinates":[[[-81.5530721382,34.503309504],[-81.5516455782,34.501877464],[-81.55105007144243,34.49938634841384],[-81.55446,34.5008],[-81.55519342212747,34.50347832924877],[-81.5530721382,34.503309504]]]},"properties":{"flat_pct":67}},{"type":"Feature","geometry":{"type":"Polygon","coordinates":[[[-81.5360456341,34.4998430747],[-81.5376798734,34.5025138803],[-81.5372756621,34.5050891194],[-81.5340405445,34.5071000691],[-81.532905978,34.5097343599],[-81.5288259063,34.5143555928],[-81.5280256639,34.5173564096],[-81.5251100083,34.5183187388],[-81.5228798699,34.5163476276],[-81.5227500115,34.5133517652],[-81.5246376237,34.5079020386],[-81.528256668,34.5053968806],[-81.5225795741,34.5060022214],[-81.5183412976,34.5098806864],[-81.5121156888,34.5101111888],[-81.5104894643,34.508127174],[-81.5108277508,34.5058561302],[-81.5161340392,34.5030104631],[-81.5133735298,34.5019088073],[-81.5110068456,34.5021690781],[-81.504095887,34.4992876629],[-81.5020478946,34.4972991932],[-81.5017333741,34.4944653286],[-81.498603828,34.4933782913],[-81.4980706703,34.4908689758],[-81.4996721658,34.4888649466],[-81.5035960628,34.488189627],[-81.506125288,34.4900250223],[-81.5080780868,34.4943148087],[-81.5199166096,34.4974799884],[-81.5234789923,34.4997608571],[-81.5290740847,34.4994203023],[-81.53318191605464,34.492425287925236],[-81.53387,34.49453],[-81.53797213964161,34.49527293516906],[-81.5360456341,34.4998430747]]]},"properties":{"flat_pct":67}},{"type":"Feature","geometry":{"type":"Polygon","coordinates":[[[-81.437346925,34.5024456312],[-81.4360998341,34.5042067757],[-81.4397890652,34.5114548869],[-81.4388577063,34.5135536124],[-81.4367151131,34.5143790652],[-81.4344241835,34.5132246984],[-81.4295575707,34.5044247534],[-81.4273164869,34.5035930996],[-81.4261233651,34.5019614526],[-81.4268930495,34.4989744065],[-81.4299821155,34.4982736802],[-81.42719812651447,34.49571097479404],[-81.42894,34.4946],[-81.42933,34.49302],[-81.43344,34.49241],[-81.4368587417,34.4991530166],[-81.437346925,34.5024456312]],[[-81.43575,34.509],[-81.43514,34.50874],[-81.43645,34.50931],[-81.43575,34.509]]]},"properties":{"flat_pct":81}},{"type":"Feature","geometry":{"type":"Polygon","coordinates":[[[-81.5892024385,34.5011384061],[-81.5884425292,34.5040901108],[-81.5866427515,34.5049525881],[-81.5847325105,34.5045137022],[-81.5837252211,34.5071298842],[-81.5752404933,34.5149229941],[-81.5745769195479,34.51514758336111],[-81.57383,34.51244],[-81.56755,34.51443],[-81.56645,34.51604],[-81.56437824557025,34.51344026383191],[-81.5672329606,34.5095975896],[-81.572341386,34.5095178649],[-81.5787398306,34.5035010338],[-81.579027176,34.5007611847],[-81.5818146347,34.4983166602],[-81.5863511117,34.4984954562],[-81.5892024385,34.5011384061]]]},"properties":{"flat_pct":64}},{"type":"Feature","geometry":{"type":"Polygon","coordinates":[[[-81.5661,34.51568],[-81.56337652672704,34.51633231003048],[-81.56434003964198,34.513501001461485],[-81.5661,34.51568]]]},"properties":{}},{"type":"Feature","geometry":{"type":"Polygon","coordinates":[[[-81.5034436144,34.5369239732],[-81.5038009539,34.5296714335],[-81.5018106748,34.5251520018],[-81.5018148884,34.5202014888],[-81.5029116408,34.5181688845],[-81.5051276334,34.5175179443],[-81.5075918151,34.5194019252],[-81.5077332187,34.5238028929],[-81.5098454423,34.5287459604],[-81.5088449228,34.5395773652],[-81.51000121148373,34.54011335320786],[-81.50911,34.54314],[-81.50538,34.54137],[-81.50189092308682,34.54163057245196],[-81.5034436144,34.5369239732]]]},"properties":{"flat_pct":62}},{"type":"Feature","geometry":{"type":"Polygon","coordinates":[[[-81.5235046485,34.5315126631],[-81.5261109027,34.5326113782],[-81.5266453118,34.5353888127],[-81.5234350035,34.5391109546],[-81.5198791556,34.5396602583],[-81.5201908133,34.5415474543],[-81.51910834089965,34.54382330483402],[-81.51527,34.54121],[-81.51802,34.53571],[-81.51288060737596,34.53448680482652],[-81.5127250124,34.5290700256],[-81.5140509178,34.527544317],[-81.5160437558,34.5272060738],[-81.518545683,34.5294209178],[-81.5186607919,34.5321329359],[-81.52102589630167,34.533313204696555],[-81.5235046485,34.5315126631]]]},"properties":{"flat_pct":40}},{"type":"Feature","geometry":{"type":"Polygon","coordinates":[[[-81.4785852289,34.5344143253],[-81.4816698091,34.5343993636],[-81.4831356371,34.536818265],[-81.4824657943,34.5409745435],[-81.47951227993319,34.54443570390647],[-81.47513615473186,34.54032939760002],[-81.4785852289,34.5344143253]]]},"properties":{"flat_pct":86}},{"type":"Feature","geometry":{"type":"Polygon","coordinates":[[[-81.4326769981,34.5478563986],[-81.4297935183,34.5447639529],[-81.4295121975,34.542762286],[-81.4305645776,34.5410365085],[-81.4324729001,34.5403700874],[-81.435227494,34.5407634257],[-81.4369751318,34.5429415104],[-81.4409300019,34.5432009153],[-81.4425791283,34.5458076836],[-81.44187581031751,34.54780597837316],[-81.43992,34.54791],[-81.44029060660337,34.54884626931378],[-81.43782,34.54775],[-81.43650092633473,34.5490622390867],[-81.4326769981,34.5478563986]]]},"properties":{"flat_pct":49}},{"type":"Feature","geometry":{"type":"Polygon","coordinates":[[[-81.5085,34.54411],[-81.51364,34.54544],[-81.51453212796964,34.54580915640123],[-81.50991357659395,34.54773876135969],[-81.50993,34.54698],[-81.5078,34.54649],[-81.5085,34.54411]]]},"properties":{"flat_pct":88}},{"type":"Feature","geometry":{"type":"Polygon","coordinates":[[[-81.5312968971,34.5457136976],[-81.533498486,34.5435531733],[-81.53629697280344,34.54432883878305],[-81.53055497675287,34.549997967173226],[-81.5312968971,34.5457136976]]]},"properties":{"flat_pct":56}},{"type":"Feature","geometry":{"type":"Polygon","coordinates":[[[-81.5550308899,34.5567035704],[-81.55047724043185,34.55708485742715],[-81.55217,34.55433],[-81.54925869617176,34.55731947613107],[-81.5456088593,34.5565590473],[-81.5418641071,34.5544711151],[-81.5336299932,34.5541447358],[-81.5319761849,34.5530349019],[-81.53057543015252,34.55023348740689],[-81.53644932833298,34.54448578799047],[-81.5373832172,34.5478079254],[-81.5434121848,34.5482252539],[-81.5491130746,34.5512236744],[-81.5532114187,34.5500679533],[-81.5552039233,34.5504922192],[-81.5567724526,34.5537326671],[-81.5550308899,34.5567035704]]]},"properties":{"flat_pct":67}},{"type":"Feature","geometry":{"type":"Polygon","coordinates":[[[-81.50715216902549,34.560058059292984],[-81.50335,34.56346],[-81.4983860726,34.5590743056],[-81.4984857071,34.5544789062],[-81.5014051154,34.5516669988],[-81.5042257684,34.5518759306],[-81.5055975508,34.5540436791],[-81.5048107291,34.5564577128],[-81.5064863194,34.5577694721],[-81.50715216902549,34.560058059292984]]]},"properties":{"flat_pct":89}},{"type":"Feature","geometry":{"type":"Polygon","coordinates":[[[-81.48341756693607,34.56667371780099],[-81.473297767,34.5592473587],[-81.4734400713,34.5545668678],[-81.4712127222,34.5566395258],[-81.4754194448,34.5631646592],[-81.4778703046,34.5639988623],[-81.4802245371637,34.56771955224906],[-81.47209460569358,34.5682763968703],[-81.466998782,34.5611731791],[-81.4648499803,34.5631397725],[-81.4608292764677,34.57375669190953],[-81.45277,34.57674],[-81.45196832208364,34.57524408553751],[-81.4566878105,34.5693267574],[-81.4588430006,34.562267177],[-81.4549057896,34.564106584],[-81.44897330996929,34.56893861968532],[-81.44771,34.56556],[-81.45153,34.56355],[-81.45677,34.55752],[-81.46089231179815,34.55592837382311],[-81.4625591314,34.5571028826],[-81.46332,34.55499104247104],[-81.4681896483,34.5513044769],[-81.46815325806709,34.54995193583493],[-81.47302,34.54592],[-81.47537,34.5467],[-81.47852,34.54483],[-81.4760575851,34.5475511622],[-81.4792918379,34.5525963023],[-81.4798834015,34.5553963366],[-81.4846337177,34.5603905163],[-81.48837746870682,34.561234722086],[-81.48695,34.56509],[-81.48341756693607,34.56667371780099]],[[-81.4668,34.55977],[-81.4664,34.56055],[-81.46702,34.56015],[-81.4668,34.55977]]]},"properties":{"flat_pct":76}},{"type":"Feature","geometry":{"type":"Polygon","coordinates":[[[-81.5549686609,34.5646451722],[-81.55420347931644,34.57237293262991],[-81.55128,34.5746],[-81.54846675226145,34.56515963707943],[-81.5501504793,34.560711499],[-81.5521521958,34.559087265],[-81.5546708184,34.5586353961],[-81.5558425702,34.5566341659],[-81.561735209,34.5528833339],[-81.564562885,34.5529464564],[-81.56549355456659,34.553769289146786],[-81.55733,34.55946],[-81.55763,34.56131],[-81.55502,34.56239],[-81.55708529385586,34.56437911498413],[-81.5549686609,34.5646451722]]]},"properties":{"flat_pct":77}},{"type":"Feature","geometry":{"type":"Polygon","coordinates":[[[-81.43630272721892,34.57902265520785],[-81.4277760899,34.5714821805],[-81.4239009829,34.5702272166],[-81.42466652256729,34.573579647192695],[-81.4209493552605,34.5670264189037],[-81.4217993081,34.5651282298],[-81.4256278713,34.5642801786],[-81.43221398458847,34.56731520910684],[-81.4367969871607,34.570540049406524],[-81.4391391206,34.5734152872],[-81.4425294865,34.5749335959],[-81.44618074188868,34.57502556534908],[-81.44833,34.57899],[-81.44581,34.58023],[-81.43917,34.57743],[-81.43630272721892,34.57902265520785]],[[-81.44518,34.57671],[-81.44456,34.57554],[-81.44451,34.57667],[-81.44518,34.57671]]]},"properties":{"flat_pct":69}},{"type":"Feature","geometry":{"type":"Polygon","coordinates":[[[-81.58802237660768,34.58948546781656],[-81.5863013974,34.5870312556],[-81.5868140401,34.5850760039],[-81.5912392773742,34.58276756175407],[-81.592,34.58365],[-81.58936,34.58646],[-81.58811,34.58596],[-81.58802237660768,34.58948546781656]]]},"properties":{"flat_pct":90}},{"type":"Feature","geometry":{"type":"Polygon","coordinates":[[[-81.58867359035459,34.589705933197045],[-81.58967,34.58642],[-81.5922,34.58407],[-81.59311,34.58697],[-81.59429799617881,34.58769883201153],[-81.58867359035459,34.589705933197045]]]},"properties":{"flat_pct":33}},{"type":"Feature","geometry":{"type":"Polygon","coordinates":[[[-81.5767158739,34.6032473202],[-81.5787151817301,34.60523597656203],[-81.57577,34.60666],[-81.57368853426236,34.603745601304595],[-81.5767158739,34.6032473202]]]},"properties":{"flat_pct":100}},{"type":"Feature","geometry":{"type":"Polygon","coordinates":[[[-81.4858116502,34.6651605812],[-81.4815651409,34.6664180714],[-81.4839877421,34.6718783183],[-81.4894797198,34.6746499577],[-81.4912459685,34.677744726],[-81.4910182182,34.6818505635],[-81.4887415411,34.6835287998],[-81.4858951794,34.6823400678],[-81.485318661,34.6792586087],[-81.4808411094797,34.67700771911894],[-81.476,34.66293],[-81.47536,34.66374],[-81.47458184971936,34.663334935470345],[-81.4766947866,34.6611771445],[-81.4817792984,34.6600018912],[-81.48632,34.65588],[-81.49034666797967,34.65930019959743],[-81.4858116502,34.6651605812]]]},"properties":{"flat_pct":42}},{"type":"Feature","geometry":{"type":"Polygon","coordinates":[[[-81.4419249432,34.6746902099],[-81.4377518729,34.6761572275],[-81.4454162209,34.6789770976],[-81.4480862619,34.676043252],[-81.4502861842,34.6753856657],[-81.4521099253,34.6762573196],[-81.4529799752,34.678382194],[-81.4502823197,34.6831903205],[-81.4470544474,34.6848005567],[-81.4437839764,34.6848239554],[-81.4372590388,34.6827962466],[-81.435859557,34.685523303],[-81.4379431094,34.6859670026],[-81.4392517402,34.6878536831],[-81.4385156745,34.6924631802],[-81.439994842,34.6957020566],[-81.440345018,34.7030628213],[-81.435283669,34.7101223526],[-81.4398786422,34.7142314707],[-81.4399464846,34.717315341],[-81.4384125495,34.7186317205],[-81.4363916993,34.7186761774],[-81.4308410224,34.7146629151],[-81.4223668512,34.7251264488],[-81.4192552086,34.7258477386],[-81.41518386979519,34.724590913225384],[-81.41587,34.72172],[-81.42029,34.72314],[-81.428,34.7132],[-81.42532468445496,34.71221769185736],[-81.427791487,34.7079725292],[-81.4308447494,34.7060739824],[-81.4342984439,34.7018769928],[-81.4340639738,34.6969457926],[-81.4319706215,34.6905275411],[-81.4322689149,34.6879966473],[-81.4309953852,34.6881153124],[-81.4306570412,34.6895646953],[-81.4320685224,34.6924783351],[-81.4304817538,34.6947776345],[-81.4257812794,34.6950507268],[-81.423400248,34.6921725943],[-81.4251154,34.6846250692],[-81.4293672901,34.6822060068],[-81.4293474289,34.6808767908],[-81.4252146882,34.6793946531],[-81.4234604552,34.6762777402],[-81.424519336,34.6722437021],[-81.4258205938,34.6708925987],[-81.4259196036,34.6684270456],[-81.4316375206,34.6609112983],[-81.4318668055,34.6565413089],[-81.4353910681,34.6521942052],[-81.4376774318,34.6523797696],[-81.43916432,34.6541264972],[-81.4376185654,34.6586124088],[-81.4414248417,34.6569316699],[-81.44367113657312,34.65735926112218],[-81.44486921115039,34.660828312883254],[-81.4434217432,34.6626146671],[-81.44545849582823,34.66253459986089],[-81.44673,34.66515],[-81.44706788657025,34.66806892156201],[-81.4419249432,34.6746902099]],[[-81.4347476048,34.6671935233],[-81.4365053371,34.6654611698],[-81.436123744,34.6649081013],[-81.4318969288,34.6707906406],[-81.434048049,34.670020948],[-81.4347476048,34.6671935233]],[[-81.4338576801,34.6774030522],[-81.4338218581,34.6774989458],[-81.433935746,34.6773709853],[-81.4338576801,34.6774030522]]]},"properties":{"flat_pct":43}},{"type":"Feature","geometry":{"type":"Polygon","coordinates":[[[-81.4423846784,34.6917558784],[-81.4414510187,34.6896581755],[-81.4422741216,34.6875146784],[-81.4474085167,34.6865247367],[-81.4494801495,34.6875245727],[-81.4523550051,34.6920730447],[-81.4513554273,34.6941401495],[-81.4491869553,34.6948950051],[-81.4423846784,34.6917558784]]]},"properties":{"flat_pct":55}},{"type":"Feature","geometry":{"type":"Polygon","coordinates":[[[-81.45416740528808,34.70617438192309],[-81.4477595158,34.7038206436],[-81.4470065655,34.7001516317],[-81.4484042688,34.6970165916],[-81.4507480459,34.6960531778],[-81.45435418054181,34.69842138686823],[-81.45364,34.70305],[-81.45416740528808,34.70617438192309]]]},"properties":{"flat_pct":86}},{"type":"Feature","geometry":{"type":"Polygon","coordinates":[[[-81.456706639,34.7024574034],[-81.45567599042984,34.70553690964164],[-81.45591436490405,34.70107682932422],[-81.456706639,34.7024574034]]]},"properties":{}},{"type":"Feature","geometry":{"type":"Polygon","coordinates":[[[-81.4611392334,34.7239031093],[-81.4573458192,34.7221094164],[-81.4581227641,34.7188678034],[-81.4603412497,34.7174310689],[-81.4630868514,34.717646356],[-81.4684153148,34.7136659578],[-81.4723352273567,34.7139697735054],[-81.47255,34.71596],[-81.46959,34.71643],[-81.46753,34.71804],[-81.46786536593306,34.724166120352535],[-81.46358,34.72577],[-81.4608702030834,34.725519092878095],[-81.4611392334,34.7239031093]],[[-81.46139,34.72212],[-81.46186,34.72219],[-81.46187,34.72174],[-81.46139,34.72212]],[[-81.46214,34.72442],[-81.46227,34.72498],[-81.46277,34.72443],[-81.46214,34.72442]]]},"properties":{"flat_pct":81}},{"type":"Feature","geometry":{"type":"Polygon","coordinates":[[[-81.4795172648,34.7275457939],[-81.4827682156,34.7353942861],[-81.482426103,34.7376274307],[-81.4794588662,34.7395284585],[-81.4753387989,34.739544378],[-81.473431557,34.7386217887],[-81.4730505339,34.7412563354],[-81.4710623069,34.7433739949],[-81.4704225613,34.74567302],[-81.4644132715,34.7508006141],[-81.4638742453,34.7526953057],[-81.4622290577,34.753858845],[-81.4544835632,34.7543142013],[-81.4528047522,34.7536696491],[-81.449491033,34.7495620043],[-81.4498001796,34.7439226231],[-81.4480200168,34.7434180347],[-81.439742941,34.7468651528],[-81.4436608247,34.7498476631],[-81.4474561878,34.7507185169],[-81.4484078281,34.7525018263],[-81.44805698898828,34.75440028152375],[-81.44107572824836,34.755271317812415],[-81.4359324872,34.7515012318],[-81.4324965376,34.7503553783],[-81.4312152735,34.7476138255],[-81.42643041044462,34.74705822033068],[-81.42693,34.74401],[-81.42521,34.74534],[-81.424183670795,34.74242313082402],[-81.4252356876,34.7414460763],[-81.42664432,34.7410703478],[-81.4343840717,34.7417870568],[-81.4330113657,34.7359263207],[-81.4340704534,34.7341917732],[-81.4364460846,34.7330997623],[-81.4337809874,34.7303247586],[-81.432955614,34.7274765542],[-81.4344599844,34.724290732],[-81.4361276403,34.7231484818],[-81.4392789108,34.7242353086],[-81.4394550487,34.7276066388],[-81.4431725674,34.7324943532],[-81.4433709123,34.7356339695],[-81.4398750971,34.7381898301],[-81.4404593065,34.7396119963],[-81.4475854629,34.7373022302],[-81.4509006037,34.7379981623],[-81.4529829545,34.7347361],[-81.4516504224,34.7289400737],[-81.4544319459,34.7259690177],[-81.45709343875075,34.72472664785775],[-81.46206,34.72705],[-81.4727916492,34.7245352039],[-81.4763418925,34.7253156756],[-81.4795172648,34.7275457939]],[[-81.4752191148,34.731837521],[-81.4717888691,34.7307264041],[-81.4755859953,34.7329067155],[-81.4752191148,34.731837521]],[[-81.4664546061,34.7316863942],[-81.4643579649,34.7305186144],[-81.460040262,34.7336126053],[-81.4676314898,34.7325365868],[-81.4691401167,34.7312699741],[-81.4664546061,34.7316863942]],[[-81.4572481701,34.7477846753],[-81.4627236198,34.7443012187],[-81.4666223579,34.7385164738],[-81.4615140905,34.7394288066],[-81.4554847439,34.7458429141],[-81.4572481701,34.7477846753]],[[-81.42534,34.74178],[-81.42536,34.74167],[-81.42525,34.74178],[-81.42534,34.74178]],[[-81.4544,34.73566],[-81.45348,34.7356],[-81.45402,34.73614],[-81.4544,34.73566]],[[-81.4694,34.72924],[-81.46837,34.72948],[-81.4691,34.72973],[-81.4694,34.72924]]]},"properties":{"flat_pct":53}},{"type":"Feature","geometry":{"type":"Polygon","coordinates":[[[-79.83378936697548,32.96043153740755],[-79.84106430698172,32.956794655568146],[-79.8499641793,32.9562898086],[-79.85405271434612,32.95711666168993],[-79.85641,32.96105],[-79.85396741692706,32.96322405385561],[-79.8494043537554,32.962288216049444],[-79.84387429340372,32.96261836890626],[-79.8448301923,32.9653123841],[-79.8434370611,32.9710349873],[-79.83969558,32.9752254101],[-79.8388239996,32.9821169456],[-79.8370098369,32.9849657523],[-79.83714802287821,32.98641670568368],[-79.83116639916123,32.98689472569303],[-79.8309216297,32.9843048359],[-79.8226595317,32.9751145364],[-79.82300449910169,32.96881168761384],[-79.8142796415,32.9715528525],[-79.81052102445364,32.97570655786877],[-79.80798,32.97359],[-79.80113,32.97985],[-79.79971,32.97885],[-79.79409567415595,32.983000875979485],[-79.7889873956,32.9845529892],[-79.7854262924,32.9893576938],[-79.7758639428,32.9935952608],[-79.7803379593,33.013745273],[-79.7938831796,33.0121601199],[-79.7986324057,33.0131528426],[-79.80008697059218,33.01448389126681],[-79.79772,33.01747],[-79.79297,33.01549],[-79.79089259713409,33.01853803620495],[-79.7820457588,33.0195850321],[-79.78483803135926,33.02742150122268],[-79.78242588191947,33.03096068899646],[-79.7803002505,33.0305445308],[-79.7791869133,33.0369953178],[-79.7764854058,33.0394549477],[-79.7717945896,33.0411379488],[-79.7684406758,33.0445860288],[-79.7651127583,33.0443945516],[-79.7640038958,33.0427045115],[-79.7643598381,33.0404361678],[-79.76758708596797,33.03684985601681],[-79.76896,33.03666],[-79.76841625434665,33.036070942208866],[-79.7737251131,33.0339728052],[-79.7751096035,33.027141952],[-79.7777475208,33.0253456608],[-79.7759576121,33.0203917721],[-79.7712832189,33.0209962453],[-79.76611145511659,33.01938237216341],[-79.76608,33.01691],[-79.76294374630697,33.01510885832088],[-79.7634037065,33.0126976114],[-79.7656331683,33.0114285877],[-79.7678148537,33.0121443579],[-79.7688462468,33.0139601123],[-79.7719045293,33.0149466551],[-79.7743827877,33.0145638668],[-79.7708688397,32.9970105086],[-79.769556604,32.9966105283],[-79.76601526,33.0003102109],[-79.76091902546632,33.00101580281103],[-79.75950010141042,32.994839682478435],[-79.7632033842,32.9948371885],[-79.7663374857,32.991420639],[-79.7818605615,32.9844205261],[-79.7861438814,32.9792239587],[-79.7973578057,32.9757388531],[-79.8018709293,32.9720215062],[-79.8074498846,32.9703632268],[-79.8115478315,32.9659825827],[-79.8220059603,32.9628309588],[-79.8257350998,32.9629125393],[-79.83378936697548,32.96043153740755]],[[-79.82987777598122,32.967914655162765],[-79.8284339963,32.9727386582],[-79.8329173562,32.9776120957],[-79.8342638366,32.9725241384],[-79.8377637451,32.9683946518],[-79.8384977266,32.9653147304],[-79.83815319701789,32.9647334199302],[-79.82987777598122,32.967914655162765]],[[-79.83895,32.96791],[-79.83725,32.96935],[-79.83903,32.97133],[-79.84163,32.96872],[-79.83895,32.96791]]]},"properties":{"flat_pct":98}},{"type":"Feature","geometry":{"type":"Polygon","coordinates":[[[-79.79714609354662,33.00370519468183],[-79.7843506358,33.0046479593],[-79.7820826616,33.0040153752],[-79.7805015356,33.0019445055],[-79.7806726242,32.9970781037],[-79.79280597552824,32.988951390992774],[-79.79674345969593,32.99317954712578],[-79.7887797085,32.9984804259],[-79.7946140586,32.9982651168],[-79.80114317063347,32.995492621618666],[-79.8061359464,32.9964201241],[-79.8135621201,32.9957850588],[-79.8158569018,32.9978463292],[-79.8157667399,32.9998656565],[-79.8144159961,33.0013694195],[-79.8063073865,33.0024342107],[-79.80121,32.99866],[-79.79633,33.00292],[-79.79714609354662,33.00370519468183]]]},"properties":{"flat_pct":97}},{"type":"Feature","geometry":{"type":"Polygon","coordinates":[[[-79.84130637527285,33.13636812122799],[-79.84186902924205,33.134760810025846],[-79.8449,33.1358],[-79.84659215381676,33.134430943513955],[-79.84861211150799,33.13586714276215],[-79.84742,33.13703],[-79.84804,33.14035],[-79.8450681562685,33.14082248206791],[-79.8426728024,33.139660249],[-79.84217175388255,33.13927888074168],[-79.84328,33.13844],[-79.84130637527285,33.13636812122799]]]},"properties":{"flat_pct":100}},{"type":"Feature","geometry":{"type":"Polygon","coordinates":[[[-79.8824762241,33.1581409745],[-79.8789962302,33.1610300243],[-79.8698105687,33.1755820177],[-79.8676848333,33.1764499617],[-79.8655679823,33.1755605687],[-79.8650614196,33.172022452],[-79.8746606044,33.1567672283],[-79.8842872852,33.1475663606],[-79.8951747103,33.1428402216],[-79.8980996464,33.1438198173],[-79.8988109408,33.146002966],[-79.8977701827,33.1480496464],[-79.8871258877,33.1531014713],[-79.8888410231,33.1544408434],[-79.8899447402,33.1584920925],[-79.8921734166,33.1608780768],[-79.894030648,33.1651802024],[-79.8929414079,33.1675704605],[-79.887590133,33.1714397183],[-79.8858877582,33.1803683341],[-79.8831428617,33.1822596938],[-79.881009204,33.1814114116],[-79.8801189517,33.1795966767],[-79.8819095826,33.1691568269],[-79.8828943037,33.1674337171],[-79.8872434072,33.1643237946],[-79.8845951445,33.1614526299],[-79.8837696432,33.1584618297],[-79.8824762241,33.1581409745]]]},"properties":{"flat_pct":100}},{"type":"Feature","geometry":{"type":"Polygon","coordinates":[[[-79.83999635082047,33.17342417644177],[-79.83491517205226,33.17666212685981],[-79.83185015732293,33.16972835040018],[-79.83677482544134,33.166099175948474],[-79.83999635082047,33.17342417644177]]]},"properties":{"flat_pct":100}},{"type":"Feature","geometry":{"type":"Polygon","coordinates":[[[-79.8513520787,33.2448674644],[-79.8478210643,33.2443135575],[-79.8473261207,33.2407737966],[-79.84784906689353,33.24007906689352],[-79.85005,33.24228],[-79.85190753872905,33.232471501103575],[-79.8559316214,33.2252757277],[-79.8652369067,33.217299204],[-79.8610218042,33.2160191729],[-79.849800049,33.215861833],[-79.832916006,33.2086279744],[-79.8302482224,33.2110682155],[-79.82401443288101,33.213464982554804],[-79.81915,33.213],[-79.821631984821,33.21542936323468],[-79.8159924238,33.220060582],[-79.8137414748,33.2205136896],[-79.81465,33.21987],[-79.81431,33.21862],[-79.81152050492783,33.218639783652996],[-79.8115457372,33.2164283057],[-79.81550803190646,33.21270218651515],[-79.81885,33.21297],[-79.81856,33.21001],[-79.81439,33.20837],[-79.81476710627369,33.20936190377442],[-79.811173038,33.2073200897],[-79.8094237929,33.2038091924],[-79.8102074807,33.2011610808],[-79.8135331768,33.1987956319],[-79.8207588159,33.1969961829],[-79.8270770858,33.1969024195],[-79.8356401398,33.1924927035],[-79.839721188,33.193716214],[-79.8511918389,33.1864128382],[-79.8550584206,33.1810249417],[-79.8530298442,33.1769243627],[-79.8517044032,33.170323618],[-79.8530353952,33.1673384215],[-79.8468395329,33.1663938681],[-79.8451811478,33.1637929803],[-79.8464449314,33.1612626469],[-79.85140470267486,33.159615114413555],[-79.855,33.16292],[-79.8565237425883,33.16186412857989],[-79.85591968402517,33.16412604312024],[-79.8584489775,33.1637910212],[-79.8602043475,33.1652711408],[-79.8602961167,33.1678348294],[-79.8580377201,33.1707136031],[-79.8588696503,33.1752990793],[-79.8616395473,33.1814921135],[-79.8554878096,33.1908045733],[-79.8496351429,33.1944117421],[-79.8528332621,33.1947305089],[-79.8603833172,33.1923640011],[-79.8676600829,33.1855409212],[-79.8709131962,33.1779532308],[-79.871511946,33.1736201248],[-79.8749022825,33.1724885356],[-79.8768588544,33.1745309758],[-79.8768320449,33.1792349116],[-79.8727909183,33.1887597217],[-79.87104937002617,33.1905879658048],[-79.8784708257,33.1923400963],[-79.8800844752,33.1865767099],[-79.8818360757,33.1855678948],[-79.8840799121,33.1860550049],[-79.8853499785,33.1888660172],[-79.881672021,33.2026140071],[-79.8812334117,33.2078886948],[-79.884602206,33.2089652858],[-79.8897497197,33.2078702704],[-79.8946861633,33.2086300508],[-79.8938041149,33.2041929258],[-79.8953950541,33.200118796],[-79.8950339826,33.1833081785],[-79.8967732887,33.1810778086],[-79.8995940802,33.1812848616],[-79.90053472137907,33.182237790160926],[-79.89801,33.18235],[-79.8979,33.1839],[-79.89863,33.20562],[-79.90334706595746,33.205664351191004],[-79.9014969058,33.2088960243],[-79.9047621356,33.2084308674],[-79.91352,33.209423091839426],[-79.91352,33.21546242787333],[-79.9047536572,33.2144569692],[-79.8976274241,33.2151900496],[-79.9071082455,33.2206294966],[-79.9092449821,33.2186364541],[-79.9119852822,33.219336805],[-79.91352,33.2207412165717],[-79.91352,33.23093],[-79.91672668816915,33.23085986246349],[-79.9184664983,33.2341049077],[-79.9168514443,33.2387667009],[-79.9100870182,33.242133908],[-79.9128576568,33.2446132282],[-79.9137273355,33.2476119331],[-79.9131155567,33.2498250315],[-79.9111180669,33.2509573355],[-79.9089049685,33.2503455567],[-79.9076651428,33.2479357285],[-79.90275852143454,33.244561237717704],[-79.90158,33.24078],[-79.89494,33.238],[-79.8940131661463,33.24016261232533],[-79.892631561,33.2387808879],[-79.8924011917,33.2368313677],[-79.8881253327,33.2395271081],[-79.89265140629102,33.24334005198763],[-79.89095,33.24731],[-79.89237925466303,33.248795558634605],[-79.8905769248,33.248974583],[-79.8887118209224,33.2478665295043],[-79.8878,33.24412],[-79.88774912450828,33.24705551587271],[-79.8850969056,33.2448211815],[-79.88394684460494,33.25084053732249],[-79.88283,33.25135],[-79.8794,33.25006],[-79.87908490245489,33.244315960741915],[-79.879946527,33.2398062652],[-79.8717604307,33.2280978366],[-79.8660443281,33.2310042582],[-79.8674916189,33.2323758812],[-79.86778892768163,33.23423231234544],[-79.86428131845156,33.23670671341861],[-79.8581874395,33.2335347202],[-79.8534791428,33.2429265081],[-79.8513520787,33.2448674644]],[[-79.86448422,33.2089239955],[-79.8559266745,33.200233152],[-79.8430156596,33.2009463103],[-79.8378963028,33.2042368209],[-79.851319571,33.2100011454],[-79.8617680486,33.2100348422],[-79.8648612035,33.2109145519],[-79.86448422,33.2089239955]],[[-79.8729470576,33.2141056965],[-79.87121162672237,33.219094998111515],[-79.8730436779,33.2200403298],[-79.8837826028,33.2151372862],[-79.8761772866,33.2132931842],[-79.8729470576,33.2141056965]],[[-79.86225545231187,33.198068235014496],[-79.8732205438,33.2078935974],[-79.8752126379,33.2073350789],[-79.8755264066,33.2014628324],[-79.8765030487,33.1995136883],[-79.8748800637,33.1973916821],[-79.86560885810862,33.19568927710158],[-79.86225545231187,33.198068235014496]],[[-79.8230078157,33.2036613247],[-79.8232727548,33.2070674746],[-79.8272300034,33.2057907153],[-79.8321499115,33.2009978271],[-79.8289076238,33.2026694089],[-79.8230078157,33.2036613247]],[[-79.9092962143,33.2250090928],[-79.90787602,33.2265560437],[-79.9055866023,33.2267310996],[-79.890688572,33.2183301755],[-79.87858166,33.2245636919],[-79.882371855,33.2254288221],[-79.8870929331,33.2250413961],[-79.8891700787,33.2265468486],[-79.8894886039,33.2285429331],[-79.8882339951,33.2304659606],[-79.8813645347,33.2313632432],[-79.8839526169,33.2350649314],[-79.8938131621,33.2296532988],[-79.89482989357802,33.22997514037165],[-79.89203,33.23111],[-79.89191,33.23199],[-79.89643518565545,33.23275919973167],[-79.8957926548,33.23448565],[-79.9051986929,33.2378171213],[-79.9120009699,33.234575041],[-79.9103693838,33.2322268518],[-79.9092962143,33.2250090928]]]},"properties":{"flat_pct":100}},{"type":"Feature","geometry":{"type":"Polygon","coordinates":[[[-79.8050814652,33.2257729962],[-79.802788968,33.2259015818],[-79.80107346560466,33.22436308823833],[-79.80281,33.22381],[-79.80372,33.22176],[-79.80312109964277,33.218500867823444],[-79.8053744038,33.218826167],[-79.8067549621,33.2206608704],[-79.8066115818,33.224061032],[-79.8050814652,33.2257729962]]]},"properties":{"flat_pct":100}},{"type":"Feature","geometry":{"type":"Polygon","coordinates":[[[-79.7820910826,33.2301661981],[-79.7808768366,33.2264903743],[-79.781241513,33.2246151847],[-79.7794646766,33.2224695779],[-79.7797379083,33.2204667908],[-79.785869674,33.2171019517],[-79.7884332092,33.2171979083],[-79.7898080483,33.218679674],[-79.7898348512,33.2209756181],[-79.7856767372,33.2237108745],[-79.78908273514618,33.22507776160635],[-79.78365,33.2299],[-79.78459965884872,33.23191044798826],[-79.7820910826,33.2301661981]]]},"properties":{"flat_pct":100}},{"type":"Feature","geometry":{"type":"Polygon","coordinates":[[[-79.837941872,33.238317777],[-79.8361019559,33.2369441735],[-79.835772223,33.234671872],[-79.83625510714215,33.23348316122437],[-79.83892,33.23394],[-79.83902,33.233],[-79.83622427318923,33.23329401410694],[-79.836383875,33.2318958627],[-79.8390444597,33.2268529153],[-79.84202752847098,33.226108738150344],[-79.83979,33.22704],[-79.84236,33.23101],[-79.84138,33.23193],[-79.84374107641531,33.2358676438845],[-79.8399540935,33.2381260055],[-79.837941872,33.238317777]]]},"properties":{"flat_pct":100}},{"type":"Feature","geometry":{"type":"Polygon","coordinates":[[[-79.7890164852,33.2387265808],[-79.78633618512877,33.23319164192851],[-79.78884,33.23192],[-79.79241417013414,33.23206808237844],[-79.7950417993,33.2363893241],[-79.8359842623,33.259708727],[-79.8415699365,33.2550715953],[-79.85999856930424,33.24935935762808],[-79.86117,33.25045],[-79.86246,33.25017],[-79.86358896957178,33.254335303525366],[-79.8440469891,33.2607126568],[-79.8416574836,33.2629399965],[-79.85343979050369,33.26742201181247],[-79.85175,33.26932],[-79.86340555282943,33.27666194188802],[-79.86255909740743,33.27753762521078],[-79.85888703456772,33.27735276880503],[-79.8532050788,33.2737173943],[-79.8463397684711,33.27123475531268],[-79.8449351966,33.2718510471],[-79.8398886868,33.2765733887],[-79.8380834144,33.2797887882],[-79.8360203057,33.2893458843],[-79.8344312646,33.2905951882],[-79.8321407938,33.2904344975],[-79.8306348118,33.2887012646],[-79.8301656244,33.285046385],[-79.83408,33.2772],[-79.83266180072164,33.277189476831836],[-79.8352371661,33.2727303343],[-79.8395688893,33.2686553725],[-79.7916752464,33.2413768193],[-79.7890164852,33.2387265808]],[[-79.86063,33.27545],[-79.86076,33.27632],[-79.86119,33.27585],[-79.86063,33.27545]]]},"properties":{"flat_pct":100}},{"type":"Feature","geometry":{"type":"Polygon","coordinates":[[[-79.8982091695,33.2544010448],[-79.90102157934656,33.2566014828269],[-79.89346,33.25856],[-79.89541095164681,33.255035882140874],[-79.8982091695,33.2544010448]]]},"properties":{"flat_pct":100}},{"type":"Feature","geometry":{"type":"Polygon","coordinates":[[[-79.933733664,33.2559045983],[-79.9350567614,33.2577811619],[-79.9346654017,33.260043664],[-79.93339334619932,33.26115871382726],[-79.93040689640908,33.26089985510734],[-79.9285,33.25858],[-79.92730285578345,33.25941683867565],[-79.922928069727,33.25885143811937],[-79.9226389499008,33.252888341703844],[-79.9300055039,33.2537341358],[-79.933733664,33.2559045983]]]},"properties":{"flat_pct":100}},{"type":"Feature","geometry":{"type":"Polygon","coordinates":[[[-79.9265961964,33.2630309134],[-79.9260449698,33.2652598654],[-79.923786186,33.2664759316],[-79.92070281926429,33.26488079594059],[-79.92233,33.26401],[-79.92188,33.26227],[-79.91578,33.26404],[-79.91273862564663,33.26138],[-79.9122233082,33.2557189397],[-79.914876366,33.2527916348],[-79.9177017909,33.252662367],[-79.9185941946113,33.253317082391824],[-79.9181787086,33.257882395],[-79.91909,33.26117],[-79.92304,33.26116],[-79.92293014481,33.25889423670606],[-79.9265961964,33.2630309134]]]},"properties":{"flat_pct":100}},{"type":"Feature","geometry":{"type":"Polygon","coordinates":[[[-79.8040929112,33.2618500215],[-79.8061136867,33.2618022894],[-79.8078509227,33.2633036518],[-79.80740075005994,33.268394927126685],[-79.80745,33.26454],[-79.80208406422966,33.26469693400453],[-79.8040929112,33.2618500215]]]},"properties":{"flat_pct":100}},{"type":"Feature","geometry":{"type":"Polygon","coordinates":[[[-79.80734,33.27315],[-79.80735272128479,33.27215427034534],[-79.80965883070758,33.27413588030084],[-79.80734,33.27315]]]},"properties":{}},{"type":"Feature","geometry":{"type":"Polygon","coordinates":[[[-79.9039200824,33.2734944383],[-79.9034978467,33.2765500194],[-79.89968,33.27874],[-79.89753,33.27482],[-79.90252,33.27459],[-79.90153,33.27392],[-79.90157849751253,33.27170297085537],[-79.9039200824,33.2734944383]]]},"properties":{"flat_pct":100}},{"type":"Feature","geometry":{"type":"Polygon","coordinates":[[[-79.9351199299,33.2733545993],[-79.9286347179,33.2710559496],[-79.9278109963,33.2689126903],[-79.9287440504,33.2668147179],[-79.9305929837,33.2659978596],[-79.9349004072,33.2671861167],[-79.9376765234,33.2665749391],[-79.94031287630577,33.26744983024451],[-79.94033,33.26883],[-79.94557878352501,33.26886873640978],[-79.948589672,33.2743425386],[-79.9536652493,33.2753372029],[-79.9595141675,33.2793634465],[-79.9629179544,33.2839181152],[-79.9629456649,33.2864832961],[-79.961261122,33.2880435503],[-79.9589667039,33.2879556649],[-79.9552315973,33.2836176808],[-79.9513487653,33.2809457112],[-79.9451187143,33.2794448433],[-79.9419024395,33.2756962078],[-79.9412690932,33.2734085828],[-79.9351199299,33.2733545993]]]},"properties":{"flat_pct":100}},{"type":"Feature","geometry":{"type":"Polygon","coordinates":[[[-79.7835873035,33.2872801921],[-79.7817325168,33.2838106492],[-79.7782426051,33.2820300977],[-79.7779364367,33.2789607135],[-79.7796358131,33.2774166288],[-79.7843123698,33.2764263186],[-79.7869572145,33.2725953286],[-79.7897803388,33.2724229773],[-79.78553,33.28317],[-79.78085,33.28225],[-79.79686692374233,33.2863189644611],[-79.79756896703238,33.28996947362637],[-79.7962916957,33.2924758979],[-79.7937854215,33.2930231736],[-79.7919160051,33.2916899968],[-79.7907668855,33.2884350755],[-79.7879986561,33.2886393552],[-79.7835873035,33.2872801921]]]},"properties":{"flat_pct":100}},{"type":"Feature","geometry":{"type":"Polygon","coordinates":[[[-79.8022091038,33.305574543],[-79.79996,33.3047],[-79.79764,33.30804],[-79.7988874033,33.3088115062],[-79.7975212036,33.3083026687],[-79.7959471878,33.3067700434],[-79.7909124167,33.3051612345],[-79.7897761278,33.3019507814],[-79.7880952789,33.3008007269],[-79.7842536606,33.303661344],[-79.7765457356957,33.30208300835652],[-79.77979440949821,33.296949093798155],[-79.7839,33.29738],[-79.7852917733,33.2951974091],[-79.7872148683,33.294383045],[-79.7899622216,33.2948647432],[-79.79386250013141,33.29747670081096],[-79.79263,33.30097],[-79.79641,33.30215],[-79.7975506018,33.3008796638],[-79.8002729308,33.3026119631],[-79.7979573535085,33.2971269509134],[-79.79896537507912,33.294583344493674],[-79.80751,33.2999],[-79.80810532742841,33.29912607434306],[-79.8118238221,33.3003602894],[-79.8132604226,33.3021514502],[-79.8130097106,33.3044338221],[-79.8112185498,33.3058704226],[-79.8019162371,33.3045210195],[-79.8022091038,33.305574543]],[[-79.79069,33.29892],[-79.7902,33.2994],[-79.79051,33.29948],[-79.79069,33.29892]]]},"properties":{"flat_pct":100}},{"type":"Feature","geometry":{"type":"Polygon","coordinates":[[[-79.8401947189,33.293301262],[-79.8386503727,33.2898727107],[-79.8400715321,33.285980655],[-79.8417133915,33.2843755458],[-79.844009345,33.2844015321],[-79.8457787912,33.2866080668],[-79.8451248286,33.2894237894],[-79.8492695052,33.2923885061],[-79.8520539767,33.2972044647],[-79.8548938158,33.2993199528],[-79.8555473985,33.3027642534],[-79.8397520569,33.3183932979],[-79.83839500379761,33.319430779625044],[-79.83446,33.31825],[-79.829852496712,33.322808422027954],[-79.8289060797,33.3208108956],[-79.8296479951,33.3186379622],[-79.8485076558,33.302052924],[-79.8444539287,33.296269553],[-79.8401947189,33.293301262]]]},"properties":{"flat_pct":100}},{"type":"Feature","geometry":{"type":"Polygon","coordinates":[[[-79.8977616034796,33.31733174965436],[-79.8909120665,33.3111330138],[-79.8910793955,33.3088430184],[-79.8928169862,33.3073420665],[-79.8948377503,33.307390276],[-79.89874514237607,33.30979262292958],[-79.8977616034796,33.31733174965436]]]},"properties":{"flat_pct":100}},{"type":"Feature","geometry":{"type":"Polygon","coordinates":[[[-79.8217267276,33.3172181171],[-79.8193148929,33.3224418491],[-79.8170557562,33.3228521894],[-79.8151681509,33.3215448929],[-79.8147097631,33.3195762151],[-79.8154791162,33.3174784958],[-79.8145192569,33.3150333212],[-79.8146877919,33.3132933256],[-79.8166359386,33.3114804028],[-79.8198676336,33.3053108912],[-79.8221847373,33.3042100046],[-79.8243075958,33.3050849616],[-79.8251899954,33.3072047373],[-79.8212407985,33.3157044253],[-79.8217267276,33.3172181171]],[[-79.81523,33.31346],[-79.81503,33.31438],[-79.81562,33.3139],[-79.81523,33.31346]]]},"properties":{"flat_pct":100}},{"type":"Feature","geometry":{"type":"Polygon","coordinates":[[[-79.846889271,33.3202131431],[-79.8491728612,33.3199737824],[-79.8520770691,33.3215223368],[-79.8527573369,33.3237153515],[-79.8516876632,33.3257470691],[-79.8494946485,33.3264273369],[-79.84657214996794,33.325283946198226],[-79.84859,33.32249],[-79.8456000954286,33.32159281702882],[-79.846889271,33.3202131431]]]},"properties":{"flat_pct":100}},{"type":"Feature","geometry":{"type":"Polygon","coordinates":[[[-79.8784809316,33.3294906138],[-79.8832006674,33.3324287913],[-79.886734892,33.3366791337],[-79.8859308663,33.340844892],[-79.8825974988,33.340863845],[-79.87982,33.33736],[-79.8664073693,33.3290781845],[-79.8650139816,33.3265290834],[-79.8646096886,33.3215676444],[-79.8556368805,33.3117617818],[-79.8560782206,33.308457706],[-79.858139445,33.307446058],[-79.8605234617,33.3083933623],[-79.869912275,33.318476606],[-79.8708497522,33.3248728283],[-79.8731145167,33.326248494],[-79.876763022,33.3230631363],[-79.8813186676,33.3211173357],[-79.8844901066,33.3153236319],[-79.8873116114,33.3146697738],[-79.8928061732,33.3164762722],[-79.8936080627,33.3186277951],[-79.8926537278,33.3207161732],[-79.8907965855,33.321514192],[-79.8879119528,33.32096455],[-79.885503067,33.3257291239],[-79.8784809316,33.3294906138]]]},"properties":{"flat_pct":100}},{"type":"Feature","geometry":{"type":"Polygon","coordinates":[[[-79.7999452939,33.3333376116],[-79.8033,33.33084],[-79.80411,33.33179],[-79.80185,33.33295],[-79.79667995221942,33.33852820944746],[-79.7999452939,33.3333376116]]]},"properties":{"flat_pct":100}},{"type":"Feature","geometry":{"type":"Polygon","coordinates":[[[-79.798296783,33.3489397506],[-79.7950543846,33.3492997066],[-79.7920733159,33.3475709028],[-79.7898270695,33.3483177398],[-79.7938537725,33.3499674293],[-79.795085495,33.3515701368],[-79.7945812663,33.3543532087],[-79.7919870921,33.3554801498],[-79.7861901009,33.3532072819],[-79.7827924526,33.3504183447],[-79.782034772,33.3482508582],[-79.7838640968,33.3448566996],[-79.7906991364,33.3414491819],[-79.7958045398,33.3427657477],[-79.79660921051614,33.34074435256489],[-79.79891,33.3423],[-79.80026,33.33723],[-79.80127181015747,33.336382693498415],[-79.79909,33.34242],[-79.80177222616368,33.34399725591685],[-79.8002584338,33.3476355273],[-79.798296783,33.3489397506]]]},"properties":{"flat_pct":100}},{"type":"Feature","geometry":{"type":"Polygon","coordinates":[[[-79.8110533021,33.3545165693],[-79.80224830420885,33.360874515902275],[-79.8020973573,33.3606856336],[-79.8015357796,33.358743871],[-79.8027053346,33.3534997217],[-79.80522254944525,33.35068225858022],[-79.81319,33.34501],[-79.81421,33.34749],[-79.80861,33.35105],[-79.81192794944086,33.351637866716],[-79.8110533021,33.3545165693]]]},"properties":{"flat_pct":100}},{"type":"Feature","geometry":{"type":"Polygon","coordinates":[[[-79.8578356588,33.3536106914],[-79.8573814815,33.3508190147],[-79.8594503484,33.3488904075],[-79.8614645332,33.3490603229],[-79.8639088292,33.3507495447],[-79.8694296967,33.3510579512],[-79.872195852,33.3536249951],[-79.872824517,33.35639081],[-79.87638275161797,33.36024389635532],[-79.8731239284,33.3673452517],[-79.87038163196237,33.369204939998596],[-79.86823,33.36808],[-79.86501,33.37148],[-79.86250585556625,33.384398466594305],[-79.8577664183792,33.384438266098165],[-79.85932,33.38026],[-79.85642181362977,33.379599010126086],[-79.8578702758,33.3786868855],[-79.8568930414,33.3726904934],[-79.8696875876,33.3616656066],[-79.8673062143,33.3592844841],[-79.8668396914,33.3568423052],[-79.8619352567,33.3565606461],[-79.8578356588,33.3536106914]],[[-79.86043,33.38098],[-79.86153,33.38108],[-79.86201,33.3799],[-79.86073,33.3796],[-79.86043,33.38098]]]},"properties":{"flat_pct":100}},{"type":"Feature","geometry":{"type":"Polygon","coordinates":[[[-79.8233306166,33.3694259212],[-79.8307042385,33.3645430408],[-79.83311159021561,33.364891264294954],[-79.83,33.36617],[-79.83156,33.36759],[-79.8344069592,33.3666142385],[-79.8341382189,33.3688945579],[-79.83189398955257,33.370753495202926],[-79.81292,33.37861],[-79.8107450113774,33.37553625574823],[-79.8221617278,33.3712100146],[-79.8233306166,33.3694259212]]]},"properties":{"flat_pct":100}},{"type":"Feature","geometry":{"type":"Polygon","coordinates":[[[-79.8196169775252,33.38435944838755],[-79.8167895885,33.3792661066],[-79.81359,33.38019],[-79.82696625643976,33.37482516732011],[-79.8232868196,33.3788760416],[-79.82477552259135,33.381293784874956],[-79.82083,33.38494],[-79.8196169775252,33.38435944838755]]]},"properties":{"flat_pct":100}},{"type":"Feature","geometry":{"type":"Polygon","coordinates":[[[-79.85698,33.38846],[-79.85722268543982,33.38717343472314],[-79.8588463154,33.386839322],[-79.86146771740887,33.388919546226326],[-79.86099,33.391],[-79.85869,33.38978],[-79.85513834568559,33.40069666378743],[-79.85419760104737,33.4002599018941],[-79.85532,33.39699],[-79.85329,33.39649],[-79.85556,33.39007],[-79.85697,33.39092],[-79.85848,33.38994],[-79.85698,33.38846]]]},"properties":{"flat_pct":100}},{"type":"Feature","geometry":{"type":"Polygon","coordinates":[[[-79.87410186544118,33.39858850112054],[-79.871591266,33.3973231192],[-79.8711468204,33.3947965822],[-79.8733568808,33.392231266],[-79.8757301265574,33.391752771650864],[-79.87410186544118,33.39858850112054]]]},"properties":{"flat_pct":100}},{"type":"Feature","geometry":{"type":"Polygon","coordinates":[[[-81.3605788069,34.3735616799],[-81.3640915781,34.3729018964],[-81.3655055224,34.3743463941],[-81.3656776249,34.3763743226],[-81.3681905387,34.3768264842],[-81.37086968253954,34.37904916534409],[-81.37012,34.38003],[-81.3717664235336,34.385887111981575],[-81.37097,34.39328],[-81.36747,34.39456],[-81.36701,34.38409],[-81.36933,34.38216],[-81.36202,34.3795],[-81.35888,34.37718],[-81.35795887028142,34.375463553402454],[-81.3605788069,34.3735616799]]]},"properties":{"flat_pct":44}},{"type":"Feature","geometry":{"type":"Polygon","coordinates":[[[-81.3506249375,34.3894738738],[-81.34527796880681,34.38783146803378],[-81.3438,34.38507],[-81.3461259034,34.38106469],[-81.36068140481902,34.38657340788318],[-81.35943873,34.3887147532],[-81.3564959777,34.3897699831],[-81.3506249375,34.3894738738]]]},"properties":{"flat_pct":61}},{"type":"Feature","geometry":{"type":"Polygon","coordinates":[[[-81.3591522691,34.3946588315],[-81.3605788711,34.3916461077],[-81.36416989725514,34.39195136717308],[-81.36087205474342,34.39708879400834],[-81.3591522691,34.3946588315]]]},"properties":{"flat_pct":40}},{"type":"Feature","geometry":{"type":"Polygon","coordinates":[[[-81.3516925787,34.3926880164],[-81.3529029779,34.3910691446],[-81.3548656304,34.3905856089],[-81.3583763965,34.3935058302],[-81.35986589681539,34.39865620140323],[-81.35831,34.40108],[-81.35427079323209,34.4011118047777],[-81.3516925787,34.3926880164]]]},"properties":{"flat_pct":56}},{"type":"Feature","geometry":{"type":"Polygon","coordinates":[[[-81.3424843928,34.4368018808],[-81.3278027199,34.4385352344],[-81.3168739724,34.4341634401],[-81.3138249875,34.4402968974],[-81.3037070224,34.4445992512],[-81.3025913802677,34.44462418175044],[-81.30226,34.44302],[-81.30076,34.44307],[-81.29935914664762,34.43876517070517],[-81.3027631671,34.4386188451],[-81.3095663029,34.435632288],[-81.3122664813,34.4284588336],[-81.3140433057,34.4269402963],[-81.3184839856,34.4277941269],[-81.31925,34.42918],[-81.32571,34.43274],[-81.32838506014541,34.43174616960542],[-81.3328673712,34.4323094917],[-81.3378128759,34.4307903127],[-81.3397681748,34.4310867362],[-81.3418527697,34.4289790816],[-81.34164,34.42577],[-81.34512,34.4281],[-81.34738156068487,34.43192147373343],[-81.3424843928,34.4368018808]]]},"properties":{"flat_pct":79}},{"type":"Feature","geometry":{"type":"Polygon","coordinates":[[[-81.4267421779,34.4436189386],[-81.4201833566,34.4396933616],[-81.4197384323,34.4374407808],[-81.4210166384,34.4355333566],[-81.4235547061,34.4351603503],[-81.4278806986,34.436549626],[-81.4294954016,34.4380828316],[-81.43241469151839,34.43850287337764],[-81.43338,34.44339],[-81.43502198711157,34.44051385699125],[-81.4367998184,34.4440430041],[-81.4358978545,34.4461545294],[-81.4337669959,34.4470098184],[-81.4311214843,34.4457963602],[-81.4300918292,34.444230439],[-81.4267421779,34.4436189386]]]},"properties":{"flat_pct":77}},{"type":"Feature","geometry":{"type":"Polygon","coordinates":[[[-81.40236,34.46591],[-81.39864,34.46604],[-81.39526169259618,34.46308642594754],[-81.3980036621,34.4620236972],[-81.3993642349,34.4596931389],[-81.4025798155,34.4576173142],[-81.4010277794,34.4563027987],[-81.3998615071,34.4531750816],[-81.4004638884,34.4512748271],[-81.4020648035704,34.450189759234284],[-81.40332,34.45283],[-81.4067096799,34.4519603525],[-81.41022391038328,34.45427594743439],[-81.40732,34.45848],[-81.40554,34.45876],[-81.40241,34.46125],[-81.40236,34.46591]]]},"properties":{"flat_pct":45}},{"type":"Feature","geometry":{"type":"Polygon","coordinates":[[[-81.3294930893,34.4582573714],[-81.3374,34.46457],[-81.3376938026017,34.4630383588367],[-81.33800724171387,34.4665040390707],[-81.33061,34.46451],[-81.32384165486235,34.46031105048204],[-81.32319,34.45727],[-81.32675,34.4545],[-81.32517,34.45272],[-81.32657,34.45241],[-81.32751,34.45535],[-81.32949263474082,34.45596141131229],[-81.3294930893,34.4582573714]]]},"properties":{"flat_pct":72}},{"type":"Feature","geometry":{"type":"Polygon","coordinates":[[[-81.3725952944,34.4597358985],[-81.3720715637,34.4630279198],[-81.3686234294695,34.46382940959462],[-81.36769,34.46071],[-81.36873,34.46063],[-81.36958395274698,34.45790676486202],[-81.3725952944,34.4597358985]]]},"properties":{"flat_pct":93}},{"type":"Feature","geometry":{"type":"Polygon","coordinates":[[[-81.3814385383,34.5039736381],[-81.3746,34.50367],[-81.37421359520181,34.5043806605729],[-81.3728734996,34.5025951183],[-81.3727237358,34.5002339032],[-81.374503033,34.4981643366],[-81.3732045257,34.4922750518],[-81.3749173122,34.4900594823],[-81.3777129473,34.490223221],[-81.3801999555,34.4931078946],[-81.3808983764,34.4992686867],[-81.3799915046,34.501315282],[-81.3814385383,34.5039736381]]]},"properties":{"flat_pct":87}},{"type":"Feature","geometry":{"type":"Polygon","coordinates":[[[-81.4078494098,34.5036095048],[-81.4061999835,34.506229094],[-81.4032069232,34.5061493582],[-81.40349,34.50361],[-81.4014,34.50037],[-81.3987,34.5007],[-81.39785570948696,34.50189804352131],[-81.3975589097,34.498908571],[-81.399804898,34.4971894804],[-81.40351,34.4982],[-81.4059399922,34.4999169694],[-81.4078494098,34.5036095048]],[[-81.40289,34.4989],[-81.40202,34.49876],[-81.40241,34.49922],[-81.40289,34.4989]]]},"properties":{"flat_pct":35}},{"type":"Feature","geometry":{"type":"Polygon","coordinates":[[[-81.3936034301,34.5067059082],[-81.3941240206,34.5036655391],[-81.39726330386324,34.50273866379183],[-81.39664,34.50678],[-81.3976797061127,34.50897756064727],[-81.394927115,34.5082335436],[-81.3936034301,34.5067059082]]]},"properties":{"flat_pct":70}},{"type":"Feature","geometry":{"type":"Polygon","coordinates":[[[-81.421783061,34.5329911655],[-81.4237743066,34.5372816056],[-81.4216958765,34.5447148137],[-81.4197892597,34.5479475871],[-81.4179097173,34.5491128629],[-81.4114045752,34.5490930498],[-81.40751976841383,34.551817603909996],[-81.4088563058,34.5537171198],[-81.4113565098,34.5530602222],[-81.4139596224,34.5539221424],[-81.4180141407,34.5519766742],[-81.4206350627,34.5530399255],[-81.4213299199,34.5549380787],[-81.4206628762,34.5568461836],[-81.4142965843,34.5602412177],[-81.414578207,34.5622630375],[-81.41747191985445,34.56335627192201],[-81.41139,34.56113],[-81.41248,34.56458],[-81.41817,34.56574],[-81.41488554769646,34.56868036682412],[-81.4115288524,34.5684173879],[-81.4084656843,34.5649491405],[-81.4084807329,34.5618573364],[-81.4074321656,34.5596628163],[-81.4065738344,34.559626363],[-81.4067183084,34.5644211566],[-81.4021908736,34.5682015036],[-81.4032832538,34.5715024659],[-81.4029601591,34.5734730049],[-81.4011979178,34.5749017101],[-81.3987812131334,34.574698500604065],[-81.3993137126702,34.56203543641698],[-81.4003249858,34.5609418955],[-81.400003231,34.5580225383],[-81.4011144348,34.5557630166],[-81.3982870897,34.5559445116],[-81.3954720974,34.5537894614],[-81.3969336378,34.5569646202],[-81.3964400369,34.5592070377],[-81.39372,34.55785],[-81.39203,34.55826],[-81.39124,34.5566],[-81.39412,34.55428],[-81.39534,34.55168],[-81.39338059579136,34.55088877391955],[-81.3936324759,34.5493207552],[-81.3964703734,34.5475720311],[-81.40097172078902,34.549668339002245],[-81.4042273713,34.5459082742],[-81.4089372936,34.5433873344],[-81.4156999862,34.5431409341],[-81.4172008063,34.5377571498],[-81.4123470248,34.5347992771],[-81.4068596717,34.5351689244],[-81.4050128036,34.5344691115],[-81.40120422661172,34.53047031649451],[-81.40359,34.53177],[-81.40483,34.53048],[-81.40306,34.52995],[-81.4036,34.5276],[-81.40223290446302,34.52572327713266],[-81.4052141374,34.5258841314],[-81.40652203411791,34.527648009323364],[-81.4052,34.52754],[-81.4078645424,34.5290304284],[-81.4124344346,34.5261635493],[-81.4122871257,34.5242228206],[-81.4137846296,34.5214677754],[-81.4168079769,34.5208644058],[-81.4186231357,34.5226751578],[-81.419179152,34.5265951076],[-81.4174349533,34.530690349],[-81.421783061,34.5329911655]],[[-81.41011,34.53279],[-81.41392,34.53274],[-81.41394,34.53185],[-81.41322,34.53127],[-81.41011,34.53279]]]},"properties":{"flat_pct":45}},{"type":"Feature","geometry":{"type":"Polygon","coordinates":[[[-81.4226083238,34.5786030496],[-81.4210693799,34.5803229833],[-81.4178981811,34.5807116252],[-81.4163354302,34.5820734852],[-81.4141848523,34.5887785906],[-81.4101,34.59041],[-81.41204,34.58281],[-81.4092110747707,34.583601307756446],[-81.4096607202,34.5763863915],[-81.4089128601,34.5729425196],[-81.4098860415,34.5707313211],[-81.4132668723492,34.570129466658805],[-81.4158794661,34.5748128043],[-81.4170112559,34.5745298568],[-81.41763112686245,34.572661972691705],[-81.42233,34.57219],[-81.42394734019544,34.57464063983928],[-81.4228834839,34.5757652878],[-81.4226083238,34.5786030496]]]},"properties":{"flat_pct":44}},{"type":"Feature","geometry":{"type":"Polygon","coordinates":[[[-81.4232199279,34.6496492395],[-81.42651915946773,34.64597250381784],[-81.43091531975212,34.64987942580654],[-81.429188566,34.6513480571],[-81.4263017188,34.6587747531],[-81.423088458,34.6617509744],[-81.4217656635,34.6649157675],[-81.4155692389,34.6703621371],[-81.4134053564,34.6753263506],[-81.41027768622882,34.67608768404961],[-81.41136,34.67314],[-81.40831721102107,34.67213592245621],[-81.4084244067,34.6709257354],[-81.4119705083,34.6655165589],[-81.4111624479,34.6622410766],[-81.4155129225,34.6509086836],[-81.4147763996,34.6470397904],[-81.4173522141,34.6453427228],[-81.4200631247,34.6468143962],[-81.4222377697,34.6512043431],[-81.4206178458,34.6559551465],[-81.4232199279,34.6496492395]]]},"properties":{"flat_pct":52}},{"type":"Feature","geometry":{"type":"Polygon","coordinates":[[[-79.6758874658,32.9431548053],[-79.6738722742,32.9429972777],[-79.6724144445,32.9415970833],[-79.6721896580689,32.940976832212215],[-79.67303,32.94185],[-79.67529,32.94018],[-79.67307141702922,32.938052139752934],[-79.67850571868912,32.935753312548094],[-79.67717,32.9379],[-79.67756,32.93898],[-79.6814,32.93787],[-79.68806,32.94241],[-79.68535446778712,32.94569412494516],[-79.6805825602,32.9413827512],[-79.6758874658,32.9431548053]]]},"properties":{"flat_pct":98}},{"type":"Feature","geometry":{"type":"Polygon","coordinates":[[[-79.6901289592,32.9445553083],[-79.6879704325,32.9463830112],[-79.68538074146488,32.94571721237193],[-79.68802,32.94274],[-79.68920822624945,32.94087600526744],[-79.6901289592,32.9445553083]]]},"properties":{"flat_pct":100}},{"type":"Feature","geometry":{"type":"Polygon","coordinates":[[[-79.7618812062,32.9892835073],[-79.7625706885,32.9920265622],[-79.7606729775,32.9941238053],[-79.75937209804964,32.99428252499283],[-79.75783,32.99034],[-79.75572240725992,32.991576368993414],[-79.7538664195,32.988016152],[-79.7542785446,32.9821724957],[-79.7555230788,32.9802429329],[-79.7577675043,32.9797585446],[-79.7596970671,32.9810030788],[-79.75816,32.98202],[-79.759852495,32.9812531129],[-79.7599861375,32.9871255379],[-79.7618812062,32.9892835073]]]},"properties":{"flat_pct":100}},{"type":"Feature","geometry":{"type":"Polygon","coordinates":[[[-79.6031161195,33.0005802804],[-79.60788800456027,32.99707992662196],[-79.6132894747,32.9992844378],[-79.6155151327,33.0017034792],[-79.6157249516,33.0039899731],[-79.6142565208,33.0057551327],[-79.6119700269,33.0059649516],[-79.6098711511,33.004342242],[-79.6057873119,33.0033548233],[-79.6031161195,33.0005802804]]]},"properties":{"flat_pct":98}},{"type":"Feature","geometry":{"type":"Polygon","coordinates":[[[-79.71037,33.01015],[-79.71272857585306,33.01175123498282],[-79.70485474121182,33.01728825680533],[-79.70663179864945,33.01947449073309],[-79.69497310929378,33.02608990018582],[-79.69417462070085,33.02445242870528],[-79.6875519543,33.0288948805],[-79.6843639707,33.0331629314],[-79.67443,33.03641],[-79.67475175917424,33.03789594236829],[-79.67326764315457,33.038406735536405],[-79.678181523,33.0416850363],[-79.68514,33.04067],[-79.68646579201375,33.041217274610325],[-79.6857247758,33.0445836583],[-79.6773255268,33.0491627166],[-79.674002828,33.0494571655],[-79.6653222903,33.0540054056],[-79.6528381605,33.0625058287],[-79.6545793456,33.0650280138],[-79.6728295694,33.0521175813],[-79.6762398108,33.0525195714],[-79.6805016333,33.0500774868],[-79.6825229096,33.0500934245],[-79.6844609081,33.0524932204],[-79.6828190342,33.0556088505],[-79.6837606257,33.0572085694],[-79.6835430099,33.0597188973],[-79.6793307339,33.0651969495],[-79.6851286938,33.0689900068],[-79.6855977069,33.0712376955],[-79.6843399932,33.0731586938],[-79.6818060641,33.0735588491],[-79.6768101121,33.0706420405],[-79.6738862278,33.0719832868],[-79.6687831955,33.0711237467],[-79.6611121016,33.073468262],[-79.6572286717,33.0723300954],[-79.6550235429,33.0729397785],[-79.6510437457,33.0721944642],[-79.6460482595,33.0732768195],[-79.6332128436,33.0799454646],[-79.6267681809,33.0819558269],[-79.623733355,33.0813662347],[-79.6201121782,33.0776121237],[-79.6195538888,33.0751082799],[-79.6214045399,33.0729693955],[-79.6239626319,33.0731619734],[-79.6266390565,33.0757939798],[-79.6438765803,33.0676564479],[-79.6479760972,33.0667199032],[-79.6465411536,33.0617968116],[-79.6479855771,33.0585824131],[-79.6553319113,33.0528974024],[-79.6711261183,33.0441907303],[-79.6682378574,33.0421272609],[-79.66706655060169,33.03940340660482],[-79.6580420733,33.0408538664],[-79.6447530271,33.0489223784],[-79.6415866739,33.0526673187],[-79.6325985846,33.0572121869],[-79.6310189086,33.0590842257],[-79.627323188,33.0586956906],[-79.6257358686,33.0566804144],[-79.6269216012,33.0535650113],[-79.6549587692,33.0354982509],[-79.66824158964833,33.033137544808305],[-79.6587454836,33.0281147093],[-79.6560424832,33.0250150593],[-79.6555403525,33.0223206939],[-79.645479034,33.0203817013],[-79.6428001087,33.0144803726],[-79.6417659719,33.0091338965],[-79.6392634751,33.007626006],[-79.6384000776,33.0054984199],[-79.6390947189,33.0036001877],[-79.6411274324,33.0025324078],[-79.6458240947,33.0045272948],[-79.6485330579,33.0098765543],[-79.649600913,33.0153997452],[-79.65363717089369,33.01598321158325],[-79.6536899175,33.0139275301],[-79.6550226366,33.0124077697],[-79.662209793,33.0128118321],[-79.6638362849,33.0104979748],[-79.6683781757,33.0080376431],[-79.6725352929,33.0082624404],[-79.6770757398,33.0037689661],[-79.6775410455,33.0010253448],[-79.6762683309,32.9992014049],[-79.6695571774,32.9954703937],[-79.6645119449,32.9947247634],[-79.6622867215,32.9920941238],[-79.6626662524,32.9898296075],[-79.6645358762,32.9884967215],[-79.6713404208,32.9896823862],[-79.673124484,32.9781506159],[-79.6722276424,32.9765872858],[-79.6705380503,32.9778516386],[-79.6669944719,32.9784880262],[-79.6647957911,32.975982532],[-79.6652218857,32.9740066132],[-79.668918737,32.9699953764],[-79.6749212332,32.9699367782],[-79.6791305615,32.9767444643],[-79.6827476421,32.9756078244],[-79.6945570034,32.9772420921],[-79.6964161283,32.9785895834],[-79.6966955391,32.9811396521],[-79.6946207901,32.9830619301],[-79.6827924174,32.9816701352],[-79.6784183315,32.9831764026],[-79.677216121,32.9909472126],[-79.6842327192,32.9921256805],[-79.6918967594,32.9889892406],[-79.694979884,32.9902565373],[-79.6954339307,32.992507297],[-79.6941634627,32.994419884],[-79.6853297808,32.9981550114],[-79.6830185196,32.9980130295],[-79.6857434865,33.0049557093],[-79.6883432335,33.0080037643],[-79.6904341524,33.0076574219],[-79.6921683077,33.0086959387],[-79.6928499998,33.0105988595],[-79.6921745749,33.0124957936],[-79.6954695286826,33.01635893887959],[-79.7051199967,33.0098854527],[-79.7012214757,33.0055712837],[-79.7017950381,33.0000736682],[-79.6988933281,32.9962221573],[-79.698654583,32.990785795],[-79.7003501603,32.9885220031],[-79.7026440018,32.9884201737],[-79.7043379969,32.9899701603],[-79.704760614,32.9943409599],[-79.7079533454,32.9985811243],[-79.7072454835,33.0034711084],[-79.71275157431191,33.00837908576806],[-79.71037,33.01015]],[[-79.6767310217,33.0128080471],[-79.6815348881,33.0129072551],[-79.6829677402,33.0109471912],[-79.6808422089,33.0084551272],[-79.6767310217,33.0128080471]],[[-79.6869642621,33.0156328851],[-79.6832590707,33.0209122279],[-79.6859975959,33.0186161855],[-79.688815244,33.0178030558],[-79.6869642621,33.0156328851]],[[-79.6662118064,33.0176184103],[-79.66126445323457,33.018883164107116],[-79.6615485159,33.0222589824],[-79.6625192409,33.023351048],[-79.6648000583,33.024182957],[-79.6688642315,33.0193707765],[-79.669541669,33.0162278773],[-79.6736326754,33.0141682967],[-79.6698973364,33.014004125],[-79.6678732851,33.0150756815],[-79.6662118064,33.0176184103]],[[-79.6756164772,33.0202619521],[-79.6700758046,33.027235193],[-79.6726048307,33.0287641143],[-79.6758954385,33.0251746159],[-79.6756164772,33.0202619521]],[[-79.67903,33.00451],[-79.67908,33.0045],[-79.67904,33.00449],[-79.67903,33.00451]],[[-79.67815,33.0171],[-79.67663,33.0178],[-79.67818,33.01988],[-79.67972,33.01906],[-79.67815,33.0171]],[[-79.6744951779,33.0580341752],[-79.6723469341,33.0600747837],[-79.6621751528,33.0669446573],[-79.6709851559,33.0648558983],[-79.6770821526,33.0587750886],[-79.6744951779,33.0580341752]]]},"properties":{"flat_pct":100}},{"type":"Feature","geometry":{"type":"Polygon","coordinates":[[[-79.7524068638,33.0210396595],[-79.7544351804,33.019963551],[-79.75658119297486,33.020600177445175],[-79.75335207412023,33.02670237876821],[-79.7517758487,33.0235261713],[-79.7524068638,33.0210396595]]]},"properties":{"flat_pct":100}},{"type":"Feature","geometry":{"type":"Polygon","coordinates":[[[-79.7495366951,33.0351177723],[-79.7494798387,33.0383477862],[-79.7484332945,33.0400771089],[-79.7462332469,33.0407342759],[-79.7442128911,33.0396432945],[-79.7435461423,33.0363001735],[-79.7415490649,33.0330828015],[-79.741555436,33.0299678524],[-79.7396565875,33.0242385198],[-79.74112394,33.0212454319],[-79.7433996914,33.0209404181],[-79.7452245681,33.02233394],[-79.7475110174,33.0288861453],[-79.7474730631,33.0313689112],[-79.7495366951,33.0351177723]]]},"properties":{"flat_pct":100}},{"type":"Feature","geometry":{"type":"Polygon","coordinates":[[[-79.63908,33.03585],[-79.642447206,33.0306898344],[-79.6507707836,33.0257970652],[-79.6530650053,33.0257041939],[-79.6547529348,33.0272607836],[-79.6540254212,33.030760155],[-79.6462690798,33.0353854816],[-79.6400333175,33.0425199816],[-79.6374967596,33.0429031196],[-79.6357179945,33.0414511992],[-79.6354868804,33.0391667596],[-79.6367377626,33.0363807206],[-79.63804395978998,33.03528454215644],[-79.63908,33.03585]]]},"properties":{"flat_pct":100}},{"type":"Feature","geometry":{"type":"Polygon","coordinates":[[[-79.6205791402,33.0384429423],[-79.6191398094,33.0402319098],[-79.61677,33.04044894058729],[-79.61677,33.03731],[-79.61949042641578,33.03515395109239],[-79.6205791402,33.0384429423]]]},"properties":{"flat_pct":100}},{"type":"Feature","geometry":{"type":"Polygon","coordinates":[[[-79.5935631502642,33.03731282425105],[-79.59678307370758,33.03919506271282],[-79.59566,33.03938],[-79.5935631502642,33.03731282425105]]]},"properties":{}},{"type":"Feature","geometry":{"type":"Polygon","coordinates":[[[-79.7232878626,33.0399232251],[-79.721332626,33.0426229932],[-79.7193114168,33.0426459081],[-79.7166166582,33.0411387346],[-79.7156154895,33.0435100942],[-79.7131543089,33.0442336349],[-79.7061562847,33.0393754483],[-79.70521572442635,33.03680358663953],[-79.70586,33.03777],[-79.70811,33.03688],[-79.70702,33.03455],[-79.7083629616,33.0341749901],[-79.7139022188,33.0377239577],[-79.7148602532,33.0356301288],[-79.7173065218,33.0348576709],[-79.722279348,33.0375644501],[-79.7232878626,33.0399232251]]]},"properties":{"flat_pct":100}},{"type":"Feature","geometry":{"type":"Polygon","coordinates":[[[-79.5603769479,33.0425028788],[-79.55817095650679,33.04144990558384],[-79.56067,33.04019],[-79.56007,33.03931],[-79.56432,33.03565],[-79.56681572634709,33.03899559993705],[-79.5660418205,33.0398267494],[-79.570209018,33.043734419],[-79.57044785736272,33.046250236047],[-79.56619,33.04675],[-79.56372183048573,33.04766336216488],[-79.5603769479,33.0425028788]]]},"properties":{"flat_pct":92}},{"type":"Feature","geometry":{"type":"Polygon","coordinates":[[[-79.610860078,33.0514624513],[-79.6083089014,33.0517315585],[-79.6064824294,33.0499301921],[-79.60570300977241,33.038336077101285],[-79.61168884299785,33.037915329686186],[-79.6122973333,33.0490264642],[-79.610860078,33.0514624513]]]},"properties":{"flat_pct":100}},{"type":"Feature","geometry":{"type":"Polygon","coordinates":[[[-79.5989161798,33.053777025],[-79.5964459155,33.0556243619],[-79.5936522354,33.0543166118],[-79.5923711817,33.0505924434],[-79.59063263370122,33.04954056287124],[-79.59252,33.04907],[-79.59050799466051,33.041621910167336],[-79.59451,33.04019],[-79.5956556414,33.0455250189],[-79.59669,33.04787],[-79.59779285097979,33.0478106629343],[-79.5989161798,33.053777025]]]},"properties":{"flat_pct":84}},{"type":"Feature","geometry":{"type":"Polygon","coordinates":[[[-79.5678295659,33.0495187917],[-79.5658095057,33.0494468983],[-79.56392260596816,33.04791435267541],[-79.57028395984976,33.04662247337669],[-79.5678295659,33.0495187917]]]},"properties":{"flat_pct":100}},{"type":"Feature","geometry":{"type":"Polygon","coordinates":[[[-79.6995512241,33.0569092993],[-79.6982803617,33.0591377135],[-79.6957515477,33.0595690145],[-79.6930242989,33.0575488937],[-79.692616551,33.0549778569],[-79.694100715,33.053181074],[-79.6964232619,33.052988856],[-79.698837254,33.0547270243],[-79.6995512241,33.0569092993]]]},"properties":{"flat_pct":100}},{"type":"Feature","geometry":{"type":"Polygon","coordinates":[[[-79.7759754497,33.1148344613],[-79.7722920683,33.1122811646],[-79.751550318,33.069769721],[-79.7476885258,33.066688044],[-79.7468977394,33.0641489281],[-79.7445422041,33.0627560245],[-79.7441004259,33.0600848292],[-79.73992537767272,33.05422034470434],[-79.73432938,33.0551109359],[-79.7295270355,33.0611782741],[-79.7201254334,33.0590447797],[-79.7088105793,33.0650405609],[-79.7100932526,33.0665355869],[-79.7101535018,33.0685560279],[-79.7074009016,33.0727345169],[-79.7065340868,33.0770675243],[-79.7048388546,33.079381188],[-79.7079389024,33.0802529292],[-79.7104554487,33.0828018971],[-79.7184844161,33.0826374742],[-79.7235397961,33.0853008718],[-79.7277657522,33.0847371916],[-79.7311369347,33.0871005701],[-79.7318778808,33.0836576779],[-79.7309025609,33.0812242401],[-79.7314273349,33.077287333],[-79.7346783163,33.0722445115],[-79.7382521303,33.0722967582],[-79.7394737726,33.0763231978],[-79.7369932574,33.0799557574],[-79.7380293436,33.0833327518],[-79.7370475905,33.0881540421],[-79.7406411335,33.09072],[-79.7434279343,33.0910153066],[-79.7547760957,33.0968873294],[-79.7567899953,33.1132647079],[-79.7554611083,33.1157614648],[-79.7532099203,33.1162133837],[-79.75117672676399,33.11473869383947],[-79.75252,33.1137],[-79.75223,33.1103],[-79.75308,33.10884],[-79.75049130914864,33.110441252073],[-79.7495030703,33.1005857545],[-79.7414474387,33.09672],[-79.7384748403,33.0964672878],[-79.7334445551,33.0929538947],[-79.7292135657,33.0929123507],[-79.7261042846,33.0908310408],[-79.7224667564,33.0914357662],[-79.7171360656,33.0885907296],[-79.7146288577,33.0886250227],[-79.7171300903,33.0919087927],[-79.7179434127,33.0951057929],[-79.7269968541,33.1116117621],[-79.731171105,33.1130958329],[-79.7324123633,33.1150275047],[-79.72529,33.11575],[-79.72578481194998,33.11752550170287],[-79.7234975134,33.1167304434],[-79.7124696824,33.097602716],[-79.7117335787,33.0947409973],[-79.7048311756,33.0855461655],[-79.7013300476,33.0845823047],[-79.6991863066,33.0821441834],[-79.6928923542,33.0836174763],[-79.6895148269,33.0885065422],[-79.7010348544,33.0933677097],[-79.7046238977,33.0979511337],[-79.7052582003,33.1083258173],[-79.702868742,33.1128131375],[-79.706277707,33.1158068061],[-79.7140425521,33.1294799564],[-79.7154879442,33.133811662],[-79.7262531163,33.1344175414],[-79.7326724182,33.1368542904],[-79.7360818188,33.1298383993],[-79.742388934,33.1300274997],[-79.7470408845,33.1267684041],[-79.7524622532,33.1267409539],[-79.7531064127,33.124799724],[-79.7551111763,33.1236803487],[-79.7992160839,33.122866415],[-79.80598017436428,33.12365510217791],[-79.80789,33.1267],[-79.80622302206123,33.12364274896249],[-79.8071609011,33.123772246],[-79.81376,33.13575],[-79.81837065990734,33.13525416883568],[-79.8183468438,33.1378841664],[-79.815362853,33.1395527626],[-79.8151182787,33.1425951594],[-79.8174084582,33.1447560877],[-79.8179342697,33.1520348535],[-79.8208670394,33.1529691752],[-79.8267254737,33.1590620548],[-79.8309543795,33.1591632909],[-79.83661806482536,33.165873799167585],[-79.83173640453461,33.16946639603781],[-79.8289890262,33.1665097305],[-79.8255998743,33.1664778787],[-79.8165372928,33.1578803326],[-79.8165204604,33.1618821852],[-79.814531446,33.1667324555],[-79.8188605674,33.1693337226],[-79.8189272519,33.172666477],[-79.816753718,33.1740290743],[-79.8139922085,33.1731906367],[-79.811850583,33.1786629044],[-79.8097339576,33.1801123241],[-79.80670786060736,33.178726353822285],[-79.80855,33.17779],[-79.80633674645178,33.17648122352632],[-79.8077323165,33.1722111752],[-79.8016258088,33.1762207471],[-79.7956395065,33.1769625335],[-79.7949084772,33.1816464342],[-79.79581621814415,33.18589885502103],[-79.79477,33.18531],[-79.79143,33.18835],[-79.79353,33.18851],[-79.79578979106749,33.18691268839854],[-79.7957316467,33.1899314799],[-79.7947960739,33.191723271],[-79.7929361661,33.1925148231],[-79.7909962825,33.1919467881],[-79.7883276695,33.1889192612],[-79.7895972229,33.1854784453],[-79.7888100799,33.1815318955],[-79.7897286467,33.1780915061],[-79.7891958591,33.1733537945],[-79.7845994758,33.1673920778],[-79.7846282537,33.1605678685],[-79.7775359494,33.1559039581],[-79.7481034778,33.1672354908],[-79.7485060523,33.1710700377],[-79.7470549941,33.1739550054],[-79.7476527447,33.178318282],[-79.7444669403,33.1811610101],[-79.7420292637,33.1854531837],[-79.7398227325,33.1872323856],[-79.7363039188,33.1882602793],[-79.7326564334,33.1871294325],[-79.7317873054,33.1839113096],[-79.7332978078,33.1821820149],[-79.7376530671,33.1813076454],[-79.7413844649,33.1759441475],[-79.7407321524,33.173356099],[-79.7423440605,33.1693977944],[-79.7228004055,33.1767193922],[-79.71561,33.1753525454],[-79.71561,33.179424747],[-79.7178581776,33.1850258003],[-79.7160293601,33.1900151441],[-79.7138837681,33.191421329],[-79.7119048559,33.1910093601],[-79.7105535351,33.1891530169],[-79.7116200366,33.1847895347],[-79.7096638514,33.1807158695],[-79.7092002032,33.1727269276],[-79.6967617604,33.1830608803],[-79.6964603188,33.1859114699],[-79.6981024001,33.1904016574],[-79.7018746418,33.1952371535],[-79.7099470394,33.2030153407],[-79.7115243264,33.2034421972],[-79.7146803136,33.2026322962],[-79.7201887891,33.1991655754],[-79.7255601318,33.2005301721],[-79.7284191003,33.1984881934],[-79.725550335,33.1971036939],[-79.723879415,33.1949843808],[-79.7237610196,33.192966512],[-79.7252006895,33.1911778174],[-79.7277616158,33.191027559],[-79.7345664051,33.1946475393],[-79.7748151992,33.1699364009],[-79.7773344923,33.1704533758],[-79.7806936951,33.1749177952],[-79.7831209777,33.1762914707],[-79.784807139,33.1823196529],[-79.7831766546,33.1846307688],[-79.7803491834,33.1845590577],[-79.7782964932,33.1804222446],[-79.7757629798,33.1791655247],[-79.7748341205,33.1767428693],[-79.7315330314,33.2036174572],[-79.7398176933,33.2115359309],[-79.7431808466,33.2177804832],[-79.7495460503,33.2206251359],[-79.75399095945183,33.226787594524886],[-79.74910327635665,33.23039204404515],[-79.7471778799,33.2266955298],[-79.7437599947,33.2245514295],[-79.7358398741,33.2338095702],[-79.7258534375,33.2390194972],[-79.7306072784197,33.24403202225005],[-79.72526220809665,33.24797377456634],[-79.7224745651,33.2441748333],[-79.7110782135,33.2393108116],[-79.7092337024,33.2370474539],[-79.7089698914,33.2326334695],[-79.7071143146,33.2327558481],[-79.7038839365,33.2312630358],[-79.6883731416,33.2473864996],[-79.6915264779,33.2503575908],[-79.6963413025,33.2455122253],[-79.6983552258,33.2453392364],[-79.7001822459,33.2467299467],[-79.7001437244,33.2498143226],[-79.6958745476,33.2544926908],[-79.70964570798449,33.26589801816693],[-79.70330579930115,33.27328456942046],[-79.7033825492,33.2711818913],[-79.7048047984,33.2696613009],[-79.7034346371,33.2679560458],[-79.6985784317,33.2653025653],[-79.6887761758,33.256033079],[-79.6740242066,33.2663486127],[-79.6689852644,33.2712422012],[-79.66841972672242,33.27148741055633],[-79.66873,33.2705],[-79.66471385990556,33.26970700418518],[-79.66492,33.26711],[-79.66296,33.26538],[-79.66516,33.26131],[-79.66449079088935,33.260595767646436],[-79.6653325361,33.2587551494],[-79.66731356523177,33.257069010472314],[-79.66729,33.25772],[-79.67470102132283,33.25749108814447],[-79.6743389368,33.2587299058],[-79.67765,33.2574],[-79.67761,33.25553],[-79.6734220871,33.2548303466],[-79.6741308209947,33.255523204728505],[-79.66916182667273,33.25551349966147],[-79.6711417001,33.2543465247],[-79.6655508853,33.2510284415],[-79.6648901692,33.2491181363],[-79.6655913135,33.2472222965],[-79.6687912965,33.2462885905],[-79.6699,33.24769],[-79.6778454057,33.2494870669],[-79.6831612065,33.2523808771],[-79.6841611864,33.2516612323],[-79.67926533746032,33.247023323163674],[-79.67944,33.24562],[-79.68326,33.24677],[-79.67826,33.24294],[-79.67595,33.24252],[-79.67394,33.2387],[-79.66963,33.23973],[-79.6700502816089,33.24154343731244],[-79.6586404118,33.2348430104],[-79.6570982858,33.2419915271],[-79.6548089049,33.2431489622],[-79.6526652077,33.2423263807],[-79.6512000434,33.2389761326],[-79.6530830554,33.2325145533],[-79.6445672334,33.2302636849],[-79.642960835,33.2273032977],[-79.6429316688,33.2220246256],[-79.644600178,33.2204472369],[-79.6468953744,33.2205116688],[-79.6484727631,33.222180178],[-79.6488421263,33.2255958706],[-79.6529151909,33.2263739797],[-79.6385981862,33.2032074607],[-79.63540183293202,33.20461243614554],[-79.63421,33.20059],[-79.64267,33.20413],[-79.64029,33.20026],[-79.64288484171344,33.19873067299981],[-79.6447060221,33.201677547],[-79.6460929584,33.1925796115],[-79.6485961326,33.1896113615],[-79.6516216147,33.1883400717],[-79.6556223883,33.1884918595],[-79.6645074066,33.192351891],[-79.6687077201,33.1894992999],[-79.6669648879,33.1823086741],[-79.662602918,33.1735684379],[-79.6624570001,33.1715788861],[-79.63815861840409,33.171749258754645],[-79.63392086615453,33.16605544471352],[-79.6355496033,33.1657674048],[-79.6380085009,33.1595893719],[-79.6325284402,33.1565832113],[-79.6301373591,33.1524598517],[-79.6265088676,33.1422652185],[-79.6284052953,33.1401668149],[-79.6312834056,33.1406430871],[-79.6304651282,33.1376468871],[-79.6335983599,33.1324817414],[-79.6358880609,33.1323104313],[-79.642374632,33.1351774418],[-79.6443045248,33.1388043929],[-79.6486282457,33.1402869537],[-79.6497622551,33.1423570281],[-79.6573560112,33.1488284513],[-79.6638700771,33.1655688306],[-79.6674640031,33.1594886766],[-79.6680362639,33.148546968],[-79.6637449596,33.1471490413],[-79.6597072459,33.1443519336],[-79.6577512425,33.1344694778],[-79.6584705858,33.131706691],[-79.653701481,33.129975097],[-79.6490223953,33.1238964094],[-79.6434072259,33.1229054025],[-79.6422881957,33.1212220774],[-79.64244696222454,33.119316708904364],[-79.64365,33.11958],[-79.64393250145612,33.11778140739605],[-79.645059862,33.1175032749],[-79.6526551777,33.1187971287],[-79.657334015,33.125087854],[-79.6626203851,33.1268415734],[-79.6640376995,33.1293145107],[-79.6648024877,33.1276685253],[-79.6665923238,33.1267292179],[-79.6721425805806,33.12648426723868],[-79.67346,33.12735],[-79.67237129803145,33.12647476900567],[-79.6731858546,33.1264540512],[-79.6762894028,33.1276343799],[-79.6752972459,33.1193664055],[-79.6716509187,33.1128007151],[-79.6685783088,33.1143112541],[-79.6675116264,33.1181068312],[-79.6682419935,33.1195175433],[-79.6725482649,33.1213483163],[-79.6725107143,33.1249223148],[-79.67149651149074,33.12577150923766],[-79.66934,33.12256],[-79.66485,33.12229],[-79.6634663779917,33.12343062029358],[-79.6614170082,33.1186805229],[-79.6619325558,33.1158866528],[-79.6572495101,33.1120091313],[-79.6540018994,33.1049469413],[-79.6522149814,33.1031972564],[-79.6526863255,33.0998973272],[-79.6556332529,33.0989860216],[-79.6588514127,33.1012426633],[-79.663493522,33.1098500418],[-79.6695875553,33.1069789033],[-79.6684352195,33.1036035196],[-79.6569382575,33.0945494347],[-79.6568571502,33.0914658847],[-79.6595383647,33.0899407791],[-79.6645422812,33.0923736313],[-79.6729639759,33.0995836041],[-79.6750777816,33.1044897294],[-79.6807795968,33.1048302144],[-79.684975542,33.1106408767],[-79.6856258009,33.115413722],[-79.6883395667,33.118450955],[-79.688402725,33.1210155079],[-79.687009045,33.1224795667],[-79.6850029268,33.1227271581],[-79.6813742796,33.1196496401],[-79.6822147911,33.1266539026],[-79.6851216095,33.129754645],[-79.6878344452,33.1294611251],[-79.690491609,33.1234766153],[-79.6997763344,33.1180214915],[-79.6715891354,33.0955351792],[-79.6646555256,33.0882764184],[-79.6641711276,33.0854898265],[-79.6654142316,33.0838959306],[-79.6676764079,33.0835026926],[-79.6749973822,33.0904544485],[-79.680415178,33.0892448086],[-79.687022969,33.0822578353],[-79.6887810196,33.0786717747],[-79.7000320073,33.0757840319],[-79.700939264,33.0746572777],[-79.7026952497,33.068992548],[-79.7003753167,33.0680874242],[-79.6995494826,33.0656586552],[-79.7019983939,33.0618755645],[-79.7182893299,33.0532815599],[-79.7228433105,33.0527952903],[-79.7273485195,33.054661651],[-79.7312552149,33.0496633015],[-79.73551862192758,33.048846161609006],[-79.7367,33.04988],[-79.73285,33.04568],[-79.73516644580019,33.04842832552565],[-79.7326470675,33.0468356064],[-79.7317338139,33.0425812248],[-79.73293824111065,33.0310886083435],[-79.73653,33.0309],[-79.73643,33.02853],[-79.73235575557717,33.02875792975792],[-79.7290551472,33.0232973621],[-79.7253719497,33.0227516386],[-79.72362828104472,33.020767424665436],[-79.72650410633776,33.01698078080453],[-79.7310550035,33.0176390836],[-79.73314627007275,33.0159835860238],[-79.735,33.01659],[-79.74111,33.00576],[-79.74396664225617,33.00674807151957],[-79.7441315384,33.0103820562],[-79.7402614047,33.0180846925],[-79.7360975618,33.0212508643],[-79.7356995973,33.0230267273],[-79.7386657747,33.0280081965],[-79.7392288868,33.0342879837],[-79.7378688257,33.0430184861],[-79.7420975424,33.0448564329],[-79.74292,33.0489956596],[-79.7456773307,33.0510006923],[-79.7525724486,33.0520069669],[-79.7585800611,33.0510393359],[-79.760759817,33.0523919575],[-79.7611729796,33.0546505797],[-79.7598323194,33.0565604865],[-79.7592732854,33.0604354634],[-79.7565963481,33.0634762717],[-79.7540275073386,33.064095254294635],[-79.7564981319,33.0661991829],[-79.7604379317,33.0734788354],[-79.76601728342574,33.08518028995807],[-79.76494,33.08679],[-79.7682143591786,33.089788169752424],[-79.7668,33.09105],[-79.76884,33.09135],[-79.77124151777048,33.096136964459056],[-79.77063,33.09736],[-79.77161,33.09921],[-79.77237907589665,33.09852274068809],[-79.7772829774,33.108807588],[-79.796821078,33.1095183247],[-79.80444587757272,33.11101660605321],[-79.80408398599289,33.11703089945147],[-79.796283988,33.115517429],[-79.7759754497,33.1148344613]],[[-79.68332,33.24679],[-79.68251,33.24608],[-79.68309879781424,33.24662169398909],[-79.68332,33.24679]],[[-79.7536268972,33.0579136406],[-79.7524290621,33.0580691612],[-79.7518532231265,33.05799793010475],[-79.7536268972,33.0579136406]],[[-79.73768,33.04948],[-79.73782,33.05031],[-79.73805,33.04954],[-79.73768,33.04948]],[[-79.74304,33.00726],[-79.74199,33.00753],[-79.74281,33.00778],[-79.74304,33.00726]],[[-79.73507,33.0409],[-79.73402,33.04145],[-79.73494,33.04159],[-79.73507,33.0409]],[[-79.76848,33.09705],[-79.76506,33.08982],[-79.76593,33.09241],[-79.76848,33.09705]],[[-79.809212671,33.1504781053],[-79.8118541749,33.1509495964],[-79.8116476748,33.1477560488],[-79.80990831,33.1487690855],[-79.809212671,33.1504781053]],[[-79.8066,33.14445],[-79.81021,33.14497],[-79.81131,33.14295],[-79.808274723451,33.14248303437708],[-79.81029115945066,33.139014976357444],[-79.81258,33.13928],[-79.81281,33.13756],[-79.81063,33.13434],[-79.807971652,33.1353930106],[-79.8081424666,33.1300515079],[-79.7980674007,33.1424737821],[-79.8023406671,33.1491322949],[-79.80702785440742,33.143503258332515],[-79.8066,33.14445]],[[-79.7598410705,33.129752041],[-79.7632580335,33.1342064585],[-79.7687054912,33.1304373723],[-79.7713950982,33.1299717194],[-79.7766258405,33.1338983645],[-79.7837146439,33.1354213585],[-79.7929071103,33.1388760756],[-79.795306934,33.1370258434],[-79.801265081,33.1292311204],[-79.7598410705,33.129752041]],[[-79.6912493608,33.134985441],[-79.6877504181,33.135505234],[-79.6879618148,33.1401632393],[-79.6939093921,33.1400570326],[-79.7045853122,33.1361077013],[-79.70769691430091,33.133765478170844],[-79.70989,33.13581],[-79.71251,33.13378],[-79.71089,33.12989],[-79.70842244156172,33.13171358587024],[-79.7033868809,33.1228602144],[-79.6947271763,33.1279317216],[-79.6927552796,33.1335156397],[-79.6912493608,33.134985441]],[[-79.6979526885,33.1086944455],[-79.6992620577,33.1070310122],[-79.6985805637,33.1037418451],[-79.6991863811,33.1015076898],[-79.6974392134,33.0985250685],[-79.6852007033,33.0935526103],[-79.6808934417,33.0952823616],[-79.6979526885,33.1086944455]],[[-79.6682014106,33.1326531085],[-79.6707205112,33.13459836],[-79.6818225922,33.1390178934],[-79.6822386152,33.1381898096],[-79.6815675995,33.1355206582],[-79.6782031162,33.135076494],[-79.672440949,33.132477048],[-79.6682014106,33.1326531085]],[[-79.67042,33.14207],[-79.6708920801,33.14112459],[-79.6643604673,33.1372678009],[-79.6650595838,33.1410250162],[-79.67042,33.14207]],[[-79.6740970445,33.1475529256],[-79.6736338987,33.1563325584],[-79.6797079598,33.1563123432],[-79.6989003942,33.1619811137],[-79.70563492703023,33.16549892286983],[-79.70463040169851,33.16827888832272],[-79.70782,33.16905],[-79.70823,33.16655],[-79.71133,33.16736],[-79.71089,33.16982],[-79.71363,33.17076],[-79.71433822821197,33.16887139143471],[-79.7155207121,33.1691576375],[-79.7164189741,33.1654591365],[-79.7226085969,33.1628982307],[-79.7246766571,33.1630995098],[-79.727257674,33.165354422],[-79.7277769521,33.1684579134],[-79.7416937808,33.1632330082],[-79.7448764105,33.1559595901],[-79.7470788952,33.1544801933],[-79.7381847588,33.1462445051],[-79.7237972782,33.1402758772],[-79.7236901149,33.1423628132],[-79.7304348081,33.1432361027],[-79.7357246363,33.1461213536],[-79.7368771771,33.149504625],[-79.7356483959,33.1511095886],[-79.7336803569,33.1515707118],[-79.7285677362,33.1489977644],[-79.7233816828,33.1483693299],[-79.7225856545,33.154012436],[-79.720613611,33.1551884982],[-79.7183408204,33.1545871193],[-79.7182927649,33.1595804616],[-79.71593003764166,33.16462656628893],[-79.7181,33.1566],[-79.71415,33.15552],[-79.71233,33.16026],[-79.71165593230664,33.16006414498014],[-79.7124003507,33.1581979294],[-79.71172147952386,33.148798600254636],[-79.71498,33.14871],[-79.71528,33.15218],[-79.71809,33.15221],[-79.7178062267,33.1399476638],[-79.7165427262,33.1398784442],[-79.71695257082602,33.14291407091934],[-79.71318,33.14281],[-79.71321,33.14666],[-79.71135415931921,33.14804972255631],[-79.7101400009,33.1394363431],[-79.7072489082,33.1414971162],[-79.6947474938,33.1460208078],[-79.6848542092,33.1461653274],[-79.6773258301,33.1436857471],[-79.6740970445,33.1475529256]],[[-79.70418,33.16817],[-79.70463,33.16828],[-79.70463040169851,33.16827888832272],[-79.70418,33.16817]],[[-79.7537686689,33.1327898983],[-79.7489950889,33.1326242535],[-79.7436525759,33.1361241227],[-79.7395540107,33.1357040736],[-79.7380785345,33.1395083134],[-79.7423461345,33.1419094784],[-79.7463357785,33.141519259],[-79.750393617,33.1398284929],[-79.7537686689,33.1327898983]],[[-79.7478738764,33.1473588666],[-79.7524597025,33.1510748195],[-79.7542198478,33.1559191082],[-79.7566264691,33.1576267109],[-79.7739430235,33.150963584],[-79.7727472551,33.1492737892],[-79.7633671387,33.1430643512],[-79.7579863205,33.1373554362],[-79.7547796465,33.1442629303],[-79.7478738764,33.1473588666]],[[-79.774613251,33.1396038006],[-79.770475891,33.1364974903],[-79.7674542588,33.1385969896],[-79.7767468724,33.1447396261],[-79.7794576596,33.1483684612],[-79.7873208764,33.143182988],[-79.774613251,33.1396038006]],[[-79.7930114288,33.1533463336],[-79.7973406044,33.1524500909],[-79.7932979726,33.146150948],[-79.7835639693,33.1530672428],[-79.7883502509,33.155741035],[-79.7930114288,33.1533463336]],[[-79.7904501997,33.1655908183],[-79.794725774,33.1710252497],[-79.7994776799,33.1705302595],[-79.8060727957,33.165580514],[-79.8086522494,33.1652334348],[-79.8104973451,33.1608537949],[-79.8106109319,33.156822516],[-79.8042040805,33.155678935],[-79.8008771971,33.1578161093],[-79.7951251123,33.1589927555],[-79.7906045772,33.1613299981],[-79.7904501997,33.1655908183]],[[-79.7494860742,33.1603074858],[-79.7498457817,33.160172438],[-79.7496188926,33.1600114503],[-79.7494860742,33.1603074858]],[[-79.678358507,33.1705907449],[-79.6782609889,33.1718215817],[-79.6809739351,33.1735598285],[-79.6817847323,33.1712440352],[-79.6838827111,33.1703109958],[-79.6891428031,33.1735427068],[-79.6910890727,33.1806243076],[-79.7022558126,33.1705184826],[-79.6966340297,33.1675525942],[-79.6868810272,33.1646717396],[-79.6848649532,33.1676953048],[-79.678358507,33.1705907449]],[[-79.6726169073,33.1802379954],[-79.6757907285,33.1941480574],[-79.672224244,33.2091540856],[-79.6741349576,33.2152399533],[-79.6731642064,33.220240156],[-79.6813320686,33.2412105603],[-79.6840171798,33.2432600334],[-79.7191726213,33.2067159692],[-79.7170787955,33.2081593268],[-79.71180935,33.2095084002],[-79.7068116709,33.208242445],[-79.6972746247,33.1990952641],[-79.6930292192,33.1936309464],[-79.6909357187,33.1890568348],[-79.6868924005,33.1866762918],[-79.6845235656,33.1775505143],[-79.6828754342,33.1762675378],[-79.6817586685,33.1786889324],[-79.6792637955,33.1792860334],[-79.6728958905,33.1752209727],[-79.6721406954,33.1732945888],[-79.6728380085,33.1671960127],[-79.6809436854,33.1629179598],[-79.6787355982,33.1622657321],[-79.6730460274,33.1627077803],[-79.6685850511,33.169434537],[-79.6684495589,33.171879288],[-79.6726169073,33.1802379954]],[[-79.6358938684,33.1420922133],[-79.6338768871,33.1422248718],[-79.6314930788,33.1408256746],[-79.6370476558,33.1524422041],[-79.6439487282,33.1569892173],[-79.6436706118,33.1631239717],[-79.6424086604,33.1657193113],[-79.6574093318,33.1656141313],[-79.6553078623,33.1588762605],[-79.6539880388,33.159234572],[-79.6512890894,33.1627602654],[-79.6492714039,33.162638788],[-79.647665849,33.1609973644],[-79.6491729725,33.1552713017],[-79.6529137381,33.1533090471],[-79.6525478617,33.1525348143],[-79.6440811009,33.1449886101],[-79.6399647429,33.143537325],[-79.6383970518,33.1399636563],[-79.6376817427,33.1396474776],[-79.6358938684,33.1420922133]],[[-79.6651658654,33.1988643437],[-79.6538476248,33.1943065107],[-79.6522390632,33.1945021567],[-79.6510624183,33.1962108103],[-79.6503876861,33.205976798],[-79.6488355632,33.2083596076],[-79.6621908041,33.2299698849],[-79.6733231942,33.2365073623],[-79.6670402572,33.2207478671],[-79.6680418282,33.2156845477],[-79.6661139204,33.2091266795],[-79.6691170007,33.1963236083],[-79.6651658654,33.1988643437]],[[-79.7158173292,33.2243146494],[-79.7231713753,33.2336517586],[-79.7322598716,33.2288821376],[-79.7281849355,33.2261461224],[-79.7226448064,33.2198581106],[-79.7210781801,33.213389628],[-79.7108000881,33.2240736996],[-79.7158173292,33.2243146494]],[[-79.7333432948,33.2132253065],[-79.7267999888,33.2074418106],[-79.7260162091,33.2082565492],[-79.7278723045,33.2167391713],[-79.7322340394,33.2216841614],[-79.736288716,33.2243504185],[-79.738196492,33.2211953039],[-79.7333432948,33.2132253065]],[[-79.7137415354,33.2315743034],[-79.7148893434,33.2346404279],[-79.7171292099,33.2356065259],[-79.712822469,33.2299021256],[-79.7115996941,33.2308037947],[-79.7137415354,33.2315743034]],[[-79.7236493707,33.170007564],[-79.7215285503,33.169690832],[-79.7219120444,33.1706598221],[-79.7236493707,33.170007564]],[[-79.6796135584,33.1151952698],[-79.6795446132,33.1133380587],[-79.6773216951,33.110131328],[-79.6788024607,33.112766702],[-79.6796135584,33.1151952698]],[[-79.69238,33.25497],[-79.6955,33.25569],[-79.69225,33.25494],[-79.69238,33.25497]],[[-79.79289,33.19178],[-79.79272,33.19081],[-79.79216,33.1914],[-79.79289,33.19178]],[[-79.77753,33.14747],[-79.77593,33.14853],[-79.77761,33.14828],[-79.77753,33.14747]],[[-79.65945,33.13065],[-79.66244,33.13095],[-79.66279,33.12967],[-79.65978,33.12901],[-79.65945,33.13065]],[[-79.7967,33.14686],[-79.79554,33.14767],[-79.79674,33.15052],[-79.79848,33.14973],[-79.7967,33.14686]],[[-79.81077,33.14439],[-79.81439,33.1473],[-79.81266,33.14085],[-79.81077,33.14439]],[[-79.74438,33.21856],[-79.7424,33.22243],[-79.74598,33.22548],[-79.74783,33.22155],[-79.74438,33.21856]]]},"properties":{"flat_pct":100}},{"type":"Feature","geometry":{"type":"Polygon","coordinates":[[[-79.5182589122,33.067598357],[-79.5208147432,33.0673777924],[-79.5227473567608,33.06919940657945],[-79.52003,33.07072],[-79.5188,33.0691],[-79.5167726513544,33.07025147797498],[-79.5182589122,33.067598357]]]},"properties":{"flat_pct":57}},{"type":"Feature","geometry":{"type":"Polygon","coordinates":[[[-79.6140007231,33.0761620326],[-79.6114514904,33.0773872463],[-79.6088760858,33.0756895568],[-79.6086654159,33.073679226],[-79.6105504218,33.0693499374],[-79.6175200048,33.0666920679],[-79.620152864,33.0646634348],[-79.6246724628,33.0653402094],[-79.6255797261,33.0674494632],[-79.6247297906,33.0695824628],[-79.6155991748,33.0736207691],[-79.6140007231,33.0761620326]]]},"properties":{"flat_pct":100}},{"type":"Feature","geometry":{"type":"Polygon","coordinates":[[[-79.5219978369,33.0732710511],[-79.51882133931109,33.07347943011753],[-79.52298541167275,33.07204064478118],[-79.5219978369,33.0732710511]]]},"properties":{}},{"type":"Feature","geometry":{"type":"Polygon","coordinates":[[[-79.5063655707,33.0723137113],[-79.5094224935,33.0727261211],[-79.51092,33.0759],[-79.5087,33.07752],[-79.50768,33.07537],[-79.50578,33.0764],[-79.5046001961,33.074523505],[-79.5063655707,33.0723137113]]]},"properties":{"flat_pct":100}},{"type":"Feature","geometry":{"type":"Polygon","coordinates":[[[-79.5968496531,33.0893431309],[-79.5959919273,33.0858733784],[-79.5987692834,33.0840300144],[-79.6016163539,33.0854981485],[-79.6056509751,33.0848616998],[-79.6162974635,33.0863222021],[-79.617990178,33.0874269779],[-79.6185978016,33.0893548278],[-79.6176385703,33.0914409614],[-79.6154851722,33.0922378016],[-79.6056038347,33.0908955426],[-79.6004243037,33.0916700158],[-79.5968496531,33.0893431309]]]},"properties":{"flat_pct":100}},{"type":"Feature","geometry":{"type":"Polygon","coordinates":[[[-79.6653468238,33.1248305625],[-79.66961,33.12482],[-79.67123816311911,33.125889935763986],[-79.669648656,33.1260727411],[-79.6653468238,33.1248305625]]]},"properties":{}},{"type":"Feature","geometry":{"type":"Polygon","coordinates":[[[-79.4781449014,33.1365868842],[-79.4762518564,33.1341514705],[-79.4775073243,33.1313339079],[-79.4837485856,33.1291523029],[-79.4863533896,33.1302544515],[-79.4870032397,33.1324566715],[-79.4859055485,33.1344733896],[-79.48503691130367,33.13495871565579],[-79.48456,33.13418],[-79.48495490390177,33.13498735908806],[-79.4781449014,33.1365868842]],[[-79.48668,33.13298],[-79.48665,33.13207],[-79.48419,33.13183],[-79.48409,33.13276],[-79.48668,33.13298]]]},"properties":{"flat_pct":100}},{"type":"Feature","geometry":{"type":"Polygon","coordinates":[[[-79.5710028534,33.1494546062],[-79.5693309679,33.1514002988],[-79.5667662943,33.1513422481],[-79.5600245785,33.1438792972],[-79.5585491704,33.137074389],[-79.5596834967,33.1344834356],[-79.5618935966,33.1338609113],[-79.5638965644,33.1349834967],[-79.5652985307,33.1408304923],[-79.5705594457,33.1469278869],[-79.5710028534,33.1494546062]]]},"properties":{"flat_pct":100}},{"type":"Feature","geometry":{"type":"Polygon","coordinates":[[[-79.6444327453,33.1311341662],[-79.6413595089,33.1324252572],[-79.638831177,33.1300567966],[-79.63506927,33.1319574085],[-79.6294101671,33.1316491145],[-79.6250449528,33.1348948366],[-79.6228542495,33.1383457864],[-79.6157026989,33.1403360193],[-79.6088793548,33.145947648],[-79.6051441966,33.1529932711],[-79.6079281588,33.1541564459],[-79.6106599069,33.1571257229],[-79.6127612437,33.1541799121],[-79.6158202712,33.1545764089],[-79.6169594941,33.1568749067],[-79.6161205227,33.1596350017],[-79.6186374714,33.1613441906],[-79.61981378030804,33.16365242892599],[-79.61458663083629,33.16658445653163],[-79.6104238092,33.1629217159],[-79.6098489995,33.160211216],[-79.6071170014,33.1609412177],[-79.6007203579,33.1577357588],[-79.5990342066,33.1587225674],[-79.5966834903,33.1586125469],[-79.5918685989,33.1612179479],[-79.5875415833,33.1644050911],[-79.5874249046,33.1678436784],[-79.5948811091,33.1752450858],[-79.59509780929123,33.17643129662936],[-79.5926607319,33.1793171308],[-79.5904125612,33.1788504335],[-79.5821813874,33.1714110406],[-79.5794522797,33.1711797603],[-79.5790504679,33.1731394739],[-79.5833187216,33.1797124299],[-79.5821460926,33.1861380485],[-79.5806238356,33.187857005],[-79.5785429283518,33.188057445516186],[-79.57846,33.1871],[-79.57770992312274,33.18769375443262],[-79.576612995,33.1864738356],[-79.5757504413,33.1835985464],[-79.5770190343,33.1800571196],[-79.5735642969,33.1758567868],[-79.5730955138,33.1723110014],[-79.567363964,33.1732207695],[-79.56457274269727,33.17717379934963],[-79.56242,33.1752],[-79.5602829495658,33.17756356510756],[-79.5595116105,33.177111091],[-79.55883444401103,33.17632801763145],[-79.56022,33.17511],[-79.55851,33.17411],[-79.55796617880374,33.174643261561386],[-79.5583907327,33.1725266783],[-79.5605072486,33.1700110058],[-79.5641928216,33.1680499744],[-79.576785275,33.1650417327],[-79.5809901375,33.1652885802],[-79.5807365931,33.1635577304],[-79.5730947578,33.1566077124],[-79.5729353416,33.1543171525],[-79.5744422876,33.1525847578],[-79.5772695041,33.1526658922],[-79.5846957556,33.1590493127],[-79.5943366508,33.1527976503],[-79.5971328815,33.1526269326],[-79.6012238884,33.1483320039],[-79.6040668371,33.1421876856],[-79.6092982208,33.1383030741],[-79.6101947013,33.1363229733],[-79.6191520691,33.1332251925],[-79.6206994512,33.130664423],[-79.6271414389,33.1260340843],[-79.6339217069,33.1259096373],[-79.6387880488,33.1230541603],[-79.6408064298,33.1229448429],[-79.6424360095,33.1241407868],[-79.6446958397,33.1283180488],[-79.6444327453,33.1311341662]]]},"properties":{"flat_pct":100}},{"type":"Feature","geometry":{"type":"Polygon","coordinates":[[[-79.6141369536,33.0995159509],[-79.6156032751,33.102509544],[-79.6133986926,33.1050098468],[-79.6069809464,33.1038592691],[-79.6004181871,33.1064713337],[-79.5908363136,33.1067725622],[-79.5717406211,33.110967942],[-79.574320922,33.1196839369],[-79.5848259819,33.1226838965],[-79.58733,33.12574],[-79.58221822885788,33.12844146232673],[-79.5692429215,33.1239496192],[-79.5681275949,33.1180546679],[-79.5642077584,33.1083360808],[-79.5558857318,33.1093596523],[-79.5535914807,33.1130745182],[-79.5494007684,33.115768734],[-79.5462365422,33.1164360193],[-79.54263,33.11546],[-79.53936174701934,33.11664569059329],[-79.5355794495,33.114070321],[-79.53183211243855,33.113527286243325],[-79.53161,33.11256],[-79.5315904503374,33.11358142912237],[-79.526705325,33.1152706815],[-79.5231266763,33.1186574679],[-79.519105612,33.1246710328],[-79.5195132097,33.1352017316],[-79.5188310463,33.1375552193],[-79.5129961664,33.146562107],[-79.509520575,33.1483519397],[-79.507281103,33.1558651103],[-79.5043960702,33.1582587874],[-79.5074442005,33.1610510391],[-79.508804827,33.1641819598],[-79.5084224199,33.1661667965],[-79.5065864384,33.1675456548],[-79.5045736768,33.167359637],[-79.500130918,33.1625366485],[-79.4961461435,33.1722537992],[-79.4946102739,33.1737417279],[-79.4989533656,33.1754724994],[-79.4992131345,33.1790372428],[-79.4967509606,33.1804291606],[-79.4908401969,33.1789218474],[-79.4799049149,33.1887428708],[-79.4777012105,33.1911552593],[-79.4849590041,33.1930554418],[-79.4861782253,33.1950010979],[-79.4858232392,33.1969910217],[-79.4831321947,33.1984987148],[-79.4746058433,33.196554274],[-79.4745442894,33.1996691222],[-79.4720350404,33.2016421329],[-79.4714571126,33.2044778138],[-79.4715883185,33.2098327382],[-79.4735740691,33.211661719],[-79.4792014437,33.2123110314],[-79.4844888915,33.2114816304],[-79.4916410436,33.2124221448],[-79.4931889868,33.2097252074],[-79.5021739551,33.2053283194],[-79.5029324341,33.2026135394],[-79.5076345565,33.1985080096],[-79.5054186522,33.1961098023],[-79.5051552317,33.1922629043],[-79.5081136964,33.1880642913],[-79.5034287614,33.1835836612],[-79.5030639193,33.1807789105],[-79.5043740183,33.179239608],[-79.5063632617,33.178880829],[-79.5102971013,33.1818829799],[-79.5128643608,33.177127592],[-79.5124663592,33.1703890779],[-79.5195048484,33.1623924112],[-79.5224330665,33.163362152],[-79.5230507392,33.1661222637],[-79.5182949167,33.1725778888],[-79.5188494542,33.178531869],[-79.5141785498,33.1873233878],[-79.5136594058,33.1910873553],[-79.5112003699,33.1936654149],[-79.5134248523,33.1960331251],[-79.5254601249,33.1911970567],[-79.5240111387,33.1830726482],[-79.5250223874,33.1717476561],[-79.5286236774,33.1671681025],[-79.5240779457,33.1635841437],[-79.5207600301,33.155166554],[-79.5215318639,33.1470303438],[-79.5244092025,33.1449100141],[-79.5272734789,33.1470479563],[-79.5279996223,33.1499576003],[-79.5268229925,33.1547330804],[-79.5289942794,33.1599582277],[-79.5329148603,33.1628838576],[-79.5387554953,33.1571479008],[-79.5446538874,33.1548721302],[-79.547619836,33.1557194834],[-79.5482706757,33.1587346561],[-79.5470139007,33.1603177949],[-79.5420418383,33.1622500609],[-79.5308989238,33.1733749593],[-79.530030026,33.1829067685],[-79.5308659228,33.188590867],[-79.5325956445,33.1926985028],[-79.5317597318,33.1951827476],[-79.5096968036,33.204151651],[-79.5081666041,33.2057811382],[-79.5069552668,33.20970474],[-79.4973484054,33.2142733355],[-79.4970629922,33.215127903],[-79.5014057357,33.2158531109],[-79.505086151,33.2179753321],[-79.5108350094,33.2171409374],[-79.5148905508,33.217849087],[-79.5254078877,33.2223314084],[-79.5324337288,33.2208199785],[-79.5328276003,33.2161502114],[-79.5300009159,33.2169379489],[-79.5247858346,33.2165397669],[-79.5229805671,33.2147171506],[-79.5232442189,33.2121654044],[-79.5250949839,33.2108064537],[-79.5298467858,33.2108041377],[-79.5293402192,33.204041929],[-79.5314216484,33.2017654161],[-79.534781639,33.2029841611],[-79.5355893475,33.2077866346],[-79.5410346115,33.2071577831],[-79.5405700197,33.2064751111],[-79.5380350774,33.20726648],[-79.536231922,33.2063530017],[-79.5354111037,33.2042086288],[-79.5362999931,33.2021610384],[-79.532738475,33.2009571056],[-79.5322308846,33.197662557],[-79.5339235126,33.1961110776],[-79.5396052542,33.1946272407],[-79.5451373418,33.190346321],[-79.5504258303,33.1877264958],[-79.55260121299752,33.18801057988106],[-79.55018,33.19071],[-79.55334,33.1913],[-79.55792,33.19015],[-79.55807574373956,33.19321906780902],[-79.5498506943,33.1946015728],[-79.5534492083,33.1973917758],[-79.5584373002292,33.20604493797975],[-79.55364839510143,33.20970940416767],[-79.5503668072,33.2056184268],[-79.5488247495,33.2012489514],[-79.5464624099,33.199555076],[-79.5451089598,33.202462512],[-79.5491478306,33.2057751052],[-79.5518345863,33.2103994148],[-79.5505013418,33.213704897],[-79.570786181,33.2125894481],[-79.5731783606,33.2076307648],[-79.5782914429,33.2050376975],[-79.5786551957186,33.20084416638316],[-79.58086,33.20296],[-79.58190733103548,33.19775449423131],[-79.5839417473,33.1984802979],[-79.5849363349,33.2002400159],[-79.58493737942416,33.20123301483396],[-79.581,33.20308],[-79.58440074894486,33.207228586192755],[-79.5835913001,33.2089701343],[-79.5775536057,33.2119827504],[-79.5769748068,33.2145986545],[-79.5729667929,33.2186424338],[-79.56975180195862,33.2184999776931],[-79.57049,33.21669],[-79.56951,33.21659],[-79.56542164364681,33.218956934134745],[-79.5507260764,33.2197010284],[-79.5394637654,33.2250720557],[-79.5390937392,33.2281172073],[-79.5412065752,33.2309349669],[-79.541619158,33.2337434129],[-79.5438817696,33.2341418068],[-79.54531898521584,33.235724388135495],[-79.54264,33.23704],[-79.54344,33.23957],[-79.5411921212,33.2397282336],[-79.5392610477,33.2450521084],[-79.537447072,33.2464376127],[-79.5351832467,33.2461456793],[-79.5337154059,33.2440599749],[-79.5357603757,33.2361662507],[-79.5355842373,33.2333806535],[-79.5330523217,33.2297368272],[-79.5332221523,33.2267715836],[-79.5254632494,33.2284992917],[-79.5225369093,33.2276290544],[-79.5217602138,33.2309051162],[-79.524664303,33.2359835104],[-79.52381569604262,33.24555834907282],[-79.51784621768329,33.24507476075281],[-79.5186227153,33.236756526],[-79.5149303822,33.2317178845],[-79.5169387254,33.2252326915],[-79.5131441517,33.2236083833],[-79.5151379661,33.2278336765],[-79.514667907,33.2300811467],[-79.5115758382,33.2313264613],[-79.5088899253,33.2288251722],[-79.5078416633,33.2297882174],[-79.5079781543,33.2326918508],[-79.5062490513,33.2342025729],[-79.5025061998,33.2345688263],[-79.499281714,33.2311950609],[-79.5000230096,33.2278427832],[-79.5048677029,33.224301884],[-79.4875899579,33.2276669087],[-79.4839991579,33.2271938995],[-79.4845448742,33.2330960914],[-79.4824042641,33.2345098485],[-79.4799534264,33.2337520125],[-79.4777114263,33.2300915855],[-79.4793526973,33.2206749309],[-79.4817885674,33.2198391659],[-79.4870286437,33.2216781711],[-79.4940345338,33.2203075386],[-79.4906592175,33.2183442812],[-79.4844414427,33.2175135317],[-79.4792169864,33.2183393381],[-79.4716059414,33.2174578332],[-79.4662125875,33.2130172436],[-79.46566198169809,33.208776678592265],[-79.46699,33.2088],[-79.46709,33.20682],[-79.46869,33.2071],[-79.46887,33.20552],[-79.46367347522126,33.197011218776915],[-79.4649899015,33.1964885159],[-79.4670063892,33.1934706458],[-79.4693030118,33.192859727],[-79.4726360178,33.1878039871],[-79.4659023048,33.1866164615],[-79.464440153,33.183355022],[-79.4668446781,33.1810463519],[-79.4721840871,33.1817818356],[-79.4854774342,33.1715976125],[-79.4886720291,33.1706761686],[-79.4910146737,33.1688166996],[-79.4954552688,33.1585911212],[-79.4930148037,33.1577982648],[-79.4888474655,33.1643703228],[-79.484522464,33.1657336181],[-79.4846718375,33.1678674959],[-79.4832172835,33.169644108],[-79.4809325041,33.1698718375],[-79.4767263341,33.1674826678],[-79.4765435203,33.1649238595],[-79.4796361512,33.1607925423],[-79.485001627,33.1597038184],[-79.48662084,33.156574899],[-79.4827121301,33.1564261364],[-79.4795554024,33.1543285314],[-79.4785367257,33.1522707715],[-79.4794758884,33.1498835358],[-79.4819206749216,33.14909572685432],[-79.48468,33.15343],[-79.48524,33.15311],[-79.48355877853217,33.14983241669441],[-79.4845935975,33.1505715731],[-79.4900419536,33.1505959759],[-79.4898170836,33.1447650395],[-79.4911728619,33.143265814],[-79.4931719913,33.1429669937],[-79.4954598486,33.1450359469],[-79.4958283695,33.1524036356],[-79.5000314465,33.1539702328],[-79.5020398393,33.1526059731],[-79.5045519079,33.144438815],[-79.5086653489,33.1422408548],[-79.5134187303,33.1348994255],[-79.5130975759,33.1238878422],[-79.5162019348,33.1182192504],[-79.5126854329,33.120408305],[-79.5059958593,33.1224330464],[-79.50332235476624,33.120275424294235],[-79.5040158494,33.1173834286],[-79.5098059988,33.1150612781],[-79.5128212081,33.1125067546],[-79.5180130589,33.1120906628],[-79.5204009079,33.1129761471],[-79.5235500681,33.1100874597],[-79.5299338477,33.1078042927],[-79.5327938735,33.1073275336],[-79.5374529179,33.1083396958],[-79.5440333552,33.1002941049],[-79.5500385075,33.0958046664],[-79.5523193561,33.0960688781],[-79.5537453336,33.0978685075],[-79.5538014782,33.1021896658],[-79.5525236881,33.1040963742],[-79.5619288087,33.1025012861],[-79.5619156087,33.099901014],[-79.5650648953,33.091758841],[-79.5619760472,33.0928084482],[-79.5561710628,33.0908084183],[-79.5545336289,33.0888336446],[-79.5548590492,33.0865607215],[-79.5569848104,33.085124734],[-79.5620909674,33.0865471222],[-79.5678024393,33.0847206757],[-79.5699749035,33.0812102308],[-79.5756423023,33.0784432716],[-79.5783263681,33.0793351945],[-79.5790759484,33.0820624395],[-79.5779915415,33.0837682747],[-79.5737610359,33.0859529133],[-79.567837345,33.1011825919],[-79.5694059258,33.1051929588],[-79.5762798906,33.104418758],[-79.5900860986,33.1007976669],[-79.5990111324,33.10061463],[-79.6065104181,33.0977287975],[-79.6141369536,33.0995159509]],[[-79.552012409,33.1044007432],[-79.5485097041,33.1043799331],[-79.5432929559,33.110671417],[-79.5471170478,33.1101567518],[-79.5496109099,33.1085122978],[-79.552012409,33.1044007432]],[[-79.5386423052,33.2137789793],[-79.5388031401,33.2187712962],[-79.5473342363,33.2143987128],[-79.5410735462,33.2131842503],[-79.5386423052,33.2137789793]],[[-79.48451,33.15449],[-79.48556,33.15478],[-79.4846,33.15394],[-79.48451,33.15449]]]},"properties":{"flat_pct":100}},{"type":"Feature","geometry":{"type":"Polygon","coordinates":[[[-79.6514839724,33.1779009121],[-79.6535829818,33.178831631],[-79.6544090879,33.1809739724],[-79.6510322638,33.1860428706],[-79.63939669839124,33.18941031360727],[-79.63991,33.1867],[-79.63655,33.18702],[-79.63117,33.18923],[-79.63257490626744,33.18511232153156],[-79.6478286354,33.180774683],[-79.6495645803,33.1785347461],[-79.6514839724,33.1779009121]]]},"properties":{"flat_pct":100}},{"type":"Feature","geometry":{"type":"Polygon","coordinates":[[[-79.637650030517,33.195820928641126],[-79.63911175536593,33.19541399257038],[-79.63858,33.19733],[-79.637650030517,33.195820928641126]]]},"properties":{}},{"type":"Feature","geometry":{"type":"Polygon","coordinates":[[[-79.77959985493807,33.207902169825196],[-79.7822403758383,33.20357143278955],[-79.78382,33.20479],[-79.77959985493807,33.207902169825196]]]},"properties":{}},{"type":"Feature","geometry":{"type":"Polygon","coordinates":[[[-79.7662511763,33.2025276463],[-79.7696633532,33.2035915658],[-79.7701151601,33.2076403409],[-79.768887924,33.2098937254],[-79.7653684108,33.2110743332],[-79.7624371107,33.2097884661],[-79.7616325877,33.2073525548],[-79.7662511763,33.2025276463]]]},"properties":{"flat_pct":100}},{"type":"Feature","geometry":{"type":"Polygon","coordinates":[[[-79.5574117647,33.2104970588],[-79.55814,33.20854],[-79.55899275591511,33.207997473389675],[-79.5584928802,33.2095189962],[-79.5574117647,33.2104970588]]]},"properties":{}},{"type":"Feature","geometry":{"type":"Polygon","coordinates":[[[-79.7604793495,33.2170076528],[-79.7589484295,33.2149492056],[-79.7595561363,33.2121624737],[-79.7617718367,33.2108429236],[-79.7643268465,33.2115991637],[-79.7655869968,33.2135185645],[-79.7651208363,33.2157668465],[-79.7627646927,33.2172296537],[-79.7604793495,33.2170076528]]]},"properties":{"flat_pct":100}},{"type":"Feature","geometry":{"type":"Polygon","coordinates":[[[-79.6121206676,33.2209146352],[-79.6000193393,33.2201899525],[-79.5948342725,33.2281974803],[-79.5918580569,33.2290080354],[-79.5897402329,33.2267653406],[-79.590720567,33.223599241],[-79.5880983095,33.221543696],[-79.5874255826,33.2188479007],[-79.5838582508,33.2156904621],[-79.5835084688,33.2131490897],[-79.5849836317,33.2113895521],[-79.5872709103,33.2111884688],[-79.5893521391,33.2129720582],[-79.59216233397208,33.21315493425167],[-79.59412,33.21661],[-79.59773355556766,33.21369662790376],[-79.6109172191,33.2148318183],[-79.6150018927,33.2090616062],[-79.61727066990778,33.207723122682864],[-79.6193264619722,33.21386988160042],[-79.6144638219,33.2199979497],[-79.6121206676,33.2209146352]]]},"properties":{"flat_pct":100}},{"type":"Feature","geometry":{"type":"Polygon","coordinates":[[[-79.7632512139,33.2264283266],[-79.7701010325,33.2185740157],[-79.7773460827,33.2142455143],[-79.7794272507744,33.2083879720946],[-79.78406,33.20498],[-79.78551,33.20609],[-79.78852,33.20341],[-79.78977786984377,33.204536040689845],[-79.7853545858,33.2096267131],[-79.7821028424,33.2180373012],[-79.77177092,33.2253717207],[-79.7754899239,33.2264573089],[-79.7802291909,33.2302103549],[-79.7804015005,33.23493316],[-79.7819496078,33.2386891954],[-79.7784984553,33.2516524115],[-79.7829156445,33.2538642437],[-79.7902098045128,33.26053633082551],[-79.78823,33.26258],[-79.78860374916961,33.26713094577105],[-79.78012754,33.2594297891],[-79.7793746873,33.2598586292],[-79.7782650606,33.2673994713],[-79.775832044,33.2701069882],[-79.7717321938,33.2723747432],[-79.76383,33.27375],[-79.76249,33.26994],[-79.7653,33.27058],[-79.7666959464,33.2672899353],[-79.772749184,33.264789564],[-79.7735574741,33.2615771291],[-79.7731575288,33.2577869628],[-79.774004091,33.2561378544],[-79.7719014446,33.2547212833],[-79.7713352268,33.2527829872],[-79.7757846474,33.2388829549],[-79.7744970592,33.2365542882],[-79.7744280545,33.2329362908],[-79.7715947272,33.2314596804],[-79.7653534399,33.2326522831],[-79.7602275584,33.2358364246],[-79.7563455731,33.2362137961],[-79.7590202931,33.2372431813],[-79.7600060905,33.2393168933],[-79.7590290528,33.2416888794],[-79.7568687012,33.2424666706],[-79.7513345172,33.2411364827],[-79.7497681922,33.239854605],[-79.7497454184,33.2357491892],[-79.7517214084,33.2338862032],[-79.74921739455394,33.23061113634713],[-79.75410844476565,33.22701315125812],[-79.7567927711,33.2302257949],[-79.7583165765,33.2300959175],[-79.7632512139,33.2264283266]]]},"properties":{"flat_pct":100}},{"type":"Feature","geometry":{"type":"Polygon","coordinates":[[[-79.6465258475,33.2387188954],[-79.6485264184,33.2384298835],[-79.6504307078,33.2397127552],[-79.6513099638,33.2426547306],[-79.6506146465,33.244560574],[-79.6471228462,33.2471520769],[-79.64341,33.24653],[-79.63979237058793,33.247574787760314],[-79.6381023815434,33.24174055200409],[-79.6399050177,33.2408988721],[-79.63799326033174,33.241106776006674],[-79.63618932247722,33.23543492362545],[-79.6399194513,33.2348627942],[-79.6441970766,33.2357540718],[-79.6454359683,33.2385789623],[-79.6436660427,33.2409429546],[-79.6449441171,33.2410923081],[-79.6465258475,33.2387188954]]]},"properties":{"flat_pct":100}},{"type":"Feature","geometry":{"type":"Polygon","coordinates":[[[-79.7632114321,33.248078775],[-79.7628619296,33.2506201859],[-79.7606756705,33.2519622707],[-79.75947732937594,33.25186851921897],[-79.7599,33.25025],[-79.7582,33.24925],[-79.75659815045069,33.25066748573326],[-79.7558777293,33.2490256705],[-79.7565209323,33.2468214999],[-79.7585343295,33.2457177293],[-79.7617360758,33.2463193997],[-79.7632114321,33.248078775]]]},"properties":{"flat_pct":100}},{"type":"Feature","geometry":{"type":"Polygon","coordinates":[[[-79.7436299886,33.2563879744],[-79.7429843617,33.2596582747],[-79.7397159274,33.2603132829],[-79.7288039824,33.2497550936],[-79.72546221912283,33.24815245108306],[-79.7315338128,33.24432661],[-79.7436299886,33.2563879744]]]},"properties":{"flat_pct":100}},{"type":"Feature","geometry":{"type":"Polygon","coordinates":[[[-79.6351481500122,33.26662506349077],[-79.6305656786,33.2696974305],[-79.6312889161,33.2717606367],[-79.6306645118,33.2810132527],[-79.6290528619,33.2823278759],[-79.6218651113,33.2840199128],[-79.6215089259,33.2863599762],[-79.61964788865127,33.28787550884319],[-79.61594087210521,33.2858617461844],[-79.6144512536,33.2803908813],[-79.6069547258,33.2778712668],[-79.6058613719,33.2764643284],[-79.6058356882,33.2744317023],[-79.6038742372,33.2734473174],[-79.6016737876,33.2743707346],[-79.5981159758,33.2742369585],[-79.5922858167,33.2716645611],[-79.5856895322,33.2702520571],[-79.5793967766,33.2648369363],[-79.5627319872,33.2641976508],[-79.56097757508975,33.26315353294967],[-79.56167,33.2613],[-79.5593034055,33.2600259874],[-79.5602163324,33.2582225528],[-79.5620661213,33.2574076337],[-79.5645234281,33.2583124078],[-79.57389414,33.2586383601],[-79.56922661202243,33.25343780379884],[-79.57112,33.25406],[-79.57233,33.25265],[-79.57552604829907,33.25184962094412],[-79.5827917585,33.2598081295],[-79.5834467485,33.2580560312],[-79.5816559423,33.2561764241],[-79.5814389281,33.2520985305],[-79.5828464328,33.2506477575],[-79.5848548093,33.2504192062],[-79.5878372541,33.2537962563],[-79.5880409673,33.2487702001],[-79.57737325547254,33.25005155232226],[-79.57670706675061,33.24427435993786],[-79.5825085678,33.2428230824],[-79.5908308045,33.2429487188],[-79.60401409,33.2334645972],[-79.614624334,33.2217293161],[-79.62191905501548,33.21904912137268],[-79.62236,33.21993],[-79.62115,33.22035],[-79.62184,33.22177],[-79.62331,33.22166],[-79.62312,33.2208],[-79.6250290257456,33.219163692218046],[-79.6264014106,33.2212868187],[-79.6256344364,33.223734812],[-79.6181261167,33.2267195654],[-79.6105101059,33.2352087027],[-79.6133754259,33.2379363097],[-79.6176894131,33.234153723],[-79.62267158282427,33.23171452101679],[-79.62528578373427,33.237115122816085],[-79.6212181033,33.2390645714],[-79.6177645302,33.2424678318],[-79.6131774525,33.2445174114],[-79.6110415764,33.2439633609],[-79.6061364158,33.2393291025],[-79.5941219695,33.2479723553],[-79.5938138178,33.2519012896],[-79.5979211476,33.2564843608],[-79.600956107,33.2635767657],[-79.6016095521,33.2677985306],[-79.6050495651,33.267499484],[-79.6104473751,33.2700329321],[-79.6182278457,33.270745708],[-79.6259489274,33.2655690261],[-79.6224934974,33.2606037104],[-79.6188040674,33.2589841193],[-79.6154643845,33.2544142541],[-79.6151609544,33.252138291],[-79.6165557459,33.2503143845],[-79.619640028,33.2503598017],[-79.6227527438,33.2542974383],[-79.626258685,33.2557495069],[-79.6309332359,33.2622272431],[-79.63920186781371,33.25645276822626],[-79.64324,33.25537],[-79.64504,33.25601],[-79.64328,33.25725],[-79.64552329570704,33.25924945921714],[-79.64138343745748,33.262297354855946],[-79.64106,33.25884],[-79.63966,33.25981],[-79.63508,33.26034],[-79.63592,33.26312],[-79.63984,33.26201],[-79.64016195840215,33.26319664668218],[-79.63665970643473,33.26561162432864],[-79.63594,33.2632],[-79.63365,33.26375],[-79.63444,33.2667],[-79.6351481500122,33.26662506349077]],[[-79.5933326401,33.2630262266],[-79.5886205088,33.2647567162],[-79.5950977769,33.2663549645],[-79.5933326401,33.2630262266]],[[-79.589541876,33.2561181869],[-79.5897977329,33.2579325847],[-79.5908650151,33.2575406345],[-79.589541876,33.2561181869]],[[-79.6194954301,33.276845828],[-79.6200682803,33.2782779535],[-79.6251433308,33.2770943728],[-79.6252463283,33.2732638459],[-79.6194954301,33.276845828]]]},"properties":{"flat_pct":100}},{"type":"Feature","geometry":{"type":"Polygon","coordinates":[[[-79.64659,33.25481],[-79.64565,33.25265],[-79.64905,33.25432],[-79.64861,33.25575],[-79.64659,33.25481]]]},"properties":{"flat_pct":100}},{"type":"Feature","geometry":{"type":"Polygon","coordinates":[[[-79.7245312278,33.261523375],[-79.7252518968,33.2587883481],[-79.7279263708,33.257868063],[-79.7368035935,33.2603258262],[-79.73821719417553,33.26264446069828],[-79.73624,33.26166],[-79.73563,33.26302],[-79.73806489129431,33.263853067952596],[-79.7367407933,33.2654718147],[-79.7347536292,33.265841937],[-79.7264049373,33.2636420889],[-79.7245312278,33.261523375]]]},"properties":{"flat_pct":100}},{"type":"Feature","geometry":{"type":"Polygon","coordinates":[[[-79.7562575588,33.2687791098],[-79.7574479082,33.2728720109],[-79.7564359761,33.2750085326],[-79.7522926598,33.2762493456],[-79.7499512255,33.2752012013],[-79.7492306544,33.2733126598],[-79.7501502664,33.2710927057],[-79.7496694175,33.2681850693],[-79.7511121785,33.2645894143],[-79.7534541293,33.2633695395],[-79.7510408002,33.2612534315],[-79.7514097799,33.2581909631],[-79.7539922796,33.2570375199],[-79.760606944,33.2599624678],[-79.7628488641,33.2587081613],[-79.7650291827,33.2594280839],[-79.7660618387,33.2614788641],[-79.76539237169744,33.26359451012959],[-79.76374,33.26352],[-79.76411699650305,33.26507962936877],[-79.7623482172,33.2668189478],[-79.7562575588,33.2687791098]],[[-79.76258,33.26062],[-79.76216,33.26059],[-79.76241,33.2608],[-79.76258,33.26062]]]},"properties":{"flat_pct":100}},{"type":"Feature","geometry":{"type":"Polygon","coordinates":[[[-79.7610534602,33.2734433338],[-79.7602884285,33.2718786378],[-79.76059349486451,33.27001385650112],[-79.76132,33.27327],[-79.76304,33.27304],[-79.76399008170513,33.27431931793958],[-79.7610534602,33.2734433338]]]},"properties":{}},{"type":"Feature","geometry":{"type":"Polygon","coordinates":[[[-79.719492366,33.2716764689],[-79.7214690129,33.272099173],[-79.722728821,33.2736798993],[-79.722440827,33.2762290129],[-79.7201255574,33.277739834],[-79.72342,33.28242],[-79.71718974733875,33.2835477720049],[-79.7105333517,33.2757267094],[-79.7071926194,33.27685264],[-79.70343988213436,33.27361814316766],[-79.70994342191435,33.266097726892866],[-79.7126195453,33.2679780267],[-79.7159516635,33.2728356355],[-79.719492366,33.2716764689]],[[-79.70781,33.26979],[-79.70738,33.27432],[-79.7128,33.27465],[-79.71319,33.27],[-79.70781,33.26979]]]},"properties":{"flat_pct":100}},{"type":"Feature","geometry":{"type":"Polygon","coordinates":[[[-79.7464217452,33.2731016315],[-79.747516965,33.2757093564],[-79.7459571925,33.2780687728],[-79.7364214107,33.27905451],[-79.73162160786019,33.27800233868114],[-79.73289,33.27633],[-79.73282,33.27435],[-79.72989022578405,33.27404676613899],[-79.7324917019,33.2721947244],[-79.7363597203,33.273001779],[-79.7420293564,33.272183035],[-79.7464217452,33.2731016315]]]},"properties":{"flat_pct":100}},{"type":"Feature","geometry":{"type":"Polygon","coordinates":[[[-79.6899133649,33.2759742472],[-79.69363953246251,33.278803626494735],[-79.69325,33.28154],[-79.68873,33.28061],[-79.68839,33.27656],[-79.6870789125656,33.27630437917946],[-79.6899133649,33.2759742472]]]},"properties":{"flat_pct":100}},{"type":"Feature","geometry":{"type":"Polygon","coordinates":[[[-79.75130790345564,33.28054917668741],[-79.75411378692722,33.27793804601472],[-79.75701,33.28392],[-79.75856598679711,33.28184535093719],[-79.7597995051243,33.282932871156774],[-79.75883,33.28366],[-79.76043,33.28507],[-79.76100087434743,33.28459254145487],[-79.76107117581982,33.28667739241427],[-79.75854,33.28627],[-79.75941,33.2879],[-79.75808,33.28809],[-79.75924830760212,33.28964075807276],[-79.7570727916,33.2897229171],[-79.7553587633,33.2881951132],[-79.75608,33.28596],[-79.75130790345564,33.28054917668741]],[[-79.75762,33.28751],[-79.75756,33.28704],[-79.75723,33.28701],[-79.75762,33.28751]]]},"properties":{"flat_pct":100}}]}