{"type":"FeatureCollection","attribution":"Derived from USFS MVUM roads + USFS Basic Ownership (public domain); terrain from Mapzen tiles (USGS 3DEP). Heuristic beta \u2014 not a statement of legality. Generated 2026-07-23.","features":[{"type":"Feature","geometry":{"type":"Polygon","coordinates":[[[-80.49322700831303,37.43403821658685],[-80.49021780636755,37.43349633112273],[-80.48833953057863,37.430963311696445],[-80.49322700831303,37.43403821658685]]]},"properties":{}},{"type":"Feature","geometry":{"type":"Polygon","coordinates":[[[-80.46179158103807,37.45741721385021],[-80.4645812212518,37.45788373639363],[-80.46645057363138,37.46069161039541],[-80.46379,37.45788],[-80.46035460713082,37.45845629554646],[-80.46179158103807,37.45741721385021]]]},"properties":{}},{"type":"Feature","geometry":{"type":"Polygon","coordinates":[[[-80.46597533017719,37.46412531798432],[-80.46329516994818,37.46502890912665],[-80.4612,37.46319],[-80.46664210014706,37.461144455364305],[-80.46597533017719,37.46412531798432]]]},"properties":{"flat_pct":12}},{"type":"Feature","geometry":{"type":"Polygon","coordinates":[[[-80.4446663272,38.2283972382],[-80.4454574885,38.2305527293],[-80.4443893162,38.2331666794],[-80.4410807678,38.2344083072],[-80.4387262036,38.2333900005],[-80.4379862535,38.2312163971],[-80.4389999995,38.2291562036],[-80.44199559,38.2274661641],[-80.4446663272,38.2283972382]]]},"properties":{"flat_pct":38}},{"type":"Feature","geometry":{"type":"Polygon","coordinates":[[[-80.5233425263,38.2499448405],[-80.5225083235,38.2475189331],[-80.5237451595,38.2451925263],[-80.5258772173,38.2443402309],[-80.5279874737,38.2452451595],[-80.5288216765,38.2476710669],[-80.5275848405,38.2499974737],[-80.5254527827,38.2508497691],[-80.5233425263,38.2499448405]]]},"properties":{"flat_pct":32}},{"type":"Feature","geometry":{"type":"Polygon","coordinates":[[[-80.4484369731,38.248054738],[-80.4482715116,38.2502950528],[-80.4465968932,38.2517923976],[-80.4441176663,38.2524582541],[-80.4375694204,38.2514470985],[-80.4346650159,38.252699062],[-80.4318742862,38.2515732594],[-80.4281196919,38.2553261142],[-80.4248295711,38.2568946651],[-80.4213409982,38.25639686],[-80.4198401727,38.2543163688],[-80.4206968747,38.2516208545],[-80.4241848849,38.2506546978],[-80.4317344987,38.2436937807],[-80.4367654274,38.2440657032],[-80.4394528078,38.2452736561],[-80.4457592083,38.2452167259],[-80.4484369731,38.248054738]]]},"properties":{"flat_pct":23}},{"type":"Feature","geometry":{"type":"Polygon","coordinates":[[[-80.52190055187731,38.260881888855685],[-80.51846,38.26232],[-80.51686,38.26106],[-80.5190524888,38.2590512766],[-80.52190055187731,38.260881888855685]]]},"properties":{"flat_pct":33}},{"type":"Feature","geometry":{"type":"Polygon","coordinates":[[[-80.5582269364,38.2897359051],[-80.5548851207,38.2899730035],[-80.5531443252,38.2877437959],[-80.5546629774,38.2826458067],[-80.552001731,38.2778150441],[-80.5521396345,38.2751353956],[-80.5538465344,38.2727685923],[-80.5535991296,38.2668151623],[-80.548593355,38.2642925126],[-80.5450522727,38.2598953938],[-80.5385456309305,38.26054468913033],[-80.53857734021723,38.25386988427081],[-80.5442858368,38.2533385125],[-80.5477070444,38.2544906989],[-80.5512833567,38.256950718],[-80.5527550357,38.2598084408],[-80.5556987757,38.2608203074],[-80.5590675989,38.2638023384],[-80.5597860018,38.2740948321],[-80.5581627363,38.2769541628],[-80.5608777273,38.2822367524],[-80.5594716901,38.2881807226],[-80.5582269364,38.2897359051]]]},"properties":{"flat_pct":13}},{"type":"Feature","geometry":{"type":"Polygon","coordinates":[[[-80.4858889399,38.2671194459],[-80.4832041516,38.2664392358],[-80.47832235,38.2711434858],[-80.4752368306,38.2713514354],[-80.4733036728,38.2744609124],[-80.4760999804,38.2733600668],[-80.4781988667,38.2741970592],[-80.4811725329,38.2801969485],[-80.4851124788,38.2831165127],[-80.4874867529,38.2894414946],[-80.4932469482,38.2881601821],[-80.4953778204,38.2890154372],[-80.4962286254,38.2917128187],[-80.4944264223,38.2940974122],[-80.489842228,38.295490989],[-80.4854055836,38.2953368997],[-80.4819175449,38.2919080951],[-80.4800319806,38.293704812],[-80.4774880988,38.2933737742],[-80.475307635,38.2894452249],[-80.4752158888,38.2865542262],[-80.4764932477,38.2848502193],[-80.4746739145,38.2832203805],[-80.4744434512,38.2806516795],[-80.4727168724,38.2830059961],[-80.4699444638,38.2843035528],[-80.4659591169,38.2831442266],[-80.4646764578,38.2849781071],[-80.4627993686,38.2857280058],[-80.4602580112,38.2844865394],[-80.4597282633,38.2822523852],[-80.4608648614,38.2799741868],[-80.458312777,38.2760889755],[-80.4591629463,38.2728459173],[-80.4638414734,38.2694066784],[-80.4686544399,38.2705744746],[-80.46997425604457,38.266109099953866],[-80.47098,38.26798],[-80.47815,38.26374],[-80.47730739152287,38.26300866528157],[-80.48137437454709,38.26026000222911],[-80.48,38.26253],[-80.48791,38.26379],[-80.49066,38.2683],[-80.49392,38.26764],[-80.50077,38.26956],[-80.51014,38.26955],[-80.51245605890892,38.27115122591234],[-80.5096279025,38.2728982622],[-80.5004719731,38.2725663567],[-80.4938382003,38.2707814479],[-80.4900511372,38.2713136232],[-80.4858889399,38.2671194459]],[[-80.4695693893,38.276776633],[-80.4654729509,38.2759528226],[-80.4654113752,38.2760537991],[-80.4690086138,38.2777323373],[-80.4695693893,38.276776633]]]},"properties":{"flat_pct":18}},{"type":"Feature","geometry":{"type":"Polygon","coordinates":[[[-80.5380838,38.2915503087],[-80.5356763474,38.2944511756],[-80.5316429698,38.2961605937],[-80.5320087979,38.2995032667],[-80.5304091417,38.30251976],[-80.5304263448,38.3040379295],[-80.5359314611,38.312368867],[-80.5353600559,38.3166653813],[-80.5330102345,38.3203312514],[-80.5294836751,38.3232029806],[-80.52738962992392,38.32802488693021],[-80.5219073254492,38.332283732089984],[-80.5245,38.32769],[-80.51973707259091,38.32631940169478],[-80.5213627497,38.3247856477],[-80.5210947238,38.3220467854],[-80.5245868823,38.3184427761],[-80.5270515352,38.3175705532],[-80.5289175553,38.3131736826],[-80.52711683,38.3093892677],[-80.52544757516203,38.309296476517275],[-80.52668,38.30882],[-80.52442570224939,38.304015219392845],[-80.5250237764,38.2998466772],[-80.5176424036,38.2982437724],[-80.5144306585,38.3015517665],[-80.5070211654,38.3047662366],[-80.5021753065,38.3028720398],[-80.4991629263,38.3028424341],[-80.4882979811,38.3059784474],[-80.4841123325,38.3103837201],[-80.4811069411,38.3159986315],[-80.4817364243,38.3185274105],[-80.4840308502,38.3211068802],[-80.4852904291,38.3268594454],[-80.4842626561,38.3295736397],[-80.4794905003,38.335699432],[-80.4818877542,38.3367530065],[-80.4832627687,38.3385575818],[-80.4850573627,38.338449295],[-80.4844261398,38.3349635301],[-80.4865113435,38.3327125389],[-80.4920192483,38.3324455946],[-80.4941648916,38.3363601651],[-80.4993858572,38.3349313264],[-80.5062916645,38.3302111007],[-80.51572332313967,38.32799393365441],[-80.51270853385257,38.334399679427165],[-80.5055559188,38.3373842018],[-80.5022224082,38.340317878],[-80.4944752793,38.3424958547],[-80.4956943998,38.3477432203],[-80.4942020783,38.3528516144],[-80.4905773555,38.3563828314],[-80.4917257848,38.3584582991],[-80.4911488678938,38.36118389931249],[-80.48953248818998,38.36305747237673],[-80.486125184,38.363751203],[-80.4849658754,38.3671595701],[-80.4850147507,38.3721200903],[-80.4835639244,38.3749389692],[-80.4884378562,38.3747606649],[-80.4908321482,38.3773067759],[-80.5024566863,38.3711500906],[-80.5067199297,38.3730301046],[-80.5106811755,38.3734779278],[-80.5093091179,38.368365263],[-80.5111292504,38.3648309999],[-80.5153576096,38.3608089],[-80.5156785581,38.3545900926],[-80.5180153316,38.3521583111],[-80.5199662223,38.3516293146],[-80.521809873,38.3524580268],[-80.5227093049,38.3542682295],[-80.5212493717,38.3573678404],[-80.5213058577,38.3628156479],[-80.5155040776,38.3693751259],[-80.5224051622,38.3750641104],[-80.5225166804,38.3773449269],[-80.5206222461,38.3795972032],[-80.5157357785,38.3805181891],[-80.5052210834,38.3789387665],[-80.5017425244,38.3812089741],[-80.4969899059,38.3807228988],[-80.4902437354,38.3847848173],[-80.485325996,38.383113388],[-80.48398573442451,38.38194498641869],[-80.4847,38.3806],[-80.48353,38.37919],[-80.47729901544186,38.37848223927273],[-80.477591296,38.3736476009],[-80.4790749525,38.3706730393],[-80.4789827864,38.3662676838],[-80.4806097996,38.3613339454],[-80.4840888549,38.3576592251],[-80.4841081239,38.353711329],[-80.4885982649,38.3503878252],[-80.4895027645,38.3470524871],[-80.4891735485,38.345632495],[-80.4875036228,38.3444734464],[-80.4855002635,38.3444539014],[-80.4818289024,38.3472014895],[-80.4730868423,38.3497005898],[-80.4705845759,38.3516896178],[-80.4675576416,38.3519778562],[-80.4614911973,38.3545411708],[-80.4543984037,38.3541097946],[-80.4424315319,38.3569699996],[-80.4379788511,38.3550013809],[-80.4376281394,38.3524601366],[-80.4396482445,38.3504805126],[-80.4424283939,38.3508246877],[-80.4544663371,38.3480525498],[-80.4602953186,38.3485917466],[-80.4683239563,38.3459300609],[-80.4696602472,38.3447089243],[-80.4676766516,38.3415996633],[-80.4693819548,38.3373638247],[-80.4393306917,38.3273028923],[-80.4357674108,38.3239888353],[-80.4369030971,38.320599869],[-80.4394325153,38.3201721255],[-80.4447826665,38.3228292751],[-80.4506743862,38.3241468465],[-80.4547952323,38.326735154],[-80.4746602592,38.3316471925],[-80.4791441468,38.3263393788],[-80.4785014486,38.3236984735],[-80.4755007877,38.3195582428],[-80.4751587275,38.3145206358],[-80.4792571259,38.3067709947],[-80.484781311,38.3008991517],[-80.4984382022,38.2968805854],[-80.5036462731,38.2969504384],[-80.5065587904,38.2984828501],[-80.510931918,38.2965832728],[-80.5067884303,38.287712036],[-80.5072515494,38.2856544983],[-80.5092275781,38.2840027136],[-80.5122227501,38.2847401439],[-80.5131634742,38.2877170733],[-80.5224015434,38.2901346176],[-80.5276358429,38.2899641614],[-80.5298230182,38.2882259051],[-80.5257483024,38.2854460067],[-80.5250911911,38.2829581613],[-80.5266034759,38.2808762957],[-80.5311517092,38.2796592809],[-80.5233864566,38.2768248289],[-80.52094732326638,38.27134263049029],[-80.52699103092503,38.26857873592696],[-80.527955682,38.2722055179],[-80.5349776639,38.2746472014],[-80.5375807029,38.2770034913],[-80.5374417027,38.28144175],[-80.5347526494,38.2844913982],[-80.5382755529,38.2887284358],[-80.5380838,38.2915503087]]]},"properties":{"flat_pct":17}},{"type":"Feature","geometry":{"type":"Polygon","coordinates":[[[-80.47996,38.39191],[-80.4773388517,38.398359427],[-80.4755033253,38.4002767628],[-80.4722047404,38.4001838439],[-80.4700579516,38.4011494402],[-80.4621122788,38.4003968192],[-80.4606290583,38.4017470533],[-80.4580662016,38.4021329478],[-80.4565802169,38.4049544382],[-80.4503640395,38.4066873011],[-80.4495061826,38.410547687],[-80.4526152781,38.4091862453],[-80.455720839,38.4094682646],[-80.4620564768,38.412314138],[-80.4626677451,38.4155910343],[-80.4601684128,38.4173988498],[-80.4535228621,38.4152214637],[-80.4511232871,38.4177575863],[-80.4468236796,38.4177001972],[-80.4437845905,38.4135438513],[-80.4419860196,38.4080834497],[-80.4438073684,38.4034571586],[-80.4405223174,38.4010203267],[-80.4347438939,38.4039951252],[-80.4322301515,38.4014542641],[-80.4352553871,38.3950669189],[-80.4371208546,38.3936774702],[-80.4425081768,38.3944476097],[-80.4440892086,38.3956206992],[-80.4479771305,38.3944478411],[-80.4511958484,38.3964246218],[-80.452282336,38.3984970722],[-80.4535589376,38.396895206],[-80.4566946383,38.396239082],[-80.4597392452,38.3940017697],[-80.4682772834,38.3947836635],[-80.46913503317437,38.39414253921789],[-80.47054,38.3962],[-80.47978441398166,38.386399178215235],[-80.4855154201,38.3861729679],[-80.4889041701,38.3849135465],[-80.4914604413,38.3861240065],[-80.4919597594,38.3886402741],[-80.4905078954,38.3908690309],[-80.47996,38.39191]]]},"properties":{"flat_pct":16}},{"type":"Feature","geometry":{"type":"Polygon","coordinates":[[[-80.40477019533657,37.469681520107166],[-80.40166393681751,37.471286182808996],[-80.40223001354384,37.47519603351982],[-80.401,37.47464],[-80.39887,37.47716],[-80.39934154109024,37.47921512642103],[-80.39848338353073,37.48109918816392],[-80.39650827023684,37.482701528162316],[-80.39565,37.48168],[-80.3922,37.48302],[-80.38993,37.48275],[-80.39006,37.48455],[-80.39179528116256,37.48539516284601],[-80.39148268173453,37.48731072645929],[-80.38797177880355,37.49217680892908],[-80.38445746346443,37.49414805342911],[-80.37778232499568,37.49386771073709],[-80.3760389034968,37.49284482593578],[-80.37535182158663,37.49065393653023],[-80.37641517406422,37.48861890349682],[-80.38078733047573,37.486894129576775],[-80.38290229530816,37.48728248399389],[-80.38512183844185,37.484947285798086],[-80.38722690399437,37.48034571484019],[-80.389042885244,37.479580020436735],[-80.39051063557092,37.47747581229605],[-80.39330374358778,37.477217706781694],[-80.3928047099955,37.47479327860041],[-80.39351404820582,37.47313782822151],[-80.3916414472423,37.47045317381243],[-80.39259459846306,37.46793475789204],[-80.39927835048856,37.46576462004002],[-80.40353817056987,37.46291800398417],[-80.40583341252534,37.46298079175803],[-80.40758363357038,37.46535129771879],[-80.40486,37.46541],[-80.39936,37.46903],[-80.40159,37.47079],[-80.40749310624867,37.46653615855059],[-80.40477019533657,37.469681520107166]]]},"properties":{"flat_pct":10}},{"type":"Feature","geometry":{"type":"Polygon","coordinates":[[[-80.36997,37.51833],[-80.36653,37.51075],[-80.36822685925917,37.50936223406313],[-80.3700150907845,37.510328047364666],[-80.37475424477,37.520926133041094],[-80.3741377489138,37.52256750798875],[-80.3703,37.52122],[-80.36997,37.51833]]]},"properties":{"flat_pct":61}},{"type":"Feature","geometry":{"type":"Polygon","coordinates":[[[-80.33956727674001,37.522569908225385],[-80.33385865612152,37.525316563706404],[-80.331619067947,37.52481028043863],[-80.33039343629359,37.522868656121524],[-80.33074185732147,37.52087757233956],[-80.33486263098953,37.51745644258366],[-80.33967541901274,37.517028739825534],[-80.34116436322674,37.51877663085938],[-80.34098126017447,37.52106541901273],[-80.33859,37.51991],[-80.33513,37.52095],[-80.3341,37.52185],[-80.33546,37.52394],[-80.33874,37.5216],[-80.33956727674001,37.522569908225385]]]},"properties":{"flat_pct":39}},{"type":"Feature","geometry":{"type":"Polygon","coordinates":[[[-80.37107,37.523],[-80.37407677210528,37.52264747742624],[-80.37167590735487,37.52434894111112],[-80.37107,37.523]]]},"properties":{}},{"type":"Feature","geometry":{"type":"Polygon","coordinates":[[[-80.32873338216153,37.54565043672388],[-80.32540274536818,37.54551421349438],[-80.3236045541592,37.54199880620575],[-80.32693,37.5407],[-80.32973,37.54242],[-80.33000283461561,37.54407744520888],[-80.32873338216153,37.54565043672388]]]},"properties":{"flat_pct":47}},{"type":"Feature","geometry":{"type":"Polygon","coordinates":[[[-80.18845234642328,37.83931702203484],[-80.18634,37.84005],[-80.18626,37.83772],[-80.1904531608479,37.835201123813064],[-80.18845234642328,37.83931702203484]]]},"properties":{"flat_pct":20}},{"type":"Feature","geometry":{"type":"Polygon","coordinates":[[[-80.32243372239287,37.89514772165352],[-80.32556411030859,37.893520781381184],[-80.32813326420013,37.895506543531376],[-80.32452,37.89707],[-80.32352096083189,37.899372869946866],[-80.32204359902089,37.89741043721083],[-80.32243372239287,37.89514772165352]]]},"properties":{"flat_pct":58}},{"type":"Feature","geometry":{"type":"Polygon","coordinates":[[[-80.30177184213696,37.924049712106836],[-80.30170954856605,37.92706908097688],[-80.29839644217437,37.92980293725174],[-80.29823512142188,37.932764943346264],[-80.29584641866478,37.93559386581735],[-80.29700544684303,37.937462773229136],[-80.29664837996458,37.939736745657996],[-80.29256811354489,37.94398258184996],[-80.28968526804306,37.94445],[-80.29113996096436,37.94795530399634],[-80.28983601164865,37.95102271736036],[-80.28607845837796,37.953059753482066],[-80.27898481031396,37.95137886120294],[-80.27652024449574,37.95592403619571],[-80.27689645823334,37.95923304436074],[-80.27543770382307,37.96154136129674],[-80.27945770432663,37.96321855088805],[-80.28772972805962,37.96194412927015],[-80.29651512330945,37.964983890215],[-80.29536,37.96846],[-80.2957,37.97128],[-80.29347,37.97279],[-80.29510872572992,37.97508530127071],[-80.29442643909736,37.976033646968126],[-80.28371,37.98],[-80.28314,37.9809],[-80.28131,37.97973],[-80.27868,37.98068],[-80.2794360003913,37.98231939812524],[-80.278175327061,37.980814805008094],[-80.27805642571231,37.979077160208995],[-80.28082078737282,37.97537236181975],[-80.28949978059411,37.97172413374365],[-80.2914001268518,37.96944360027023],[-80.28710989895553,37.96800384855403],[-80.28109074514296,37.96902702476652],[-80.2774427053477,37.970855232970756],[-80.27543733169898,37.96979294531786],[-80.27476494042847,37.967511482864936],[-80.2671460639122,37.96634688950401],[-80.26567359433056,37.96462761530434],[-80.26534198164076,37.96048214503023],[-80.26768385897704,37.95590902728386],[-80.2627719321542,37.95671166357556],[-80.25766875825435,37.95450632575423],[-80.24794188467949,37.95345466100646],[-80.2456245005182,37.95107399849051],[-80.24543306743368,37.946774390644705],[-80.24750166394715,37.944452594669336],[-80.24948006060342,37.944038157086666],[-80.25162740533067,37.945441663947136],[-80.2517962877034,37.94826149118917],[-80.25661392411799,37.9485819018022],[-80.25977481558782,37.94776570916915],[-80.26252301737024,37.94494315827195],[-80.26466109633913,37.93672087589576],[-80.26760326548367,37.93472330129544],[-80.26604592401753,37.929268438348544],[-80.26722931434874,37.92560807516266],[-80.26487974241465,37.92249858102464],[-80.26285439930834,37.92536734840792],[-80.25891813774572,37.92479540114806],[-80.25746840049648,37.92177451054191],[-80.25958084092743,37.9183236143489],[-80.2620734110251,37.918427714390894],[-80.26435568643772,37.92069262917484],[-80.26486276338777,37.91849520170328],[-80.26664811604999,37.91717835687123],[-80.26941892691494,37.916617998829224],[-80.27413702433911,37.91764573911834],[-80.27502631432324,37.92033010354068],[-80.27253241039914,37.922791116732206],[-80.27355910363588,37.9256354593002],[-80.27207769652689,37.92958464363487],[-80.27381155778865,37.93253271978031],[-80.27587525458094,37.929029060247274],[-80.27479560477461,37.92642492326159],[-80.27476427753324,37.92247776971436],[-80.28017839420393,37.91711240644361],[-80.29023154278951,37.913918718272946],[-80.29577732726331,37.91475259874224],[-80.29832673835291,37.91417138585134],[-80.30288407134964,37.91151317725802],[-80.30607955106323,37.91112711996132],[-80.31162775882696,37.9070792790571],[-80.31469269243122,37.907427188152376],[-80.31586064483619,37.909616348007624],[-80.31383,37.91163],[-80.31132,37.91175],[-80.30949731274033,37.91606766829572],[-80.30448,37.91644],[-80.30479275853268,37.9172889160173],[-80.30100348726627,37.91956247877714],[-80.29703208304242,37.92062048906371],[-80.30177184213696,37.924049712106836]],[[-80.28255765424625,37.92707517147967],[-80.28288097874311,37.929374409793226],[-80.28110556710418,37.932069492653234],[-80.28160269152123,37.93486849015454],[-80.27992593034452,37.937240504231156],[-80.28056244567993,37.93848020295529],[-80.28384332183725,37.936674633847076],[-80.28719815888996,37.938025720059755],[-80.2863436835168,37.935199188498785],[-80.28819316913115,37.93305926403798],[-80.28488084944402,37.932909184537955],[-80.28303577759995,37.93078001742891],[-80.28394075841533,37.92789424894559],[-80.28326743369331,37.92508434922141],[-80.28472984721726,37.92324580513022],[-80.28352047804057,37.922362972280695],[-80.28133244887587,37.92584029167613],[-80.28255765424625,37.92707517147967]],[[-80.27016899782112,37.94211634856196],[-80.26660798991442,37.94936194387688],[-80.26821608301542,37.9498090133943],[-80.27381299460514,37.94736416155604],[-80.27608463416558,37.94475579692417],[-80.27826401408117,37.944239070754605],[-80.2797494814459,37.94186584091097],[-80.27238658011868,37.9431496857692],[-80.27016899782112,37.94211634856196]]]},"properties":{"flat_pct":10}},{"type":"Feature","geometry":{"type":"Polygon","coordinates":[[[-80.31276545573138,37.982949925926825],[-80.31079,37.9805],[-80.3093876389876,37.983652551724724],[-80.30669120209191,37.98041542258348],[-80.31153676952134,37.9768598422518],[-80.31353030489349,37.98035621600291],[-80.31276545573138,37.982949925926825]]]},"properties":{"flat_pct":59}},{"type":"Feature","geometry":{"type":"Polygon","coordinates":[[[-80.28949775930519,38.013384194929394],[-80.29504412222619,38.01529163271328],[-80.29490206639721,38.02157618258699],[-80.28860109224624,38.019776747290635],[-80.28650467168438,38.01858433778699],[-80.28737,38.01699],[-80.28025984609685,38.01475373603595],[-80.27882581111876,38.01147983629848],[-80.28096257852249,38.00925518266263],[-80.28624675400137,38.00934203258044],[-80.2886990269702,38.010955969314345],[-80.28949775930519,38.013384194929394]]]},"properties":{"flat_pct":54}},{"type":"Feature","geometry":{"type":"Polygon","coordinates":[[[-80.3635002825397,38.14875882864302],[-80.36053672231502,38.1502720667778],[-80.35702472098843,38.14987310150337],[-80.35376806881588,38.15133784361322],[-80.35087687853247,38.150989198955656],[-80.34835215477844,38.152547902817915],[-80.34619946799249,38.15174914281626],[-80.34524209718208,38.14966215477843],[-80.34650378656505,38.14667871364567],[-80.34899385661858,38.14505592517939],[-80.35286875686089,38.1452451541883],[-80.35580779363788,38.143845833064574],[-80.35787911325087,38.143932097275034],[-80.35822415719778,38.140059079953225],[-80.36049791778755,38.1383273183177],[-80.3589,38.14131],[-80.3637,38.14279],[-80.3635002825397,38.14875882864302]]]},"properties":{"flat_pct":15}},{"type":"Feature","geometry":{"type":"Polygon","coordinates":[[[-80.36902518135052,38.179417889332804],[-80.36971958189712,38.18251980008101],[-80.36834188049072,38.18940986286937],[-80.36462120365077,38.193948079748665],[-80.3615399763298,38.19409263746588],[-80.35996000730053,38.1914433816074],[-80.36263516600515,38.18733979804394],[-80.36358681061942,38.18230092951071],[-80.36144140100313,38.17913292031112],[-80.36248745091575,38.17449887142613],[-80.35873950550858,38.17188691593423],[-80.35859841797661,38.168065096246764],[-80.35692868747218,38.16626883718304],[-80.35654030550323,38.16316718731418],[-80.36142525514065,38.1557457929823],[-80.36330154007493,38.15469851821491],[-80.36326,38.15594],[-80.36910625091389,38.158013621370344],[-80.36806483515645,38.15944386496317],[-80.36577636625384,38.16026052900631],[-80.36527435653663,38.16265144143593],[-80.36336345462432,38.16417195404845],[-80.36470946604841,38.165399184783766],[-80.36797717077474,38.16418511448043],[-80.37005070334068,38.166176464501746],[-80.37135604370444,38.172099038051414],[-80.37074226926919,38.17423860571563],[-80.36758961888997,38.17776896997927],[-80.36902518135052,38.179417889332804]]]},"properties":{"flat_pct":14}},{"type":"Feature","geometry":{"type":"Polygon","coordinates":[[[-80.34068495223681,38.1840714674668],[-80.33815228361877,38.18366341041659],[-80.3363250133527,38.18135397834025],[-80.33580566069787,38.17720502315777],[-80.33777349011697,38.17517342694224],[-80.34031673311978,38.175509337516246],[-80.34218868967906,38.178029273093586],[-80.34278482119134,38.181811952228756],[-80.34068495223681,38.1840714674668]]]},"properties":{"flat_pct":39}},{"type":"Feature","geometry":{"type":"Polygon","coordinates":[[[-80.2831613026263,38.18896977217757],[-80.2830143197299,38.186145213480394],[-80.28528119513277,38.184453760934936],[-80.2902942735456,38.18705758482351],[-80.29422403944557,38.187086101054504],[-80.29936267860283,38.1911288232695],[-80.30206105343713,38.197850526975735],[-80.30165474347325,38.20011039204957],[-80.29976947302427,38.201421053437116],[-80.29750960795045,38.201014743473245],[-80.2939734080856,38.194140080784074],[-80.29158065654252,38.19291879868554],[-80.2877940970916,38.19258905220596],[-80.2831613026263,38.18896977217757]]]},"properties":{"flat_pct":21}},{"type":"Feature","geometry":{"type":"Polygon","coordinates":[[[-80.2864644532,38.2095104533],[-80.285024694,38.2116336618],[-80.2821988383,38.2117531423],[-80.27377721347327,38.20408280373734],[-80.27223116646984,38.19856525710389],[-80.26877967821841,38.19496499943065],[-80.26857073505225,38.19119039910134],[-80.2661711751258,38.18676031741246],[-80.26622958759314,38.18421905161559],[-80.2622711371335,38.18307460122449],[-80.26088283574488,38.1816054412285],[-80.26167900497694,38.17812104883335],[-80.26356761176777,38.17740064878541],[-80.2683349985063,38.178202825354305],[-80.27169792276149,38.18140138625375],[-80.27455775469394,38.19231646221931],[-80.27771890853721,38.19591999006574],[-80.278786798,38.2004946215],[-80.2837307442,38.2045828652],[-80.2860836618,38.207525306],[-80.2864644532,38.2095104533]]]},"properties":{"flat_pct":63}},{"type":"Feature","geometry":{"type":"Polygon","coordinates":[[[-80.16927051326174,38.2517421816323],[-80.16591,38.25298],[-80.1610288583,38.2502048068],[-80.16143050169555,38.25243921761918],[-80.15922,38.2538],[-80.15303,38.24453],[-80.15639229400749,38.243828595506145],[-80.1585991018,38.2464602135],[-80.1618669851,38.2401022231],[-80.1636679465,38.2391844269],[-80.1656550544,38.2396263303],[-80.1656731057,38.2352639437],[-80.1681887697,38.2334789245],[-80.16627,38.23485],[-80.17125,38.23973],[-80.17153916333827,38.24152506953392],[-80.1685865188,38.2462668204],[-80.16927051326174,38.2517421816323]]]},"properties":{"flat_pct":24}},{"type":"Feature","geometry":{"type":"Polygon","coordinates":[[[-80.25714714288455,38.18937402599591],[-80.2403223154144,38.20184673802985],[-80.22942218819026,38.206652714510305],[-80.22501925066052,38.21114901194837],[-80.21753627592801,38.213350144192184],[-80.21885633412366,38.21931711245226],[-80.22111262189709,38.22217291565777],[-80.2304421644,38.2258630356],[-80.23742650518399,38.22633337566364],[-80.2415525326826,38.229235822678895],[-80.24362285384575,38.23554305590626],[-80.2432403885,38.2444816359],[-80.24677579161691,38.249908247761496],[-80.24622142072285,38.254684252582464],[-80.247357552,38.26329004],[-80.2457028855412,38.26700294915595],[-80.24069275681543,38.27307330140419],[-80.24039226382952,38.28493393631886],[-80.2417863172,38.2875379284],[-80.2500086889,38.2931727746],[-80.2515624129,38.2966267902],[-80.2516177,38.300481383],[-80.2495683709,38.3050121702],[-80.24587790860436,38.30842150612986],[-80.24410735700894,38.31455228363741],[-80.23913164901867,38.32203641417202],[-80.23563582207554,38.32988650304764],[-80.2326085441,38.3328978891],[-80.2339284235,38.337289186],[-80.2375161208,38.3407911965],[-80.2389378283,38.3440023495],[-80.2453692625,38.3479664815],[-80.2486863768,38.3484321671],[-80.2544218483,38.3466903865],[-80.2586981174,38.3478657077],[-80.263086135,38.3537996705],[-80.2698868039,38.3573864995],[-80.2707306021,38.3617862794],[-80.2748028642,38.3648105247],[-80.2764611377,38.3689114118],[-80.2793353162,38.3685337452],[-80.2859391052,38.3704914911],[-80.2920124715,38.3704230822],[-80.2955519901,38.3680858051],[-80.2979653787,38.3638125118],[-80.3032633078,38.3595102531],[-80.3166515277,38.3519554687],[-80.3216324279,38.3525374676],[-80.3252053965,38.3563604191],[-80.3305148509,38.3592327249],[-80.3340645455,38.3552620944],[-80.3394335702,38.3531248429],[-80.3535861151,38.3517328214],[-80.3563067242,38.3485535719],[-80.3700052162,38.3422293932],[-80.3719585402,38.338755425],[-80.3713064069,38.3353640919],[-80.3738413668,38.3336065831],[-80.3767178959,38.3346807101],[-80.3780504341,38.3362884354],[-80.3846279214,38.3350455305],[-80.389660921,38.3359659832],[-80.3950058323,38.3464768335],[-80.4017527594,38.3443919266],[-80.4084884205,38.3457051741],[-80.4108150842,38.3474002898],[-80.4127808915,38.3513673737],[-80.4194156926,38.3531944466],[-80.4238071258,38.3557436814],[-80.4248284332,38.3580969456],[-80.4238816616,38.3601887633],[-80.4211499519,38.360921906],[-80.4172155956,38.3588016519],[-80.4093456439,38.3565918545],[-80.4060045854,38.3512166673],[-80.4009867027,38.3513730071],[-80.3957687292,38.3534715895],[-80.3948099457,38.3546668729],[-80.396840755,38.3545402203],[-80.3986308153,38.3559781918],[-80.3990043049,38.3618753857],[-80.3962214696,38.3700513852],[-80.3909057926,38.3772318785],[-80.3890388119,38.3779392107],[-80.3870761553,38.3774121785],[-80.3854584856,38.3742733791],[-80.382907954,38.3751421071],[-80.3787014428,38.3784475409],[-80.37595,38.37532],[-80.37074207859867,38.37551957363034],[-80.371184492,38.3735565041],[-80.3738537404,38.3701656706],[-80.3765314691,38.368830365],[-80.376984091,38.3645870261],[-80.3817103405,38.3567786693],[-80.3859895981,38.3547151816],[-80.3879951753,38.354794996],[-80.38931952535947,38.351922519853844],[-80.3909,38.35201],[-80.39554,38.34805],[-80.39236,38.34554],[-80.3886788270826,38.34681481500176],[-80.3851615706,38.3411271418],[-80.3785718809,38.3422716979],[-80.3700261629,38.3494114245],[-80.3598809097,38.3534508177],[-80.3565506286,38.3571268898],[-80.3519710336,38.3582930745],[-80.3412627417,38.358840511],[-80.3374735219,38.3603118132],[-80.332505557,38.3652019051],[-80.328345335,38.3650314531],[-80.3218676137,38.3615070052],[-80.3177981068,38.3579255191],[-80.315726222,38.3599500936],[-80.3069518226,38.3643155134],[-80.302361373,38.3680715368],[-80.2999547508,38.3722978696],[-80.2945243839,38.3759402899],[-80.2855715962,38.3765788505],[-80.2786513625,38.37457566],[-80.274701974,38.3750819119],[-80.2722408677,38.373467872],[-80.2698568257,38.3683622606],[-80.2646501411,38.3651572927],[-80.2643564363,38.3610922364],[-80.2589484373,38.3582906663],[-80.255407605,38.3530913505],[-80.2490897667,38.3544971921],[-80.243609027,38.353762078],[-80.2347075041,38.348428126],[-80.2334721872,38.346499844],[-80.2261427106,38.3458267321],[-80.2247692363,38.3430647714],[-80.2255973358,38.3412208454],[-80.2282464048,38.3392293307],[-80.2272890804,38.3360442704],[-80.220832769,38.3339915572],[-80.21460215342925,38.33308482531034],[-80.2101073701,38.3338061017],[-80.1960027958,38.3376855907],[-80.1810322088,38.3440929158],[-80.1575126365,38.3441264568],[-80.15285366971806,38.342350025517774],[-80.1499837502,38.3392406248],[-80.1462727281,38.3245057933],[-80.1385480974,38.3202553311],[-80.1347082468808,38.31692965900313],[-80.1333902826,38.3135369619],[-80.13364507049238,38.31156088532415],[-80.12955246986671,38.31164129131369],[-80.126744738,38.3137803746],[-80.12364788453527,38.3143501546314],[-80.12063147916076,38.3133133986802],[-80.1153559345509,38.30926163520539],[-80.10963289439246,38.30779180370047],[-80.10195486023633,38.30749372781698],[-80.09756868454086,38.3094182619439],[-80.0926255754,38.3099999653],[-80.0904065446,38.3092971335],[-80.0877452918,38.3119662951],[-80.0798077528,38.3143838413],[-80.07551,38.3137349759],[-80.0730893584,38.3143905978],[-80.0679,38.31274],[-80.06726,38.30756],[-80.07000115386106,38.30699209891073],[-80.0730441626,38.3082623778],[-80.0756606176,38.3074037833],[-80.078300487,38.3084200201],[-80.08164993746695,38.307076674600545],[-80.08377,38.30781],[-80.0860723247,38.3048898679],[-80.08842722249454,38.3035720750753],[-80.09132,38.30318],[-80.09107,38.30426],[-80.09344,38.30426],[-80.1010040291108,38.301446409081805],[-80.11062133323577,38.30177833296462],[-80.1168257872159,38.30338557795859],[-80.11631,38.30486],[-80.11978,38.30783],[-80.12143408320969,38.30637520392401],[-80.12399320031105,38.30819030018719],[-80.1279000453,38.3058615568],[-80.134369247,38.3055990397],[-80.13468034229274,38.30490603069044],[-80.13564,38.30504],[-80.13465,38.3063],[-80.13665,38.30681],[-80.13678,38.30336],[-80.13812,38.30284],[-80.14617211894412,38.306823264072925],[-80.1427270082,38.3071407896],[-80.1429202276,38.3094660568],[-80.14059,38.3130312443],[-80.1481028212,38.3169893684],[-80.1534846712,38.3213553002],[-80.1540216244,38.323304016],[-80.1529883742007,38.325352490599336],[-80.15526131769883,38.33618144345034],[-80.1584181572,38.3381219708],[-80.1800763643,38.3380884292],[-80.19420439116658,38.3319574221559],[-80.21018913296074,38.32771622070928],[-80.2086713759,38.3221369701],[-80.2066420951,38.3194234316],[-80.2086074638,38.3148040799],[-80.2076096253,38.308032266],[-80.2057837217,38.3032696859],[-80.2036734828,38.3030203703],[-80.2023004867,38.3015368968],[-80.2025927886,38.2963700874],[-80.20449,38.29627],[-80.21043,38.29135],[-80.20959272667521,38.290734706475604],[-80.211748435,38.2895880762],[-80.2123674626,38.2863710124],[-80.2164550026,38.2820260083],[-80.2178058424,38.279164552],[-80.2171532974,38.2708433311],[-80.2229087697,38.2602993832],[-80.2190580294,38.2616780828],[-80.2153658657,38.2592933626],[-80.2089145039,38.2600784797],[-80.1934179018,38.2589261419],[-80.1909942978,38.2574681022],[-80.1908601313,38.2546429057],[-80.19295866929752,38.25299646268783],[-80.19427,38.25626],[-80.19869,38.25896],[-80.2041,38.25572],[-80.20003677566244,38.25315349477229],[-80.2089634913,38.2539958721],[-80.2146918366,38.2531918145],[-80.211891486,38.2492773714],[-80.2032421132,38.2445638456],[-80.20249104303976,38.242882100448995],[-80.20527,38.23846],[-80.19786,38.23431],[-80.19589465127001,38.23068565792256],[-80.1995077066,38.2268167781],[-80.1970014633,38.2244276289],[-80.196623172,38.2218263382],[-80.1939625892,38.2171840147],[-80.1937902262,38.2115192737],[-80.1892170315,38.2155332536],[-80.1806799891,38.2159201844],[-80.1807680126,38.2188521274],[-80.177973203,38.2224990699],[-80.1751758478,38.2244175648],[-80.17529939283534,38.225543159424085],[-80.16687,38.22832],[-80.16889,38.22561],[-80.16816,38.22516],[-80.17372,38.21773],[-80.17694,38.21548],[-80.17919,38.21145],[-80.1836736558367,38.20966748824945],[-80.1871392768,38.2098156478],[-80.1900046197,38.2056604606],[-80.1930043193,38.2036994604],[-80.197180869,38.2043704941],[-80.2015305361,38.2119056543],[-80.2116630395,38.2145789],[-80.2115249405,38.2114702434],[-80.2140148718,38.2083089178],[-80.2218622568,38.205913994],[-80.2259328521,38.2016970507],[-80.2371532969,38.196705361],[-80.25147693329573,38.18608468880299],[-80.24922896073879,38.18311169837708],[-80.25086131744088,38.180205307175854],[-80.2548591035433,38.1799614064253],[-80.25790332163035,38.18386739470302],[-80.25836255504422,38.185813056354576],[-80.25714714288455,38.18937402599591]],[[-80.2335438773,38.3197390214],[-80.23797476782056,38.31296260060352],[-80.2344030395,38.3166376822],[-80.2310594023,38.3169883129],[-80.2291257469,38.3161933785],[-80.2300855809,38.320924609],[-80.22918858,38.3234649565],[-80.2266385631,38.3258244958],[-80.223508416,38.3259444507],[-80.2147859853,38.3224372134],[-80.2156405845,38.3244213193],[-80.2268367128,38.3288020991],[-80.23059916595825,38.32660674502061],[-80.2335438773,38.3197390214]],[[-80.2386111796,38.3099007871],[-80.2380919942,38.3127869908],[-80.2393382634,38.3095498059],[-80.2386111796,38.3099007871]],[[-80.2358794084,38.2897790058],[-80.2343855509,38.2855624138],[-80.23478946668169,38.271318147625756],[-80.2412901370686,38.26239034039944],[-80.2401937394,38.2548397419],[-80.24072656375051,38.25072901714385],[-80.2372434671,38.2455368586],[-80.2376097615,38.2361326476],[-80.23664259737362,38.23297233664822],[-80.2216478142321,38.22937859043502],[-80.2173614294,38.2268863146],[-80.2141123069,38.2230848238],[-80.2118053058,38.222496078],[-80.2101163569,38.2204556252],[-80.203685186,38.2192715075],[-80.20159781,38.2179227464],[-80.2026201371,38.2215686083],[-80.2049524688,38.2239167206],[-80.2056884743,38.2272043339],[-80.205048615,38.2296932139],[-80.2024147123,38.2323052615],[-80.2065147564,38.2345839672],[-80.2090824649,38.2372638599],[-80.209539038,38.2413061109],[-80.2158796467,38.2446580736],[-80.2180541776,38.2477641148],[-80.2246776114,38.2469502358],[-80.2286581759,38.2481582214],[-80.2333040816,38.254864568],[-80.2322735789,38.2618553073],[-80.2294058748,38.2659428907],[-80.2284298456,38.2703243498],[-80.2256044144,38.2719389685],[-80.2235044491,38.2760788851],[-80.223780881,38.2804447805],[-80.2193889257,38.2894620802],[-80.2153352935,38.2946652642],[-80.2094122398,38.2973258053],[-80.2125098481,38.2998258419],[-80.2121779099,38.3041152692],[-80.2137966847,38.3060642085],[-80.2138248227,38.3082800034],[-80.2165563789,38.3117193331],[-80.2183084802,38.317503282],[-80.2241017793,38.3198452127],[-80.2223201307,38.3153619921],[-80.2230001606,38.3094837336],[-80.2245101399,38.3077108438],[-80.227818208,38.3072672389],[-80.2320421521,38.3107037407],[-80.2325987174,38.3100448472],[-80.2329657148,38.3066156238],[-80.2346679376,38.3050309039],[-80.2330503504,38.2995358533],[-80.2343122103,38.2970445784],[-80.2378142449,38.2963643205],[-80.2425643339,38.2991971056],[-80.2441554385,38.2980820795],[-80.243789122,38.2960276219],[-80.23785519874471,38.29211588224185],[-80.2358794084,38.2897790058]],[[-80.2203965751,38.2545127562],[-80.2216056402,38.2535815355],[-80.2197710856,38.2538129848],[-80.2203965751,38.2545127562]],[[-80.2242998129,38.253323743],[-80.2244459447,38.2530408211],[-80.2232385308,38.2532706789],[-80.2242998129,38.253323743]],[[-80.3911504944,38.3659189588],[-80.3922975343,38.3610533082],[-80.3902207887,38.361909928],[-80.3869088597,38.3608233318],[-80.385787601,38.3612958355],[-80.382824143,38.3672060059],[-80.3872062452,38.3656972938],[-80.390184466,38.366501554],[-80.3911504944,38.3659189588]]]},"properties":{"flat_pct":18}},{"type":"Feature","geometry":{"type":"Polygon","coordinates":[[[-80.2276181919,38.3750492709],[-80.2280546344048,38.3774351703498],[-80.22619,38.37778],[-80.22312,38.37573],[-80.22198,38.37305],[-80.21937634828497,38.371022129244366],[-80.2276181919,38.3750492709]]]},"properties":{"flat_pct":15}},{"type":"Feature","geometry":{"type":"Polygon","coordinates":[[[-80.1876953652,38.4014285401],[-80.1806316839,38.4014075614],[-80.1759711076,38.399000996],[-80.1733130003,38.3991107344],[-80.1743167052,38.4034194368],[-80.1738308731,38.4063226673],[-80.1724806806,38.4075048593],[-80.1668816391,38.4089791988],[-80.1672740322,38.4122451424],[-80.1719860382,38.4139488892],[-80.1736921801,38.4160377836],[-80.1743124943,38.4261932714],[-80.1785117649,38.424021442],[-80.1896415738,38.4267853286],[-80.19523879824403,38.42432390499873],[-80.19502545374544,38.43075638775715],[-80.190729148,38.4328495615],[-80.1859387489,38.4322457603],[-80.1859730686,38.4332360376],[-80.1911536347,38.4369679076],[-80.1921774217,38.4387107994],[-80.1911125758,38.4416057886],[-80.1876995302,38.4421228341],[-80.1812169136,38.4370054008],[-80.1799378864,38.4322278694],[-80.1784961422,38.4312658366],[-80.1709090171,38.4357625844],[-80.1676907944,38.4348938262],[-80.1669567945,38.4327182063],[-80.1683120664,38.4304108149],[-80.1681735922,38.420415175],[-80.1665160282,38.4239627668],[-80.1642099232,38.4260725586],[-80.1648008183,38.4322747048],[-80.1615799879,38.4382287108],[-80.1617174181,38.4426695695],[-80.1602591077,38.4496185721],[-80.1584451785,38.4535083335],[-80.1603326044,38.4552386814],[-80.1617266458,38.4611332747],[-80.1604841947,38.4637084421],[-80.1567422413,38.4664703994],[-80.1677293641,38.4745090854],[-80.1688132129,38.477328318],[-80.1723479791,38.4789958544],[-80.1732534752,38.4813477528],[-80.1708922784,38.4846236116],[-80.1718995547,38.4863621614],[-80.172407503,38.491558696],[-80.1695358287,38.4947288061],[-80.1697941076,38.4971332987],[-80.1686895273,38.4999007151],[-80.1712814925,38.5073186375],[-80.1656896839,38.5144655562],[-80.1647178327,38.5186605724],[-80.1617970448,38.5196524679],[-80.1597616292,38.5180910569],[-80.1592609685,38.5145737776],[-80.1606277765,38.5112056882],[-80.1648075576,38.506103493],[-80.1623702314,38.4999327423],[-80.1637158538,38.4963295049],[-80.1634287235,38.492347115],[-80.1655562434,38.4896741737],[-80.1654989964,38.487911178],[-80.163305357,38.4845696969],[-80.1643899488,38.4815374233],[-80.1629517121,38.4786841017],[-80.1513702227,38.4699522705],[-80.150481103,38.4657578656],[-80.1511535323,38.4635937006],[-80.1549974175,38.4599876869],[-80.1545471899,38.4581577945],[-80.1514636265,38.456118418],[-80.1507171379,38.4539231759],[-80.1545256366,38.4477965799],[-80.1557176667,38.4368064216],[-80.1586187376,38.4314976941],[-80.1572317124,38.4234541512],[-80.158379648,38.4218493099],[-80.1614519048,38.4206755414],[-80.1623077868,38.4188320671],[-80.1612785954,38.4118972255],[-80.1573988973,38.4084212836],[-80.1573111751,38.4044143894],[-80.1555372429,38.4018116138],[-80.1568701981,38.3978310115],[-80.156450017,38.3955744726],[-80.1584904998,38.3932611874],[-80.1616931478,38.3941857112],[-80.1631367011,38.3973669857],[-80.1620990635,38.4007754409],[-80.1634026217,38.4040576257],[-80.1674740133,38.4021737987],[-80.1665722848,38.3986818642],[-80.1688316372,38.3949349857],[-80.1716057695,38.3932314312],[-80.1768537784,38.3929762649],[-80.1814164387,38.3950993605],[-80.1813784038,38.3930780589],[-80.18342656900553,38.38871628525755],[-80.18895761777307,38.39968577771432],[-80.1876953652,38.4014285401]]]},"properties":{"flat_pct":13}},{"type":"Feature","geometry":{"type":"Polygon","coordinates":[[[-80.1492303960937,37.89094888550886],[-80.14675511037596,37.890848109896304],[-80.14931,37.8882],[-80.14972,37.88877],[-80.1492303960937,37.89094888550886]]]},"properties":{}},{"type":"Feature","geometry":{"type":"Polygon","coordinates":[[[-80.12723468517781,37.969678074201376],[-80.12313682569328,37.96957430653073],[-80.12524,37.96782],[-80.12404,37.96644],[-80.11862,37.96439],[-80.11794,37.96547],[-80.12351,37.96831],[-80.1225042641459,37.96912063759628],[-80.1176382957,37.9667255755],[-80.1149671146,37.9686375806],[-80.1110335022,37.9687578381],[-80.10876760875921,37.97035652127993],[-80.10436,37.97134],[-80.09581915841727,37.97636990281367],[-80.0905028838,37.9722145138],[-80.0896707147,37.9700745202],[-80.0918620137,37.9672508551],[-80.0947141237,37.9679409401],[-80.0978174399,37.9673950357],[-80.0999976522,37.9657559715],[-80.1004788264,37.963456982],[-80.1019177477,37.9620078369],[-80.1042349007,37.9619041555],[-80.1075610447,37.9637804571],[-80.1140451351,37.9592502058],[-80.1195558952,37.9599689675],[-80.12359407306568,37.96259852852733],[-80.12396,37.96481],[-80.12589,37.96669],[-80.12779,37.96525],[-80.12890127344764,37.96581008181761],[-80.12874834389025,37.96832255176822],[-80.12723468517781,37.969678074201376]]]},"properties":{"flat_pct":13}},{"type":"Feature","geometry":{"type":"Polygon","coordinates":[[[-80.16460167054234,37.98179899864081],[-80.1650264717,37.9851052416],[-80.1619553249,37.9878264008],[-80.1569563334,37.9882899978],[-80.1539946621203,37.987320794848756],[-80.14607519049603,37.98719194491725],[-80.1400927705,37.9843382785],[-80.1375061859,37.9929302233],[-80.1283808725,38.0032537462],[-80.1243001373,38.0106861836],[-80.1201745616,38.0139113886],[-80.1166845072,38.0150655712],[-80.1126255373,38.0227213781],[-80.1084879373,38.0280500939],[-80.113367983,38.0315553633],[-80.1151936413,38.0342492758],[-80.1173976628,38.0344009871],[-80.1200866065,38.0364546768],[-80.1208124261,38.0386330395],[-80.1197853232,38.0406866065],[-80.1133365087,38.0423162875],[-80.1112641898,38.0418648972],[-80.1093808867,38.0393193353],[-80.1092463387,38.0361080619],[-80.1052483287,38.033115289],[-80.1001227356,38.0397778451],[-80.0987852193,38.0429503824],[-80.0954696710949,38.0461991467785],[-80.09305,38.04481],[-80.09396,38.04402],[-80.0913,38.04372],[-80.09049447597108,38.04465784353799],[-80.0909678714,38.0422816872],[-80.0937557881,38.0395497297],[-80.094953705,38.0366777493],[-80.1074701641,38.0195513831],[-80.1118179019,38.0113005631],[-80.1196749732,38.0067996721],[-80.1234963589,37.9996972089],[-80.1321559396,37.9901462789],[-80.1340885766,37.9840620514],[-80.1348100564,37.9772302608],[-80.13299224490089,37.973773756151836],[-80.1324239891,37.9677774351],[-80.1343458836,37.9671512296],[-80.1362287888,37.9678864031],[-80.1400522696,37.9737664879],[-80.14080212840676,37.977621272236],[-80.1474552854,37.9812973669],[-80.15455116,37.9812360965],[-80.1574092528,37.9822334166],[-80.16254553415048,37.98077704899589],[-80.16460167054234,37.98179899864081]]]},"properties":{"flat_pct":25}},{"type":"Feature","geometry":{"type":"Polygon","coordinates":[[[-80.02464338763131,37.992477203205844],[-80.0241834585,37.9907359902],[-80.02437103642313,37.98983179538553],[-80.02516,37.9903],[-80.02464338763131,37.992477203205844]]]},"properties":{}},{"type":"Feature","geometry":{"type":"Polygon","coordinates":[[[-80.0375345519,38.0074132401],[-80.0293611928,38.006739033],[-80.0274006156,38.0047555333],[-80.0218685519,38.0056769944],[-80.0195663182,38.0036240505],[-80.0207431641,38.0002491565],[-80.0283521238,37.9979555068],[-80.0292,37.99641],[-80.03287,37.99876],[-80.02959,37.99254],[-80.02616,37.98988],[-80.02868074236306,37.98828447393499],[-80.0335922961,37.9920565125],[-80.0342260607,37.9962229804],[-80.0390163433,37.9982916752],[-80.0403554301,37.999805828],[-80.0400439022,38.0026169996],[-80.0381,38.00345],[-80.03938410444192,38.00370949610598],[-80.0390953037,38.0061287692],[-80.0375345519,38.0074132401]]]},"properties":{"flat_pct":31}},{"type":"Feature","geometry":{"type":"Polygon","coordinates":[[[-80.0167002698,38.0103478556],[-80.0097864573,38.0115072224],[-80.0081825888,38.0157213741],[-80.003914047,38.0184662681],[-80.0014141913,38.0179925163],[-79.9991561359,38.0147637197],[-80.0004256136,38.0102953718],[-80.0049912817,38.0055338924],[-80.0091244719,38.0030719738],[-80.0155126535,38.003759369],[-80.0175574042,38.0051952973],[-80.0184212695,38.0078885244],[-80.0167002698,38.0103478556]]]},"properties":{"flat_pct":91}},{"type":"Feature","geometry":{"type":"Polygon","coordinates":[[[-80.0337740585,38.0377617621],[-80.0315529402,38.0357152393],[-80.03204165482063,38.03287688743572],[-80.03776415952633,38.03551046664881],[-80.0363299833,38.0375422867],[-80.0337740585,38.0377617621]]]},"properties":{"flat_pct":50}},{"type":"Feature","geometry":{"type":"Polygon","coordinates":[[[-80.16181701151612,38.03920797684172],[-80.15962680563105,38.04070090441885],[-80.15574125519917,38.03938698420653],[-80.1519745701,38.0407719883],[-80.1467102989,38.0406949736],[-80.1453715288,38.0428366321],[-80.14199117564179,38.0446169735322],[-80.1416680061,38.0458045165],[-80.14291406597381,38.04759575715504],[-80.14499222710621,38.04784223075043],[-80.1470684972,38.0499787447],[-80.14878829183328,38.054317997746054],[-80.14869391126635,38.05594278011947],[-80.14421,38.05718],[-80.13797,38.04873],[-80.13409450877282,38.04530180641235],[-80.13719205638039,38.0398706404708],[-80.139724702,38.0386641431],[-80.1410669101,38.036419969],[-80.1451945738,38.0344904964],[-80.14787,38.0363],[-80.14964,38.03371],[-80.14721042132848,38.03016520488909],[-80.14839966679199,38.02968201645019],[-80.1556110976878,38.03111844117609],[-80.1587024664616,38.03298469651053],[-80.161931986,38.0364687338],[-80.16181701151612,38.03920797684172]]]},"properties":{"flat_pct":30}},{"type":"Feature","geometry":{"type":"Polygon","coordinates":[[[-79.9688535028,38.098751986],[-79.97003440141833,38.09967721830718],[-79.96829,38.10015],[-79.96906,38.10245],[-79.97103695093472,38.10202516586296],[-79.9708335177,38.1030737362],[-79.9687529644,38.1055778375],[-79.966194897,38.1057707416],[-79.96484400982864,38.10473200165306],[-79.96631,38.10347],[-79.96425699913863,38.101849750235914],[-79.9644064026,38.1007339907],[-79.9663628296,38.0987901675],[-79.9688535028,38.098751986]]]},"properties":{"flat_pct":30}},{"type":"Feature","geometry":{"type":"Polygon","coordinates":[[[-80.05885272002813,38.11238188030806],[-80.054884893,38.1160288237],[-80.0562488799,38.1178662303],[-80.0559157422,38.1201380351],[-80.0487288889,38.1268282933],[-80.0453713912,38.126977238],[-80.0440283439,38.1237099301],[-80.0382742249,38.1265869895],[-80.036313699,38.1293003585],[-80.0295578953,38.1331548308],[-80.0290687746,38.1341390736],[-80.0306841009,38.1368419583],[-80.0297625471,38.1421533733],[-80.0264923005,38.1457940082],[-80.0205915698,38.1496124764],[-80.0180969622,38.1534900349],[-80.01829142625289,38.1555385671387],[-80.01606,38.15721],[-80.0159,38.15991],[-80.01379501369132,38.16239898324769],[-80.0127655965,38.1606648811],[-80.012312716,38.1560469862],[-80.0080250443,38.1561508877],[-80.0034370545,38.159440199],[-79.9995411966,38.158018202],[-79.9989822691,38.1557911685],[-80.000161798,38.1538211966],[-80.0062586454,38.1503215177],[-80.0122610523,38.1500464767],[-80.013970724,38.149098209],[-80.0161797683,38.1454780401],[-80.024347751,38.1392720176],[-80.0224871663,38.1341701196],[-80.0264425108,38.1277339999],[-80.0322308264,38.1248354335],[-80.0346074818,38.1217302204],[-80.0474625364,38.114939602],[-80.0591933689,38.1030804429],[-80.0616153713,38.0985164563],[-80.0586838386,38.0958038067],[-80.0534987951,38.0940300916],[-80.0500899203,38.0913524768],[-80.0505060475,38.0872901489],[-80.05292544067213,38.08550173025122],[-80.05134,38.08695],[-80.05539,38.08967],[-80.05693075211094,38.08866289084568],[-80.0584641228,38.089538614],[-80.0618221516,38.0892538092],[-80.0640860271,38.093030972],[-80.0686350989,38.0934925068],[-80.0707457156,38.0968090584],[-80.0692147176,38.1006073888],[-80.05737,38.11167],[-80.05885272002813,38.11238188030806]]]},"properties":{"flat_pct":11}},{"type":"Feature","geometry":{"type":"Polygon","coordinates":[[[-79.9539728975,38.1284889717],[-79.9542625228,38.1262264022],[-79.9562098719,38.1245111925],[-79.9585052898,38.1245671783],[-79.9600888075,38.1262298719],[-79.959900495,38.1287882814],[-79.9578967062,38.1305288427],[-79.9553581527,38.1303012001],[-79.9539728975,38.1284889717]]]},"properties":{"flat_pct":48}},{"type":"Feature","geometry":{"type":"Polygon","coordinates":[[[-80.0818,38.2166],[-80.07904,38.21631],[-80.07904,38.21495],[-80.08232,38.21455],[-80.0818,38.2166]]]},"properties":{"flat_pct":60}},{"type":"Feature","geometry":{"type":"Polygon","coordinates":[[[-80.119206219,38.3351437349],[-80.1117918274,38.3310510122],[-80.10809102943963,38.33074624057839],[-80.11015,38.32817],[-80.10409,38.32738],[-80.10198,38.32505],[-80.10532574757792,38.32328092260656],[-80.1059312943,38.3245480684],[-80.1133704713,38.3252260499],[-80.1193591159,38.3287447381],[-80.1212922973,38.3282733115],[-80.1231462285,38.3291538715],[-80.1257151879,38.3272599412],[-80.1277421167,38.3269610452],[-80.1296320394,38.3281595639],[-80.1370371487,38.3293801572],[-80.1387226363,38.3316857313],[-80.1380028359,38.3345612263],[-80.135142609,38.3358548462],[-80.1272459023,38.3338260032],[-80.123657467,38.3353909589],[-80.119206219,38.3351437349]]]},"properties":{"flat_pct":14}},{"type":"Feature","geometry":{"type":"Polygon","coordinates":[[[-80.0948623108,38.3771033773],[-80.10066063592062,38.37891836419026],[-80.0995,38.3817],[-80.10293930949575,38.37955647122104],[-80.1065456951,38.3795100706],[-80.1080982621,38.3812017011],[-80.1079999294,38.3834956951],[-80.1063082989,38.3850482621],[-80.1019351963,38.3857664843],[-80.0948671547,38.3832214377],[-80.0877025272,38.3863659285],[-80.0830008527,38.3858144216],[-80.0767518102,38.3838515586],[-80.0760858076,38.3809301555],[-80.072896485,38.3754883935],[-80.0652304312,38.377272274],[-80.0646653757,38.3792448496],[-80.0627078962,38.3806472951],[-80.0608212034,38.3839880479],[-80.0617198866,38.386156086],[-80.06071736641576,38.388363583466344],[-80.05471119235305,38.38236803980021],[-80.05751340277595,38.377316607568424],[-80.06696,38.37057],[-80.07103,38.37559],[-80.0777881027249,38.37052317739629],[-80.0799511437,38.3761120707],[-80.0830449729,38.3796694537],[-80.0856206158,38.3758688102],[-80.0835760878,38.3735162261],[-80.0836649582,38.3681138542],[-80.0861794646087,38.366397226350536],[-80.0893266729,38.3668978789],[-80.09044691629747,38.365629440061255],[-80.09481,38.36907],[-80.08998,38.37462],[-80.09182,38.37552],[-80.09310426877892,38.3744317511926],[-80.0917745491,38.3779395429],[-80.0948623108,38.3771033773]]]},"properties":{"flat_pct":20}},{"type":"Feature","geometry":{"type":"Polygon","coordinates":[[[-80.00206854754117,38.58423533980776],[-80.0027955102,38.5858374574],[-80.00276849472894,38.58676301704237],[-80.00128,38.58611],[-80.00206854754117,38.58423533980776]]]},"properties":{}},{"type":"Feature","geometry":{"type":"Polygon","coordinates":[[[-79.9880415931,38.5921635637],[-79.9866347946,38.5878395432],[-79.9873753846,38.5855869231],[-79.9889867041,38.5842427403],[-79.99143512890846,38.58409126998216],[-79.98847,38.58648],[-79.99069,38.58738],[-79.98979383713062,38.59351043899184],[-79.9880415931,38.5921635637]]]},"properties":{"flat_pct":19}},{"type":"Feature","geometry":{"type":"Polygon","coordinates":[[[-79.9214601771,38.6292838292],[-79.9238356064,38.6268864181],[-79.9229801741,38.6250268622],[-79.9235022256,38.6230741016],[-79.9251445951,38.6218957832],[-79.9275073093,38.6220423158],[-79.9276404893,38.6196972648],[-79.9294800323,38.6180616532],[-79.9294066289,38.6155721899],[-79.9310591907,38.6139541412],[-79.9261609409,38.6070990301],[-79.925961345,38.6048000047],[-79.9274620633,38.6026592745],[-79.9251632571,38.6014458879],[-79.9241751061,38.5991731043],[-79.920439548,38.6019664597],[-79.9167790684,38.6026543789],[-79.9100086776,38.6009979592],[-79.9043768272,38.5982773278],[-79.9028677044,38.5965971762],[-79.9028800725,38.5945370117],[-79.9011491368,38.5947342579],[-79.902018408,38.5977256379],[-79.8996144345,38.6023339704],[-79.8965264113,38.6040077406],[-79.8903438459,38.6027089142],[-79.8885749324,38.6045174397],[-79.889093331,38.606409924],[-79.888302457,38.6082469544],[-79.8856810608,38.6106977337],[-79.88158644,38.6110335718],[-79.880603658,38.6133737764],[-79.8781079729,38.6141092571],[-79.87841065877465,38.61661067078065],[-79.87524,38.61462],[-79.87762,38.61234],[-79.87859,38.61126],[-79.87814,38.61102],[-79.87632,38.61209],[-79.87491,38.61178],[-79.87602,38.60838],[-79.87984,38.60616],[-79.88086,38.60361],[-79.88618,38.60254],[-79.88876,38.59893],[-79.89622,38.60102],[-79.89725,38.59746],[-79.8946,38.59468],[-79.89458,38.59351],[-79.89727,38.59168],[-79.90511,38.58959],[-79.9093,38.58476],[-79.91158,38.58342],[-79.91123,38.5794],[-79.90006,38.57285],[-79.89779,38.56825],[-79.90809,38.56141],[-79.91304,38.55981],[-79.91822,38.55662],[-79.92917,38.55485],[-79.93076,38.55259],[-79.93151,38.54623],[-79.93432,38.5442],[-79.93857,38.5351],[-79.93672,38.52439],[-79.93484355762577,38.52321672971548],[-79.9362294852,38.5216030269],[-79.9382270751,38.5212940832],[-79.9404244904,38.523074842],[-79.9407464403,38.5274716169],[-79.9436728314,38.5342532301],[-79.9435704964,38.5363245892],[-79.9417963155,38.5386208125],[-79.9434653543,38.5401282717],[-79.9437936705,38.5421051958],[-79.9425743956,38.54402783],[-79.9390027042,38.5448456093],[-79.9345480143,38.5486083023],[-79.9336702985,38.5554498677],[-79.9309389349,38.5591502066],[-79.9344555919,38.5603527037],[-79.9345816477,38.5566231615],[-79.9365734609,38.5547500541],[-79.9361997855,38.5503415415],[-79.9379729248,38.5474177449],[-79.9415277775,38.5477890911],[-79.9427997829,38.552190868],[-79.9578007944,38.5436308507],[-79.9610415244,38.5397858164],[-79.9592801697,38.5368319131],[-79.960837745,38.5341694296],[-79.9639200816,38.5342880023],[-79.96811669470344,38.53931838619449],[-79.9613664882,38.5485473666],[-79.9457027357,38.5575726512],[-79.9408039289,38.5592831612],[-79.9428868661,38.5618831047],[-79.9417648721,38.5647634457],[-79.9360910827,38.5665211753],[-79.9329246974,38.5661899651],[-79.9372706803,38.5683251688],[-79.9383668273,38.5703484883],[-79.9381745195,38.5723056526],[-79.9430552443,38.5785646688],[-79.9420059945,38.5831339454],[-79.9356780371,38.5902621551],[-79.9330173525,38.5913592469],[-79.9306729117,38.595397847],[-79.9309498069,38.5976240149],[-79.9348687844,38.6022442506],[-79.934955725,38.6048396573],[-79.9332045158,38.6068661174],[-79.935776417,38.6096559238],[-79.9386036816,38.6176465069],[-79.9374649572,38.621499349],[-79.9360236008,38.6231679812],[-79.9340893323,38.6236540902],[-79.93245671112145,38.62915730822916],[-79.93079,38.62971],[-79.9305255824489,38.63096385096814],[-79.92736998512233,38.63211111747851],[-79.92637,38.63113],[-79.9214601771,38.6292838292]],[[-79.9123221015,38.5913978567],[-79.9129800027,38.5953772469],[-79.9176581394,38.5965116637],[-79.9205069586,38.5937036821],[-79.924219974,38.5927511194],[-79.9267256071,38.5908599467],[-79.9284988323,38.5873561578],[-79.9258735816,38.5859135432],[-79.9259090098,38.5820740803],[-79.9247646481,38.580603522],[-79.9222083712,38.5795187776],[-79.9211083198,38.5778817428],[-79.920887379,38.5746575531],[-79.9221523512,38.5705932768],[-79.9238052329,38.5693643482],[-79.9275854491,38.5689680125],[-79.9267813842,38.5657789685],[-79.9227416072,38.5621402769],[-79.9224505533,38.5596800396],[-79.9180502199,38.5609669012],[-79.9149136553,38.5635366212],[-79.9100371357,38.5645613798],[-79.9025182631,38.5691953809],[-79.9027976134,38.570684434],[-79.9138066742,38.5773709294],[-79.9150814521,38.5812969183],[-79.9147644384,38.5843531367],[-79.9087637301,38.5910485471],[-79.9123221015,38.5913978567]],[[-79.928977593,38.5762475822],[-79.9316500241,38.5800719763],[-79.9320608307,38.5833873304],[-79.9311458529,38.5856529116],[-79.9368196576,38.5798456841],[-79.9320491956,38.5743449893],[-79.9270221459,38.5750417819],[-79.928977593,38.5762475822]]]},"properties":{"flat_pct":23}},{"type":"Feature","geometry":{"type":"Polygon","coordinates":[[[-79.9345,38.10986],[-79.93551,38.11099],[-79.93807,38.11065],[-79.93911,38.11168],[-79.93988,38.11357],[-79.93966,38.11436],[-79.9416,38.11726],[-79.94145754155389,38.11749871415294],[-79.9395879,38.114344],[-79.9389482,38.111615],[-79.9380459,38.1107596],[-79.9356677,38.1111542],[-79.9347253,38.1105446],[-79.9345,38.10986]]]},"properties":{}},{"type":"Feature","geometry":{"type":"Polygon","coordinates":[[[-79.871107936,38.4675452391],[-79.87167,38.46913],[-79.86282,38.47083],[-79.86041,38.4721],[-79.85945944677239,38.47131410953622],[-79.8622,38.46926],[-79.86130240857221,38.46862872690793],[-79.861846723,38.4681373425],[-79.8655858181,38.4667325769],[-79.8691057986,38.4664211735],[-79.871107936,38.4675452391]]]},"properties":{"flat_pct":50}},{"type":"Feature","geometry":{"type":"Polygon","coordinates":[[[-79.8359449294,38.5233975119],[-79.8381327324,38.5227006646],[-79.8401724881,38.5237549294],[-79.84027,38.52608],[-79.84204,38.52822],[-79.84181,38.52974],[-79.83541154535423,38.527394920450405],[-79.8348906646,38.5254372676],[-79.8359449294,38.5233975119]]]},"properties":{"flat_pct":14}},{"type":"Feature","geometry":{"type":"Polygon","coordinates":[[[-79.8856481844,38.589482442],[-79.8840697954,38.5871863254],[-79.8797341163,38.5876933784],[-79.8749816251,38.5841194165],[-79.8744565315,38.5796485283],[-79.872020443,38.5765262939],[-79.872008482,38.5685778279],[-79.8743590777,38.56658044],[-79.8772286797,38.5677119183],[-79.8780276317,38.574655048],[-79.8804311002,38.5773246045],[-79.8803401541,38.5808251156],[-79.8813220141,38.5815615106],[-79.8867555196,38.5816551093],[-79.8902572077,38.5851088573],[-79.8938802901,38.5815018657],[-79.8934580669,38.5780974127],[-79.8965014109,38.5765290745],[-79.8918283828,38.569601693],[-79.8934264765,38.5642030575],[-79.8924950254,38.557963274],[-79.8935765948,38.5552421622],[-79.8954650745,38.5540493508],[-79.8935501719,38.5463512367],[-79.8953236423,38.5432781794],[-79.8977852146,38.5414042998],[-79.8963826869,38.5348969414],[-79.8972094827,38.532699045],[-79.9027026324,38.5301321792],[-79.9075451678,38.5302849182],[-79.904036358,38.5274255023],[-79.9033272755,38.5252711933],[-79.9058548552,38.5218817181],[-79.9066288641,38.5181102796],[-79.9089855533,38.516562896],[-79.9051941797,38.5117756855],[-79.9077778382,38.5040843046],[-79.9055099449,38.4991776236],[-79.9003527419,38.5012504968],[-79.8958372158,38.5012699135],[-79.8923976901,38.4988810085],[-79.8950511738,38.4869954849],[-79.8947078482,38.4820459898],[-79.89518132634014,38.48128841904659],[-79.89794,38.48216],[-79.8983,38.47873],[-79.90043,38.47601],[-79.9031,38.47535],[-79.90192,38.47391],[-79.8928,38.47097],[-79.89057580879859,38.46944192970896],[-79.891472792,38.4674183814],[-79.8876592244,38.4625750768],[-79.88963612140655,38.45943420199979],[-79.8952358124,38.4624005797],[-79.89822156502306,38.462320750120305],[-79.9000335914,38.4637750215],[-79.90291922524545,38.462696445221404],[-79.91051,38.46604],[-79.9119225449287,38.46420024636116],[-79.9154632491,38.4724934166],[-79.9152575941,38.4749177663],[-79.9137736212,38.4766709394],[-79.9098059831,38.4771053056],[-79.9058973325,38.4792444825],[-79.905374611,38.4826471276],[-79.9006639148,38.4841974316],[-79.9011326718,38.4876519763],[-79.900061291,38.4906188709],[-79.9002096815,38.4947405243],[-79.9037386256,38.4930290142],[-79.9067238791,38.4930862646],[-79.909656748,38.4947243887],[-79.9128330103,38.4993079705],[-79.9139211154,38.504710713],[-79.9121554681,38.5111010963],[-79.9155917375,38.514979354],[-79.9161671577,38.5168805599],[-79.9154285932,38.518724527],[-79.9118921978,38.521824515],[-79.9109635104,38.5253376207],[-79.9149421522,38.5271936869],[-79.9175969278,38.5339965355],[-79.9146030497,38.5371024475],[-79.9042899806,38.5361065375],[-79.9032485652,38.5366900843],[-79.9051576248,38.542339549],[-79.904191501,38.5441347245],[-79.8997133681,38.5475098941],[-79.9016939591,38.5540701804],[-79.900692995,38.5570321938],[-79.9021681874,38.5591541038],[-79.9066845842,38.5594657487],[-79.9123540309,38.557992702],[-79.9149148935,38.5557945285],[-79.9192885269,38.5540856433],[-79.9249611075,38.5532823568],[-79.9269642097,38.5539482748],[-79.9281876818,38.552795843],[-79.9293273712,38.545328729],[-79.9354608961,38.5396893253],[-79.9355437791,38.5371071499],[-79.9368991467,38.5351176608],[-79.9349512775,38.5291223004],[-79.93462313623368,38.52392874591504],[-79.93663,38.52743],[-79.93601,38.53047],[-79.9375,38.53205],[-79.93792,38.53564],[-79.93579,38.53805],[-79.93581,38.53982],[-79.93385,38.54406],[-79.93052,38.54618],[-79.93048,38.55003],[-79.92834,38.55484],[-79.92516,38.55385],[-79.91492,38.5569],[-79.91157,38.55981],[-79.90236,38.56304],[-79.90131,38.56488],[-79.89684,38.56741],[-79.89776,38.57126],[-79.8999,38.5735],[-79.91032,38.57972],[-79.91042,38.58339],[-79.904,38.58936],[-79.89727,38.59114],[-79.89434,38.59289],[-79.89381,38.59447],[-79.89636,38.5973],[-79.89559,38.59839],[-79.88996,38.59675],[-79.88664,38.59742],[-79.88304,38.59431],[-79.88176444725946,38.59298066388967],[-79.8851722354,38.5925660566],[-79.8856481844,38.589482442]],[[-79.89533132,38.5979035557],[-79.8945495467,38.5960233497],[-79.8934507805,38.5973677595],[-79.89533132,38.5979035557]],[[-79.9028734893,38.4739482961],[-79.9078221373,38.4711206222],[-79.9075040193,38.4692427406],[-79.9050257189,38.4726963341],[-79.9028734893,38.4739482961]],[[-79.9027231736,38.5810854215],[-79.9029187369,38.5811590576],[-79.9026996401,38.5810018146],[-79.9027231736,38.5810854215]]]},"properties":{"flat_pct":17}},{"type":"Feature","geometry":{"type":"Polygon","coordinates":[[[-79.77737,38.54235],[-79.77621,38.54045],[-79.77835,38.54074],[-79.77881,38.54198],[-79.77737,38.54235]]]},"properties":{}},{"type":"Feature","geometry":{"type":"Polygon","coordinates":[[[-79.8286089539,38.5983431979],[-79.8271893871,38.5969042253],[-79.8270049218,38.5948913208],[-79.8317429359,38.5868603636],[-79.8370201408,38.5852196041],[-79.8392049232,38.5859258647],[-79.83984015913079,38.586686079234354],[-79.83702,38.58854],[-79.836944314329,38.59131514126957],[-79.8321191254,38.5976697205],[-79.8286089539,38.5983431979]]]},"properties":{"flat_pct":18}},{"type":"Feature","geometry":{"type":"Polygon","coordinates":[[[-79.8535488712,38.5979931386],[-79.85416426723772,38.600902087401714],[-79.84923,38.5984],[-79.8508935206,38.5970190498],[-79.8535488712,38.5979931386]]]},"properties":{"flat_pct":50}},{"type":"Feature","geometry":{"type":"Polygon","coordinates":[[[-79.86825995805039,38.61297867485976],[-79.8701736623,38.612885285],[-79.87092812820009,38.6132211999739],[-79.87026,38.61397],[-79.86825995805039,38.61297867485976]]]},"properties":{}},{"type":"Feature","geometry":{"type":"Polygon","coordinates":[[[-79.8750332387,38.62031728],[-79.8690308765,38.6218014554],[-79.8702279916,38.624487939],[-79.87545542583183,38.62957648470679],[-79.87357,38.6293],[-79.86898,38.62459],[-79.86779,38.62119],[-79.86996,38.61706],[-79.8748,38.61195],[-79.87637,38.61227],[-79.87822,38.61124],[-79.87501,38.61464],[-79.87818,38.61647],[-79.877717469,38.6181143279],[-79.8750332387,38.62031728]]]},"properties":{"flat_pct":13}},{"type":"Feature","geometry":{"type":"Polygon","coordinates":[[[-79.8855044186,38.6297263677],[-79.8844243998,38.6313859088],[-79.8853860772,38.6354062412],[-79.8838282502,38.6381630683],[-79.8800805683,38.6391818806],[-79.8759185356,38.6377939172],[-79.8679929629,38.6389674735],[-79.8647259834,38.6418943498],[-79.8687301696,38.6468314312],[-79.8685044859,38.6496507933],[-79.8626425318,38.6521471814],[-79.85964951700309,38.651292274928785],[-79.85946,38.65055],[-79.86459,38.65011],[-79.86533,38.64908],[-79.86493,38.64664],[-79.8614,38.64197],[-79.86172,38.63998],[-79.86788,38.63551],[-79.87671,38.6342],[-79.87941,38.63584],[-79.88101,38.63579],[-79.88226,38.63483],[-79.88196,38.63345],[-79.87750397308136,38.630299553823406],[-79.88034,38.63026],[-79.88549986009714,38.62645135506499],[-79.8855044186,38.6297263677]]]},"properties":{"flat_pct":14}},{"type":"Feature","geometry":{"type":"Polygon","coordinates":[[[-79.83540600824398,38.68441776287516],[-79.83329491408435,38.68723352626744],[-79.8308235393,38.6869162016],[-79.8250630995,38.6816998311],[-79.8242918007,38.6786449138],[-79.8263468427,38.6763360395],[-79.8328037719,38.6759945038],[-79.832265309,38.6726432533],[-79.828576325,38.6717497913],[-79.8268668436,38.6697317029],[-79.8274609552,38.6662072303],[-79.8298929115,38.6653908301],[-79.8353271362,38.6671465259],[-79.8386257538,38.6656017806],[-79.8392212437,38.6636283429],[-79.8415216291,38.6617140824],[-79.8414239331,38.6602130433],[-79.8344147095,38.6559596408],[-79.832699832,38.6508073162],[-79.8364829092,38.6448517558],[-79.8354228356,38.6417972167],[-79.8356158656,38.6366955893],[-79.8395522493,38.6324324512],[-79.8398121141,38.6288471496],[-79.842044838,38.6267162662],[-79.8421833796,38.623376658],[-79.8386836266,38.6189416785],[-79.8382527929,38.611680483],[-79.8414591867,38.6073323912],[-79.8422794757,38.6041765013],[-79.84865364279402,38.59821424872772],[-79.84972,38.5995],[-79.85404200906154,38.601222584906544],[-79.8487127281,38.6063984034],[-79.8496836608,38.6084150772],[-79.8489319905,38.6106033586],[-79.8446121588,38.6126310773],[-79.8464061709,38.6139596528],[-79.8486021338,38.6187348541],[-79.8482316431,38.6278027273],[-79.846003636,38.6312767802],[-79.8495867718,38.6343705883],[-79.8497920068,38.6376794415],[-79.8523448062,38.6379790173],[-79.856631996,38.6419210187],[-79.8579028641,38.6425699205],[-79.8568633663,38.6404420782],[-79.8576405955,38.6382815244],[-79.863674876,38.6326886285],[-79.8684375922,38.6312766073],[-79.8651698877,38.6278337102],[-79.8626307564,38.621607364],[-79.86768964778551,38.613274004916576],[-79.86925,38.61653],[-79.8664,38.62131],[-79.86775,38.62548],[-79.87283,38.63013],[-79.87995,38.63261],[-79.88094,38.63456],[-79.87713,38.63342],[-79.87328,38.63372],[-79.86572,38.63578],[-79.86135,38.63952],[-79.86039,38.64146],[-79.86419,38.6471],[-79.86451,38.64907],[-79.86098,38.64926],[-79.85883574138406,38.65071339179767],[-79.8509223691,38.6447931206],[-79.8490800504,38.6469830715],[-79.8462998286,38.6466987659],[-79.8427994043,38.6409049355],[-79.8431598729,38.6375930476],[-79.8414450442,38.6388269618],[-79.8424474151,38.6458092354],[-79.8390563149,38.6516674701],[-79.8465750546,38.6567293741],[-79.8474151116,38.6630785112],[-79.8438,38.66513],[-79.8441,38.66884],[-79.839,38.67014],[-79.83806,38.67605],[-79.84111,38.6785],[-79.84086,38.67942],[-79.8348,38.6792],[-79.83189,38.68045],[-79.8294,38.67964],[-79.83178,38.68073],[-79.83416,38.68431],[-79.83540600824398,38.68441776287516]]]},"properties":{"flat_pct":23}},{"type":"Feature","geometry":{"type":"Polygon","coordinates":[[[-79.84729039679328,38.66368230517152],[-79.84492080018988,38.667330260162515],[-79.84444,38.66555],[-79.84729039679328,38.66368230517152]]]},"properties":{}},{"type":"Feature","geometry":{"type":"Polygon","coordinates":[[[-79.83886523473144,38.68009265017683],[-79.8341953614,38.6818548888],[-79.83536880267978,38.68389335470548],[-79.83252,38.68073],[-79.8351,38.6797],[-79.83886523473144,38.68009265017683]]]},"properties":{"flat_pct":57}},{"type":"Feature","geometry":{"type":"Polygon","coordinates":[[[-79.9199913961,38.6464842046],[-79.9168746682,38.6504481181],[-79.9178989812,38.652868177],[-79.9167750237,38.6570898708],[-79.9106548671,38.6606924878],[-79.9108901849,38.6633419024],[-79.9094185752,38.6686573841],[-79.9016129181,38.6749829071],[-79.8956521509,38.6783816285],[-79.8985049423,38.6806943319],[-79.8999748941,38.683354489],[-79.8993556931,38.6878389195],[-79.8891287636,38.6931911884],[-79.8867495488,38.6963887319],[-79.88531267671284,38.7004331636688],[-79.88264,38.6996],[-79.87824,38.70359],[-79.8657725511,38.7097767437],[-79.86772608892686,38.710604417780935],[-79.86765,38.71505],[-79.86377,38.71724],[-79.85791,38.72572],[-79.86045547503086,38.726454515183036],[-79.8586497566,38.728276189],[-79.8595947534,38.7308220717],[-79.8579535483,38.7369065905],[-79.8535783981,38.7408762864],[-79.8505534741,38.7459742473],[-79.8449894819,38.7466123059],[-79.8424593114,38.7481569692],[-79.8397339141,38.7472595854],[-79.8399119986,38.7494107235],[-79.84173662547727,38.75186478713436],[-79.8385,38.75364],[-79.83768,38.75628],[-79.8396,38.75702],[-79.84088,38.75539],[-79.84280088028447,38.756734117348145],[-79.8429086778,38.760295663],[-79.84588383,38.7602658736],[-79.84848716775555,38.75870479738513],[-79.85642,38.76273],[-79.85586906160162,38.76540073947404],[-79.8517905292,38.76372],[-79.846324833,38.7669237438],[-79.8431807901,38.7664808272],[-79.8400895958,38.7674137325],[-79.8356819159,38.7718932563],[-79.8328527585,38.7714895161],[-79.831830368,38.7680283499],[-79.8370963191,38.758733891],[-79.8360737157,38.7540551302],[-79.8337438093,38.7513608196],[-79.8337510248,38.7429847321],[-79.8366657151,38.7407035475],[-79.8416552807,38.7414791295],[-79.8473745554,38.7404926544],[-79.8479627027,38.7370369834],[-79.8528183438,38.7336862879],[-79.8530190813,38.7308718633],[-79.8515698614,38.726645364],[-79.8540421514,38.7234425968],[-79.8527378358,38.7220039816],[-79.8524705843,38.7196114135],[-79.85529177565384,38.71637335540337],[-79.8512506214,38.7165297187],[-79.8466385156,38.713587315],[-79.8391891365,38.7122371676],[-79.8359767825,38.7084116157],[-79.83767,38.70786],[-79.83872,38.70442],[-79.8382543672631,38.70334091460974],[-79.8408139606,38.7040209118],[-79.84239922,38.7071188907],[-79.8488030568,38.7076951122],[-79.8526626712,38.7105492778],[-79.85517936505494,38.71036560100329],[-79.8547420679,38.7079324833],[-79.8561311008,38.7056843026],[-79.8582313916,38.7045144722],[-79.8635547248,38.704131748],[-79.8604050949,38.7028745269],[-79.8539952701,38.6974871985],[-79.8470677545,38.6946129797],[-79.8460622861,38.6922529047],[-79.8472487863,38.6899784513],[-79.8491770953,38.6893722861],[-79.8528247973,38.6902586107],[-79.8657491132,38.6985454115],[-79.8735241199,38.6983435299],[-79.8768366542,38.7004488623],[-79.87966817709923,38.697544194597114],[-79.8803913233,38.6917030449],[-79.8765725375,38.6916098347],[-79.8732102261,38.6892687131],[-79.8662523062,38.6906161929],[-79.8624508565,38.689150535],[-79.8561385202,38.6825900268],[-79.852647361,38.681248383],[-79.8494248237,38.681579718],[-79.8467582457,38.68034],[-79.8411021011431,38.68005662832787],[-79.84176,38.67809],[-79.83883,38.67618],[-79.8396,38.6704],[-79.84451,38.6697],[-79.84510342491967,38.66800646524308],[-79.8459814387,38.6709826622],[-79.8435131817,38.67434],[-79.8534916452,38.67521056],[-79.8589161618,38.6772296651],[-79.8660400201,38.6842458902],[-79.8742374001,38.6832951791],[-79.8788234215,38.6857608115],[-79.8842817257,38.686570039],[-79.88577311469702,38.688037579593704],[-79.8937131198,38.6844068198],[-79.8910503385,38.6831836968],[-79.88963449265792,38.68100505521059],[-79.8860788913,38.6805474037],[-79.8832986798,38.6781541122],[-79.8820574379,38.6728392261],[-79.8795351912,38.6684644819],[-79.8755417285,38.6662512926],[-79.8689494701,38.6679833613],[-79.8644503186,38.6674272669],[-79.8608068896,38.6656342721],[-79.85982365846012,38.663474654595575],[-79.86336,38.66266],[-79.86362178904994,38.660522056092084],[-79.8685465103,38.6619363189],[-79.8750770381,38.6601775167],[-79.8780847302,38.6607468717],[-79.8838462116,38.6639593221],[-79.88897493686422,38.67468261638786],[-79.8978127169,38.6702552764],[-79.9043831187,38.6648502784],[-79.9047981594,38.6583961376],[-79.9074615015,38.6554550693],[-79.9116166484,38.6536964882],[-79.9104268264,38.6514945785],[-79.910237329,38.6482689548],[-79.9140713699,38.6440914061],[-79.9150655597,38.6400764152],[-79.9209377512,38.6347502146],[-79.9207322006,38.631491632],[-79.9217,38.62999],[-79.92609,38.63145],[-79.92724880530393,38.634532622483185],[-79.9259321729,38.638135444],[-79.92004508,38.6435298546],[-79.9199913961,38.6464842046]]]},"properties":{"flat_pct":22}},{"type":"Feature","geometry":{"type":"Polygon","coordinates":[[[-79.8358467825,38.7064816157],[-79.8361051768,38.7050468162],[-79.83720227576765,38.703769249145765],[-79.83711,38.70661],[-79.8358467825,38.7064816157]]]},"properties":{}},{"type":"Feature","geometry":{"type":"Polygon","coordinates":[[[-79.78126509495438,39.1638088203474],[-79.7727763414,39.1567841663],[-79.7729570035,39.1547709169],[-79.7746448569,39.1532142445],[-79.7766661199,39.1531967038],[-79.7866553115,39.1603297474],[-79.7874357111791,39.16369862791747],[-79.78569205332256,39.16538672213146],[-79.78563,39.1637],[-79.78126509495438,39.1638088203474]]]},"properties":{"flat_pct":10}},{"type":"Feature","geometry":{"type":"Polygon","coordinates":[[[-79.7693211878,38.4628805765],[-79.77119269036041,38.46284388037136],[-79.77015,38.46368],[-79.76979,38.46591],[-79.76392,38.46876],[-79.76065585060832,38.46846636313004],[-79.7620453545,38.4661989164],[-79.7693211878,38.4628805765]]]},"properties":{"flat_pct":24}},{"type":"Feature","geometry":{"type":"Polygon","coordinates":[[[-79.7275344183,38.5183347315],[-79.7300672874,38.5199471896],[-79.7306832517,38.5221065588],[-79.7293178368,38.5243485746],[-79.7271278488,38.5250385242],[-79.7250914254,38.5239778368],[-79.7241513787,38.5212190601],[-79.7250939587,38.5191253503],[-79.7275344183,38.5183347315]]]},"properties":{"flat_pct":19}},{"type":"Feature","geometry":{"type":"Polygon","coordinates":[[[-79.7090731867,38.6225082091],[-79.7130167915,38.6215474908],[-79.7162637251,38.6194298745],[-79.722890049,38.617847678],[-79.7212658475,38.6147425413],[-79.7214707687,38.6127415645],[-79.7267240457,38.6091557693],[-79.7244429006,38.6048981097],[-79.7265777221,38.602160417],[-79.7273411378,38.599188842],[-79.7267768623,38.5960712196],[-79.7166936256,38.5864749355],[-79.7155414171,38.5812761715],[-79.7126814784,38.5759933718],[-79.7137520461,38.5731004938],[-79.7165318931,38.5725787784],[-79.7191441692,38.5747417773],[-79.7221043999,38.5835186313],[-79.73000157259621,38.59046563335306],[-79.7314982493,38.5877729353],[-79.7349111442,38.5876422166],[-79.7347953867,38.5842670179],[-79.7369806116,38.5820987982],[-79.737177096,38.5762127539],[-79.7391736829,38.5743189284],[-79.7458650977,38.5754137093],[-79.748303927,38.5791613099],[-79.7509876163,38.5795500031],[-79.7525369913,38.5814412684],[-79.7562457454,38.5806435424],[-79.758321873,38.581624242],[-79.759010448,38.5843675248],[-79.7571120435,38.5864641402],[-79.7506855776,38.5878583795],[-79.7477905015,38.5851853716],[-79.7457942812,38.5849134297],[-79.7447431174,38.5870856717],[-79.7421805079,38.5878123304],[-79.744757912,38.592899039],[-79.743499071,38.5950815941],[-79.7403844663,38.5956825074],[-79.7399244027,38.5984215859],[-79.7412296585,38.6005953229],[-79.7411143618,38.6026589032],[-79.7387671198,38.6059236935],[-79.7365248856,38.6067902761],[-79.7355659069,38.6088334253],[-79.73337423583457,38.60965066329736],[-79.7328487481,38.611484489],[-79.7291859908,38.61513654],[-79.7300586179,38.6171689469],[-79.7295083658,38.6202829819],[-79.7260697711,38.6237631839],[-79.7184786148,38.6250560989],[-79.7154178013,38.6271281847],[-79.7124652225,38.6277145788],[-79.7101323382,38.6319121176],[-79.70834883425978,38.63873467287573],[-79.70302956529996,38.63540054038293],[-79.7047226965,38.6291067774],[-79.7090731867,38.6225082091]],[[-79.733190513,38.6013929075],[-79.7330090751071,38.601239791606],[-79.7329561181,38.6014459254],[-79.733190513,38.6013929075]],[[-79.7335042661,38.5955098783],[-79.73258137491884,38.594452541221585],[-79.7328625433,38.5960059964],[-79.7335042661,38.5955098783]]]},"properties":{"flat_pct":11}},{"type":"Feature","geometry":{"type":"Polygon","coordinates":[[[-79.7366230345,38.619785234],[-79.7362480937,38.6175199531],[-79.7386407533,38.6122335535],[-79.7405901163,38.6110202679],[-79.7428264465,38.6115407533],[-79.7440544927,38.6143703754],[-79.7416092467,38.6199464465],[-79.7390730557,38.6211984332],[-79.7366230345,38.619785234]]]},"properties":{"flat_pct":11}},{"type":"Feature","geometry":{"type":"Polygon","coordinates":[[[-79.8299331122,38.5694160043],[-79.8273546925,38.5710099827],[-79.8290966606,38.5730543253],[-79.8294553482,38.5759394603],[-79.8283976775,38.577659728],[-79.8261022786,38.5787209268],[-79.8245697416,38.5816658549],[-79.8260994739,38.5850766706],[-79.8240559973,38.5876481494],[-79.8242379838,38.5918982404],[-79.8218089599,38.5938379682],[-79.8237873494,38.5962919471],[-79.8236581864,38.6020622496],[-79.8207007375,38.6057232225],[-79.8184207586,38.6065295606],[-79.8176922973,38.6104262628],[-79.8151733468,38.6114819448],[-79.8162380242,38.6135122103],[-79.8156353976,38.6163301186],[-79.8119631001,38.6179672903],[-79.8134136313,38.6194308577],[-79.8138492519,38.6221809334],[-79.8115074207,38.6248818942],[-79.8110798845,38.6277282456],[-79.8089854667,38.6292236492],[-79.8092799742,38.6327072768],[-79.8067952148,38.6348306922],[-79.807728083,38.6365770606],[-79.8080915268,38.6419993069],[-79.8029773613,38.6491128016],[-79.806080699,38.6537487438],[-79.8067473161,38.6598484306],[-79.8027986724,38.6638144615],[-79.7974955684,38.6637245276],[-79.794715739,38.666242239],[-79.7932299724,38.6702709998],[-79.7905491299,38.6713056471],[-79.7904888445,38.6736042266],[-79.7888062247,38.6752101083],[-79.7908108639,38.6790651543],[-79.7903875758,38.6824111404],[-79.7914663866,38.6857270459],[-79.7949980667,38.6894074386],[-79.7953622847,38.6924420034],[-79.7898542233,38.6975712852],[-79.78795266666238,38.701288033193585],[-79.78558,38.70183],[-79.78664,38.70626],[-79.77751,38.71409],[-79.77162,38.72591],[-79.7717,38.72694],[-79.77352579016606,38.72740509893541],[-79.7721360853,38.7317625827],[-79.764528637,38.7391218489],[-79.7644100666,38.7418890377],[-79.7589016075,38.749228814],[-79.75080900782336,38.75473511113536],[-79.74907,38.75349],[-79.74023160197562,38.76276992370624],[-79.7394500675,38.7595462908],[-79.7444878968,38.75158008],[-79.7511954884,38.7472440227],[-79.752369954,38.7453778239],[-79.7550521446,38.7445385897],[-79.7551914917,38.7424229065],[-79.7566782435,38.7409427451],[-79.7551996685,38.739066862],[-79.7555200274,38.7367690718],[-79.7570982042,38.7354722084],[-79.7599031638,38.7352202036],[-79.7620681763,38.7319855645],[-79.7670038284,38.7283443373],[-79.76886167492702,38.7211583796573],[-79.7652246025,38.7239317333],[-79.7623601752,38.7245183428],[-79.757154178,38.7228675114],[-79.751068936,38.7187620489],[-79.742864946,38.7167918586],[-79.738034451,38.7173887888],[-79.73447031604493,38.71547252528399],[-79.73435991813099,38.71772199240522],[-79.7450655614,38.7215779262],[-79.7461223947,38.7236565188],[-79.7455588483,38.7256308793],[-79.7438576069,38.7267804275],[-79.7403150391,38.7270382229],[-79.7333732119,38.7238526121],[-79.7281048151,38.7254264167],[-79.7266301941,38.7276918603],[-79.7268848922,38.7298494004],[-79.7252597393,38.7331736004],[-79.7217755344,38.7347306186],[-79.7190345691,38.7383867668],[-79.7257736904,38.7351838116],[-79.740400125,38.7317704244],[-79.7431687801,38.7331303537],[-79.7431194922,38.7364634107],[-79.7310598423,38.7406887037],[-79.727791752,38.7408514733],[-79.7123125419,38.7475001594],[-79.70691747254567,38.76883919177714],[-79.70445,38.76868],[-79.70396,38.77314],[-79.70489,38.77276],[-79.70511787794008,38.77571625435781],[-79.7043436384,38.7763783625],[-79.6986066842,38.7767565921],[-79.6922605516,38.7756034281],[-79.6828479685,38.7783202209],[-79.680798238,38.7772659305],[-79.67952702421107,38.77436640341538],[-79.6785244203,38.7771507403],[-79.6732955901,38.7831890881],[-79.672398702,38.7903244376],[-79.6705113174,38.7924120142],[-79.6698391923,38.7966243704],[-79.6673228318,38.7985731928],[-79.6667929938,38.8018558253],[-79.6583471577,38.8107307795],[-79.6575688615,38.8137369486],[-79.6593701332,38.8177663361],[-79.6566058212,38.8211689853],[-79.6561406918,38.82478208],[-79.6544907347,38.8260872133],[-79.6552452402,38.8293153574],[-79.6535140972,38.8317894452],[-79.6537885159,38.8342844528],[-79.6518624284,38.8390604126],[-79.649765347,38.8405900164],[-79.6441139751,38.8407618043],[-79.6430555811,38.8425710635],[-79.640139939,38.8444162181],[-79.6414651901,38.8536123697],[-79.6389290153,38.8561384357],[-79.6361813413,38.863181113],[-79.6341030029,38.8640399118],[-79.6308578091,38.8634106192],[-79.63318,38.8567],[-79.6310907708,38.8530156444],[-79.6304931909,38.8494350214],[-79.6317895402,38.8460722109],[-79.6316472615,38.8415186397],[-79.6324461697,38.8399120591],[-79.6357364955,38.8375712061],[-79.634138879,38.8367220619],[-79.6309783519,38.8374383853],[-79.629071754,38.8355210863],[-79.6272513967,38.8358594773],[-79.6256455408,38.8383208789],[-79.6225449149,38.8390699721],[-79.6138063761,38.8374831231],[-79.6115672129,38.8362701706],[-79.6101818612,38.8318105855],[-79.6130872429,38.8274702492],[-79.6133998519,38.8263815826],[-79.61116015801282,38.82545855456485],[-79.61388010241492,38.82038130361092],[-79.6171832111,38.8211455907],[-79.6216977762,38.8249668473],[-79.6215566319,38.8272546013],[-79.6192932804,38.8289646683],[-79.6180531883,38.8321689925],[-79.6209857217,38.8327025059],[-79.6229854655,38.8299807342],[-79.6299558013,38.8287685098],[-79.6395079963,38.8327809348],[-79.6414276706,38.8349178361],[-79.646715226,38.8348388741],[-79.647627576,38.8329801525],[-79.6472609616,38.8300368589],[-79.6487929555,38.8279699525],[-79.6479270275,38.8238758275],[-79.6506078461,38.8213696448],[-79.6507182924,38.8190420742],[-79.6520586052,38.8172188568],[-79.6511356746,38.8148655667],[-79.6530441818,38.8075334446],[-79.6612783548,38.7991187984],[-79.6617505555,38.7955210347],[-79.6644378819,38.7932897752],[-79.6648310105,38.7896047682],[-79.6664882554,38.787868894],[-79.6674407024,38.7806794323],[-79.6734194618,38.7738155002],[-79.6733576726,38.7706632285],[-79.67673388,38.7663124699],[-79.6772300639,38.7638995488],[-79.6835823015,38.7599031745],[-79.6901204418,38.7526588367],[-79.6885764919,38.7511794037],[-79.687800956,38.7477895699],[-79.6854220096,38.7452622428],[-79.6857509546,38.7424759417],[-79.6902822329,38.7377884023],[-79.6947489397,38.7369307342],[-79.696663839,38.7399221666],[-79.6952770602,38.7428132016],[-79.6929058836,38.744276232],[-79.69404782098995,38.74609802425442],[-79.7037023193,38.7385481031],[-79.7101089483,38.7377360828],[-79.7113630872,38.7354104224],[-79.714530414,38.7340565943],[-79.7178639243,38.72993438],[-79.7205104626,38.7288617234],[-79.7203195215,38.7254741686],[-79.7268094758,38.7188308945],[-79.7280823679,38.7109043935],[-79.7339886977,38.7059825789],[-79.736451195,38.7002289734],[-79.7346811491,38.6971890369],[-79.7350229408,38.6948014145],[-79.7323361101,38.6922087948],[-79.7299623635,38.6928597009],[-79.7276957898,38.6922494974],[-79.7253168053,38.6890586905],[-79.7252704034,38.687052024],[-79.726622586,38.6845353043],[-79.7205356159,38.6769993114],[-79.7206851292,38.6714628187],[-79.7224960142,38.6691248541],[-79.7202510356,38.6611301459],[-79.7179682101,38.6593736555],[-79.7096868517,38.6582693263],[-79.7055181596,38.654805102],[-79.7022782212,38.6534046614],[-79.6966237276,38.6550090303],[-79.6916289087,38.653081469],[-79.6914839765,38.6500451741],[-79.6949922237,38.6467374102],[-79.6955990368,38.6412174804],[-79.69727885440527,38.63988413733479],[-79.70029,38.64174],[-79.69815,38.64277],[-79.69779,38.64578],[-79.69855,38.64774],[-79.70178,38.64899],[-79.703957857,38.6476106652],[-79.7089880491,38.6498198254],[-79.7118695419,38.6526215865],[-79.7198065768,38.6535649914],[-79.7232342734,38.6555364711],[-79.7295994045,38.6482415861],[-79.7327720985,38.6483088432],[-79.737915002,38.650888959],[-79.740992555,38.6502201949],[-79.746302748,38.6453879415],[-79.7522680586,38.6417741498],[-79.7531974635,38.6358017575],[-79.7564849117,38.632125513],[-79.7620770415,38.6291498182],[-79.7699259651,38.6279634493],[-79.7748772989,38.6247758972],[-79.7815115197,38.6254683205],[-79.7896939753,38.6166634753],[-79.7975451016,38.6154017181],[-79.8005028377,38.6160258288],[-79.8077040003,38.6128482107],[-79.8079561586,38.6084886046],[-79.8123950803,38.6058374853],[-79.8125550235,38.603645995],[-79.8140975269,38.6017009255],[-79.8178321919,38.5999669101],[-79.8151445411,38.5928149824],[-79.8164568973,38.5900438648],[-79.8181855646,38.5889256192],[-79.8189080902,38.5844576537],[-79.8182345637,38.5813153029],[-79.8220096303,38.5742623903],[-79.8213023551,38.5722111506],[-79.82225,38.56508],[-79.82118,38.56384],[-79.82185,38.56222],[-79.81966,38.56221],[-79.81804918139103,38.56854735759584],[-79.8167761256,38.566475058],[-79.8168562444,38.5618168716],[-79.8193620451,38.5593180985],[-79.82274959679522,38.5586431041463],[-79.82681,38.56154],[-79.82806,38.56108],[-79.82854,38.56005],[-79.82594,38.55752],[-79.82598,38.55623],[-79.82763,38.5553],[-79.83171,38.55562],[-79.83107,38.5524],[-79.83151,38.55136],[-79.83206,38.55568],[-79.82752,38.55556],[-79.8262,38.55646],[-79.82884,38.55998],[-79.82833,38.56123],[-79.82681,38.56179],[-79.82869,38.56336],[-79.82838,38.56439],[-79.82472,38.56495],[-79.83061526525132,38.56440571292044],[-79.8313379047,38.5667434332],[-79.8299331122,38.5694160043]],[[-79.777836551,38.7050608374],[-79.7814493537,38.7035747391],[-79.781088397,38.7011708555],[-79.7838840429,38.6949140155],[-79.7879642168,38.6915408333],[-79.7836694605,38.6842320357],[-79.7847566085,38.6801799181],[-79.7819647435563,38.67508163069501],[-79.7783037974,38.674324041],[-79.7665111288,38.6783720394],[-79.757524362,38.6794160261],[-79.751582541,38.678816479],[-79.7476184187,38.6772982883],[-79.7459110292,38.6756327884],[-79.7416348792,38.6775353136],[-79.7365290059,38.6771086856],[-79.73185265270914,38.68037622769813],[-79.7331649446,38.6841916598],[-79.737818299,38.6854195695],[-79.7387604301,38.6872098271],[-79.7385081638,38.6896743489],[-79.7407783922,38.6904170683],[-79.7422963483,38.6929193292],[-79.7412691378,38.6966208541],[-79.7427260398,38.7011764355],[-79.7395029068,38.7085346802],[-79.7448589624,38.7087346145],[-79.7463490156,38.7100649129],[-79.7466954035,38.7118656943],[-79.7530543537,38.7130236788],[-79.7626811095,38.7183827753],[-79.7717085647,38.7104082587],[-79.77261,38.71311],[-79.77719,38.71407],[-79.78243,38.70943],[-79.77871,38.70836],[-79.77478313867667,38.70898485822517],[-79.777836551,38.7050608374]],[[-79.7071819444,38.7443010896],[-79.6990008673,38.7496164694],[-79.6961435856,38.7552752092],[-79.69070775088883,38.76165103808088],[-79.68992703,38.7647133847],[-79.6865146267,38.7674577011],[-79.6856964319,38.7706483909],[-79.6919648048,38.7695000045],[-79.7006843031,38.7707836441],[-79.7013379706,38.7649269895],[-79.7044436528,38.7562339569],[-79.7051435189,38.7488859327],[-79.7071819444,38.7443010896]],[[-79.7413023713,38.6713413718],[-79.7424637549,38.6678497451],[-79.7449889442,38.6673524303],[-79.7479133532,38.6687631352],[-79.7507748741,38.672097971],[-79.7574403866,38.6734123943],[-79.7603271485,38.671399424],[-79.7664418258,38.6722079662],[-79.773195287,38.6690260719],[-79.7778283859,38.6681657273],[-79.7827616822,38.6691336436],[-79.7845957142,38.6662960974],[-79.788692199,38.6655028538],[-79.7896672034,38.6627904352],[-79.7945933207,38.6583500094],[-79.7979508009,38.6575239719],[-79.8003310401,38.6580963192],[-79.800384288,38.6558225256],[-79.7970245039,38.6510036629],[-79.7966117761,38.6483391919],[-79.8021655207,38.6403336561],[-79.8002737852,38.6329887385],[-79.8028895672,38.63023143],[-79.8025091351,38.627612971],[-79.8054312192,38.624311265],[-79.8063691211,38.6213874777],[-79.805724804,38.620296498],[-79.8012124172,38.6221901117],[-79.7978050233,38.6215028036],[-79.7920989879,38.622391024],[-79.7860514992,38.6296710924],[-79.7836466971,38.6311309846],[-79.778768909,38.6318096013],[-79.7761354099,38.6310122611],[-79.7723127765,38.6335269983],[-79.7654898313,38.6343832067],[-79.7598268954,38.6371374787],[-79.7587834186,38.6383330199],[-79.757285605,38.6456005175],[-79.7500365241,38.6501255335],[-79.7433661483,38.6557898324],[-79.7367268766,38.657069194],[-79.7316468615,38.6543306678],[-79.7309606852,38.6567761086],[-79.7264905835,38.661156771],[-79.7286441043,38.6690720115],[-79.7266598185,38.6752708141],[-79.730259602,38.6745779081],[-79.7317552821,38.6728139393],[-79.735385144,38.671051794],[-79.7413023713,38.6713413718]],[[-79.69881,38.7462],[-79.69887,38.74619],[-79.69865,38.74622],[-79.69881,38.7462]],[[-79.72266,38.73068],[-79.72268,38.73065],[-79.72264,38.73064],[-79.72266,38.73068]],[[-79.82153,38.5633],[-79.82174,38.56432],[-79.82248,38.56491],[-79.82298,38.56222],[-79.82153,38.5633]]]},"properties":{"flat_pct":16}},{"type":"Feature","geometry":{"type":"Polygon","coordinates":[[[-79.72705415177846,38.785749281633635],[-79.72665,38.78738],[-79.7217344467103,38.792364508947074],[-79.72634,38.78723],[-79.72705415177846,38.785749281633635]]]},"properties":{"flat_pct":25}},{"type":"Feature","geometry":{"type":"Polygon","coordinates":[[[-79.76513,38.9112],[-79.76222,38.91105],[-79.76160667485388,38.911148174248865],[-79.76301002366137,38.91040635747721],[-79.76513,38.9112]]]},"properties":{}},{"type":"Feature","geometry":{"type":"Polygon","coordinates":[[[-79.7681238939,38.9204751252],[-79.7661608242,38.9192841444],[-79.7651622879,38.9160755304],[-79.7599092716,38.9221226776],[-79.7573697436,38.9242434351],[-79.7551285384,38.9247846873],[-79.7534047506,38.9272603687],[-79.7443505237,38.930813944],[-79.7420082105,38.9306995798],[-79.7380135302,38.9285051659],[-79.7362813259,38.9318204432],[-79.7334527967,38.9341028442],[-79.733750161,38.9359520707],[-79.7328082066,38.9377405153],[-79.7253416132,38.9410829963],[-79.7213599114,38.9405844625],[-79.7174104855,38.941645207],[-79.7105161393,38.93939783],[-79.7051335476,38.9405490257],[-79.6901262344,38.938607139],[-79.6854862311,38.9400627043],[-79.6797668956,38.9380868706],[-79.6766772545,38.9381216454],[-79.6742274712,38.9357743203],[-79.6687808559,38.9381076665],[-79.6710066181,38.9393118583],[-79.6717544273,38.9414827704],[-79.6707481417,38.9435466181],[-79.6685772296,38.9442944273],[-79.6636463857,38.9424795645],[-79.6618245419,38.9393350411],[-79.6649675061,38.9321488073],[-79.6640788025,38.9286181572],[-79.6619145813,38.9270900874],[-79.6614646208,38.9247906867],[-79.6637231699,38.9222928408],[-79.6625315854,38.9198992302],[-79.6631425511,38.9166810452],[-79.66406819414685,38.915801078202485],[-79.66656,38.91772],[-79.6658593595,38.9148373028],[-79.6689148692,38.9161698038],[-79.6689575422,38.9193354932],[-79.6702080324,38.9217099555],[-79.66817,38.92052],[-79.67020726947348,38.92269777081647],[-79.6691802675,38.9251206565],[-79.67056,38.93022],[-79.66817,38.93194],[-79.67338,38.93157],[-79.67399,38.93048],[-79.67172,38.92896],[-79.67193,38.928],[-79.67352,38.9272],[-79.67502,38.92831],[-79.6749847505527,38.92570859078908],[-79.6819189162,38.9271293358],[-79.6836102477,38.9297816743],[-79.6833081974,38.9329810124],[-79.6858217203,38.9338796294],[-79.6898098796,38.9325310636],[-79.7052868699,38.9345345968],[-79.7086164236,38.9333259291],[-79.7116433302,38.9334556069],[-79.7174693773,38.9355339021],[-79.7207471367,38.9345332614],[-79.724362424,38.9349825012],[-79.7256751028,38.9342291091],[-79.7235076203,38.932764116],[-79.7227430741,38.930895776],[-79.7242037574,38.9281831883],[-79.7286005844874,38.92795152635216],[-79.7309,38.93171],[-79.73371,38.93025],[-79.73694,38.92393],[-79.74087,38.9266],[-79.7479852915,38.9223714986],[-79.7493458884,38.9199541146],[-79.7540686043,38.918879023],[-79.76111423955932,38.91150520347313],[-79.76495,38.9114],[-79.77046,38.91333],[-79.77381,38.91565],[-79.77901,38.91662],[-79.77822,38.92228],[-79.77469,38.92258],[-79.77072157267295,38.921470459700835],[-79.7702077262,38.9200258771],[-79.7681238939,38.9204751252]]]},"properties":{"flat_pct":12}},{"type":"Feature","geometry":{"type":"Polygon","coordinates":[[[-79.7317663986,39.0760232919],[-79.7306582429,39.0777137956],[-79.7287291828,39.0783175662],[-79.7250095989,39.0768498193],[-79.7204685656,39.0764969357],[-79.7187387475365,39.07533376655801],[-79.72218,39.07199],[-79.71995,39.07076],[-79.72114,39.06983],[-79.72305,39.07093],[-79.72438482348205,39.070180625413585],[-79.7303695942,39.0727333355],[-79.7317663986,39.0760232919]]]},"properties":{"flat_pct":12}},{"type":"Feature","geometry":{"type":"Polygon","coordinates":[[[-79.65702206808939,39.09008468687181],[-79.66178,39.0932],[-79.66237,39.09286],[-79.66133,39.09171],[-79.65794,39.09016],[-79.65760694157102,39.08891581295434],[-79.66509,39.08904],[-79.66749,39.09068],[-79.66872,39.09548],[-79.66305,39.09429],[-79.65702206808939,39.09008468687181]]]},"properties":{"flat_pct":90}},{"type":"Feature","geometry":{"type":"Polygon","coordinates":[[[-79.7093956658,39.1063616592],[-79.71245628528041,39.107662010903404],[-79.71146,39.1084],[-79.70755,39.10758],[-79.7093956658,39.1063616592]]]},"properties":{}},{"type":"Feature","geometry":{"type":"Polygon","coordinates":[[[-79.7587769877,39.1205225845],[-79.75641460223854,39.11675692406177],[-79.7604081845,39.1116133048],[-79.7634849536,39.1113934162],[-79.7649807274,39.1131354663],[-79.7648065838,39.1154249536],[-79.7618351807,39.1201197023],[-79.7587769877,39.1205225845]]]},"properties":{"flat_pct":31}},{"type":"Feature","geometry":{"type":"Polygon","coordinates":[[[-79.7386883078,39.1445516112],[-79.7403651232,39.1451315423],[-79.74140483648985,39.14651768965244],[-79.73984,39.1464],[-79.7386883078,39.1445516112]]]},"properties":{}},{"type":"Feature","geometry":{"type":"Polygon","coordinates":[[[-79.65498615692677,39.20090154299061],[-79.654001652,39.2029755912],[-79.65217906135112,39.20374212280771],[-79.65498615692677,39.20090154299061]]]},"properties":{}},{"type":"Feature","geometry":{"type":"Polygon","coordinates":[[[-79.32724,38.41601],[-79.32669,38.41662],[-79.32803,38.41888],[-79.3260616124,38.4211323793],[-79.32548163076427,38.42152855905604],[-79.32412,38.42009],[-79.32339,38.42054],[-79.32443032692437,38.421858178214734],[-79.3225579733,38.4214613479],[-79.3167715846,38.4241573434],[-79.3149816389,38.4270788296],[-79.31381269001142,38.42732867637697],[-79.31358,38.42474],[-79.30955,38.42468],[-79.30892,38.42605],[-79.30985768486916,38.4277397862746],[-79.3060509984,38.4271286708],[-79.3003243875,38.4302105822],[-79.2980317311,38.4302508211],[-79.2980959078,38.4331770974],[-79.2964996324,38.4349421743],[-79.2985094779,38.4373916632],[-79.298316107,38.4397316201],[-79.3007913837,38.4423098626],[-79.3003534632,38.450447986],[-79.29560274361332,38.456441572917704],[-79.29171,38.45678],[-79.2921147586572,38.458061735747826],[-79.2888079983,38.4582566889],[-79.2879442985,38.4604382623],[-79.2845041037,38.4628520502],[-79.2839307431,38.4671434811],[-79.2906421745,38.4672131441],[-79.2935581196,38.469043661],[-79.2989249847,38.4673388449],[-79.30442873610872,38.467469146435555],[-79.30421890903771,38.473457288231415],[-79.29916172075598,38.47342702186356],[-79.29807,38.47215],[-79.29334,38.47286],[-79.29255,38.47136],[-79.28891,38.46904],[-79.28486,38.46888],[-79.28442,38.47149],[-79.28127,38.47084],[-79.27984,38.47259],[-79.28191772541852,38.473304916273044],[-79.28402809497769,38.47657817739807],[-79.28359473583578,38.48410072685073],[-79.2816171601,38.4831889718],[-79.2782111449,38.4788906068],[-79.2745903504,38.4776372852],[-79.2728639372,38.479227032],[-79.2704072434,38.4791280311],[-79.2670965219,38.4803714242],[-79.2655909036,38.4835100496],[-79.2639497595,38.4846680862],[-79.2599858139,38.49406423],[-79.2560190384,38.4949791457],[-79.2540890547,38.4964750028],[-79.2513501934,38.4957690463],[-79.2504623804,38.4915930368],[-79.2520321686,38.4885162336],[-79.2553992314,38.4878419714],[-79.2571445287,38.4852130297],[-79.2589412326,38.4813424671],[-79.2585141486,38.4790522847],[-79.2592786331,38.4772047564],[-79.2628325715,38.4750933706],[-79.2646309547,38.4728229413],[-79.2704055249,38.471057486],[-79.2746156187,38.4708987762],[-79.2769615283,38.4688342898],[-79.2787677018,38.4571757933],[-79.2851631914,38.4523664509],[-79.2907232383,38.4509159068],[-79.2937910865,38.4480538265],[-79.2938062364,38.4440972936],[-79.2912033355,38.4405035543],[-79.2912035574,38.4381440728],[-79.2895426003,38.4361918404],[-79.288857486,38.432455167],[-79.2914422738,38.4267353451],[-79.295560556,38.4234256941],[-79.3018844997,38.4216873679],[-79.303915671,38.419738352],[-79.3079695527,38.4211535725],[-79.3123255694,38.4191038763],[-79.3146052565,38.41946795],[-79.3162704132,38.4151846738],[-79.31910791166428,38.41371333051874],[-79.33044672004958,38.41676316335458],[-79.32724,38.41601]]]},"properties":{"flat_pct":17}},{"type":"Feature","geometry":{"type":"Polygon","coordinates":[[[-79.2928456264,38.5138191902],[-79.2916270686,38.5122064506],[-79.2916000613,38.50934979],[-79.29497279238086,38.50539131856371],[-79.29636,38.50609],[-79.29478,38.50739],[-79.29915,38.50871],[-79.2964138088,38.5136119469],[-79.2928456264,38.5138191902]]]},"properties":{"flat_pct":11}},{"type":"Feature","geometry":{"type":"Polygon","coordinates":[[[-79.268157851,38.5207276878],[-79.2658835111,38.5210430544],[-79.264213548,38.5199041799],[-79.2629713933,38.5163014201],[-79.2636898131,38.513228577],[-79.2608755026,38.5105785966],[-79.2607855227,38.5077255059],[-79.2622752853,38.5058959012],[-79.2603501422,38.5013458015],[-79.2625753929,38.4988638754],[-79.2662621401,38.5002719468],[-79.2703064397,38.505835338],[-79.274213521188,38.50869253821219],[-79.27645,38.51272],[-79.27593034159388,38.514157014572035],[-79.2745360858,38.5147075798],[-79.269771251,38.5137625843],[-79.2695430544,38.5188964889],[-79.268157851,38.5207276878]]]},"properties":{"flat_pct":48}},{"type":"Feature","geometry":{"type":"Polygon","coordinates":[[[-79.2594556303,38.5396290096],[-79.2611563839,38.5373691041],[-79.26874679869599,38.53513693648788],[-79.26703,38.53976],[-79.26901,38.54094],[-79.2619590096,38.5430543697],[-79.2599979046,38.5418601565],[-79.2594556303,38.5396290096]]]},"properties":{"flat_pct":29}},{"type":"Feature","geometry":{"type":"Polygon","coordinates":[[[-79.23117,38.58421],[-79.22456760849009,38.58201044989929],[-79.22223,38.57373],[-79.21569,38.56781],[-79.21285,38.56723],[-79.21229,38.5691],[-79.2132555339047,38.56996505557966],[-79.2082600559,38.5683419049],[-79.2049872307,38.5645282821],[-79.2049729760575,38.562725215380155],[-79.20713,38.56361],[-79.20843,38.56284],[-79.20625165065279,38.5610592337365],[-79.2086530754,38.5607122832],[-79.2163795871,38.5641792564],[-79.2231622432,38.563589031],[-79.2257100878,38.5660295685],[-79.2252155107,38.5706616183],[-79.2281625422,38.5764148045],[-79.2360824668,38.5796071885],[-79.2372071336255,38.579148860310326],[-79.23939,38.58099],[-79.24175,38.58041],[-79.24149,38.58532],[-79.23879694963057,38.587028879138074],[-79.2379289244,38.5853338119],[-79.23703557165152,38.58569787421608],[-79.23568,38.58426],[-79.23233,38.58379],[-79.23138,38.58272],[-79.23047,38.58312],[-79.23117,38.58421]]]},"properties":{"flat_pct":14}},{"type":"Feature","geometry":{"type":"Polygon","coordinates":[[[-79.199241271,38.6014796278],[-79.1958717878,38.5951764444],[-79.1968231687,38.593086719],[-79.1986791807,38.5922860748],[-79.2013449239,38.5929705011],[-79.2028002642,38.5943928759],[-79.20575742791226,38.60175656121854],[-79.20379,38.60337],[-79.19922,38.60309],[-79.199241271,38.6014796278]]]},"properties":{"flat_pct":26}},{"type":"Feature","geometry":{"type":"Polygon","coordinates":[[[-79.604390252,38.6067308621],[-79.6002215955,38.6122455519],[-79.5963410713,38.6133733765],[-79.5941702007,38.6151105257],[-79.592190854,38.6194324403],[-79.5905632528,38.6207611519],[-79.5823600551,38.6215957738],[-79.5802962708,38.6195286572],[-79.5768290529,38.6188715174],[-79.575694845,38.6171983813],[-79.5767968312,38.6140523799],[-79.5820425608,38.6119706068],[-79.5840140089,38.6123678343],[-79.585458116,38.6146346959],[-79.5875638203,38.6151479302],[-79.5900156892,38.61056171],[-79.5931677677,38.6082158257],[-79.5972873957,38.6069289218],[-79.59921214538129,38.603613097676664],[-79.60121,38.60363],[-79.60171,38.60172],[-79.59917,38.59855],[-79.5999508587,38.5934001852],[-79.5918970262,38.5900101761],[-79.5905560001,38.5884977407],[-79.5905810527,38.5862017768],[-79.5925005212,38.584499848],[-79.5963966239,38.5849734635],[-79.6008434716,38.5874285571],[-79.6040110015,38.587671487],[-79.6058467481,38.5894506769],[-79.6050999668,38.5985944171],[-79.6082165662,38.6000779354],[-79.6095666879,38.6036832682],[-79.6081898506,38.6058478097],[-79.604390252,38.6067308621]]]},"properties":{"flat_pct":13}},{"type":"Feature","geometry":{"type":"Polygon","coordinates":[[[-79.5787496457,38.6045395063],[-79.5743609316,38.6100890178],[-79.5742527849,38.6125226336],[-79.5719774205,38.6144079626],[-79.5713816842,38.6167899859],[-79.5696719879,38.617868295],[-79.5676663028,38.6176172194],[-79.5661697115,38.6158758715],[-79.5659587736,38.6117261609],[-79.5672719527,38.6101950322],[-79.5677369789,38.6074548908],[-79.5709047659,38.6051774195],[-79.5716601683,38.6022467502],[-79.5757334601,38.5990774222],[-79.5752188541,38.5963486661],[-79.5709903981,38.5965186623],[-79.5668037146,38.6002012004],[-79.5648592285,38.6007532743],[-79.5623255247,38.598993955],[-79.5625066469,38.5956786833],[-79.5680226652,38.5908316019],[-79.5751464543,38.5900118564],[-79.59273313180996,38.597537963170915],[-79.59134,38.60133],[-79.59356859937543,38.60259624964514],[-79.5929546381,38.6030067715],[-79.5899522845,38.6031170139],[-79.5827501808,38.6002248127],[-79.581588226,38.602484069],[-79.5787496457,38.6045395063]]]},"properties":{"flat_pct":15}},{"type":"Feature","geometry":{"type":"Polygon","coordinates":[[[-79.6278732311,38.6363080243],[-79.6275460668,38.6329075051],[-79.6247729981,38.6308431127],[-79.6218902753,38.6215706449],[-79.6242,38.61693],[-79.62289028980167,38.614239825205985],[-79.62396,38.61166],[-79.6281,38.61283],[-79.62756086195809,38.61041257458627],[-79.6294595584,38.6143949946],[-79.62977555482988,38.617390525271034],[-79.62746,38.62217],[-79.629330309,38.6239191849],[-79.630555019,38.6276958161],[-79.63269297329612,38.6293070265717],[-79.6288,38.62911],[-79.63148,38.63148],[-79.63572,38.64075],[-79.6372381239849,38.63782998890143],[-79.6442929709,38.6405826135],[-79.647890383,38.6442422321],[-79.657314931,38.6479584904],[-79.65864859687461,38.649327343909604],[-79.65416,38.65196],[-79.65378742867046,38.6530038195884],[-79.6450477911,38.6495579714],[-79.6408036306,38.6461197905],[-79.63325200449955,38.642341902601345],[-79.632131973,38.6452803239],[-79.6276801856,38.649827993],[-79.6277207559,38.654020257],[-79.6293026476,38.6562481884],[-79.6340328048,38.656535212],[-79.6384482302,38.6530057224],[-79.6450300012,38.6537127736],[-79.6490006278,38.6529242442],[-79.6527064583,38.655867951],[-79.65110275036947,38.659432663797375],[-79.6446976731,38.6598456051],[-79.6401478366,38.6589860955],[-79.6366357186,38.6619799372],[-79.6305287513,38.6629087635],[-79.6277560771,38.6691238163],[-79.6246856332,38.6710898019],[-79.6179065291,38.6698233969],[-79.6114942884,38.6706778222],[-79.6082712534,38.6697722382],[-79.6044143864,38.6717736092],[-79.6062085687,38.6739530385],[-79.6068795863,38.6774596747],[-79.60405,38.67664],[-79.60202,38.67903],[-79.60477883388553,38.68060384904518],[-79.6004701744,38.6848041242],[-79.600422054,38.6887764491],[-79.5896084602,38.6931648837],[-79.58948375570849,38.694633542371086],[-79.592157978,38.6947973437],[-79.5975386489,38.6986111163],[-79.6027155457,38.6978318572],[-79.6045869783,38.6985735522],[-79.6056087831,38.7009154391],[-79.6044127857,38.7037882826],[-79.59866095860149,38.704507571700766],[-79.6115161246,38.7137481122],[-79.6193828212,38.716843277],[-79.62186164654207,38.72119413435065],[-79.61932,38.72045],[-79.61662,38.72303],[-79.61622476219394,38.724963228399226],[-79.6151203318,38.7215628326],[-79.608407243,38.7189329168],[-79.5977037681,38.7107604172],[-79.5921247264,38.7082719761],[-79.5909786482,38.7105657618],[-79.5892114105,38.7116007414],[-79.5775294506,38.7103944962],[-79.57594353922087,38.711104174099034],[-79.5796903362,38.7137210693],[-79.5836778743,38.7132436203],[-79.5861993045,38.7149077928],[-79.586800821,38.718640854],[-79.584515271,38.7207123558],[-79.581492794,38.7195138397],[-79.5783318668,38.7196662332],[-79.5744522195,38.7172663175],[-79.5666480178,38.7156483312],[-79.5623748765,38.7188308285],[-79.554157114,38.7207213798],[-79.5509446851,38.7191368118],[-79.5500552717,38.7161137172],[-79.5480484386,38.7145328363],[-79.5463005244,38.711318435],[-79.5377895092,38.7175142996],[-79.5355265889,38.7178934427],[-79.5338257818,38.7168038724],[-79.5332242053,38.7145896766],[-79.5381922748,38.7008010736],[-79.533386436,38.7048040532],[-79.5301053632,38.7053782839],[-79.52765025,38.7036381847],[-79.5255288038,38.7063495273],[-79.5194386202,38.7079557275],[-79.5208906853,38.713714628],[-79.5135415922,38.7258744447],[-79.5089602542,38.7269547435],[-79.5065893242,38.7287759501],[-79.5030343437,38.728338465],[-79.4978068205,38.7302016908],[-79.4922882747,38.7335672899],[-79.488982851,38.7322866379],[-79.48859526725613,38.73136522255205],[-79.49431,38.72605],[-79.48670589475803,38.72298197865426],[-79.4937725367,38.7210257972],[-79.49592984707834,38.72137137340932],[-79.49692,38.72303],[-79.50467220637515,38.7217585509694],[-79.5049724654,38.7224600394],[-79.5093167009,38.7207903788],[-79.5147643169,38.712456501],[-79.5106651618,38.7096757813],[-79.50973240480548,38.70725176796625],[-79.51502496480553,38.702329274282285],[-79.5219888993,38.701169834],[-79.5231211276,38.6979686256],[-79.5307018517,38.6933050926],[-79.5324658402,38.6894454051],[-79.539413791,38.6832370824],[-79.5405453357,38.6799134],[-79.5471262298,38.6765669171],[-79.5517087671,38.6780311258],[-79.5523109227,38.6828877871],[-79.5487168973,38.6956730119],[-79.5437678237,38.7030628937],[-79.5426728769,38.7065184294],[-79.5462843677,38.7046277596],[-79.5496382311,38.7057709033],[-79.5558921084,38.7144314231],[-79.5593638672,38.7134573716],[-79.5637952786,38.7097913813],[-79.568866202,38.7100700939],[-79.5732708551,38.7050261502],[-79.5751406099,38.701394426],[-79.578701352,38.6988737283],[-79.5806663536,38.6942372959],[-79.5833969307,38.6925109252],[-79.5844068302,38.6889923874],[-79.594346629,38.6851260277],[-79.5952331148,38.6815474287],[-79.6001888999,38.6767264155],[-79.5978225995,38.6708759924],[-79.5980471026,38.6689183296],[-79.6024752612,38.6660446635],[-79.6037891695,38.662950908],[-79.6079195863,38.6623409167],[-79.6121700728,38.6645455936],[-79.6185588921,38.6637495267],[-79.6223224372,38.6649374169],[-79.62276395,38.6629016455],[-79.6246868731,38.6611560052],[-79.6217973277,38.6556220073],[-79.6218849845,38.6476747921],[-79.6271638845,38.641648935],[-79.62791153768399,38.63848492264057],[-79.63054,38.63996],[-79.63278,38.63823],[-79.63187,38.63562],[-79.63004,38.63408],[-79.6278732311,38.6363080243]],[[-79.5847457422,38.7012978824],[-79.5804712541,38.7048904576],[-79.5850196875,38.704373034],[-79.5882480884,38.7015672028],[-79.5906094882,38.7012084883],[-79.5847457422,38.7012978824]],[[-79.63083,38.66074],[-79.63137,38.66003],[-79.63105,38.65986],[-79.63083,38.66074]],[[-79.5398910141,38.6915970464],[-79.53738963847398,38.6932297237348],[-79.53503,38.69216],[-79.53722178665096,38.69333796463179],[-79.5366192838,38.6946162142],[-79.5398910141,38.6915970464]],[[-79.53506,38.69202],[-79.53476,38.69201],[-79.53503,38.69216],[-79.53506,38.69202]],[[-79.54129,38.69372],[-79.54157,38.69331],[-79.53977,38.69335],[-79.54129,38.69372]],[[-79.53936,38.68968],[-79.53798,38.68978],[-79.53669,38.69068],[-79.53745,38.69081],[-79.53936,38.68968]]]},"properties":{"flat_pct":20}},{"type":"Feature","geometry":{"type":"Polygon","coordinates":[[[-79.3481551812,38.7611512855],[-79.3458122502,38.7631576587],[-79.3379364032,38.7629444722],[-79.3336932636,38.7604452486],[-79.3294936888,38.7604104776],[-79.3273950909,38.7587708411],[-79.3269343698,38.7565214381],[-79.3287162375,38.7543249219],[-79.33231,38.75533],[-79.3332937097,38.7541143102],[-79.3394804214,38.7570347199],[-79.3465355814,38.7574617615],[-79.3481128439,38.7591303898],[-79.3481551812,38.7611512855]]]},"properties":{"flat_pct":26}},{"type":"Feature","geometry":{"type":"Polygon","coordinates":[[[-79.3388347762,38.7731089392],[-79.3362411324,38.7755681846],[-79.3333484181,38.7742050207],[-79.33072509633793,38.77440751367534],[-79.33135,38.7714],[-79.32879105677168,38.76994871940131],[-79.3306143559,38.7685767256],[-79.3357606319,38.7681325902],[-79.3384932844,38.7711166553],[-79.3388347762,38.7731089392]],[[-79.33447,38.77101],[-79.33609,38.77266],[-79.33671,38.77186],[-79.33664,38.7711],[-79.33447,38.77101]]]},"properties":{"flat_pct":22}},{"type":"Feature","geometry":{"type":"Polygon","coordinates":[[[-79.3756125225,38.8391197769],[-79.3740742839,38.8397743312],[-79.37363,38.84179],[-79.37184,38.83998],[-79.37139,38.84087],[-79.37274,38.84267],[-79.3680567021,38.8415766558],[-79.3683487902,38.8367953346],[-79.37289528027314,38.8305197560248],[-79.37384,38.83084],[-79.37462,38.82953],[-79.37642,38.82908],[-79.37737,38.83002],[-79.37956,38.82906],[-79.382,38.8273],[-79.38427,38.82538],[-79.38643,38.82102],[-79.3875,38.82133],[-79.38982,38.82417],[-79.38605,38.82956],[-79.38687819886573,38.83116995638735],[-79.38459947176653,38.832709999828936],[-79.37745,38.83285],[-79.37715,38.83355],[-79.37595,38.83252],[-79.37618,38.83513],[-79.37495,38.83592],[-79.37589,38.83587],[-79.3756125225,38.8391197769]],[[-79.37722,38.83085],[-79.37695,38.83095],[-79.37715,38.83101],[-79.37722,38.83085]],[[-79.37843,38.83028],[-79.37812,38.83019],[-79.37801,38.83042],[-79.37843,38.83028]],[[-79.37748,38.83213],[-79.37832,38.83217],[-79.37831,38.83191],[-79.37748,38.83213]]]},"properties":{"flat_pct":43}},{"type":"Feature","geometry":{"type":"Polygon","coordinates":[[[-79.2569089648,38.8806798874],[-79.25704268769863,38.8845634658119],[-79.25457,38.88415],[-79.25412,38.88592],[-79.24971,38.89096],[-79.24883,38.89026],[-79.248,38.89109],[-79.24952495606077,38.892530026505376],[-79.2396196132,38.8945659128],[-79.2361630004,38.8936439022],[-79.2344714069,38.8913569081],[-79.2344794621,38.8888456134],[-79.2367442404,38.886909233],[-79.2406837791,38.885940678],[-79.2441783805,38.8871444834],[-79.247705765,38.8867201002],[-79.2508601971,38.8844574584],[-79.2499812898,38.880970178],[-79.2518469161,38.8766485465],[-79.2538238864,38.8750060718],[-79.2633905457,38.8740196337],[-79.2685058467,38.8680270222],[-79.27022499682167,38.86806724811635],[-79.26919,38.87095],[-79.27215236283774,38.87000204389192],[-79.2703928036,38.8758041972],[-79.269866734791,38.87648450076055],[-79.26806,38.87558],[-79.26686,38.87662],[-79.26593,38.87837],[-79.2663808503,38.8792944493],[-79.2612132476,38.8807340178],[-79.2569089648,38.8806798874]],[[-79.23786,38.88902],[-79.23766,38.88899],[-79.23763,38.88909],[-79.23786,38.88902]],[[-79.255,38.87889],[-79.25476,38.87881],[-79.2547,38.87895],[-79.255,38.87889]]]},"properties":{"flat_pct":22}},{"type":"Feature","geometry":{"type":"Polygon","coordinates":[[[-79.3253548954,38.9517806653],[-79.3229487506,38.9544236453],[-79.3194545968,38.9550598005],[-79.3150762923,38.9542272335],[-79.3119587888,38.9502574215],[-79.3122935227,38.9475194325],[-79.30547793943856,38.94448086121762],[-79.30638,38.94293],[-79.30351,38.94178],[-79.3026337439,38.9430876257],[-79.30150995132591,38.94143387438053],[-79.30336,38.94172],[-79.30142545249207,38.940938857788595],[-79.3018299123,38.9391392658],[-79.3048368572,38.9377005231],[-79.3147546325,38.9412491497],[-79.3191848149,38.9450131072],[-79.3208980939,38.9487119581],[-79.324496015,38.9493633847],[-79.3253548954,38.9517806653]]]},"properties":{"flat_pct":12}},{"type":"Feature","geometry":{"type":"Polygon","coordinates":[[[-79.6047742228,38.9710586923],[-79.5986307014,38.9744952248],[-79.5933703109,38.9748945443],[-79.5938417204,38.977870845],[-79.5916200852,38.9811836602],[-79.5893275226,38.9813110755],[-79.5876163398,38.9797800852],[-79.5877218548,38.9769524687],[-79.585739613,38.97293997],[-79.5866155009,38.9700607997],[-79.5898903791,38.9683894919],[-79.5966268249,38.9687520502],[-79.6013689154,38.9660076649],[-79.6045438368,38.9619441261],[-79.6035946847,38.9598664672],[-79.6040842433,38.9579053083],[-79.6071628898,38.9566271715],[-79.6101970174,38.9593381576],[-79.6104809574,38.9632922582],[-79.6047742228,38.9710586923]]]},"properties":{"flat_pct":34}},{"type":"Feature","geometry":{"type":"Polygon","coordinates":[[[-79.3568311483,38.9651086532],[-79.3523732915,38.966403917],[-79.3473650132,38.9694738786],[-79.3326340711,38.9869435048],[-79.3302887794,39.0081275562],[-79.3278985323,39.0115828502],[-79.3235718698,39.0127493052],[-79.318461241,39.0301925984],[-79.3194211437,39.0330890591],[-79.3168400375,39.0357259933],[-79.3120801202,39.0554453797],[-79.3035311417,39.0682414503],[-79.30054,39.06645],[-79.29961641994412,39.068502762739044],[-79.2990812289,39.0679888693],[-79.2951945751,39.0617153303],[-79.2933723135,39.0554448566],[-79.2917261074,39.058791424],[-79.2884278941,39.0618356237],[-79.2850400282,39.0618671972],[-79.2822804111,39.0603770066],[-79.2811719475,39.0622343246],[-79.2772689266,39.0648473814],[-79.27004681800028,39.06626196923393],[-79.26495,39.06507],[-79.27188,39.0628],[-79.27267416752328,39.05927984027258],[-79.2747236908,39.0591043024],[-79.2806032021,39.0545270262],[-79.28505727286381,39.05429164825005],[-79.28489,39.05527],[-79.28949,39.05856],[-79.29222872030918,39.04882831126089],[-79.2956338683,39.0468812133],[-79.2977144885,39.0474051804],[-79.2991803958,39.0493883234],[-79.2989275293,39.0531467208],[-79.3016286721,39.0604336736],[-79.3064081137,39.0533441686],[-79.3091110226,39.0407665019],[-79.3181884101,39.009836275],[-79.3206998667,39.0073582675],[-79.3245151168,39.0062088956],[-79.3269916911,38.9845302831],[-79.3395881558,38.969389032],[-79.33693844532745,38.971038956761],[-79.33632,38.96719],[-79.34119,38.96587],[-79.3423,38.96676],[-79.34309,38.9658],[-79.33818941887365,38.9635536073603],[-79.3445955423,38.9619739788],[-79.3471432398,38.9628309719],[-79.349794277,38.9609147595],[-79.3534877116,38.9599723447],[-79.3560773198,38.9572831403],[-79.3605146815,38.9549977683],[-79.3583178248,38.9506571589],[-79.3574144601,38.9458248565],[-79.3598591379,38.9401069092],[-79.3653634235,38.9359654202],[-79.3724790124,38.9342234504],[-79.3817752576,38.9297464911],[-79.392631122,38.9290824225],[-79.3974390352,38.9269567387],[-79.3998263315,38.9278957472],[-79.4005627095,38.9306265865],[-79.3989711388,38.9326385069],[-79.3939828557,38.9349471331],[-79.383158041,38.9356822037],[-79.3742499895,38.9400226991],[-79.368156055,38.9412891209],[-79.3651685926,38.9431023668],[-79.3634571045,38.9468481418],[-79.3665239442,38.9536132774],[-79.3666441306,38.9558949051],[-79.3738173184,38.9548700012],[-79.384281819,38.9559650003],[-79.3939789867,38.9606154294],[-79.39786334727567,38.96392089389333],[-79.39672,38.96426],[-79.39642,38.96599],[-79.39927,38.97072],[-79.39827,38.97195],[-79.40157544827028,38.97342468386384],[-79.4001489171,38.9749006634],[-79.3982415954,38.9755699435],[-79.396342629,38.974877312],[-79.39325199,38.967840154],[-79.3905909343,38.9655939099],[-79.3828717689,38.9618383957],[-79.3739831474,38.9609036974],[-79.3684467328,38.9620394635],[-79.3608395789,38.9612958903],[-79.3568311483,38.9651086532]]]},"properties":{"flat_pct":48}},{"type":"Feature","geometry":{"type":"Polygon","coordinates":[[[-79.6060154979,39.0485709544],[-79.6037820365,39.0457805198],[-79.6041539335,39.0432142395],[-79.60553592516627,39.041836106644126],[-79.60781,39.04229],[-79.60937,39.04424],[-79.60875,39.04678],[-79.6060154979,39.0485709544]]]},"properties":{"flat_pct":26}},{"type":"Feature","geometry":{"type":"Polygon","coordinates":[[[-79.6093341171,39.0472436855],[-79.60752274304068,39.04857444846089],[-79.60953,39.04575],[-79.60957,39.04426],[-79.60878927910471,39.042245770343015],[-79.6098226947,39.0441261606],[-79.6093341171,39.0472436855]]]},"properties":{}},{"type":"Feature","geometry":{"type":"Polygon","coordinates":[[[-79.5334400756,39.0486831222],[-79.5314619141,39.0466216113],[-79.53126338005019,39.04436955009681],[-79.53394,39.04475],[-79.53747,39.04258],[-79.53825,39.04452],[-79.53764,39.0453],[-79.5386962499339,39.046443543316876],[-79.5357360585,39.0486598707],[-79.5334400756,39.0486831222]]]},"properties":{"flat_pct":11}},{"type":"Feature","geometry":{"type":"Polygon","coordinates":[[[-79.575905219,39.0791854105],[-79.5734021075,39.0797469741],[-79.5713800558,39.0781682949],[-79.5703483786,39.0723859439],[-79.5716881251,39.0693603864],[-79.5681376245,39.0650032963],[-79.5643890633,39.0641107817],[-79.5593543752,39.0643581411],[-79.55220027,39.0593783898],[-79.5406334602,39.0617534142],[-79.5359766051,39.0650096377],[-79.529295343,39.0658515902],[-79.5253055907,39.0680387788],[-79.5202012847,39.0660934318],[-79.5187452041,39.0641744327],[-79.5181107768,39.0609999923],[-79.5128117827,39.0650953776],[-79.5054833112,39.0676922178],[-79.498909322,39.0724249125],[-79.4894353656,39.0708515306],[-79.4786866256,39.0716854846],[-79.4705614638,39.0777095103],[-79.4642003163,39.0844669607],[-79.4458481239,39.0977175354],[-79.4355334025474,39.09814189874835],[-79.43512787781461,39.0921119222869],[-79.443319998,39.0922296015],[-79.4480559825,39.0893257862],[-79.4603446607,39.0798632116],[-79.4666526867,39.0731519921],[-79.4760776329,39.0661808817],[-79.4904166407,39.0647703626],[-79.497808889,39.0662245198],[-79.5022903138,39.0625075402],[-79.5098830693,39.0598222114],[-79.514337735,39.0556520539],[-79.5173197774,39.0541408891],[-79.5200945319,39.0546517665],[-79.523195654,39.0576030222],[-79.5247957814,39.061676286],[-79.5275943936,39.0600138412],[-79.5338841871,39.059330402],[-79.5383448302,39.0560629163],[-79.5468621133,39.0548850244],[-79.5514826303,39.0531778853],[-79.5547128575,39.0538874087],[-79.5617799988,39.0583720188],[-79.5650081914,39.0581021745],[-79.5708933473,39.0595583548],[-79.5753383158,39.062940328],[-79.5784647674,39.0677501159],[-79.576652799,39.0734284557],[-79.5773849502,39.0762768333],[-79.57695305689263,39.077626516579755],[-79.57554,39.07817],[-79.57694524762779,39.07765013960591],[-79.575905219,39.0791854105]]]},"properties":{"flat_pct":50}},{"type":"Feature","geometry":{"type":"Polygon","coordinates":[[[-79.5989507,39.1212311957],[-79.59243,39.12417],[-79.59143158567618,39.12672821463753],[-79.5882631842,39.1277759991],[-79.5861389792,39.1296642853],[-79.5833108475,39.1296267769],[-79.58188389547477,39.12785024056484],[-79.58253829718052,39.124989003669576],[-79.584306223,39.1232544211],[-79.58335,39.12144],[-79.5780168652,39.1203021304],[-79.5738660665,39.1154615942],[-79.57106860864123,39.11484842232043],[-79.57098,39.11029],[-79.56739319331017,39.11052160349059],[-79.5647916675,39.1079105004],[-79.5613199728,39.1074711877],[-79.5585493685,39.1005224677],[-79.5506492014,39.1093441703],[-79.5467760524,39.1089149655],[-79.544923727,39.1047297323],[-79.5410555249,39.1099810921],[-79.5354119289,39.1110018309],[-79.5333116986,39.1121705266],[-79.5319479039,39.1145468933],[-79.5272486151,39.1169919959],[-79.5262766043,39.1187003649],[-79.527077676,39.1204783529],[-79.5265665913,39.1224430729],[-79.52051,39.12292],[-79.52057,39.12356],[-79.51873,39.12641],[-79.52078,39.12853],[-79.52072,39.1298],[-79.51755,39.13082],[-79.51317,39.13448],[-79.51125,39.13841],[-79.51191,39.14088],[-79.51048415024724,39.141281521024325],[-79.51119,39.14062],[-79.51081,39.13902],[-79.51305,39.13438],[-79.51746,39.13071],[-79.52072,39.12955],[-79.51855,39.12642],[-79.52035,39.1235],[-79.51954,39.1219],[-79.5223873022,39.1124436139],[-79.5275825244,39.1102542635],[-79.528224757,39.1083404454],[-79.5305534533,39.106209177],[-79.5379217215,39.1046659205],[-79.5414832479,39.0991258338],[-79.5458187953,39.0981869865],[-79.5504184702,39.0998179435],[-79.5530129642,39.0968283699],[-79.5572343435,39.0944970754],[-79.5626870346,39.0952997562],[-79.5661666571,39.1020452021],[-79.5693480037,39.1032360086],[-79.5702809534,39.1052448071],[-79.573152916,39.106980967],[-79.5739425121,39.1093566262],[-79.5769918558,39.110237473],[-79.5812799099,39.1147723852],[-79.5861711243,39.1166921189],[-79.5896977341,39.1202005497],[-79.5932440351,39.1176743131],[-79.593524136,39.1137112888],[-79.5963448158,39.1106601934],[-79.5979616723,39.1057059336],[-79.6025663727,39.1039593187],[-79.6048196178,39.1044008664],[-79.6060332834,39.107762695],[-79.6048337902,39.1093896639],[-79.6026003166,39.1102092242],[-79.6017898527,39.1134941479],[-79.599883531,39.1155493005],[-79.5989507,39.1212311957]]]},"properties":{"flat_pct":28}},{"type":"Feature","geometry":{"type":"Polygon","coordinates":[[[-79.6106946381,39.1726967917],[-79.6091065874,39.1766319541],[-79.6064714501,39.1777802491],[-79.6046573524,39.1774637386],[-79.604452723,39.1812383624],[-79.6026076274,39.1844317081],[-79.5994528299,39.1854699509],[-79.5971458959,39.1843669818],[-79.5964844327,39.1821760816],[-79.59742882845964,39.179920867178666],[-79.59949,39.18081],[-79.60117,39.17887],[-79.60041,39.17862],[-79.60096,39.17728],[-79.59907671453833,39.17617519161852],[-79.6010314756,39.1748887305],[-79.6030859002,39.1752542206],[-79.6045583994,39.1708915674],[-79.6085720437,39.1701265211],[-79.6106946381,39.1726967917]]]},"properties":{"flat_pct":33}},{"type":"Feature","geometry":{"type":"Polygon","coordinates":[[[-79.16533,38.68009],[-79.16322458300532,38.67902883624083],[-79.1665,38.67869],[-79.16533,38.68009]]]},"properties":{}},{"type":"Feature","geometry":{"type":"Polygon","coordinates":[[[-79.16787,39.00427],[-79.16875,39.00228],[-79.17056,39.00285],[-79.16988,39.00438],[-79.16787,39.00427]]]},"properties":{"flat_pct":100}},{"type":"Feature","geometry":{"type":"Polygon","coordinates":[[[-78.6325615616,38.9759860076],[-78.6339197804,38.9781622802],[-78.6332928979,38.9803711479],[-78.6307653997,38.9829371183],[-78.6243018062,38.9862875262],[-78.6221746411,38.9855212632],[-78.6185954569,38.981620427],[-78.6166320955,38.9778807214],[-78.61349661777534,38.97592403086695],[-78.618676,38.974082],[-78.619982,38.977338],[-78.620453,38.982601],[-78.625672,38.982575],[-78.629553,38.980866],[-78.6325615616,38.9759860076]]]},"properties":{"flat_pct":31}},{"type":"Feature","geometry":{"type":"Polygon","coordinates":[[[-78.6107172923,38.9750820006],[-78.6057472697,38.9711263539],[-78.60565662010684,38.96766649826469],[-78.608369,38.969743],[-78.6107172923,38.9750820006]]]},"properties":{"flat_pct":25}},{"type":"Feature","geometry":{"type":"Polygon","coordinates":[[[-78.69373,38.9413],[-78.69529721178226,38.938713927628626],[-78.6992,38.94117],[-78.70095,38.9399],[-78.70308,38.94054],[-78.7033,38.93949],[-78.69981914122872,38.93840353025384],[-78.7030020781,38.9383732908],[-78.7050313817,38.939447537],[-78.7057067092,38.9416420781],[-78.70467923833662,38.943628644138116],[-78.69929,38.94254],[-78.70193837317967,38.94429952957017],[-78.69962410198492,38.945164589347165],[-78.69797,38.9423],[-78.69559,38.94221],[-78.69373,38.9413]],[[-78.70125,38.94074],[-78.70183,38.94099],[-78.70226,38.94065],[-78.70125,38.94074]]]},"properties":{"flat_pct":38}},{"type":"Feature","geometry":{"type":"Polygon","coordinates":[[[-78.6949712751,38.9450775932],[-78.69354666116948,38.94451001443012],[-78.69384,38.94374],[-78.69565,38.94424],[-78.6949712751,38.9450775932]]]},"properties":{}},{"type":"Feature","geometry":{"type":"Polygon","coordinates":[[[-78.7756001853,38.9467661741],[-78.7671837317,38.9566863043],[-78.7649140031,38.9570333054],[-78.7630636957,38.9556737317],[-78.76919,38.94544],[-78.76849206484296,38.944588980008994],[-78.7720147217,38.9416657354],[-78.7816829442,38.9388393806],[-78.7861623635,38.9401881767],[-78.7867898801,38.9423968643],[-78.78582,38.94267],[-78.78544498952652,38.94456444946085],[-78.7756001853,38.9467661741]]]},"properties":{"flat_pct":21}},{"type":"Feature","geometry":{"type":"Polygon","coordinates":[[[-78.7462532074,38.9578233165],[-78.74346,38.96083],[-78.74168,38.96503],[-78.73887,38.96704],[-78.73768,38.96646],[-78.7359909861394,38.96824539780373],[-78.736022002,38.9632631662],[-78.7383999495,38.9592753207],[-78.7353882594,38.9597694191],[-78.7329437542,38.9587144455],[-78.7294106565,38.9532869533],[-78.7293047768,38.9510109838],[-78.7316620956,38.9490567137],[-78.7372270999,38.9504149858],[-78.7397055073,38.9483058932],[-78.7440243083,38.9480628094],[-78.7458751231,38.9502394741],[-78.7462532074,38.9578233165]]]},"properties":{"flat_pct":35}},{"type":"Feature","geometry":{"type":"Polygon","coordinates":[[[-78.6589130768,38.9924593582],[-78.65649227650957,38.99282324136008],[-78.65675,38.99199],[-78.65406284896515,38.99068752208664],[-78.6535632591,38.9887282572],[-78.65436711933086,38.98695622048148],[-78.66065811107146,38.99013447756268],[-78.6589130768,38.9924593582]]]},"properties":{"flat_pct":35}},{"type":"Feature","geometry":{"type":"Polygon","coordinates":[[[-78.5976601049,39.0116732445],[-78.587388674,39.0130008375],[-78.5859855845,39.0155170558],[-78.5814423994,39.0175109289],[-78.5791893388,39.0170684404],[-78.5779090711,39.0151623994],[-78.5787235453,39.0124538264],[-78.581817781,39.0107725607],[-78.5834320093,39.0081831839],[-78.58611301959886,39.007051435994654],[-78.58524,39.00898],[-78.59517,39.00923],[-78.59532,39.00835],[-78.59672,39.00839],[-78.59833666108464,39.00685877222472],[-78.5989132445,39.0076198951],[-78.5991261508,39.0099061035],[-78.5976601049,39.0116732445]]]},"properties":{"flat_pct":29}},{"type":"Feature","geometry":{"type":"Polygon","coordinates":[[[-78.6614481673,39.0163304037],[-78.6607592948,39.0130540877],[-78.6636420415,39.0104875412],[-78.66866,39.01442],[-78.66910790367346,39.01375139016861],[-78.6686628298,39.0157933699],[-78.6670603188,39.0170253482],[-78.6632973634,39.0171701718],[-78.6614481673,39.0163304037]]]},"properties":{"flat_pct":44}},{"type":"Feature","geometry":{"type":"Polygon","coordinates":[[[-78.7531341319,38.9761891038],[-78.7506948922,38.9783976163],[-78.7486791396396,38.97877808850701],[-78.7433100902,38.9882940228],[-78.7399731584,38.9909969752],[-78.7357440053,38.9971392877],[-78.73317,38.99862],[-78.7243814558,39.0097402218],[-78.7130077299,39.0217645174],[-78.7070685063,39.0257198378],[-78.7039402223,39.0262571235],[-78.7015195016,39.0243814167],[-78.7018542066,39.0203929296],[-78.6948163074,39.0283108269],[-78.6903305943,39.0308084821],[-78.6847819115,39.0348593807],[-78.6821863231,39.0381981824],[-78.6803046829,39.038887413],[-78.6750223946,39.046369857],[-78.6607480154951,39.05925584424179],[-78.6586,39.05915],[-78.65976,39.058],[-78.65906,39.05559],[-78.64481,39.06922],[-78.64074,39.06771],[-78.64393585050901,39.070570181308945],[-78.6383080909,39.0701405209],[-78.6365946948,39.0690681005],[-78.6359706723,39.0668584231],[-78.6370918995,39.0648546948],[-78.6460818355,39.0639798917],[-78.6481258605,39.0626172084],[-78.651075162,39.0577063986],[-78.6555864758,39.0558086365],[-78.6591645773,39.0519169336],[-78.6630209232,39.0495292841],[-78.6641713553,39.0468672807],[-78.666393074,39.0460472616],[-78.6697633146,39.0429028246],[-78.6703788387,39.0403716973],[-78.6738431427,39.0381552693],[-78.6744347928,39.0347425841],[-78.6789621043,39.0327299835],[-78.6801468746,39.0305826097],[-78.6835553074,39.028793808],[-78.6868256538,39.0250911533],[-78.6910498111,39.0236118548],[-78.6977857365,39.0155879844],[-78.7021787853,39.0122434361],[-78.7055470816,39.0120979785],[-78.7082874776,39.0140663646],[-78.709364641,39.0164160872],[-78.7156857876,39.0102984507],[-78.7168414954,39.0072258676],[-78.7191365616,39.0063572866],[-78.720235174,39.0033626253],[-78.7313379598,38.9929765224],[-78.7354711158,38.9869806678],[-78.7387668676,38.9843186835],[-78.74233792388982,38.97810568738536],[-78.74391,38.97757],[-78.74942,38.97126],[-78.74816,38.97093],[-78.7494548434,38.9680915489],[-78.7531352,38.9651339629],[-78.7551367771,38.9648520038],[-78.7570365332,38.9661415792],[-78.7574679962,38.9683967771],[-78.75302428771123,38.97338571792131],[-78.7531341319,38.9761891038]]]},"properties":{"flat_pct":21}},{"type":"Feature","geometry":{"type":"Polygon","coordinates":[[[-78.6214326179,39.0120693592],[-78.623373671,39.0137466289],[-78.6231631831,39.0165671662],[-78.6169419511,39.02182126],[-78.6119619882,39.0210544297],[-78.6115848017,39.0258820126],[-78.6095587695,39.0281444534],[-78.6087970057,39.0314224095],[-78.6066430418,39.0322177193],[-78.6038335926,39.0320038735],[-78.6023091885,39.0311614134],[-78.60182370491755,39.03049698136083],[-78.6038,39.03153],[-78.60672,39.03002],[-78.60539,39.02902],[-78.60146079932485,39.02902],[-78.6023685866,39.0269191885],[-78.6049251384,39.0259336527],[-78.6058046958,39.0188621983],[-78.6070659537,39.0164056485],[-78.6137261024,39.014714536],[-78.6158217784,39.0151414218],[-78.6191535448,39.0123484717],[-78.6214326179,39.0120693592]]]},"properties":{"flat_pct":21}},{"type":"Feature","geometry":{"type":"Polygon","coordinates":[[[-78.59409191910183,39.05105750736488],[-78.58928488087822,39.04980851708408],[-78.5891234978,39.049094261],[-78.5912223708,39.0432223934],[-78.59335519664327,39.04171326883121],[-78.59217,39.04369],[-78.5925,39.04526],[-78.59652063914741,39.04621629785277],[-78.59409191910183,39.05105750736488]]]},"properties":{"flat_pct":71}},{"type":"Feature","geometry":{"type":"Polygon","coordinates":[[[-78.63090210817843,39.074967749494284],[-78.633168092,39.0701318307],[-78.6359298066,39.0695213648],[-78.6379717168,39.0714784898],[-78.6381680999523,39.07549450188122],[-78.63346,39.07793],[-78.63090210817843,39.074967749494284]]]},"properties":{"flat_pct":60}},{"type":"Feature","geometry":{"type":"Polygon","coordinates":[[[-78.54053,39.08141],[-78.54259,39.07836],[-78.53687795553701,39.07475338680187],[-78.5400993176,39.0711346755],[-78.542596212,39.0705460848],[-78.5446352118,39.0721028123],[-78.5443453917,39.0753200825],[-78.54657289732324,39.078809412851044],[-78.54123,39.08197],[-78.54053,39.08141]]]},"properties":{"flat_pct":41}},{"type":"Feature","geometry":{"type":"Polygon","coordinates":[[[-78.5138845665,39.0836883676],[-78.5143987768,39.0864696126],[-78.5121180175,39.0902668544],[-78.5150685976,39.0861527606],[-78.5193547821,39.0835643864],[-78.5215269296,39.0803224503],[-78.5263785174,39.0787194968],[-78.5282215316,39.0795496236],[-78.52909756654441,39.08122903782082],[-78.52759,39.07987],[-78.52664,39.08043],[-78.52773,39.08324],[-78.51906,39.09054],[-78.517254715,39.0940215116],[-78.5146393212,39.0957530007],[-78.5125484626,39.1002304416],[-78.5084003296,39.1016909615],[-78.5029665594,39.109480237],[-78.4998744369,39.1110666772],[-78.5055462778,39.116026114],[-78.5144494441,39.1116399587],[-78.5229772063,39.1098674341],[-78.5313664642,39.1153593142],[-78.53205627032216,39.11667101404308],[-78.53102,39.11722],[-78.53189740329209,39.118542854194224],[-78.5313592354,39.1193886615],[-78.5281242646,39.1201928145],[-78.5212733848,39.1160932544],[-78.51628738,39.1174046375],[-78.5092060546,39.1215502284],[-78.504797606,39.122112472],[-78.5008030403,39.1197405168],[-78.4972878132,39.1195658401],[-78.4950612351,39.1146753455],[-78.4917266725,39.1154427342],[-78.48797176763874,39.119314143687845],[-78.48311,39.11739],[-78.4812867067,39.1121724153],[-78.4836310714,39.111130842],[-78.4866543431,39.1122279457],[-78.4888170371,39.1097374858],[-78.491948524,39.1094460458],[-78.4937698493,39.1060715464],[-78.4988728245,39.1050256055],[-78.5039057644,39.0970054371],[-78.4960384555,39.1038224399],[-78.4940238975,39.1039878725],[-78.49226605400402,39.10268946947268],[-78.49646,39.10054],[-78.49558008367116,39.09996626171558],[-78.495984,39.09898],[-78.5138845665,39.0836883676]],[[-78.5097414202,39.0917900461],[-78.5074511757,39.0931585344],[-78.5054350111,39.0961949461],[-78.5082503178,39.0955837709],[-78.5097414202,39.0917900461]]]},"properties":{"flat_pct":19}}]}