{"type":"FeatureCollection","attribution":"OSM (ODbL) via Overpass; Overture Maps Foundation (CDLA-P-2.0/Apache-2.0/CC0); Recreation.gov RIDB (CC-BY 4.0). See data/ATTRIBUTION.md. Generated 2026-07-23.","features":[{"type":"Feature","geometry":{"type":"Point","coordinates":[-110.736701,44.88554]},"properties":{"kind":"campsite","src":"osm","osm":"node/264933118","name":"Indian Creek","operator":"National Park Service","toilets":"yes","reservation":"no","elev_ft":7336}},{"type":"Feature","geometry":{"type":"Point","coordinates":[-108.262583,44.963023]},"properties":{"kind":"campsite","src":"osm","osm":"node/766193908","name":"Horseshoe Bend Campground","elev_ft":3730}},{"type":"Feature","geometry":{"type":"Point","coordinates":[-104.70677,44.581478]},"properties":{"kind":"campsite","src":"osm","osm":"node/849030836","name":"Belle Fourche Campground","elev_ft":3865}},{"type":"Feature","geometry":{"type":"Point","coordinates":[-107.533699,44.779964]},"properties":{"kind":"campsite","src":"osm","osm":"node/974275410","name":"North Tongue River Campground","elev_ft":7894}},{"type":"Feature","geometry":{"type":"Point","coordinates":[-108.623929,42.440387]},"properties":{"kind":"campsite","src":"osm","osm":"node/1079972983","name":"Rock Creek Hollow","elev_ft":7362}},{"type":"Feature","geometry":{"type":"Point","coordinates":[-106.234442,41.358505]},"properties":{"kind":"campsite","src":"osm","osm":"node/1081410128","name":"Nash Fork Campground","fee":"yes","toilets":"yes","reservation":"no","elev_ft":10194}},{"type":"Feature","geometry":{"type":"Point","coordinates":[-108.737172,42.821997]},"properties":{"kind":"campsite","src":"osm","osm":"node/1122293455","name":"City Park","elev_ft":5423}},{"type":"Feature","geometry":{"type":"Point","coordinates":[-109.734127,42.759601]},"properties":{"kind":"rv_park","src":"osm","osm":"node/1183476426","elev_ft":7014}},{"type":"Feature","geometry":{"type":"Point","coordinates":[-110.119239,43.017637]},"properties":{"kind":"campsite","src":"osm","osm":"node/1183476492","name":"Warren Bridge Campground","fee":"yes","operator":"BLM","elev_ft":7480}},{"type":"Feature","geometry":{"type":"Point","coordinates":[-109.29328,41.568333]},"properties":{"kind":"campsite","src":"osm","osm":"node/1183476523","name":"Koa Rock Springs","elev_ft":6243}},{"type":"Feature","geometry":{"type":"Point","coordinates":[-110.51731,43.27022]},"properties":{"kind":"campsite","src":"osm","osm":"node/1183476872","name":"Kozy Campground","elev_ft":6358}},{"type":"Feature","geometry":{"type":"Point","coordinates":[-110.472948,43.247461]},"properties":{"kind":"campsite","src":"osm","osm":"node/1183477384","name":"Black Powder Cabins and Camping","elev_ft":6430}},{"type":"Feature","geometry":{"type":"Point","coordinates":[-110.76617,44.834268]},"properties":{"kind":"campsite","src":"osm","osm":"node/1197891052","name":"Winter Creek North","fee":"yes","operator":"National Park Service","website":"https://www.nps.gov/yell/planyourvisit/backcountryhiking.htm","capacity":"10","reservation":"required","elev_ft":7470}},{"type":"Feature","geometry":{"type":"Point","coordinates":[-110.48843,44.736072]},"properties":{"kind":"dump","src":"osm","osm":"node/1220013692","fee":"no","access":"customers","elev_ft":7959}},{"type":"Feature","geometry":{"type":"Point","coordinates":[-110.56461,44.394968]},"properties":{"kind":"dump","src":"osm","osm":"node/1222683312","elev_ft":7835}},{"type":"Feature","geometry":{"type":"Point","coordinates":[-110.641578,43.909078]},"properties":{"kind":"dump","src":"osm","osm":"node/1235375132","elev_ft":6841}},{"type":"Feature","geometry":{"type":"Point","coordinates":[-109.40942,44.474876]},"properties":{"kind":"rv_park","src":"osm","osm":"node/1249321820","name":"Yellowstone Valley Inn","elev_ft":5551}},{"type":"Feature","geometry":{"type":"Point","coordinates":[-109.730466,44.454203]},"properties":{"kind":"campsite","src":"osm","osm":"node/1249322646","name":"Rex Hale Campground","elev_ft":6115}},{"type":"Feature","geometry":{"type":"Point","coordinates":[-105.612812,41.323648]},"properties":{"kind":"rv_park","src":"osm","osm":"node/1436021790","name":"KOA Kampground","elev_ft":7152}},{"type":"Feature","geometry":{"type":"Point","coordinates":[-110.255881,44.720211]},"properties":{"kind":"campsite","src":"osm","osm":"node/1852943166","name":"4W2 Wapiti Lake","operator":"U.S. National Park Service","website":"https://www.nps.gov/yell/planyourvisit/backcountryhiking.htm","elev_ft":8494}},{"type":"Feature","geometry":{"type":"Point","coordinates":[-110.581038,44.745487]},"properties":{"kind":"campsite","src":"osm","osm":"node/1914309234","name":"Wolf Lake","fee":"yes","operator":"National Park Service","website":"https://www.nps.gov/yell/planyourvisit/backcountryhiking.htm","capacity":"8","reservation":"required","elev_ft":8012}},{"type":"Feature","geometry":{"type":"Point","coordinates":[-110.585876,44.743399]},"properties":{"kind":"campsite","src":"osm","osm":"node/1914309273","name":"Wolf Lake Outlet","fee":"yes","operator":"National Park Service","website":"https://www.nps.gov/yell/planyourvisit/backcountryhiking.htm","capacity":"8","reservation":"required","elev_ft":8031}},{"type":"Feature","geometry":{"type":"Point","coordinates":[-108.881488,42.629628]},"properties":{"kind":"campsite","src":"osm","osm":"node/2047433814","name":"Fiddlers Lake Campground","operator":"USDA","elev_ft":9452}},{"type":"Feature","geometry":{"type":"Point","coordinates":[-108.843759,42.592777]},"properties":{"kind":"campsite","src":"osm","osm":"node/2047463403","name":"Lake Louis Campground","operator":"USDA","website":"https://www.fs.usda.gov/recarea/shoshone/recreation/camping-cabins/recarea/?recid=36331&actid=29","elev_ft":8615}},{"type":"Feature","geometry":{"type":"Point","coordinates":[-108.925359,42.698689]},"properties":{"kind":"campsite","src":"osm","osm":"node/2047463892","elev_ft":8832}},{"type":"Feature","geometry":{"type":"Point","coordinates":[-108.930169,42.699146]},"properties":{"kind":"campsite","src":"osm","osm":"node/2047463931","name":"Worthen Meadow Campground","operator":"USDA","website":"https://www.fs.usda.gov/recarea/shoshone/recreation/camping-cabins/recarea/?recid=36391&actid=29","elev_ft":8862}},{"type":"Feature","geometry":{"type":"Point","coordinates":[-105.623047,42.407561]},"properties":{"kind":"campsite","src":"osm","osm":"node/2133253842","name":"Curtis Gulch","elev_ft":6703}},{"type":"Feature","geometry":{"type":"Point","coordinates":[-105.622637,42.407646]},"properties":{"kind":"campsite","src":"osm","osm":"node/2133253876","access":"yes","toilets":"yes","elev_ft":6703}},{"type":"Feature","geometry":{"type":"Point","coordinates":[-110.113881,44.917412]},"properties":{"kind":"campsite","src":"osm","osm":"node/2326395508","name":"Pebble Creek Campground","fee":"yes","operator":"National Park Service","drinking_water":"yes","elev_ft":6867}},{"type":"Feature","geometry":{"type":"Point","coordinates":[-110.26463,43.854672]},"properties":{"kind":"campsite","src":"osm","osm":"node/2329903677","name":"Turpin Meadow Campground","website":"https://publiclands.org/explore/site.php?id=1695","elev_ft":6942}},{"type":"Feature","geometry":{"type":"Point","coordinates":[-107.447971,44.689995]},"properties":{"kind":"campsite","src":"osm","osm":"node/2330847184","name":"Dead Swede Campground","operator":"USFS","elev_ft":8461}},{"type":"Feature","geometry":{"type":"Point","coordinates":[-109.602394,41.248912]},"properties":{"kind":"campsite","src":"osm","osm":"node/2344691819","name":"Buckboard Crossing Campground","operator":"USFS","elev_ft":6106}},{"type":"Feature","geometry":{"type":"Point","coordinates":[-109.551667,41.006667]},"properties":{"kind":"campsite","src":"osm","osm":"node/2344691985","name":"Stateline Campground","operator":"USFS","elev_ft":6030}},{"type":"Feature","geometry":{"type":"Point","coordinates":[-106.492494,41.325676]},"properties":{"kind":"campsite","src":"osm","osm":"node/2416959802","name":"Ryan Park Campground","elev_ft":8458}},{"type":"Feature","geometry":{"type":"Point","coordinates":[-108.153883,43.329811]},"properties":{"kind":"campsite","src":"osm","osm":"node/2535857798","name":"Tough Creek Campground","elev_ft":4728}},{"type":"Feature","geometry":{"type":"Point","coordinates":[-109.971538,43.706574]},"properties":{"kind":"campsite","src":"osm","osm":"node/2568833623","name":"Brooks Lake Creek Falls Campground","operator":"USDA","website":"https://www.fs.usda.gov/recarea/shoshone/recreation/camping-cabins/recarea/?recid=36469&actid=29","elev_ft":8369}},{"type":"Feature","geometry":{"type":"Point","coordinates":[-108.89983,42.696232]},"properties":{"kind":"campsite","src":"osm","osm":"node/2572093939","name":"Fremont County Youth Camp","elev_ft":8766}},{"type":"Feature","geometry":{"type":"Point","coordinates":[-108.856331,42.608166]},"properties":{"kind":"campsite","src":"osm","osm":"node/2572097875","name":"Little Popo Agie Campground","operator":"USDA","website":"https://www.fs.usda.gov/recarea/shoshone/recreation/camping-cabins/recarea/?recid=36353&actid=29","elev_ft":8799}},{"type":"Feature","geometry":{"type":"Point","coordinates":[-110.490759,44.739139]},"properties":{"kind":"campsite","src":"osm","osm":"node/2751176006","name":"Yurt Winter Camp","elev_ft":8009}},{"type":"Feature","geometry":{"type":"Point","coordinates":[-110.795809,43.79247]},"properties":{"kind":"campsite","src":"osm","osm":"node/3015674186","name":"Campsite #1","elev_ft":9442}},{"type":"Feature","geometry":{"type":"Point","coordinates":[-110.795981,43.792688]},"properties":{"kind":"campsite","src":"osm","osm":"node/3015674187","name":"Campsite #2","elev_ft":9442}},{"type":"Feature","geometry":{"type":"Point","coordinates":[-110.795406,43.792724]},"properties":{"kind":"campsite","src":"osm","osm":"node/3015674188","name":"Campsite #3","elev_ft":9432}},{"type":"Feature","geometry":{"type":"Point","coordinates":[-110.854898,43.711331]},"properties":{"kind":"campsite","src":"osm","osm":"node/3036363218","elev_ft":9695}},{"type":"Feature","geometry":{"type":"Point","coordinates":[-110.834588,43.786864]},"properties":{"kind":"campsite","src":"osm","osm":"node/3036365106","elev_ft":8770}},{"type":"Feature","geometry":{"type":"Point","coordinates":[-110.834789,43.787381]},"properties":{"kind":"campsite","src":"osm","osm":"node/3036365107","elev_ft":8711}},{"type":"Feature","geometry":{"type":"Point","coordinates":[-110.837943,43.788437]},"properties":{"kind":"campsite","src":"osm","osm":"node/3036365112","elev_ft":8802}},{"type":"Feature","geometry":{"type":"Point","coordinates":[-110.89505,43.664077]},"properties":{"kind":"campsite","src":"osm","osm":"node/3040265244","name":"Group Camp","elev_ft":9462}},{"type":"Feature","geometry":{"type":"Point","coordinates":[-110.86596,43.668912]},"properties":{"kind":"campsite","src":"osm","osm":"node/3040265245","name":"Group Camp","elev_ft":8314}},{"type":"Feature","geometry":{"type":"Point","coordinates":[-110.812903,44.417924]},"properties":{"kind":"campsite","src":"osm","osm":"node/3064201081","name":"Lone Star (OA1)","fee":"yes","operator":"National Park Service","website":"https://www.nps.gov/yell/planyourvisit/backcountryhiking.htm","capacity":"12","reservation":"required","elev_ft":7671}},{"type":"Feature","geometry":{"type":"Point","coordinates":[-110.819216,44.41391]},"properties":{"kind":"campsite","src":"osm","osm":"node/3064201082","name":"Upper Firehole","fee":"yes","operator":"National Park Service","website":"https://www.nps.gov/yell/planyourvisit/backcountryhiking.htm","capacity":"6","reservation":"required","elev_ft":7677}},{"type":"Feature","geometry":{"type":"Point","coordinates":[-110.827168,44.404682]},"properties":{"kind":"campsite","src":"osm","osm":"node/3064201083","name":"Firehole Springs","fee":"yes","operator":"National Park Service","website":"https://www.nps.gov/yell/planyourvisit/backcountryhiking.htm","capacity":"6","reservation":"required","elev_ft":7707}},{"type":"Feature","geometry":{"type":"Point","coordinates":[-110.774136,44.476616]},"properties":{"kind":"campsite","src":"osm","osm":"node/3064201084","name":"Mallard Lake SE","fee":"yes","operator":"National Park Service","website":"https://www.nps.gov/yell/planyourvisit/backcountryhiking.htm","capacity":"6","reservation":"required","elev_ft":8074}},{"type":"Feature","geometry":{"type":"Point","coordinates":[-110.773612,44.477573]},"properties":{"kind":"campsite","src":"osm","osm":"node/3064201085","name":"Mallard Lake E","fee":"yes","operator":"National Park Service","website":"https://www.nps.gov/yell/planyourvisit/backcountryhiking.htm","capacity":"6","reservation":"required","elev_ft":8074}},{"type":"Feature","geometry":{"type":"Point","coordinates":[-110.777228,44.475514]},"properties":{"kind":"campsite","src":"osm","osm":"node/3064201086","name":"Mallard Lake Outlet","fee":"yes","operator":"National Park Service","website":"https://www.nps.gov/yell/planyourvisit/backcountryhiking.htm","capacity":"6","reservation":"required","elev_ft":8150}},{"type":"Feature","geometry":{"type":"Point","coordinates":[-110.855682,44.525956]},"properties":{"kind":"campsite","src":"osm","osm":"node/3064201087","name":"Fairy Meadows","fee":"yes","operator":"National Park Service","website":"https://www.nps.gov/yell/planyourvisit/backcountryhiking.htm","capacity":"6","reservation":"required","elev_ft":7254}},{"type":"Feature","geometry":{"type":"Point","coordinates":[-110.92861,44.48487]},"properties":{"kind":"campsite","src":"osm","osm":"node/3064201088","name":"Firehole Meadows","fee":"yes","operator":"National Park Service","website":"https://www.nps.gov/yell/planyourvisit/backcountryhiking.htm","capacity":"10","reservation":"required","elev_ft":7923}},{"type":"Feature","geometry":{"type":"Point","coordinates":[-110.918102,44.485929]},"properties":{"kind":"campsite","src":"osm","osm":"node/3064201089","name":"Firehole Falls","fee":"yes","operator":"National Park Service","website":"https://www.nps.gov/yell/planyourvisit/backcountryhiking.htm","capacity":"6","reservation":"required","elev_ft":7930}},{"type":"Feature","geometry":{"type":"Point","coordinates":[-110.862088,44.533383]},"properties":{"kind":"campsite","src":"osm","osm":"node/3064201090","name":"Imperial Meadows","fee":"yes","operator":"National Park Service","website":"https://www.nps.gov/yell/planyourvisit/backcountryhiking.htm","capacity":"12","reservation":"required","elev_ft":7241}},{"type":"Feature","geometry":{"type":"Point","coordinates":[-110.84405,44.544693]},"properties":{"kind":"campsite","src":"osm","osm":"node/3064201091","name":"Goose Lake","fee":"yes","operator":"National Park Service","website":"https://www.nps.gov/yell/planyourvisit/backcountryhiking.htm","capacity":"6","reservation":"required","elev_ft":7228}},{"type":"Feature","geometry":{"type":"Point","coordinates":[-110.937231,44.415503]},"properties":{"kind":"campsite","src":"osm","osm":"node/3064201092","name":"Summit Lake","fee":"yes","operator":"National Park Service","website":"https://www.nps.gov/yell/planyourvisit/backcountryhiking.htm","capacity":"6","reservation":"required","elev_ft":8566}},{"type":"Feature","geometry":{"type":"Point","coordinates":[-110.853365,44.564886]},"properties":{"kind":"campsite","src":"osm","osm":"node/3064201093","name":"Sentinel Meadows East","fee":"yes","operator":"National Park Service","website":"https://www.nps.gov/yell/planyourvisit/backcountryhiking.htm","capacity":"8","reservation":"required","elev_ft":7201}},{"type":"Feature","geometry":{"type":"Point","coordinates":[-110.887713,44.570686]},"properties":{"kind":"campsite","src":"osm","osm":"node/3064201094","fee":"yes","operator":"National Park Service","website":"https://www.nps.gov/yell/planyourvisit/backcountryhiking.htm","reservation":"required","elev_ft":7310}},{"type":"Feature","geometry":{"type":"Point","coordinates":[-111.032541,44.777248]},"properties":{"kind":"campsite","src":"osm","osm":"node/3064201095","name":"Gneiss Creek","fee":"yes","operator":"National Park Service","website":"https://www.nps.gov/yell/planyourvisit/backcountryhiking.htm","capacity":"10","reservation":"required","elev_ft":6631}},{"type":"Feature","geometry":{"type":"Point","coordinates":[-110.969557,44.923701]},"properties":{"kind":"campsite","src":"osm","osm":"node/3064201096","name":"Gallatin River","fee":"yes","operator":"National Park Service","website":"https://www.nps.gov/yell/planyourvisit/backcountryhiking.htm","capacity":"10","reservation":"required","elev_ft":7444}},{"type":"Feature","geometry":{"type":"Point","coordinates":[-110.956933,44.924426]},"properties":{"kind":"campsite","src":"osm","osm":"node/3064201097","name":"Gallatin River Stock","fee":"yes","operator":"National Park Service","website":"https://www.nps.gov/yell/planyourvisit/backcountryhiking.htm","desc":"Access for Stock Parties Only","capacity":"12","reservation":"required","elev_ft":7516}},{"type":"Feature","geometry":{"type":"Point","coordinates":[-110.945213,44.923358]},"properties":{"kind":"campsite","src":"osm","osm":"node/3064201098","name":"Upper Gallatin River Stock","fee":"yes","operator":"National Park Service","website":"https://www.nps.gov/yell/planyourvisit/backcountryhiking.htm","desc":"Access for Stock Parties Only","capacity":"12","reservation":"required","elev_ft":7530}},{"type":"Feature","geometry":{"type":"Point","coordinates":[-110.933727,44.9153]},"properties":{"kind":"campsite","src":"osm","osm":"node/3064201099","name":"Upper Gallatin River","fee":"yes","operator":"National Park Service","website":"https://www.nps.gov/yell/planyourvisit/backcountryhiking.htm","capacity":"10","reservation":"required","elev_ft":7615}},{"type":"Feature","geometry":{"type":"Point","coordinates":[-111.013145,44.97001]},"properties":{"kind":"campsite","src":"osm","osm":"node/3064201100","name":"Lower Fan Creek","fee":"yes","operator":"National Park Service","website":"https://www.nps.gov/yell/planyourvisit/backcountryhiking.htm","capacity":"10","reservation":"required","elev_ft":7365}},{"type":"Feature","geometry":{"type":"Point","coordinates":[-110.993345,44.986574]},"properties":{"kind":"campsite","src":"osm","osm":"node/3064201101","name":"Fan Creek","fee":"yes","operator":"National Park Service","website":"https://www.nps.gov/yell/planyourvisit/backcountryhiking.htm","desc":"Access for Stock Parties Only","capacity":"12","reservation":"required","elev_ft":7464}},{"type":"Feature","geometry":{"type":"Point","coordinates":[-110.966859,44.993042]},"properties":{"kind":"campsite","src":"osm","osm":"node/3064201102","name":"North Fork Fan Creek","fee":"yes","operator":"National Park Service","website":"https://www.nps.gov/yell/planyourvisit/backcountryhiking.htm","desc":"Access for Stock Parties Only","capacity":"12","reservation":"required","elev_ft":7612}},{"type":"Feature","geometry":{"type":"Point","coordinates":[-110.087929,44.729959]},"properties":{"kind":"campsite","src":"osm","osm":"node/3064201116","name":"3L9","elev_ft":7093}},{"type":"Feature","geometry":{"type":"Point","coordinates":[-110.593446,44.979707]},"properties":{"kind":"campsite","src":"osm","osm":"node/3064201117","name":"Lower Blacktail Creek","fee":"yes","operator":"National Park Service","website":"https://www.nps.gov/yell/planyourvisit/backcountryhiking.htm","capacity":"6","reservation":"required","elev_ft":6398}},{"type":"Feature","geometry":{"type":"Point","coordinates":[-110.624337,44.982207]},"properties":{"kind":"campsite","src":"osm","osm":"node/3064201118","name":"Rescue Creek","fee":"yes","operator":"National Park Service","website":"https://www.nps.gov/yell/planyourvisit/backcountryhiking.htm","capacity":"10","reservation":"required","elev_ft":6814}},{"type":"Feature","geometry":{"type":"Point","coordinates":[-110.655685,44.950174]},"properties":{"kind":"campsite","src":"osm","osm":"node/3064201119","name":"Lava Creek","fee":"yes","operator":"National Park Service","website":"https://www.nps.gov/yell/planyourvisit/backcountryhiking.htm","capacity":"6","reservation":"required","elev_ft":6165}},{"type":"Feature","geometry":{"type":"Point","coordinates":[-110.750525,44.887221]},"properties":{"kind":"campsite","src":"osm","osm":"node/3064201120","name":"Big Horn Pass Trail","fee":"yes","operator":"National Park Service","website":"https://www.nps.gov/yell/planyourvisit/backcountryhiking.htm","capacity":"10","reservation":"required","elev_ft":7395}},{"type":"Feature","geometry":{"type":"Point","coordinates":[-110.769566,44.825831]},"properties":{"kind":"campsite","src":"osm","osm":"node/3064201121","name":"Straight Creek South","fee":"yes","operator":"National Park Service","website":"https://www.nps.gov/yell/planyourvisit/backcountryhiking.htm","capacity":"10","reservation":"required","elev_ft":7467}},{"type":"Feature","geometry":{"type":"Point","coordinates":[-110.796903,44.812145]},"properties":{"kind":"campsite","src":"osm","osm":"node/3064201123","name":"Winter Creek","fee":"yes","operator":"National Park Service","website":"https://www.nps.gov/yell/planyourvisit/backcountryhiking.htm","capacity":"10","reservation":"required","elev_ft":7671}},{"type":"Feature","geometry":{"type":"Point","coordinates":[-110.798553,44.808403]},"properties":{"kind":"campsite","src":"osm","osm":"node/3064201124","name":"Winter Creek SW","fee":"yes","operator":"National Park Service","website":"https://www.nps.gov/yell/planyourvisit/backcountryhiking.htm","capacity":"10","reservation":"required","elev_ft":7684}},{"type":"Feature","geometry":{"type":"Point","coordinates":[-110.791061,44.954957]},"properties":{"kind":"campsite","src":"osm","osm":"node/3064201125","name":"Fawn Creek","fee":"yes","operator":"National Park Service","website":"https://www.nps.gov/yell/planyourvisit/backcountryhiking.htm","desc":"Access for Stock Parties Only","capacity":"12","reservation":"required","elev_ft":7733}},{"type":"Feature","geometry":{"type":"Point","coordinates":[-110.798719,44.957172]},"properties":{"kind":"campsite","src":"osm","osm":"node/3064201126","name":"Fawn Lake","fee":"yes","operator":"National Park Service","website":"https://www.nps.gov/yell/planyourvisit/backcountryhiking.htm","capacity":"10","reservation":"required","elev_ft":7831}},{"type":"Feature","geometry":{"type":"Point","coordinates":[-110.781557,44.952149]},"properties":{"kind":"campsite","src":"osm","osm":"node/3064201127","name":"Gardner\u2019s Hole","fee":"yes","operator":"National Park Service","website":"https://www.nps.gov/yell/planyourvisit/backcountryhiking.htm","capacity":"10","reservation":"required","elev_ft":7723}},{"type":"Feature","geometry":{"type":"Point","coordinates":[-110.80891,44.972093]},"properties":{"kind":"campsite","src":"osm","osm":"node/3064201128","name":"Gardner River","fee":"yes","operator":"National Park Service","website":"https://www.nps.gov/yell/planyourvisit/backcountryhiking.htm","capacity":"10","reservation":"required","elev_ft":8035}},{"type":"Feature","geometry":{"type":"Point","coordinates":[-110.811493,44.974424]},"properties":{"kind":"campsite","src":"osm","osm":"node/3064201129","name":"Upper Gardner River","fee":"yes","operator":"National Park Service","website":"https://www.nps.gov/yell/planyourvisit/backcountryhiking.htm","capacity":"10","reservation":"required","elev_ft":8064}},{"type":"Feature","geometry":{"type":"Point","coordinates":[-110.782603,44.94666]},"properties":{"kind":"campsite","src":"osm","osm":"node/3064201130","name":"Soldier\u2019s Corral","fee":"yes","operator":"National Park Service","website":"https://www.nps.gov/yell/planyourvisit/backcountryhiking.htm","desc":"Access for Stock Parties Only","capacity":"12","reservation":"required","elev_ft":7703}},{"type":"Feature","geometry":{"type":"Point","coordinates":[-110.513859,44.992021]},"properties":{"kind":"campsite","src":"osm","osm":"node/3064201132","name":"E Cottonwood Creek","fee":"yes","operator":"National Park Service","website":"https://www.nps.gov/yell/planyourvisit/backcountryhiking.htm","capacity":"6","reservation":"required","elev_ft":5604}},{"type":"Feature","geometry":{"type":"Point","coordinates":[-110.483736,44.990287]},"properties":{"kind":"campsite","src":"osm","osm":"node/3064201333","name":"Little Cottonwood Creek","fee":"yes","operator":"National Park Service","website":"https://www.nps.gov/yell/planyourvisit/backcountryhiking.htm","capacity":"10","reservation":"required","elev_ft":6230}},{"type":"Feature","geometry":{"type":"Point","coordinates":[-110.556961,44.992102]},"properties":{"kind":"campsite","src":"osm","osm":"node/3064201339","name":"Yellowstone River Trail","fee":"yes","operator":"National Park Service","website":"https://www.nps.gov/yell/planyourvisit/backcountryhiking.htm","capacity":"10","reservation":"required","elev_ft":5584}},{"type":"Feature","geometry":{"type":"Point","coordinates":[-110.564885,44.992033]},"properties":{"kind":"campsite","src":"osm","osm":"node/3064201340","name":"Oxbow Creek","fee":"yes","operator":"National Park Service","website":"https://www.nps.gov/yell/planyourvisit/backcountryhiking.htm","capacity":"6","reservation":"required","elev_ft":5591}},{"type":"Feature","geometry":{"type":"Point","coordinates":[-110.475112,44.974602]},"properties":{"kind":"campsite","src":"osm","osm":"node/3064201346","name":"N Yell/Hell Confluence","fee":"yes","operator":"National Park Service","website":"https://www.nps.gov/yell/planyourvisit/backcountryhiking.htm","capacity":"8","reservation":"required","elev_ft":5794}},{"type":"Feature","geometry":{"type":"Point","coordinates":[-110.475287,44.973608]},"properties":{"kind":"campsite","src":"osm","osm":"node/3064201347","name":"S Yell/Hell Confluence","fee":"yes","operator":"National Park Service","website":"https://www.nps.gov/yell/planyourvisit/backcountryhiking.htm","capacity":"6","reservation":"required","elev_ft":5761}},{"type":"Feature","geometry":{"type":"Point","coordinates":[-110.458743,44.972131]},"properties":{"kind":"campsite","src":"osm","osm":"node/3064201348","name":"Hellroaring Creek","fee":"yes","operator":"National Park Service","website":"https://www.nps.gov/yell/planyourvisit/backcountryhiking.htm","capacity":"10","reservation":"required","elev_ft":5856}},{"type":"Feature","geometry":{"type":"Point","coordinates":[-110.464742,44.975013]},"properties":{"kind":"campsite","src":"osm","osm":"node/3064201349","name":"Hellroaring Creek","fee":"yes","operator":"National Park Service","website":"https://www.nps.gov/yell/planyourvisit/backcountryhiking.htm","capacity":"6","reservation":"required","elev_ft":5843}},{"type":"Feature","geometry":{"type":"Point","coordinates":[-110.442828,44.977681]},"properties":{"kind":"campsite","src":"osm","osm":"node/3064201350","name":"Hellroaring Creek","fee":"yes","operator":"National Park Service","website":"https://www.nps.gov/yell/planyourvisit/backcountryhiking.htm","capacity":"8","reservation":"required","elev_ft":5945}},{"type":"Feature","geometry":{"type":"Point","coordinates":[-110.443727,44.97669]},"properties":{"kind":"campsite","src":"osm","osm":"node/3064201351","name":"Hellroaring Creek","fee":"yes","operator":"National Park Service","website":"https://www.nps.gov/yell/planyourvisit/backcountryhiking.htm","capacity":"8","reservation":"required","elev_ft":5955}},{"type":"Feature","geometry":{"type":"Point","coordinates":[-110.433003,44.983511]},"properties":{"kind":"campsite","src":"osm","osm":"node/3064201352","name":"Hellroaring Creek","fee":"yes","operator":"National Park Service","website":"https://www.nps.gov/yell/planyourvisit/backcountryhiking.htm","capacity":"10","reservation":"required","elev_ft":5978}},{"type":"Feature","geometry":{"type":"Point","coordinates":[-110.236348,44.970046]},"properties":{"kind":"campsite","src":"osm","osm":"node/3064201355","name":"Lower Slough Creek","fee":"yes","operator":"National Park Service","website":"https://www.nps.gov/yell/planyourvisit/backcountryhiking.htm","capacity":"8","reservation":"required","elev_ft":6591}},{"type":"Feature","geometry":{"type":"Point","coordinates":[-110.228162,44.96576]},"properties":{"kind":"campsite","src":"osm","osm":"node/3064201356","name":"Hornaday Creek","fee":"yes","operator":"National Park Service","website":"https://www.nps.gov/yell/planyourvisit/backcountryhiking.htm","capacity":"6","reservation":"required","elev_ft":6690}},{"type":"Feature","geometry":{"type":"Point","coordinates":[-110.212223,44.976381]},"properties":{"kind":"campsite","src":"osm","osm":"node/3064201357","name":"Slough Creek","fee":"yes","operator":"National Park Service","website":"https://www.nps.gov/yell/planyourvisit/backcountryhiking.htm","capacity":"6","reservation":"required","elev_ft":6693}},{"type":"Feature","geometry":{"type":"Point","coordinates":[-110.203962,44.990012]},"properties":{"kind":"campsite","src":"osm","osm":"node/3064201358","name":"Elk Tongue","fee":"yes","operator":"National Park Service","website":"https://www.nps.gov/yell/planyourvisit/backcountryhiking.htm","capacity":"8","reservation":"required","elev_ft":6614}},{"type":"Feature","geometry":{"type":"Point","coordinates":[-110.214019,44.993308]},"properties":{"kind":"campsite","src":"osm","osm":"node/3064201360","name":"Upper Slough Creek Stock Camp - South","fee":"yes","operator":"National Park Service","website":"https://www.nps.gov/yell/planyourvisit/backcountryhiking.htm","desc":"Access for Stock Parties Only","capacity":"12","reservation":"required","elev_ft":6732}},{"type":"Feature","geometry":{"type":"Point","coordinates":[-110.358219,44.852]},"properties":{"kind":"campsite","src":"osm","osm":"node/3064201362","name":"Agate Creek","fee":"yes","operator":"National Park Service","website":"https://www.nps.gov/yell/planyourvisit/backcountryhiking.htm","capacity":"8","reservation":"required","elev_ft":6496}},{"type":"Feature","geometry":{"type":"Point","coordinates":[-110.066627,44.853959]},"properties":{"kind":"campsite","src":"osm","osm":"node/3064201363","name":"Lower Cache Creek","fee":"yes","operator":"National Park Service","website":"https://www.nps.gov/yell/planyourvisit/backcountryhiking.htm","capacity":"12","reservation":"required","elev_ft":7116}},{"type":"Feature","geometry":{"type":"Point","coordinates":[-110.04797,44.874226]},"properties":{"kind":"campsite","src":"osm","osm":"node/3064201364","name":"Cache Creek","fee":"yes","operator":"National Park Service","website":"https://www.nps.gov/yell/planyourvisit/backcountryhiking.htm","capacity":"12","reservation":"required","elev_ft":7274}},{"type":"Feature","geometry":{"type":"Point","coordinates":[-110.004633,44.923179]},"properties":{"kind":"campsite","src":"osm","osm":"node/3064201365","name":"Upper Cache Creek","fee":"yes","operator":"National Park Service","website":"https://www.nps.gov/yell/planyourvisit/backcountryhiking.htm","capacity":"12","reservation":"required","elev_ft":7864}},{"type":"Feature","geometry":{"type":"Point","coordinates":[-110.052419,44.679324]},"properties":{"kind":"campsite","src":"osm","osm":"node/3064201366","name":"Cold Creek","fee":"yes","operator":"National Park Service","website":"https://www.nps.gov/yell/planyourvisit/backcountryhiking.htm","capacity":"6","reservation":"required","elev_ft":7323}},{"type":"Feature","geometry":{"type":"Point","coordinates":[-110.041566,44.669533]},"properties":{"kind":"campsite","src":"osm","osm":"node/3064201367","name":"Lemon City","fee":"yes","operator":"National Park Service","website":"https://www.nps.gov/yell/planyourvisit/backcountryhiking.htm","capacity":"12","reservation":"required","elev_ft":7369}},{"type":"Feature","geometry":{"type":"Point","coordinates":[-110.143287,44.831262]},"properties":{"kind":"campsite","src":"osm","osm":"node/3064201368","name":"Cache Creek Ford N","fee":"yes","operator":"National Park Service","website":"https://www.nps.gov/yell/planyourvisit/backcountryhiking.htm","capacity":"12","reservation":"required","elev_ft":6755}},{"type":"Feature","geometry":{"type":"Point","coordinates":[-110.149236,44.831091]},"properties":{"kind":"campsite","src":"osm","osm":"node/3064201369","name":"Cache Creek Ford S.","fee":"yes","operator":"National Park Service","website":"https://www.nps.gov/yell/planyourvisit/backcountryhiking.htm","capacity":"12","reservation":"required","elev_ft":6752}},{"type":"Feature","geometry":{"type":"Point","coordinates":[-110.142526,44.813342]},"properties":{"kind":"campsite","src":"osm","osm":"node/3064201370","name":"Lower Lamar","fee":"yes","operator":"National Park Service","website":"https://www.nps.gov/yell/planyourvisit/backcountryhiking.htm","capacity":"12","reservation":"required","elev_ft":6775}},{"type":"Feature","geometry":{"type":"Point","coordinates":[-110.135322,44.807549]},"properties":{"kind":"campsite","src":"osm","osm":"node/3064201371","name":"Lower Lamar Bench","fee":"yes","operator":"National Park Service","website":"https://www.nps.gov/yell/planyourvisit/backcountryhiking.htm","capacity":"12","reservation":"required","elev_ft":6791}},{"type":"Feature","geometry":{"type":"Point","coordinates":[-110.097871,44.755438]},"properties":{"kind":"campsite","src":"osm","osm":"node/3064201372","name":"Middle Lamar Stock","fee":"yes","operator":"National Park Service","website":"https://www.nps.gov/yell/planyourvisit/backcountryhiking.htm","desc":"Access for Stock Parties Only","capacity":"12","reservation":"required","elev_ft":7008}},{"type":"Feature","geometry":{"type":"Point","coordinates":[-110.097057,44.753473]},"properties":{"kind":"campsite","src":"osm","osm":"node/3064201373","name":"Middle Lamar","fee":"yes","operator":"National Park Service","website":"https://www.nps.gov/yell/planyourvisit/backcountryhiking.htm","capacity":"12","reservation":"required","elev_ft":7005}},{"type":"Feature","geometry":{"type":"Point","coordinates":[-110.086051,44.718114]},"properties":{"kind":"campsite","src":"osm","osm":"node/3064201374","name":"Warm Spring Meadow","fee":"yes","operator":"National Park Service","website":"https://www.nps.gov/yell/planyourvisit/backcountryhiking.htm","capacity":"12","reservation":"required","elev_ft":7113}},{"type":"Feature","geometry":{"type":"Point","coordinates":[-110.075037,44.761723]},"properties":{"kind":"campsite","src":"osm","osm":"node/3064201375","name":"Appaloosa Meadows","fee":"yes","operator":"National Park Service","website":"https://www.nps.gov/yell/planyourvisit/backcountryhiking.htm","capacity":"12","reservation":"required","elev_ft":7077}},{"type":"Feature","geometry":{"type":"Point","coordinates":[-110.04449,44.75562]},"properties":{"kind":"campsite","src":"osm","osm":"node/3064201376","name":"Lower Miller Creek","fee":"yes","operator":"National Park Service","website":"https://www.nps.gov/yell/planyourvisit/backcountryhiking.htm","capacity":"12","reservation":"required","elev_ft":7228}},{"type":"Feature","geometry":{"type":"Point","coordinates":[-110.031269,44.751539]},"properties":{"kind":"campsite","src":"osm","osm":"node/3064201377","name":"Miller Creek","fee":"yes","operator":"National Park Service","website":"https://www.nps.gov/yell/planyourvisit/backcountryhiking.htm","capacity":"12","reservation":"required","elev_ft":7274}},{"type":"Feature","geometry":{"type":"Point","coordinates":[-109.978114,44.751102]},"properties":{"kind":"campsite","src":"osm","osm":"node/3064201378","name":"3M4","fee":"yes","operator":"National Park Service","website":"https://www.nps.gov/yell/planyourvisit/backcountryhiking.htm","reservation":"required","elev_ft":7470}},{"type":"Feature","geometry":{"type":"Point","coordinates":[-109.97068,44.750086]},"properties":{"kind":"campsite","src":"osm","osm":"node/3064201379","name":"Canoe Lake Junction","fee":"yes","operator":"National Park Service","website":"https://www.nps.gov/yell/planyourvisit/backcountryhiking.htm","capacity":"12","reservation":"required","elev_ft":7562}},{"type":"Feature","geometry":{"type":"Point","coordinates":[-109.884509,44.727671]},"properties":{"kind":"campsite","src":"osm","osm":"node/3064201380","name":"12","fee":"yes","operator":"National Park Service","website":"https://www.nps.gov/yell/planyourvisit/backcountryhiking.htm","capacity":"Hoodoo Basin","reservation":"required","elev_ft":9386}},{"type":"Feature","geometry":{"type":"Point","coordinates":[-109.866337,44.727546]},"properties":{"kind":"campsite","src":"osm","osm":"node/3064201381","name":"Boundary","fee":"yes","operator":"National Park Service","website":"https://www.nps.gov/yell/planyourvisit/backcountryhiking.htm","capacity":"12","reservation":"required","elev_ft":9705}},{"type":"Feature","geometry":{"type":"Point","coordinates":[-110.118588,44.958985]},"properties":{"kind":"campsite","src":"osm","osm":"node/3064201382","name":"Lower Pebble Creek","fee":"yes","operator":"National Park Service","website":"https://www.nps.gov/yell/planyourvisit/backcountryhiking.htm","capacity":"12","reservation":"required","elev_ft":7526}},{"type":"Feature","geometry":{"type":"Point","coordinates":[-110.110268,44.994793]},"properties":{"kind":"campsite","src":"osm","osm":"node/3064201383","name":"Pebble Creek","fee":"yes","operator":"National Park Service","website":"https://www.nps.gov/yell/planyourvisit/backcountryhiking.htm","capacity":"12","reservation":"required","elev_ft":7789}},{"type":"Feature","geometry":{"type":"Point","coordinates":[-110.107003,45.001204]},"properties":{"kind":"campsite","src":"osm","osm":"node/3064201384","name":"Bliss Pass Jct","fee":"yes","operator":"National Park Service","website":"https://www.nps.gov/yell/planyourvisit/backcountryhiking.htm","capacity":"6","reservation":"required","elev_ft":7822}},{"type":"Feature","geometry":{"type":"Point","coordinates":[-110.057957,44.675989]},"properties":{"kind":"campsite","src":"osm","osm":"node/3064201387","name":"3T1","fee":"yes","operator":"National Park Service","website":"https://www.nps.gov/yell/planyourvisit/backcountryhiking.htm","reservation":"required","elev_ft":7343}},{"type":"Feature","geometry":{"type":"Point","coordinates":[-110.11832,44.621727]},"properties":{"kind":"campsite","src":"osm","osm":"node/3064201388","name":"Mist Creek Meadows","fee":"yes","operator":"National Park Service","website":"https://www.nps.gov/yell/planyourvisit/backcountryhiking.htm","capacity":"12","reservation":"required","elev_ft":8136}},{"type":"Feature","geometry":{"type":"Point","coordinates":[-110.133846,44.613676]},"properties":{"kind":"campsite","src":"osm","osm":"node/3064201389","name":"Mist Creek Pass","fee":"yes","operator":"National Park Service","website":"https://www.nps.gov/yell/planyourvisit/backcountryhiking.htm","capacity":"12","reservation":"required","elev_ft":8136}},{"type":"Feature","geometry":{"type":"Point","coordinates":[-110.080271,44.702323]},"properties":{"kind":"campsite","src":"osm","osm":"node/3064201390","name":"Willow Creek","fee":"yes","operator":"National Park Service","website":"https://www.nps.gov/yell/planyourvisit/backcountryhiking.htm","capacity":"12","reservation":"required","elev_ft":7178}},{"type":"Feature","geometry":{"type":"Point","coordinates":[-110.068205,44.689905]},"properties":{"kind":"campsite","src":"osm","osm":"node/3064201391","name":"Little Saddle Creek","fee":"yes","operator":"National Park Service","website":"https://www.nps.gov/yell/planyourvisit/backcountryhiking.htm","capacity":"12","reservation":"required","elev_ft":7270}},{"type":"Feature","geometry":{"type":"Point","coordinates":[-110.057661,44.67907]},"properties":{"kind":"campsite","src":"osm","osm":"node/3064201392","name":"Cold Creek Jct","fee":"yes","operator":"National Park Service","website":"https://www.nps.gov/yell/planyourvisit/backcountryhiking.htm","desc":"Access for Stock Parties Only","capacity":"12","reservation":"required","elev_ft":7293}},{"type":"Feature","geometry":{"type":"Point","coordinates":[-110.322806,44.735626]},"properties":{"kind":"campsite","src":"osm","osm":"node/3064201393","name":"Joseph\u2019s Coat Spring","fee":"yes","operator":"National Park Service","website":"https://www.nps.gov/yell/planyourvisit/backcountryhiking.htm","capacity":"6","reservation":"required","elev_ft":8110}},{"type":"Feature","geometry":{"type":"Point","coordinates":[-110.303173,44.730183]},"properties":{"kind":"campsite","src":"osm","osm":"node/3064201394","fee":"yes","operator":"National Park Service","website":"https://www.nps.gov/yell/planyourvisit/backcountryhiking.htm","reservation":"required","elev_ft":8123}},{"type":"Feature","geometry":{"type":"Point","coordinates":[-110.282056,44.710769]},"properties":{"kind":"campsite","src":"osm","osm":"node/3064201395","name":"Broad Creek","fee":"yes","operator":"National Park Service","website":"https://www.nps.gov/yell/planyourvisit/backcountryhiking.htm","capacity":"12","reservation":"required","elev_ft":8179}},{"type":"Feature","geometry":{"type":"Point","coordinates":[-110.273416,44.71161]},"properties":{"kind":"campsite","src":"osm","osm":"node/3064201396","name":"Wapiti Junction","fee":"yes","operator":"National Park Service","website":"https://www.nps.gov/yell/planyourvisit/backcountryhiking.htm","capacity":"12","reservation":"required","elev_ft":8186}},{"type":"Feature","geometry":{"type":"Point","coordinates":[-110.413875,44.748269]},"properties":{"kind":"campsite","src":"osm","osm":"node/3064201397","name":"Old Seven Mile Hole","fee":"yes","operator":"National Park Service","website":"https://www.nps.gov/yell/planyourvisit/backcountryhiking.htm","capacity":"8","reservation":"required","elev_ft":6804}},{"type":"Feature","geometry":{"type":"Point","coordinates":[-110.405384,44.753325]},"properties":{"kind":"campsite","src":"osm","osm":"node/3064201398","name":"Sulphur Creek","fee":"yes","operator":"National Park Service","website":"https://www.nps.gov/yell/planyourvisit/backcountryhiking.htm","capacity":"8","reservation":"required","elev_ft":6778}},{"type":"Feature","geometry":{"type":"Point","coordinates":[-110.401381,44.755042]},"properties":{"kind":"campsite","src":"osm","osm":"node/3064201399","name":"Seven Mile Hole","fee":"yes","operator":"National Park Service","website":"https://www.nps.gov/yell/planyourvisit/backcountryhiking.htm","capacity":"8","reservation":"required","elev_ft":6798}},{"type":"Feature","geometry":{"type":"Point","coordinates":[-110.631943,44.722475]},"properties":{"kind":"campsite","src":"osm","osm":"node/3064201400","name":"Ice Lake North","fee":"yes","operator":"National Park Service","website":"https://www.nps.gov/yell/planyourvisit/backcountryhiking.htm","capacity":"6","reservation":"required","elev_ft":7923}},{"type":"Feature","geometry":{"type":"Point","coordinates":[-110.620315,44.722036]},"properties":{"kind":"campsite","src":"osm","osm":"node/3064201401","name":"Ice Lake East","fee":"yes","operator":"National Park Service","website":"https://www.nps.gov/yell/planyourvisit/backcountryhiking.htm","capacity":"8","reservation":"required","elev_ft":7907}},{"type":"Feature","geometry":{"type":"Point","coordinates":[-110.633046,44.720124]},"properties":{"kind":"campsite","src":"osm","osm":"node/3064201402","name":"Ice Lake South","fee":"yes","operator":"National Park Service","website":"https://www.nps.gov/yell/planyourvisit/backcountryhiking.htm","capacity":"4","reservation":"required","elev_ft":7907}},{"type":"Feature","geometry":{"type":"Point","coordinates":[-110.411171,44.77754]},"properties":{"kind":"campsite","src":"osm","osm":"node/3064201403","fee":"yes","operator":"National Park Service","website":"https://www.nps.gov/yell/planyourvisit/backcountryhiking.htm","reservation":"required","elev_ft":8209}},{"type":"Feature","geometry":{"type":"Point","coordinates":[-110.527951,44.74977]},"properties":{"kind":"campsite","src":"osm","osm":"node/3064201404","name":"Cascade Lake West","fee":"yes","operator":"National Park Service","website":"https://www.nps.gov/yell/planyourvisit/backcountryhiking.htm","capacity":"4","reservation":"required","elev_ft":8068}},{"type":"Feature","geometry":{"type":"Point","coordinates":[-110.524256,44.756209]},"properties":{"kind":"campsite","src":"osm","osm":"node/3064201405","name":"Cascade Lake North","fee":"yes","operator":"National Park Service","website":"https://www.nps.gov/yell/planyourvisit/backcountryhiking.htm","capacity":"8","reservation":"required","elev_ft":8107}},{"type":"Feature","geometry":{"type":"Point","coordinates":[-110.517012,44.755085]},"properties":{"kind":"campsite","src":"osm","osm":"node/3064201406","name":"Cascade Creek","fee":"yes","operator":"National Park Service","website":"https://www.nps.gov/yell/planyourvisit/backcountryhiking.htm","capacity":"8","reservation":"required","elev_ft":8015}},{"type":"Feature","geometry":{"type":"Point","coordinates":[-110.664205,44.730042]},"properties":{"kind":"campsite","src":"osm","osm":"node/3064201407","name":"Norris Meadows","fee":"yes","operator":"National Park Service","website":"https://www.nps.gov/yell/planyourvisit/backcountryhiking.htm","capacity":"8","reservation":"required","elev_ft":7579}},{"type":"Feature","geometry":{"type":"Point","coordinates":[-110.555708,44.749242]},"properties":{"kind":"campsite","src":"osm","osm":"node/3064201408","name":"Grebe Lake Southeast","fee":"yes","operator":"National Park Service","website":"https://www.nps.gov/yell/planyourvisit/backcountryhiking.htm","capacity":"8","reservation":"required","elev_ft":8041}},{"type":"Feature","geometry":{"type":"Point","coordinates":[-110.552253,44.754103]},"properties":{"kind":"campsite","src":"osm","osm":"node/3064201409","name":"Grebe Lake East","fee":"yes","operator":"National Park Service","website":"https://www.nps.gov/yell/planyourvisit/backcountryhiking.htm","capacity":"8","reservation":"required","elev_ft":8071}},{"type":"Feature","geometry":{"type":"Point","coordinates":[-110.559899,44.755299]},"properties":{"kind":"campsite","src":"osm","osm":"node/3064201410","name":"Grebe Lake North","fee":"yes","operator":"National Park Service","website":"https://www.nps.gov/yell/planyourvisit/backcountryhiking.htm","capacity":"8","reservation":"required","elev_ft":8058}},{"type":"Feature","geometry":{"type":"Point","coordinates":[-110.564346,44.753651]},"properties":{"kind":"campsite","src":"osm","osm":"node/3064201411","name":"Grebe Lake Outlet","fee":"yes","operator":"National Park Service","website":"https://www.nps.gov/yell/planyourvisit/backcountryhiking.htm","capacity":"8","reservation":"required","elev_ft":8068}},{"type":"Feature","geometry":{"type":"Point","coordinates":[-110.580744,44.745565]},"properties":{"kind":"campsite","src":"osm","osm":"node/3064201412","name":"Wolf Lake","fee":"yes","operator":"National Park Service","website":"https://www.nps.gov/yell/planyourvisit/backcountryhiking.htm","capacity":"8","reservation":"required","elev_ft":8012}},{"type":"Feature","geometry":{"type":"Point","coordinates":[-110.585902,44.743414]},"properties":{"kind":"campsite","src":"osm","osm":"node/3064201413","name":"Wolf Lake Outlet","fee":"yes","operator":"National Park Service","website":"https://www.nps.gov/yell/planyourvisit/backcountryhiking.htm","capacity":"8","reservation":"required","elev_ft":8031}},{"type":"Feature","geometry":{"type":"Point","coordinates":[-110.362585,44.726767]},"properties":{"kind":"campsite","src":"osm","osm":"node/3064201414","name":"Moss Creek","fee":"yes","operator":"National Park Service","website":"https://www.nps.gov/yell/planyourvisit/backcountryhiking.htm","capacity":"12","reservation":"required","elev_ft":8533}},{"type":"Feature","geometry":{"type":"Point","coordinates":[-110.546315,44.771558]},"properties":{"kind":"campsite","src":"osm","osm":"node/3064201415","name":"Observation Peak","fee":"yes","operator":"National Park Service","website":"https://www.nps.gov/yell/planyourvisit/backcountryhiking.htm","capacity":"8","reservation":"required","elev_ft":9360}},{"type":"Feature","geometry":{"type":"Point","coordinates":[-110.449847,44.724362]},"properties":{"kind":"campsite","src":"osm","osm":"node/3064201416","name":"4R1 - Ribbon Lake West","fee":"yes","operator":"National Park Service","website":"https://www.nps.gov/yell/planyourvisit/backcountryhiking.htm","capacity":"8","reservation":"required","elev_ft":7881}},{"type":"Feature","geometry":{"type":"Point","coordinates":[-110.44755,44.72612]},"properties":{"kind":"campsite","src":"osm","osm":"node/3064201417","name":"4R2 - Ribbon Lake North","fee":"yes","operator":"National Park Service","website":"https://www.nps.gov/yell/planyourvisit/backcountryhiking.htm","capacity":"8","reservation":"required","elev_ft":7874}},{"type":"Feature","geometry":{"type":"Point","coordinates":[-110.436325,44.685114]},"properties":{"kind":"campsite","src":"osm","osm":"node/3064201418","name":"4W1 - Wrangler Lake","fee":"yes","operator":"National Park Service","website":"https://www.nps.gov/yell/planyourvisit/backcountryhiking.htm","capacity":"12","reservation":"required","elev_ft":7871}},{"type":"Feature","geometry":{"type":"Point","coordinates":[-110.255544,44.7202]},"properties":{"kind":"campsite","src":"osm","osm":"node/3064201419","name":"Wapiti Lake Point","fee":"yes","operator":"National Park Service","website":"https://www.nps.gov/yell/planyourvisit/backcountryhiking.htm","capacity":"8","reservation":"required","elev_ft":8494}},{"type":"Feature","geometry":{"type":"Point","coordinates":[-110.254758,44.721185]},"properties":{"kind":"campsite","src":"osm","osm":"node/3064201420","name":"Wapiti Lake","fee":"yes","operator":"National Park Service","website":"https://www.nps.gov/yell/planyourvisit/backcountryhiking.htm","capacity":"8","reservation":"required","elev_ft":8474}},{"type":"Feature","geometry":{"type":"Point","coordinates":[-110.266237,44.686335]},"properties":{"kind":"campsite","src":"osm","osm":"node/3064201421","name":"Fern Lake","fee":"yes","operator":"National Park Service","website":"https://www.nps.gov/yell/planyourvisit/backcountryhiking.htm","capacity":"12","reservation":"required","elev_ft":8238}},{"type":"Feature","geometry":{"type":"Point","coordinates":[-110.261179,44.69765]},"properties":{"kind":"campsite","src":"osm","osm":"node/3064201422","name":"Upper Broad Creek","fee":"yes","operator":"National Park Service","website":"https://www.nps.gov/yell/planyourvisit/backcountryhiking.htm","capacity":"12","reservation":"required","elev_ft":8235}},{"type":"Feature","geometry":{"type":"Point","coordinates":[-110.181192,44.324929]},"properties":{"kind":"campsite","src":"osm","osm":"node/3064201423","name":"Beaverdam Trail","fee":"yes","operator":"National Park Service","website":"https://www.nps.gov/yell/planyourvisit/backcountryhiking.htm","capacity":"12","reservation":"required","elev_ft":7828}},{"type":"Feature","geometry":{"type":"Point","coordinates":[-110.22184,44.334212]},"properties":{"kind":"campsite","src":"osm","osm":"node/3064201424","name":"Terrace Point","fee":"yes","operator":"National Park Service","website":"https://www.nps.gov/yell/planyourvisit/backcountryhiking.htm","capacity":"12","reservation":"required","elev_ft":7766}},{"type":"Feature","geometry":{"type":"Point","coordinates":[-110.226582,44.351903]},"properties":{"kind":"campsite","src":"osm","osm":"node/3064201425","name":"Brimstone Point","fee":"yes","operator":"National Park Service","website":"https://www.nps.gov/yell/planyourvisit/backcountryhiking.htm","capacity":"12","reservation":"required","elev_ft":7769}},{"type":"Feature","geometry":{"type":"Point","coordinates":[-110.228356,44.374247]},"properties":{"kind":"campsite","src":"osm","osm":"node/3064201426","name":"Brimstone Bay","fee":"yes","operator":"National Park Service","website":"https://www.nps.gov/yell/planyourvisit/backcountryhiking.htm","capacity":"12","reservation":"required","elev_ft":7802}},{"type":"Feature","geometry":{"type":"Point","coordinates":[-110.254834,44.404893]},"properties":{"kind":"campsite","src":"osm","osm":"node/3064201427","fee":"yes","operator":"National Park Service","website":"https://www.nps.gov/yell/planyourvisit/backcountryhiking.htm","reservation":"required","elev_ft":7746}},{"type":"Feature","geometry":{"type":"Point","coordinates":[-110.2556,44.405825]},"properties":{"kind":"campsite","src":"osm","osm":"node/3064201428","name":"Columbine Meadow","fee":"yes","operator":"National Park Service","website":"https://www.nps.gov/yell/planyourvisit/backcountryhiking.htm","capacity":"12","reservation":"required","elev_ft":7762}},{"type":"Feature","geometry":{"type":"Point","coordinates":[-110.2862,44.427038]},"properties":{"kind":"campsite","src":"osm","osm":"node/3064201429","name":"Meadow Creek","fee":"yes","operator":"National Park Service","website":"https://www.nps.gov/yell/planyourvisit/backcountryhiking.htm","capacity":"12","reservation":"required","elev_ft":7769}},{"type":"Feature","geometry":{"type":"Point","coordinates":[-110.288667,44.424253]},"properties":{"kind":"campsite","src":"osm","osm":"node/3064201430","name":"Park Point S","fee":"yes","operator":"National Park Service","website":"https://www.nps.gov/yell/planyourvisit/backcountryhiking.htm","capacity":"12","reservation":"required","elev_ft":7782}},{"type":"Feature","geometry":{"type":"Point","coordinates":[-110.293651,44.428493]},"properties":{"kind":"campsite","src":"osm","osm":"node/3064201431","name":"Park Point N","fee":"yes","operator":"National Park Service","website":"https://www.nps.gov/yell/planyourvisit/backcountryhiking.htm","capacity":"12","reservation":"required","elev_ft":7769}},{"type":"Feature","geometry":{"type":"Point","coordinates":[-110.308227,44.276473]},"properties":{"kind":"campsite","src":"osm","osm":"node/3064201432","name":"Monument Camp","fee":"yes","operator":"National Park Service","website":"https://www.nps.gov/yell/planyourvisit/backcountryhiking.htm","capacity":"8","reservation":"required","elev_ft":7776}},{"type":"Feature","geometry":{"type":"Point","coordinates":[-110.304524,44.298454]},"properties":{"kind":"campsite","src":"osm","osm":"node/3064201433","name":"Chipmunk Creek Outlet","fee":"yes","operator":"National Park Service","website":"https://www.nps.gov/yell/planyourvisit/backcountryhiking.htm","capacity":"12","reservation":"required","elev_ft":7756}},{"type":"Feature","geometry":{"type":"Point","coordinates":[-110.328608,44.350068]},"properties":{"kind":"campsite","src":"osm","osm":"node/3064201434","name":"Promontory Point","fee":"yes","operator":"National Park Service","website":"https://www.nps.gov/yell/planyourvisit/backcountryhiking.htm","capacity":"12","reservation":"required","elev_ft":7766}},{"type":"Feature","geometry":{"type":"Point","coordinates":[-110.318963,44.363984]},"properties":{"kind":"campsite","src":"osm","osm":"node/3064201435","name":"Promontory Shore","fee":"yes","operator":"National Park Service","website":"https://www.nps.gov/yell/planyourvisit/backcountryhiking.htm","capacity":"12","reservation":"required","elev_ft":7792}},{"type":"Feature","geometry":{"type":"Point","coordinates":[-110.298699,44.37642]},"properties":{"kind":"campsite","src":"osm","osm":"node/3064201436","name":"Promontory Bay","fee":"yes","operator":"National Park Service","website":"https://www.nps.gov/yell/planyourvisit/backcountryhiking.htm","capacity":"12","reservation":"required","elev_ft":7753}},{"type":"Feature","geometry":{"type":"Point","coordinates":[-110.28484,44.392629]},"properties":{"kind":"campsite","src":"osm","osm":"node/3064201437","name":"Promontory Tip","fee":"yes","operator":"National Park Service","website":"https://www.nps.gov/yell/planyourvisit/backcountryhiking.htm","capacity":"8","reservation":"required","elev_ft":7753}},{"type":"Feature","geometry":{"type":"Point","coordinates":[-110.252898,44.302886]},"properties":{"kind":"campsite","src":"osm","osm":"node/3064201438","name":"SE Arm Inlet","fee":"yes","operator":"National Park Service","website":"https://www.nps.gov/yell/planyourvisit/backcountryhiking.htm","capacity":"10","reservation":"required","elev_ft":7746}},{"type":"Feature","geometry":{"type":"Point","coordinates":[-110.233426,44.303036]},"properties":{"kind":"campsite","src":"osm","osm":"node/3064201439","name":"Trail Point","fee":"yes","operator":"National Park Service","website":"https://www.nps.gov/yell/planyourvisit/backcountryhiking.htm","capacity":"12","reservation":"required","elev_ft":7743}},{"type":"Feature","geometry":{"type":"Point","coordinates":[-110.221733,44.294647]},"properties":{"kind":"campsite","src":"osm","osm":"node/3064201440","name":"Trail Bay","fee":"yes","operator":"National Park Service","website":"https://www.nps.gov/yell/planyourvisit/backcountryhiking.htm","capacity":"12","reservation":"required","elev_ft":7753}},{"type":"Feature","geometry":{"type":"Point","coordinates":[-110.155334,44.296546]},"properties":{"kind":"campsite","src":"osm","osm":"node/3064201441","name":"Lower Ford","fee":"yes","operator":"National Park Service","website":"https://www.nps.gov/yell/planyourvisit/backcountryhiking.htm","capacity":"12","reservation":"required","elev_ft":7789}},{"type":"Feature","geometry":{"type":"Point","coordinates":[-110.150654,44.290045]},"properties":{"kind":"campsite","src":"osm","osm":"node/3064201442","name":"Upper Ford","fee":"yes","operator":"National Park Service","website":"https://www.nps.gov/yell/planyourvisit/backcountryhiking.htm","capacity":"8","reservation":"required","elev_ft":7769}},{"type":"Feature","geometry":{"type":"Point","coordinates":[-110.177993,44.323884]},"properties":{"kind":"campsite","src":"osm","osm":"node/3064201443","name":"Beaverdam Meadow","fee":"yes","operator":"National Park Service","website":"https://www.nps.gov/yell/planyourvisit/backcountryhiking.htm","capacity":"12","reservation":"required","elev_ft":7815}},{"type":"Feature","geometry":{"type":"Point","coordinates":[-110.128514,44.269697]},"properties":{"kind":"campsite","src":"osm","osm":"node/3064201444","name":"Colter Meadows","fee":"yes","operator":"National Park Service","website":"https://www.nps.gov/yell/planyourvisit/backcountryhiking.htm","capacity":"12","reservation":"required","elev_ft":7825}},{"type":"Feature","geometry":{"type":"Point","coordinates":[-110.13408,44.251013]},"properties":{"kind":"campsite","src":"osm","osm":"node/3064201445","name":"River\u2019s Edge","fee":"yes","operator":"National Park Service","website":"https://www.nps.gov/yell/planyourvisit/backcountryhiking.htm","capacity":"12","reservation":"required","elev_ft":7792}},{"type":"Feature","geometry":{"type":"Point","coordinates":[-110.114907,44.259361]},"properties":{"kind":"campsite","src":"osm","osm":"node/3064201446","name":"Turret View","fee":"yes","operator":"National Park Service","website":"https://www.nps.gov/yell/planyourvisit/backcountryhiking.htm","capacity":"10","reservation":"required","elev_ft":7848}},{"type":"Feature","geometry":{"type":"Point","coordinates":[-110.128901,44.22437]},"properties":{"kind":"campsite","src":"osm","osm":"node/3064201447","name":"Lower Mountain Creek","fee":"yes","operator":"National Park Service","website":"https://www.nps.gov/yell/planyourvisit/backcountryhiking.htm","capacity":"12","reservation":"required","elev_ft":7825}},{"type":"Feature","geometry":{"type":"Point","coordinates":[-110.106712,44.230157]},"properties":{"kind":"campsite","src":"osm","osm":"node/3064201448","name":"Mountain Creek Ford","fee":"yes","operator":"National Park Service","website":"https://www.nps.gov/yell/planyourvisit/backcountryhiking.htm","capacity":"12","reservation":"required","elev_ft":7877}},{"type":"Feature","geometry":{"type":"Point","coordinates":[-110.101821,44.231003]},"properties":{"kind":"campsite","src":"osm","osm":"node/3064201449","name":"Mountain Creek Stock","fee":"yes","operator":"National Park Service","website":"https://www.nps.gov/yell/planyourvisit/backcountryhiking.htm","desc":"Access for Stock Parties Only","capacity":"12","reservation":"required","elev_ft":7884}},{"type":"Feature","geometry":{"type":"Point","coordinates":[-110.058455,44.243685]},"properties":{"kind":"campsite","src":"osm","osm":"node/3064201450","name":"Mountain Creek","fee":"yes","operator":"National Park Service","website":"https://www.nps.gov/yell/planyourvisit/backcountryhiking.htm","capacity":"12","reservation":"required","elev_ft":8054}},{"type":"Feature","geometry":{"type":"Point","coordinates":[-110.025874,44.267086]},"properties":{"kind":"campsite","src":"osm","osm":"node/3064201451","name":"Howell Creek","fee":"yes","operator":"National Park Service","website":"https://www.nps.gov/yell/planyourvisit/backcountryhiking.htm","capacity":"12","reservation":"required","elev_ft":8268}},{"type":"Feature","geometry":{"type":"Point","coordinates":[-110.018631,44.277143]},"properties":{"kind":"campsite","src":"osm","osm":"node/3064201452","name":"Table Mountain","fee":"yes","operator":"National Park Service","website":"https://www.nps.gov/yell/planyourvisit/backcountryhiking.htm","capacity":"12","reservation":"required","elev_ft":8356}},{"type":"Feature","geometry":{"type":"Point","coordinates":[-110.003085,44.304314]},"properties":{"kind":"campsite","src":"osm","osm":"node/3064201453","name":"Upper Howell Creek","fee":"yes","operator":"National Park Service","website":"https://www.nps.gov/yell/planyourvisit/backcountryhiking.htm","capacity":"12","reservation":"required","elev_ft":8606}},{"type":"Feature","geometry":{"type":"Point","coordinates":[-110.236996,44.153109]},"properties":{"kind":"campsite","src":"osm","osm":"node/3064201454","name":"Mariposa Lake","fee":"yes","operator":"National Park Service","website":"https://www.nps.gov/yell/planyourvisit/backcountryhiking.htm","capacity":"8","reservation":"required","elev_ft":8999}},{"type":"Feature","geometry":{"type":"Point","coordinates":[-110.261088,44.152146]},"properties":{"kind":"campsite","src":"osm","osm":"node/3064201455","name":"Two Ocean Plateau Trail Junction","fee":"yes","operator":"National Park Service","website":"https://www.nps.gov/yell/planyourvisit/backcountryhiking.htm","capacity":"12","reservation":"required","elev_ft":8609}},{"type":"Feature","geometry":{"type":"Point","coordinates":[-110.259558,44.203144]},"properties":{"kind":"campsite","src":"osm","osm":"node/3064201456","name":"Upper Passage Creek","fee":"yes","operator":"National Park Service","website":"https://www.nps.gov/yell/planyourvisit/backcountryhiking.htm","capacity":"12","reservation":"required","elev_ft":8684}},{"type":"Feature","geometry":{"type":"Point","coordinates":[-110.297443,44.134697]},"properties":{"kind":"campsite","src":"osm","osm":"node/3064201457","name":"Fox Creek","fee":"yes","operator":"National Park Service","website":"https://www.nps.gov/yell/planyourvisit/backcountryhiking.htm","capacity":"12","reservation":"required","elev_ft":8232}},{"type":"Feature","geometry":{"type":"Point","coordinates":[-110.104172,44.139265]},"properties":{"kind":"campsite","src":"osm","osm":"node/3064201458","name":"South Thorofare","fee":"yes","operator":"National Park Service","website":"https://www.nps.gov/yell/planyourvisit/backcountryhiking.htm","capacity":"12","reservation":"required","elev_ft":7851}},{"type":"Feature","geometry":{"type":"Point","coordinates":[-110.106156,44.143116]},"properties":{"kind":"campsite","src":"osm","osm":"node/3064201459","name":"North Thorofare","fee":"yes","operator":"National Park Service","website":"https://www.nps.gov/yell/planyourvisit/backcountryhiking.htm","capacity":"12","reservation":"required","elev_ft":7864}},{"type":"Feature","geometry":{"type":"Point","coordinates":[-110.126096,44.143923]},"properties":{"kind":"campsite","src":"osm","osm":"node/3064201460","name":"South Yell River","fee":"yes","operator":"National Park Service","website":"https://www.nps.gov/yell/planyourvisit/backcountryhiking.htm","capacity":"12","reservation":"required","elev_ft":7841}},{"type":"Feature","geometry":{"type":"Point","coordinates":[-110.118792,44.161226]},"properties":{"kind":"campsite","src":"osm","osm":"node/3064201461","name":"East Confluence","fee":"yes","operator":"National Park Service","website":"https://www.nps.gov/yell/planyourvisit/backcountryhiking.htm","capacity":"12","reservation":"required","elev_ft":7844}},{"type":"Feature","geometry":{"type":"Point","coordinates":[-110.101105,44.16897]},"properties":{"kind":"campsite","src":"osm","osm":"node/3064201462","name":"Cliff Creek","fee":"yes","operator":"National Park Service","website":"https://www.nps.gov/yell/planyourvisit/backcountryhiking.htm","capacity":"12","reservation":"required","elev_ft":7864}},{"type":"Feature","geometry":{"type":"Point","coordinates":[-110.11009,44.186029]},"properties":{"kind":"campsite","src":"osm","osm":"node/3064201463","name":"Three Mile Bend","fee":"yes","operator":"National Park Service","website":"https://www.nps.gov/yell/planyourvisit/backcountryhiking.htm","capacity":"12","reservation":"required","elev_ft":7825}},{"type":"Feature","geometry":{"type":"Point","coordinates":[-110.110361,44.211812]},"properties":{"kind":"campsite","src":"osm","osm":"node/3064201464","name":"Yellowstone Meadows","fee":"yes","operator":"National Park Service","website":"https://www.nps.gov/yell/planyourvisit/backcountryhiking.htm","desc":"Access for Stock Parties Only","capacity":"12","reservation":"required","elev_ft":7825}},{"type":"Feature","geometry":{"type":"Point","coordinates":[-110.356884,44.416971]},"properties":{"kind":"campsite","src":"osm","osm":"node/3064201465","name":"Frank Island Bay South","fee":"yes","operator":"National Park Service","website":"https://www.nps.gov/yell/planyourvisit/backcountryhiking.htm","capacity":"8","reservation":"required","elev_ft":7736}},{"type":"Feature","geometry":{"type":"Point","coordinates":[-110.355509,44.422791]},"properties":{"kind":"campsite","src":"osm","osm":"node/3064201466","name":"Frank Island Bay North","fee":"yes","operator":"National Park Service","website":"https://www.nps.gov/yell/planyourvisit/backcountryhiking.htm","capacity":"8","reservation":"required","elev_ft":7743}},{"type":"Feature","geometry":{"type":"Point","coordinates":[-110.34746,44.273752]},"properties":{"kind":"campsite","src":"osm","osm":"node/3064201467","name":"Grouse Creek","fee":"yes","operator":"National Park Service","website":"https://www.nps.gov/yell/planyourvisit/backcountryhiking.htm","capacity":"12","reservation":"required","elev_ft":7802}},{"type":"Feature","geometry":{"type":"Point","coordinates":[-110.343491,44.279256]},"properties":{"kind":"campsite","src":"osm","osm":"node/3064201468","name":"Lower Grouse Creek","fee":"yes","operator":"National Park Service","website":"https://www.nps.gov/yell/planyourvisit/backcountryhiking.htm","capacity":"12","reservation":"required","elev_ft":7766}},{"type":"Feature","geometry":{"type":"Point","coordinates":[-110.462314,44.433661]},"properties":{"kind":"campsite","src":"osm","osm":"node/3064201469","name":"Breeze Bay North","fee":"yes","operator":"National Park Service","website":"https://www.nps.gov/yell/planyourvisit/backcountryhiking.htm","capacity":"12","reservation":"required","elev_ft":7756}},{"type":"Feature","geometry":{"type":"Point","coordinates":[-110.443223,44.424476]},"properties":{"kind":"campsite","src":"osm","osm":"node/3064201470","name":"Breeze Bay","fee":"yes","operator":"National Park Service","website":"https://www.nps.gov/yell/planyourvisit/backcountryhiking.htm","capacity":"12","reservation":"required","elev_ft":7756}},{"type":"Feature","geometry":{"type":"Point","coordinates":[-110.431268,44.430125]},"properties":{"kind":"campsite","src":"osm","osm":"node/3064201471","name":"Breeze Bay South","fee":"yes","operator":"National Park Service","website":"https://www.nps.gov/yell/planyourvisit/backcountryhiking.htm","capacity":"12","reservation":"required","elev_ft":7769}},{"type":"Feature","geometry":{"type":"Point","coordinates":[-110.429401,44.43053]},"properties":{"kind":"campsite","src":"osm","osm":"node/3064201472","name":"Ravine","fee":"yes","operator":"National Park Service","website":"https://www.nps.gov/yell/planyourvisit/backcountryhiking.htm","capacity":"12","reservation":"required","elev_ft":7776}},{"type":"Feature","geometry":{"type":"Point","coordinates":[-110.418279,44.418091]},"properties":{"kind":"campsite","src":"osm","osm":"node/3064201473","name":"Wolf Bay","fee":"yes","operator":"National Park Service","website":"https://www.nps.gov/yell/planyourvisit/backcountryhiking.htm","capacity":"8","reservation":"required","elev_ft":7753}},{"type":"Feature","geometry":{"type":"Point","coordinates":[-110.396069,44.402616]},"properties":{"kind":"campsite","src":"osm","osm":"node/3064201474","name":"Eagle Bay","fee":"yes","operator":"National Park Service","website":"https://www.nps.gov/yell/planyourvisit/backcountryhiking.htm","capacity":"8","reservation":"required","elev_ft":7746}},{"type":"Feature","geometry":{"type":"Point","coordinates":[-110.393563,44.381838]},"properties":{"kind":"campsite","src":"osm","osm":"node/3064201475","name":"Bodego Bay","fee":"yes","operator":"National Park Service","website":"https://www.nps.gov/yell/planyourvisit/backcountryhiking.htm","capacity":"12","reservation":"required","elev_ft":7746}},{"type":"Feature","geometry":{"type":"Point","coordinates":[-110.404293,44.376488]},"properties":{"kind":"campsite","src":"osm","osm":"node/3064201476","name":"Flat Mtn Arm N","fee":"yes","operator":"National Park Service","website":"https://www.nps.gov/yell/planyourvisit/backcountryhiking.htm","capacity":"12","reservation":"required","elev_ft":7746}},{"type":"Feature","geometry":{"type":"Point","coordinates":[-110.421357,44.370315]},"properties":{"kind":"campsite","src":"osm","osm":"node/3064201477","name":"Flat Mtn Arm S","fee":"yes","operator":"National Park Service","website":"https://www.nps.gov/yell/planyourvisit/backcountryhiking.htm","capacity":"8","reservation":"required","elev_ft":7805}},{"type":"Feature","geometry":{"type":"Point","coordinates":[-110.417157,44.369695]},"properties":{"kind":"campsite","src":"osm","osm":"node/3064201478","name":"Grizzly Bay","fee":"yes","operator":"National Park Service","website":"https://www.nps.gov/yell/planyourvisit/backcountryhiking.htm","capacity":"8","reservation":"required","elev_ft":7779}},{"type":"Feature","geometry":{"type":"Point","coordinates":[-110.403687,44.367748]},"properties":{"kind":"campsite","src":"osm","osm":"node/3064201479","name":"Flat Mtn Bay","fee":"yes","operator":"National Park Service","website":"https://www.nps.gov/yell/planyourvisit/backcountryhiking.htm","capacity":"12","reservation":"required","elev_ft":7808}},{"type":"Feature","geometry":{"type":"Point","coordinates":[-110.351669,44.383409]},"properties":{"kind":"campsite","src":"osm","osm":"node/3064201480","name":"Plover Point","fee":"yes","operator":"National Park Service","website":"https://www.nps.gov/yell/planyourvisit/backcountryhiking.htm","capacity":"8","reservation":"required","elev_ft":7762}},{"type":"Feature","geometry":{"type":"Point","coordinates":[-110.358729,44.369526]},"properties":{"kind":"campsite","src":"osm","osm":"node/3064201481","name":"Plover Bay","fee":"yes","operator":"National Park Service","website":"https://www.nps.gov/yell/planyourvisit/backcountryhiking.htm","capacity":"12","reservation":"required","elev_ft":7746}},{"type":"Feature","geometry":{"type":"Point","coordinates":[-110.355009,44.36034]},"properties":{"kind":"campsite","src":"osm","osm":"node/3064201482","name":"South Arm Meadow","fee":"yes","operator":"National Park Service","website":"https://www.nps.gov/yell/planyourvisit/backcountryhiking.htm","capacity":"12","reservation":"required","elev_ft":7762}},{"type":"Feature","geometry":{"type":"Point","coordinates":[-110.355395,44.336858]},"properties":{"kind":"campsite","src":"osm","osm":"node/3064201483","name":"South Arm","fee":"yes","operator":"National Park Service","website":"https://www.nps.gov/yell/planyourvisit/backcountryhiking.htm","capacity":"12","reservation":"required","elev_ft":7766}},{"type":"Feature","geometry":{"type":"Point","coordinates":[-110.350527,44.326022]},"properties":{"kind":"campsite","src":"osm","osm":"node/3064201484","name":"South Arm Bay","fee":"yes","operator":"National Park Service","website":"https://www.nps.gov/yell/planyourvisit/backcountryhiking.htm","capacity":"12","reservation":"required","elev_ft":7753}},{"type":"Feature","geometry":{"type":"Point","coordinates":[-110.343289,44.296509]},"properties":{"kind":"campsite","src":"osm","osm":"node/3064201485","name":"Gowdy Camp","fee":"yes","operator":"National Park Service","website":"https://www.nps.gov/yell/planyourvisit/backcountryhiking.htm","capacity":"12","reservation":"required","elev_ft":7753}},{"type":"Feature","geometry":{"type":"Point","coordinates":[-110.344056,44.288537]},"properties":{"kind":"campsite","src":"osm","osm":"node/3064201486","name":"Southwest Bay","fee":"yes","operator":"National Park Service","website":"https://www.nps.gov/yell/planyourvisit/backcountryhiking.htm","capacity":"12","reservation":"required","elev_ft":7753}},{"type":"Feature","geometry":{"type":"Point","coordinates":[-110.767638,44.15556]},"properties":{"kind":"campsite","src":"osm","osm":"node/3064201487","name":"Beula Lake South","fee":"yes","operator":"National Park Service","website":"https://www.nps.gov/yell/planyourvisit/backcountryhiking.htm","capacity":"8","reservation":"required","elev_ft":7454}},{"type":"Feature","geometry":{"type":"Point","coordinates":[-110.767832,44.156807]},"properties":{"kind":"campsite","src":"osm","osm":"node/3064201488","name":"Beula Lake","fee":"yes","operator":"National Park Service","website":"https://www.nps.gov/yell/planyourvisit/backcountryhiking.htm","capacity":"6","reservation":"required","elev_ft":7411}},{"type":"Feature","geometry":{"type":"Point","coordinates":[-110.525243,44.21013]},"properties":{"kind":"campsite","src":"osm","osm":"node/3064201490","name":"Basin Creek Lake","fee":"yes","operator":"National Park Service","website":"https://www.nps.gov/yell/planyourvisit/backcountryhiking.htm","capacity":"12","reservation":"required","elev_ft":7503}},{"type":"Feature","geometry":{"type":"Point","coordinates":[-110.510077,44.217034]},"properties":{"kind":"campsite","src":"osm","osm":"node/3064201491","name":"Basin Creek","fee":"yes","operator":"National Park Service","website":"https://www.nps.gov/yell/planyourvisit/backcountryhiking.htm","desc":"Access for Stock Parties Only","capacity":"12","reservation":"required","elev_ft":7290}},{"type":"Feature","geometry":{"type":"Point","coordinates":[-110.502761,44.209557]},"properties":{"kind":"campsite","src":"osm","osm":"node/3064201492","name":"Basin Creek","fee":"yes","operator":"National Park Service","website":"https://www.nps.gov/yell/planyourvisit/backcountryhiking.htm","desc":"Access for Stock Parties Only","capacity":"12","reservation":"required","elev_ft":7264}},{"type":"Feature","geometry":{"type":"Point","coordinates":[-110.501396,44.206436]},"properties":{"kind":"campsite","src":"osm","osm":"node/3064201493","name":"Basin Creek","fee":"yes","operator":"National Park Service","website":"https://www.nps.gov/yell/planyourvisit/backcountryhiking.htm","capacity":"8","reservation":"required","elev_ft":7260}},{"type":"Feature","geometry":{"type":"Point","coordinates":[-110.586553,44.168562]},"properties":{"kind":"campsite","src":"osm","osm":"node/3064201494","name":"Snake Hot Springs","fee":"yes","operator":"National Park Service","website":"https://www.nps.gov/yell/planyourvisit/backcountryhiking.htm","capacity":"8","reservation":"required","elev_ft":6969}},{"type":"Feature","geometry":{"type":"Point","coordinates":[-110.525621,44.146776]},"properties":{"kind":"campsite","src":"osm","osm":"node/3064201495","name":"Nine Mile Meadow","fee":"yes","operator":"National Park Service","website":"https://www.nps.gov/yell/planyourvisit/backcountryhiking.htm","capacity":"12","reservation":"required","elev_ft":7054}},{"type":"Feature","geometry":{"type":"Point","coordinates":[-110.488094,44.170328]},"properties":{"kind":"campsite","src":"osm","osm":"node/3064201496","name":"Snake River","fee":"yes","operator":"National Park Service","website":"https://www.nps.gov/yell/planyourvisit/backcountryhiking.htm","capacity":"12","reservation":"required","elev_ft":7185}},{"type":"Feature","geometry":{"type":"Point","coordinates":[-110.461396,44.214924]},"properties":{"kind":"campsite","src":"osm","osm":"node/3064201497","name":"Snake River","fee":"yes","operator":"National Park Service","website":"https://www.nps.gov/yell/planyourvisit/backcountryhiking.htm","capacity":"12","reservation":"required","elev_ft":7300}},{"type":"Feature","geometry":{"type":"Point","coordinates":[-110.569361,44.175066]},"properties":{"kind":"campsite","src":"osm","osm":"node/3064201498","name":"Snake River Ford","fee":"yes","operator":"National Park Service","website":"https://www.nps.gov/yell/planyourvisit/backcountryhiking.htm","capacity":"8","reservation":"required","elev_ft":6998}},{"type":"Feature","geometry":{"type":"Point","coordinates":[-110.57998,44.168957]},"properties":{"kind":"campsite","src":"osm","osm":"node/3064201499","name":"Snake Hot Springs Stock Camp","fee":"yes","operator":"National Park Service","website":"https://www.nps.gov/yell/planyourvisit/backcountryhiking.htm","desc":"Access for Stock Parties Only","capacity":"12","reservation":"required","elev_ft":6972}},{"type":"Feature","geometry":{"type":"Point","coordinates":[-110.335943,44.157301]},"properties":{"kind":"campsite","src":"osm","osm":"node/3064201500","name":"Crooked Creek","fee":"yes","operator":"National Park Service","website":"https://www.nps.gov/yell/planyourvisit/backcountryhiking.htm","capacity":"12","reservation":"required","elev_ft":7966}},{"type":"Feature","geometry":{"type":"Point","coordinates":[-110.817209,44.373637]},"properties":{"kind":"campsite","src":"osm","osm":"node/3064201501","name":"Shoshone Meadows (8G1)","fee":"yes","operator":"National Park Service","website":"https://www.nps.gov/yell/planyourvisit/backcountryhiking.htm","capacity":"6","reservation":"required","elev_ft":7907}},{"type":"Feature","geometry":{"type":"Point","coordinates":[-110.502997,44.256208]},"properties":{"kind":"campsite","src":"osm","osm":"node/3064201502","name":"South Bay","fee":"yes","operator":"National Park Service","website":"https://www.nps.gov/yell/planyourvisit/backcountryhiking.htm","capacity":"8","reservation":"required","elev_ft":7520}},{"type":"Feature","geometry":{"type":"Point","coordinates":[-110.501829,44.27054]},"properties":{"kind":"campsite","src":"osm","osm":"node/3064201503","name":"Sheridan Creek","fee":"yes","operator":"National Park Service","website":"https://www.nps.gov/yell/planyourvisit/backcountryhiking.htm","capacity":"6","reservation":"required","elev_ft":7484}},{"type":"Feature","geometry":{"type":"Point","coordinates":[-110.502125,44.271122]},"properties":{"kind":"campsite","src":"osm","osm":"node/3064201504","name":"Hideaway","fee":"yes","operator":"National Park Service","website":"https://www.nps.gov/yell/planyourvisit/backcountryhiking.htm","capacity":"4","reservation":"required","elev_ft":7500}},{"type":"Feature","geometry":{"type":"Point","coordinates":[-110.502552,44.277975]},"properties":{"kind":"campsite","src":"osm","osm":"node/3064201505","name":"West Shore","fee":"yes","operator":"National Park Service","website":"https://www.nps.gov/yell/planyourvisit/backcountryhiking.htm","capacity":"8","reservation":"required","elev_ft":7490}},{"type":"Feature","geometry":{"type":"Point","coordinates":[-110.501908,44.279967]},"properties":{"kind":"campsite","src":"osm","osm":"node/3064201506","name":"Sheridan Trail","fee":"yes","operator":"National Park Service","website":"https://www.nps.gov/yell/planyourvisit/backcountryhiking.htm","capacity":"6","reservation":"required","elev_ft":7480}},{"type":"Feature","geometry":{"type":"Point","coordinates":[-110.502401,44.280761]},"properties":{"kind":"campsite","src":"osm","osm":"node/3064201507","name":"Rustic","fee":"yes","operator":"National Park Service","website":"https://www.nps.gov/yell/planyourvisit/backcountryhiking.htm","capacity":"6","reservation":"required","elev_ft":7470}},{"type":"Feature","geometry":{"type":"Point","coordinates":[-110.474536,44.277026]},"properties":{"kind":"campsite","src":"osm","osm":"node/3064201508","name":"Beaver Creek","fee":"yes","operator":"National Park Service","website":"https://www.nps.gov/yell/planyourvisit/backcountryhiking.htm","capacity":"8","reservation":"required","elev_ft":7470}},{"type":"Feature","geometry":{"type":"Point","coordinates":[-110.465963,44.279071]},"properties":{"kind":"campsite","src":"osm","osm":"node/3064201509","name":"Beaver Creek Meadow","fee":"yes","operator":"National Park Service","website":"https://www.nps.gov/yell/planyourvisit/backcountryhiking.htm","desc":"Access for Stock Parties Only","capacity":"12","reservation":"required","elev_ft":7474}},{"type":"Feature","geometry":{"type":"Point","coordinates":[-110.439613,44.252219]},"properties":{"kind":"campsite","src":"osm","osm":"node/3064201510","name":"Surprise Creek","fee":"yes","operator":"National Park Service","website":"https://www.nps.gov/yell/planyourvisit/backcountryhiking.htm","capacity":"8","reservation":"required","elev_ft":7516}},{"type":"Feature","geometry":{"type":"Point","coordinates":[-110.445547,44.247917]},"properties":{"kind":"campsite","src":"osm","osm":"node/3064201511","name":"Heart River","fee":"yes","operator":"National Park Service","website":"https://www.nps.gov/yell/planyourvisit/backcountryhiking.htm","capacity":"8","reservation":"required","elev_ft":7470}},{"type":"Feature","geometry":{"type":"Point","coordinates":[-110.449823,44.250864]},"properties":{"kind":"campsite","src":"osm","osm":"node/3064201512","name":"East Shore","fee":"yes","operator":"National Park Service","website":"https://www.nps.gov/yell/planyourvisit/backcountryhiking.htm","capacity":"4","reservation":"required","elev_ft":7461}},{"type":"Feature","geometry":{"type":"Point","coordinates":[-110.703799,44.345108]},"properties":{"kind":"campsite","src":"osm","osm":"node/3064201513","name":"Moose Creek (8M1)","fee":"yes","operator":"National Park Service","website":"https://www.nps.gov/yell/planyourvisit/backcountryhiking.htm","capacity":"8","reservation":"required","elev_ft":7835}},{"type":"Feature","geometry":{"type":"Point","coordinates":[-110.736868,44.328673]},"properties":{"kind":"campsite","src":"osm","osm":"node/3064201514","name":"Moose Creek Meadow (8M2)","fee":"yes","operator":"National Park Service","website":"https://www.nps.gov/yell/planyourvisit/backcountryhiking.htm","capacity":"8","reservation":"required","elev_ft":7969}},{"type":"Feature","geometry":{"type":"Point","coordinates":[-110.393291,44.269574]},"properties":{"kind":"campsite","src":"osm","osm":"node/3064201515","name":"Outlet Creek","fee":"yes","operator":"National Park Service","website":"https://www.nps.gov/yell/planyourvisit/backcountryhiking.htm","capacity":"6","reservation":"required","elev_ft":7897}},{"type":"Feature","geometry":{"type":"Point","coordinates":[-110.738956,44.229342]},"properties":{"kind":"campsite","src":"osm","osm":"node/3064201516","name":"Pitchstone","fee":"yes","operator":"National Park Service","website":"https://www.nps.gov/yell/planyourvisit/backcountryhiking.htm","capacity":"8","reservation":"required","elev_ft":8527}},{"type":"Feature","geometry":{"type":"Point","coordinates":[-110.740083,44.230209]},"properties":{"kind":"campsite","src":"osm","osm":"node/3064201517","name":"Phantom","fee":"yes","operator":"National Park Service","website":"https://www.nps.gov/yell/planyourvisit/backcountryhiking.htm","capacity":"8","reservation":"required","elev_ft":8530}},{"type":"Feature","geometry":{"type":"Point","coordinates":[-110.718947,44.363863]},"properties":{"kind":"campsite","src":"osm","osm":"node/3064201518","name":"S Narrow Point","fee":"yes","operator":"National Park Service","website":"https://www.nps.gov/yell/planyourvisit/backcountryhiking.htm","capacity":"8","reservation":"required","elev_ft":7864}},{"type":"Feature","geometry":{"type":"Point","coordinates":[-110.710686,44.361326]},"properties":{"kind":"campsite","src":"osm","osm":"node/3064201519","name":"S Narrow Beach","fee":"yes","operator":"National Park Service","website":"https://www.nps.gov/yell/planyourvisit/backcountryhiking.htm","capacity":"8","reservation":"required","elev_ft":7812}},{"type":"Feature","geometry":{"type":"Point","coordinates":[-110.703068,44.363805]},"properties":{"kind":"campsite","src":"osm","osm":"node/3064201520","name":"Moose Creek Point","fee":"yes","operator":"National Park Service","website":"https://www.nps.gov/yell/planyourvisit/backcountryhiking.htm","capacity":"8","reservation":"required","elev_ft":7835}},{"type":"Feature","geometry":{"type":"Point","coordinates":[-110.692761,44.358745]},"properties":{"kind":"campsite","src":"osm","osm":"node/3064201521","name":"Moose Creek Outlet","fee":"yes","operator":"National Park Service","website":"https://www.nps.gov/yell/planyourvisit/backcountryhiking.htm","capacity":"8","reservation":"required","elev_ft":7808}},{"type":"Feature","geometry":{"type":"Point","coordinates":[-110.685848,44.359257]},"properties":{"kind":"campsite","src":"osm","osm":"node/3064201522","name":"Moose Creek Beach","fee":"yes","operator":"National Park Service","website":"https://www.nps.gov/yell/planyourvisit/backcountryhiking.htm","capacity":"8","reservation":"required","elev_ft":7808}},{"type":"Feature","geometry":{"type":"Point","coordinates":[-110.672803,44.360639]},"properties":{"kind":"campsite","src":"osm","osm":"node/3064201523","name":"Channel","fee":"yes","operator":"National Park Service","website":"https://www.nps.gov/yell/planyourvisit/backcountryhiking.htm","capacity":"8","reservation":"required","elev_ft":7854}},{"type":"Feature","geometry":{"type":"Point","coordinates":[-110.731567,44.367503]},"properties":{"kind":"campsite","src":"osm","osm":"node/3064201524","name":"Windy Point","fee":"yes","operator":"National Park Service","website":"https://www.nps.gov/yell/planyourvisit/backcountryhiking.htm","capacity":"8","reservation":"required","elev_ft":7822}},{"type":"Feature","geometry":{"type":"Point","coordinates":[-110.744816,44.368506]},"properties":{"kind":"campsite","src":"osm","osm":"node/3064201525","name":"Bluff Top","fee":"yes","operator":"National Park Service","website":"https://www.nps.gov/yell/planyourvisit/backcountryhiking.htm","capacity":"8","reservation":"required","elev_ft":7812}},{"type":"Feature","geometry":{"type":"Point","coordinates":[-110.74821,44.367888]},"properties":{"kind":"campsite","src":"osm","osm":"node/3064201526","name":"Cove","fee":"yes","operator":"National Park Service","website":"https://www.nps.gov/yell/planyourvisit/backcountryhiking.htm","capacity":"8","reservation":"required","elev_ft":7818}},{"type":"Feature","geometry":{"type":"Point","coordinates":[-110.756687,44.367452]},"properties":{"kind":"campsite","src":"osm","osm":"node/3064201527","name":"Flat Top","fee":"yes","operator":"National Park Service","website":"https://www.nps.gov/yell/planyourvisit/backcountryhiking.htm","capacity":"8","reservation":"required","elev_ft":7815}},{"type":"Feature","geometry":{"type":"Point","coordinates":[-110.787617,44.355819]},"properties":{"kind":"campsite","src":"osm","osm":"node/3064201528","name":"Basin Bay Point (8R5)","fee":"yes","operator":"National Park Service","website":"https://www.nps.gov/yell/planyourvisit/backcountryhiking.htm","capacity":"8","reservation":"required","elev_ft":7841}},{"type":"Feature","geometry":{"type":"Point","coordinates":[-110.662605,44.359857]},"properties":{"kind":"campsite","src":"osm","osm":"node/3064201529","name":"Outlet (8S1)","fee":"yes","operator":"National Park Service","website":"https://www.nps.gov/yell/planyourvisit/backcountryhiking.htm","capacity":"8","reservation":"required","elev_ft":7812}},{"type":"Feature","geometry":{"type":"Point","coordinates":[-110.706517,44.40949]},"properties":{"kind":"campsite","src":"osm","osm":"node/3064201530","name":"DeLacy Creek","fee":"yes","operator":"National Park Service","website":"https://www.nps.gov/yell/planyourvisit/backcountryhiking.htm","capacity":"8","reservation":"required","elev_ft":7828}},{"type":"Feature","geometry":{"type":"Point","coordinates":[-110.712448,44.40427]},"properties":{"kind":"campsite","src":"osm","osm":"node/3064201531","name":"Coyote","fee":"yes","operator":"National Park Service","website":"https://www.nps.gov/yell/planyourvisit/backcountryhiking.htm","capacity":"8","reservation":"required","elev_ft":7808}},{"type":"Feature","geometry":{"type":"Point","coordinates":[-110.708383,44.387055]},"properties":{"kind":"campsite","src":"osm","osm":"node/3064201532","name":"N Grizzly Beach","fee":"yes","operator":"National Park Service","website":"https://www.nps.gov/yell/planyourvisit/backcountryhiking.htm","capacity":"8","reservation":"required","elev_ft":7812}},{"type":"Feature","geometry":{"type":"Point","coordinates":[-110.727162,44.369546]},"properties":{"kind":"campsite","src":"osm","osm":"node/3064201533","name":"S Grizzly Beach","fee":"yes","operator":"National Park Service","website":"https://www.nps.gov/yell/planyourvisit/backcountryhiking.htm","capacity":"8","reservation":"required","elev_ft":7844}},{"type":"Feature","geometry":{"type":"Point","coordinates":[-110.730989,44.367534]},"properties":{"kind":"campsite","src":"osm","osm":"node/3064201534","name":"North Narrows","fee":"yes","operator":"National Park Service","website":"https://www.nps.gov/yell/planyourvisit/backcountryhiking.htm","capacity":"8","reservation":"required","elev_ft":7766}},{"type":"Feature","geometry":{"type":"Point","coordinates":[-110.786828,44.342214]},"properties":{"kind":"campsite","src":"osm","osm":"node/3064201535","name":"Basin Beach","fee":"yes","operator":"National Park Service","website":"https://www.nps.gov/yell/planyourvisit/backcountryhiking.htm","capacity":"4","reservation":"required","elev_ft":7851}},{"type":"Feature","geometry":{"type":"Point","coordinates":[-110.76195,44.338608]},"properties":{"kind":"campsite","src":"osm","osm":"node/3064201536","name":"Hillside","fee":"yes","operator":"National Park Service","website":"https://www.nps.gov/yell/planyourvisit/backcountryhiking.htm","capacity":"8","reservation":"required","elev_ft":7812}},{"type":"Feature","geometry":{"type":"Point","coordinates":[-110.744025,44.351908]},"properties":{"kind":"campsite","src":"osm","osm":"node/3064201537","name":"Tranquility","fee":"yes","operator":"National Park Service","website":"https://www.nps.gov/yell/planyourvisit/backcountryhiking.htm","capacity":"8","reservation":"required","elev_ft":7812}},{"type":"Feature","geometry":{"type":"Point","coordinates":[-111.012431,44.207847]},"properties":{"kind":"campsite","src":"osm","osm":"node/3064201538","name":"Boundary Creek Meadows","fee":"yes","operator":"National Park Service","website":"https://www.nps.gov/yell/planyourvisit/backcountryhiking.htm","capacity":"12","reservation":"required","elev_ft":6404}},{"type":"Feature","geometry":{"type":"Point","coordinates":[-111.018055,44.228342]},"properties":{"kind":"campsite","src":"osm","osm":"node/3064201539","name":"Upper Boundary Creek","fee":"yes","operator":"National Park Service","website":"https://www.nps.gov/yell/planyourvisit/backcountryhiking.htm","capacity":"12","reservation":"required","elev_ft":6417}},{"type":"Feature","geometry":{"type":"Point","coordinates":[-111.018062,44.230994]},"properties":{"kind":"campsite","src":"osm","osm":"node/3064201540","name":"Upper Boundary Creek","fee":"yes","operator":"National Park Service","website":"https://www.nps.gov/yell/planyourvisit/backcountryhiking.htm","capacity":"12","reservation":"required","elev_ft":6424}},{"type":"Feature","geometry":{"type":"Point","coordinates":[-111.026177,44.245631]},"properties":{"kind":"campsite","src":"osm","osm":"node/3064201541","name":"Dunanda Falls","fee":"yes","operator":"National Park Service","website":"https://www.nps.gov/yell/planyourvisit/backcountryhiking.htm","capacity":"12","reservation":"required","elev_ft":6617}},{"type":"Feature","geometry":{"type":"Point","coordinates":[-111.039802,44.281613]},"properties":{"kind":"campsite","src":"osm","osm":"node/3064201542","name":"Talus Terrace","fee":"yes","operator":"National Park Service","website":"https://www.nps.gov/yell/planyourvisit/backcountryhiking.htm","capacity":"12","reservation":"required","elev_ft":7382}},{"type":"Feature","geometry":{"type":"Point","coordinates":[-111.005282,44.185408]},"properties":{"kind":"campsite","src":"osm","osm":"node/3064201546","name":"Lower Boundary Creek","fee":"yes","operator":"National Park Service","website":"https://www.nps.gov/yell/planyourvisit/backcountryhiking.htm","capacity":"12","reservation":"required","elev_ft":6401}},{"type":"Feature","geometry":{"type":"Point","coordinates":[-111.003745,44.186484]},"properties":{"kind":"campsite","src":"osm","osm":"node/3064201547","name":"Lower Boundary Creek","fee":"yes","operator":"National Park Service","website":"https://www.nps.gov/yell/planyourvisit/backcountryhiking.htm","capacity":"12","reservation":"required","elev_ft":6394}},{"type":"Feature","geometry":{"type":"Point","coordinates":[-110.99078,44.20991]},"properties":{"kind":"campsite","src":"osm","osm":"node/3064201548","name":"Bechler Ford","fee":"yes","operator":"National Park Service","website":"https://www.nps.gov/yell/planyourvisit/backcountryhiking.htm","capacity":"12","reservation":"required","elev_ft":6407}},{"type":"Feature","geometry":{"type":"Point","coordinates":[-110.99127,44.211301]},"properties":{"kind":"campsite","src":"osm","osm":"node/3064201549","name":"Bechler Ford","fee":"yes","operator":"National Park Service","website":"https://www.nps.gov/yell/planyourvisit/backcountryhiking.htm","capacity":"12","reservation":"required","elev_ft":6421}},{"type":"Feature","geometry":{"type":"Point","coordinates":[-110.98032,44.216689]},"properties":{"kind":"campsite","src":"osm","osm":"node/3064201551","name":"Trail Spring","fee":"yes","operator":"National Park Service","website":"https://www.nps.gov/yell/planyourvisit/backcountryhiking.htm","desc":"Access for Stock Parties Only","capacity":"12","reservation":"required","elev_ft":6437}},{"type":"Feature","geometry":{"type":"Point","coordinates":[-110.974921,44.226374]},"properties":{"kind":"campsite","src":"osm","osm":"node/3064201552","name":"Ouzel Falls","fee":"yes","operator":"National Park Service","website":"https://www.nps.gov/yell/planyourvisit/backcountryhiking.htm","capacity":"12","reservation":"required","elev_ft":6460}},{"type":"Feature","geometry":{"type":"Point","coordinates":[-110.946055,44.238941]},"properties":{"kind":"campsite","src":"osm","osm":"node/3064201553","name":"Colonnade Fall","fee":"yes","operator":"National Park Service","website":"https://www.nps.gov/yell/planyourvisit/backcountryhiking.htm","capacity":"12","reservation":"required","elev_ft":6617}},{"type":"Feature","geometry":{"type":"Point","coordinates":[-110.932767,44.25094]},"properties":{"kind":"campsite","src":"osm","osm":"node/3064201554","name":"Lower Bechler Canyon Ford","fee":"yes","operator":"National Park Service","website":"https://www.nps.gov/yell/planyourvisit/backcountryhiking.htm","capacity":"12","reservation":"required","elev_ft":6913}},{"type":"Feature","geometry":{"type":"Point","coordinates":[-110.928044,44.25935]},"properties":{"kind":"campsite","src":"osm","osm":"node/3064201555","name":"Talus Spring","fee":"yes","operator":"National Park Service","website":"https://www.nps.gov/yell/planyourvisit/backcountryhiking.htm","capacity":"12","reservation":"required","elev_ft":7001}},{"type":"Feature","geometry":{"type":"Point","coordinates":[-110.918445,44.270676]},"properties":{"kind":"campsite","src":"osm","osm":"node/3064201556","name":"Upper Bechler Canyon Ford","fee":"yes","operator":"National Park Service","website":"https://www.nps.gov/yell/planyourvisit/backcountryhiking.htm","capacity":"12","reservation":"required","elev_ft":7028}},{"type":"Feature","geometry":{"type":"Point","coordinates":[-110.905391,44.278862]},"properties":{"kind":"campsite","src":"osm","osm":"node/3064201557","name":"Albright Falls","fee":"yes","operator":"National Park Service","website":"https://www.nps.gov/yell/planyourvisit/backcountryhiking.htm","capacity":"12","reservation":"required","elev_ft":7283}},{"type":"Feature","geometry":{"type":"Point","coordinates":[-110.905834,44.282918]},"properties":{"kind":"campsite","src":"osm","osm":"node/3064201558","name":"Albright Falls","fee":"yes","operator":"National Park Service","website":"https://www.nps.gov/yell/planyourvisit/backcountryhiking.htm","capacity":"12","reservation":"required","elev_ft":7221}},{"type":"Feature","geometry":{"type":"Point","coordinates":[-111.000837,44.177206]},"properties":{"kind":"campsite","src":"osm","osm":"node/3064201559","name":"Rocky Ford","fee":"yes","operator":"National Park Service","website":"https://www.nps.gov/yell/planyourvisit/backcountryhiking.htm","capacity":"12","reservation":"required","elev_ft":6404}},{"type":"Feature","geometry":{"type":"Point","coordinates":[-110.888676,44.182842]},"properties":{"kind":"campsite","src":"osm","osm":"node/3064201560","name":"9C4S","elev_ft":6568}},{"type":"Feature","geometry":{"type":"Point","coordinates":[-110.933991,44.138018]},"properties":{"kind":"campsite","src":"osm","osm":"node/3064201561","fee":"yes","operator":"National Park Service","website":"https://www.nps.gov/yell/planyourvisit/backcountryhiking.htm","reservation":"required","elev_ft":6463}},{"type":"Feature","geometry":{"type":"Point","coordinates":[-110.891722,44.289842]},"properties":{"kind":"campsite","src":"osm","osm":"node/3064201562","name":"Ferris Fork","fee":"yes","operator":"National Park Service","website":"https://www.nps.gov/yell/planyourvisit/backcountryhiking.htm","capacity":"12","reservation":"required","elev_ft":7326}},{"type":"Feature","geometry":{"type":"Point","coordinates":[-110.865017,44.297399]},"properties":{"kind":"campsite","src":"osm","osm":"node/3064201563","name":"Gregg Fork","fee":"yes","operator":"National Park Service","website":"https://www.nps.gov/yell/planyourvisit/backcountryhiking.htm","capacity":"12","reservation":"required","elev_ft":8022}},{"type":"Feature","geometry":{"type":"Point","coordinates":[-110.84965,44.320986]},"properties":{"kind":"campsite","src":"osm","osm":"node/3064201564","name":"Douglas Knob Meadow","fee":"yes","operator":"National Park Service","website":"https://www.nps.gov/yell/planyourvisit/backcountryhiking.htm","capacity":"12","reservation":"required","elev_ft":8373}},{"type":"Feature","geometry":{"type":"Point","coordinates":[-110.841639,44.339611]},"properties":{"kind":"campsite","src":"osm","osm":"node/3064201565","name":"Continental Divide","fee":"yes","operator":"National Park Service","website":"https://www.nps.gov/yell/planyourvisit/backcountryhiking.htm","capacity":"12","reservation":"required","elev_ft":8527}},{"type":"Feature","geometry":{"type":"Point","coordinates":[-110.9394,44.160142]},"properties":{"kind":"campsite","src":"osm","osm":"node/3064201566","name":"Falls River Cutoff","fee":"yes","operator":"National Park Service","website":"https://www.nps.gov/yell/planyourvisit/backcountryhiking.htm","capacity":"12","reservation":"required","elev_ft":6457}},{"type":"Feature","geometry":{"type":"Point","coordinates":[-110.924237,44.171374]},"properties":{"kind":"campsite","src":"osm","osm":"node/3064201567","name":"Mountain Ash Creek","fee":"yes","operator":"National Park Service","website":"https://www.nps.gov/yell/planyourvisit/backcountryhiking.htm","capacity":"12","reservation":"required","elev_ft":6486}},{"type":"Feature","geometry":{"type":"Point","coordinates":[-110.886734,44.180166]},"properties":{"kind":"campsite","src":"osm","osm":"node/3064201568","name":"Union Falls","fee":"yes","operator":"National Park Service","website":"https://www.nps.gov/yell/planyourvisit/backcountryhiking.htm","capacity":"12","reservation":"required","elev_ft":6594}},{"type":"Feature","geometry":{"type":"Point","coordinates":[-110.922865,44.172948]},"properties":{"kind":"campsite","src":"osm","osm":"node/3064201569","name":"Union Falls Warm Fork 9U3","fee":"yes","operator":"National Park Service","website":"https://www.nps.gov/yell/planyourvisit/backcountryhiking.htm","capacity":"12","reservation":"required","elev_ft":6490}},{"type":"Feature","geometry":{"type":"Point","coordinates":[-110.837343,44.13992]},"properties":{"kind":"campsite","src":"osm","osm":"node/3064201570","fee":"yes","operator":"National Park Service","website":"https://www.nps.gov/yell/planyourvisit/backcountryhiking.htm","reservation":"required","elev_ft":7080}},{"type":"Feature","geometry":{"type":"Point","coordinates":[-110.793877,43.728664]},"properties":{"kind":"campsite","src":"osm","osm":"node/3121283468","name":"Caves","elev_ft":9849}},{"type":"Feature","geometry":{"type":"Point","coordinates":[-110.791187,43.725707]},"properties":{"kind":"campsite","src":"osm","osm":"node/3121283470","name":"Garnet Meadows","elev_ft":9213}},{"type":"Feature","geometry":{"type":"Point","coordinates":[-110.809569,43.735008]},"properties":{"kind":"campsite","src":"osm","osm":"node/3121283472","name":"Lower Saddle","elev_ft":11654}},{"type":"Feature","geometry":{"type":"Point","coordinates":[-110.803071,43.733061]},"properties":{"kind":"campsite","src":"osm","osm":"node/3121283473","name":"Moraines","elev_ft":10804}},{"type":"Feature","geometry":{"type":"Point","coordinates":[-110.782487,43.724687]},"properties":{"kind":"campsite","src":"osm","osm":"node/3121283475","name":"Platform Campsites","elev_ft":9114}},{"type":"Feature","geometry":{"type":"Point","coordinates":[-110.804508,43.722926]},"properties":{"kind":"campsite","src":"osm","osm":"node/3121283477","name":"South Fork","elev_ft":10469}},{"type":"Feature","geometry":{"type":"Point","coordinates":[-107.500717,44.545845]},"properties":{"kind":"campsite","src":"osm","osm":"node/3178433204","name":"Ranger Creek Campground","elev_ft":7687}},{"type":"Feature","geometry":{"type":"Point","coordinates":[-107.381541,44.40363]},"properties":{"kind":"campsite","src":"osm","osm":"node/3178433210","name":"Upper Paint Rock Lake Campground","elev_ft":9272}},{"type":"Feature","geometry":{"type":"Point","coordinates":[-107.387458,44.400819]},"properties":{"kind":"campsite","src":"osm","osm":"node/3178433233","name":"Medicine Lodge Lake Campground","elev_ft":9304}},{"type":"Feature","geometry":{"type":"Point","coordinates":[-107.515328,44.550899]},"properties":{"kind":"campsite","src":"osm","osm":"node/3178433234","name":"Shell Creek Campground","elev_ft":7582}},{"type":"Feature","geometry":{"type":"Point","coordinates":[-107.384234,44.394581]},"properties":{"kind":"campsite","src":"osm","osm":"node/3178433988","name":"Lower Paint Rock Lake Campground","elev_ft":9242}},{"type":"Feature","geometry":{"type":"Point","coordinates":[-106.101074,41.146102]},"properties":{"kind":"campsite","src":"osm","osm":"node/3202508512","elev_ft":8996}},{"type":"Feature","geometry":{"type":"Point","coordinates":[-106.303646,41.0736]},"properties":{"kind":"campsite","src":"osm","osm":"node/3202509153","elev_ft":8274}},{"type":"Feature","geometry":{"type":"Point","coordinates":[-110.564765,42.602608]},"properties":{"kind":"campsite","src":"osm","osm":"node/3224648239","elev_ft":8894}},{"type":"Feature","geometry":{"type":"Point","coordinates":[-110.533048,42.617394]},"properties":{"kind":"campsite","src":"osm","osm":"node/3224648240","name":"Sacajawea Campground","elev_ft":8353}},{"type":"Feature","geometry":{"type":"Point","coordinates":[-110.689342,42.83188]},"properties":{"kind":"campsite","src":"osm","osm":"node/3225836824","name":"Forest Park Campground","elev_ft":6969}},{"type":"Feature","geometry":{"type":"Point","coordinates":[-107.212841,44.190913]},"properties":{"kind":"campsite","src":"osm","osm":"node/3237735585","name":"Sitting Bull","elev_ft":8717}},{"type":"Feature","geometry":{"type":"Point","coordinates":[-107.238154,44.183313]},"properties":{"kind":"campsite","src":"osm","osm":"node/3237735586","name":"Willow Park Campground","elev_ft":8399}},{"type":"Feature","geometry":{"type":"Point","coordinates":[-107.236566,44.205471]},"properties":{"kind":"campsite","src":"osm","osm":"node/3237735587","name":"Island Park Campground","elev_ft":8579}},{"type":"Feature","geometry":{"type":"Point","coordinates":[-107.215778,44.258288]},"properties":{"kind":"campsite","src":"osm","osm":"node/3237735588","name":"West Tensleep Lake Campground","elev_ft":9111}},{"type":"Feature","geometry":{"type":"Point","coordinates":[-106.702453,42.566346]},"properties":{"kind":"campsite","src":"osm","osm":"node/3368581255","name":"Gray Reef Dam Campground","fee":"yes","access":"yes","operator":"Natrona County","elev_ft":5322}},{"type":"Feature","geometry":{"type":"Point","coordinates":[-106.973238,44.334459]},"properties":{"kind":"campsite","src":"osm","osm":"node/3477779287","name":"Hunter Corral Campground","elev_ft":7848}},{"type":"Feature","geometry":{"type":"Point","coordinates":[-107.110395,44.160183]},"properties":{"kind":"dump","src":"osm","osm":"node/3534482191","fee":"donation","access":"yes","operator":"USFS","toilets":"no","elev_ft":9403}},{"type":"Feature","geometry":{"type":"Point","coordinates":[-107.11034,44.160222]},"properties":{"kind":"dump","src":"osm","osm":"node/3534482192","fee":"donation","access":"yes","operator":"USFS","toilets":"no","elev_ft":9403}},{"type":"Feature","geometry":{"type":"Point","coordinates":[-107.110288,44.160257]},"properties":{"kind":"dump","src":"osm","osm":"node/3534483694","name":"Leigh Creek RV Dump Station","fee":"donation","access":"yes","operator":"USFS","toilets":"no","elev_ft":9403}},{"type":"Feature","geometry":{"type":"Point","coordinates":[-110.860846,44.645359]},"properties":{"kind":"dump","src":"osm","osm":"node/3594332268","fee":"yes","access":"customers","operator":"NPS","elev_ft":6883}},{"type":"Feature","geometry":{"type":"Point","coordinates":[-110.017764,43.263254]},"properties":{"kind":"campsite","src":"osm","osm":"node/3687017928","elev_ft":7743}},{"type":"Feature","geometry":{"type":"Point","coordinates":[-110.019114,43.261483]},"properties":{"kind":"campsite","src":"osm","osm":"node/3687032825","elev_ft":7733}},{"type":"Feature","geometry":{"type":"Point","coordinates":[-106.792223,41.211201]},"properties":{"kind":"rv_park","src":"osm","osm":"node/3761060441","name":"Town of Encampment RV Park","elev_ft":7280}},{"type":"Feature","geometry":{"type":"Point","coordinates":[-109.635603,43.531796]},"properties":{"kind":"campsite","src":"osm","osm":"node/3892468658","name":"Dubois KOA","operator":"KOA","website":"https://koa.com/campgrounds/dubois/","elev_ft":6919}},{"type":"Feature","geometry":{"type":"Point","coordinates":[-107.705409,42.235088]},"properties":{"kind":"campsite","src":"osm","osm":"node/3899204677","fee":"no","toilets":"no","elev_ft":7470}},{"type":"Feature","geometry":{"type":"Point","coordinates":[-107.702839,42.235032]},"properties":{"kind":"campsite","src":"osm","osm":"node/3899205058","fee":"no","elev_ft":7470}},{"type":"Feature","geometry":{"type":"Point","coordinates":[-106.068319,41.171303]},"properties":{"kind":"campsite","src":"osm","osm":"node/3934344479","fee":"no","operator":"Wyoming Game and Fish Department","elev_ft":8212}},{"type":"Feature","geometry":{"type":"Point","coordinates":[-106.012202,41.079412]},"properties":{"kind":"campsite","src":"osm","osm":"node/4044930441","name":"Jelm Wildlife Habitat Management Area Camping","operator":"Wyoming Game and Fish Department","elev_ft":7533}},{"type":"Feature","geometry":{"type":"Point","coordinates":[-109.757837,44.452476]},"properties":{"kind":"campsite","src":"osm","osm":"node/4061068898","name":"Newton Creek Campground","elev_ft":6207}},{"type":"Feature","geometry":{"type":"Point","coordinates":[-109.931213,44.491697]},"properties":{"kind":"campsite","src":"osm","osm":"node/4061068899","name":"Sleeping Giant Campground","elev_ft":6647}},{"type":"Feature","geometry":{"type":"Point","coordinates":[-109.605514,44.461915]},"properties":{"kind":"campsite","src":"osm","osm":"node/4064506527","name":"Big Game Campground","elev_ft":5902}},{"type":"Feature","geometry":{"type":"Point","coordinates":[-109.668639,44.460449]},"properties":{"kind":"campsite","src":"osm","osm":"node/4064506529","name":"Clearwater Creek Campground","fee":"yes","access":"yes","elev_ft":6033}},{"type":"Feature","geometry":{"type":"Point","coordinates":[-109.629128,44.463288]},"properties":{"kind":"campsite","src":"osm","osm":"node/4064506530","name":"Elk Fork Campground","elev_ft":5971}},{"type":"Feature","geometry":{"type":"Point","coordinates":[-105.368971,41.779143]},"properties":{"kind":"campsite","src":"osm","osm":"node/4086599881","name":"Camping Area C","operator":"Wyoming Game and Fish","elev_ft":6171}},{"type":"Feature","geometry":{"type":"Point","coordinates":[-107.166907,44.908151]},"properties":{"kind":"rv_park","src":"osm","osm":"node/4172875274","name":"Lazy R campground","elev_ft":3770}},{"type":"Feature","geometry":{"type":"Point","coordinates":[-107.163593,44.904702]},"properties":{"kind":"campsite","src":"osm","osm":"node/4172875280","name":"Connor Battlefield State Park","elev_ft":3763}},{"type":"Feature","geometry":{"type":"Point","coordinates":[-110.355751,43.824245]},"properties":{"kind":"campsite","src":"osm","osm":"node/4203312926","name":"Hatchet Campground","elev_ft":6923}},{"type":"Feature","geometry":{"type":"Point","coordinates":[-107.12479,44.589969]},"properties":{"kind":"campsite","src":"osm","osm":"node/4211642048","name":"Little Goose Campground","fee":"no","elev_ft":6965}},{"type":"Feature","geometry":{"type":"Point","coordinates":[-107.208619,44.595906]},"properties":{"kind":"campsite","src":"osm","osm":"node/4211642049","name":"East Fork Campground","fee":"yes","elev_ft":7635}},{"type":"Feature","geometry":{"type":"Point","coordinates":[-107.218683,44.600524]},"properties":{"kind":"campsite","src":"osm","osm":"node/4211642050","name":"Big Goose Campground","fee":"yes","elev_ft":7723}},{"type":"Feature","geometry":{"type":"Point","coordinates":[-106.43112,41.126243]},"properties":{"kind":"campsite","src":"osm","osm":"node/4254585191","name":"Pickaroon Campground","elev_ft":7461}},{"type":"Feature","geometry":{"type":"Point","coordinates":[-109.421591,41.54839]},"properties":{"kind":"campsite","src":"osm","osm":"node/4302616489","fee":"no","elev_ft":7146}},{"type":"Feature","geometry":{"type":"Point","coordinates":[-110.908897,43.599699]},"properties":{"kind":"campsite","src":"osm","osm":"node/4309397490","name":"Middle Fork/South Fork","elev_ft":8832}},{"type":"Feature","geometry":{"type":"Point","coordinates":[-110.68927,44.09699]},"properties":{"kind":"campsite","src":"osm","osm":"node/4329455691","elev_ft":6804}},{"type":"Feature","geometry":{"type":"Point","coordinates":[-110.454897,43.841236]},"properties":{"kind":"campsite","src":"osm","osm":"node/4354317799","name":"Lava Creek Campground","elev_ft":6900}},{"type":"Feature","geometry":{"type":"Point","coordinates":[-109.630615,43.532905]},"properties":{"kind":"campsite","src":"osm","osm":"node/4354450089","name":"St Thomas Episcopal Church","website":"https://www.warmshowers.org/user/129037","elev_ft":6942}},{"type":"Feature","geometry":{"type":"Point","coordinates":[-104.09254,44.515962]},"properties":{"kind":"campsite","src":"osm","osm":"node/4852084726","elev_ft":3602}},{"type":"Feature","geometry":{"type":"Point","coordinates":[-104.10255,44.513675]},"properties":{"kind":"campsite","src":"osm","osm":"node/4852084727","name":"Sand Creek Public Access -West Oxbow - WGF","drinking_water":"no","toilets":"vault","reservation":"no","elev_ft":3612}},{"type":"Feature","geometry":{"type":"Point","coordinates":[-104.083721,44.516765]},"properties":{"kind":"campsite","src":"osm","osm":"node/4852084728","name":"Sand Creek Public Access - East Oxbow - WGF","fee":"no","toilets":"vault","reservation":"no","elev_ft":3586}},{"type":"Feature","geometry":{"type":"Point","coordinates":[-104.097872,44.515801]},"properties":{"kind":"campsite","src":"osm","osm":"node/4852084730","elev_ft":3612}},{"type":"Feature","geometry":{"type":"Point","coordinates":[-104.089128,44.515878]},"properties":{"kind":"campsite","src":"osm","osm":"node/4852084731","name":"Sand Creek Public Access - Rogers - WGF","drinking_water":"no","toilets":"vault","reservation":"no","elev_ft":3602}},{"type":"Feature","geometry":{"type":"Point","coordinates":[-106.94923,44.301402]},"properties":{"kind":"campsite","src":"osm","osm":"node/4988753121","name":"Middle Fork Campground","elev_ft":7507}},{"type":"Feature","geometry":{"type":"Point","coordinates":[-106.943753,44.280777]},"properties":{"kind":"rv_park","src":"osm","osm":"node/4988753122","name":"Tie Hack Campground","elev_ft":7812}},{"type":"Feature","geometry":{"type":"Point","coordinates":[-106.945533,44.278461]},"properties":{"kind":"rv_park","src":"osm","osm":"node/4988753123","name":"South Fork Campground","elev_ft":7680}},{"type":"Feature","geometry":{"type":"Point","coordinates":[-106.991498,44.282199]},"properties":{"kind":"rv_park","src":"osm","osm":"node/4988753124","name":"Circle Park Campground","elev_ft":8173}},{"type":"Feature","geometry":{"type":"Point","coordinates":[-106.951712,44.297113]},"properties":{"kind":"campsite","src":"osm","osm":"node/4988754621","name":"Hettinger Group Campground","elev_ft":7690}},{"type":"Feature","geometry":{"type":"Point","coordinates":[-107.252174,44.164617]},"properties":{"kind":"campsite","src":"osm","osm":"node/4988754630","name":"Boulder Park Campground","fee":"yes","drinking_water":"yes","toilets":"yes","reservation":"yes","elev_ft":7999}},{"type":"Feature","geometry":{"type":"Point","coordinates":[-106.953587,44.148213]},"properties":{"kind":"rv_park","src":"osm","osm":"node/4988766122","name":"Lost Cabin Campground","elev_ft":8281}},{"type":"Feature","geometry":{"type":"Point","coordinates":[-108.185594,43.271152]},"properties":{"kind":"rv_park","src":"osm","osm":"node/5047098426","elev_ft":4721}},{"type":"Feature","geometry":{"type":"Point","coordinates":[-104.974792,42.513697]},"properties":{"kind":"rv_park","src":"osm","osm":"node/5047098427","elev_ft":4642}},{"type":"Feature","geometry":{"type":"Point","coordinates":[-110.622033,43.704156]},"properties":{"kind":"campsite","src":"osm","osm":"node/5064880749","elev_ft":6801}},{"type":"Feature","geometry":{"type":"Point","coordinates":[-106.926835,41.041414]},"properties":{"kind":"campsite","src":"osm","osm":"node/5084236524","name":"CDT crossing campsite","elev_ft":9170}},{"type":"Feature","geometry":{"type":"Point","coordinates":[-111.010863,42.997602]},"properties":{"kind":"rv_park","src":"osm","osm":"node/5107361637","name":"Wolf Den Log Cabin RV Park","elev_ft":5830}},{"type":"Feature","geometry":{"type":"Point","coordinates":[-110.535094,41.79741]},"properties":{"kind":"rv_park","src":"osm","osm":"node/5107375164","name":"Riverside RV & Mobile Home Park","elev_ft":6909}},{"type":"Feature","geometry":{"type":"Point","coordinates":[-111.026302,43.132403]},"properties":{"kind":"rv_park","src":"osm","osm":"node/5312555957","name":"Wapiti Village RV Park","elev_ft":5669}},{"type":"Feature","geometry":{"type":"Point","coordinates":[-104.879871,41.057119]},"properties":{"kind":"dump","src":"osm","osm":"node/5325028521","access":"yes","operator":"State of Wyoming","desc":"Non-potable water also available at hydrant;likely seasonal too","elev_ft":6348}},{"type":"Feature","geometry":{"type":"Point","coordinates":[-104.879838,41.057049]},"properties":{"kind":"dump","src":"osm","osm":"node/5325028522","access":"yes","operator":"State of Wyoming","desc":"Non-potable water also available at hydrant;likely seasonal too","elev_ft":6348}},{"type":"Feature","geometry":{"type":"Point","coordinates":[-106.787105,41.469144]},"properties":{"kind":"campsite","src":"osm","osm":"node/5408902774","name":"Satatoga Lake Campgrounds","elev_ft":6791}},{"type":"Feature","geometry":{"type":"Point","coordinates":[-109.437433,44.467526]},"properties":{"kind":"campsite","src":"osm","osm":"node/5570973620","name":"Wheels of Wonderment Motorcycle Campground","operator":"Pete Pleban","website":"https://wowmccg.com/","elev_ft":5676}},{"type":"Feature","geometry":{"type":"Point","coordinates":[-105.501897,42.265913]},"properties":{"kind":"campsite","src":"osm","osm":"node/5813711303","name":"Roaring Fork Camp","elev_ft":7684}},{"type":"Feature","geometry":{"type":"Point","coordinates":[-105.344627,42.364801]},"properties":{"kind":"campsite","src":"osm","osm":"node/5813711714","name":"Harris Park Camp 2","elev_ft":6306}},{"type":"Feature","geometry":{"type":"Point","coordinates":[-105.369489,41.960884]},"properties":{"kind":"campsite","src":"osm","osm":"node/5813711870","name":"Toaster Wall","elev_ft":7008}},{"type":"Feature","geometry":{"type":"Point","coordinates":[-105.661873,42.395314]},"properties":{"kind":"campsite","src":"osm","osm":"node/5813711874","name":"LaBonte Camp 5","elev_ft":6969}},{"type":"Feature","geometry":{"type":"Point","coordinates":[-105.672555,42.392671]},"properties":{"kind":"campsite","src":"osm","osm":"node/5813711876","name":"LaBonte Camp 3","elev_ft":7070}},{"type":"Feature","geometry":{"type":"Point","coordinates":[-105.436571,42.361739]},"properties":{"kind":"campsite","src":"osm","osm":"node/5813711878","name":"Esterbrook Camp 3","elev_ft":6388}},{"type":"Feature","geometry":{"type":"Point","coordinates":[-104.953327,42.047597]},"properties":{"kind":"campsite","src":"osm","osm":"node/5835597415","name":"Lewis park campground","elev_ft":4754}},{"type":"Feature","geometry":{"type":"Point","coordinates":[-109.347797,44.485827]},"properties":{"kind":"campsite","src":"osm","osm":"node/5852871986","name":"W.O.W. cottage 3Bed 2Bath","elev_ft":5509}},{"type":"Feature","geometry":{"type":"Point","coordinates":[-110.760207,44.100366]},"properties":{"kind":"campsite","src":"osm","osm":"node/5929447650","desc":"primitive","elev_ft":7149}},{"type":"Feature","geometry":{"type":"Point","coordinates":[-110.695705,44.088772]},"properties":{"kind":"campsite","src":"osm","osm":"node/5929453262","desc":"primitive","elev_ft":6831}},{"type":"Feature","geometry":{"type":"Point","coordinates":[-110.699185,44.086306]},"properties":{"kind":"campsite","src":"osm","osm":"node/5929453695","desc":"primitive","elev_ft":6860}},{"type":"Feature","geometry":{"type":"Point","coordinates":[-110.768728,44.105175]},"properties":{"kind":"campsite","src":"osm","osm":"node/5929453696","desc":"primitive","elev_ft":7201}},{"type":"Feature","geometry":{"type":"Point","coordinates":[-110.709607,44.086996]},"properties":{"kind":"campsite","src":"osm","osm":"node/5929453976","desc":"primitive","elev_ft":6880}},{"type":"Feature","geometry":{"type":"Point","coordinates":[-110.736004,44.097796]},"properties":{"kind":"campsite","src":"osm","osm":"node/5929453977","desc":"primitive","elev_ft":7047}},{"type":"Feature","geometry":{"type":"Point","coordinates":[-105.501451,42.265467]},"properties":{"kind":"campsite","src":"osm","osm":"node/6049685711","access":"yes","elev_ft":7674}},{"type":"Feature","geometry":{"type":"Point","coordinates":[-105.527922,42.234586]},"properties":{"kind":"campsite","src":"osm","osm":"node/6049761638","name":"Jack Squirrel Peak Camp 1","elev_ft":7579}},{"type":"Feature","geometry":{"type":"Point","coordinates":[-105.484781,42.256372]},"properties":{"kind":"campsite","src":"osm","osm":"node/6049799647","name":"Friend Park Camp","elev_ft":7539}},{"type":"Feature","geometry":{"type":"Point","coordinates":[-108.751917,42.585665]},"properties":{"kind":"campsite","src":"osm","osm":"node/6055225632","elev_ft":8776}},{"type":"Feature","geometry":{"type":"Point","coordinates":[-110.986136,42.851712]},"properties":{"kind":"campsite","src":"osm","osm":"node/6121764287","fee":"no","access":"yes","elev_ft":5978}},{"type":"Feature","geometry":{"type":"Point","coordinates":[-108.214834,43.638605]},"properties":{"kind":"campsite","src":"osm","osm":"node/6528970685","name":"Wyoming Garden and RV","elev_ft":4344}},{"type":"Feature","geometry":{"type":"Point","coordinates":[-107.233565,44.223217]},"properties":{"kind":"campsite","src":"osm","osm":"node/6566735860","elev_ft":8678}},{"type":"Feature","geometry":{"type":"Point","coordinates":[-107.235206,44.226093]},"properties":{"kind":"campsite","src":"osm","osm":"node/6566735861","elev_ft":8717}},{"type":"Feature","geometry":{"type":"Point","coordinates":[-107.234695,44.227191]},"properties":{"kind":"campsite","src":"osm","osm":"node/6566735862","elev_ft":8671}},{"type":"Feature","geometry":{"type":"Point","coordinates":[-107.233737,44.230307]},"properties":{"kind":"campsite","src":"osm","osm":"node/6566735863","elev_ft":8701}},{"type":"Feature","geometry":{"type":"Point","coordinates":[-107.231043,44.234187]},"properties":{"kind":"campsite","src":"osm","osm":"node/6566735864","elev_ft":8714}},{"type":"Feature","geometry":{"type":"Point","coordinates":[-107.229713,44.235425]},"properties":{"kind":"campsite","src":"osm","osm":"node/6566735865","elev_ft":8812}},{"type":"Feature","geometry":{"type":"Point","coordinates":[-107.227363,44.23677]},"properties":{"kind":"campsite","src":"osm","osm":"node/6566735866","elev_ft":8789}},{"type":"Feature","geometry":{"type":"Point","coordinates":[-107.225808,44.237093]},"properties":{"kind":"campsite","src":"osm","osm":"node/6566735867","elev_ft":8786}},{"type":"Feature","geometry":{"type":"Point","coordinates":[-107.224156,44.241305]},"properties":{"kind":"campsite","src":"osm","osm":"node/6566735868","elev_ft":8924}},{"type":"Feature","geometry":{"type":"Point","coordinates":[-107.216409,44.252984]},"properties":{"kind":"campsite","src":"osm","osm":"node/6566735873","elev_ft":9117}},{"type":"Feature","geometry":{"type":"Point","coordinates":[-107.216109,44.253738]},"properties":{"kind":"campsite","src":"osm","osm":"node/6566735874","elev_ft":9127}},{"type":"Feature","geometry":{"type":"Point","coordinates":[-107.215937,44.254322]},"properties":{"kind":"campsite","src":"osm","osm":"node/6566735875","elev_ft":9137}},{"type":"Feature","geometry":{"type":"Point","coordinates":[-107.215594,44.255182]},"properties":{"kind":"campsite","src":"osm","osm":"node/6566735876","elev_ft":9144}},{"type":"Feature","geometry":{"type":"Point","coordinates":[-107.215294,44.255766]},"properties":{"kind":"campsite","src":"osm","osm":"node/6566735877","elev_ft":9144}},{"type":"Feature","geometry":{"type":"Point","coordinates":[-107.215058,44.256258]},"properties":{"kind":"campsite","src":"osm","osm":"node/6566735878","elev_ft":9150}},{"type":"Feature","geometry":{"type":"Point","coordinates":[-110.025296,43.25655]},"properties":{"kind":"campsite","src":"osm","osm":"node/7503569453","name":"Whiskey Grove Campground","fee":"yes","operator":"United States Forest Service","capacity":"9","elev_ft":7726}},{"type":"Feature","geometry":{"type":"Point","coordinates":[-104.326329,44.654895]},"properties":{"kind":"campsite","src":"osm","osm":"node/7638845510","name":"Bearlodge - USFS","fee":"yes","operator":"USFS","capacity":"8","drinking_water":"no","toilets":"vault","elev_ft":4698}},{"type":"Feature","geometry":{"type":"Point","coordinates":[-104.698684,44.590462]},"properties":{"kind":"campsite","src":"osm","osm":"node/7638845511","name":"Devils Tower NM - Belle Fourche Campground","fee":"yes","capacity":"50","reservation":"no","elev_ft":3845}},{"type":"Feature","geometry":{"type":"Point","coordinates":[-104.411948,44.59458]},"properties":{"kind":"campsite","src":"osm","osm":"node/7638845518","name":"Cook Lake Recreation Area","fee":"yes","capacity":"32","reservation":"yes","elev_ft":4902}},{"type":"Feature","geometry":{"type":"Point","coordinates":[-104.423743,44.426489]},"properties":{"kind":"campsite","src":"osm","osm":"node/7638845519","name":"Reuter Campground","fee":"yes","capacity":"24","drinking_water":"seasonal","toilets":"vault","elev_ft":5489}},{"type":"Feature","geometry":{"type":"Point","coordinates":[-110.986807,43.821715]},"properties":{"kind":"campsite","src":"osm","osm":"node/7714992971","elev_ft":6844}},{"type":"Feature","geometry":{"type":"Point","coordinates":[-110.931903,42.690274]},"properties":{"kind":"rv_park","src":"osm","osm":"node/7859147357","name":"Kodiak Mountain Resort RV Park U.S.","website":"https://www.kodiakmountainresort.com/","elev_ft":6312}},{"type":"Feature","geometry":{"type":"Point","coordinates":[-110.487876,43.770905]},"properties":{"kind":"campsite","src":"osm","osm":"node/7920592585","name":"Spread Creek Dispersed Camping Area","elev_ft":7129}},{"type":"Feature","geometry":{"type":"Point","coordinates":[-110.644511,43.905707]},"properties":{"kind":"campsite","src":"osm","osm":"node/8092637120","name":"Full hook up","elev_ft":6827}},{"type":"Feature","geometry":{"type":"Point","coordinates":[-110.512344,44.698885]},"properties":{"kind":"campsite","src":"osm","osm":"node/8150130135","elev_ft":7730}},{"type":"Feature","geometry":{"type":"Point","coordinates":[-107.213162,44.169084]},"properties":{"kind":"campsite","src":"osm","osm":"node/8154560637","name":"Bull Creek Campground","elev_ft":8566}},{"type":"Feature","geometry":{"type":"Point","coordinates":[-106.921086,44.16576]},"properties":{"kind":"campsite","src":"osm","osm":"node/8154560640","name":"Crazy Woman Campground","elev_ft":7779}},{"type":"Feature","geometry":{"type":"Point","coordinates":[-106.891795,44.173233]},"properties":{"kind":"campsite","src":"osm","osm":"node/8154560659","name":"Canyon Campground","elev_ft":7087}},{"type":"Feature","geometry":{"type":"Point","coordinates":[-107.314745,44.080362]},"properties":{"kind":"campsite","src":"osm","osm":"node/8154561050","name":"Leigh Creek Campground","fee":"yes","website":"https://www.recreation.gov/camping/campgrounds/250046","drinking_water":"yes","toilets":"yes","reservation":"yes","elev_ft":5325}},{"type":"Feature","geometry":{"type":"Point","coordinates":[-106.986397,44.072866]},"properties":{"kind":"campsite","src":"osm","osm":"node/8154561085","name":"Lower Doyle Creek Campground","fee":"yes","website":"https://www.recreation.gov/camping/campgrounds/250028","drinking_water":"yes","toilets":"yes","reservation":"yes","elev_ft":8186}},{"type":"Feature","geometry":{"type":"Point","coordinates":[-107.53485,44.568241]},"properties":{"kind":"campsite","src":"osm","osm":"node/8184063711","name":"Cabin Creek Campground","elev_ft":7566}},{"type":"Feature","geometry":{"type":"Point","coordinates":[-107.780969,44.534096]},"properties":{"kind":"campsite","src":"osm","osm":"node/8202446763","elev_ft":4216}},{"type":"Feature","geometry":{"type":"Point","coordinates":[-107.231734,44.16774]},"properties":{"kind":"campsite","src":"osm","osm":"node/8205439190","name":"Lake Point Campground","elev_ft":8504}},{"type":"Feature","geometry":{"type":"Point","coordinates":[-106.951724,44.301636]},"properties":{"kind":"campsite","src":"osm","osm":"node/8213637486","name":"Middle Fork Campground","elev_ft":7507}},{"type":"Feature","geometry":{"type":"Point","coordinates":[-107.243857,44.519899]},"properties":{"kind":"campsite","src":"osm","osm":"node/8237447940","name":"Coffeen Park Campground","operator":"USFS","elev_ft":8501}},{"type":"Feature","geometry":{"type":"Point","coordinates":[-107.216261,44.546332]},"properties":{"kind":"campsite","src":"osm","osm":"node/8237448278","name":"Cross Creek Campground","elev_ft":8287}},{"type":"Feature","geometry":{"type":"Point","coordinates":[-107.77325,44.727856]},"properties":{"kind":"campsite","src":"osm","osm":"node/8286291882","elev_ft":9117}},{"type":"Feature","geometry":{"type":"Point","coordinates":[-107.469252,44.769686]},"properties":{"kind":"campsite","src":"osm","osm":"node/8286291884","name":"Prune Creek Campground","elev_ft":7687}},{"type":"Feature","geometry":{"type":"Point","coordinates":[-107.500363,44.704685]},"properties":{"kind":"campsite","src":"osm","osm":"node/8286292194","name":"Owen Creek Campground","elev_ft":8494}},{"type":"Feature","geometry":{"type":"Point","coordinates":[-107.457088,44.718201]},"properties":{"kind":"campsite","src":"osm","osm":"node/8286292195","elev_ft":8363}},{"type":"Feature","geometry":{"type":"Point","coordinates":[-107.330082,44.846912]},"properties":{"kind":"campsite","src":"osm","osm":"node/8296594607","name":"Tongue Canyon Campground","elev_ft":4226}},{"type":"Feature","geometry":{"type":"Point","coordinates":[-110.933054,42.721477]},"properties":{"kind":"rv_park","src":"osm","osm":"node/8420253063","name":"Wagon Wheel RV Park","elev_ft":6237}},{"type":"Feature","geometry":{"type":"Point","coordinates":[-109.797043,42.941566]},"properties":{"kind":"campsite","src":"osm","osm":"node/8543725014","name":"Fremont Lake Campground","elev_ft":7448}},{"type":"Feature","geometry":{"type":"Point","coordinates":[-110.982211,43.146265]},"properties":{"kind":"campsite","src":"osm","osm":"node/8737554299","elev_ft":5774}},{"type":"Feature","geometry":{"type":"Point","coordinates":[-110.680497,42.596991]},"properties":{"kind":"campsite","src":"osm","osm":"node/8740005429","elev_ft":8061}},{"type":"Feature","geometry":{"type":"Point","coordinates":[-110.996869,42.910624]},"properties":{"kind":"rv_park","src":"osm","osm":"node/8778353979","name":"Flat Creek RV Park & Cabins","elev_ft":5955}},{"type":"Feature","geometry":{"type":"Point","coordinates":[-110.96877,42.964146]},"properties":{"kind":"rv_park","src":"osm","osm":"node/8806348120","name":"Star Valley Ranch RV Park","website":"https://starvalleyranchresort.com/","elev_ft":6138}},{"type":"Feature","geometry":{"type":"Point","coordinates":[-110.118953,44.088047]},"properties":{"kind":"campsite","src":"osm","osm":"node/8807758122","elev_ft":7910}},{"type":"Feature","geometry":{"type":"Point","coordinates":[-110.875243,44.534795]},"properties":{"kind":"water","src":"osm","osm":"node/8833440917","name":"Lily Pond","elev_ft":7500}},{"type":"Feature","geometry":{"type":"Point","coordinates":[-110.74398,42.406432]},"properties":{"kind":"campsite","src":"osm","osm":"node/8890743699","name":"Lake Alice Campground","elev_ft":7782}},{"type":"Feature","geometry":{"type":"Point","coordinates":[-110.745778,42.405254]},"properties":{"kind":"campsite","src":"osm","osm":"node/8892225061","elev_ft":7766}},{"type":"Feature","geometry":{"type":"Point","coordinates":[-110.743403,42.410201]},"properties":{"kind":"campsite","src":"osm","osm":"node/8892225062","elev_ft":7785}},{"type":"Feature","geometry":{"type":"Point","coordinates":[-111.011691,42.997928]},"properties":{"kind":"rv_park","src":"osm","osm":"node/8961585679","name":"Wolf Den Log Cabin Motel & RV Park","website":"http://www.wolfdenlogcabinmotel.com/","elev_ft":5814}},{"type":"Feature","geometry":{"type":"Point","coordinates":[-110.784885,42.502761]},"properties":{"kind":"campsite","src":"osm","osm":"node/8983887261","elev_ft":7864}},{"type":"Feature","geometry":{"type":"Point","coordinates":[-110.76391,42.515593]},"properties":{"kind":"campsite","src":"osm","osm":"node/8983887262","elev_ft":7907}},{"type":"Feature","geometry":{"type":"Point","coordinates":[-110.761171,42.514535]},"properties":{"kind":"campsite","src":"osm","osm":"node/8983887263","elev_ft":7923}},{"type":"Feature","geometry":{"type":"Point","coordinates":[-110.672592,42.865616]},"properties":{"kind":"campsite","src":"osm","osm":"node/8989425666","name":"Hunting Camp","elev_ft":7175}},{"type":"Feature","geometry":{"type":"Point","coordinates":[-110.704731,42.97631]},"properties":{"kind":"campsite","src":"osm","osm":"node/8990405873","name":"Hunting Camp","elev_ft":6755}},{"type":"Feature","geometry":{"type":"Point","coordinates":[-110.823723,43.063437]},"properties":{"kind":"campsite","src":"osm","osm":"node/8993548814","name":"Hunting Camp","elev_ft":6457}},{"type":"Feature","geometry":{"type":"Point","coordinates":[-110.693421,43.076107]},"properties":{"kind":"campsite","src":"osm","osm":"node/9030155700","name":"Hunting Camp","elev_ft":6900}},{"type":"Feature","geometry":{"type":"Point","coordinates":[-110.816759,42.640969]},"properties":{"kind":"campsite","src":"osm","osm":"node/9054168575","name":"Cottonwood Lake Group Campground","website":"https://www.fs.usda.gov/recarea/btnf/recarea/?recid=77373","elev_ft":7556}},{"type":"Feature","geometry":{"type":"Point","coordinates":[-110.818371,42.638689]},"properties":{"kind":"campsite","src":"osm","osm":"node/9054168586","name":"Cottonwood Lake Campground","website":"https://www.fs.usda.gov/recarea/btnf/recarea/?recid=71545","elev_ft":7497}},{"type":"Feature","geometry":{"type":"Point","coordinates":[-110.705253,43.132748]},"properties":{"kind":"campsite","src":"osm","osm":"node/9106554217","name":"Waterdog Lake Hunting Camp","elev_ft":7365}},{"type":"Feature","geometry":{"type":"Point","coordinates":[-110.630769,43.169386]},"properties":{"kind":"campsite","src":"osm","osm":"node/9446963512","elev_ft":6942}},{"type":"Feature","geometry":{"type":"Point","coordinates":[-110.509984,43.11804]},"properties":{"kind":"campsite","src":"osm","osm":"node/9449363599","elev_ft":7756}},{"type":"Feature","geometry":{"type":"Point","coordinates":[-110.733218,43.249367]},"properties":{"kind":"campsite","src":"osm","osm":"node/9699712919","elev_ft":8182}},{"type":"Feature","geometry":{"type":"Point","coordinates":[-110.699911,43.308068]},"properties":{"kind":"campsite","src":"osm","osm":"node/9715893165","elev_ft":6896}},{"type":"Feature","geometry":{"type":"Point","coordinates":[-110.946012,43.754995]},"properties":{"kind":"campsite","src":"osm","osm":"node/9795044730","name":"Treasure Mountain Scout Camp","operator":"LDS Church","elev_ft":6913}},{"type":"Feature","geometry":{"type":"Point","coordinates":[-110.668155,44.105074]},"properties":{"kind":"campsite","src":"osm","osm":"node/9888601318","name":"Headwaters Campground and RV Park","website":"https://www.nps.gov/grte/planyourvisit/headwaterscg.htm","elev_ft":6854}},{"type":"Feature","geometry":{"type":"Point","coordinates":[-110.668347,44.105093]},"properties":{"kind":"rv_park","src":"osm","osm":"node/9888601817","name":"Headwaters Campground and RV Park","elev_ft":6854}},{"type":"Feature","geometry":{"type":"Point","coordinates":[-110.787394,44.356322]},"properties":{"kind":"campsite","src":"osm","osm":"node/9941394713","elev_ft":7858}},{"type":"Feature","geometry":{"type":"Point","coordinates":[-110.813741,44.416852]},"properties":{"kind":"campsite","src":"osm","osm":"node/9941394724","name":"Lone Star (OA1)","elev_ft":7667}},{"type":"Feature","geometry":{"type":"Point","coordinates":[-108.884089,42.704513]},"properties":{"kind":"campsite","src":"osm","osm":"node/10073528172","name":"Frye Lake Campground","elev_ft":8533}},{"type":"Feature","geometry":{"type":"Point","coordinates":[-105.610086,41.310048]},"properties":{"kind":"dump","src":"osm","osm":"node/10177278883","elev_ft":7152}},{"type":"Feature","geometry":{"type":"Point","coordinates":[-109.884914,44.610112]},"properties":{"kind":"campsite","src":"osm","osm":"node/10548310063","elev_ft":7703}},{"type":"Feature","geometry":{"type":"Point","coordinates":[-110.638309,44.012768]},"properties":{"kind":"campsite","src":"osm","osm":"node/10584950326","elev_ft":6916}},{"type":"Feature","geometry":{"type":"Point","coordinates":[-110.21502,43.568373]},"properties":{"kind":"campsite","src":"osm","osm":"node/10677836052","elev_ft":7635}},{"type":"Feature","geometry":{"type":"Point","coordinates":[-109.073064,44.518354]},"properties":{"kind":"dump","src":"osm","osm":"node/10951983109","elev_ft":5023}},{"type":"Feature","geometry":{"type":"Point","coordinates":[-108.047236,44.372788]},"properties":{"kind":"campsite","src":"osm","osm":"node/10958605490","name":"Liberty Ranch Campground","elev_ft":3930}},{"type":"Feature","geometry":{"type":"Point","coordinates":[-109.735389,42.759487]},"properties":{"kind":"campsite","src":"osm","osm":"node/10981759216","name":"Wind River Campground","website":"windriverview.wixsite.com","elev_ft":7011}},{"type":"Feature","geometry":{"type":"Point","coordinates":[-110.92062,43.75622]},"properties":{"kind":"rv_park","src":"osm","osm":"node/11023449769","name":"Camp HOst","elev_ft":6965}},{"type":"Feature","geometry":{"type":"Point","coordinates":[-110.921071,43.756439]},"properties":{"kind":"rv_park","src":"osm","osm":"node/11023449771","name":"Site 1","elev_ft":6965}},{"type":"Feature","geometry":{"type":"Point","coordinates":[-110.920396,43.755601]},"properties":{"kind":"rv_park","src":"osm","osm":"node/11023449774","name":"Site 5","elev_ft":6972}},{"type":"Feature","geometry":{"type":"Point","coordinates":[-110.920697,43.755648]},"properties":{"kind":"rv_park","src":"osm","osm":"node/11023449776","name":"Site 3","elev_ft":6972}},{"type":"Feature","geometry":{"type":"Point","coordinates":[-110.919144,43.755874]},"properties":{"kind":"rv_park","src":"osm","osm":"node/11023449782","name":"Site 6","elev_ft":6975}},{"type":"Feature","geometry":{"type":"Point","coordinates":[-110.920202,43.755803]},"properties":{"kind":"rv_park","src":"osm","osm":"node/11023449783","name":"Site 4","elev_ft":6972}},{"type":"Feature","geometry":{"type":"Point","coordinates":[-110.917907,43.756248]},"properties":{"kind":"rv_park","src":"osm","osm":"node/11023449786","name":"Site 8","elev_ft":7008}},{"type":"Feature","geometry":{"type":"Point","coordinates":[-110.919017,43.756482]},"properties":{"kind":"rv_park","src":"osm","osm":"node/11023449794","name":"Site 12","elev_ft":6972}},{"type":"Feature","geometry":{"type":"Point","coordinates":[-110.919911,43.756712]},"properties":{"kind":"rv_park","src":"osm","osm":"node/11023449801","name":"Site 19","elev_ft":6965}},{"type":"Feature","geometry":{"type":"Point","coordinates":[-110.919385,43.75678]},"properties":{"kind":"rv_park","src":"osm","osm":"node/11023449804","name":"Site 16","elev_ft":6965}},{"type":"Feature","geometry":{"type":"Point","coordinates":[-110.919262,43.757019]},"properties":{"kind":"rv_park","src":"osm","osm":"node/11023449809","name":"Site 15","elev_ft":6972}},{"type":"Feature","geometry":{"type":"Point","coordinates":[-110.91864,43.757008]},"properties":{"kind":"rv_park","src":"osm","osm":"node/11023449816","name":"Site 14","elev_ft":6972}},{"type":"Feature","geometry":{"type":"Point","coordinates":[-110.920057,43.756464]},"properties":{"kind":"rv_park","src":"osm","osm":"node/11023449819","name":"Site 18","elev_ft":6965}},{"type":"Feature","geometry":{"type":"Point","coordinates":[-110.919472,43.756306]},"properties":{"kind":"rv_park","src":"osm","osm":"node/11023449821","name":"Site 13","elev_ft":6965}},{"type":"Feature","geometry":{"type":"Point","coordinates":[-110.918989,43.756268]},"properties":{"kind":"rv_park","src":"osm","osm":"node/11023449822","name":"Site 11","elev_ft":6972}},{"type":"Feature","geometry":{"type":"Point","coordinates":[-110.920873,43.756005]},"properties":{"kind":"rv_park","src":"osm","osm":"node/11023449823","name":"Site 2","elev_ft":6975}},{"type":"Feature","geometry":{"type":"Point","coordinates":[-110.918719,43.755817]},"properties":{"kind":"rv_park","src":"osm","osm":"node/11023449824","name":"Site 7","elev_ft":6975}},{"type":"Feature","geometry":{"type":"Point","coordinates":[-110.918417,43.756287]},"properties":{"kind":"rv_park","src":"osm","osm":"node/11023449825","name":"Site 9","elev_ft":6972}},{"type":"Feature","geometry":{"type":"Point","coordinates":[-110.918533,43.756521]},"properties":{"kind":"rv_park","src":"osm","osm":"node/11023449826","name":"Site 10","elev_ft":6972}},{"type":"Feature","geometry":{"type":"Point","coordinates":[-110.919713,43.756867]},"properties":{"kind":"rv_park","src":"osm","osm":"node/11023449827","name":"Site 17","elev_ft":6965}},{"type":"Feature","geometry":{"type":"Point","coordinates":[-110.952126,43.756887]},"properties":{"kind":"rv_park","src":"osm","osm":"node/11024158720","name":"Site 1","elev_ft":6877}},{"type":"Feature","geometry":{"type":"Point","coordinates":[-110.952406,43.757235]},"properties":{"kind":"rv_park","src":"osm","osm":"node/11024158721","name":"Site 2","elev_ft":6867}},{"type":"Feature","geometry":{"type":"Point","coordinates":[-110.952874,43.757384]},"properties":{"kind":"rv_park","src":"osm","osm":"node/11024158722","name":"Site 4","elev_ft":6867}},{"type":"Feature","geometry":{"type":"Point","coordinates":[-110.952199,43.757487]},"properties":{"kind":"rv_park","src":"osm","osm":"node/11024158724","name":"Site 3","elev_ft":6877}},{"type":"Feature","geometry":{"type":"Point","coordinates":[-110.952534,43.757572]},"properties":{"kind":"rv_park","src":"osm","osm":"node/11024158725","name":"Site 5","elev_ft":6867}},{"type":"Feature","geometry":{"type":"Point","coordinates":[-110.924429,43.758357]},"properties":{"kind":"rv_park","src":"osm","osm":"node/11024158945","name":"Site 22","elev_ft":7021}},{"type":"Feature","geometry":{"type":"Point","coordinates":[-110.923383,43.758064]},"properties":{"kind":"rv_park","src":"osm","osm":"node/11024158949","name":"Site 21","elev_ft":6975}},{"type":"Feature","geometry":{"type":"Point","coordinates":[-109.920489,43.638299]},"properties":{"kind":"campsite","src":"osm","osm":"node/11210953125","elev_ft":7720}},{"type":"Feature","geometry":{"type":"Point","coordinates":[-107.256049,41.601705]},"properties":{"kind":"campsite","src":"osm","osm":"node/11210954492","name":"Teton reservoir recreation area","elev_ft":7064}},{"type":"Feature","geometry":{"type":"Point","coordinates":[-108.726788,42.496056]},"properties":{"kind":"campsite","src":"osm","osm":"node/11210954493","name":"Dexter mill RV park","elev_ft":7690}},{"type":"Feature","geometry":{"type":"Point","coordinates":[-107.167714,41.109423]},"properties":{"kind":"campsite","src":"osm","osm":"node/11210956778","name":"dispersed camping","elev_ft":8222}},{"type":"Feature","geometry":{"type":"Point","coordinates":[-109.845015,43.566879]},"properties":{"kind":"campsite","src":"osm","osm":"node/11210963866","elev_ft":8396}},{"type":"Feature","geometry":{"type":"Point","coordinates":[-110.285056,43.861055]},"properties":{"kind":"campsite","src":"osm","osm":"node/11210970011","elev_ft":6939}},{"type":"Feature","geometry":{"type":"Point","coordinates":[-109.921862,43.578396]},"properties":{"kind":"campsite","src":"osm","osm":"node/11210975076","elev_ft":8878}},{"type":"Feature","geometry":{"type":"Point","coordinates":[-108.726977,42.496065]},"properties":{"kind":"campsite","src":"osm","osm":"node/11245569612","desc":"Rv/tent camp","elev_ft":7690}},{"type":"Feature","geometry":{"type":"Point","coordinates":[-110.933431,41.26579]},"properties":{"kind":"dump","src":"osm","osm":"node/11294206884","elev_ft":6808}},{"type":"Feature","geometry":{"type":"Point","coordinates":[-110.933414,41.265744]},"properties":{"kind":"dump","src":"osm","osm":"node/11294206885","elev_ft":6808}},{"type":"Feature","geometry":{"type":"Point","coordinates":[-105.527757,42.232973]},"properties":{"kind":"campsite","src":"osm","osm":"node/11298727678","name":"Jack Squirrel Camp 2","elev_ft":7562}},{"type":"Feature","geometry":{"type":"Point","coordinates":[-105.344792,42.36295]},"properties":{"kind":"campsite","src":"osm","osm":"node/11298727680","name":"Harris Park Camp 1","elev_ft":6312}},{"type":"Feature","geometry":{"type":"Point","coordinates":[-105.339148,42.369149]},"properties":{"kind":"campsite","src":"osm","osm":"node/11298727681","name":"Harris Park Camp 1","elev_ft":6247}},{"type":"Feature","geometry":{"type":"Point","coordinates":[-105.317277,42.422024]},"properties":{"kind":"campsite","src":"osm","osm":"node/11298727682","name":"Esterbrook Camp 2","elev_ft":6106}},{"type":"Feature","geometry":{"type":"Point","coordinates":[-105.336356,42.41917]},"properties":{"kind":"campsite","src":"osm","osm":"node/11300560900","name":"Esterbrook Camp 1","elev_ft":6375}},{"type":"Feature","geometry":{"type":"Point","coordinates":[-105.321846,42.42221]},"properties":{"kind":"campsite","src":"osm","osm":"node/11300560902","name":"Esterbrook Campground","elev_ft":6250}},{"type":"Feature","geometry":{"type":"Point","coordinates":[-105.684803,42.391073]},"properties":{"kind":"campsite","src":"osm","osm":"node/11300560904","name":"La Bonte 1","elev_ft":7087}},{"type":"Feature","geometry":{"type":"Point","coordinates":[-105.678607,42.392042]},"properties":{"kind":"campsite","src":"osm","osm":"node/11300560906","name":"LaBonte Camp 2","elev_ft":7103}},{"type":"Feature","geometry":{"type":"Point","coordinates":[-105.665201,42.394029]},"properties":{"kind":"campsite","src":"osm","osm":"node/11300560908","name":"LaBonte Camp 4","elev_ft":7083}},{"type":"Feature","geometry":{"type":"Point","coordinates":[-105.662234,42.395007]},"properties":{"kind":"campsite","src":"osm","osm":"node/11300560910","name":"LaBonte Camp 6","elev_ft":7113}},{"type":"Feature","geometry":{"type":"Point","coordinates":[-105.622866,42.407642]},"properties":{"kind":"campsite","src":"osm","osm":"node/11300560914","name":"Curtis Gulch Campground","elev_ft":6703}},{"type":"Feature","geometry":{"type":"Point","coordinates":[-108.17926,43.220722]},"properties":{"kind":"campsite","src":"osm","osm":"node/11778807677","elev_ft":4751}},{"type":"Feature","geometry":{"type":"Point","coordinates":[-108.164897,43.396548]},"properties":{"kind":"campsite","src":"osm","osm":"node/11780599975","elev_ft":4741}},{"type":"Feature","geometry":{"type":"Point","coordinates":[-109.649652,43.537588]},"properties":{"kind":"campsite","src":"osm","osm":"node/11780927019","elev_ft":6936}},{"type":"Feature","geometry":{"type":"Point","coordinates":[-110.074555,42.892787]},"properties":{"kind":"rv_park","src":"osm","osm":"node/11782771781","elev_ft":7260}},{"type":"Feature","geometry":{"type":"Point","coordinates":[-110.118506,43.017426]},"properties":{"kind":"dump","src":"osm","osm":"node/11887537782","access":"yes","operator":"BLM","elev_ft":7490}},{"type":"Feature","geometry":{"type":"Point","coordinates":[-104.055253,41.898063]},"properties":{"kind":"campsite","src":"osm","osm":"node/11941112766","name":"Packers Lake","elev_ft":4065}},{"type":"Feature","geometry":{"type":"Point","coordinates":[-109.810708,44.958078]},"properties":{"kind":"campsite","src":"osm","osm":"node/11986211670","toilets":"no","elev_ft":6972}},{"type":"Feature","geometry":{"type":"Point","coordinates":[-111.001959,42.917872]},"properties":{"kind":"dump","src":"osm","osm":"node/11998050504","fee":"no","access":"yes","elev_ft":5928}},{"type":"Feature","geometry":{"type":"Point","coordinates":[-110.594818,43.731392]},"properties":{"kind":"campsite","src":"osm","osm":"node/12083589868","elev_ft":7041}},{"type":"Feature","geometry":{"type":"Point","coordinates":[-109.874229,42.86746]},"properties":{"kind":"dump","src":"osm","osm":"node/12165542811","fee":"yes","access":"yes","operator":"Town of Pinedale","elev_ft":7182}},{"type":"Feature","geometry":{"type":"Point","coordinates":[-109.082003,41.961144]},"properties":{"kind":"campsite","src":"osm","osm":"node/12184607991","name":"Killpecker Sand Dunes Open Play Area Campground","fee":"no","access":"yes","operator":"BLM","website":"https://www.blm.gov/visit/killpecker-sand-dunes-open-play-area-campground","drinking_water":"no","elev_ft":7165}},{"type":"Feature","geometry":{"type":"Point","coordinates":[-106.875944,41.142378]},"properties":{"kind":"campsite","src":"osm","osm":"node/12188959296","elev_ft":8586}},{"type":"Feature","geometry":{"type":"Point","coordinates":[-106.879705,41.14296]},"properties":{"kind":"campsite","src":"osm","osm":"node/12188959297","elev_ft":8668}},{"type":"Feature","geometry":{"type":"Point","coordinates":[-106.909833,41.018012]},"properties":{"kind":"campsite","src":"osm","osm":"node/12188985137","elev_ft":9163}},{"type":"Feature","geometry":{"type":"Point","coordinates":[-106.878455,41.039904]},"properties":{"kind":"campsite","src":"osm","osm":"node/12188985138","elev_ft":8530}},{"type":"Feature","geometry":{"type":"Point","coordinates":[-106.878679,41.040443]},"properties":{"kind":"campsite","src":"osm","osm":"node/12188985139","elev_ft":8579}},{"type":"Feature","geometry":{"type":"Point","coordinates":[-106.851251,41.082873]},"properties":{"kind":"campsite","src":"osm","osm":"node/12188985140","elev_ft":9403}},{"type":"Feature","geometry":{"type":"Point","coordinates":[-106.852629,41.082579]},"properties":{"kind":"campsite","src":"osm","osm":"node/12188985141","elev_ft":9403}},{"type":"Feature","geometry":{"type":"Point","coordinates":[-106.845005,41.077198]},"properties":{"kind":"campsite","src":"osm","osm":"node/12188985142","elev_ft":9321}},{"type":"Feature","geometry":{"type":"Point","coordinates":[-106.852,41.083397]},"properties":{"kind":"campsite","src":"osm","osm":"node/12188985143","elev_ft":9403}},{"type":"Feature","geometry":{"type":"Point","coordinates":[-106.870241,41.112572]},"properties":{"kind":"campsite","src":"osm","osm":"node/12188985144","elev_ft":9265}},{"type":"Feature","geometry":{"type":"Point","coordinates":[-106.871217,41.111345]},"properties":{"kind":"campsite","src":"osm","osm":"node/12188985145","elev_ft":9255}},{"type":"Feature","geometry":{"type":"Point","coordinates":[-106.881681,41.142254]},"properties":{"kind":"campsite","src":"osm","osm":"node/12188985146","elev_ft":8681}},{"type":"Feature","geometry":{"type":"Point","coordinates":[-106.880835,41.142811]},"properties":{"kind":"campsite","src":"osm","osm":"node/12188985147","elev_ft":8675}},{"type":"Feature","geometry":{"type":"Point","coordinates":[-110.165143,43.293472]},"properties":{"kind":"campsite","src":"osm","osm":"node/12207233226","elev_ft":9272}},{"type":"Feature","geometry":{"type":"Point","coordinates":[-108.175287,44.869627]},"properties":{"kind":"campsite","src":"osm","osm":"node/12620863760","toilets":"no","elev_ft":3704}},{"type":"Feature","geometry":{"type":"Point","coordinates":[-105.014072,42.510808]},"properties":{"kind":"rv_park","src":"osm","osm":"node/12752396761","elev_ft":4678}},{"type":"Feature","geometry":{"type":"Point","coordinates":[-105.02345,42.493818]},"properties":{"kind":"rv_park","src":"osm","osm":"node/12752396762","elev_ft":4688}},{"type":"Feature","geometry":{"type":"Point","coordinates":[-105.042203,42.264524]},"properties":{"kind":"rv_park","src":"osm","osm":"node/12752424870","elev_ft":4902}},{"type":"Feature","geometry":{"type":"Point","coordinates":[-104.733447,41.156583]},"properties":{"kind":"rv_park","src":"osm","osm":"node/12752446620","elev_ft":6014}},{"type":"Feature","geometry":{"type":"Point","coordinates":[-104.904521,41.000993]},"properties":{"kind":"rv_park","src":"osm","osm":"node/12752446638","elev_ft":6106}},{"type":"Feature","geometry":{"type":"Point","coordinates":[-108.719272,42.825316]},"properties":{"kind":"rv_park","src":"osm","osm":"node/12917748434","elev_ft":5469}},{"type":"Feature","geometry":{"type":"Point","coordinates":[-108.266175,44.961889]},"properties":{"kind":"dump","src":"osm","osm":"node/12954475402","name":"Dump station","elev_ft":3688}},{"type":"Feature","geometry":{"type":"Point","coordinates":[-105.3927,42.763126]},"properties":{"kind":"campsite","src":"osm","osm":"node/12957110401","name":"Riverside Park","elev_ft":4800}},{"type":"Feature","geometry":{"type":"Point","coordinates":[-105.392973,42.763109]},"properties":{"kind":"rv_park","src":"osm","osm":"node/12957110501","name":"Riverside Park","elev_ft":4800}},{"type":"Feature","geometry":{"type":"Point","coordinates":[-107.2299,41.779869]},"properties":{"kind":"campsite","src":"osm","osm":"node/13025931903","name":"Rawlins KOA Journey","website":"https://koa.com/","elev_ft":6778}},{"type":"Feature","geometry":{"type":"Point","coordinates":[-110.022103,43.257917]},"properties":{"kind":"campsite","src":"osm","osm":"node/13055588563","elev_ft":7720}},{"type":"Feature","geometry":{"type":"Point","coordinates":[-110.777516,43.729846]},"properties":{"kind":"campsite","src":"osm","osm":"node/13060704164","name":"Surprise Lake","elev_ft":9701}},{"type":"Feature","geometry":{"type":"Point","coordinates":[-110.381284,43.823039]},"properties":{"kind":"campsite","src":"osm","osm":"node/13083284201","name":"Free camp site","elev_ft":6903}},{"type":"Feature","geometry":{"type":"Point","coordinates":[-106.289276,42.856177]},"properties":{"kind":"rv_park","src":"osm","osm":"node/13113127218","name":"Casper East RV Park & Campground","fee":"yes","website":"https://www.caspereastrv.com/","capacity":"52","toilets":"yes","elev_ft":5121}},{"type":"Feature","geometry":{"type":"Point","coordinates":[-106.288841,42.855736]},"properties":{"kind":"dump","src":"osm","osm":"node/13113262783","fee":"no","access":"customers","elev_ft":5125}},{"type":"Feature","geometry":{"type":"Point","coordinates":[-105.019819,42.234679]},"properties":{"kind":"dump","src":"osm","osm":"node/13114859914","fee":"no","access":"yes","elev_ft":4921}},{"type":"Feature","geometry":{"type":"Point","coordinates":[-109.613865,44.464504]},"properties":{"kind":"rv_park","src":"osm","osm":"node/13115241505","elev_ft":5915}},{"type":"Feature","geometry":{"type":"Point","coordinates":[-109.613733,44.464512]},"properties":{"kind":"rv_park","src":"osm","osm":"node/13115241506","elev_ft":5915}},{"type":"Feature","geometry":{"type":"Point","coordinates":[-109.613002,44.464139]},"properties":{"kind":"rv_park","src":"osm","osm":"node/13115241507","elev_ft":5896}},{"type":"Feature","geometry":{"type":"Point","coordinates":[-109.238496,42.789437]},"properties":{"kind":"campsite","src":"osm","osm":"node/13160276363","elev_ft":10597}},{"type":"Feature","geometry":{"type":"Point","coordinates":[-109.236895,42.722347]},"properties":{"kind":"campsite","src":"osm","osm":"node/13160550912","elev_ft":9531}},{"type":"Feature","geometry":{"type":"Point","coordinates":[-109.247232,42.789007]},"properties":{"kind":"campsite","src":"osm","osm":"node/13160558643","elev_ft":10312}},{"type":"Feature","geometry":{"type":"Point","coordinates":[-110.694476,44.976362]},"properties":{"kind":"campsite","src":"osm","osm":"way/24245127","name":"Mammoth Campground","operator":"NPS","drinking_water":"yes","elev_ft":6145}},{"type":"Feature","geometry":{"type":"Point","coordinates":[-109.233702,44.500744]},"properties":{"kind":"campsite","src":"osm","osm":"way/125348232","name":"Buffalo Bill State Park - Lake Shore Campground","elev_ft":5446}},{"type":"Feature","geometry":{"type":"Point","coordinates":[-109.293403,41.568956]},"properties":{"kind":"campsite","src":"osm","osm":"way/156859602","name":"KOA Rock Springs WY","elev_ft":6243}},{"type":"Feature","geometry":{"type":"Point","coordinates":[-109.447075,41.347018]},"properties":{"kind":"rv_park","src":"osm","osm":"way/158633323","elev_ft":6155}},{"type":"Feature","geometry":{"type":"Point","coordinates":[-109.445145,41.350544]},"properties":{"kind":"campsite","src":"osm","osm":"way/158633324","elev_ft":6109}},{"type":"Feature","geometry":{"type":"Point","coordinates":[-109.248398,41.639552]},"properties":{"kind":"rv_park","src":"osm","osm":"way/158832309","elev_ft":6404}},{"type":"Feature","geometry":{"type":"Point","coordinates":[-109.427871,42.258594]},"properties":{"kind":"campsite","src":"osm","osm":"way/158979863","elev_ft":6768}},{"type":"Feature","geometry":{"type":"Point","coordinates":[-109.539852,44.941124]},"properties":{"kind":"campsite","src":"osm","osm":"way/175953962","elev_ft":9554}},{"type":"Feature","geometry":{"type":"Point","coordinates":[-108.822853,42.741612]},"properties":{"kind":"campsite","src":"osm","osm":"way/201321852","name":"Popo Agie Campground","website":"https://sinkscanyonstatepark.org/index.php/camping","elev_ft":6680}},{"type":"Feature","geometry":{"type":"Point","coordinates":[-108.799021,42.757432]},"properties":{"kind":"campsite","src":"osm","osm":"way/201324617","name":"Sawmill Campground","website":"https://sinkscanyonstatepark.org/index.php/camping/sawmill-campground","elev_ft":6171}},{"type":"Feature","geometry":{"type":"Point","coordinates":[-108.774994,42.502267]},"properties":{"kind":"rv_park","src":"osm","osm":"way/221575789","elev_ft":8297}},{"type":"Feature","geometry":{"type":"Point","coordinates":[-107.439651,44.759004]},"properties":{"kind":"campsite","src":"osm","osm":"way/231500055","name":"Sibley Lake Recreation Area","elev_ft":8005}},{"type":"Feature","geometry":{"type":"Point","coordinates":[-107.450783,44.71516]},"properties":{"kind":"campsite","src":"osm","osm":"way/231593734","name":"Tie Flume Campground","elev_ft":8369}},{"type":"Feature","geometry":{"type":"Point","coordinates":[-110.482341,44.737208]},"properties":{"kind":"campsite","src":"osm","osm":"way/235537925","name":"Canyon Campground","fee":"yes","operator":"National Park Service","website":"https://www.nps.gov/yell/planyourvisit/canyoncg.htm","capacity":"273","drinking_water":"yes","toilets":"yes","reservation":"required","elev_ft":8025}},{"type":"Feature","geometry":{"type":"Point","coordinates":[-104.698445,41.140505]},"properties":{"kind":"rv_park","src":"osm","osm":"way/238857183","name":"KOA Kampground","operator":"KOA","website":"https://koa.com/campgrounds/cheyenne/","elev_ft":5945}},{"type":"Feature","geometry":{"type":"Point","coordinates":[-109.312465,41.492907]},"properties":{"kind":"campsite","src":"osm","osm":"way/239151300","elev_ft":6598}},{"type":"Feature","geometry":{"type":"Point","coordinates":[-110.390364,44.889391]},"properties":{"kind":"campsite","src":"osm","osm":"way/241187734","name":"Tower Fall","operator":"National Park Service","toilets":"yes","reservation":"required","elev_ft":6631}},{"type":"Feature","geometry":{"type":"Point","coordinates":[-109.775187,44.942475]},"properties":{"kind":"campsite","src":"osm","osm":"way/243871059","name":"Crazy Creek Campground","operator":"US Forest Service","website":"https://www.fs.usda.gov/r02/shoshone/recreation/crazy-creek-campground","elev_ft":6929}},{"type":"Feature","geometry":{"type":"Point","coordinates":[-109.833971,44.976687]},"properties":{"kind":"campsite","src":"osm","osm":"way/243871062","name":"Fox Creek Campground","operator":"USDA","website":"https://www.fs.usda.gov/recarea/shoshone/recarea/?recid=35889","elev_ft":7103}},{"type":"Feature","geometry":{"type":"Point","coordinates":[-109.655166,44.884879]},"properties":{"kind":"campsite","src":"osm","osm":"way/243871065","name":"Hunter Peak","operator":"USDA","website":"https://www.fs.usda.gov/recarea/shoshone/recreation/camping-cabins/recarea/?recid=35905&actid=29","elev_ft":6549}},{"type":"Feature","geometry":{"type":"Point","coordinates":[-109.4184,44.75386]},"properties":{"kind":"campsite","src":"osm","osm":"way/244888105","name":"Dead Indian","operator":"USDA","website":"https://www.fs.usda.gov/recarea/shoshone/recreation/camping-cabins/recarea/?recid=35869&actid=29","elev_ft":6014}},{"type":"Feature","geometry":{"type":"Point","coordinates":[-109.07365,44.518375]},"properties":{"kind":"campsite","src":"osm","osm":"way/245708362","name":"Ponderosa Campground","fee":"yes","website":"https://codyponderosa.com/","elev_ft":4990}},{"type":"Feature","geometry":{"type":"Point","coordinates":[-108.221843,43.624064]},"properties":{"kind":"campsite","src":"osm","osm":"way/245726546","name":"Eagle RV Park","website":"http://www.eaglervpark.com/","elev_ft":4350}},{"type":"Feature","geometry":{"type":"Point","coordinates":[-108.172593,43.440953]},"properties":{"kind":"campsite","src":"osm","osm":"way/246554972","name":"Lower Wind River Campground","operator":"Wyoming State Parks","website":"http://wyoparks.state.wy.us/Site/SiteInfo.aspx?siteID=2","elev_ft":4682}},{"type":"Feature","geometry":{"type":"Point","coordinates":[-108.160326,43.392014]},"properties":{"kind":"campsite","src":"osm","osm":"way/246554990","name":"Tamarask Campground","operator":"Wyoming State Parks","website":"http://wyoparks.state.wy.us/Site/SiteInfo.aspx?siteID=2","elev_ft":4734}},{"type":"Feature","geometry":{"type":"Point","coordinates":[-108.178751,43.431435]},"properties":{"kind":"campsite","src":"osm","osm":"way/246554991","name":"Upper Wind River Campground","operator":"Wyoming State Parks","website":"http://wyoparks.state.wy.us/Site/SiteInfo.aspx?siteID=2","elev_ft":4669}},{"type":"Feature","geometry":{"type":"Point","coordinates":[-108.836147,42.73658]},"properties":{"kind":"campsite","src":"osm","osm":"way/250854127","name":"Sinks Canyon Campground","operator":"USDA","website":"https://www.fs.usda.gov/recarea/shoshone/recreation/scenicdrivinginfo/recarea/?recid=36361&actid=105","elev_ft":6877}},{"type":"Feature","geometry":{"type":"Point","coordinates":[-109.587467,44.945128]},"properties":{"kind":"campsite","src":"osm","osm":"way/255669802","name":"Beartooth Lake","elev_ft":8973}},{"type":"Feature","geometry":{"type":"Point","coordinates":[-109.335977,44.48224]},"properties":{"kind":"campsite","src":"osm","osm":"way/289886663","name":"North Fork Campground","elev_ft":5420}},{"type":"Feature","geometry":{"type":"Point","coordinates":[-107.860531,44.804603]},"properties":{"kind":"campsite","src":"osm","osm":"way/293635686","name":"Bald Mountain Campground","operator":"USFS","elev_ft":9104}},{"type":"Feature","geometry":{"type":"Point","coordinates":[-107.858131,44.831874]},"properties":{"kind":"campsite","src":"osm","osm":"way/293635687","name":"Porcupine Campground","operator":"USFS","elev_ft":8799}},{"type":"Feature","geometry":{"type":"Point","coordinates":[-109.713268,44.944703]},"properties":{"kind":"campsite","src":"osm","osm":"way/293638455","name":"Lily Lake Campground","operator":"USFS","elev_ft":7687}},{"type":"Feature","geometry":{"type":"Point","coordinates":[-110.769187,43.799397]},"properties":{"kind":"campsite","src":"osm","osm":"way/297681715","name":"Lower Paintbrush Camping Zone","elev_ft":7838}},{"type":"Feature","geometry":{"type":"Point","coordinates":[-110.805732,43.79136]},"properties":{"kind":"campsite","src":"osm","osm":"way/299608356","name":"Upper Paintbrush Camping Zone","fee":"yes","access":"permit","elev_ft":9951}},{"type":"Feature","geometry":{"type":"Point","coordinates":[-109.707123,44.921693]},"properties":{"kind":"campsite","src":"osm","osm":"way/308050077","name":"Lake Creek Campground","elev_ft":6936}},{"type":"Feature","geometry":{"type":"Point","coordinates":[-110.86614,44.644446]},"properties":{"kind":"campsite","src":"osm","osm":"way/308266217","name":"Madison Campground","fee":"yes","operator":"Yellowstone National Park Lodges","toilets":"yes","elev_ft":6854}},{"type":"Feature","geometry":{"type":"Point","coordinates":[-110.308448,44.948193]},"properties":{"kind":"campsite","src":"osm","osm":"way/308273626","name":"Slough Creek Campground","elev_ft":6293}},{"type":"Feature","geometry":{"type":"Point","coordinates":[-109.590615,43.518054]},"properties":{"kind":"rv_park","src":"osm","osm":"way/308326391","elev_ft":6841}},{"type":"Feature","geometry":{"type":"Point","coordinates":[-109.049436,44.514281]},"properties":{"kind":"rv_park","src":"osm","osm":"way/328637102","name":"Absaroka Bay RV Park","elev_ft":5098}},{"type":"Feature","geometry":{"type":"Point","coordinates":[-110.395274,44.563635]},"properties":{"kind":"rv_park","src":"osm","osm":"way/329066376","access":"private","elev_ft":7897}},{"type":"Feature","geometry":{"type":"Point","coordinates":[-110.40271,44.553988]},"properties":{"kind":"rv_park","src":"osm","osm":"way/329066390","access":"private","elev_ft":7835}},{"type":"Feature","geometry":{"type":"Point","coordinates":[-104.822275,41.100997]},"properties":{"kind":"rv_park","src":"osm","osm":"way/344198915","name":"A.B. Camping","website":"https://www.campcheyenne.com/","elev_ft":6066}},{"type":"Feature","geometry":{"type":"Point","coordinates":[-106.776828,41.21772]},"properties":{"kind":"rv_park","src":"osm","osm":"way/372540796","name":"Lazy Acres","elev_ft":7159}},{"type":"Feature","geometry":{"type":"Point","coordinates":[-110.643932,43.90568]},"properties":{"kind":"rv_park","src":"osm","osm":"way/384403185","name":"Colter Bay RV Park","fee":"yes","website":"https://www.gtlc.com/rv/colter-bay-rv-park","elev_ft":6827}},{"type":"Feature","geometry":{"type":"Point","coordinates":[-109.871953,42.863699]},"properties":{"kind":"campsite","src":"osm","osm":"way/386558210","operator":"Town of Pinedale","drinking_water":"no","elev_ft":7172}},{"type":"Feature","geometry":{"type":"Point","coordinates":[-105.838358,41.236661]},"properties":{"kind":"campsite","src":"osm","osm":"way/390090539","name":"Gelatt Lake Camping Area","fee":"no","operator":"Wyoming Game and Fish Department","elev_ft":7254}},{"type":"Feature","geometry":{"type":"Point","coordinates":[-106.583692,42.241279]},"properties":{"kind":"campsite","src":"osm","osm":"way/390105260","name":"Prior Flat Campground","operator":"Bureau of Land Management","drinking_water":"yes","toilets":"yes","elev_ft":7805}},{"type":"Feature","geometry":{"type":"Point","coordinates":[-107.540651,44.29227]},"properties":{"kind":"campsite","src":"osm","osm":"way/390342959","name":"Medicine Lodge Lower Campground","fee":"yes","operator":"Wyoming State Parks","elev_ft":4767}},{"type":"Feature","geometry":{"type":"Point","coordinates":[-109.861599,43.312739]},"properties":{"kind":"campsite","src":"osm","osm":"way/391050079","name":"Green River Lakes Campground","fee":"yes","operator":"Bridger National Forest","elev_ft":8081}},{"type":"Feature","geometry":{"type":"Point","coordinates":[-109.75209,43.006002]},"properties":{"kind":"campsite","src":"osm","osm":"way/391054348","name":"Trails End Campground","fee":"yes","access":"yes","operator":"Bridger National Forest","elev_ft":9357}},{"type":"Feature","geometry":{"type":"Point","coordinates":[-107.272836,41.783349]},"properties":{"kind":"rv_park","src":"osm","osm":"way/401197168","name":"Red Desert Rose Campground","elev_ft":6854}},{"type":"Feature","geometry":{"type":"Point","coordinates":[-106.480439,41.22658]},"properties":{"kind":"campsite","src":"osm","osm":"way/404292356","name":"French Creek Campground","fee":"yes","operator":"United States Forest Service","elev_ft":7792}},{"type":"Feature","geometry":{"type":"Point","coordinates":[-106.948973,43.590205]},"properties":{"kind":"campsite","src":"osm","osm":"way/406653969","name":"Outlaw Cave Campground","operator":"Bureau of Land Management","elev_ft":6010}},{"type":"Feature","geometry":{"type":"Point","coordinates":[-108.049299,44.492472]},"properties":{"kind":"rv_park","src":"osm","osm":"way/423143191","name":"KOA Holiday","elev_ft":3793}},{"type":"Feature","geometry":{"type":"Point","coordinates":[-106.573025,41.261099]},"properties":{"kind":"campsite","src":"osm","osm":"way/427905861","name":"Corral Creek Recreation Site","fee":"no","operator":"Bureau of Land Management","elev_ft":7182}},{"type":"Feature","geometry":{"type":"Point","coordinates":[-106.589776,41.270962]},"properties":{"kind":"campsite","src":"osm","osm":"way/427905864","name":"Bennett Peak Campground","operator":"Bureau of Land Management","elev_ft":7142}},{"type":"Feature","geometry":{"type":"Point","coordinates":[-109.178492,43.93516]},"properties":{"kind":"campsite","src":"osm","osm":"way/432398748","name":"Brown Mountain Campground","elev_ft":7536}},{"type":"Feature","geometry":{"type":"Point","coordinates":[-110.778267,43.47185]},"properties":{"kind":"rv_park","src":"osm","osm":"way/440689176","name":"The Virginian RV Park","fee":"yes","website":"https://www.virginianrvpark.com","elev_ft":6165}},{"type":"Feature","geometry":{"type":"Point","coordinates":[-106.80846,41.460437]},"properties":{"kind":"rv_park","src":"osm","osm":"way/445406716","name":"Deer Haven RV Park","fee":"yes","operator":"DEER HAVEN LLC DBA DEER HAVEN RV PARK","website":"https://deerhavenrv.com","reservation":"required","elev_ft":6791}},{"type":"Feature","geometry":{"type":"Point","coordinates":[-106.827247,41.457196]},"properties":{"kind":"rv_park","src":"osm","osm":"way/445858091","name":"Medicine Waters Mobile Home Park","elev_ft":6857}},{"type":"Feature","geometry":{"type":"Point","coordinates":[-110.366397,44.565203]},"properties":{"kind":"campsite","src":"osm","osm":"way/458256010","name":"Fishing Bridge RV Park","operator":"National Park Service","website":"https://www.nps.gov/yell/planyourvisit/fishingbridgecg.htm","toilets":"yes","reservation":"required","elev_ft":7808}},{"type":"Feature","geometry":{"type":"Point","coordinates":[-110.153263,42.072276]},"properties":{"kind":"campsite","src":"osm","osm":"way/463691476","name":"Fontenelle Creek Campground","elev_ft":6535}},{"type":"Feature","geometry":{"type":"Point","coordinates":[-106.743579,44.452782]},"properties":{"kind":"campsite","src":"osm","osm":"way/463696113","name":"Mikesell-Potts Recreation Area Campground","elev_ft":4626}},{"type":"Feature","geometry":{"type":"Point","coordinates":[-104.697916,44.590799]},"properties":{"kind":"campsite","src":"osm","osm":"way/463696696","name":"Devils Tower KOA","elev_ft":3848}},{"type":"Feature","geometry":{"type":"Point","coordinates":[-104.487456,42.748682]},"properties":{"kind":"campsite","src":"osm","osm":"way/463697665","name":"Prairie View RV Park","elev_ft":5102}},{"type":"Feature","geometry":{"type":"Point","coordinates":[-110.998217,42.881584]},"properties":{"kind":"campsite","src":"osm","osm":"way/469242978","elev_ft":5948}},{"type":"Feature","geometry":{"type":"Point","coordinates":[-106.68158,44.352737]},"properties":{"kind":"rv_park","src":"osm","osm":"way/474618293","name":"Buffalo KOA Journey","elev_ft":4560}},{"type":"Feature","geometry":{"type":"Point","coordinates":[-106.6887,44.356222]},"properties":{"kind":"campsite","src":"osm","osm":"way/474618294","name":"Indian Campground & RV Park","elev_ft":4600}},{"type":"Feature","geometry":{"type":"Point","coordinates":[-109.008134,44.513101]},"properties":{"kind":"rv_park","src":"osm","osm":"way/476418724","name":"Cody KOA","elev_ft":5098}},{"type":"Feature","geometry":{"type":"Point","coordinates":[-109.712307,42.73924]},"properties":{"kind":"campsite","src":"osm","osm":"way/485399926","name":"Highline Trail RV-Park","elev_ft":7008}},{"type":"Feature","geometry":{"type":"Point","coordinates":[-105.516512,44.291829]},"properties":{"kind":"rv_park","src":"osm","osm":"way/498939745","name":"Crazy Woman Campground","fee":"yes","elev_ft":4593}},{"type":"Feature","geometry":{"type":"Point","coordinates":[-110.564997,44.398113]},"properties":{"kind":"campsite","src":"osm","osm":"way/512781989","name":"Grant Village Campground","fee":"yes","operator":"Xanterra Parks & Resorts","website":"https://www.nps.gov/yell/planyourvisit/grantcg.htm","capacity":"430","drinking_water":"yes","toilets":"yes","reservation":"recommended","elev_ft":7789}},{"type":"Feature","geometry":{"type":"Point","coordinates":[-105.443357,44.282978]},"properties":{"kind":"rv_park","src":"osm","osm":"way/513464077","name":"Windmill RV Park","elev_ft":4537}},{"type":"Feature","geometry":{"type":"Point","coordinates":[-105.451161,44.279671]},"properties":{"kind":"rv_park","src":"osm","osm":"way/513471398","name":"High Plains RV Resort and Campground","elev_ft":4534}},{"type":"Feature","geometry":{"type":"Point","coordinates":[-104.967,42.497214]},"properties":{"kind":"campsite","src":"osm","osm":"way/516776905","name":"Reno Campground 2","elev_ft":4678}},{"type":"Feature","geometry":{"type":"Point","coordinates":[-104.972761,42.496913]},"properties":{"kind":"campsite","src":"osm","osm":"way/516776906","name":"Reno Campground 1","drinking_water":"no","toilets":"yes","elev_ft":4741}},{"type":"Feature","geometry":{"type":"Point","coordinates":[-110.946882,42.082597]},"properties":{"kind":"campsite","src":"osm","osm":"way/524909317","name":"The Hideout campground","elev_ft":6207}},{"type":"Feature","geometry":{"type":"Point","coordinates":[-110.388211,41.31545]},"properties":{"kind":"rv_park","src":"osm","osm":"way/525033026","name":"Fort Bridger RV Camp","elev_ft":6693}},{"type":"Feature","geometry":{"type":"Point","coordinates":[-107.454102,44.033443]},"properties":{"kind":"campsite","src":"osm","osm":"way/539104903","name":"Ten Sleep RV Park","fee":"yes","website":"http://www.tensleeprvpark.com","elev_ft":4423}},{"type":"Feature","geometry":{"type":"Point","coordinates":[-107.388803,42.410755]},"properties":{"kind":"campsite","src":"osm","osm":"way/549797805","elev_ft":6119}},{"type":"Feature","geometry":{"type":"Point","coordinates":[-105.540236,44.391046]},"properties":{"kind":"rv_park","src":"osm","osm":"way/593505732","name":"Prospector Village","elev_ft":4318}},{"type":"Feature","geometry":{"type":"Point","coordinates":[-105.411124,41.254812]},"properties":{"kind":"campsite","src":"osm","osm":"way/597424160","elev_ft":8353}},{"type":"Feature","geometry":{"type":"Point","coordinates":[-104.411901,44.594572]},"properties":{"kind":"campsite","src":"osm","osm":"way/597541452","elev_ft":4902}},{"type":"Feature","geometry":{"type":"Point","coordinates":[-104.405658,44.590197]},"properties":{"kind":"campsite","src":"osm","osm":"way/597541453","elev_ft":4754}},{"type":"Feature","geometry":{"type":"Point","coordinates":[-107.216567,44.176506]},"properties":{"kind":"rv_park","src":"osm","osm":"way/598209141","name":"Lake View Campground","elev_ft":8537}},{"type":"Feature","geometry":{"type":"Point","coordinates":[-105.442531,44.277585]},"properties":{"kind":"rv_park","src":"osm","osm":"way/616428698","elev_ft":4528}},{"type":"Feature","geometry":{"type":"Point","coordinates":[-105.446894,44.281365]},"properties":{"kind":"rv_park","src":"osm","osm":"way/616428699","elev_ft":4537}},{"type":"Feature","geometry":{"type":"Point","coordinates":[-105.4476,44.28324]},"properties":{"kind":"rv_park","src":"osm","osm":"way/616980025","elev_ft":4534}},{"type":"Feature","geometry":{"type":"Point","coordinates":[-109.761187,42.936993]},"properties":{"kind":"campsite","src":"osm","osm":"way/654779541","name":"Halfmoon Lake Campground","elev_ft":7628}},{"type":"Feature","geometry":{"type":"Point","coordinates":[-110.628209,44.280997]},"properties":{"kind":"campsite","src":"osm","osm":"way/668668546","name":"Lewis Lake Campground","fee":"yes","operator":"National Park Service","website":"https://www.nps.gov/yell/planyourvisit/lewislakecg.htm","capacity":"84","drinking_water":"yes","reservation":"no","elev_ft":7831}},{"type":"Feature","geometry":{"type":"Point","coordinates":[-106.360073,41.311392]},"properties":{"kind":"campsite","src":"osm","osm":"way/671678013","name":"Silver Lake Campground","fee":"yes","elev_ft":10545}},{"type":"Feature","geometry":{"type":"Point","coordinates":[-106.293815,41.353764]},"properties":{"kind":"campsite","src":"osm","osm":"way/671689842","name":"Sugarloaf Campground","fee":"yes","elev_ft":10810}},{"type":"Feature","geometry":{"type":"Point","coordinates":[-106.247327,41.37338]},"properties":{"kind":"campsite","src":"osm","osm":"way/671744739","name":"Brooklyn Lake Campground","fee":"yes","access":"yes","drinking_water":"yes","reservation":"no","elev_ft":10551}},{"type":"Feature","geometry":{"type":"Point","coordinates":[-109.846355,44.454606]},"properties":{"kind":"campsite","src":"osm","osm":"way/673339739","name":"Camp Buffalo Bill","operator":"Greater Wyoming Council of the Boy Scouts of America","website":"https://www.campbuffalobill.com/","elev_ft":6831}},{"type":"Feature","geometry":{"type":"Point","coordinates":[-107.234691,44.216818]},"properties":{"kind":"campsite","src":"osm","osm":"way/699298416","elev_ft":8648}},{"type":"Feature","geometry":{"type":"Point","coordinates":[-107.223308,44.244214]},"properties":{"kind":"campsite","src":"osm","osm":"way/699298417","name":"Deer Park Campground","elev_ft":8911}},{"type":"Feature","geometry":{"type":"Point","coordinates":[-111.010891,42.997544]},"properties":{"kind":"rv_park","src":"osm","osm":"way/718378754","name":"wolf den rv park","capacity":"20.3","elev_ft":5830}},{"type":"Feature","geometry":{"type":"Point","coordinates":[-107.272863,41.782911]},"properties":{"kind":"rv_park","src":"osm","osm":"way/751739413","elev_ft":6854}},{"type":"Feature","geometry":{"type":"Point","coordinates":[-110.663243,44.092361]},"properties":{"kind":"campsite","src":"osm","osm":"way/771765243","name":"Sheffield Campground","operator":"USDA","website":"https://www.fs.usda.gov/recarea/btnf/recreation/camping-cabins/recarea/?recid=71503&actid=29","elev_ft":6893}},{"type":"Feature","geometry":{"type":"Point","coordinates":[-104.87344,41.155076]},"properties":{"kind":"campsite","src":"osm","osm":"way/813936680","name":"FamCamp","elev_ft":6132}},{"type":"Feature","geometry":{"type":"Point","coordinates":[-110.807283,43.211714]},"properties":{"kind":"campsite","src":"osm","osm":"way/820307936","name":"East Table Creek Campground","fee":"yes","elev_ft":5807}},{"type":"Feature","geometry":{"type":"Point","coordinates":[-110.898806,43.198657]},"properties":{"kind":"campsite","src":"osm","osm":"way/820517356","name":"Wolf Creek Campground","website":"https://www.fs.usda.gov/recarea/btnf/recreation/recarea?recid=71681&actid=29","elev_ft":5787}},{"type":"Feature","geometry":{"type":"Point","coordinates":[-110.833799,43.204625]},"properties":{"kind":"campsite","src":"osm","osm":"way/820530616","name":"Station Creek Campground","elev_ft":5820}},{"type":"Feature","geometry":{"type":"Point","coordinates":[-110.835642,43.20582]},"properties":{"kind":"campsite","src":"osm","osm":"way/820530617","name":"Station Creek Group Campground","elev_ft":5833}},{"type":"Feature","geometry":{"type":"Point","coordinates":[-110.809224,43.213245]},"properties":{"kind":"campsite","src":"osm","osm":"way/820532618","name":"East Table Creek Group Site","website":"https://www.fs.usda.gov/recarea/btnf/recarea/?recid=71633","elev_ft":5873}},{"type":"Feature","geometry":{"type":"Point","coordinates":[-110.936478,43.191632]},"properties":{"kind":"campsite","src":"osm","osm":"way/820534272","name":"Little Cottonwood Group Campground","website":"https://www.fs.usda.gov/recarea/btnf/recarea/?recid=71659","elev_ft":5751}},{"type":"Feature","geometry":{"type":"Point","coordinates":[-109.635725,43.531881]},"properties":{"kind":"rv_park","src":"osm","osm":"way/822904841","elev_ft":6919}},{"type":"Feature","geometry":{"type":"Point","coordinates":[-106.252246,41.215522]},"properties":{"kind":"campsite","src":"osm","osm":"way/827551581","name":"Rob Roy Campground","website":"https://www.fs.usda.gov/recarea/mbr/recarea/?recid=22864","elev_ft":9557}},{"type":"Feature","geometry":{"type":"Point","coordinates":[-110.429305,43.610877]},"properties":{"kind":"campsite","src":"osm","osm":"way/836943494","name":"Crystal Creek Campground","elev_ft":7014}},{"type":"Feature","geometry":{"type":"Point","coordinates":[-110.437283,43.611256]},"properties":{"kind":"campsite","src":"osm","osm":"way/836943496","name":"Red Hills Campground","elev_ft":7034}},{"type":"Feature","geometry":{"type":"Point","coordinates":[-110.523908,43.637245]},"properties":{"kind":"campsite","src":"osm","osm":"way/836943501","name":"Atherton Creek Campground","operator":"USFS","elev_ft":6939}},{"type":"Feature","geometry":{"type":"Point","coordinates":[-110.686014,44.103181]},"properties":{"kind":"campsite","src":"osm","osm":"way/837394070","name":"Grassy Lake Campground","elev_ft":6811}},{"type":"Feature","geometry":{"type":"Point","coordinates":[-110.931004,42.689953]},"properties":{"kind":"rv_park","src":"osm","osm":"way/842210451","elev_ft":6312}},{"type":"Feature","geometry":{"type":"Point","coordinates":[-110.431947,44.539614]},"properties":{"kind":"campsite","src":"osm","osm":"way/857956045","name":"Bridge Bay Campground","fee":"yes","operator":"National Park Service","website":"https://www.nps.gov/yell/planyourvisit/bridgebaycg.htm","drinking_water":"yes","toilets":"yes","reservation":"required","elev_ft":7854}},{"type":"Feature","geometry":{"type":"Point","coordinates":[-106.370866,41.513368]},"properties":{"kind":"campsite","src":"osm","osm":"way/893874107","name":"Bow River Campground","fee":"yes","access":"yes","operator":"US Forest Service","toilets":"no","reservation":"no","elev_ft":8606}},{"type":"Feature","geometry":{"type":"Point","coordinates":[-108.740977,44.75701]},"properties":{"kind":"rv_park","src":"osm","osm":"way/901676681","elev_ft":4370}},{"type":"Feature","geometry":{"type":"Point","coordinates":[-108.740593,44.75758]},"properties":{"kind":"dump","src":"osm","osm":"way/901676682","elev_ft":4370}},{"type":"Feature","geometry":{"type":"Point","coordinates":[-110.933222,42.721636]},"properties":{"kind":"rv_park","src":"osm","osm":"way/906788118","elev_ft":6230}},{"type":"Feature","geometry":{"type":"Point","coordinates":[-104.937373,42.519045]},"properties":{"kind":"rv_park","src":"osm","osm":"way/938104337","name":"Sandy Beach Campground","elev_ft":4659}},{"type":"Feature","geometry":{"type":"Point","coordinates":[-104.348352,44.442657]},"properties":{"kind":"campsite","src":"osm","osm":"way/946542225","name":"Sundance Horse Camp","operator":"USFS","elev_ft":4833}},{"type":"Feature","geometry":{"type":"Point","coordinates":[-110.995738,42.910549]},"properties":{"kind":"rv_park","src":"osm","osm":"way/948359319","elev_ft":5965}},{"type":"Feature","geometry":{"type":"Point","coordinates":[-110.995971,42.910777]},"properties":{"kind":"rv_park","src":"osm","osm":"way/948359327","elev_ft":5965}},{"type":"Feature","geometry":{"type":"Point","coordinates":[-104.950504,44.264049]},"properties":{"kind":"rv_park","src":"osm","osm":"way/952062311","name":"Rangeland Court Motel & RV park","elev_ft":4226}},{"type":"Feature","geometry":{"type":"Point","coordinates":[-111.015442,43.164459]},"properties":{"kind":"campsite","src":"osm","osm":"way/966801840","name":"Greys River Cove RV Park","fee":"yes","access":"yes","website":"https://greysrivercove.com/","toilets":"yes","reservation":"yes","elev_ft":5656}},{"type":"Feature","geometry":{"type":"Point","coordinates":[-109.604684,44.461831]},"properties":{"kind":"campsite","src":"osm","osm":"way/968565335","elev_ft":5912}},{"type":"Feature","geometry":{"type":"Point","coordinates":[-108.780839,44.687134]},"properties":{"kind":"campsite","src":"osm","osm":"way/968580208","name":"Big Quiet Cowboy Camping and Lodging","elev_ft":4386}},{"type":"Feature","geometry":{"type":"Point","coordinates":[-109.668205,44.460704]},"properties":{"kind":"campsite","src":"osm","osm":"way/968600754","name":"Clearwater Creek Campground","elev_ft":6037}},{"type":"Feature","geometry":{"type":"Point","coordinates":[-106.795639,41.183132]},"properties":{"kind":"rv_park","src":"osm","osm":"way/968658443","name":"Encampment River Campground","fee":"yes","operator":"BLM","elev_ft":7231}},{"type":"Feature","geometry":{"type":"Point","coordinates":[-109.547253,44.220951]},"properties":{"kind":"campsite","src":"osm","osm":"way/968785577","name":"Double Diamiond X Ranch","elev_ft":6240}},{"type":"Feature","geometry":{"type":"Point","coordinates":[-108.982968,44.570382]},"properties":{"kind":"rv_park","src":"osm","osm":"way/968800917","name":"Cody Trout Ranch Camp - RV & Tipi Park","elev_ft":4744}},{"type":"Feature","geometry":{"type":"Point","coordinates":[-109.860146,44.46184]},"properties":{"kind":"campsite","src":"osm","osm":"way/968803947","name":"Crossed Sabres Ranch","elev_ft":6617}},{"type":"Feature","geometry":{"type":"Point","coordinates":[-109.618604,44.157817]},"properties":{"kind":"campsite","src":"osm","osm":"way/968807597","name":"Deer Creek Campground","elev_ft":6434}},{"type":"Feature","geometry":{"type":"Point","coordinates":[-109.756437,44.452439]},"properties":{"kind":"campsite","src":"osm","osm":"way/968811789","elev_ft":6217}},{"type":"Feature","geometry":{"type":"Point","coordinates":[-110.114136,44.916827]},"properties":{"kind":"campsite","src":"osm","osm":"way/968813156","elev_ft":6850}},{"type":"Feature","geometry":{"type":"Point","coordinates":[-109.729769,44.454397]},"properties":{"kind":"campsite","src":"osm","osm":"way/968813956","elev_ft":6122}},{"type":"Feature","geometry":{"type":"Point","coordinates":[-109.930898,44.491607]},"properties":{"kind":"campsite","src":"osm","osm":"way/968814621","elev_ft":6604}},{"type":"Feature","geometry":{"type":"Point","coordinates":[-109.950587,44.496592]},"properties":{"kind":"campsite","src":"osm","osm":"way/968816684","name":"Threemile Campground","elev_ft":6703}},{"type":"Feature","geometry":{"type":"Point","coordinates":[-111.037057,43.191578]},"properties":{"kind":"campsite","src":"osm","osm":"way/986741428","elev_ft":5676}},{"type":"Feature","geometry":{"type":"Point","coordinates":[-110.932568,42.721642]},"properties":{"kind":"rv_park","src":"osm","osm":"way/1039225897","elev_ft":6237}},{"type":"Feature","geometry":{"type":"Point","coordinates":[-110.444583,43.357565]},"properties":{"kind":"campsite","src":"osm","osm":"way/1055190994","name":"Granite Creek Campground","elev_ft":6827}},{"type":"Feature","geometry":{"type":"Point","coordinates":[-111.042088,43.197011]},"properties":{"kind":"campsite","src":"osm","osm":"way/1074320173","name":"Alpine North Loop","website":"https://www.recreation.gov/camping/alpine-north-loop/r/campgroundDetails.do?contractCode=NRSO&parkId=70487","elev_ft":5692}},{"type":"Feature","geometry":{"type":"Point","coordinates":[-110.63541,43.904684]},"properties":{"kind":"campsite","src":"osm","osm":"way/1074338863","elev_ft":6873}},{"type":"Feature","geometry":{"type":"Point","coordinates":[-110.639073,43.903435]},"properties":{"kind":"campsite","src":"osm","osm":"way/1074338866","name":"Colter Bay Tent Village","fee":"yes","website":"https://www.nps.gov/grte/planyourvisit/colter-bay-tent-village.htm","elev_ft":6867}},{"type":"Feature","geometry":{"type":"Point","coordinates":[-110.719238,43.75558]},"properties":{"kind":"campsite","src":"osm","osm":"way/1074345183","name":"Jenny Lake Campground","fee":"yes","website":"https://www.nps.gov/grte/planyourvisit/jennylakecg.htm","elev_ft":6824}},{"type":"Feature","geometry":{"type":"Point","coordinates":[-110.666449,43.615886]},"properties":{"kind":"campsite","src":"osm","osm":"way/1074345184","name":"Gros Ventre Campground","fee":"yes","website":"https://www.nps.gov/grte/planyourvisit/gros-ventre-campground.htm","toilets":"yes","elev_ft":6581}},{"type":"Feature","geometry":{"type":"Point","coordinates":[-110.614131,43.841232]},"properties":{"kind":"campsite","src":"osm","osm":"way/1074345185","name":"Signal Mountain Campground","fee":"yes","operator":"National Park Service","website":"https://www.nps.gov/grte/planyourvisit/signalmountaincg.htm","toilets":"yes","reservation":"required","elev_ft":6834}},{"type":"Feature","geometry":{"type":"Point","coordinates":[-110.668524,44.104585]},"properties":{"kind":"campsite","src":"osm","osm":"way/1074345188","name":"Headwaters Campground","fee":"yes","access":"customers","operator":"National Park Service","website":"https://www.nps.gov/grte/planyourvisit/headwaterscg.htm","drinking_water":"yes","toilets":"yes","reservation":"required","elev_ft":6854}},{"type":"Feature","geometry":{"type":"Point","coordinates":[-106.340257,42.914096]},"properties":{"kind":"rv_park","src":"osm","osm":"way/1075451886","name":"Casper KOA Journey","elev_ft":5282}},{"type":"Feature","geometry":{"type":"Point","coordinates":[-104.835463,41.135615]},"properties":{"kind":"rv_park","src":"osm","osm":"way/1075638653","name":"Missile Drive Manufactured Home Community","elev_ft":6086}},{"type":"Feature","geometry":{"type":"Point","coordinates":[-104.514925,41.1595]},"properties":{"kind":"rv_park","src":"osm","osm":"way/1075813610","name":"WYO Campground & RV Park","elev_ft":5748}},{"type":"Feature","geometry":{"type":"Point","coordinates":[-104.659493,41.158326]},"properties":{"kind":"rv_park","src":"osm","osm":"way/1075828073","name":"T Joe's RV Park","elev_ft":6001}},{"type":"Feature","geometry":{"type":"Point","coordinates":[-110.838454,43.520171]},"properties":{"kind":"rv_park","src":"osm","osm":"way/1078233551","name":"Fireside RV Park","elev_ft":6194}},{"type":"Feature","geometry":{"type":"Point","coordinates":[-110.596514,43.280217]},"properties":{"kind":"campsite","src":"osm","osm":"way/1079494979","name":"Hoback Campground","elev_ft":6207}},{"type":"Feature","geometry":{"type":"Point","coordinates":[-111.027373,41.395786]},"properties":{"kind":"rv_park","src":"osm","osm":"way/1083074746","elev_ft":6526}},{"type":"Feature","geometry":{"type":"Point","coordinates":[-106.964009,44.835961]},"properties":{"kind":"rv_park","src":"osm","osm":"way/1084537270","name":"Sheridan KOA","fee":"yes","operator":"KOA","elev_ft":3701}},{"type":"Feature","geometry":{"type":"Point","coordinates":[-105.612886,41.323907]},"properties":{"kind":"rv_park","src":"osm","osm":"way/1089338024","name":"KOA Kampground","elev_ft":7152}},{"type":"Feature","geometry":{"type":"Point","coordinates":[-110.997563,43.674144]},"properties":{"kind":"campsite","src":"osm","osm":"way/1089799978","name":"Darby Camp","operator":"The Church of Jesus Christ of Latter-day Saints","elev_ft":6841}},{"type":"Feature","geometry":{"type":"Point","coordinates":[-109.882873,42.864168]},"properties":{"kind":"rv_park","src":"osm","osm":"way/1093705528","name":"Yellowstone Trail RV Park","website":"https://www.yellowstonetrailrvpark.com/","elev_ft":7172}},{"type":"Feature","geometry":{"type":"Point","coordinates":[-105.345288,42.329402]},"properties":{"kind":"campsite","src":"osm","osm":"way/1119238328","name":"Camp Laramie Peak Boy Scout Camp","access":"private","elev_ft":6332}},{"type":"Feature","geometry":{"type":"Point","coordinates":[-109.887196,44.471202]},"properties":{"kind":"campsite","src":"osm","osm":"way/1122044602","name":"Eagle Creek Campground","elev_ft":6476}},{"type":"Feature","geometry":{"type":"Point","coordinates":[-109.094098,44.514875]},"properties":{"kind":"rv_park","src":"osm","osm":"way/1122071464","name":"Parkway RV Campground","elev_ft":5066}},{"type":"Feature","geometry":{"type":"Point","coordinates":[-109.617085,42.857721]},"properties":{"kind":"campsite","src":"osm","osm":"way/1154646821","name":"Boulder Campground","fee":"yes","website":"https://www.fs.usda.gov/recarea/btnf/recarea/?recid=71745","elev_ft":7320}},{"type":"Feature","geometry":{"type":"Point","coordinates":[-111.014775,43.170805]},"properties":{"kind":"rv_park","src":"osm","osm":"way/1168601577","elev_ft":5663}},{"type":"Feature","geometry":{"type":"Point","coordinates":[-108.723747,42.515806]},"properties":{"kind":"campsite","src":"osm","osm":"way/1173479120","name":"Atlantic City Campground","operator":"BLM","elev_ft":8156}},{"type":"Feature","geometry":{"type":"Point","coordinates":[-108.714862,42.52037]},"properties":{"kind":"campsite","src":"osm","osm":"way/1173479121","name":"Big Atlantic Gulch Campground","operator":"BLM","elev_ft":8071}},{"type":"Feature","geometry":{"type":"Point","coordinates":[-104.191357,42.057822]},"properties":{"kind":"rv_park","src":"osm","osm":"way/1178601613","elev_ft":4098}},{"type":"Feature","geometry":{"type":"Point","coordinates":[-105.502508,43.752447]},"properties":{"kind":"rv_park","src":"osm","osm":"way/1178695234","name":"Sagebluff RV Park","elev_ft":4918}},{"type":"Feature","geometry":{"type":"Point","coordinates":[-107.966673,44.266923]},"properties":{"kind":"campsite","src":"osm","osm":"way/1179883231","name":"Cottonwood RV Park","elev_ft":3904}},{"type":"Feature","geometry":{"type":"Point","coordinates":[-105.233744,41.173367]},"properties":{"kind":"campsite","src":"osm","osm":"way/1184843590","name":"Sherman Hills Campground","capacity":"11","reservation":"yes","elev_ft":7139}},{"type":"Feature","geometry":{"type":"Point","coordinates":[-105.237824,41.17373]},"properties":{"kind":"campsite","src":"osm","osm":"way/1184843591","name":"Twin Bays Campground","capacity":"6","reservation":"yes","elev_ft":7290}},{"type":"Feature","geometry":{"type":"Point","coordinates":[-105.242134,41.175745]},"properties":{"kind":"campsite","src":"osm","osm":"way/1184843592","name":"South Causeway Campground","capacity":"20","reservation":"yes","elev_ft":7228}},{"type":"Feature","geometry":{"type":"Point","coordinates":[-105.230917,41.17989]},"properties":{"kind":"campsite","src":"osm","osm":"way/1184843595","name":"Federal Bay Campground","capacity":"5","elev_ft":7224}},{"type":"Feature","geometry":{"type":"Point","coordinates":[-105.239728,41.178756]},"properties":{"kind":"campsite","src":"osm","osm":"way/1184843596","name":"Silver Crown Campground","capacity":"10","reservation":"yes","elev_ft":7198}},{"type":"Feature","geometry":{"type":"Point","coordinates":[-105.233074,41.179403]},"properties":{"kind":"campsite","src":"osm","osm":"way/1184843597","name":"Hecla Point Campground","elev_ft":7300}},{"type":"Feature","geometry":{"type":"Point","coordinates":[-105.235933,41.17945]},"properties":{"kind":"campsite","src":"osm","osm":"way/1184843598","name":"Tumbleweed Campground","capacity":"17","reservation":"yes","elev_ft":7877}},{"type":"Feature","geometry":{"type":"Point","coordinates":[-105.241565,41.180273]},"properties":{"kind":"campsite","src":"osm","osm":"way/1184843599","name":"Jerre's Haven","capacity":"13","reservation":"yes","elev_ft":7283}},{"type":"Feature","geometry":{"type":"Point","coordinates":[-105.240485,41.179273]},"properties":{"kind":"campsite","src":"osm","osm":"way/1184843600","name":"Camp Russel Campground","capacity":"10","reservation":"yes","elev_ft":7198}},{"type":"Feature","geometry":{"type":"Point","coordinates":[-105.242031,41.179168]},"properties":{"kind":"campsite","src":"osm","osm":"way/1184843601","name":"Happy Jack Campground","capacity":"7","reservation":"yes","elev_ft":7329}},{"type":"Feature","geometry":{"type":"Point","coordinates":[-105.244849,41.178317]},"properties":{"kind":"campsite","src":"osm","osm":"way/1184843602","name":"North Causeway Campground","capacity":"9","reservation":"yes","elev_ft":7198}},{"type":"Feature","geometry":{"type":"Point","coordinates":[-111.017,44.128926]},"properties":{"kind":"campsite","src":"osm","osm":"way/1185551384","name":"Cave Falls Campground","drinking_water":"yes","reservation":"no","elev_ft":6178}},{"type":"Feature","geometry":{"type":"Point","coordinates":[-105.372954,41.159954]},"properties":{"kind":"campsite","src":"osm","osm":"way/1186000466","name":"Vedauwoo Campground (Tent)","reservation":"no","elev_ft":8228}},{"type":"Feature","geometry":{"type":"Point","coordinates":[-105.377208,41.15674]},"properties":{"kind":"campsite","src":"osm","osm":"way/1186000467","name":"Vedauwoo Campground (RV)","reservation":"no","elev_ft":8301}},{"type":"Feature","geometry":{"type":"Point","coordinates":[-110.951627,43.756526]},"properties":{"kind":"campsite","src":"osm","osm":"way/1187069859","name":"Group Site B","elev_ft":6877}},{"type":"Feature","geometry":{"type":"Point","coordinates":[-110.951621,43.757641]},"properties":{"kind":"campsite","src":"osm","osm":"way/1187069860","name":"Group Site A","elev_ft":6877}},{"type":"Feature","geometry":{"type":"Point","coordinates":[-110.953497,43.757495]},"properties":{"kind":"campsite","src":"osm","osm":"way/1187069861","name":"Group Site C","elev_ft":6867}},{"type":"Feature","geometry":{"type":"Point","coordinates":[-110.857777,44.110093]},"properties":{"kind":"campsite","src":"osm","osm":"way/1190015660","name":"Camp Loll","access":"permissive","operator":"Trapper Trails Council, BSA","elev_ft":7431}},{"type":"Feature","geometry":{"type":"Point","coordinates":[-110.836205,43.071977]},"properties":{"kind":"campsite","src":"osm","osm":"way/1192477305","name":"Murphy Creek Campground","website":"https://www.fs.usda.gov/recarea/btnf/recarea/?recid=71579","elev_ft":6204}},{"type":"Feature","geometry":{"type":"Point","coordinates":[-110.84686,43.09809]},"properties":{"kind":"campsite","src":"osm","osm":"way/1192477374","name":"Lynx Creek Campground","website":"https://www.fs.usda.gov/recarea/btnf/recarea/?recid=71565","elev_ft":6175}},{"type":"Feature","geometry":{"type":"Point","coordinates":[-110.977253,43.143565]},"properties":{"kind":"campsite","src":"osm","osm":"way/1192477820","elev_ft":5712}},{"type":"Feature","geometry":{"type":"Point","coordinates":[-110.961892,42.490936]},"properties":{"kind":"campsite","src":"osm","osm":"way/1192478239","name":"Allred Flat Campground","website":"https://www.fs.usda.gov/recarea/btnf/recarea/?recid=71527","elev_ft":6821}},{"type":"Feature","geometry":{"type":"Point","coordinates":[-110.904545,42.725074]},"properties":{"kind":"campsite","src":"osm","osm":"way/1192478396","name":"Swift Creek Campground","operator":"Forest Service","website":"https://www.fs.usda.gov/recarea/btnf/recarea/?recid=71613","elev_ft":6480}},{"type":"Feature","geometry":{"type":"Point","coordinates":[-110.660319,43.512338]},"properties":{"kind":"campsite","src":"osm","osm":"way/1192478561","name":"Curtis Canyon Campground","elev_ft":7090}},{"type":"Feature","geometry":{"type":"Point","coordinates":[-105.176667,44.266711]},"properties":{"kind":"rv_park","src":"osm","osm":"way/1221805429","elev_ft":4301}},{"type":"Feature","geometry":{"type":"Point","coordinates":[-110.946973,41.270159]},"properties":{"kind":"rv_park","src":"osm","osm":"way/1222125017","name":"Phillips RV Park","access":"customers","operator":"Phillips family","website":"https://www.phillipsrvpark.com/","elev_ft":6775}},{"type":"Feature","geometry":{"type":"Point","coordinates":[-105.264365,41.193312]},"properties":{"kind":"campsite","src":"osm","osm":"way/1225445191","name":"Camp Jack","elev_ft":7618}},{"type":"Feature","geometry":{"type":"Point","coordinates":[-105.436526,42.763767]},"properties":{"kind":"rv_park","src":"osm","osm":"way/1250601256","elev_ft":4915}},{"type":"Feature","geometry":{"type":"Point","coordinates":[-105.391899,42.748053]},"properties":{"kind":"rv_park","src":"osm","osm":"way/1250601270","elev_ft":4783}},{"type":"Feature","geometry":{"type":"Point","coordinates":[-108.212932,43.219634]},"properties":{"kind":"rv_park","src":"osm","osm":"way/1268210554","elev_ft":4800}},{"type":"Feature","geometry":{"type":"Point","coordinates":[-108.112065,43.238048]},"properties":{"kind":"rv_park","src":"osm","osm":"way/1268211068","elev_ft":4852}},{"type":"Feature","geometry":{"type":"Point","coordinates":[-108.204885,43.67294]},"properties":{"kind":"campsite","src":"osm","osm":"way/1268360328","elev_ft":4321}},{"type":"Feature","geometry":{"type":"Point","coordinates":[-106.646001,43.718706]},"properties":{"kind":"campsite","src":"osm","osm":"way/1268425683","name":"KC RV Park","fee":"yes","elev_ft":4698}},{"type":"Feature","geometry":{"type":"Point","coordinates":[-109.619838,43.527765]},"properties":{"kind":"campsite","src":"osm","osm":"way/1268431994","elev_ft":6906}},{"type":"Feature","geometry":{"type":"Point","coordinates":[-106.944289,44.805819]},"properties":{"kind":"rv_park","src":"osm","osm":"way/1269124454","elev_ft":3783}},{"type":"Feature","geometry":{"type":"Point","coordinates":[-106.940794,44.809477]},"properties":{"kind":"rv_park","src":"osm","osm":"way/1269124681","name":"Peter D's","elev_ft":3809}},{"type":"Feature","geometry":{"type":"Point","coordinates":[-104.448027,42.754049]},"properties":{"kind":"rv_park","src":"osm","osm":"way/1273120331","name":"JB's Camp Ground","elev_ft":5020}},{"type":"Feature","geometry":{"type":"Point","coordinates":[-104.596695,44.689616]},"properties":{"kind":"rv_park","src":"osm","osm":"way/1279698090","elev_ft":3848}},{"type":"Feature","geometry":{"type":"Point","coordinates":[-107.683379,42.359974]},"properties":{"kind":"campsite","src":"osm","osm":"way/1308078831","name":"Cottonwood Campground","fee":"yes","operator":"Bureau of Land Management","website":"https://www.blm.gov/visit/cottonwood-campground-0","elev_ft":7815}},{"type":"Feature","geometry":{"type":"Point","coordinates":[-106.514146,41.373611]},"properties":{"kind":"campsite","src":"osm","osm":"way/1317473819","name":"Lincoln Park Campground","operator":"USFS","capacity":"12","reservation":"recommended","elev_ft":8133}},{"type":"Feature","geometry":{"type":"Point","coordinates":[-110.782677,42.398545]},"properties":{"kind":"campsite","src":"osm","osm":"way/1318459979","name":"Hobble Creek Campground","website":"https://www.fs.usda.gov/recarea/btnf/recarea/?recid=71707","elev_ft":7336}},{"type":"Feature","geometry":{"type":"Point","coordinates":[-110.72975,42.250457]},"properties":{"kind":"campsite","src":"osm","osm":"way/1318460038","name":"Hams Fork Campground","website":"https://www.fs.usda.gov/recarea/btnf/recarea/?recid=71701","elev_ft":8051}},{"type":"Feature","geometry":{"type":"Point","coordinates":[-110.867269,42.49971]},"properties":{"kind":"campsite","src":"osm","osm":"way/1318460144","name":"CCC Camp","elev_ft":7756}},{"type":"Feature","geometry":{"type":"Point","coordinates":[-109.941826,43.10296]},"properties":{"kind":"campsite","src":"osm","osm":"way/1318461634","name":"The Narrows Campground","operator":"US Forest Service","elev_ft":7858}},{"type":"Feature","geometry":{"type":"Point","coordinates":[-109.966121,43.082882]},"properties":{"kind":"campsite","src":"osm","osm":"way/1318461635","elev_ft":7851}},{"type":"Feature","geometry":{"type":"Point","coordinates":[-104.067633,44.086886]},"properties":{"kind":"campsite","src":"osm","osm":"way/1319940371","name":"Mallo Campground","website":"https://www.mallocamp.com/camping","toilets":"yes","elev_ft":6230}},{"type":"Feature","geometry":{"type":"Point","coordinates":[-105.431293,44.279357]},"properties":{"kind":"rv_park","src":"osm","osm":"way/1319949287","elev_ft":4537}},{"type":"Feature","geometry":{"type":"Point","coordinates":[-109.249343,41.641334]},"properties":{"kind":"campsite","src":"osm","osm":"way/1320116017","name":"White Mountain Campground","elev_ft":6407}},{"type":"Feature","geometry":{"type":"Point","coordinates":[-109.249256,41.639566]},"properties":{"kind":"campsite","src":"osm","osm":"way/1320116018","name":"Pilot Butte Campground","elev_ft":6404}},{"type":"Feature","geometry":{"type":"Point","coordinates":[-109.234143,41.639358]},"properties":{"kind":"campsite","src":"osm","osm":"way/1320120561","name":"Boars Tuck Campground","elev_ft":6352}},{"type":"Feature","geometry":{"type":"Point","coordinates":[-109.235335,41.63583]},"properties":{"kind":"campsite","src":"osm","osm":"way/1320120562","name":"Boars Tusk Campground","elev_ft":6319}},{"type":"Feature","geometry":{"type":"Point","coordinates":[-109.071132,44.542113]},"properties":{"kind":"rv_park","src":"osm","osm":"way/1356733356","elev_ft":5121}},{"type":"Feature","geometry":{"type":"Point","coordinates":[-109.624093,44.465953]},"properties":{"kind":"campsite","src":"osm","osm":"way/1357534303","name":"Wapiti Campground","elev_ft":5886}},{"type":"Feature","geometry":{"type":"Point","coordinates":[-108.848103,44.152637]},"properties":{"kind":"campsite","src":"osm","osm":"way/1361462762","name":"Meeteetse RV Park","elev_ft":5978}},{"type":"Feature","geometry":{"type":"Point","coordinates":[-107.938274,44.018515]},"properties":{"kind":"rv_park","src":"osm","osm":"way/1362605116","name":"Worland RV Park","website":"https://worlandcampground.info/","elev_ft":4078}},{"type":"Feature","geometry":{"type":"Point","coordinates":[-108.38369,44.841669]},"properties":{"kind":"campsite","src":"osm","osm":"way/1363113328","name":"Lovell Camper Park","drinking_water":"yes","toilets":"yes","elev_ft":3825}},{"type":"Feature","geometry":{"type":"Point","coordinates":[-110.693191,44.738245]},"properties":{"kind":"rv_park","src":"osm","osm":"way/1379090560","name":"Norris Campground","website":"https://www.nps.gov/yell/planyourvisit/norris-campground.htm","elev_ft":7536}},{"type":"Feature","geometry":{"type":"Point","coordinates":[-106.873083,44.319653]},"properties":{"kind":"campsite","src":"osm","osm":"way/1379993881","name":"Bighorn overnight area","fee":"no","elev_ft":6929}},{"type":"Feature","geometry":{"type":"Point","coordinates":[-104.056251,41.183411]},"properties":{"kind":"rv_park","src":"osm","osm":"way/1382388955","name":"Pine Bluffs RV Resort","elev_ft":5033}},{"type":"Feature","geometry":{"type":"Point","coordinates":[-111.013387,43.022739]},"properties":{"kind":"rv_park","src":"osm","osm":"way/1433339267","name":"RV Park Jacz","elev_ft":5778}},{"type":"Feature","geometry":{"type":"Point","coordinates":[-108.873002,44.159625]},"properties":{"kind":"rv_park","src":"osm","osm":"way/1445849949","name":"Oasis Motel and RV Park","website":"https://www.ommw.net/","elev_ft":5735}},{"type":"Feature","geometry":{"type":"Point","coordinates":[-105.435247,44.278614]},"properties":{"kind":"rv_park","src":"osm","osm":"way/1448117507","elev_ft":4544}},{"type":"Feature","geometry":{"type":"Point","coordinates":[-110.536086,41.804807]},"properties":{"kind":"rv_park","src":"osm","osm":"way/1464227229","name":"The Ham's Fork Grill","elev_ft":6913}},{"type":"Feature","geometry":{"type":"Point","coordinates":[-104.093818,44.54537]},"properties":{"kind":"campsite","src":"osm","osm":"relation/3537530","elev_ft":3504}},{"type":"Feature","geometry":{"type":"Point","coordinates":[-110.874509,43.65926]},"properties":{"kind":"campsite","src":"osm","osm":"relation/3988672","name":"Death Canyon Camping Zone","fee":"yes","access":"permit","reservation":"recommended","elev_ft":9711}},{"type":"Feature","geometry":{"type":"Point","coordinates":[-110.89307,43.665054]},"properties":{"kind":"campsite","src":"osm","osm":"relation/3988673","name":"Death Canyon Shelf Camping Zone","fee":"yes","access":"permit","reservation":"recommended","elev_ft":9334}},{"type":"Feature","geometry":{"type":"Point","coordinates":[-110.643734,43.911711]},"properties":{"kind":"campsite","src":"osm","osm":"relation/14305440","name":"Colter Bay Campground","fee":"yes","website":"https://www.nps.gov/grte/planyourvisit/colterbaycg.htm","drinking_water":"yes","toilets":"yes","reservation":"recommended","elev_ft":6804}},{"type":"Feature","geometry":{"type":"Point","coordinates":[-110.68911,44.003359]},"properties":{"kind":"campsite","src":"osm","osm":"relation/14305441","name":"Lizard Creek Campground","fee":"yes","website":"https://www.nps.gov/grte/planyourvisit/lizardcreekcg.htm","elev_ft":6864}},{"type":"Feature","geometry":{"type":"Point","coordinates":[-105.24975,41.179768]},"properties":{"kind":"campsite","src":"osm","osm":"relation/16018316","name":"Aspen Grove Campground","capacity":"12","reservation":"yes","elev_ft":7310}},{"type":"Feature","geometry":{"type":"Point","coordinates":[-110.918983,43.756464]},"properties":{"kind":"campsite","src":"osm","osm":"relation/16053333","name":"Teton Canyon Campground","website":"https://www.recreation.gov/camping/teton-canyon/r/campgroundDetails.do?contractCode=NRSO&parkId=70116","elev_ft":6972}},{"type":"Feature","geometry":{"type":"Point","coordinates":[-110.95263,43.757074]},"properties":{"kind":"campsite","src":"osm","osm":"relation/16054077","name":"Reunion Flat Campground","elev_ft":6860}},{"type":"Feature","geometry":{"type":"Point","coordinates":[-107.266325,41.786023]},"properties":{"kind":"rv_park","src":"osm","osm":"relation/17301208","name":"Western Hills Campground","elev_ft":6890}},{"type":"Feature","geometry":{"type":"Point","coordinates":[-110.770168,42.972381]},"properties":{"kind":"campsite","src":"osm","osm":"relation/18092899","name":"Moose Flat Campground","elev_ft":6421}},{"type":"Feature","geometry":{"type":"Point","coordinates":[-106.166788,41.340181]},"properties":{"kind":"trailhead","src":"osm","osm":"node/156477818","elev_ft":8901}},{"type":"Feature","geometry":{"type":"Point","coordinates":[-106.24549,41.372452]},"properties":{"kind":"trailhead","src":"osm","osm":"node/156496933","name":"Sheep Lake","elev_ft":10551}},{"type":"Feature","geometry":{"type":"Point","coordinates":[-105.436803,41.252433]},"properties":{"kind":"trailhead","src":"osm","osm":"node/156499903","name":"Tie City Trailhead","elev_ft":8579}},{"type":"Feature","geometry":{"type":"Point","coordinates":[-106.816453,41.004675]},"properties":{"kind":"trailhead","src":"osm","osm":"node/156956571","name":"Commissary Park Trailhead","website":"https://www.fs.usda.gov/recarea/mbr/recarea/?recid=22554","elev_ft":8379}},{"type":"Feature","geometry":{"type":"Point","coordinates":[-110.571204,42.190201]},"properties":{"kind":"trailhead","src":"osm","osm":"node/157500837","name":"Bluejay Creek Trailhead","operator":"US Forest Service","website":"https://www.fs.usda.gov/r04/bridger-teton/recreation/bluejay-creek-trailhead","elev_ft":7808}},{"type":"Feature","geometry":{"type":"Point","coordinates":[-111.049204,44.928175]},"properties":{"kind":"trailhead","src":"osm","osm":"node/157819128","name":"Bighorn TH","fee":"no","access":"yes","operator":"National Park Service","elev_ft":7218}},{"type":"Feature","geometry":{"type":"Point","coordinates":[-109.076349,44.52756]},"properties":{"kind":"trailhead","src":"osm","osm":"node/157851221","elev_ft":4944}},{"type":"Feature","geometry":{"type":"Point","coordinates":[-109.072261,44.53137]},"properties":{"kind":"trailhead","src":"osm","osm":"node/157853315","name":"Paul Stock Nature Trail","elev_ft":4902}},{"type":"Feature","geometry":{"type":"Point","coordinates":[-110.5144,42.682443]},"properties":{"kind":"trailhead","src":"osm","osm":"node/158093808","name":"North Piney Trailhead","operator":"US Forest Service","website":"https://www.fs.usda.gov/recarea/btnf/recarea/?recid=71429","elev_ft":8563}},{"type":"Feature","geometry":{"type":"Point","coordinates":[-110.788608,43.466581]},"properties":{"kind":"trailhead","src":"osm","osm":"node/158170058","elev_ft":6148}},{"type":"Feature","geometry":{"type":"Point","coordinates":[-110.774812,43.421804]},"properties":{"kind":"trailhead","src":"osm","osm":"node/158175117","name":"Wilson Canyon Trailhead","elev_ft":6161}},{"type":"Feature","geometry":{"type":"Point","coordinates":[-110.763391,43.470872]},"properties":{"kind":"trailhead","src":"osm","osm":"node/158199341","name":"Spruce Dr. Trail Access","elev_ft":6257}},{"type":"Feature","geometry":{"type":"Point","coordinates":[-110.772096,43.469445]},"properties":{"kind":"trailhead","src":"osm","osm":"node/158202911","name":"Pine Dr. Trail Access","elev_ft":6316}},{"type":"Feature","geometry":{"type":"Point","coordinates":[-110.887399,44.640261]},"properties":{"kind":"trailhead","src":"osm","osm":"node/158204570","name":"Harlequin Lake Trailhead","elev_ft":6798}},{"type":"Feature","geometry":{"type":"Point","coordinates":[-110.772682,43.46962]},"properties":{"kind":"trailhead","src":"osm","osm":"node/158206146","name":"Rodeo Dr. Trail Access","elev_ft":6299}},{"type":"Feature","geometry":{"type":"Point","coordinates":[-110.76746,43.470309]},"properties":{"kind":"trailhead","src":"osm","osm":"node/158207212","name":"Wister Dr. Trail Access","elev_ft":6293}},{"type":"Feature","geometry":{"type":"Point","coordinates":[-110.858004,44.485544]},"properties":{"kind":"trailhead","src":"osm","osm":"node/256310810","name":"Mystic Falls Trail","elev_ft":7300}},{"type":"Feature","geometry":{"type":"Point","coordinates":[-110.8325,44.515431]},"properties":{"kind":"trailhead","src":"osm","osm":"node/256587478","name":"Fairy Falls Trail","elev_ft":7238}},{"type":"Feature","geometry":{"type":"Point","coordinates":[-110.49538,44.71459]},"properties":{"kind":"trailhead","src":"osm","osm":"node/260821676","name":"Clear Lake Trailhead","operator":"National Park Service","elev_ft":7785}},{"type":"Feature","geometry":{"type":"Point","coordinates":[-110.59383,44.955691]},"properties":{"kind":"trailhead","src":"osm","osm":"node/262550469","name":"Blacktail Trailhead","elev_ft":6650}},{"type":"Feature","geometry":{"type":"Point","coordinates":[-110.623416,44.942258]},"properties":{"kind":"trailhead","src":"osm","osm":"node/262560394","name":"Wraith Falls Trailhead","operator":"National Park Service","elev_ft":6617}},{"type":"Feature","geometry":{"type":"Point","coordinates":[-110.501565,43.901191]},"properties":{"kind":"trailhead","src":"osm","osm":"node/465825839","name":"Two Ocean Lake Trailhead","operator":"National Park Service","elev_ft":6932}},{"type":"Feature","geometry":{"type":"Point","coordinates":[-110.561149,43.898207]},"properties":{"kind":"trailhead","src":"osm","osm":"node/465973626","name":"Grandview Point Trailhead","elev_ft":7028}},{"type":"Feature","geometry":{"type":"Point","coordinates":[-106.978844,41.143915]},"properties":{"kind":"trailhead","src":"osm","osm":"node/738905546","name":"Red Mountain","elev_ft":10125}},{"type":"Feature","geometry":{"type":"Point","coordinates":[-110.744213,43.767201]},"properties":{"kind":"trailhead","src":"osm","osm":"node/886140978","name":"Jenny Lake Trailhead","elev_ft":6847}},{"type":"Feature","geometry":{"type":"Point","coordinates":[-109.270531,42.688561]},"properties":{"kind":"trailhead","src":"osm","osm":"node/1042137527","name":"Big Sandy","elev_ft":9147}},{"type":"Feature","geometry":{"type":"Point","coordinates":[-106.320645,41.335458]},"properties":{"kind":"trailhead","src":"osm","osm":"node/1081390446","name":"East Lake Marie Trailhead","elev_ft":10545}},{"type":"Feature","geometry":{"type":"Point","coordinates":[-106.323055,41.338431]},"properties":{"kind":"trailhead","src":"osm","osm":"node/1081390463","name":"Lakes Trailhead","elev_ft":10581}},{"type":"Feature","geometry":{"type":"Point","coordinates":[-110.581706,44.358513]},"properties":{"kind":"trailhead","src":"osm","osm":"node/1197892036","name":"Riddle Lake Trailhead","elev_ft":8002}},{"type":"Feature","geometry":{"type":"Point","coordinates":[-110.847611,44.129049]},"properties":{"kind":"trailhead","src":"osm","osm":"node/1197903052","name":"Cascade Creek Trailhead","operator":"National Park Service","elev_ft":7270}},{"type":"Feature","geometry":{"type":"Point","coordinates":[-110.109183,44.916037]},"properties":{"kind":"trailhead","src":"osm","osm":"node/1197906417","name":"Pebble Creek Trailhead","operator":"National Park Service","elev_ft":6844}},{"type":"Feature","geometry":{"type":"Point","coordinates":[-110.444576,44.824519]},"properties":{"kind":"trailhead","src":"osm","osm":"node/1197910540","name":"Chittenden Road Trailhead","elev_ft":8760}},{"type":"Feature","geometry":{"type":"Point","coordinates":[-110.701605,44.446815]},"properties":{"kind":"trailhead","src":"osm","osm":"node/1197915379","name":"Delacy Creek Trailhead","elev_ft":7956}},{"type":"Feature","geometry":{"type":"Point","coordinates":[-110.647355,44.243322]},"properties":{"kind":"trailhead","src":"osm","osm":"node/1197920345","name":"Phantom / Pitchstone Trailhead","operator":"National Park Service","elev_ft":7740}},{"type":"Feature","geometry":{"type":"Point","coordinates":[-110.472895,44.729616]},"properties":{"kind":"trailhead","src":"osm","osm":"node/1197929149","name":"Glacier Boulder Trailhead","elev_ft":7904}},{"type":"Feature","geometry":{"type":"Point","coordinates":[-110.549731,44.717923]},"properties":{"kind":"trailhead","src":"osm","osm":"node/1197931768","name":"Grebe Lake Trailhead","fee":"no","access":"yes","operator":"National Parks Service","elev_ft":8156}},{"type":"Feature","geometry":{"type":"Point","coordinates":[-111.045472,44.149863]},"properties":{"kind":"trailhead","src":"osm","osm":"node/1197938275","name":"Bechler Ranger Station Trailhead","elev_ft":6427}},{"type":"Feature","geometry":{"type":"Point","coordinates":[-110.735232,44.882677]},"properties":{"kind":"trailhead","src":"osm","osm":"node/1197940885","name":"Indian Creek Trailhead","operator":"National Park Service","elev_ft":7300}},{"type":"Feature","geometry":{"type":"Point","coordinates":[-110.964896,44.663753]},"properties":{"kind":"trailhead","src":"osm","osm":"node/1197949123","name":"Gneiss Creek Trailhead","elev_ft":6745}},{"type":"Feature","geometry":{"type":"Point","coordinates":[-109.95323,44.95189]},"properties":{"kind":"trailhead","src":"osm","osm":"node/1197958822","name":"Republic Pass Trailhead","operator":"National Park Service","elev_ft":9980}},{"type":"Feature","geometry":{"type":"Point","coordinates":[-110.633978,44.716831]},"properties":{"kind":"trailhead","src":"osm","osm":"node/1197960527","name":"Ice Lake Trailhead","operator":"National Parks Service","elev_ft":7907}},{"type":"Feature","geometry":{"type":"Point","coordinates":[-110.122955,44.899109]},"properties":{"kind":"trailhead","src":"osm","osm":"node/1199257554","name":"Trout Lake Trailhead","elev_ft":6755}},{"type":"Feature","geometry":{"type":"Point","coordinates":[-110.308193,44.943564]},"properties":{"kind":"trailhead","src":"osm","osm":"node/1199257709","name":"Slough Creek Trailhead","elev_ft":6299}},{"type":"Feature","geometry":{"type":"Point","coordinates":[-110.166435,44.869308]},"properties":{"kind":"trailhead","src":"osm","osm":"node/1199262872","name":"Lamar River Valley Trailhead","elev_ft":6640}},{"type":"Feature","geometry":{"type":"Point","coordinates":[-110.174508,44.868457]},"properties":{"kind":"trailhead","src":"osm","osm":"node/1199263592","name":"Lamar Rivert Stock Trailhead","elev_ft":6624}},{"type":"Feature","geometry":{"type":"Point","coordinates":[-110.275562,44.505687]},"properties":{"kind":"trailhead","src":"osm","osm":"node/1209241102","name":"Nine Mile Trailhead","access":"yes","operator":"National Park Service","website":"https://www.nps.gov/places/000/nine-mile-trailhead-5k5.htm","elev_ft":7867}},{"type":"Feature","geometry":{"type":"Point","coordinates":[-110.327736,44.559342]},"properties":{"kind":"trailhead","src":"osm","osm":"node/1209243874","name":"Storm Point Trailhead","elev_ft":7792}},{"type":"Feature","geometry":{"type":"Point","coordinates":[-110.142553,44.47067]},"properties":{"kind":"trailhead","src":"osm","osm":"node/1209244873","name":"Avalanche Peak Trailhead","elev_ft":8530}},{"type":"Feature","geometry":{"type":"Point","coordinates":[-110.855087,44.646454]},"properties":{"kind":"trailhead","src":"osm","osm":"node/1209408134","name":"Purple Mountain Trailhead","operator":"NPS","elev_ft":6873}},{"type":"Feature","geometry":{"type":"Point","coordinates":[-110.725387,43.751509]},"properties":{"kind":"trailhead","src":"osm","osm":"node/1244992446","name":"Jenny Lake Loop Trailhead","operator":"National Park Service","elev_ft":6801}},{"type":"Feature","geometry":{"type":"Point","coordinates":[-104.772462,42.304169]},"properties":{"kind":"trailhead","src":"osm","osm":"node/1373445762","elev_ft":4777}},{"type":"Feature","geometry":{"type":"Point","coordinates":[-110.727387,43.784455]},"properties":{"kind":"trailhead","src":"osm","osm":"node/1381857059","name":"String Lake Trailhead","elev_ft":6890}},{"type":"Feature","geometry":{"type":"Point","coordinates":[-105.421988,41.254542]},"properties":{"kind":"trailhead","src":"osm","osm":"node/1637874735","name":"Happy Jack Trailhead","elev_ft":8337}},{"type":"Feature","geometry":{"type":"Point","coordinates":[-110.453483,44.784805]},"properties":{"kind":"trailhead","src":"osm","osm":"node/1913424690","name":"Dunraven Pass Trailhead","elev_ft":8967}},{"type":"Feature","geometry":{"type":"Point","coordinates":[-110.491979,44.750192]},"properties":{"kind":"trailhead","src":"osm","osm":"node/1914212028","name":"Cascade Lake Trailhead","fee":"no","elev_ft":8051}},{"type":"Feature","geometry":{"type":"Point","coordinates":[-109.574025,43.425767]},"properties":{"kind":"trailhead","src":"osm","osm":"node/2029153766","name":"Trail Lake Trailhead","elev_ft":7569}},{"type":"Feature","geometry":{"type":"Point","coordinates":[-106.305777,41.341271]},"properties":{"kind":"trailhead","src":"osm","osm":"node/2346870812","elev_ft":10801}},{"type":"Feature","geometry":{"type":"Point","coordinates":[-106.217185,41.348372]},"properties":{"kind":"trailhead","src":"osm","osm":"node/2543247920","elev_ft":9849}},{"type":"Feature","geometry":{"type":"Point","coordinates":[-106.323868,41.329895]},"properties":{"kind":"trailhead","src":"osm","osm":"node/2545297642","name":"Tipple Trailhead","elev_ft":10522}},{"type":"Feature","geometry":{"type":"Point","coordinates":[-109.751703,43.004135]},"properties":{"kind":"trailhead","src":"osm","osm":"node/2658091646","name":"Elkhart-Polecreek Trailhead","elev_ft":9439}},{"type":"Feature","geometry":{"type":"Point","coordinates":[-106.325557,41.331519]},"properties":{"kind":"trailhead","src":"osm","osm":"node/3030283635","name":"West Lake Marie Trailhead","elev_ft":10499}},{"type":"Feature","geometry":{"type":"Point","coordinates":[-110.773454,43.626614]},"properties":{"kind":"trailhead","src":"osm","osm":"node/3220775226","name":"Laurance South Rockefeller Preserve Trailhead","elev_ft":6407}},{"type":"Feature","geometry":{"type":"Point","coordinates":[-110.360965,44.559917]},"properties":{"kind":"trailhead","src":"osm","osm":"node/3358915346","name":"Pelican Creek Trailhead","elev_ft":7762}},{"type":"Feature","geometry":{"type":"Point","coordinates":[-110.776037,43.471033]},"properties":{"kind":"trailhead","src":"osm","osm":"node/3405040135","name":"Wildlife Lane Trailhead","elev_ft":6178}},{"type":"Feature","geometry":{"type":"Point","coordinates":[-109.562348,42.820204]},"properties":{"kind":"trailhead","src":"osm","osm":"node/3436966703","name":"Scab Creek Equestrian Trailhead","fee":"no","access":"yes","operator":"USFS","elev_ft":8215}},{"type":"Feature","geometry":{"type":"Point","coordinates":[-110.732944,43.693141]},"properties":{"kind":"trailhead","src":"osm","osm":"node/3539552906","name":"Bradley-Taggart Trailhead","elev_ft":6627}},{"type":"Feature","geometry":{"type":"Point","coordinates":[-105.429421,41.235726]},"properties":{"kind":"trailhead","src":"osm","osm":"node/3593658607","name":"Lincoln Monument Trailhead","elev_ft":8665}},{"type":"Feature","geometry":{"type":"Point","coordinates":[-110.884068,43.197955]},"properties":{"kind":"trailhead","src":"osm","osm":"node/3728235093","name":"Wolf Creek Trailhead","elev_ft":5794}},{"type":"Feature","geometry":{"type":"Point","coordinates":[-107.348518,44.070597]},"properties":{"kind":"trailhead","src":"osm","osm":"node/3785251262","name":"Saltlick Trailhead","elev_ft":5033}},{"type":"Feature","geometry":{"type":"Point","coordinates":[-106.294557,41.358712]},"properties":{"kind":"trailhead","src":"osm","osm":"node/3798941556","elev_ft":10768}},{"type":"Feature","geometry":{"type":"Point","coordinates":[-106.294646,41.358278]},"properties":{"kind":"trailhead","src":"osm","osm":"node/3798942061","elev_ft":10768}},{"type":"Feature","geometry":{"type":"Point","coordinates":[-110.748753,43.469117]},"properties":{"kind":"trailhead","src":"osm","osm":"node/3818201806","name":"Tanager Trail Access","elev_ft":6545}},{"type":"Feature","geometry":{"type":"Point","coordinates":[-110.744708,43.470186]},"properties":{"kind":"trailhead","src":"osm","osm":"node/3818201826","name":"Jack's Trail Access","elev_ft":6391}},{"type":"Feature","geometry":{"type":"Point","coordinates":[-110.731802,43.465593]},"properties":{"kind":"trailhead","src":"osm","osm":"node/3818225979","name":"Hagen and Wood' Canyon Trail Access","elev_ft":6444}},{"type":"Feature","geometry":{"type":"Point","coordinates":[-110.773695,43.42454]},"properties":{"kind":"trailhead","src":"osm","osm":"node/3917154280","name":"Deer Drive Trail Access","elev_ft":6184}},{"type":"Feature","geometry":{"type":"Point","coordinates":[-109.630747,44.460773]},"properties":{"kind":"trailhead","src":"osm","osm":"node/4064511201","elev_ft":6106}},{"type":"Feature","geometry":{"type":"Point","coordinates":[-110.786421,43.466209]},"properties":{"kind":"trailhead","src":"osm","osm":"node/4190483604","name":"Flat Creek Trailhead","elev_ft":6155}},{"type":"Feature","geometry":{"type":"Point","coordinates":[-110.742271,43.475543]},"properties":{"kind":"trailhead","src":"osm","osm":"node/4454327921","name":"Henley Dr. Trail Access","elev_ft":6329}},{"type":"Feature","geometry":{"type":"Point","coordinates":[-110.74082,43.476446]},"properties":{"kind":"trailhead","src":"osm","osm":"node/4454328014","name":"Nelson Dr. Trailhead","elev_ft":6345}},{"type":"Feature","geometry":{"type":"Point","coordinates":[-106.29918,41.342055]},"properties":{"kind":"trailhead","src":"osm","osm":"node/4951052499","elev_ft":10843}},{"type":"Feature","geometry":{"type":"Point","coordinates":[-106.24684,41.374277]},"properties":{"kind":"trailhead","src":"osm","osm":"node/5830873605","name":"Glacier Lakes","elev_ft":10591}},{"type":"Feature","geometry":{"type":"Point","coordinates":[-106.241552,41.366858]},"properties":{"kind":"trailhead","src":"osm","osm":"node/5861500482","elev_ft":10492}},{"type":"Feature","geometry":{"type":"Point","coordinates":[-106.358318,41.312508]},"properties":{"kind":"trailhead","src":"osm","osm":"node/6289791995","elev_ft":10495}},{"type":"Feature","geometry":{"type":"Point","coordinates":[-110.912498,43.373837]},"properties":{"kind":"trailhead","src":"osm","osm":"node/7282287015","elev_ft":6995}},{"type":"Feature","geometry":{"type":"Point","coordinates":[-110.836293,43.206254]},"properties":{"kind":"trailhead","src":"osm","osm":"node/7661718649","name":"Station Creek Trailhead","elev_ft":5919}},{"type":"Feature","geometry":{"type":"Point","coordinates":[-110.807908,43.21535]},"properties":{"kind":"trailhead","src":"osm","osm":"node/7661775612","name":"East Table Creek Trailhead","elev_ft":5958}},{"type":"Feature","geometry":{"type":"Point","coordinates":[-110.786534,44.125502]},"properties":{"kind":"trailhead","src":"osm","osm":"node/7721875605","name":"Beula Lake Trailhead","elev_ft":7234}},{"type":"Feature","geometry":{"type":"Point","coordinates":[-106.356608,41.312749]},"properties":{"kind":"trailhead","src":"osm","osm":"node/7768146055","name":"Silver Lake Trailhead","elev_ft":10472}},{"type":"Feature","geometry":{"type":"Point","coordinates":[-104.773325,41.17905]},"properties":{"kind":"trailhead","src":"osm","osm":"node/7778259430","name":"NCCP mountain bike practice trails","fee":"no","access":"yes","operator":"City of Cheyenne","elev_ft":6093}},{"type":"Feature","geometry":{"type":"Point","coordinates":[-104.778229,42.303376]},"properties":{"kind":"trailhead","src":"osm","osm":"node/7948542987","elev_ft":4721}},{"type":"Feature","geometry":{"type":"Point","coordinates":[-110.503437,44.735263]},"properties":{"kind":"trailhead","src":"osm","osm":"node/7949585585","name":"Cascade Creek Trailhead","elev_ft":7887}},{"type":"Feature","geometry":{"type":"Point","coordinates":[-104.776132,42.317338]},"properties":{"kind":"trailhead","src":"osm","osm":"node/7953021391","elev_ft":4659}},{"type":"Feature","geometry":{"type":"Point","coordinates":[-110.724257,44.089789]},"properties":{"kind":"trailhead","src":"osm","osm":"node/8302861404","name":"Glade Creek Trailhead","elev_ft":7037}},{"type":"Feature","geometry":{"type":"Point","coordinates":[-106.262865,41.48159]},"properties":{"kind":"trailhead","src":"osm","osm":"node/8307812189","name":"Crater Lake Trailhead","elev_ft":10023}},{"type":"Feature","geometry":{"type":"Point","coordinates":[-106.273291,41.456032]},"properties":{"kind":"trailhead","src":"osm","osm":"node/8307990622","name":"Sheep Lake Trailhead","elev_ft":10105}},{"type":"Feature","geometry":{"type":"Point","coordinates":[-110.760931,43.406374]},"properties":{"kind":"trailhead","src":"osm","osm":"node/8376939475","name":"Little Horsethief Trailhead","elev_ft":6138}},{"type":"Feature","geometry":{"type":"Point","coordinates":[-110.641541,43.901118]},"properties":{"kind":"trailhead","src":"osm","osm":"node/8505102065","name":"Hermitage Point Trailhead","operator":"National Park Service","elev_ft":6831}},{"type":"Feature","geometry":{"type":"Point","coordinates":[-110.752982,44.430302]},"properties":{"kind":"trailhead","src":"osm","osm":"node/8554156750","name":"Spring Creek Trail","elev_ft":7966}},{"type":"Feature","geometry":{"type":"Point","coordinates":[-111.006215,43.997221]},"properties":{"kind":"trailhead","src":"osm","osm":"node/8591227348","name":"Coyote Meadows Trailhead","elev_ft":6519}},{"type":"Feature","geometry":{"type":"Point","coordinates":[-109.55796,42.821298]},"properties":{"kind":"trailhead","src":"osm","osm":"node/9021169102","name":"Scab Creek Trailhead","fee":"no","access":"yes","operator":"USFS","elev_ft":8209}},{"type":"Feature","geometry":{"type":"Point","coordinates":[-110.782659,43.435696]},"properties":{"kind":"trailhead","src":"osm","osm":"node/9491022036","name":"Adam's Canyon Trailhead","elev_ft":6184}},{"type":"Feature","geometry":{"type":"Point","coordinates":[-110.7811,43.655855]},"properties":{"kind":"trailhead","src":"osm","osm":"node/9868469241","name":"Death Canyon Trailhead","elev_ft":6791}},{"type":"Feature","geometry":{"type":"Point","coordinates":[-106.921778,41.14873]},"properties":{"kind":"trailhead","src":"osm","osm":"node/10543923771","name":"Green Mountain Falls","elev_ft":8543}},{"type":"Feature","geometry":{"type":"Point","coordinates":[-108.857267,42.729174]},"properties":{"kind":"trailhead","src":"osm","osm":"node/10587941394","name":"Bruce's Bridge Trailhead","fee":"no","access":"yes","elev_ft":7110}},{"type":"Feature","geometry":{"type":"Point","coordinates":[-109.618986,42.855572]},"properties":{"kind":"trailhead","src":"osm","osm":"node/10738327302","name":"Boulder Lake Trailhead","website":"https://www.fs.usda.gov/recarea/btnf/recarea/?recid=71747","elev_ft":7349}},{"type":"Feature","geometry":{"type":"Point","coordinates":[-110.915137,43.755912]},"properties":{"kind":"trailhead","src":"osm","osm":"node/11023447296","name":"Face Trail Trailhead","elev_ft":7037}},{"type":"Feature","geometry":{"type":"Point","coordinates":[-110.915229,43.755656]},"properties":{"kind":"trailhead","src":"osm","osm":"node/11023449610","elev_ft":7001}},{"type":"Feature","geometry":{"type":"Point","coordinates":[-109.087784,42.583167]},"properties":{"kind":"trailhead","src":"osm","osm":"node/11300588317","name":"Little Sandy Lake Trailhead","elev_ft":8953}},{"type":"Feature","geometry":{"type":"Point","coordinates":[-110.49374,44.683352]},"properties":{"kind":"trailhead","src":"osm","osm":"node/11300588318","name":"Mary Mountain Trailhead","elev_ft":7730}},{"type":"Feature","geometry":{"type":"Point","coordinates":[-110.728148,43.394177]},"properties":{"kind":"trailhead","src":"osm","osm":"node/11387533228","name":"Game Creek Trailhead","elev_ft":6184}},{"type":"Feature","geometry":{"type":"Point","coordinates":[-109.946474,44.497387]},"properties":{"kind":"trailhead","src":"osm","osm":"node/11389893978","name":"Pahaska Trailhead","elev_ft":6749}},{"type":"Feature","geometry":{"type":"Point","coordinates":[-110.730153,43.464974]},"properties":{"kind":"trailhead","src":"osm","osm":"node/11676041620","name":"Cache Creek Trailhead","elev_ft":6470}},{"type":"Feature","geometry":{"type":"Point","coordinates":[-105.519151,44.30574]},"properties":{"kind":"trailhead","src":"osm","osm":"node/11942543287","fee":"no","access":"yes","elev_ft":4636}},{"type":"Feature","geometry":{"type":"Point","coordinates":[-106.997039,44.803815]},"properties":{"kind":"trailhead","src":"osm","osm":"node/11965835054","elev_ft":3973}},{"type":"Feature","geometry":{"type":"Point","coordinates":[-105.526845,44.316822]},"properties":{"kind":"trailhead","src":"osm","osm":"node/11988929811","fee":"no","access":"yes","elev_ft":4478}},{"type":"Feature","geometry":{"type":"Point","coordinates":[-110.741079,44.696266]},"properties":{"kind":"trailhead","src":"osm","osm":"node/12106737615","name":"Artists' Paintpot Trailhead","elev_ft":7343}},{"type":"Feature","geometry":{"type":"Point","coordinates":[-108.774493,42.777337]},"properties":{"kind":"trailhead","src":"osm","osm":"node/12164436373","name":"Alpine Science Institute","elev_ft":5787}},{"type":"Feature","geometry":{"type":"Point","coordinates":[-108.93172,42.700122]},"properties":{"kind":"trailhead","src":"osm","osm":"node/12241842283","name":"Sheeps Bridge/Upper Brewers TH","elev_ft":8855}},{"type":"Feature","geometry":{"type":"Point","coordinates":[-107.964735,44.047122]},"properties":{"kind":"trailhead","src":"osm","osm":"node/12615981330","name":"Jim Bridger Historic Trail","elev_ft":4085}},{"type":"Feature","geometry":{"type":"Point","coordinates":[-110.704294,44.973798]},"properties":{"kind":"trailhead","src":"osm","osm":"node/13121412178","name":"Sepulcher Mountain Trailhead","operator":"National Park Service","elev_ft":6283}},{"type":"Feature","geometry":{"type":"Point","coordinates":[-110.670595,43.711506]},"properties":{"kind":"trailhead","src":"osm","osm":"node/13121440982","name":"Schwabacher Landing Trailhead","operator":"National Park Service","elev_ft":6545}},{"type":"Feature","geometry":{"type":"Point","coordinates":[-110.575519,44.416665]},"properties":{"kind":"trailhead","src":"osm","osm":"node/13121469250","name":"Duck Lake Trailhead","operator":"National Park Service","elev_ft":7808}},{"type":"Feature","geometry":{"type":"Point","coordinates":[-110.835162,44.567195]},"properties":{"kind":"trailhead","src":"osm","osm":"node/13121538262","name":"Fountain Flats Drive / Freight Road Trailhead","elev_ft":7188}},{"type":"Feature","geometry":{"type":"Point","coordinates":[-110.503057,44.708271]},"properties":{"kind":"trailhead","src":"osm","osm":"node/13121602381","name":"North Rim Trailhead","operator":"National Park Service","elev_ft":7710}},{"type":"Feature","geometry":{"type":"Point","coordinates":[-110.599519,44.320054]},"properties":{"kind":"trailhead","src":"osm","osm":"node/13121608587","name":"Shoshone / Dogshead Trailhead","operator":"National Park Service","elev_ft":7825}},{"type":"Feature","geometry":{"type":"Point","coordinates":[-110.497441,44.719354]},"properties":{"kind":"trailhead","src":"osm","osm":"node/13121662826","name":"Brink of the Lower Falls Trailhead","operator":"National Park Service","elev_ft":7710}},{"type":"Feature","geometry":{"type":"Point","coordinates":[-110.692042,44.73819]},"properties":{"kind":"trailhead","src":"osm","osm":"node/13121685284","name":"Solfatara Creek Trailhead","operator":"National Park Service","elev_ft":7546}},{"type":"Feature","geometry":{"type":"Point","coordinates":[-110.500339,44.707729]},"properties":{"kind":"trailhead","src":"osm","osm":"node/13121727215","name":"Wapiti Lake Trailhead","operator":"National Park Service","elev_ft":7759}},{"type":"Feature","geometry":{"type":"Point","coordinates":[-110.327742,44.91183]},"properties":{"kind":"trailhead","src":"osm","osm":"node/13121911327","name":"Fossil Forest Trailhead","operator":"National Park Service","elev_ft":6220}},{"type":"Feature","geometry":{"type":"Point","coordinates":[-110.390951,44.889622]},"properties":{"kind":"trailhead","src":"osm","osm":"node/13121916468","name":"Tower Creek Trailhead","operator":"National Park Service","elev_ft":6611}},{"type":"Feature","geometry":{"type":"Point","coordinates":[-110.744665,44.683791]},"properties":{"kind":"trailhead","src":"osm","osm":"node/13121916469","name":"Monument Geyser Basin Trailhead","operator":"National Park Service","elev_ft":7336}},{"type":"Feature","geometry":{"type":"Point","coordinates":[-110.820763,44.131545]},"properties":{"kind":"trailhead","src":"osm","osm":"node/13121981438","name":"Grassy Lake Trailhead","operator":"National Park Service","elev_ft":7149}},{"type":"Feature","geometry":{"type":"Point","coordinates":[-110.668939,44.134359]},"properties":{"kind":"trailhead","src":"osm","osm":"node/13121983932","name":"South Boundary West Trailhead","operator":"National Park Service","elev_ft":6893}},{"type":"Feature","geometry":{"type":"Point","coordinates":[-110.712088,44.958968]},"properties":{"kind":"trailhead","src":"osm","osm":"node/13121990738","name":"Snow Pass Trailhead","operator":"National Park Service","elev_ft":6831}},{"type":"Feature","geometry":{"type":"Point","coordinates":[-110.373446,44.56666]},"properties":{"kind":"trailhead","src":"osm","osm":"node/13122009201","name":"Fishing Bridge Trailhead","operator":"National Park Service","elev_ft":7769}},{"type":"Feature","geometry":{"type":"Point","coordinates":[-110.816118,44.569908]},"properties":{"kind":"trailhead","src":"osm","osm":"node/13122735270","name":"Mary Mountain West Trailhead","operator":"National Park Service","elev_ft":7251}},{"type":"Feature","geometry":{"type":"Point","coordinates":[-110.573743,44.41591]},"properties":{"kind":"trailhead","src":"osm","osm":"node/13122754015","name":"West Thumb Geyser Basin Trailhead","operator":"National Park Service","elev_ft":7799}},{"type":"Feature","geometry":{"type":"Point","coordinates":[-110.804582,44.444462]},"properties":{"kind":"trailhead","src":"osm","osm":"node/13122756526","name":"Lone Star Trailhead","operator":"National Park Service","elev_ft":7625}},{"type":"Feature","geometry":{"type":"Point","coordinates":[-110.741531,43.734584]},"properties":{"kind":"trailhead","src":"osm","osm":"node/13122765355","name":"Lupine Meadows Trailhead","operator":"National Park Service","elev_ft":6739}},{"type":"Feature","geometry":{"type":"Point","coordinates":[-110.734712,44.806622]},"properties":{"kind":"trailhead","src":"osm","osm":"node/13122823732","name":"Solfatara North Trailhead","operator":"National Park Service","elev_ft":7392}},{"type":"Feature","geometry":{"type":"Point","coordinates":[-110.761103,43.472722]},"properties":{"kind":"trailhead","src":"osm","osm":"node/13269426141","name":"Snow King Trailhead","elev_ft":6243}},{"type":"Feature","geometry":{"type":"Point","coordinates":[-110.767347,43.469575]},"properties":{"kind":"trailhead","src":"osm","osm":"node/13282258336","name":"Pine Glades Trail Access","elev_ft":6407}},{"type":"Feature","geometry":{"type":"Point","coordinates":[-110.737451,43.469935]},"properties":{"kind":"trailhead","src":"osm","osm":"node/13365260690","name":"Sidewalk Trail Access","elev_ft":6450}},{"type":"Feature","geometry":{"type":"Point","coordinates":[-109.075988,44.679552]},"properties":{"kind":"trailhead","src":"osm","osm":"node/13387608880","elev_ft":5696}},{"type":"Feature","geometry":{"type":"Point","coordinates":[-110.436336,44.530576]},"properties":{"kind":"trailhead","src":"osm","osm":"node/13659211885","name":"Natural Bridge Trailhead","fee":"no","access":"yes","operator":"National Park Service","elev_ft":7769}},{"type":"Feature","geometry":{"type":"Point","coordinates":[-109.008324,44.512611]},"properties":{"kind":"campsite","src":"overture:meta","name":"Cody / Yellowstone East KOA Holiday","website":"https://koa.com/campgrounds/cody/","addr":"5561 Greybull Hwy, Cody","elev_ft":5098}},{"type":"Feature","geometry":{"type":"Point","coordinates":[-105.67852,42.858948]},"properties":{"kind":"rv_park","src":"overture:meta","name":"River Bend RV Resort","website":"http://www.riverbendrvpark.com","addr":"972 Tank Farm Rd, Glenrock","elev_ft":4921}},{"type":"Feature","geometry":{"type":"Point","coordinates":[-109.591255,43.517555]},"properties":{"kind":"campsite","src":"overture:Microsoft","name":"The Longhorn Ranch Lodge & RV Resort","website":"http://www.thelonghornranch.com/","addr":"5810 U S 26, Dubois","elev_ft":6844}},{"type":"Feature","geometry":{"type":"Point","coordinates":[-110.403923,43.831558]},"properties":{"kind":"campsite","src":"overture:meta","name":"Grand Teton Park Campground","website":"http://yellowstonerv.com","addr":"17750 E Highway 287, Moran","elev_ft":6801}},{"type":"Feature","geometry":{"type":"Point","coordinates":[-106.671089,44.356308]},"properties":{"kind":"rv_park","src":"overture:meta","name":"Deer Park Campground","website":"http://www.deerparkrv.com","addr":"146 US Highway 16 E, Buffalo","elev_ft":4541}},{"type":"Feature","geometry":{"type":"Point","coordinates":[-106.743019,44.452206]},"properties":{"kind":"rv_park","src":"overture:meta","name":"Mikesell-Potts Recreation Area at Lake DeSmet","website":"http://www.johnsoncowy.gov/","addr":"Mikesell-Potts Recreation Area at Lake Desmet, 34 N Wyoming Ave, Buffalo","elev_ft":4633}},{"type":"Feature","geometry":{"type":"Point","coordinates":[-104.44783,42.754047]},"properties":{"kind":"campsite","src":"overture:meta","name":"BJ's Campground","website":"https://bjscampground.com/","addr":"902 S Maple St, Lusk","elev_ft":5020}},{"type":"Feature","geometry":{"type":"Point","coordinates":[-110.488571,44.735508]},"properties":{"kind":"campsite","src":"overture:meta","name":"Canyon Campground","website":"http://www.yellowstoneparknet.com/park_campgrounds/canyon_campground.php","addr":"27 Andesite Ln, Park County","elev_ft":7946}},{"type":"Feature","geometry":{"type":"Point","coordinates":[-110.642113,43.907597]},"properties":{"kind":"campsite","src":"overture:meta","name":"Colter Bay Campground","addr":"100 Colter Bay Campground Rd, Moran","elev_ft":6857}},{"type":"Feature","geometry":{"type":"Point","coordinates":[-106.250359,42.85709]},"properties":{"kind":"rv_park","src":"overture:meta","name":"Rone's RV Park & Storage Units","website":"http://ronesrvpark.com/","addr":"5080 E Yellowstone Hwy, Evansville","elev_ft":5115}},{"type":"Feature","geometry":{"type":"Point","coordinates":[-105.6129,41.323795]},"properties":{"kind":"campsite","src":"overture:Foursquare","name":"Laramie KOA Journey","website":"https://koa.com/campgrounds/laramie/","addr":"1271 W Baker St, Laramie","elev_ft":7152}},{"type":"Feature","geometry":{"type":"Point","coordinates":[-106.214546,42.857601]},"properties":{"kind":"rv_park","src":"overture:meta","name":"Rivers Edge RV and Cabins Resort","website":"http://www.riversedgervresort.net/","addr":"6820 Santa Fe Cir, Evansville","elev_ft":5092}},{"type":"Feature","geometry":{"type":"Point","coordinates":[-105.516861,44.291767]},"properties":{"kind":"campsite","src":"overture:Foursquare","name":"Crazy Woman Campground","website":"http://crazywomancampground.com/index.html","addr":"1001 W 2nd St, Gillette","elev_ft":4613}},{"type":"Feature","geometry":{"type":"Point","coordinates":[-106.934425,44.767605]},"properties":{"kind":"campsite","src":"overture:meta","name":"Jackalope Campground","website":"http://www.daltons-rv.com/","addr":"2744 Heartland Dr, Sheridan","elev_ft":3862}},{"type":"Feature","geometry":{"type":"Point","coordinates":[-109.560242,42.448116]},"properties":{"kind":"rv_park","src":"overture:meta","name":"Highline Trail Rv Park","website":"http://www.highlinetrailrvpark.com/","addr":"8718  US-191, Boulder","elev_ft":7116}},{"type":"Feature","geometry":{"type":"Point","coordinates":[-110.578819,44.414436]},"properties":{"kind":"campsite","src":"overture:meta","name":"Lewis Lake Campground","website":"http://www.nps.gov/yell/planyourvisit/lewiscg.htm","addr":"South Entrance Road","elev_ft":7815}},{"type":"Feature","geometry":{"type":"Point","coordinates":[-110.723267,43.340912]},"properties":{"kind":"rv_park","src":"overture:meta","name":"Snake River Cabins and RV Village","website":"https://www.snakeriverpark.com/","addr":"9705 S US Highway 89, Jackson","elev_ft":5951}},{"type":"Feature","geometry":{"type":"Point","coordinates":[-109.309341,41.559196]},"properties":{"kind":"rv_park","src":"overture:meta","name":"Rock Springs / Green River KOA Journey","website":"https://koa.com/campgrounds/rock-springs/","addr":"86 Foothill Blvd, Rock Springs","elev_ft":6306}},{"type":"Feature","geometry":{"type":"Point","coordinates":[-104.759033,42.132092]},"properties":{"kind":"campsite","src":"overture:meta","name":"Grayrocks Lakefront Camping","addr":"1155 Grayrocks Rd, Wheatland","elev_ft":4482}},{"type":"Feature","geometry":{"type":"Point","coordinates":[-106.713509,42.533676]},"properties":{"kind":"campsite","src":"overture:meta","name":"Black Beach Campground","addr":"24025 Lakeshore Dr, Natrona County","elev_ft":5528}},{"type":"Feature","geometry":{"type":"Point","coordinates":[-105.343658,42.330849]},"properties":{"kind":"campsite","src":"overture:meta","name":"BSA Camp Laramie Peak","website":"https://adventurewestscouts.org/","addr":"65 Forest SVC Road 633, Wheatland","elev_ft":6280}},{"type":"Feature","geometry":{"type":"Point","coordinates":[-104.60318,44.679291]},"properties":{"kind":"campsite","src":"overture:meta","name":"Screaming Eagle Campground","website":"https://www.screamingeaglecampground.com/","addr":"322 S Highway 24, Hulett","elev_ft":3776}},{"type":"Feature","geometry":{"type":"Point","coordinates":[-109.738335,42.768578]},"properties":{"kind":"campsite","src":"overture:meta","name":"Wind River View Campground","website":"http://www.sublettechamber.com/list/member/wind-river-view-rv-park-campground-237","addr":"99 US-191, Pinedale","elev_ft":7021}},{"type":"Feature","geometry":{"type":"Point","coordinates":[-110.868477,44.644989]},"properties":{"kind":"rv_park","src":"overture:meta","name":"Madison Campground","website":"https://www.yellowstonenationalparklodges.com/lodgings/camping/madison-campground","addr":"30 Madison Campground Rd, Yellowstone National Park","elev_ft":6847}},{"type":"Feature","geometry":{"type":"Point","coordinates":[-108.270515,43.604748]},"properties":{"kind":"rv_park","src":"overture:meta","name":"The Tipi Retreat","website":"http://www.TheTipiRetreat.com/","addr":"492 Coyote Run, Thermopolis","elev_ft":5164}},{"type":"Feature","geometry":{"type":"Point","coordinates":[-110.663002,44.099064]},"properties":{"kind":"campsite","src":"overture:meta","name":"Sheffield Creek Campground","website":"http://www.fs.usda.gov/recarea/btnf/recreation/camping-cabins/recarea/?recid=71503&actid=29","elev_ft":6831}},{"type":"Feature","geometry":{"type":"Point","coordinates":[-110.402115,43.831829]},"properties":{"kind":"rv_park","src":"overture:meta","name":"Fireside Buffalo Valley RV Park","website":"http://yellowstonerv.com","addr":"17800 E Highway 287, Moran","elev_ft":6804}},{"type":"Feature","geometry":{"type":"Point","coordinates":[-109.426811,44.470818]},"properties":{"kind":"rv_park","src":"overture:meta","name":"Old Faithful RV Park","website":"https://oldfaithfulrvpark.com/","addr":"3256 North Fork Hwy, Cody","elev_ft":5581}},{"type":"Feature","geometry":{"type":"Point","coordinates":[-110.987564,43.760761]},"properties":{"kind":"campsite","src":"overture:meta","name":"Teton Canyon Campground","website":"http://www.recreation.gov/camping/teton-canyon/r/campgrounddetails.do?contractcode=nrso&parkid=70116","addr":"Teton Canyon Rd","elev_ft":6762}},{"type":"Feature","geometry":{"type":"Point","coordinates":[-107.602783,44.24622]},"properties":{"kind":"campsite","src":"overture:meta","name":"Medicine Lodge State Archaeological Site","website":"http://wyoparks.state.wy.us/index.php/places-to-go/medicine-lodge","addr":"4800 Road 52, Hyattville","elev_ft":4465}},{"type":"Feature","geometry":{"type":"Point","coordinates":[-109.712448,42.739239]},"properties":{"kind":"rv_park","src":"overture:meta","name":"Highline Trail RV Park LLC","website":"http://www.highlinetrailrvpark.com","addr":"8718 US Highway 191, Pinedale","elev_ft":7008}},{"type":"Feature","geometry":{"type":"Point","coordinates":[-104.904518,41.003963]},"properties":{"kind":"rv_park","src":"overture:meta","name":"Wyoming at the Terry Bison Ranch","addr":"51 I-25 Service Rd, Cheyenne","elev_ft":6125}},{"type":"Feature","geometry":{"type":"Point","coordinates":[-110.654007,43.509251]},"properties":{"kind":"campsite","src":"overture:meta","name":"Curtis Canyon","website":"http://www.jhparagliding.com/Flying-Sites/","elev_ft":7297}},{"type":"Feature","geometry":{"type":"Point","coordinates":[-104.680466,44.551861]},"properties":{"kind":"campsite","src":"overture:meta","name":"Devils Tower Tipi Camping","website":"http://devilstowertipicamping.com/","addr":"380 State Highway 24, Devils Tower","elev_ft":4350}},{"type":"Feature","geometry":{"type":"Point","coordinates":[-106.858521,42.480194]},"properties":{"kind":"rv_park","src":"overture:meta","name":"Windy Waters RV Park","website":"http://www.windywaters.com/","elev_ft":6332}},{"type":"Feature","geometry":{"type":"Point","coordinates":[-110.387917,41.315372]},"properties":{"kind":"campsite","src":"overture:meta","name":"Fort Bridger RV Camp","website":"https://www.goodsam.com/campgrounds-rv-parks/wyoming/fort-bridger/fort-bridger-rv-park-970000478","addr":"64 Groshon Rd, Fort Bridger","elev_ft":6693}},{"type":"Feature","geometry":{"type":"Point","coordinates":[-104.353409,44.417065]},"properties":{"kind":"rv_park","src":"overture:meta","name":"Mountain View Campgrounds","website":"http://www.mtnviewcampground.com","addr":"117 Government Valley Rd, Sundance","elev_ft":4698}},{"type":"Feature","geometry":{"type":"Point","coordinates":[-107.27253,41.782642]},"properties":{"kind":"campsite","src":"overture:meta","name":"Red Desert Rose Campground","website":"http://www.reddesertrose.com/","addr":"3101 Wagon Circle Rd, Rawlins","elev_ft":6854}},{"type":"Feature","geometry":{"type":"Point","coordinates":[-108.189125,43.691067]},"properties":{"kind":"rv_park","src":"overture:meta","name":"The Crippled Spider Ranch","website":"http://www.crippledspiderrvpark.com/","addr":"423 US-20, Thermopolis","elev_ft":4337}},{"type":"Feature","geometry":{"type":"Point","coordinates":[-108.979729,44.570705]},"properties":{"kind":"campsite","src":"overture:meta","name":"Cody Trout Ranch Camp","website":"http://codytroutranchcamp.com/","addr":"1 Trout Ranch Rd, Cody","elev_ft":4783}},{"type":"Feature","geometry":{"type":"Point","coordinates":[-107.261818,44.877808]},"properties":{"kind":"campsite","src":"overture:meta","name":"Foothills Campground","website":"http://www.foothillscampground.com","addr":"101 Main St, Dayton","elev_ft":3914}},{"type":"Feature","geometry":{"type":"Point","coordinates":[-109.668335,44.462261]},"properties":{"kind":"campsite","src":"overture:meta","name":"Clearwater Campground","website":"http://www.fs.usda.gov/recarea/shoshone/recreation/camping-cabins/recarea/?recid=36095&actid=29","addr":"2013 North Fork Hwy, Cody","elev_ft":6007}},{"type":"Feature","geometry":{"type":"Point","coordinates":[-104.688118,44.563881]},"properties":{"kind":"campsite","src":"overture:meta","name":"Devils Tower View","website":"http://Devilstowerview.com/","addr":"476 State Highway 24, Devils Tower","elev_ft":4216}},{"type":"Feature","geometry":{"type":"Point","coordinates":[-108.221397,43.623962]},"properties":{"kind":"rv_park","src":"overture:meta","name":"Eagle RV Park","website":"http://www.eaglervpark.com/","addr":"204 US Highway 20 S, Thermopolis","elev_ft":4350}},{"type":"Feature","geometry":{"type":"Point","coordinates":[-111.015869,43.172142]},"properties":{"kind":"rv_park","src":"overture:meta","name":"Alpine Valley RV Resort","website":"http://alpinevalleyresortwy.com/","addr":"64 Lunch Counter Ln, Alpine","elev_ft":5659}},{"type":"Feature","geometry":{"type":"Point","coordinates":[-107.267044,41.784969]},"properties":{"kind":"campsite","src":"overture:meta","name":"Western Hills Campground","website":"http://www.westernhillscampground.com/","addr":"2500 Wagon Circle Rd, Rawlins","elev_ft":6870}},{"type":"Feature","geometry":{"type":"Point","coordinates":[-109.788857,42.950325]},"properties":{"kind":"campsite","src":"overture:meta","name":"Fremont Lake Campground","elev_ft":7467}},{"type":"Feature","geometry":{"type":"Point","coordinates":[-110.861221,44.645676]},"properties":{"kind":"campsite","src":"overture:Microsoft","name":"Madison Campground","website":"https://www.yellowstonenationalparklodges.com/lodgings/campground/madison-campground/","addr":"30 Madison Campground Rd, Yellowstone National Park","elev_ft":6883}},{"type":"Feature","geometry":{"type":"Point","coordinates":[-108.64827,42.737366]},"properties":{"kind":"rv_park","src":"overture:meta","name":"Twin Pines RV Park and Campgrounds","website":"http://www.twinpinesrvpark.com","addr":"7345 State Highway 789, Lander","elev_ft":5538}},{"type":"Feature","geometry":{"type":"Point","coordinates":[-106.373932,42.83836]},"properties":{"kind":"campsite","src":"overture:meta","name":"Fort Caspar Campground","website":"https://www.fortcasparcamp.com/","addr":"4205 Patten St, Casper","elev_ft":5118}},{"type":"Feature","geometry":{"type":"Point","coordinates":[-109.619141,43.528061]},"properties":{"kind":"rv_park","src":"overture:meta","name":"Windhaven RV Resort","website":"http://windhavenrvresort.com/","addr":"646 S 1st St, Dubois","elev_ft":6906}},{"type":"Feature","geometry":{"type":"Point","coordinates":[-107.599388,44.242355]},"properties":{"kind":"rv_park","src":"overture:meta","name":"Paintrock Island Campground","addr":"5283 Road 49, Hyattville","elev_ft":4482}},{"type":"Feature","geometry":{"type":"Point","coordinates":[-105.612656,41.321709]},"properties":{"kind":"campsite","src":"overture:Foursquare","name":"Sunny Meadows Village","website":"https://www.mhvillage.com/Communities/MobileHomePark.php?key=27634","addr":"954 N McCue St Lot 189, Laramie","elev_ft":7149}},{"type":"Feature","geometry":{"type":"Point","coordinates":[-105.881142,42.868763]},"properties":{"kind":"campsite","src":"overture:Foursquare","name":"Platte River RV & Campground","website":"http://www.platteriverrv.com","addr":"131 Shawnie Ln, Glenrock","elev_ft":4974}},{"type":"Feature","geometry":{"type":"Point","coordinates":[-108.724312,42.843544]},"properties":{"kind":"rv_park","src":"overture:meta","name":"Maverick RV Park and Campground","website":"http://maverickrv.com","addr":"1104 N 2nd St, Lander","elev_ft":5318}},{"type":"Feature","geometry":{"type":"Point","coordinates":[-108.370087,43.02747]},"properties":{"kind":"rv_park","src":"overture:meta","name":"Wind River RV Park","website":"https://www.campspot.com/book/wind-river-rv-park","addr":"1618 E Park Ave, Riverton","elev_ft":4948}},{"type":"Feature","geometry":{"type":"Point","coordinates":[-106.669327,44.354183]},"properties":{"kind":"campsite","src":"overture:Microsoft","name":"Deer Park Campground","website":"http://www.deerparkrv.com/","addr":"146 US Highway 16 E, Buffalo","elev_ft":4531}},{"type":"Feature","geometry":{"type":"Point","coordinates":[-108.20504,43.673244]},"properties":{"kind":"rv_park","src":"overture:meta","name":"Fountain of Youth RV Park","website":"http://www.fountainofyouthrvpark.com/","addr":"250 US Highway 20 N, Thermopolis","elev_ft":4321}},{"type":"Feature","geometry":{"type":"Point","coordinates":[-105.351837,42.294647]},"properties":{"kind":"campsite","src":"overture:meta","name":"Hubbards Mt Cubbord","addr":"1825 Cottonwood Park Rd, Wheatland","elev_ft":6135}},{"type":"Feature","geometry":{"type":"Point","coordinates":[-111.039162,43.540016]},"properties":{"kind":"campsite","src":"overture:meta","name":"Trail Creek Campground","elev_ft":6722}},{"type":"Feature","geometry":{"type":"Point","coordinates":[-106.341492,42.913555]},"properties":{"kind":"campsite","src":"overture:meta","name":"Casper KOA Journey","website":"https://koa.com/campgrounds/casper/","addr":"1101 Prairie Ln, Bar Nunn","elev_ft":5279}},{"type":"Feature","geometry":{"type":"Point","coordinates":[-110.436783,44.534725]},"properties":{"kind":"campsite","src":"overture:meta","name":"Bridge Bay Campground","website":"http://www.nps.gov/yell/planyourvisit/bridgebaycg.htm","addr":"260 Bridge Bay Campground Rd, Teton County","elev_ft":7792}},{"type":"Feature","geometry":{"type":"Point","coordinates":[-106.645767,43.718754]},"properties":{"kind":"rv_park","src":"overture:meta","name":"KC RV Park","website":"http://kcrvpark.com","addr":"42 Mayoworth Rd, Kaycee","elev_ft":4698}},{"type":"Feature","geometry":{"type":"Point","coordinates":[-104.698532,41.14061]},"properties":{"kind":"campsite","src":"overture:Microsoft","name":"Cheyenne RV Resort By RJourney","website":"https://rjourney.com/park/wy/cheyenne/","addr":"8800 Hutchins Dr, Cheyenne","elev_ft":5945}},{"type":"Feature","geometry":{"type":"Point","coordinates":[-105.437294,42.763996]},"properties":{"kind":"campsite","src":"overture:meta","name":"Douglas KOA Journey","website":"https://koa.com/campgrounds/douglas/","addr":"168 State Highway 91, Douglas","elev_ft":4921}},{"type":"Feature","geometry":{"type":"Point","coordinates":[-106.74659,42.524662]},"properties":{"kind":"campsite","src":"overture:meta","name":"Cottonwood Campground","addr":"Cottonwood Creek Rd, Natrona","elev_ft":5525}},{"type":"Feature","geometry":{"type":"Point","coordinates":[-110.55397,43.763832]},"properties":{"kind":"campsite","src":"overture:meta","name":"Upper Teton View - Toppings Lake","website":"https://www.campendium.com/upper-teton-view","elev_ft":7142}},{"type":"Feature","geometry":{"type":"Point","coordinates":[-104.180962,43.849854]},"properties":{"kind":"campsite","src":"overture:meta","name":"Crystal Park Campground","website":"http://www.wyomingtourism.org/placestostay/detail/Crystal-Park-Campground/2840","addr":"12 Crystal Park Rd, Newcastle","elev_ft":4393}},{"type":"Feature","geometry":{"type":"Point","coordinates":[-109.233833,41.568996]},"properties":{"kind":"rv_park","src":"overture:meta","name":"Lewis Mobile Home Park","website":"https://highdesertrvparkandstorage.com/","addr":"1620 W 2nd St, Rock Springs","elev_ft":6257}},{"type":"Feature","geometry":{"type":"Point","coordinates":[-110.369545,44.564632]},"properties":{"kind":"campsite","src":"overture:meta","name":"Fishing bridge campground","website":"http://www.nps.gov/yell/index.htm","addr":"22 Fishing Bridge RV Park Rd, Yellowstone National Park","elev_ft":7795}},{"type":"Feature","geometry":{"type":"Point","coordinates":[-108.049736,44.493004]},"properties":{"kind":"campsite","src":"overture:meta","name":"Greybull KOA Holiday","website":"https://koa.com/campgrounds/greybull/","addr":"399 N 2nd St, Greybull","elev_ft":3789}},{"type":"Feature","geometry":{"type":"Point","coordinates":[-109.863213,44.459499]},"properties":{"kind":"campsite","src":"overture:meta","name":"Camp Buffalo Bill","website":"https://linktr.ee/awbsa","addr":"870 N Fork Hwy, Cody","elev_ft":6473}},{"type":"Feature","geometry":{"type":"Point","coordinates":[-107.45237,44.033409]},"properties":{"kind":"rv_park","src":"overture:meta","name":"Ten Sleep RV Park","website":"http://tensleeprvpark.com","addr":"98 2nd St, Ten Sleep","elev_ft":4423}},{"type":"Feature","geometry":{"type":"Point","coordinates":[-104.089523,44.544674]},"properties":{"kind":"rv_park","src":"overture:meta","name":"Beulah Camp Ground","website":"http://www.beulahwycampground.com","addr":"5879 Old Highway 14, Beulah","elev_ft":3514}},{"type":"Feature","geometry":{"type":"Point","coordinates":[-107.166985,44.908192]},"properties":{"kind":"campsite","src":"overture:meta","name":"Lazy R Campground and Cabins","website":"http://lazyrcampground.com/","addr":"652 Dayton St, Ranchester","elev_ft":3770}},{"type":"Feature","geometry":{"type":"Point","coordinates":[-109.431595,44.761536]},"properties":{"kind":"campsite","src":"overture:meta","name":"Elk Creek Ranch Summer Camp for Teenagers","website":"http://www.elkcreekranch.com/","addr":"113 Sunlight Rd, Cody","elev_ft":6165}},{"type":"Feature","geometry":{"type":"Point","coordinates":[-110.194641,42.262127]},"properties":{"kind":"campsite","src":"overture:meta","name":"Fontenelle Creek Campground","website":"http://www.blm.gov/wy/st/en/field_offices/kemmerer/recreation/camping.html","addr":"189 La Barge St, La Barge","elev_ft":6608}},{"type":"Feature","geometry":{"type":"Point","coordinates":[-108.163445,43.405079]},"properties":{"kind":"campsite","src":"overture:Foursquare","name":"Boysen State Park","website":"http://wyoparks.state.wy.us/Site/SiteInfo.aspx?siteID=2","addr":"120 Boysen Dr, Shoshoni","elev_ft":4882}},{"type":"Feature","geometry":{"type":"Point","coordinates":[-106.568314,41.872608]},"properties":{"kind":"campsite","src":"overture:Microsoft","name":"Windy Point RV Community","addr":"306 N Clark St, Hanna","elev_ft":6801}},{"type":"Feature","geometry":{"type":"Point","coordinates":[-106.879997,42.069912]},"properties":{"kind":"campsite","src":"overture:meta","name":"Hookers store and Cafe","addr":"Seminoe Boat Club Rd, Carbon County","elev_ft":6368}},{"type":"Feature","geometry":{"type":"Point","coordinates":[-110.537163,41.780766]},"properties":{"kind":"rv_park","src":"overture:meta","name":"Cowboy Joe RV Park","website":"http://www.cowboyjoervpark.com/","addr":"105 Sublet Ave, Diamondville","elev_ft":6886}},{"type":"Feature","geometry":{"type":"Point","coordinates":[-110.988663,41.227119]},"properties":{"kind":"campsite","src":"overture:Foursquare","name":"Yellow Creek Estates Mobile Home Park","website":"http://www.mobilehome.net","addr":"3079 Yellow Creek Rd Spc 2500, Evanston","elev_ft":6831}},{"type":"Feature","geometry":{"type":"Point","coordinates":[-109.51738,41.554905]},"properties":{"kind":"rv_park","src":"overture:meta","name":"GR RV Park/Irish Cowboy Brews","website":"https://greenriverrvpark.com/","addr":"360 Washington St, Green River","elev_ft":6165}},{"type":"Feature","geometry":{"type":"Point","coordinates":[-110.74202,43.310886]},"properties":{"kind":"campsite","src":"overture:meta","name":"Teton High Adventure Base","website":"http://www.tetonhighadventure.org/","addr":"11750 S US Highway 89, Jackson","elev_ft":5909}},{"type":"Feature","geometry":{"type":"Point","coordinates":[-110.72393,43.34116]},"properties":{"kind":"campsite","src":"overture:Foursquare","name":"Jackson Hole / Snake River KOA","website":"https://www.snakeriverpark.com","addr":"9705 S US Highway 89, Jackson","elev_ft":5951}},{"type":"Feature","geometry":{"type":"Point","coordinates":[-110.731071,43.386501]},"properties":{"kind":"campsite","src":"overture:meta","name":"Granite Hot Springs & Camp","website":"http://en.wikipedia.org/wiki/Granite_Hot_Springs","addr":"6455 S Squaw Creek Rd, Jackson","elev_ft":6450}},{"type":"Feature","geometry":{"type":"Point","coordinates":[-111.036789,43.192173]},"properties":{"kind":"rv_park","src":"overture:meta","name":"Aspen Grove RV Park","website":"http://www.aspengrove-rvpark.com","addr":"1635 US Highway 26, Alpine","elev_ft":5692}},{"type":"Feature","geometry":{"type":"Point","coordinates":[-110.997032,42.910412]},"properties":{"kind":"campsite","src":"overture:Foursquare","name":"Flat Creek RV Park","website":"http://www.flatcreekrv.com","addr":"74 Hokanson Ave, Thayne","elev_ft":5955}},{"type":"Feature","geometry":{"type":"Point","coordinates":[-110.400414,43.831089]},"properties":{"kind":"rv_park","src":"overture:meta","name":"Grand Teton Park RV Resort","website":"http://www.yellowstonerv.com","addr":"17800 E Highway 287, Moran","elev_ft":6804}},{"type":"Feature","geometry":{"type":"Point","coordinates":[-109.823753,43.62817]},"properties":{"kind":"campsite","src":"overture:meta","name":"Teton Valley Ranch Camp","website":"http://www.tvrcamp.org/","addr":"4341 US Highway 26, Dubois","elev_ft":7559}},{"type":"Feature","geometry":{"type":"Point","coordinates":[-109.228241,41.60511]},"properties":{"kind":"campsite","src":"overture:Foursquare","name":"High Desert Storage and RV Park","website":"http://webselfstorage.com","addr":"1560 Elk St, Rock Springs","elev_ft":6306}},{"type":"Feature","geometry":{"type":"Point","coordinates":[-108.876999,42.989342]},"properties":{"kind":"campsite","src":"overture:meta","name":"Wind River Basin Campground","website":"https://www.airbnb.com/users/show/519057847","addr":"23 Trout Creek Rd, Fort Washakie","elev_ft":5568}},{"type":"Feature","geometry":{"type":"Point","coordinates":[-108.509575,43.158119]},"properties":{"kind":"campsite","src":"overture:meta","name":"Jim Moss Arena Campground","website":"https://www.campjma.com/","addr":"500 Eight Mile Rd, Riverton","elev_ft":5358}},{"type":"Feature","geometry":{"type":"Point","coordinates":[-108.803329,42.944317]},"properties":{"kind":"campsite","src":"overture:meta","name":"Mountain View Camp Ground","addr":"39 Ray Lake Rd, Lander","elev_ft":5512}},{"type":"Feature","geometry":{"type":"Point","coordinates":[-108.712692,42.814636]},"properties":{"kind":"rv_park","src":"overture:meta","name":"Mountain Range RV Park","website":"http://mountainrangerv1.com/","addr":"186 Sunflower St, Lander","elev_ft":5397}},{"type":"Feature","geometry":{"type":"Point","coordinates":[-108.348671,43.103333]},"properties":{"kind":"campsite","src":"overture:meta","name":"Wild WIllow Camping and Fishing LLC","addr":"11124 WY-789, Riverton","elev_ft":4977}},{"type":"Feature","geometry":{"type":"Point","coordinates":[-108.427147,43.201721]},"properties":{"kind":"rv_park","src":"overture:meta","name":"Western Skies RV and Equine Park","website":"http://www.westernskieswyoming.com/","addr":"1008 Missouri Valley Rd, Riverton","elev_ft":5131}},{"type":"Feature","geometry":{"type":"Point","coordinates":[-106.301964,42.750797]},"properties":{"kind":"campsite","src":"overture:meta","name":"Mills Spring Ranch","website":"http://www.millsspringranch.com/","addr":"8000 Tower Hill Rd, Casper","elev_ft":7848}},{"type":"Feature","geometry":{"type":"Point","coordinates":[-106.319847,42.736229]},"properties":{"kind":"campsite","src":"overture:meta","name":"Camp Wyoba","website":"http://www.campwyoba.org/","addr":"9000 Casper Mountain Rd, Casper","elev_ft":7894}},{"type":"Feature","geometry":{"type":"Point","coordinates":[-106.310493,42.738041]},"properties":{"kind":"campsite","src":"overture:meta","name":"Tower Hill Campground","addr":"150 Tower Hill Rd, Casper","elev_ft":8018}},{"type":"Feature","geometry":{"type":"Point","coordinates":[-106.776955,41.217636]},"properties":{"kind":"campsite","src":"overture:Foursquare","name":"Lazy Acres RV Park","website":"http://lazyacreswyo.com","elev_ft":7159}},{"type":"Feature","geometry":{"type":"Point","coordinates":[-106.150108,41.305832]},"properties":{"kind":"campsite","src":"overture:meta","name":"Table in the Wilderness","website":"http://www.twmcamp.net/","addr":"38 Old State Highway 130, Centennial","elev_ft":8297}},{"type":"Feature","geometry":{"type":"Point","coordinates":[-105.864975,42.8708]},"properties":{"kind":"campsite","src":"overture:meta","name":"Memory Bridge Campground","addr":"8 Cottonwood Ln, Glenrock","elev_ft":4970}},{"type":"Feature","geometry":{"type":"Point","coordinates":[-105.643417,42.663738]},"properties":{"kind":"campsite","src":"overture:meta","name":"Manters Camp LLC","website":"http://manterscamp.com/","addr":"1650 Cold Springs Rd, Douglas","elev_ft":5663}},{"type":"Feature","geometry":{"type":"Point","coordinates":[-105.348961,42.219898]},"properties":{"kind":"campsite","src":"overture:meta","name":"Camp Grace","website":"http://www.campgrace.org/","addr":"382 Fletcher Park Rd, Wheatland","elev_ft":6988}},{"type":"Feature","geometry":{"type":"Point","coordinates":[-105.383354,42.739983]},"properties":{"kind":"rv_park","src":"overture:Microsoft","name":"Broken Arrowhead RV Park","addr":"321 Robin Ln, Douglas","elev_ft":4820}},{"type":"Feature","geometry":{"type":"Point","coordinates":[-105.387146,42.745911]},"properties":{"kind":"rv_park","src":"overture:meta","name":"Pauli's Place","addr":"1018 Brownfield Rd, Douglas","elev_ft":4810}},{"type":"Feature","geometry":{"type":"Point","coordinates":[-105.023674,42.507931]},"properties":{"kind":"campsite","src":"overture:meta","name":"Lakeview Motel and Campground","addr":"422 6th St, Glendo","elev_ft":4715}},{"type":"Feature","geometry":{"type":"Point","coordinates":[-105.02697,42.493526]},"properties":{"kind":"rv_park","src":"overture:meta","name":"Engling RV Park & Storage","website":"http://www.englingrvpark.vpweb.com","addr":"1400 S Glendo Hwy, Glendo","elev_ft":4708}},{"type":"Feature","geometry":{"type":"Point","coordinates":[-104.964088,42.067142]},"properties":{"kind":"rv_park","src":"overture:meta","name":"Arrowhead RV Park","website":"http://wheatlandtown.com","addr":"2005 16th St, Wheatland","elev_ft":4731}},{"type":"Feature","geometry":{"type":"Point","coordinates":[-104.927269,42.235085]},"properties":{"kind":"rv_park","src":"overture:meta","name":"Peak View RV Park","website":"http://www.peakviewrvpark.com","addr":"497 US-26, Wheatland","elev_ft":4882}},{"type":"Feature","geometry":{"type":"Point","coordinates":[-104.970772,42.045959]},"properties":{"kind":"rv_park","src":"overture:meta","name":"Mountain View RV Park","website":"http://www.wheatlandrvpark.com","addr":"2050 W Ponderosa St, Wheatland","elev_ft":4816}},{"type":"Feature","geometry":{"type":"Point","coordinates":[-104.82148,41.758724]},"properties":{"kind":"rv_park","src":"overture:meta","name":"Kelley RV Park","addr":"205 Bowie Ave, Chugwater","elev_ft":5292}},{"type":"Feature","geometry":{"type":"Point","coordinates":[-104.827843,41.199219]},"properties":{"kind":"rv_park","src":"overture:meta","name":"Ole Maverick","website":"http://www.ole-maverick.com/","addr":"92 E Ole Maverick Rd, Cheyenne","elev_ft":6211}},{"type":"Feature","geometry":{"type":"Point","coordinates":[-104.801918,41.09042]},"properties":{"kind":"rv_park","src":"overture:meta","name":"AAA Mobile Home Park","addr":"3008 Terry Rd, Cheyenne","elev_ft":6030}},{"type":"Feature","geometry":{"type":"Point","coordinates":[-104.762276,41.142796]},"properties":{"kind":"campsite","src":"overture:meta","name":"Greenway Trailer Park & Campground","website":"http://greenwaytrailerpark.net/","addr":"3829 Green Way St, Cheyenne","elev_ft":6014}},{"type":"Feature","geometry":{"type":"Point","coordinates":[-104.814507,41.234612]},"properties":{"kind":"campsite","src":"overture:meta","name":"Last Chance Camp and Lodging","website":"http://www.lastchancecamp.com","addr":"11234 Coonrod Rd, Cheyenne","elev_ft":6161}},{"type":"Feature","geometry":{"type":"Point","coordinates":[-104.698517,41.139164]},"properties":{"kind":"campsite","src":"overture:Microsoft","name":"Kampgrounds Of America","website":"http://koa.com/campgrounds/cheyenne/","addr":"8800 Archer Frontage Rd, Cheyenne","elev_ft":5942}},{"type":"Feature","geometry":{"type":"Point","coordinates":[-104.515877,41.158806]},"properties":{"kind":"campsite","src":"overture:meta","name":"WYO Campground and RV Park","website":"http://wyocamp.com","addr":"4066 I-80 Service Rd, Burns","elev_ft":5751}},{"type":"Feature","geometry":{"type":"Point","coordinates":[-104.18486,42.057514]},"properties":{"kind":"rv_park","src":"overture:meta","name":"City Slickers Rv Park","addr":"1234 Main St, Torrington","elev_ft":4094}},{"type":"Feature","geometry":{"type":"Point","coordinates":[-104.190865,42.059628]},"properties":{"kind":"rv_park","src":"overture:meta","name":"Pioneer Park","website":"http://www.rvparkreviews.com/regions/wyoming/torrington/pioneer-park","addr":"1343 W D St, Torrington","elev_ft":4104}},{"type":"Feature","geometry":{"type":"Point","coordinates":[-104.347481,42.133339]},"properties":{"kind":"rv_park","src":"overture:meta","name":"Lingle RV","addr":"140 Rail Road St, Lingle","elev_ft":4173}},{"type":"Feature","geometry":{"type":"Point","coordinates":[-104.521675,42.213291]},"properties":{"kind":"rv_park","src":"overture:meta","name":"Chuck Wagon RV Park","website":"http://www.chuckwagonrv.com","addr":"306 Pioneer Ct, Fort Laramie","elev_ft":4242}},{"type":"Feature","geometry":{"type":"Point","coordinates":[-104.438965,42.180313]},"properties":{"kind":"rv_park","src":"overture:meta","name":"Pony Soldier RV Park","website":"http://www.ponysoldierrvpark.com","addr":"2302 US Highway 26, Lingle","elev_ft":4219}},{"type":"Feature","geometry":{"type":"Point","coordinates":[-104.60405,42.088692]},"properties":{"kind":"campsite","src":"overture:meta","name":"Haven on the Rock","website":"http://www.havenontherock.org/","addr":"560 Rim Rock Rd, Fort Laramie","elev_ft":4810}},{"type":"Feature","geometry":{"type":"Point","coordinates":[-108.224365,43.635654]},"properties":{"kind":"campsite","src":"overture:meta","name":"Grandview Mobile & Rv Park","addr":"122 US Highway 20 S, Thermopolis","elev_ft":4390}},{"type":"Feature","geometry":{"type":"Point","coordinates":[-109.163704,44.450188]},"properties":{"kind":"campsite","src":"overture:Foursquare","name":"Open Creek Outfitters","website":"http://www.opencreekoutfitters.net","addr":"21 Arrowhead Dr, Cody","elev_ft":5423}},{"type":"Feature","geometry":{"type":"Point","coordinates":[-109.094215,44.514782]},"properties":{"kind":"campsite","src":"overture:meta","name":"Parkway RV Campground","website":"https://www.goodsam.com/campgrounds-rv-parks/details/default.aspx?cgid=201201701","addr":"132 Yellowstone Ave, Cody","elev_ft":5066}},{"type":"Feature","geometry":{"type":"Point","coordinates":[-107.754318,44.5471]},"properties":{"kind":"campsite","src":"overture:meta","name":"Camp Bethel","website":"http://www.campbethelwyo.com/","addr":"1710 US-14, Shell","elev_ft":4281}},{"type":"Feature","geometry":{"type":"Point","coordinates":[-108.055008,44.501587]},"properties":{"kind":"rv_park","src":"overture:meta","name":"Green Oasis Campground","website":"https://gorvwy.com/","addr":"540 12th Ave N, Greybull","elev_ft":3786}},{"type":"Feature","geometry":{"type":"Point","coordinates":[-107.383583,44.049171]},"properties":{"kind":"campsite","src":"overture:meta","name":"Hideyhole RV Campground","website":"http://Hideyholerv.com/","addr":"38 Red Rock Butte Rd, Ten Sleep","elev_ft":4744}},{"type":"Feature","geometry":{"type":"Point","coordinates":[-107.349449,44.069279]},"properties":{"kind":"campsite","src":"overture:meta","name":"Ten Sleep Rock Ranch","website":"https://tensleeprockranch.com/","addr":"3278 E US Highway 16, Ten Sleep","elev_ft":5036}},{"type":"Feature","geometry":{"type":"Point","coordinates":[-106.639862,43.707409]},"properties":{"kind":"campsite","src":"overture:meta","name":"Powder River Campground and Cabins","website":"http://powderrivercampground.com/","addr":"101 Old Barnum Rd, Kaycee","elev_ft":4656}},{"type":"Feature","geometry":{"type":"Point","coordinates":[-105.440582,44.288883]},"properties":{"kind":"rv_park","src":"overture:meta","name":"Lexus Community","addr":"4402 Collins Rd E, Gillette","elev_ft":4485}},{"type":"Feature","geometry":{"type":"Point","coordinates":[-106.706902,44.348133]},"properties":{"kind":"campsite","src":"overture:Microsoft","name":"Mountain View Motel and Campground","addr":"585 Fort St, BUFFALO","elev_ft":4675}},{"type":"Feature","geometry":{"type":"Point","coordinates":[-104.954384,44.265896]},"properties":{"kind":"rv_park","src":"overture:meta","name":"Wyoming RV Park","website":"http://www.WyRVPark.net/","addr":"307 N Powder River Ave, Moorcroft","elev_ft":4229}},{"type":"Feature","geometry":{"type":"Point","coordinates":[-104.81749,44.357815]},"properties":{"kind":"rv_park","src":"overture:meta","name":"Cedar Ridge RV Park","website":"http://www.cedarridgerv.com","addr":"9 Industrial Dr, Pine Haven","elev_ft":4203}},{"type":"Feature","geometry":{"type":"Point","coordinates":[-104.727638,44.284176]},"properties":{"kind":"rv_park","src":"overture:meta","name":"Timber Ridge RV Park","website":"http://rvtimberridge.com/","addr":"33 Pine Ridge Rd, Moorcroft","elev_ft":4304}},{"type":"Feature","geometry":{"type":"Point","coordinates":[-104.739899,42.254108]},"properties":{"kind":"campsite","src":"overture:meta","name":"Larson Park Campground","website":"http://www.localcampgrounds.com/wyoming.html","addr":"100 S Guernsey Rd, Guernsey","elev_ft":4327}},{"type":"Feature","geometry":{"type":"Point","coordinates":[-106.391457,42.831085]},"properties":{"kind":"rv_park","src":"overture:meta","name":"Rancho RV Park","addr":"4735 Boles Rd, Casper","elev_ft":5184}},{"type":"Feature","geometry":{"type":"Point","coordinates":[-109.517204,41.55508]},"properties":{"kind":"campsite","src":"overture:meta","name":"Green River RV Park","website":"http://www.greenriverrvpark.com","addr":"360 Washington St, Green River","elev_ft":6181}},{"type":"Feature","geometry":{"type":"Point","coordinates":[-104.617554,42.77739]},"properties":{"kind":"rv_park","src":"overture:meta","name":"Apex RV Park","website":"http://www.apexrvpark.com/","addr":"810 5th St, Manville","elev_ft":5253}},{"type":"Feature","geometry":{"type":"Point","coordinates":[-104.69986,44.589523]},"properties":{"kind":"rv_park","src":"overture:meta","name":"Devils Tower KOA","website":"https://www.koa.com/","addr":"60 State Highway 110, Devils Tower","elev_ft":3845}},{"type":"Feature","geometry":{"type":"Point","coordinates":[-106.413544,41.685783]},"properties":{"kind":"campsite","src":"overture:Microsoft","name":"Elk Mountain Cabins","website":"https://www.elkmountaincabins.com/","addr":"107 Main St, Elk Mountain","elev_ft":7280}},{"type":"Feature","geometry":{"type":"Point","coordinates":[-109.616524,43.527664]},"properties":{"kind":"campsite","src":"overture:meta","name":"Solitude RV Park","website":"http://www.solitudervpark.com/","addr":"5628 US Highway 26, Dubois","elev_ft":6916}},{"type":"Feature","geometry":{"type":"Point","coordinates":[-110.298698,41.350185]},"properties":{"kind":"campsite","src":"overture:meta","name":"Lyman KOA Journey","website":"https://koa.com/campgrounds/lyman/","addr":"1545 State Highway 413, Lyman","elev_ft":6575}},{"type":"Feature","geometry":{"type":"Point","coordinates":[-110.769394,43.416069]},"properties":{"kind":"rv_park","src":"overture:meta","name":"Granite Hot Springs & Camp Ground","addr":"4400 S Little Horsethief Ln, Jackson","elev_ft":6168}},{"type":"Feature","geometry":{"type":"Point","coordinates":[-110.535202,41.797276]},"properties":{"kind":"campsite","src":"overture:Foursquare","name":"Riverside Rv & Mobilehome Park","website":"http://rvpark.com","addr":"216 Spinel St, Kemmerer","elev_ft":6909}},{"type":"Feature","geometry":{"type":"Point","coordinates":[-105.864838,42.866711]},"properties":{"kind":"campsite","src":"overture:Microsoft","name":"Deer Creek RV Park","website":"http://www.deercreekrvvillage.com/","addr":"302 Millar Lane, Glenrock","elev_ft":4984}},{"type":"Feature","geometry":{"type":"Point","coordinates":[-110.693001,44.738113]},"properties":{"kind":"campsite","src":"overture:meta","name":"Norris Campground","website":"http://www.yellowstoneparknet.com/park_campgrounds/norris_campground.php","elev_ft":7536}},{"type":"Feature","geometry":{"type":"Point","coordinates":[-107.658066,41.035587]},"properties":{"kind":"campsite","src":"overture:meta","name":"Happy Camper RV Park","website":"http://www.wyomingcarboncounty.com/","elev_ft":6263}},{"type":"Feature","geometry":{"type":"Point","coordinates":[-106.346107,42.734062]},"properties":{"kind":"campsite","src":"overture:meta","name":"Camp Sacajawea","website":"http://www.gsmw.org/en/camp/our-camps/camp-sacajawea.html","addr":"2945 W Micro Rd, Casper","elev_ft":7995}},{"type":"Feature","geometry":{"type":"Point","coordinates":[-110.967796,42.967075]},"properties":{"kind":"campsite","src":"overture:meta","name":"Star Valley Ranch Country Club","website":"http://www.svrawy.com","addr":"1800 Cedar Creek Dr, Thayne","elev_ft":6148}},{"type":"Feature","geometry":{"type":"Point","coordinates":[-107.213966,44.266117]},"properties":{"kind":"campsite","src":"overture:meta","name":"West Tensleep Lake","website":"http://www.recreation.gov/camping/west-tensleep-lake/r/campgroundDetails.do?contractCode=NRSO&parkId=70369","elev_ft":9111}},{"type":"Feature","geometry":{"type":"Point","coordinates":[-106.963722,44.835896]},"properties":{"kind":"campsite","src":"overture:meta","name":"Sheridan Big Horn Mountains KOA Journey","website":"https://koa.com/campgrounds/sheridan/","addr":"63 Decker Rd, Sheridan","elev_ft":3701}},{"type":"Feature","geometry":{"type":"Point","coordinates":[-106.371498,42.807018]},"properties":{"kind":"campsite","src":"overture:meta","name":"Camp Hope Wyoming","website":"http://camphopewy.com/","addr":"3920 W 45th St, Casper","elev_ft":5289}},{"type":"Feature","geometry":{"type":"Point","coordinates":[-106.101028,41.144459]},"properties":{"kind":"campsite","src":"overture:meta","name":"Lake Owen Campground","website":"http://www.forestcamping.com/dow/rockymtn/medbcmp.htm","addr":"Lake Owen Rd, Albany County","elev_ft":9029}},{"type":"Feature","geometry":{"type":"Point","coordinates":[-105.452179,44.289894]},"properties":{"kind":"rv_park","src":"overture:meta","name":"Antelope trailer park","website":"http://www.nodelparks.com/property/santa-fe-station","addr":"600 S Garner Lake Rd, Gillette","elev_ft":4498}},{"type":"Feature","geometry":{"type":"Point","coordinates":[-105.538025,44.390919]},"properties":{"kind":"campsite","src":"overture:meta","name":"Prospector Village","addr":"100 Prospector Pkwy, Gillette","elev_ft":4304}},{"type":"Feature","geometry":{"type":"Point","coordinates":[-104.787338,41.13541]},"properties":{"kind":"rv_park","src":"overture:meta","name":"Rob Roy Campground","website":"http://www.fs.usda.gov/recarea/mbr/recreation/camping-cabins/recarea/?recid=22864&actid=29","addr":"500 Road 138, Cheyenne","elev_ft":6083}},{"type":"Feature","geometry":{"type":"Point","coordinates":[-108.8498,44.151833]},"properties":{"kind":"rv_park","src":"overture:meta","name":"Meeteetse RV Park","website":"http://meeeteetservpark.info/","addr":"100 Phelps Way, Meeteetse","elev_ft":5909}},{"type":"Feature","geometry":{"type":"Point","coordinates":[-110.734863,43.320187]},"properties":{"kind":"campsite","src":"overture:meta","name":"Hoback River Resort","website":"http://www.hobackriverresort.com/motel.htm","addr":"11055 S US Highway 89, Jackson","elev_ft":6010}},{"type":"Feature","geometry":{"type":"Point","coordinates":[-110.961357,41.265644]},"properties":{"kind":"campsite","src":"overture:Microsoft","name":"East Marsh Lake Campground","website":"https://www.fs.usda.gov/recarea/uwcnf/recreation/camping-cabins/recarea/?actid=29&recid=9479","addr":"FR 606, Evanston","elev_ft":6772}},{"type":"Feature","geometry":{"type":"Point","coordinates":[-110.955788,41.246758]},"properties":{"kind":"campsite","src":"overture:Microsoft","name":"Stillwater Campground","website":"https://www.gocamputah.com/","addr":"N/A, Evanston","elev_ft":7136}},{"type":"Feature","geometry":{"type":"Point","coordinates":[-110.536156,41.790726]},"properties":{"kind":"rv_park","src":"overture:Microsoft","name":"Foothills Mobile Home Community","website":"http://ascentia.us/","addr":"310 Us Highway 189, Kemmerer","elev_ft":6932}},{"type":"Feature","geometry":{"type":"Point","coordinates":[-110.714897,43.758812]},"properties":{"kind":"campsite","src":"overture:Microsoft","name":"Jenny Lake Lodge","addr":"Jenny Lake Rd, Moose","elev_ft":6831}},{"type":"Feature","geometry":{"type":"Point","coordinates":[-111.018135,43.172279]},"properties":{"kind":"campsite","src":"overture:Microsoft","name":"Alpine Valley Resort","website":"https://alpinevalleyresortwy.com/","addr":"118450 US-26, Alpine, WY 83128, Alpine","elev_ft":5659}},{"type":"Feature","geometry":{"type":"Point","coordinates":[-111.008415,43.174305]},"properties":{"kind":"campsite","src":"overture:Microsoft","name":"Alpine Valley Resort","website":"https://alpinevalleyresortwy.com/","addr":"118450 US-26, Alpine, WY 83128, Alpine","elev_ft":5663}},{"type":"Feature","geometry":{"type":"Point","coordinates":[-109.615822,43.533195]},"properties":{"kind":"campsite","src":"overture:Microsoft","name":"Solitude RV Park","website":"http://www.solitudervpark.com/","addr":"5628 US Highway 26, Dubois","elev_ft":6982}},{"type":"Feature","geometry":{"type":"Point","coordinates":[-109.721771,42.74688]},"properties":{"kind":"campsite","src":"overture:Microsoft","name":"Wind River View Campground","website":"https://windriverviewcampground.com/","addr":"8889 Us-191, Boulder","elev_ft":7021}},{"type":"Feature","geometry":{"type":"Point","coordinates":[-110.669785,44.105762]},"properties":{"kind":"campsite","src":"overture:Microsoft","name":"Headwaters Lodge & Cabins at Flagg Ranch","website":"http://www.gtlc.com/lodges/headwaters-lodge-at-flagg-ranch","addr":"100 Grassy Lake Rd, Moran","elev_ft":6854}},{"type":"Feature","geometry":{"type":"Point","coordinates":[-104.056114,41.183434]},"properties":{"kind":"campsite","src":"overture:Microsoft","name":"Pine Bluffs RV Resort by Rjourney","website":"https://rjourney.com/park/wy/pine-bluffs/","addr":"10 Paintbrush Rd, Pine Bluffs","elev_ft":5033}},{"type":"Feature","geometry":{"type":"Point","coordinates":[-108.212936,43.588848]},"properties":{"kind":"rv_park","src":"overture:Microsoft","name":"The Crippled Spider RV Park & Campground","website":"https://www.thecrippledspiderrvpark.com/","addr":"423 U S 20, Thermopolis","elev_ft":4386}},{"type":"Feature","geometry":{"type":"Point","coordinates":[-106.662483,44.356506]},"properties":{"kind":"campsite","src":"overture:Microsoft","name":"Love's RV Hookup","website":"https://www.camplife.com/campground/Love%2527s+RV+Hookup-Buffalo+WY+965","addr":"190 US-16 E, Buffalo","elev_ft":4511}},{"type":"Feature","geometry":{"type":"Point","coordinates":[-106.678581,44.354176]},"properties":{"kind":"campsite","src":"overture:Microsoft","name":"Deer Park Campground","website":"http://www.deerparkrv.com/","addr":"146 US Highway 16 E, Buffalo","elev_ft":4557}},{"type":"Feature","geometry":{"type":"Point","coordinates":[-104.616684,44.674446]},"properties":{"kind":"campsite","src":"overture:Microsoft","name":"Screaming Eagle Campground","addr":"322 S Hwy 24, Hulett","elev_ft":3776}},{"type":"Feature","geometry":{"type":"Point","coordinates":[-104.450432,42.753998]},"properties":{"kind":"campsite","src":"overture:meta","name":"Lusk RV Park - Lone Pine Campground LLC","website":"https://luskcampground.square.site/","addr":"901 S Elm St, Lusk","elev_ft":5016}},{"type":"Feature","geometry":{"type":"Point","coordinates":[-110.964691,41.2663]},"properties":{"kind":"rv_park","src":"overture:meta","name":"Uinta County Youth Camp","website":"http://www.uintacounty.com","addr":"225 9th St, Evanston","elev_ft":6775}},{"type":"Feature","geometry":{"type":"Point","coordinates":[-109.634293,43.537708]},"properties":{"kind":"campsite","src":"overture:meta","name":"Horse Creek Campground Dubois, Wyoming","addr":"285 Horse Creek Rd, Dubois","elev_ft":6955}},{"type":"Feature","geometry":{"type":"Point","coordinates":[-109.293282,41.568314]},"properties":{"kind":"rv_park","src":"overture:meta","name":"KOA Campground Rock Springs WY","website":"https://www.koa.com/","addr":"82901 Rock Spgs, Rock Springs","elev_ft":6243}},{"type":"Feature","geometry":{"type":"Point","coordinates":[-109.271744,42.686893]},"properties":{"kind":"campsite","src":"overture:meta","name":"Big Sandy Campground","elev_ft":9137}},{"type":"Feature","geometry":{"type":"Point","coordinates":[-104.699806,44.58902]},"properties":{"kind":"campsite","src":"overture:meta","name":"Belle Fourche River Campground","website":"http://www.nps.gov/deto/planyourvisit/fees.htm","elev_ft":3852}},{"type":"Feature","geometry":{"type":"Point","coordinates":[-104.625374,44.109638]},"properties":{"kind":"campsite","src":"overture:meta","name":"Goose Landing LLC","website":"http://gooselandingwy.com/","addr":"2741 State Highway 116 N, Upton","elev_ft":4298}},{"type":"Feature","geometry":{"type":"Point","coordinates":[-107.959534,43.978733]},"properties":{"kind":"campsite","src":"overture:meta","name":"Gallatin Canyon Campgrounds","website":"http://gallatincanyoncampgrounds.com/","addr":"1240 Lane 14, Worland","elev_ft":4144}},{"type":"Feature","geometry":{"type":"Point","coordinates":[-109.229172,41.600327]},"properties":{"kind":"rv_park","src":"overture:meta","name":"Dusty Trails RV Campground","addr":"1330 Elk St, Rock Springs","elev_ft":6276}},{"type":"Feature","geometry":{"type":"Point","coordinates":[-106.325584,42.851509]},"properties":{"kind":"campsite","src":"overture:meta","name":"Deer Haven Campground","website":"http://www.natronacounty-wy.gov/index.aspx?NID=232","elev_ft":5135}},{"type":"Feature","geometry":{"type":"Point","coordinates":[-110.72023,44.879227]},"properties":{"kind":"campsite","src":"overture:meta","name":"Indian Creek Campground","elev_ft":7474}},{"type":"Feature","geometry":{"type":"Point","coordinates":[-111.038704,43.194889]},"properties":{"kind":"campsite","src":"overture:Foursquare","name":"Alpine 4-H Camp","website":"http://alpinecamp-4h.org","addr":"1900 US Highway 26, Alpine","elev_ft":5692}},{"type":"Feature","geometry":{"type":"Point","coordinates":[-110.570206,44.666447]},"properties":{"kind":"campsite","src":"overture:Foursquare","name":"Grant Village Campground","website":"http://www.yellowstonenationalparklodges.com/grant-village-campground-253.html","addr":"Grant Village, Yellowstone National Park","elev_ft":8278}},{"type":"Feature","geometry":{"type":"Point","coordinates":[-104.821899,41.102104]},"properties":{"kind":"campsite","src":"overture:Foursquare","name":"A B Camping","website":"http://www.campcheyenne.com","elev_ft":6060}},{"type":"Feature","geometry":{"type":"Point","coordinates":[-109.060745,44.536495]},"properties":{"kind":"campsite","src":"overture:Foursquare","name":"Rivers Bend MHP","website":"http://riversbendmhp.com","addr":"54 Belfry Hwy Lot 3, Cody","elev_ft":4820}},{"type":"Feature","geometry":{"type":"Point","coordinates":[-106.688095,44.354767]},"properties":{"kind":"campsite","src":"overture:Foursquare","name":"Indian Campground And Rv Park","website":"http://indiancampground.com","addr":"660 E Hart St, Buffalo","elev_ft":4593}},{"type":"Feature","geometry":{"type":"Point","coordinates":[-106.752327,44.337166]},"properties":{"kind":"campsite","src":"overture:Foursquare","name":"Big Horn Mountain Campgroung","website":"http://www.buffalocamping.com","elev_ft":5013}},{"type":"Feature","geometry":{"type":"Point","coordinates":[-107.578125,44.087582]},"properties":{"kind":"rv_park","src":"overture:meta","name":"Williston Village Mobile Homes & RV Park","website":"https://www.hughesmgt.com/communities/north-dakota/","addr":"947 Energy St, Williston","elev_ft":4695}},{"type":"Feature","geometry":{"type":"Point","coordinates":[-105.001793,42.089298]},"properties":{"kind":"rv_park","src":"overture:meta","name":"Solar Eclipse RV Camping","addr":"261 W Fairview Rd, Wheatland","elev_ft":4718}},{"type":"Feature","geometry":{"type":"Point","coordinates":[-104.954254,42.472244]},"properties":{"kind":"campsite","src":"overture:meta","name":"Two Moon Campground","addr":"401 Glendo Park Rd, Platte County","elev_ft":4875}},{"type":"Feature","geometry":{"type":"Point","coordinates":[-107.318596,44.079338]},"properties":{"kind":"campsite","src":"overture:meta","name":"Gallatin Canyon Campground","addr":"Wy 435, Washakie Ten","elev_ft":5308}},{"type":"Feature","geometry":{"type":"Point","coordinates":[-110.256981,44.911144]},"properties":{"kind":"campsite","src":"overture:meta","name":"Pebble Creek Campground","elev_ft":6617}},{"type":"Feature","geometry":{"type":"Point","coordinates":[-110.704086,44.976784]},"properties":{"kind":"campsite","src":"overture:meta","name":"Yellowstone Madison Campground","website":"https://www.nps.gov/yell/planyourvisit/campgrounds.htm","elev_ft":6296}},{"type":"Feature","geometry":{"type":"Point","coordinates":[-105.243721,42.64835]},"properties":{"kind":"campsite","src":"overture:meta","name":"Eclipse River Front Camp Sites Glendo Lusk Douglas Wyoming","addr":"1052 Irvine Rd, Douglas","elev_ft":4724}},{"type":"Feature","geometry":{"type":"Point","coordinates":[-106.167793,41.321041]},"properties":{"kind":"campsite","src":"overture:meta","name":"Libby Creek Willow Campground","addr":"RANGER DISTRICT,, Albany County","elev_ft":8665}},{"type":"Feature","geometry":{"type":"Point","coordinates":[-104.601311,44.68259]},"properties":{"kind":"rv_park","src":"overture:meta","name":"River View RV Park","website":"http://riverviewmotorcoach.com/","addr":"106 Ruger Rd, Hulett","elev_ft":3757}},{"type":"Feature","geometry":{"type":"Point","coordinates":[-105.194344,42.651234]},"properties":{"kind":"campsite","src":"overture:meta","name":"Douglas Wyoming Irvine Road","addr":"1304 Irvine Rd, Douglas","elev_ft":4695}},{"type":"Feature","geometry":{"type":"Point","coordinates":[-106.788811,41.452888]},"properties":{"kind":"rv_park","src":"overture:meta","name":"Saratoga Riverview RV Park","website":"https://www.saratogariverviewrvpark.com/","elev_ft":6854}},{"type":"Feature","geometry":{"type":"Point","coordinates":[-106.961327,44.343948]},"properties":{"kind":"campsite","src":"overture:meta","name":"Circle Park Campground","website":"http://www.fs.usda.gov/recarea/bighorn/recreation/camping-cabins/recarea/?recid=30386&actid=29","elev_ft":7661}},{"type":"Feature","geometry":{"type":"Point","coordinates":[-109.066917,44.526402]},"properties":{"kind":"campsite","src":"overture:meta","name":"Lewis Lake Campground","addr":"Grand Loop Rd, Cody","elev_ft":5016}},{"type":"Feature","geometry":{"type":"Point","coordinates":[-110.698906,44.976929]},"properties":{"kind":"campsite","src":"overture:meta","name":"Norris Campground","website":"http://www.yellowstoneparknet.com/park_campgrounds/norris_campground.php","addr":"2025 Mammoth, Yellowstone National Park","elev_ft":6247}},{"type":"Feature","geometry":{"type":"Point","coordinates":[-110.724548,43.749458]},"properties":{"kind":"campsite","src":"overture:meta","name":"Jenny Lake CCC Camp NP-4","website":"http://en.wikipedia.org/wiki/index.html?curid=19924712","elev_ft":6795}},{"type":"Feature","geometry":{"type":"Point","coordinates":[-107.181442,44.881134]},"properties":{"kind":"campsite","src":"overture:meta","name":"Connor Battlefield State Historic Site","website":"https://wyoparks.wyo.gov/index.php/places-to-go/connor-battlefield","addr":"County Road 67, Ranchester","elev_ft":3944}},{"type":"Feature","geometry":{"type":"Point","coordinates":[-107.053413,41.860191]},"properties":{"kind":"campsite","src":"overture:meta","name":"Dugway Campground","elev_ft":6430}},{"type":"Feature","geometry":{"type":"Point","coordinates":[-106.137772,41.298004]},"properties":{"kind":"campsite","src":"overture:meta","name":"North fork Campground","website":"http://www.fs.usda.gov/recarea/mbr/recarea/?recid=22858","elev_ft":8041}},{"type":"Feature","geometry":{"type":"Point","coordinates":[-110.572075,44.418247]},"properties":{"kind":"campsite","src":"overture:meta","name":"Mammoth Hot Springs Campground","addr":"Yellowstone National Park, WY, Yellowstone National Park","elev_ft":7782}},{"type":"Feature","geometry":{"type":"Point","coordinates":[-109.473167,41.50869]},"properties":{"kind":"campsite","src":"overture:meta","name":"Gates of Lodore Campground","website":"http://www.nps.gov/dino","addr":"County Road 34 , Green River","elev_ft":6230}},{"type":"Feature","geometry":{"type":"Point","coordinates":[-110.874786,40.997593]},"properties":{"kind":"campsite","src":"overture:meta","name":"Bear River Camp","website":"http://www.bearrivercamp.wordpress.com/","addr":"1151 Expedition Dr, Evanston","elev_ft":7759}},{"type":"Feature","geometry":{"type":"Point","coordinates":[-106.943634,44.281944]},"properties":{"kind":"campsite","src":"overture:meta","name":"Tie Hack Campground","website":"https://www.fs.usda.gov/recarea/bighorn/recarea/?recid=30634","addr":"Big Horn Surveying, 821 Fort St, Buffalo","elev_ft":7792}},{"type":"Feature","geometry":{"type":"Point","coordinates":[-106.92762,44.56163]},"properties":{"kind":"campsite","src":"overture:meta","name":"Thorne Rider and Poulson Griffith Youth Camps","website":"http://youthincwyo.net/","addr":"60 Thorne-Rider Rd, Banner","elev_ft":5505}},{"type":"Feature","geometry":{"type":"Point","coordinates":[-109.458778,41.501625]},"properties":{"kind":"campsite","src":"overture:meta","name":"Buckboard Crossing Campground","elev_ft":6207}},{"type":"Feature","geometry":{"type":"Point","coordinates":[-106.373878,42.835922]},"properties":{"kind":"campsite","src":"overture:meta","name":"Issac Walton Lodge","addr":"Patten St, Mills","elev_ft":5131}},{"type":"Feature","geometry":{"type":"Point","coordinates":[-110.870934,44.637878]},"properties":{"kind":"campsite","src":"overture:meta","name":"Yellowstone Madison Campground","elev_ft":7372}},{"type":"Feature","geometry":{"type":"Point","coordinates":[-106.276062,42.838188]},"properties":{"kind":"campsite","src":"overture:meta","name":"Bear Trap Meadows Campground","website":"https://bearcanyoncampground.com/","elev_ft":5282}},{"type":"Feature","geometry":{"type":"Point","coordinates":[-108.384079,42.994537]},"properties":{"kind":"campsite","src":"overture:meta","name":"Fort Rendezvous Campground","addr":"10368 State Highway 789, Riverton","elev_ft":4931}},{"type":"Feature","geometry":{"type":"Point","coordinates":[-106.954765,44.797749]},"properties":{"kind":"rv_park","src":"overture:meta","name":"The Silky Shop","website":"http://skincii.com/","addr":"30 N Gould St, Sheridan","elev_ft":3753}},{"type":"Feature","geometry":{"type":"Point","coordinates":[-107.955925,44.03088]},"properties":{"kind":"campsite","src":"overture:meta","name":"Little Yellowstone Outer Banks","addr":"1060 Lane 10 1/2, Worland","elev_ft":4032}},{"type":"Feature","geometry":{"type":"Point","coordinates":[-110.387177,41.319149]},"properties":{"kind":"rv_park","src":"overture:meta","name":"Rendezvous RV Park","website":"https://www.rendezvousrvpark.com/about-us/","addr":"37031 Business Loop 80, Fort Bridger","elev_ft":6677}},{"type":"Feature","geometry":{"type":"Point","coordinates":[-104.199493,43.980358]},"properties":{"kind":"campsite","src":"overture:meta","name":"Sweetwater Pines","addr":"35 Sweetwater Rd, Newcastle","elev_ft":5157}},{"type":"Feature","geometry":{"type":"Point","coordinates":[-107.46994,44.029064]},"properties":{"kind":"campsite","src":"overture:meta","name":"Barnyard Campground","website":"https://www.hipcamp.com/en-US/land/wyoming-barnyard-campground-dw9hrvjm?adults=1&children=0","addr":"2549 E US Highway 16, Ten Sleep","elev_ft":4432}},{"type":"Feature","geometry":{"type":"Point","coordinates":[-109.612236,42.811569]},"properties":{"kind":"campsite","src":"overture:meta","name":"Green River Outreach for Wilderness Foundation","website":"http://www.greenriveroutreach.com/","addr":"PO Box 259, Boulder","elev_ft":7615}},{"type":"Feature","geometry":{"type":"Point","coordinates":[-104.742249,42.269745]},"properties":{"kind":"campsite","src":"overture:meta","name":"WildGuernsey","website":"https://wildguernsey.wordpress.com/","elev_ft":4347}},{"type":"Feature","geometry":{"type":"Point","coordinates":[-110.0609,42.0244]},"properties":{"kind":"campsite","src":"ridb","name":"Tail Race Campground","addr":"Kemmerer","elev_ft":6411}},{"type":"Feature","geometry":{"type":"Point","coordinates":[-105.374038,41.161148]},"properties":{"kind":"campsite","src":"ridb","name":"Vedauwoo Gazebo","reservation":"yes","addr":"Laramie","elev_ft":8222}},{"type":"Feature","geometry":{"type":"Point","coordinates":[-110.366206,41.033706]},"properties":{"kind":"campsite","src":"ridb","name":"Deadhorse Trailhead Campground","reservation":"yes","elev_ft":8967}},{"type":"Feature","geometry":{"type":"Point","coordinates":[-110.583369,41.005205]},"properties":{"kind":"campsite","src":"ridb","name":"Meeks Cabin Campground","reservation":"yes","addr":"Robertson","elev_ft":8730}},{"type":"Feature","geometry":{"type":"Point","coordinates":[-105.434534,41.249795]},"properties":{"kind":"campsite","src":"ridb","name":"Tie City Campground (Wy)","reservation":"yes","addr":"Laramie","elev_ft":8661}},{"type":"Feature","geometry":{"type":"Point","coordinates":[-106.502901,41.34434]},"properties":{"kind":"campsite","src":"ridb","name":"South Brush Creek Campground (Wy)","reservation":"yes","addr":"Saratoga","elev_ft":8379}},{"type":"Feature","geometry":{"type":"Point","coordinates":[-110.39155,42.943155]},"properties":{"kind":"campsite","src":"ridb","name":"Sherman Guard Station And Bunkhouse","reservation":"yes","addr":"Big Piney","elev_ft":7877}},{"type":"Feature","geometry":{"type":"Point","coordinates":[-105.836051,42.455386]},"properties":{"kind":"campsite","src":"ridb","name":"Campbell Creek Campground","reservation":"yes","addr":"Douglas","elev_ft":7959}},{"type":"Feature","geometry":{"type":"Point","coordinates":[-106.525871,41.343009]},"properties":{"kind":"campsite","src":"ridb","name":"Brush Creek Pavilion","reservation":"yes","addr":"Saratoga","elev_ft":8127}},{"type":"Feature","geometry":{"type":"Point","coordinates":[-106.990556,44.282778]},"properties":{"kind":"campsite","src":"ridb","name":"Circle Park Campground","reservation":"yes","addr":"Buffalo","elev_ft":8150}},{"type":"Feature","geometry":{"type":"Point","coordinates":[-108.072033,44.869439]},"properties":{"kind":"campsite","src":"ridb","name":"Cottonwood Creek Campground","addr":"Cody","elev_ft":4777}},{"type":"Feature","geometry":{"type":"Point","coordinates":[-109.486559,44.292798]},"properties":{"kind":"campsite","src":"ridb","name":"Bobcat-Houlihan Campground","addr":"Cody","elev_ft":6040}},{"type":"Feature","geometry":{"type":"Point","coordinates":[-109.257711,44.7879]},"properties":{"kind":"campsite","src":"ridb","name":"Hogan And Luce Campground","addr":"Cody","elev_ft":4836}},{"type":"Feature","geometry":{"type":"Point","coordinates":[-110.045444,41.982707]},"properties":{"kind":"campsite","src":"ridb","name":"Slate Creek Campground","addr":"Kemmerer","elev_ft":6381}},{"type":"Feature","geometry":{"type":"Point","coordinates":[-110.0494,42.0209]},"properties":{"kind":"campsite","src":"ridb","name":"Weeping Rock Campground","addr":"Kemmerer","elev_ft":6404}},{"type":"Feature","geometry":{"type":"Point","coordinates":[-109.855587,42.606431]},"properties":{"kind":"campsite","src":"ridb","name":"New Fork Campground","addr":"Pinedale","elev_ft":6857}},{"type":"Feature","geometry":{"type":"Point","coordinates":[-107.140095,43.577279]},"properties":{"kind":"campsite","src":"ridb","name":"Middle Fork Of The Powder River Campground","addr":"Worland","elev_ft":7326}},{"type":"Feature","geometry":{"type":"Point","coordinates":[-107.97032,44.80565]},"properties":{"kind":"campsite","src":"ridb","name":"Five Springs Falls Campground","addr":"Cody","elev_ft":6798}},{"type":"Feature","geometry":{"type":"Point","coordinates":[-106.945278,44.28]},"properties":{"kind":"campsite","src":"ridb","name":"South Fork (Wyoming)","reservation":"yes","addr":"Buffalo","elev_ft":7795}},{"type":"Feature","geometry":{"type":"Point","coordinates":[-105.434265,41.233515]},"properties":{"kind":"campsite","src":"ridb","name":"Hidden Valley Group Site","reservation":"yes","addr":"Laramie","elev_ft":8586}},{"type":"Feature","geometry":{"type":"Point","coordinates":[-106.171667,41.360833]},"properties":{"kind":"campsite","src":"ridb","name":"North Fork (Wy)","reservation":"yes","addr":"Laramie","elev_ft":9216}},{"type":"Feature","geometry":{"type":"Point","coordinates":[-109.791944,42.946389]},"properties":{"kind":"campsite","src":"ridb","name":"Fremont Lake","reservation":"yes","addr":"Pinedale","elev_ft":7467}},{"type":"Feature","geometry":{"type":"Point","coordinates":[-107.216111,44.1775]},"properties":{"kind":"campsite","src":"ridb","name":"Lakeview Bighorn","reservation":"yes","addr":"Ten Sleep","elev_ft":8560}},{"type":"Feature","geometry":{"type":"Point","coordinates":[-107.208889,44.183611]},"properties":{"kind":"campsite","src":"ridb","name":"Sitting Bull","reservation":"yes","addr":"Ten Sleep","elev_ft":8763}},{"type":"Feature","geometry":{"type":"Point","coordinates":[-109.818889,42.899444]},"properties":{"kind":"campsite","src":"ridb","name":"Sandy Beach Picnic Area","reservation":"yes","addr":"Pinedale","elev_ft":7448}},{"type":"Feature","geometry":{"type":"Point","coordinates":[-107.4775,44.777778]},"properties":{"kind":"campsite","src":"ridb","name":"Pine Island Group Area","reservation":"yes","addr":"Dayton","elev_ft":7677}},{"type":"Feature","geometry":{"type":"Point","coordinates":[-106.953056,44.148333]},"properties":{"kind":"campsite","src":"ridb","name":"Lost Cabin Campground","reservation":"yes","addr":"Buffalo","elev_ft":8274}},{"type":"Feature","geometry":{"type":"Point","coordinates":[-109.861111,43.311389]},"properties":{"kind":"campsite","src":"ridb","name":"Green River Lakes - Bridger-Teton Nf (Wy)","reservation":"yes","addr":"Pinedale","elev_ft":8107}},{"type":"Feature","geometry":{"type":"Point","coordinates":[-107.443056,44.771389]},"properties":{"kind":"campsite","src":"ridb","name":"Sibley Lake","reservation":"yes","addr":"Buffalo","elev_ft":8317}},{"type":"Feature","geometry":{"type":"Point","coordinates":[-107.461389,44.715278]},"properties":{"kind":"campsite","src":"ridb","name":"Tie Flume","reservation":"yes","addr":"Dayton","elev_ft":8379}},{"type":"Feature","geometry":{"type":"Point","coordinates":[-109.725833,44.456667]},"properties":{"kind":"campsite","src":"ridb","name":"Rex Hale","reservation":"yes","addr":"Cody","elev_ft":6125}},{"type":"Feature","geometry":{"type":"Point","coordinates":[-105.833889,42.452778]},"properties":{"kind":"campsite","src":"ridb","name":"La Prele Guard Station","reservation":"yes","addr":"Douglas","elev_ft":8064}},{"type":"Feature","geometry":{"type":"Point","coordinates":[-107.111667,41.27]},"properties":{"kind":"campsite","src":"ridb","name":"Jack Creek Crew Quarters","reservation":"yes","addr":"Saratoga","elev_ft":8514}},{"type":"Feature","geometry":{"type":"Point","coordinates":[-106.52,41.34]},"properties":{"kind":"campsite","src":"ridb","name":"Brush Creek Work Center Barrack","reservation":"yes","addr":"Saratoga","elev_ft":8314}},{"type":"Feature","geometry":{"type":"Point","coordinates":[-106.250922,41.169679]},"properties":{"kind":"campsite","src":"ridb","name":"Keystone Ranger Station","reservation":"yes","addr":"Laramie","elev_ft":8950}},{"type":"Feature","geometry":{"type":"Point","coordinates":[-106.245086,41.364252]},"properties":{"kind":"campsite","src":"ridb","name":"Little Brooklyn Lake Guard","reservation":"yes","addr":"Laramie","elev_ft":10377}},{"type":"Feature","geometry":{"type":"Point","coordinates":[-106.216667,41.203056]},"properties":{"kind":"campsite","src":"ridb","name":"Spruce Mtn Fire Lookout Tower","reservation":"yes","addr":"Laramie","elev_ft":9987}},{"type":"Feature","geometry":{"type":"Point","coordinates":[-107.17,41.11]},"properties":{"kind":"campsite","src":"ridb","name":"Sandstone Cabin","reservation":"yes","addr":"Saratoga","elev_ft":8212}},{"type":"Feature","geometry":{"type":"Point","coordinates":[-106.863603,41.025247]},"properties":{"kind":"campsite","src":"ridb","name":"Hog Park Campground","reservation":"yes","addr":"Saratoga","elev_ft":8478}},{"type":"Feature","geometry":{"type":"Point","coordinates":[-106.899167,41.170833]},"properties":{"kind":"campsite","src":"ridb","name":"Bottle Creek Group Picnic Site","reservation":"yes","addr":"Saratoga","elev_ft":8652}},{"type":"Feature","geometry":{"type":"Point","coordinates":[-106.378161,41.326439]},"properties":{"kind":"campsite","src":"ridb","name":"Snow Survey Cabin","reservation":"yes","addr":"Saratoga","elev_ft":10049}},{"type":"Feature","geometry":{"type":"Point","coordinates":[-106.9125,44.159444]},"properties":{"kind":"campsite","src":"ridb","name":"Muddy Guard Cabin","reservation":"yes","addr":"Buffalo","elev_ft":7805}},{"type":"Feature","geometry":{"type":"Point","coordinates":[-110.961944,42.488333]},"properties":{"kind":"campsite","src":"ridb","name":"Allred Flats Group Picnic Site","reservation":"yes","addr":"Kemmerer","elev_ft":6788}},{"type":"Feature","geometry":{"type":"Point","coordinates":[-110.816389,42.638333]},"properties":{"kind":"campsite","src":"ridb","name":"Cottonwood Group Picnic Site","reservation":"yes","addr":"Afton","elev_ft":7477}},{"type":"Feature","geometry":{"type":"Point","coordinates":[-110.712778,42.912778]},"properties":{"kind":"campsite","src":"ridb","name":"Meadows Cabin","reservation":"yes","addr":"Afton","elev_ft":6680}},{"type":"Feature","geometry":{"type":"Point","coordinates":[-110.716667,43.12]},"properties":{"kind":"campsite","src":"ridb","name":"Mccain Cabin","reservation":"yes","addr":"Afton","elev_ft":6880}},{"type":"Feature","geometry":{"type":"Point","coordinates":[-110.833333,43.070556]},"properties":{"kind":"campsite","src":"ridb","name":"Deer Creek Cabin (Wy)","reservation":"yes","addr":"Afton","elev_ft":6270}},{"type":"Feature","geometry":{"type":"Point","coordinates":[-110.6675,42.6775]},"properties":{"kind":"campsite","src":"ridb","name":"Cazier Cabin","reservation":"yes","addr":"Afton","elev_ft":7539}},{"type":"Feature","geometry":{"type":"Point","coordinates":[-110.531111,42.495833]},"properties":{"kind":"campsite","src":"ridb","name":"Snyder Guard Station (Wy)","reservation":"yes","addr":"Big Piney","elev_ft":8035}},{"type":"Feature","geometry":{"type":"Point","coordinates":[-110.422778,43.215556]},"properties":{"kind":"campsite","src":"ridb","name":"Hoback Guard Station","reservation":"yes","addr":"Big Piney","elev_ft":6667}},{"type":"Feature","geometry":{"type":"Point","coordinates":[-110.581667,42.43]},"properties":{"kind":"campsite","src":"ridb","name":"Scaler Guard Station","reservation":"yes","addr":"Kemmerer","elev_ft":8038}},{"type":"Feature","geometry":{"type":"Point","coordinates":[-110.798889,42.264444]},"properties":{"kind":"campsite","src":"ridb","name":"Kelley Guard Station","reservation":"yes","addr":"Kemmerer","elev_ft":8189}},{"type":"Feature","geometry":{"type":"Point","coordinates":[-110.699444,42.519444]},"properties":{"kind":"campsite","src":"ridb","name":"La Barge Guard Station","reservation":"yes","addr":"Kemmerer","elev_ft":8547}},{"type":"Feature","geometry":{"type":"Point","coordinates":[-109.554167,44.726944]},"properties":{"kind":"campsite","src":"ridb","name":"Sunlight Rangers Cabin","reservation":"yes","addr":"Cody","elev_ft":6923}},{"type":"Feature","geometry":{"type":"Point","coordinates":[-109.606444,40.999793]},"properties":{"kind":"campsite","src":"ridb","name":"Stateline Cove Campground","website":"https://www.fs.usda.gov/recarea/ashley/recarea/?recid=72205","elev_ft":6056}},{"type":"Feature","geometry":{"type":"Point","coordinates":[-110.669802,43.620458]},"properties":{"kind":"campsite","src":"ridb","name":"Gros Ventre Campground","reservation":"yes","addr":"Kelly","elev_ft":6585}},{"type":"Feature","geometry":{"type":"Point","coordinates":[-106.942222,44.193889]},"properties":{"kind":"campsite","src":"ridb","name":"Pole Creek Cabin","reservation":"yes","addr":"Buffalo","elev_ft":8245}},{"type":"Feature","geometry":{"type":"Point","coordinates":[-106.685475,42.57946]},"properties":{"kind":"campsite","src":"ridb","name":"Pete'S Draw Campground","addr":"Casper","elev_ft":5325}},{"type":"Feature","geometry":{"type":"Point","coordinates":[-106.632346,42.664599]},"properties":{"kind":"campsite","src":"ridb","name":"Golden Currant Campground","addr":"Casper","elev_ft":5272}},{"type":"Feature","geometry":{"type":"Point","coordinates":[-106.623643,42.675687]},"properties":{"kind":"campsite","src":"ridb","name":"Chalk Bluffs Campground","addr":"Casper","elev_ft":5246}},{"type":"Feature","geometry":{"type":"Point","coordinates":[-109.701817,42.841713]},"properties":{"kind":"campsite","src":"ridb","name":"North Boulder Lake Campground","addr":"Pinedale","elev_ft":7297}},{"type":"Feature","geometry":{"type":"Point","coordinates":[-109.554511,42.821269]},"properties":{"kind":"campsite","src":"ridb","name":"Small Vehicle Campground","addr":"Pinedale","elev_ft":8212}},{"type":"Feature","geometry":{"type":"Point","coordinates":[-109.26626,42.604855]},"properties":{"kind":"campsite","src":"ridb","name":"Dutch Joe Campground","addr":"Rock Springs","elev_ft":8494}},{"type":"Feature","geometry":{"type":"Point","coordinates":[-109.858197,43.312133]},"properties":{"kind":"campsite","src":"ridb","name":"Green River Lake Lodge","reservation":"yes","addr":"Pinedale","elev_ft":8054}},{"type":"Feature","geometry":{"type":"Point","coordinates":[-109.99631,43.75418]},"properties":{"kind":"campsite","src":"ridb","name":"Pinnacles Campground","website":"https://www.fs.usda.gov/recarea/shoshone/recarea/?recid=36535","elev_ft":9144}},{"type":"Feature","geometry":{"type":"Point","coordinates":[-106.263585,42.677378]},"properties":{"kind":"campsite","src":"ridb","name":"Lodgepole Campground","addr":"Casper","elev_ft":8235}},{"type":"Feature","geometry":{"type":"Point","coordinates":[-109.141634,42.56183]},"properties":{"kind":"campsite","src":"ridb","name":"Blucher Creek Campground","addr":"Rock Springs","elev_ft":8589}},{"type":"Feature","geometry":{"type":"Point","coordinates":[-109.061887,42.561772]},"properties":{"kind":"campsite","src":"ridb","name":"Sweetwater Guard Station Campground","addr":"Rock Springs","elev_ft":8278}},{"type":"Feature","geometry":{"type":"Point","coordinates":[-107.22193,43.438542]},"properties":{"kind":"campsite","src":"ridb","name":"Buffalo Creek Campground","addr":"Casper","elev_ft":8123}},{"type":"Feature","geometry":{"type":"Point","coordinates":[-107.227947,43.461523]},"properties":{"kind":"campsite","src":"ridb","name":"Grave Springs Campground","addr":"Casper","elev_ft":8297}},{"type":"Feature","geometry":{"type":"Point","coordinates":[-106.25858,42.680857]},"properties":{"kind":"campsite","src":"ridb","name":"Rim Campground","addr":"Casper","elev_ft":8281}}]}