{"type":"FeatureCollection","attribution":"OSM (ODbL) via Overpass; Overture Maps Foundation (CDLA-P-2.0/Apache-2.0/CC0); Recreation.gov RIDB (CC-BY 4.0). See data/ATTRIBUTION.md. Generated 2026-07-23.","features":[{"type":"Feature","geometry":{"type":"Point","coordinates":[-74.760296,39.745015]},"properties":{"kind":"campsite","src":"osm","osm":"node/357722524","name":"Goshen Pond Campground","fee":"yes","elev_ft":62}},{"type":"Feature","geometry":{"type":"Point","coordinates":[-75.282095,39.544673]},"properties":{"kind":"campsite","src":"osm","osm":"node/1193607220","name":"Adventure Bound Tall Pines","website":"https://www.abcamping.com/tallpines/family_fun.php","elev_ft":118}},{"type":"Feature","geometry":{"type":"Point","coordinates":[-74.988063,41.089118]},"properties":{"kind":"campsite","src":"osm","osm":"node/1314697310","elev_ft":486}},{"type":"Feature","geometry":{"type":"Point","coordinates":[-74.987097,41.089271]},"properties":{"kind":"campsite","src":"osm","osm":"node/1314697311","elev_ft":492}},{"type":"Feature","geometry":{"type":"Point","coordinates":[-74.989361,41.089384]},"properties":{"kind":"campsite","src":"osm","osm":"node/1314697312","elev_ft":440}},{"type":"Feature","geometry":{"type":"Point","coordinates":[-74.990305,41.089805]},"properties":{"kind":"campsite","src":"osm","osm":"node/1314697313","elev_ft":344}},{"type":"Feature","geometry":{"type":"Point","coordinates":[-74.990723,41.090444]},"properties":{"kind":"campsite","src":"osm","osm":"node/1314697314","elev_ft":344}},{"type":"Feature","geometry":{"type":"Point","coordinates":[-74.810409,39.553566]},"properties":{"kind":"campsite","src":"osm","osm":"node/1697028141","name":"Indian Branch Park Campground","elev_ft":69}},{"type":"Feature","geometry":{"type":"Point","coordinates":[-74.53218,41.073249]},"properties":{"kind":"campsite","src":"osm","osm":"node/1730893035","name":"Rock Lodge Club","website":"https://rocklodge.com","elev_ft":1230}},{"type":"Feature","geometry":{"type":"Point","coordinates":[-74.63222,39.781443]},"properties":{"kind":"campsite","src":"osm","osm":"node/3545900993","name":"Batona Camp","fee":"yes","elev_ft":82}},{"type":"Feature","geometry":{"type":"Point","coordinates":[-74.523352,39.654656]},"properties":{"kind":"campsite","src":"osm","osm":"node/3545900994","name":"Bodine Field Campground","fee":"yes","elev_ft":30}},{"type":"Feature","geometry":{"type":"Point","coordinates":[-74.617474,39.628896]},"properties":{"kind":"campsite","src":"osm","osm":"node/3545900996","name":"Buttonwood Hill Camp","drinking_water":"no","elev_ft":43}},{"type":"Feature","geometry":{"type":"Point","coordinates":[-74.672963,39.72594]},"properties":{"kind":"campsite","src":"osm","osm":"node/3545901000","name":"Lower Forge Campground","fee":"yes","reservation":"required","elev_ft":49}},{"type":"Feature","geometry":{"type":"Point","coordinates":[-74.564258,39.711529]},"properties":{"kind":"campsite","src":"osm","osm":"node/4242257345","name":"Hawkin Bridge Campground","fee":"yes","elev_ft":82}},{"type":"Feature","geometry":{"type":"Point","coordinates":[-74.55011,39.687968]},"properties":{"kind":"campsite","src":"osm","osm":"node/4242257361","name":"Godfrey Bridge Campground","operator":"Wharton State Forest","drinking_water":"no","reservation":"required","elev_ft":59}},{"type":"Feature","geometry":{"type":"Point","coordinates":[-74.674975,39.690436]},"properties":{"kind":"campsite","src":"osm","osm":"node/4337891583","name":"Mullica River Campground","fee":"yes","access":"permit","operator":"NJ State Park Service, Wharton State Forest","website":"https://www.state.nj.us/dep/parksandforests/parks/wharton.html","desc":"Primitive Campsite: 10 sites, hand pump for water, pit toilets. Only accessible by hiking or water (canoe, etc.) - no motor vehicle access. Must reserve site and pay fee for permit.","drinking_water":"yes","toilets":"outhouse","reservation":"required","elev_ft":36}},{"type":"Feature","geometry":{"type":"Point","coordinates":[-74.800375,41.188087]},"properties":{"kind":"water","src":"osm","osm":"node/5031501926","elev_ft":830}},{"type":"Feature","geometry":{"type":"Point","coordinates":[-74.172985,40.694202]},"properties":{"kind":"water","src":"osm","osm":"node/5274424521","elev_ft":7}},{"type":"Feature","geometry":{"type":"Point","coordinates":[-75.089987,40.999611]},"properties":{"kind":"campsite","src":"osm","osm":"node/5445752023","name":"Backpacker Campsite 2","elev_ft":1332}},{"type":"Feature","geometry":{"type":"Point","coordinates":[-74.711013,39.242751]},"properties":{"kind":"campsite","src":"osm","osm":"node/5802974649","name":"Frontier Campground","website":"https://frontiercampground.com/","elev_ft":30}},{"type":"Feature","geometry":{"type":"Point","coordinates":[-74.469842,40.98265]},"properties":{"kind":"campsite","src":"osm","osm":"node/6372681066","name":"Camp Lewis","access":"private","operator":"Boy Scouts of America","website":"https://www.nnjbsa.org/OpenRosters/View_Homepage.aspx?orgkey=956","elev_ft":1060}},{"type":"Feature","geometry":{"type":"Point","coordinates":[-74.866737,39.244755]},"properties":{"kind":"campsite","src":"osm","osm":"node/6504327728","elev_ft":49}},{"type":"Feature","geometry":{"type":"Point","coordinates":[-74.867272,39.244381]},"properties":{"kind":"campsite","src":"osm","osm":"node/6504327729","elev_ft":49}},{"type":"Feature","geometry":{"type":"Point","coordinates":[-74.962824,41.055488]},"properties":{"kind":"campsite","src":"osm","osm":"node/6647097285","name":"Forest campsite","elev_ft":1286}},{"type":"Feature","geometry":{"type":"Point","coordinates":[-74.733011,39.414774]},"properties":{"kind":"campsite","src":"osm","osm":"node/6682373843","elev_ft":39}},{"type":"Feature","geometry":{"type":"Point","coordinates":[-74.896968,40.684301]},"properties":{"kind":"campsite","src":"osm","osm":"node/8486090852","elev_ft":827}},{"type":"Feature","geometry":{"type":"Point","coordinates":[-74.930928,38.945481]},"properties":{"kind":"dump","src":"osm","osm":"node/9360984988","elev_ft":20}},{"type":"Feature","geometry":{"type":"Point","coordinates":[-74.836891,39.417472]},"properties":{"kind":"campsite","src":"osm","osm":"node/9580391400","name":"Spacious Skies Campgrounds - Country Oaks","access":"yes","website":"https://campatcountryoaks.com","desc":"Offering both wooded and open RV and tent sites, as well as a number of deluxe patio sites and rustic cabins, come enjoy the large swimming facilities onsite, traditional campground recreation hall, and pastoral ambiance.","elev_ft":95}},{"type":"Feature","geometry":{"type":"Point","coordinates":[-74.39167,40.264783]},"properties":{"kind":"campsite","src":"osm","osm":"node/9890701269","name":"Quail Hill Scout Reservation","operator":"Monmouth Council BSA","website":"https://www.monmouthbsa.org/qhsr","elev_ft":226}},{"type":"Feature","geometry":{"type":"Point","coordinates":[-74.544883,39.687557]},"properties":{"kind":"dump","src":"osm","osm":"node/10287957553","elev_ft":43}},{"type":"Feature","geometry":{"type":"Point","coordinates":[-74.543629,39.688961]},"properties":{"kind":"dump","src":"osm","osm":"node/10288054010","elev_ft":46}},{"type":"Feature","geometry":{"type":"Point","coordinates":[-74.445474,39.626598]},"properties":{"kind":"campsite","src":"osm","osm":"node/10676113115","name":"Pilgrim Lake Camp Grounds","operator":"Richard Hazard","website":"https://pilgrimlakecampgroundsnj.com","elev_ft":26}},{"type":"Feature","geometry":{"type":"Point","coordinates":[-74.854404,41.069176]},"properties":{"kind":"campsite","src":"osm","osm":"node/10879592740","name":"Camp Lou Henry Hoover","elev_ft":689}},{"type":"Feature","geometry":{"type":"Point","coordinates":[-74.198605,40.203352]},"properties":{"kind":"campsite","src":"osm","osm":"node/10965796321","name":"Camp Sacajawea","elev_ft":102}},{"type":"Feature","geometry":{"type":"Point","coordinates":[-74.522449,39.87207]},"properties":{"kind":"campsite","src":"osm","osm":"node/11117248994","name":"Brendan T. Byrne State Forest Campground","fee":"yes","operator":"Brendan T. Byrne State Forest","drinking_water":"yes","toilets":"yes","reservation":"required","elev_ft":148}},{"type":"Feature","geometry":{"type":"Point","coordinates":[-74.5194,39.871671]},"properties":{"kind":"campsite","src":"osm","osm":"node/11117265026","elev_ft":138}},{"type":"Feature","geometry":{"type":"Point","coordinates":[-74.521673,39.87188]},"properties":{"kind":"dump","src":"osm","osm":"node/11117265034","elev_ft":148}},{"type":"Feature","geometry":{"type":"Point","coordinates":[-74.760423,39.745961]},"properties":{"kind":"campsite","src":"osm","osm":"node/11118090496","elev_ft":75}},{"type":"Feature","geometry":{"type":"Point","coordinates":[-74.563768,39.712592]},"properties":{"kind":"campsite","src":"osm","osm":"node/11120038908","elev_ft":66}},{"type":"Feature","geometry":{"type":"Point","coordinates":[-74.523527,39.653578]},"properties":{"kind":"campsite","src":"osm","osm":"node/11120038931","elev_ft":26}},{"type":"Feature","geometry":{"type":"Point","coordinates":[-74.632408,39.781854]},"properties":{"kind":"campsite","src":"osm","osm":"node/11120039038","elev_ft":82}},{"type":"Feature","geometry":{"type":"Point","coordinates":[-74.927657,40.6547]},"properties":{"kind":"dump","src":"osm","osm":"node/11172621155","access":"customers","elev_ft":279}},{"type":"Feature","geometry":{"type":"Point","coordinates":[-74.668155,39.246545]},"properties":{"kind":"dump","src":"osm","osm":"node/11358811705","elev_ft":36}},{"type":"Feature","geometry":{"type":"Point","coordinates":[-74.916798,41.079245]},"properties":{"kind":"campsite","src":"osm","osm":"node/11446650808","name":"Upper Wakegan Unit","elev_ft":1024}},{"type":"Feature","geometry":{"type":"Point","coordinates":[-74.91694,41.078996]},"properties":{"kind":"campsite","src":"osm","osm":"node/11446650809","name":"Lower Wakegan Unit","elev_ft":1024}},{"type":"Feature","geometry":{"type":"Point","coordinates":[-74.710534,40.888899]},"properties":{"kind":"dump","src":"osm","osm":"node/11577718037","elev_ft":994}},{"type":"Feature","geometry":{"type":"Point","coordinates":[-74.858071,40.314419]},"properties":{"kind":"campsite","src":"osm","osm":"node/12357186684","name":"Washington Crossing State Park Group Campground","access":"permit","reservation":"required","elev_ft":266}},{"type":"Feature","geometry":{"type":"Point","coordinates":[-74.73001,39.687604]},"properties":{"kind":"campsite","src":"osm","osm":"node/12661179798","name":"Paradise Lakes Campground","website":"https://www.millerfarmsllc.com/paradise-lakes","elev_ft":52}},{"type":"Feature","geometry":{"type":"Point","coordinates":[-74.420362,41.184856]},"properties":{"kind":"campsite","src":"osm","osm":"node/12748220923","name":"Wawayanda Group Campground","fee":"yes","access":"yes","operator":"New Jersey State Park Service","elev_ft":1148}},{"type":"Feature","geometry":{"type":"Point","coordinates":[-74.481211,39.629215]},"properties":{"kind":"campsite","src":"osm","osm":"way/28376218","name":"Timberline Lake Campground","elev_ft":30}},{"type":"Feature","geometry":{"type":"Point","coordinates":[-74.472975,39.626406]},"properties":{"kind":"campsite","src":"osm","osm":"way/28376229","name":"Buttonwood Campground","elev_ft":39}},{"type":"Feature","geometry":{"type":"Point","coordinates":[-74.566964,39.376406]},"properties":{"kind":"campsite","src":"osm","osm":"way/28764064","elev_ft":36}},{"type":"Feature","geometry":{"type":"Point","coordinates":[-74.964941,39.791312]},"properties":{"kind":"campsite","src":"osm","osm":"way/30756784","name":"Pine Hill Reservation \u2014 BSA","elev_ft":138}},{"type":"Feature","geometry":{"type":"Point","coordinates":[-74.408752,39.611729]},"properties":{"kind":"campsite","src":"osm","osm":"way/34227847","name":"Atlantic Shore Pines Campground","website":"https://atlanticshorepines.com/","elev_ft":52}},{"type":"Feature","geometry":{"type":"Point","coordinates":[-74.283308,40.750079]},"properties":{"kind":"campsite","src":"osm","osm":"way/39680065","name":"Girl Scout Camp","elev_ft":525}},{"type":"Feature","geometry":{"type":"Point","coordinates":[-74.301576,40.53733]},"properties":{"kind":"rv_park","src":"osm","osm":"way/39681062","name":"Fords Park","elev_ft":148}},{"type":"Feature","geometry":{"type":"Point","coordinates":[-74.733522,40.965306]},"properties":{"kind":"campsite","src":"osm","osm":"way/39849011","name":"Panther Lake Camping Resort","website":"https://www.njcamping.com/panther/index.htm","elev_ft":820}},{"type":"Feature","geometry":{"type":"Point","coordinates":[-74.267865,40.433038]},"properties":{"kind":"campsite","src":"osm","osm":"way/40139197","name":"Cheesequake State Park Group Campground","operator":"New Jersey State Park Service","website":"https://nj.gov/dep/parksandforests/parks/cheesequakestatepark.html","drinking_water":"yes","toilets":"yes","reservation":"required","elev_ft":92}},{"type":"Feature","geometry":{"type":"Point","coordinates":[-74.306344,40.198794]},"properties":{"kind":"campsite","src":"osm","osm":"way/40161155","name":"Family Campground","elev_ft":161}},{"type":"Feature","geometry":{"type":"Point","coordinates":[-74.142959,40.16653]},"properties":{"kind":"campsite","src":"osm","osm":"way/40162034","name":"Allaire State Park Campground","elev_ft":79}},{"type":"Feature","geometry":{"type":"Point","coordinates":[-74.755028,41.32735]},"properties":{"kind":"campsite","src":"osm","osm":"way/40181963","elev_ft":456}},{"type":"Feature","geometry":{"type":"Point","coordinates":[-74.822157,41.07626]},"properties":{"kind":"campsite","src":"osm","osm":"way/40206096","name":"Swartswood Day Use Area","elev_ft":466}},{"type":"Feature","geometry":{"type":"Point","coordinates":[-74.787046,41.213093]},"properties":{"kind":"campsite","src":"osm","osm":"way/40206573","name":"Haskin's Group Camping Area","elev_ft":633}},{"type":"Feature","geometry":{"type":"Point","coordinates":[-74.795018,41.201731]},"properties":{"kind":"campsite","src":"osm","osm":"way/40206578","name":"Shotwell Camping Area","elev_ft":801}},{"type":"Feature","geometry":{"type":"Point","coordinates":[-74.776539,40.993567]},"properties":{"kind":"campsite","src":"osm","osm":"way/40211671","name":"The Great Divide Campground, LLC","website":"https://www.campthegreatdivide.com/","toilets":"yes","elev_ft":676}},{"type":"Feature","geometry":{"type":"Point","coordinates":[-74.928484,40.653509]},"properties":{"kind":"campsite","src":"osm","osm":"way/40216154","elev_ft":292}},{"type":"Feature","geometry":{"type":"Point","coordinates":[-75.063323,40.887018]},"properties":{"kind":"campsite","src":"osm","osm":"way/40217021","name":"Delaware River Family Campground","elev_ft":299}},{"type":"Feature","geometry":{"type":"Point","coordinates":[-74.271227,40.099679]},"properties":{"kind":"rv_park","src":"osm","osm":"way/40254673","name":"Tip Tam Camping Resort","website":"https://tiptam.com","elev_ft":131}},{"type":"Feature","geometry":{"type":"Point","coordinates":[-74.130199,40.158544]},"properties":{"kind":"campsite","src":"osm","osm":"way/40254769","elev_ft":66}},{"type":"Feature","geometry":{"type":"Point","coordinates":[-74.494698,39.537676]},"properties":{"kind":"rv_park","src":"osm","osm":"way/40276276","elev_ft":30}},{"type":"Feature","geometry":{"type":"Point","coordinates":[-74.300758,39.777322]},"properties":{"kind":"rv_park","src":"osm","osm":"way/40290283","elev_ft":125}},{"type":"Feature","geometry":{"type":"Point","coordinates":[-74.729195,39.198211]},"properties":{"kind":"campsite","src":"osm","osm":"way/40320701","elev_ft":36}},{"type":"Feature","geometry":{"type":"Point","coordinates":[-74.735381,39.197971]},"properties":{"kind":"rv_park","src":"osm","osm":"way/40320726","elev_ft":30}},{"type":"Feature","geometry":{"type":"Point","coordinates":[-74.80946,39.557554]},"properties":{"kind":"rv_park","src":"osm","osm":"way/40336577","name":"Roamers Beach RV Resort","elev_ft":59}},{"type":"Feature","geometry":{"type":"Point","coordinates":[-74.710686,40.888519]},"properties":{"kind":"rv_park","src":"osm","osm":"way/40369476","name":"Fla-Net Park Campground","fee":"yes","website":"https://flanetpark.com","elev_ft":1007}},{"type":"Feature","geometry":{"type":"Point","coordinates":[-74.587296,40.652155]},"properties":{"kind":"campsite","src":"osm","osm":"way/40375912","name":"Sky Farm","website":"https://skyfarm.com/main","elev_ft":305}},{"type":"Feature","geometry":{"type":"Point","coordinates":[-74.910787,38.983591]},"properties":{"kind":"campsite","src":"osm","osm":"way/40378381","name":"Seashore Campsites RV Park & Campground","website":"http://www.seashorecampsites.com/","elev_ft":39}},{"type":"Feature","geometry":{"type":"Point","coordinates":[-74.799422,39.305892]},"properties":{"kind":"campsite","src":"osm","osm":"way/40378835","elev_ft":13}},{"type":"Feature","geometry":{"type":"Point","coordinates":[-74.916048,39.514616]},"properties":{"kind":"campsite","src":"osm","osm":"way/40394238","name":"Buena Vista Camping Park","elev_ft":105}},{"type":"Feature","geometry":{"type":"Point","coordinates":[-75.059466,39.599106]},"properties":{"kind":"campsite","src":"osm","osm":"way/40399753","name":"Operation Safe Haven","elev_ft":105}},{"type":"Feature","geometry":{"type":"Point","coordinates":[-74.883025,39.097567]},"properties":{"kind":"campsite","src":"osm","osm":"way/40403008","elev_ft":26}},{"type":"Feature","geometry":{"type":"Point","coordinates":[-74.888628,39.099131]},"properties":{"kind":"campsite","src":"osm","osm":"way/40403075","elev_ft":7}},{"type":"Feature","geometry":{"type":"Point","coordinates":[-74.879849,39.107836]},"properties":{"kind":"campsite","src":"osm","osm":"way/40403355","elev_ft":30}},{"type":"Feature","geometry":{"type":"Point","coordinates":[-75.437322,39.756984]},"properties":{"kind":"rv_park","src":"osm","osm":"way/40407056","elev_ft":20}},{"type":"Feature","geometry":{"type":"Point","coordinates":[-74.853699,39.248616]},"properties":{"kind":"campsite","src":"osm","osm":"way/40408798","name":"North Shore Camping Area","elev_ft":52}},{"type":"Feature","geometry":{"type":"Point","coordinates":[-74.888306,39.000478]},"properties":{"kind":"rv_park","src":"osm","osm":"way/40412240","elev_ft":43}},{"type":"Feature","geometry":{"type":"Point","coordinates":[-74.543857,39.688078]},"properties":{"kind":"campsite","src":"osm","osm":"way/40453233","name":"Wading Pines Camping Resort","fee":"yes","website":"https://www.wadingpines.com/","elev_ft":43}},{"type":"Feature","geometry":{"type":"Point","coordinates":[-74.595264,39.621706]},"properties":{"kind":"rv_park","src":"osm","osm":"way/40453769","name":"Belhaven Lake RV Resort","website":"https://www.belhavencampground.com/","capacity":"300","elev_ft":10}},{"type":"Feature","geometry":{"type":"Point","coordinates":[-74.743777,39.745047]},"properties":{"kind":"campsite","src":"osm","osm":"way/40507740","name":"Atsion Family Campground","fee":"yes","operator":"NJ State Park Service, Wharton State Forest","website":"https://www.state.nj.us/dep/parksandforests/parks/wharton.html","desc":"50 tent/trailer sites with fire rings and picnic tables; potable water, flush toilets and showers within walking distance.","elev_ft":72}},{"type":"Feature","geometry":{"type":"Point","coordinates":[-74.458046,40.120563]},"properties":{"kind":"campsite","src":"osm","osm":"way/40515300","name":"Timberland Lake Campground","website":"https://www.timberlandlakecampground.com","elev_ft":131}},{"type":"Feature","geometry":{"type":"Point","coordinates":[-74.170749,39.8744]},"properties":{"kind":"campsite","src":"osm","osm":"way/40535898","name":"Cedar Creek Family Campground","elev_ft":49}},{"type":"Feature","geometry":{"type":"Point","coordinates":[-74.419189,39.626578]},"properties":{"kind":"campsite","src":"osm","osm":"way/40536698","name":"Group Campground","fee":"yes","operator":"NJ State Park Service, Bass River State Forest","website":"https://www.state.nj.us/dep/parksandforests/parks/bass.html","desc":"6 group campsites.  Water and toilets within walking distance. Max 25 campers per site. Parking on each site.","drinking_water":"yes","elev_ft":46}},{"type":"Feature","geometry":{"type":"Point","coordinates":[-74.508643,39.529746]},"properties":{"kind":"rv_park","src":"osm","osm":"way/40541506","elev_ft":62}},{"type":"Feature","geometry":{"type":"Point","coordinates":[-74.609146,39.557874]},"properties":{"kind":"rv_park","src":"osm","osm":"way/40542067","name":"Egg Harbor Lake Campground","fee":"yes","website":"https://eggharborlake.com/","elev_ft":46}},{"type":"Feature","geometry":{"type":"Point","coordinates":[-74.582793,39.47302]},"properties":{"kind":"rv_park","src":"osm","osm":"way/40578477","name":"Pomona RV Park","elev_ft":75}},{"type":"Feature","geometry":{"type":"Point","coordinates":[-74.714844,39.20063]},"properties":{"kind":"rv_park","src":"osm","osm":"way/40582256","name":"Echo Farms RV Resort","elev_ft":39}},{"type":"Feature","geometry":{"type":"Point","coordinates":[-74.314393,39.760827]},"properties":{"kind":"campsite","src":"osm","osm":"way/40582367","name":"Scrabble Pines Campground","elev_ft":144}},{"type":"Feature","geometry":{"type":"Point","coordinates":[-74.507534,39.461962]},"properties":{"kind":"rv_park","src":"osm","osm":"way/40582460","name":"Shady Pines","elev_ft":69}},{"type":"Feature","geometry":{"type":"Point","coordinates":[-74.497128,41.25617]},"properties":{"kind":"campsite","src":"osm","osm":"way/40718544","name":"Camp Louemma","elev_ft":906}},{"type":"Feature","geometry":{"type":"Point","coordinates":[-74.228543,41.085895]},"properties":{"kind":"campsite","src":"osm","osm":"way/40720419","name":"Camp Yaw Paw","operator":"Northern New Jersey Council","elev_ft":814}},{"type":"Feature","geometry":{"type":"Point","coordinates":[-74.891025,41.147008]},"properties":{"kind":"campsite","src":"osm","osm":"way/41775663","name":"Bear Creek Campgrounds","fee":"yes","elev_ft":394}},{"type":"Feature","geometry":{"type":"Point","coordinates":[-74.908262,41.099547]},"properties":{"kind":"campsite","src":"osm","osm":"way/41775824","name":"Camp Ken-Etiwa-Pec","fee":"no","access":"yes","operator":"National Park Service","elev_ft":1234}},{"type":"Feature","geometry":{"type":"Point","coordinates":[-74.965304,41.096965]},"properties":{"kind":"campsite","src":"osm","osm":"way/41776308","name":"River Bend Group Campsite","access":"yes","operator":"Delaware Water Gap National Recreation Area","elev_ft":417}},{"type":"Feature","geometry":{"type":"Point","coordinates":[-74.845888,41.170051]},"properties":{"kind":"campsite","src":"osm","osm":"way/41776731","name":"Lindley G. Cook 4-H Camp","elev_ft":863}},{"type":"Feature","geometry":{"type":"Point","coordinates":[-74.927785,41.017258]},"properties":{"kind":"campsite","src":"osm","osm":"way/41776787","name":"Happiness Is Camping","access":"customers","website":"https://www.happinessiscamping.org/","elev_ft":522}},{"type":"Feature","geometry":{"type":"Point","coordinates":[-75.023378,41.013834]},"properties":{"kind":"campsite","src":"osm","osm":"way/41777043","name":"Yards Creek Boy Scout Camp","elev_ft":912}},{"type":"Feature","geometry":{"type":"Point","coordinates":[-74.810693,40.655687]},"properties":{"kind":"campsite","src":"osm","osm":"way/42061945","name":"Babtist Camp and Conference Center","website":"http://www.camplebanon.com/","elev_ft":299}},{"type":"Feature","geometry":{"type":"Point","coordinates":[-74.853273,39.369711]},"properties":{"kind":"rv_park","src":"osm","osm":"way/48666166","name":"Lazy River Campground","elev_ft":66}},{"type":"Feature","geometry":{"type":"Point","coordinates":[-74.512924,39.504613]},"properties":{"kind":"campsite","src":"osm","osm":"way/76887771","name":"Swan Lake Resort","elev_ft":49}},{"type":"Feature","geometry":{"type":"Point","coordinates":[-74.497549,39.63417]},"properties":{"kind":"campsite","src":"osm","osm":"way/79443028","name":"Chips Folly Campground","elev_ft":20}},{"type":"Feature","geometry":{"type":"Point","coordinates":[-74.769757,39.49174]},"properties":{"kind":"campsite","src":"osm","osm":"way/79788330","name":"Winding River Campground","elev_ft":69}},{"type":"Feature","geometry":{"type":"Point","coordinates":[-74.743167,39.430455]},"properties":{"kind":"campsite","src":"osm","osm":"way/79788407","name":"Pleasant Valley Campground","elev_ft":36}},{"type":"Feature","geometry":{"type":"Point","coordinates":[-74.798881,39.418002]},"properties":{"kind":"campsite","src":"osm","osm":"way/79788680","name":"Yogi Bear's Jellystone Camp","elev_ft":69}},{"type":"Feature","geometry":{"type":"Point","coordinates":[-74.715056,39.414191]},"properties":{"kind":"campsite","src":"osm","osm":"way/79789299","name":"River Beach RV Resort and Marina","operator":"Zeman","website":"https://www.riverbeachrv.com/","elev_ft":16}},{"type":"Feature","geometry":{"type":"Point","coordinates":[-74.683778,39.357707]},"properties":{"kind":"campsite","src":"osm","osm":"way/79789939","name":"Colonial Meadows Campground","elev_ft":30}},{"type":"Feature","geometry":{"type":"Point","coordinates":[-74.697631,39.355936]},"properties":{"kind":"campsite","src":"osm","osm":"way/79790867","name":"Egg Harbor River Campgrounds","elev_ft":36}},{"type":"Feature","geometry":{"type":"Point","coordinates":[-74.640176,39.348106]},"properties":{"kind":"campsite","src":"osm","osm":"way/79791469","name":"Sleepy Hollow Campgrounds","elev_ft":43}},{"type":"Feature","geometry":{"type":"Point","coordinates":[-74.763433,39.34965]},"properties":{"kind":"campsite","src":"osm","osm":"way/79792216","name":"Holiday Haven Campgrounds","access":"customers","elev_ft":43}},{"type":"Feature","geometry":{"type":"Point","coordinates":[-74.835367,39.41685]},"properties":{"kind":"campsite","src":"osm","osm":"way/79792592","name":"Country Oaks Campgrounds","elev_ft":95}},{"type":"Feature","geometry":{"type":"Point","coordinates":[-75.086234,39.729516]},"properties":{"kind":"rv_park","src":"osm","osm":"way/106463509","name":"Lake Kandle","elev_ft":135}},{"type":"Feature","geometry":{"type":"Point","coordinates":[-74.670191,39.248235]},"properties":{"kind":"campsite","src":"osm","osm":"way/109485211","name":"Whippoorwill Campground","website":"https://wwcgnj.com","elev_ft":36}},{"type":"Feature","geometry":{"type":"Point","coordinates":[-74.710765,40.782648]},"properties":{"kind":"campsite","src":"osm","osm":"way/149184991","elev_ft":850}},{"type":"Feature","geometry":{"type":"Point","coordinates":[-74.942641,41.063536]},"properties":{"kind":"campsite","src":"osm","osm":"way/231284222","name":"Camp No-Be-Bo-Sco","operator":"Northern New Jersey Council, Boy Scouts of America","elev_ft":1047}},{"type":"Feature","geometry":{"type":"Point","coordinates":[-74.997723,41.038438]},"properties":{"kind":"campsite","src":"osm","osm":"way/260995984","name":"AMC Mohican Outdoor Center","operator":"Appalachian Mountain Club","elev_ft":1188}},{"type":"Feature","geometry":{"type":"Point","coordinates":[-74.240076,41.0653]},"properties":{"kind":"campsite","src":"osm","osm":"way/262106279","name":"Camp Glen Gray","fee":"yes","access":"customers","website":"https://www.co.bergen.nj.us/parks-recreation-areas/camp-glen-gray","elev_ft":771}},{"type":"Feature","geometry":{"type":"Point","coordinates":[-74.362636,41.022796]},"properties":{"kind":"campsite","src":"osm","osm":"way/262934075","name":"Camp Vacamas","elev_ft":696}},{"type":"Feature","geometry":{"type":"Point","coordinates":[-74.710341,40.860453]},"properties":{"kind":"campsite","src":"osm","osm":"way/265349067","name":"Camp Deeny Riback","operator":"JCC MetroWest","website":"https://jccmetrowest.org/venue/camp-deeny-riback/","elev_ft":1122}},{"type":"Feature","geometry":{"type":"Point","coordinates":[-74.348749,41.020006]},"properties":{"kind":"campsite","src":"osm","osm":"way/276639547","name":"Salvation Army Star Lake Camp","elev_ft":535}},{"type":"Feature","geometry":{"type":"Point","coordinates":[-74.044376,40.712461]},"properties":{"kind":"rv_park","src":"osm","osm":"way/354408901","name":"Liberty Harbor RV","fee":"yes","operator":"Liberty Harbor Marina","website":"https://www.libertyharborrv.com/","capacity":"50","drinking_water":"yes","toilets":"yes","elev_ft":10}},{"type":"Feature","geometry":{"type":"Point","coordinates":[-74.845122,39.07405]},"properties":{"kind":"campsite","src":"osm","osm":"way/362631422","name":"Adventure Bound Camping Resort","elev_ft":43}},{"type":"Feature","geometry":{"type":"Point","coordinates":[-74.846912,39.070512]},"properties":{"kind":"campsite","src":"osm","osm":"way/362631423","name":"Shellbay Campground","elev_ft":39}},{"type":"Feature","geometry":{"type":"Point","coordinates":[-74.894041,39.077924]},"properties":{"kind":"campsite","src":"osm","osm":"way/362669233","name":"King Nummy Trail Camoground","elev_ft":16}},{"type":"Feature","geometry":{"type":"Point","coordinates":[-74.433391,39.624088]},"properties":{"kind":"campsite","src":"osm","osm":"way/393070918","name":"South Shore Campground","fee":"yes","operator":"NJ State Park Service, Bass River State Forest","website":"https://www.state.nj.us/dep/parksandforests/parks/bass.html","desc":"83 tent/trailer sites (no hookups) and 9 enclosed lean-tos","elev_ft":43}},{"type":"Feature","geometry":{"type":"Point","coordinates":[-74.425347,39.630476]},"properties":{"kind":"campsite","src":"osm","osm":"way/393080177","name":"North Shore Campground","fee":"yes","operator":"NJ State Park Service, Bass River State Forest","website":"https://www.state.nj.us/dep/parksandforests/parks/bass.html","desc":"93 tent/trailer sites (no hookups), 6 lake-side shelters, and 6 lake-front cabins.","elev_ft":39}},{"type":"Feature","geometry":{"type":"Point","coordinates":[-74.640484,41.27423]},"properties":{"kind":"campsite","src":"osm","osm":"way/414840620","name":"Pleasant Acres Farm Campground","elev_ft":781}},{"type":"Feature","geometry":{"type":"Point","coordinates":[-74.337594,40.441426]},"properties":{"kind":"campsite","src":"osm","osm":"way/467545082","name":"Capik Scout Camp","elev_ft":69}},{"type":"Feature","geometry":{"type":"Point","coordinates":[-74.549639,40.001061]},"properties":{"kind":"rv_park","src":"osm","osm":"way/482321338","name":"Range 14","elev_ft":105}},{"type":"Feature","geometry":{"type":"Point","coordinates":[-75.371738,39.798584]},"properties":{"kind":"rv_park","src":"osm","osm":"way/598339069","name":"RV Parking","elev_ft":16}},{"type":"Feature","geometry":{"type":"Point","coordinates":[-74.857246,39.242531]},"properties":{"kind":"campsite","src":"osm","osm":"way/692876184","name":"CCC Camping Area","elev_ft":59}},{"type":"Feature","geometry":{"type":"Point","coordinates":[-74.85466,39.243471]},"properties":{"kind":"campsite","src":"osm","osm":"way/692876185","name":"Meisle Camping Area","elev_ft":56}},{"type":"Feature","geometry":{"type":"Point","coordinates":[-75.022417,40.912281]},"properties":{"kind":"campsite","src":"osm","osm":"way/714786003","name":"TripleBrook Camping Resort","website":"https://triplebrook.com/","elev_ft":604}},{"type":"Feature","geometry":{"type":"Point","coordinates":[-75.274312,39.620827]},"properties":{"kind":"campsite","src":"osm","osm":"way/714956283","name":"Four Seasons Family Campground","website":"https://fourseasonscamping.com/","elev_ft":112}},{"type":"Feature","geometry":{"type":"Point","coordinates":[-74.610478,40.010559]},"properties":{"kind":"rv_park","src":"osm","osm":"way/757109722","capacity":"8","elev_ft":141}},{"type":"Feature","geometry":{"type":"Point","coordinates":[-74.611986,40.011543]},"properties":{"kind":"campsite","src":"osm","osm":"way/757209983","name":"Camp Dix","website":"https://gomdl.com/activities/outdoor-recreation/","capacity":"6","elev_ft":141}},{"type":"Feature","geometry":{"type":"Point","coordinates":[-74.785801,39.131832]},"properties":{"kind":"campsite","src":"osm","osm":"way/839518016","name":"Ponderosa Campground","fee":"yes","access":"customers","elev_ft":46}},{"type":"Feature","geometry":{"type":"Point","coordinates":[-74.447615,40.991716]},"properties":{"kind":"campsite","src":"osm","osm":"way/922863632","name":"Camp Winnebago","access":"private","operator":"Boy Scouts of America","elev_ft":932}},{"type":"Feature","geometry":{"type":"Point","coordinates":[-74.897687,38.97863]},"properties":{"kind":"rv_park","src":"osm","osm":"way/931616392","name":"Sun Outdoors Cape May","operator":"Sun RV Resorts","website":"https://www.sunrvresorts.com/resorts/mid-atlantic/new-jersey/sun-outdoors-cape-may","elev_ft":62}},{"type":"Feature","geometry":{"type":"Point","coordinates":[-74.933208,38.944997]},"properties":{"kind":"campsite","src":"osm","osm":"way/1014647652","name":"The Depot Travel Park","fee":"yes","website":"https://thedepottravelpark.com/","toilets":"yes","reservation":"yes","elev_ft":23}},{"type":"Feature","geometry":{"type":"Point","coordinates":[-74.931461,38.944498]},"properties":{"kind":"rv_park","src":"osm","osm":"way/1014656221","name":"Main Office","elev_ft":20}},{"type":"Feature","geometry":{"type":"Point","coordinates":[-74.933991,38.945287]},"properties":{"kind":"water","src":"osm","osm":"way/1014885496","name":"Pump House","elev_ft":23}},{"type":"Feature","geometry":{"type":"Point","coordinates":[-74.736171,41.240316]},"properties":{"kind":"campsite","src":"osm","osm":"way/1105407939","name":"Steam Mill Camping Area","operator":"New Jersey Division of Parks and Forestry","elev_ft":866}},{"type":"Feature","geometry":{"type":"Point","coordinates":[-74.713078,41.132802]},"properties":{"kind":"rv_park","src":"osm","osm":"way/1107619649","elev_ft":515}},{"type":"Feature","geometry":{"type":"Point","coordinates":[-74.120925,40.137206]},"properties":{"kind":"campsite","src":"osm","osm":"way/1110273118","name":"Allaire State Park Group Campground","elev_ft":102}},{"type":"Feature","geometry":{"type":"Point","coordinates":[-75.319376,39.817544]},"properties":{"kind":"rv_park","src":"osm","osm":"way/1111630519","name":"Bridgeport Speedway Campground","website":"https://www.bpspeedway.com/fan-guide/","reservation":"required","elev_ft":13}},{"type":"Feature","geometry":{"type":"Point","coordinates":[-74.92329,39.811422]},"properties":{"kind":"campsite","src":"osm","osm":"way/1124313553","elev_ft":184}},{"type":"Feature","geometry":{"type":"Point","coordinates":[-74.468325,39.541519]},"properties":{"kind":"rv_park","src":"osm","osm":"way/1127560183","name":"Chestnut Lake RV Resort","operator":"Thousand Trails","website":"https://thousandtrails.com/new-jersey/chestnut-lake-rv-campground/","toilets":"yes","elev_ft":23}},{"type":"Feature","geometry":{"type":"Point","coordinates":[-74.710187,39.219223]},"properties":{"kind":"rv_park","src":"osm","osm":"way/1143937794","name":"Ocean Isle Camping Resort","website":"https://www.oceanislenj.com/","desc":"Seasonal-only site. For example April 1 2022-October 31, 2022","toilets":"yes","reservation":"required","elev_ft":30}},{"type":"Feature","geometry":{"type":"Point","coordinates":[-74.253055,40.440393]},"properties":{"kind":"campsite","src":"osm","osm":"way/1268402851","name":"Cheesequake State Park Campground","operator":"New Jersey State Park Service","website":"https://nj.gov/dep/parksandforests/parks/cheesequakestatepark.html","toilets":"yes","reservation":"recommended","elev_ft":79}},{"type":"Feature","geometry":{"type":"Point","coordinates":[-73.995854,40.450072]},"properties":{"kind":"campsite","src":"osm","osm":"way/1268405937","name":"Camp Gateway - Sandy Hook","operator":"National Park Service","website":"https://www.nps.gov/gate/planyourvisit/camping-at-gateway.htm","elev_ft":16}},{"type":"Feature","geometry":{"type":"Point","coordinates":[-74.660901,39.192964]},"properties":{"kind":"rv_park","src":"osm","osm":"way/1290278542","elev_ft":7}},{"type":"Feature","geometry":{"type":"Point","coordinates":[-74.526284,40.957759]},"properties":{"kind":"rv_park","src":"osm","osm":"way/1333097786","access":"private","elev_ft":883}},{"type":"Feature","geometry":{"type":"Point","coordinates":[-74.907564,38.983944]},"properties":{"kind":"campsite","src":"osm","osm":"way/1344485848","elev_ft":33}},{"type":"Feature","geometry":{"type":"Point","coordinates":[-74.347322,41.074374]},"properties":{"kind":"campsite","src":"osm","osm":"way/1377588493","name":"Camp Wyanokie","fee":"yes","elev_ft":915}},{"type":"Feature","geometry":{"type":"Point","coordinates":[-74.687786,41.295657]},"properties":{"kind":"campsite","src":"osm","osm":"way/1377921506","name":"Sawmill Lake Camping Area","elev_ft":1230}},{"type":"Feature","geometry":{"type":"Point","coordinates":[-74.621391,40.262955]},"properties":{"kind":"campsite","src":"osm","osm":"way/1382054420","name":"Campgrounds","elev_ft":95}},{"type":"Feature","geometry":{"type":"Point","coordinates":[-74.782525,39.84758]},"properties":{"kind":"campsite","src":"osm","osm":"way/1388152810","name":"YMCA of the Pines","website":"https://ycamp.org/","elev_ft":98}},{"type":"Feature","geometry":{"type":"Point","coordinates":[-74.764032,41.227502]},"properties":{"kind":"campsite","src":"osm","osm":"way/1421863325","name":"Lake Ocquittunk Camping Area","elev_ft":715}},{"type":"Feature","geometry":{"type":"Point","coordinates":[-74.768988,39.147531]},"properties":{"kind":"campsite","src":"osm","osm":"way/1467326837","name":"Avalon Campground","website":"https://www.avaloncampground.com/","elev_ft":43}},{"type":"Feature","geometry":{"type":"Point","coordinates":[-74.680393,41.30864]},"properties":{"kind":"campsite","src":"osm","osm":"way/1479945765","elev_ft":1401}},{"type":"Feature","geometry":{"type":"Point","coordinates":[-75.140175,39.507944]},"properties":{"kind":"campsite","src":"osm","osm":"way/1484176151","name":"Jaggers Point Camping Area","elev_ft":95}},{"type":"Feature","geometry":{"type":"Point","coordinates":[-74.308833,39.628458]},"properties":{"kind":"campsite","src":"osm","osm":"relation/10907399","name":"Sea Pirate Campground","elev_ft":39}},{"type":"Feature","geometry":{"type":"Point","coordinates":[-74.90589,38.973971]},"properties":{"kind":"campsite","src":"osm","osm":"relation/11038164","name":"Cape Island Resort","website":"http://www.capeislandresort.net/","elev_ft":20}},{"type":"Feature","geometry":{"type":"Point","coordinates":[-75.096934,41.007412]},"properties":{"kind":"campsite","src":"osm","osm":"relation/11286999","name":"Worthington State Forest Campground","operator":"NJ Department of Environmental Protection","website":"https://www.njportal.com/DEP/NJOutdoors/Park/Details?locationId=20","elev_ft":364}},{"type":"Feature","geometry":{"type":"Point","coordinates":[-74.317943,39.634647]},"properties":{"kind":"campsite","src":"osm","osm":"relation/13034332","name":"Baker's Acres Campground","elev_ft":46}},{"type":"Feature","geometry":{"type":"Point","coordinates":[-74.908965,41.080595]},"properties":{"kind":"campsite","src":"osm","osm":"relation/16864104","name":"Fairview Lake YMCA Camp","operator":"YMCA of the Oranges","website":"https://www.fairviewlakeymca.org/","elev_ft":971}},{"type":"Feature","geometry":{"type":"Point","coordinates":[-74.772148,40.92635]},"properties":{"kind":"campsite","src":"osm","osm":"relation/19016026","name":"Camp Allamuchy","access":"private","operator":"Scouting America","elev_ft":869}},{"type":"Feature","geometry":{"type":"Point","coordinates":[-74.414777,40.100826]},"properties":{"kind":"campsite","src":"osm","osm":"relation/20219501","name":"Indian Rock Campground","website":"https://indianrockrvpark.com","elev_ft":157}},{"type":"Feature","geometry":{"type":"Point","coordinates":[-74.993811,39.938112]},"properties":{"kind":"trailhead","src":"osm","osm":"node/103449630","name":"Chery Valley Trails","elev_ft":52}},{"type":"Feature","geometry":{"type":"Point","coordinates":[-74.96674,39.978896]},"properties":{"kind":"trailhead","src":"osm","osm":"node/103468852","elev_ft":69}},{"type":"Feature","geometry":{"type":"Point","coordinates":[-74.961946,39.972421]},"properties":{"kind":"trailhead","src":"osm","osm":"node/103585927","elev_ft":75}},{"type":"Feature","geometry":{"type":"Point","coordinates":[-74.970048,39.978011]},"properties":{"kind":"trailhead","src":"osm","osm":"node/103628735","elev_ft":62}},{"type":"Feature","geometry":{"type":"Point","coordinates":[-74.329893,40.882001]},"properties":{"kind":"trailhead","src":"osm","osm":"node/103763891","name":"Great Piece Meadows Reserve","fee":"no","access":"yes","elev_ft":197}},{"type":"Feature","geometry":{"type":"Point","coordinates":[-74.958837,39.970218]},"properties":{"kind":"trailhead","src":"osm","osm":"node/103811633","elev_ft":82}},{"type":"Feature","geometry":{"type":"Point","coordinates":[-74.9599,40.578709]},"properties":{"kind":"trailhead","src":"osm","osm":"node/103980943","name":"Capoolong Creek Trailhead Peach Exchange","fee":"no","elev_ft":407}},{"type":"Feature","geometry":{"type":"Point","coordinates":[-74.945465,40.583949]},"properties":{"kind":"trailhead","src":"osm","osm":"node/103980989","name":"Capoolong Creek","fee":"no","access":"yes","operator":"New Jersey Department of Environmental Protection","elev_ft":344}},{"type":"Feature","geometry":{"type":"Point","coordinates":[-74.922942,40.599569]},"properties":{"kind":"trailhead","src":"osm","osm":"node/103981086","name":"Capoolong Creek WMA Trailhead (Sidney Road)","operator":"New Jersey Department of Environmental Protection","elev_ft":243}},{"type":"Feature","geometry":{"type":"Point","coordinates":[-74.944143,40.593483]},"properties":{"kind":"trailhead","src":"osm","osm":"node/104008148","name":"Capoolong Creek Trailhead Kingtown","operator":"New Jersey Department of Environmental Protection","elev_ft":295}},{"type":"Feature","geometry":{"type":"Point","coordinates":[-74.943825,40.593821]},"properties":{"kind":"trailhead","src":"osm","osm":"node/104008160","name":"Capoolong Creek Trailhead Kingtown","fee":"no","operator":"New Jersey Department of Environmental Protection","elev_ft":295}},{"type":"Feature","geometry":{"type":"Point","coordinates":[-74.939299,40.594196]},"properties":{"kind":"trailhead","src":"osm","osm":"node/104008226","name":"Capoolong Creek WMA Trailhead (Myers Property)","fee":"no","operator":"New Jersey Department of Environmental Protection","elev_ft":276}},{"type":"Feature","geometry":{"type":"Point","coordinates":[-74.389105,41.003275]},"properties":{"kind":"trailhead","src":"osm","osm":"node/104856501","name":"Red Trail","elev_ft":906}},{"type":"Feature","geometry":{"type":"Point","coordinates":[-75.081733,41.013101]},"properties":{"kind":"trailhead","src":"osm","osm":"node/105566668","elev_ft":377}},{"type":"Feature","geometry":{"type":"Point","coordinates":[-74.816063,40.869873]},"properties":{"kind":"trailhead","src":"osm","osm":"node/105628224","name":"Morris Canal Trail - Bilby Road","elev_ft":650}},{"type":"Feature","geometry":{"type":"Point","coordinates":[-74.428706,40.340974]},"properties":{"kind":"trailhead","src":"osm","osm":"node/484066890","elev_ft":72}},{"type":"Feature","geometry":{"type":"Point","coordinates":[-75.126006,40.972013]},"properties":{"kind":"trailhead","src":"osm","osm":"node/663295300","name":"Appalachian Trail","elev_ft":407}},{"type":"Feature","geometry":{"type":"Point","coordinates":[-74.298718,40.981407]},"properties":{"kind":"trailhead","src":"osm","osm":"node/698278721","name":"Pompton Valley Rail Trail - River Drive Trailhead","fee":"no","elev_ft":200}},{"type":"Feature","geometry":{"type":"Point","coordinates":[-74.912981,40.634279]},"properties":{"kind":"trailhead","src":"osm","osm":"node/1108597071","name":"Landsdown Trail Trailhead (Fox Lumber)","operator":"Hunterdon County Parks System","elev_ft":207}},{"type":"Feature","geometry":{"type":"Point","coordinates":[-74.638868,40.564833]},"properties":{"kind":"trailhead","src":"osm","osm":"node/1223854174","name":"Canal Trail","fee":"no","access":"yes","elev_ft":62}},{"type":"Feature","geometry":{"type":"Point","coordinates":[-74.629388,40.342932]},"properties":{"kind":"trailhead","src":"osm","osm":"node/1580534725","name":"Delaware River Heritage Trail Trailhead","elev_ft":62}},{"type":"Feature","geometry":{"type":"Point","coordinates":[-75.125744,40.972113]},"properties":{"kind":"trailhead","src":"osm","osm":"node/1692233404","elev_ft":410}},{"type":"Feature","geometry":{"type":"Point","coordinates":[-74.43539,40.334668]},"properties":{"kind":"trailhead","src":"osm","osm":"node/1812760691","elev_ft":174}},{"type":"Feature","geometry":{"type":"Point","coordinates":[-74.433151,40.337125]},"properties":{"kind":"trailhead","src":"osm","osm":"node/2083992316","elev_ft":144}},{"type":"Feature","geometry":{"type":"Point","coordinates":[-74.435413,40.334638]},"properties":{"kind":"trailhead","src":"osm","osm":"node/2083992410","elev_ft":174}},{"type":"Feature","geometry":{"type":"Point","coordinates":[-74.718377,40.155929]},"properties":{"kind":"trailhead","src":"osm","osm":"node/2207623626","elev_ft":10}},{"type":"Feature","geometry":{"type":"Point","coordinates":[-74.912438,40.608064]},"properties":{"kind":"trailhead","src":"osm","osm":"node/2488960632","name":"Landsdown Trail (Lower Landsdown Road)","fee":"no","operator":"Hunterdon County Parks System","elev_ft":194}},{"type":"Feature","geometry":{"type":"Point","coordinates":[-74.926636,40.598007]},"properties":{"kind":"trailhead","src":"osm","osm":"node/2488967227","name":"Capoolong Creek WMA Trailhead (Lower Kingtown Road)","operator":"New Jersey Department of Environmental Protection","elev_ft":292}},{"type":"Feature","geometry":{"type":"Point","coordinates":[-74.25211,41.03233]},"properties":{"kind":"trailhead","src":"osm","osm":"node/2560761810","elev_ft":361}},{"type":"Feature","geometry":{"type":"Point","coordinates":[-74.788376,40.421352]},"properties":{"kind":"trailhead","src":"osm","osm":"node/3131320059","name":"Orange Trailhead","fee":"no","access":"yes","elev_ft":509}},{"type":"Feature","geometry":{"type":"Point","coordinates":[-74.787022,40.431098]},"properties":{"kind":"trailhead","src":"osm","osm":"node/3131345775","name":"Blue Trailhead","fee":"no","access":"yes","elev_ft":525}},{"type":"Feature","geometry":{"type":"Point","coordinates":[-74.758354,40.331298]},"properties":{"kind":"trailhead","src":"osm","osm":"node/3476728372","name":"Lawrence Hopewell Trail Trailhead","elev_ft":164}},{"type":"Feature","geometry":{"type":"Point","coordinates":[-74.443009,39.624386]},"properties":{"kind":"trailhead","src":"osm","osm":"node/3545827398","name":"Batona Trail Bass River Trailhead","elev_ft":33}},{"type":"Feature","geometry":{"type":"Point","coordinates":[-74.717417,40.154887]},"properties":{"kind":"trailhead","src":"osm","osm":"node/3836335576","name":"Delaware River Heritage Trail Trailhead","elev_ft":20}},{"type":"Feature","geometry":{"type":"Point","coordinates":[-74.251717,41.047789]},"properties":{"kind":"trailhead","src":"osm","osm":"node/3953085967","name":"Upper Parking Trailhead","elev_ft":856}},{"type":"Feature","geometry":{"type":"Point","coordinates":[-74.51418,40.456358]},"properties":{"kind":"trailhead","src":"osm","osm":"node/4065240973","name":"Jersey Knights Soccer Club Trailhead","elev_ft":102}},{"type":"Feature","geometry":{"type":"Point","coordinates":[-74.345433,41.037566]},"properties":{"kind":"trailhead","src":"osm","osm":"node/4254904081","name":"Wyanokie Crest Trailhead","access":"yes","operator":"New York-New Jersey Trail Conference","elev_ft":600}},{"type":"Feature","geometry":{"type":"Point","coordinates":[-74.914461,40.606632]},"properties":{"kind":"trailhead","src":"osm","osm":"node/4387565525","name":"Capoolong Creek WMA Trailhead (Landsdown Road)","fee":"no","operator":"New Jersey Department of Environmental Protection","elev_ft":203}},{"type":"Feature","geometry":{"type":"Point","coordinates":[-75.128391,40.989191]},"properties":{"kind":"trailhead","src":"osm","osm":"node/5687980844","name":"Karamac Trail","elev_ft":512}},{"type":"Feature","geometry":{"type":"Point","coordinates":[-74.923876,40.669398]},"properties":{"kind":"trailhead","src":"osm","osm":"node/5802489952","elev_ft":279}},{"type":"Feature","geometry":{"type":"Point","coordinates":[-74.951759,40.379747]},"properties":{"kind":"trailhead","src":"osm","osm":"node/6352280632","toilets":"no","elev_ft":72}},{"type":"Feature","geometry":{"type":"Point","coordinates":[-74.688239,40.506814]},"properties":{"kind":"trailhead","src":"osm","osm":"node/6785950352","name":"Mike Merdinger Memorial Trail","fee":"no","access":"yes","operator":"Hillsborough Parks & Recreation Department","elev_ft":141}},{"type":"Feature","geometry":{"type":"Point","coordinates":[-75.32147,39.414195]},"properties":{"kind":"trailhead","src":"osm","osm":"node/6833420968","fee":"no","elev_ft":39}},{"type":"Feature","geometry":{"type":"Point","coordinates":[-74.784898,40.333227]},"properties":{"kind":"trailhead","src":"osm","osm":"node/6928967278","elev_ft":197}},{"type":"Feature","geometry":{"type":"Point","coordinates":[-74.284038,41.041088]},"properties":{"kind":"trailhead","src":"osm","osm":"node/7098638774","name":"Wanaque Reserve Trailhead","access":"private","elev_ft":240}},{"type":"Feature","geometry":{"type":"Point","coordinates":[-74.793772,40.362884]},"properties":{"kind":"trailhead","src":"osm","osm":"node/7099961856","elev_ft":236}},{"type":"Feature","geometry":{"type":"Point","coordinates":[-74.953951,39.887324]},"properties":{"kind":"trailhead","src":"osm","osm":"node/7254721084","elev_ft":72}},{"type":"Feature","geometry":{"type":"Point","coordinates":[-74.741823,40.502455]},"properties":{"kind":"trailhead","src":"osm","osm":"node/7380043434","elev_ft":69}},{"type":"Feature","geometry":{"type":"Point","coordinates":[-75.146917,40.689083]},"properties":{"kind":"trailhead","src":"osm","osm":"node/7419580418","name":"Morris Canal Greenway - Strykers Road Access","elev_ft":262}},{"type":"Feature","geometry":{"type":"Point","coordinates":[-75.082485,41.012797]},"properties":{"kind":"trailhead","src":"osm","osm":"node/7463545611","elev_ft":404}},{"type":"Feature","geometry":{"type":"Point","coordinates":[-75.127599,40.989228]},"properties":{"kind":"trailhead","src":"osm","osm":"node/7463566320","name":"Farview Trail","elev_ft":512}},{"type":"Feature","geometry":{"type":"Point","coordinates":[-75.070306,41.017438]},"properties":{"kind":"trailhead","src":"osm","osm":"node/7466246830","elev_ft":371}},{"type":"Feature","geometry":{"type":"Point","coordinates":[-75.098455,41.0048]},"properties":{"kind":"trailhead","src":"osm","osm":"node/7466246875","elev_ft":400}},{"type":"Feature","geometry":{"type":"Point","coordinates":[-74.965617,39.973619]},"properties":{"kind":"trailhead","src":"osm","osm":"node/7599054924","elev_ft":62}},{"type":"Feature","geometry":{"type":"Point","coordinates":[-74.959568,39.969821]},"properties":{"kind":"trailhead","src":"osm","osm":"node/7604305627","elev_ft":82}},{"type":"Feature","geometry":{"type":"Point","coordinates":[-74.958301,39.96907]},"properties":{"kind":"trailhead","src":"osm","osm":"node/7604305630","elev_ft":79}},{"type":"Feature","geometry":{"type":"Point","coordinates":[-74.960244,39.970749]},"properties":{"kind":"trailhead","src":"osm","osm":"node/7604305634","elev_ft":82}},{"type":"Feature","geometry":{"type":"Point","coordinates":[-74.96019,39.970677]},"properties":{"kind":"trailhead","src":"osm","osm":"node/7604305650","elev_ft":82}},{"type":"Feature","geometry":{"type":"Point","coordinates":[-74.285795,41.034688]},"properties":{"kind":"trailhead","src":"osm","osm":"node/7611326933","name":"Back Beach Park Trailhead","access":"yes","operator":"New York\u2013New Jersey Trail Conference","elev_ft":240}},{"type":"Feature","geometry":{"type":"Point","coordinates":[-74.653009,40.332034]},"properties":{"kind":"trailhead","src":"osm","osm":"node/7681013499","name":"D&R Canal TowpathTrailhead","elev_ft":82}},{"type":"Feature","geometry":{"type":"Point","coordinates":[-74.618719,40.374275]},"properties":{"kind":"trailhead","src":"osm","osm":"node/7681013501","name":"D&R Canal Towpath Trailhead","fee":"no","access":"yes","operator":"New Jersey Division of Parks and Forestry","toilets":"yes","elev_ft":69}},{"type":"Feature","geometry":{"type":"Point","coordinates":[-74.62794,40.399739]},"properties":{"kind":"trailhead","src":"osm","osm":"node/7681013502","name":"D&R Canal TowpathTrailhead","elev_ft":66}},{"type":"Feature","geometry":{"type":"Point","coordinates":[-75.148567,39.652578]},"properties":{"kind":"trailhead","src":"osm","osm":"node/7681101609","name":"Elephant Swamp Trail Trailhead","elev_ft":141}},{"type":"Feature","geometry":{"type":"Point","coordinates":[-75.159459,39.628993]},"properties":{"kind":"trailhead","src":"osm","osm":"node/7681101612","name":"Elephant Swamp Trail Trailhead","elev_ft":135}},{"type":"Feature","geometry":{"type":"Point","coordinates":[-75.104539,39.697759]},"properties":{"kind":"trailhead","src":"osm","osm":"node/7681101620","name":"Harrison G. Shaw Bike Trail","elev_ft":148}},{"type":"Feature","geometry":{"type":"Point","coordinates":[-74.745028,40.329153]},"properties":{"kind":"trailhead","src":"osm","osm":"node/7689062618","name":"Lawrence Hopewell Trail Trailhead","elev_ft":194}},{"type":"Feature","geometry":{"type":"Point","coordinates":[-75.123733,40.971867]},"properties":{"kind":"trailhead","src":"osm","osm":"node/7699471225","name":"Red Dot Trail","elev_ft":449}},{"type":"Feature","geometry":{"type":"Point","coordinates":[-74.267582,41.018874]},"properties":{"kind":"trailhead","src":"osm","osm":"node/7738140650","name":"Pool Hollow Trailhead","access":"yes","operator":"New York-New Jersey Trail Conference","elev_ft":276}},{"type":"Feature","geometry":{"type":"Point","coordinates":[-74.834271,39.992426]},"properties":{"kind":"trailhead","src":"osm","osm":"node/7824479664","elev_ft":66}},{"type":"Feature","geometry":{"type":"Point","coordinates":[-74.735163,40.505217]},"properties":{"kind":"trailhead","src":"osm","osm":"node/7863474178","elev_ft":82}},{"type":"Feature","geometry":{"type":"Point","coordinates":[-74.856758,38.952717]},"properties":{"kind":"trailhead","src":"osm","osm":"node/8104410339","name":"Two Mile Beach West Access","elev_ft":3}},{"type":"Feature","geometry":{"type":"Point","coordinates":[-74.263304,41.054477]},"properties":{"kind":"trailhead","src":"osm","osm":"node/8105080455","name":"Wolfe Drive Trailhead","access":"yes","operator":"New York-New Jersey Trail Conference","elev_ft":633}},{"type":"Feature","geometry":{"type":"Point","coordinates":[-74.453889,41.02965]},"properties":{"kind":"trailhead","src":"osm","osm":"node/8222285171","name":"Four Birds Trail Head","access":"permit","operator":"Newark Watershed","elev_ft":804}},{"type":"Feature","geometry":{"type":"Point","coordinates":[-74.374745,41.086613]},"properties":{"kind":"trailhead","src":"osm","osm":"node/8222722088","name":"Land Conservancy Trailhead","elev_ft":1007}},{"type":"Feature","geometry":{"type":"Point","coordinates":[-74.454275,41.02958]},"properties":{"kind":"trailhead","src":"osm","osm":"node/8281751646","name":"Four Birds Trailhead","access":"permit","elev_ft":843}},{"type":"Feature","geometry":{"type":"Point","coordinates":[-74.446082,41.050541]},"properties":{"kind":"trailhead","src":"osm","osm":"node/8281783383","name":"Four Birds Trailhead","access":"permit","elev_ft":784}},{"type":"Feature","geometry":{"type":"Point","coordinates":[-74.907627,41.009086]},"properties":{"kind":"trailhead","src":"osm","osm":"node/8284969925","elev_ft":505}},{"type":"Feature","geometry":{"type":"Point","coordinates":[-74.922082,40.998896]},"properties":{"kind":"trailhead","src":"osm","osm":"node/8308804691","elev_ft":522}},{"type":"Feature","geometry":{"type":"Point","coordinates":[-74.921285,40.996082]},"properties":{"kind":"trailhead","src":"osm","osm":"node/8308886727","elev_ft":525}},{"type":"Feature","geometry":{"type":"Point","coordinates":[-74.939829,40.562675]},"properties":{"kind":"trailhead","src":"osm","osm":"node/8313359302","name":"Quakertown Preserve","fee":"no","access":"yes","operator":"Hunterdon Land Trust","elev_ft":650}},{"type":"Feature","geometry":{"type":"Point","coordinates":[-74.60688,40.624863]},"properties":{"kind":"trailhead","src":"osm","osm":"node/8330196130","elev_ft":312}},{"type":"Feature","geometry":{"type":"Point","coordinates":[-74.912772,40.99311]},"properties":{"kind":"trailhead","src":"osm","osm":"node/8357376929","elev_ft":446}},{"type":"Feature","geometry":{"type":"Point","coordinates":[-74.908377,41.096539]},"properties":{"kind":"trailhead","src":"osm","osm":"node/8423509392","elev_ft":1289}},{"type":"Feature","geometry":{"type":"Point","coordinates":[-74.910262,40.992026]},"properties":{"kind":"trailhead","src":"osm","osm":"node/8600098756","fee":"no","elev_ft":453}},{"type":"Feature","geometry":{"type":"Point","coordinates":[-74.90993,40.992249]},"properties":{"kind":"trailhead","src":"osm","osm":"node/8600098757","elev_ft":453}},{"type":"Feature","geometry":{"type":"Point","coordinates":[-74.419929,40.907483]},"properties":{"kind":"trailhead","src":"osm","osm":"node/8652185731","name":"Grace Lord Park Trailhead","fee":"no","elev_ft":509}},{"type":"Feature","geometry":{"type":"Point","coordinates":[-74.933985,41.007221]},"properties":{"kind":"trailhead","src":"osm","osm":"node/8715122031","elev_ft":502}},{"type":"Feature","geometry":{"type":"Point","coordinates":[-74.22385,39.754421]},"properties":{"kind":"trailhead","src":"osm","osm":"node/8842505521","elev_ft":52}},{"type":"Feature","geometry":{"type":"Point","coordinates":[-74.793158,40.336865]},"properties":{"kind":"trailhead","src":"osm","osm":"node/8853874140","elev_ft":210}},{"type":"Feature","geometry":{"type":"Point","coordinates":[-74.294955,40.894101]},"properties":{"kind":"trailhead","src":"osm","osm":"node/9309074028","name":"Great Piece Meadows Reserve","access":"yes","elev_ft":190}},{"type":"Feature","geometry":{"type":"Point","coordinates":[-74.727924,40.508813]},"properties":{"kind":"trailhead","src":"osm","osm":"node/9521429791","elev_ft":79}},{"type":"Feature","geometry":{"type":"Point","coordinates":[-74.911729,41.005467]},"properties":{"kind":"trailhead","src":"osm","osm":"node/10244195291","elev_ft":535}},{"type":"Feature","geometry":{"type":"Point","coordinates":[-74.95695,40.97492]},"properties":{"kind":"trailhead","src":"osm","osm":"node/10299410450","elev_ft":469}},{"type":"Feature","geometry":{"type":"Point","coordinates":[-74.918193,41.070679]},"properties":{"kind":"trailhead","src":"osm","osm":"node/10314896675","elev_ft":968}},{"type":"Feature","geometry":{"type":"Point","coordinates":[-74.406431,40.556812]},"properties":{"kind":"trailhead","src":"osm","osm":"node/11189409029","name":"Red Trail","operator":"Peter J. Barnes III Wildlife Preserve","elev_ft":92}},{"type":"Feature","geometry":{"type":"Point","coordinates":[-74.991406,39.679317]},"properties":{"kind":"trailhead","src":"osm","osm":"node/11343970294","elev_ft":157}},{"type":"Feature","geometry":{"type":"Point","coordinates":[-74.710902,40.267299]},"properties":{"kind":"trailhead","src":"osm","osm":"node/11352138978","elev_ft":69}},{"type":"Feature","geometry":{"type":"Point","coordinates":[-74.769551,40.701226]},"properties":{"kind":"trailhead","src":"osm","osm":"node/11435523575","operator":"Tewksbury Land Trust","elev_ft":732}},{"type":"Feature","geometry":{"type":"Point","coordinates":[-74.838011,40.960689]},"properties":{"kind":"trailhead","src":"osm","osm":"node/11472924638","elev_ft":653}},{"type":"Feature","geometry":{"type":"Point","coordinates":[-75.034084,40.410869]},"properties":{"kind":"trailhead","src":"osm","osm":"node/11647549213","elev_ft":121}},{"type":"Feature","geometry":{"type":"Point","coordinates":[-74.815995,40.383694]},"properties":{"kind":"trailhead","src":"osm","osm":"node/11660036183","elev_ft":233}},{"type":"Feature","geometry":{"type":"Point","coordinates":[-74.723411,40.88801]},"properties":{"kind":"trailhead","src":"osm","osm":"node/11664472541","name":"White Trail","fee":"no","elev_ft":942}},{"type":"Feature","geometry":{"type":"Point","coordinates":[-74.480397,41.235732]},"properties":{"kind":"trailhead","src":"osm","osm":"node/11709669169","name":"Appalachian Trail Entrance - Route 517","elev_ft":417}},{"type":"Feature","geometry":{"type":"Point","coordinates":[-75.165005,39.260367]},"properties":{"kind":"trailhead","src":"osm","osm":"node/12086497590","name":"Tat Starr Trailhead","access":"permissive","operator":"Natural Lands","elev_ft":26}},{"type":"Feature","geometry":{"type":"Point","coordinates":[-74.570954,40.474659]},"properties":{"kind":"trailhead","src":"osm","osm":"node/12145158598","name":"Canal Road Trailhead","elev_ft":56}},{"type":"Feature","geometry":{"type":"Point","coordinates":[-74.54471,40.469536]},"properties":{"kind":"trailhead","src":"osm","osm":"node/12145215842","name":"Middlebush Road Trailhead","elev_ft":59}},{"type":"Feature","geometry":{"type":"Point","coordinates":[-74.572588,40.475272]},"properties":{"kind":"trailhead","src":"osm","osm":"node/12145216509","name":"Blackwells Mills Trailhead","elev_ft":56}},{"type":"Feature","geometry":{"type":"Point","coordinates":[-75.024925,39.906087]},"properties":{"kind":"trailhead","src":"osm","osm":"node/12178560911","fee":"no","toilets":"yes","elev_ft":30}},{"type":"Feature","geometry":{"type":"Point","coordinates":[-74.944245,40.359557]},"properties":{"kind":"trailhead","src":"osm","osm":"node/12178874402","fee":"no","access":"yes","toilets":"yes","elev_ft":82}},{"type":"Feature","geometry":{"type":"Point","coordinates":[-74.176198,40.905336]},"properties":{"kind":"trailhead","src":"osm","osm":"node/12289027486","name":"5k Starting Line","elev_ft":466}},{"type":"Feature","geometry":{"type":"Point","coordinates":[-74.965854,41.007599]},"properties":{"kind":"trailhead","src":"osm","osm":"node/12312177381","name":"Maple Hill Preserve","fee":"no","access":"permissive","elev_ft":676}},{"type":"Feature","geometry":{"type":"Point","coordinates":[-74.862792,40.313579]},"properties":{"kind":"trailhead","src":"osm","osm":"node/12357130109","elev_ft":240}},{"type":"Feature","geometry":{"type":"Point","coordinates":[-74.856473,40.315097]},"properties":{"kind":"trailhead","src":"osm","osm":"node/12357186683","elev_ft":256}},{"type":"Feature","geometry":{"type":"Point","coordinates":[-74.694931,40.474046]},"properties":{"kind":"trailhead","src":"osm","osm":"node/12535677443","name":"Sourland Mountain Hiking Trail","website":"https://www.somersetcountyparks.org/sourland-mountain-preserve","elev_ft":174}},{"type":"Feature","geometry":{"type":"Point","coordinates":[-75.060259,40.424348]},"properties":{"kind":"trailhead","src":"osm","osm":"node/12795241402","name":"Point Pleasant Parking Lot","fee":"no","elev_ft":128}},{"type":"Feature","geometry":{"type":"Point","coordinates":[-75.061079,40.492128]},"properties":{"kind":"trailhead","src":"osm","osm":"node/12795241456","access":"yes","elev_ft":161}},{"type":"Feature","geometry":{"type":"Point","coordinates":[-75.062943,40.511993]},"properties":{"kind":"trailhead","src":"osm","osm":"node/12795241488","access":"yes","toilets":"yes","elev_ft":135}},{"type":"Feature","geometry":{"type":"Point","coordinates":[-74.857748,38.950162]},"properties":{"kind":"trailhead","src":"osm","osm":"node/13074951696","name":"Dune Trailhead","elev_ft":10}},{"type":"Feature","geometry":{"type":"Point","coordinates":[-74.856975,38.953022]},"properties":{"kind":"trailhead","src":"osm","osm":"node/13074985636","name":"Marsh Boardwalk Trailhead","elev_ft":0}},{"type":"Feature","geometry":{"type":"Point","coordinates":[-74.543203,40.38098]},"properties":{"kind":"trailhead","src":"osm","osm":"node/13095437467","elev_ft":95}},{"type":"Feature","geometry":{"type":"Point","coordinates":[-74.972482,39.884614]},"properties":{"kind":"trailhead","src":"osm","osm":"node/13140741917","name":"Kresson Trails","website":"https://www.chnj.gov/399/Cherry-Hill-Trails","elev_ft":79}},{"type":"Feature","geometry":{"type":"Point","coordinates":[-75.020214,39.900718]},"properties":{"kind":"trailhead","src":"osm","osm":"node/13143146079","name":"Croft Farm Trails","elev_ft":30}},{"type":"Feature","geometry":{"type":"Point","coordinates":[-74.265039,40.91528]},"properties":{"kind":"trailhead","src":"osm","osm":"node/13165442896","name":"Pompton Valley Rail Trail - Mountainview Blvd Trailhead","fee":"no","elev_ft":184}},{"type":"Feature","geometry":{"type":"Point","coordinates":[-74.726273,40.433816]},"properties":{"kind":"trailhead","src":"osm","osm":"node/13206595266","name":"Rock Mill Preserve Trail","fee":"no","access":"yes","operator":"Montgomery Parks & Recreation Department","elev_ft":279}},{"type":"Feature","geometry":{"type":"Point","coordinates":[-74.463821,40.508018]},"properties":{"kind":"trailhead","src":"osm","osm":"node/13238202181","name":"Landing Lane Trailhead","toilets":"no","elev_ft":36}},{"type":"Feature","geometry":{"type":"Point","coordinates":[-74.838071,39.99076]},"properties":{"kind":"trailhead","src":"osm","osm":"node/13332532389","elev_ft":39}},{"type":"Feature","geometry":{"type":"Point","coordinates":[-74.842003,39.991536]},"properties":{"kind":"trailhead","src":"osm","osm":"node/13332532390","elev_ft":33}},{"type":"Feature","geometry":{"type":"Point","coordinates":[-74.846673,39.991942]},"properties":{"kind":"trailhead","src":"osm","osm":"node/13332532391","elev_ft":30}},{"type":"Feature","geometry":{"type":"Point","coordinates":[-74.847268,39.98941]},"properties":{"kind":"trailhead","src":"osm","osm":"node/13332532392","elev_ft":16}},{"type":"Feature","geometry":{"type":"Point","coordinates":[-74.847248,39.989216]},"properties":{"kind":"trailhead","src":"osm","osm":"node/13332532393","elev_ft":16}},{"type":"Feature","geometry":{"type":"Point","coordinates":[-74.834791,39.995221]},"properties":{"kind":"trailhead","src":"osm","osm":"node/13332532394","elev_ft":39}},{"type":"Feature","geometry":{"type":"Point","coordinates":[-74.746193,40.185287]},"properties":{"kind":"trailhead","src":"osm","osm":"node/13726608552","elev_ft":43}},{"type":"Feature","geometry":{"type":"Point","coordinates":[-74.737991,40.963409]},"properties":{"kind":"campsite","src":"overture:meta","name":"Panther Lake Camping Resort","website":"https://pantherlakecampingresort.com/","addr":"6 Panther Lake Rd, Byram Twp","elev_ft":801}},{"type":"Feature","geometry":{"type":"Point","coordinates":[-74.652725,41.090504]},"properties":{"kind":"campsite","src":"overture:meta","name":"Camp Sacajawea","website":"http://www.camp-sacajawea.com/","addr":"251 White Lake Rd, Sparta","elev_ft":636}},{"type":"Feature","geometry":{"type":"Point","coordinates":[-74.505379,39.530106]},"properties":{"kind":"rv_park","src":"overture:meta","name":"Atlantic Blueberry RV Park","website":"https://www.atlanticblueberryrvp.com","addr":"283 Clarks Landing Rd, Port Republic","elev_ft":56}},{"type":"Feature","geometry":{"type":"Point","coordinates":[-74.902817,39.04903]},"properties":{"kind":"campsite","src":"overture:meta","name":"Acorn Campground","website":"https://thousandtrails.com/new-jersey/acorn-campground/?utm_source=yext&utm_medium=directory&utm_campaign=Yext+Directory+Listing","addr":"501 S Route 47, Middle Twp","elev_ft":23}},{"type":"Feature","geometry":{"type":"Point","coordinates":[-74.715294,39.414021]},"properties":{"kind":"rv_park","src":"overture:meta","name":"River Beach RV Resort","website":"http://www.riverbeachrvresort.com/","addr":"4678 Mays Landing-Somers Point Rd, Mays Landing","elev_ft":7}},{"type":"Feature","geometry":{"type":"Point","coordinates":[-74.71067,39.219345]},"properties":{"kind":"campsite","src":"overture:meta","name":"Ocean Isle Campground","website":"http://Oceanislenj.com/","addr":"64 RT-50, Ocean View","elev_ft":30}},{"type":"Feature","geometry":{"type":"Point","coordinates":[-74.808189,40.654652]},"properties":{"kind":"campsite","src":"overture:meta","name":"Baptist Camp & Conference Center","website":"http://www.facebook.com/#!/groups/2323897555/","addr":"79 Blossom Hill Rd, Lebanon","elev_ft":322}},{"type":"Feature","geometry":{"type":"Point","coordinates":[-75.338821,39.55685]},"properties":{"kind":"campsite","src":"overture:meta","name":"Camp Edge","website":"https://campedge.org/summer-camps/","addr":"26 Campedge Rd, Alloway","elev_ft":62}},{"type":"Feature","geometry":{"type":"Point","coordinates":[-74.639572,41.277554]},"properties":{"kind":"rv_park","src":"overture:meta","name":"Sun Retreats Pleasant Acres Farm","website":"https://www.sunoutdoors.com/new-jersey/sun-retreats-pleasant-acres-farm","addr":"61 Dewitt Rd, Sussex","elev_ft":827}},{"type":"Feature","geometry":{"type":"Point","coordinates":[-74.630028,40.612267]},"properties":{"kind":"campsite","src":"overture:meta","name":"JCC Camp Ruach","website":"http://www.jcccampruach.org/","addr":"775 Talamini Rd, Bridgewater","elev_ft":194}},{"type":"Feature","geometry":{"type":"Point","coordinates":[-74.725128,39.202644]},"properties":{"kind":"campsite","src":"overture:meta","name":"Seaville Shores","website":"http://www.seavilleshores-resort.com/","addr":"98 Corson Tavern Rd, Ocean View","elev_ft":33}},{"type":"Feature","geometry":{"type":"Point","coordinates":[-74.892097,40.950954]},"properties":{"kind":"campsite","src":"overture:meta","name":"Johnsonburg Camp & Retreat Center","website":"http://www.campjburg.org","addr":"822 CR-519, Blairstown","elev_ft":656}},{"type":"Feature","geometry":{"type":"Point","coordinates":[-74.74353,39.169212]},"properties":{"kind":"campsite","src":"overture:meta","name":"Pine Haven Campground","website":"https://thousandtrails.com/pine-haven-camping-resort/?utm_source=yext&utm_medium=directory&utm_campaign=Yext+Directory+Listing","addr":"2339 N Route 9, Cape May Court House","elev_ft":36}},{"type":"Feature","geometry":{"type":"Point","coordinates":[-74.752716,39.166008]},"properties":{"kind":"campsite","src":"overture:meta","name":"Tamerlane Campground","website":"http://www.newjerseycampgrounds.com/","addr":"2241 N Route 9, Cape May Court House","elev_ft":30}},{"type":"Feature","geometry":{"type":"Point","coordinates":[-74.74028,39.430347]},"properties":{"kind":"campsite","src":"overture:meta","name":"Pleasant Valley Family Campground","website":"http://pleasantvalleycamping.com/","addr":"60 S River Rd, Estell Manor","elev_ft":33}},{"type":"Feature","geometry":{"type":"Point","coordinates":[-75.103523,41.004765]},"properties":{"kind":"campsite","src":"overture:meta","name":"Worthington State Forest Campground","website":"http://www.state.nj.us/dep/parksandforests/parks/worthington.html","addr":"Worthington State Forest Campground, Hardwick Twp","elev_ft":354}},{"type":"Feature","geometry":{"type":"Point","coordinates":[-74.920448,39.512638]},"properties":{"kind":"campsite","src":"overture:meta","name":"Buena Vista Campground","website":"http://www.buenavistacampground.com/","addr":"775 Harding Hwy, Buena","elev_ft":102}},{"type":"Feature","geometry":{"type":"Point","coordinates":[-74.386559,40.265877]},"properties":{"kind":"campsite","src":"overture:meta","name":"Quail Hill Scout Reservation","website":"https://www.monmouthcouncilscouting.org/","addr":"56 La Valley Dr, Manalapan Twp","elev_ft":230}},{"type":"Feature","geometry":{"type":"Point","coordinates":[-75.105049,39.620338]},"properties":{"kind":"rv_park","src":"overture:meta","name":"Holly Green Camping Grounds","website":"http://hollygreencampinggrounds1.placeweb.site/","addr":"1718 Monroeville Rd, Franklin Twp","elev_ft":118}},{"type":"Feature","geometry":{"type":"Point","coordinates":[-74.749802,39.192776]},"properties":{"kind":"campsite","src":"overture:meta","name":"Sea Shore Lines Campground","website":"http://www.sandyshorescampground.com/","elev_ft":36}},{"type":"Feature","geometry":{"type":"Point","coordinates":[-75.277985,39.538902]},"properties":{"kind":"campsite","src":"overture:meta","name":"Adventure Bound Camping Resorts","website":"http://www.abcamping.com/jellystonenj","addr":"49 Beal Rd, Elmer","elev_ft":115}},{"type":"Feature","geometry":{"type":"Point","coordinates":[-74.909447,38.975716]},"properties":{"kind":"rv_park","src":"overture:meta","name":"Cape Island Resort","website":"https://www.sunoutdoors.com/new-jersey/sun-retreats-cape-island-resort?utm_source=facebook&utm_medium=organic&utm_campaign=facebook_listing","addr":"709 US-9, Lower Twp","elev_ft":26}},{"type":"Feature","geometry":{"type":"Point","coordinates":[-74.832748,39.128803]},"properties":{"kind":"campsite","src":"overture:meta","name":"Green Holly Campground","website":"http://www.newjerseycampgrounds.com/cgview.php?cg_id=69","addr":"335 Swainton Goshen Rd, Cape May Court House","elev_ft":30}},{"type":"Feature","geometry":{"type":"Point","coordinates":[-74.81089,39.128761]},"properties":{"kind":"rv_park","src":"overture:meta","name":"Sun Retreats Avalon","website":"https://www.sunoutdoors.com/new-jersey/sun-retreats-avalon","addr":"116 Swainton Goshen Rd, Cape May Court House","elev_ft":36}},{"type":"Feature","geometry":{"type":"Point","coordinates":[-74.756653,39.193531]},"properties":{"kind":"campsite","src":"overture:meta","name":"Seashore Line Camper Resort","website":"http://www.seashorelinecr.com/","addr":"720 Kings Hwy, Dennis Twp","elev_ft":33}},{"type":"Feature","geometry":{"type":"Point","coordinates":[-74.72776,39.197048]},"properties":{"kind":"campsite","src":"overture:meta","name":"Down the Shore Seasonal Campground","website":"http://www.downtheshorecampground.com/","addr":"561 Corsons Tavern Rd, Ocean View","elev_ft":39}},{"type":"Feature","geometry":{"type":"Point","coordinates":[-74.770729,39.15966]},"properties":{"kind":"campsite","src":"overture:meta","name":"Driftwood Too Campground","website":"http://www.driftwoodtoo.com/","addr":"1142 Route 83, Cape May Court House","elev_ft":36}},{"type":"Feature","geometry":{"type":"Point","coordinates":[-74.794724,39.127888]},"properties":{"kind":"campsite","src":"overture:meta","name":"Thousand Trails Sea Pines","website":"https://thousandtrails.com/new-jersey/sea-pines-rv-resort-campground/?utm_source=yext&utm_medium=directory&utm_campaign=Yext+Directory+Listing","addr":"1535 N Route 9, Cape May Court House","elev_ft":46}},{"type":"Feature","geometry":{"type":"Point","coordinates":[-74.602081,39.526527]},"properties":{"kind":"campsite","src":"overture:meta","name":"Holly Acres Campground","website":"https://qrfy.com/p/mtuvYm7yRv","addr":"218 S Frankfurt Ave, Egg Harbor City","elev_ft":62}},{"type":"Feature","geometry":{"type":"Point","coordinates":[-74.469254,39.541641]},"properties":{"kind":"campsite","src":"overture:meta","name":"Chestnut Lake RV Campground","addr":"631 Chestnut Neck Rd, Port Republic","elev_ft":23}},{"type":"Feature","geometry":{"type":"Point","coordinates":[-75.237305,39.807571]},"properties":{"kind":"campsite","src":"overture:meta","name":"Philadelphia South / Clarksboro KOA Holiday","website":"https://koa.com/campgrounds/philadelphia-south/","addr":"117 Timberlane Rd, Clarksboro","elev_ft":46}},{"type":"Feature","geometry":{"type":"Point","coordinates":[-74.303879,40.099136]},"properties":{"kind":"campsite","src":"overture:meta","name":"Butterfly Camping Resort","website":"http://www.butterflycamp.com/","addr":"360 Butterfly Rd, Jackson","elev_ft":102}},{"type":"Feature","geometry":{"type":"Point","coordinates":[-74.275581,40.17934]},"properties":{"kind":"campsite","src":"overture:meta","name":"Pine Cone Resort","website":"http://www.pineconenj.com","addr":"340 Georgia Rd, Freehold","elev_ft":141}},{"type":"Feature","geometry":{"type":"Point","coordinates":[-74.857231,40.754749]},"properties":{"kind":"campsite","src":"overture:meta","name":"Cross Roads Camp and Retreat Center","website":"https://www.crossroadsretreat.com/","addr":"29 Pleasant Grove Rd, Port Murray","elev_ft":1014}},{"type":"Feature","geometry":{"type":"Point","coordinates":[-74.541145,40.88549]},"properties":{"kind":"rv_park","src":"overture:meta","name":"Dover Moose Lodge 541","website":"http://mooseintl.org/","addr":"21 Sammis Ave, Dover","elev_ft":568}},{"type":"Feature","geometry":{"type":"Point","coordinates":[-74.013359,40.2663]},"properties":{"kind":"campsite","src":"overture:meta","name":"Camp Oakhurst","website":"http://www.nysh.org","addr":"111 Monmouth Rd, Ocean Twp","elev_ft":62}},{"type":"Feature","geometry":{"type":"Point","coordinates":[-74.747978,41.190517]},"properties":{"kind":"campsite","src":"overture:meta","name":"Harmony Ridge Farm & Campgrounds","website":"https://harmonyridgecampground.com/","addr":"23 Risdon Dr, Branchville","elev_ft":1001}},{"type":"Feature","geometry":{"type":"Point","coordinates":[-74.228432,41.0602]},"properties":{"kind":"campsite","src":"overture:meta","name":"Camp Glen Gray","website":"http://www.GlenGray.org/","addr":"200 Midvale Mountain Rd, Mahwah","elev_ft":574}},{"type":"Feature","geometry":{"type":"Point","coordinates":[-74.85479,39.700569]},"properties":{"kind":"campsite","src":"overture:meta","name":"Camp Haluwasa","website":"http://www.haluwasa.org/","addr":"377 Ehrke Rd, Winslow Twp","elev_ft":92}},{"type":"Feature","geometry":{"type":"Point","coordinates":[-73.915535,40.982155]},"properties":{"kind":"campsite","src":"overture:meta","name":"Alpine Scout Camp","website":"http://www.alpinescoutcamp.org/","addr":"441 US-9W, Alpine","elev_ft":505}},{"type":"Feature","geometry":{"type":"Point","coordinates":[-74.888153,39.000935]},"properties":{"kind":"campsite","src":"overture:meta","name":"Sun Outdoors Cape May","website":"https://www.sunoutdoors.com/new-jersey/sun-outdoors-cape-may?utm_source=facebook&utm_medium=organic&utm_campaign=facebook_listing","addr":"491 Route 9, Cape May","elev_ft":39}},{"type":"Feature","geometry":{"type":"Point","coordinates":[-74.953102,41.035854]},"properties":{"kind":"campsite","src":"overture:meta","name":"YMCA Camp Mason","website":"http://www.campmason.org/","addr":"23 Birch Ridge Rd, Hardwick Twp","elev_ft":830}},{"type":"Feature","geometry":{"type":"Point","coordinates":[-74.907646,38.983444]},"properties":{"kind":"rv_park","src":"overture:meta","name":"Sun Retreats Seashore","website":"https://www.sunoutdoors.com/new-jersey/sun-retreats-seashore","addr":"720 Seashore Rd, Cape May","elev_ft":33}},{"type":"Feature","geometry":{"type":"Point","coordinates":[-74.683578,39.820518]},"properties":{"kind":"campsite","src":"overture:meta","name":"Pinelands Research Institute at Pine Tree Center","website":"http://www.pinelandsresearch.org/","addr":"110 Butterworths Bogs Rd, Tabernacle Twp","elev_ft":118}},{"type":"Feature","geometry":{"type":"Point","coordinates":[-74.800926,41.071358]},"properties":{"kind":"rv_park","src":"overture:meta","name":"Windy Acres RV","website":"http://www.windyacresnj.com","addr":"294 Newton Swartswood Rd, Newton","elev_ft":479}},{"type":"Feature","geometry":{"type":"Point","coordinates":[-74.838921,39.234745]},"properties":{"kind":"campsite","src":"overture:meta","name":"Carol Lynn Resorts","website":"http://www.carollynnresorts.com/","addr":"33 Fremont Ave, Woodbine","elev_ft":49}},{"type":"Feature","geometry":{"type":"Point","coordinates":[-74.582359,39.473125]},"properties":{"kind":"campsite","src":"overture:meta","name":"Pomona RV Park and Campground","website":"https://pomonarvpark.com/","addr":"536 S Pomona Rd, Galloway Twp","elev_ft":75}},{"type":"Feature","geometry":{"type":"Point","coordinates":[-74.410423,40.966377]},"properties":{"kind":"campsite","src":"overture:meta","name":"Lake Rickabear","website":"https://www.gsnnj.org/Camp/Lake-Rickabear/Pages/default.aspx","addr":"414 Kinnelon Rd, Kinnelon","elev_ft":679}},{"type":"Feature","geometry":{"type":"Point","coordinates":[-74.347374,41.075314]},"properties":{"kind":"rv_park","src":"overture:meta","name":"Wyanokie Recreation Area and Preserve","website":"http://campwyanokie.com/","addr":"550 Snake Den Rd, West Milford","elev_ft":932}},{"type":"Feature","geometry":{"type":"Point","coordinates":[-74.892715,39.004501]},"properties":{"kind":"campsite","src":"overture:meta","name":"Beachcomber Camping Resort","website":"http://www.beachcombercamp.com/","addr":"462 Seashore Rd, Cape May","elev_ft":36}},{"type":"Feature","geometry":{"type":"Point","coordinates":[-74.903137,38.983212]},"properties":{"kind":"campsite","src":"overture:Microsoft","name":"Cape May KOA","website":"https://www.sunrvresorts.com/resorts/mid-atlantic/new-jersey/cape-may-koa/","addr":"669 Rte 9, Cape May","elev_ft":26}},{"type":"Feature","geometry":{"type":"Point","coordinates":[-74.006653,40.782597]},"properties":{"kind":"campsite","src":"overture:Microsoft","name":"55 Riverwalk Place","addr":"55 Riverwalk Pl, West New York","elev_ft":3}},{"type":"Feature","geometry":{"type":"Point","coordinates":[-74.609009,39.558186]},"properties":{"kind":"campsite","src":"overture:meta","name":"Egg Harbor Lake Campground","website":"https://eggharborlake.com/","addr":"2400 Philadelphia Ave, Egg Harbor City","elev_ft":30}},{"type":"Feature","geometry":{"type":"Point","coordinates":[-75.2677,39.528446]},"properties":{"kind":"campsite","src":"overture:meta","name":"Bostwick Lake","website":"http://www.thegilmorecollection.com/bostwick.php","addr":"182 Friesburg Rd, Bridgeton","elev_ft":82}},{"type":"Feature","geometry":{"type":"Point","coordinates":[-74.739868,39.456043]},"properties":{"kind":"campsite","src":"overture:meta","name":"Lake Lenape Park","elev_ft":36}},{"type":"Feature","geometry":{"type":"Point","coordinates":[-75.016243,39.691338]},"properties":{"kind":"campsite","src":"overture:meta","name":"Camp Sun 'N Fun","website":"http://www.thearcgloucester.org/","addr":"1036 N Tuckahoe Rd, Williamstown","elev_ft":154}},{"type":"Feature","geometry":{"type":"Point","coordinates":[-75.007286,40.601116]},"properties":{"kind":"campsite","src":"overture:meta","name":"Camp Tecumseh","website":"http://www.camptecumseh.com/","addr":"445 Mechlin Corner Rd, Pittstown","elev_ft":617}},{"type":"Feature","geometry":{"type":"Point","coordinates":[-74.080009,40.169865]},"properties":{"kind":"campsite","src":"overture:meta","name":"Allaire Country Day Camp","website":"http://www.allairecountryday.com/","addr":"2903 State Route 138, Wall Twp","elev_ft":59}},{"type":"Feature","geometry":{"type":"Point","coordinates":[-74.81266,39.12925]},"properties":{"kind":"campsite","src":"overture:meta","name":"Big Timber Lake","website":"http://www.bigtimberlake.com","addr":"116 Swainton Goshen Rd, Cape May Court House","elev_ft":33}},{"type":"Feature","geometry":{"type":"Point","coordinates":[-74.475533,40.126278]},"properties":{"kind":"campsite","src":"overture:meta","name":"Crystal Springs Wilderness Lodges & RV Resort","website":"http://www.visitcrystalsprings.com/","addr":"724 Monmouth Rd, Cream Ridge","elev_ft":125}},{"type":"Feature","geometry":{"type":"Point","coordinates":[-74.709305,40.888882]},"properties":{"kind":"campsite","src":"overture:meta","name":"FLA Net Park Campgrounds","website":"http://flanetpark.com/","addr":"10 Flanders Netcong Rd, Mt Olive Twp","elev_ft":997}},{"type":"Feature","geometry":{"type":"Point","coordinates":[-74.511108,40.243221]},"properties":{"kind":"campsite","src":"overture:meta","name":"JCC Abrams Camps","website":"http://www.jccbramscamps.org/","addr":"148 Cedarville Rd, East Windsor Twp","elev_ft":115}},{"type":"Feature","geometry":{"type":"Point","coordinates":[-74.856956,40.547081]},"properties":{"kind":"campsite","src":"overture:meta","name":"RV Overnights","website":"https://rvovernights.com/","addr":"361 State Route 31, Flemington","elev_ft":174}},{"type":"Feature","geometry":{"type":"Point","coordinates":[-75.022858,40.653141]},"properties":{"kind":"campsite","src":"overture:meta","name":"Jugtown Mountain Campsites","website":"http://www.jugtownmountain.com","addr":"1074 RT-173, Asbury","elev_ft":853}},{"type":"Feature","geometry":{"type":"Point","coordinates":[-74.452408,40.175831]},"properties":{"kind":"campsite","src":"overture:meta","name":"Frogbridge Daycamp","website":"https://www.frogbridgedaycamp.com/","addr":"7 Yellow Meeting House Rd, Millstone Twp","elev_ft":174}},{"type":"Feature","geometry":{"type":"Point","coordinates":[-74.80072,39.842915]},"properties":{"kind":"campsite","src":"overture:meta","name":"Roger and Jane Davis JCC Camps At Medford","website":"http://www.jcccampsatmedford.org/","addr":"400 Tuckerton Rd, Medford","elev_ft":118}},{"type":"Feature","geometry":{"type":"Point","coordinates":[-74.623169,41.30632]},"properties":{"kind":"campsite","src":"overture:meta","name":"Rayewood Campground Sussex NJ","website":"www.84rv.com/rv-campgrounds","addr":"Coles Rd, Sussex","elev_ft":807}},{"type":"Feature","geometry":{"type":"Point","coordinates":[-74.519112,40.430626]},"properties":{"kind":"rv_park","src":"overture:meta","name":"Oakdale Manufactured Home Community","website":"http://www.oakdalemhc.com/","addr":"3717 US-1, South Brunswick Twp","elev_ft":131}},{"type":"Feature","geometry":{"type":"Point","coordinates":[-74.730591,41.190269]},"properties":{"kind":"campsite","src":"overture:meta","name":"Kymer's Campground","website":"http://www.njcamping.com/kymers","addr":"69 Kymer Rd, Branchville","elev_ft":784}},{"type":"Feature","geometry":{"type":"Point","coordinates":[-74.303635,40.198174]},"properties":{"kind":"campsite","src":"overture:meta","name":"Turkey Swamp Campground","website":"https://www.monmouthcountyparks.com/page.aspx?ID=2540","addr":"Turkey Swamp Park, Freehold","elev_ft":157}},{"type":"Feature","geometry":{"type":"Point","coordinates":[-74.764877,40.916241]},"properties":{"kind":"campsite","src":"overture:meta","name":"Camp Wheeler MASR","website":"http://www.ppcbsa.org/","addr":"750 Waterloo Rd, Stanhope","elev_ft":755}},{"type":"Feature","geometry":{"type":"Point","coordinates":[-74.50943,39.33448]},"properties":{"kind":"campsite","src":"overture:meta","name":"Camp By The Sea","website":"http://www.campbythesea.org/","addr":"501 N Jerome Ave, Margate City","elev_ft":10}},{"type":"Feature","geometry":{"type":"Point","coordinates":[-74.928162,39.623135]},"properties":{"kind":"rv_park","src":"overture:meta","name":"Sun Retreats Hospitality Creek","website":"https://www.sunoutdoors.com/new-jersey/jellystone-park-south-jersey?utm_source=facebook&utm_medium=organic&utm_campaign=facebook_listing","addr":"117 Coles Mill Rd, Williamstown","elev_ft":98}},{"type":"Feature","geometry":{"type":"Point","coordinates":[-74.713959,39.200714]},"properties":{"kind":"campsite","src":"overture:meta","name":"Echo Farms Campground","website":"https://thousandtrails.com/new-jersey/echo-farms-campground/?utm_source=yext&utm_medium=directory&utm_campaign=Yext+Directory+Listing","addr":"3066 Shore Rd, Ocean View","elev_ft":39}},{"type":"Feature","geometry":{"type":"Point","coordinates":[-74.593872,39.618057]},"properties":{"kind":"campsite","src":"overture:meta","name":"Belhaven Lake RV Resort","website":"http://www.belhavencampground.com/","addr":"1213 Route 542, Egg Harbor City","elev_ft":16}},{"type":"Feature","geometry":{"type":"Point","coordinates":[-75.065125,40.616154]},"properties":{"kind":"campsite","src":"overture:meta","name":"Mountainview Campground","website":"http://www.mtviewcamp.com/","addr":"135 Goritz Rd, Milford","elev_ft":427}},{"type":"Feature","geometry":{"type":"Point","coordinates":[-74.532059,41.223045]},"properties":{"kind":"campsite","src":"overture:meta","name":"Woodland Trails","website":"http://www.woodlandtrailsnj.com","addr":"7 Babtown Rd, Sussex","elev_ft":774}},{"type":"Feature","geometry":{"type":"Point","coordinates":[-74.314331,39.760254]},"properties":{"kind":"rv_park","src":"overture:meta","name":"Sun Retreats Long Beach Island","website":"https://www.sunoutdoors.com/new-jersey/sun-retreats-long-beach-island","addr":"30 Route 72, Barnegat","elev_ft":144}},{"type":"Feature","geometry":{"type":"Point","coordinates":[-74.731529,39.181004]},"properties":{"kind":"campsite","src":"overture:meta","name":"Buccaneer Bay Splash Park at Ocean View Resort","website":"http://www.ovresort.com/splashpark.php","addr":"2555 Shore Rd, Ocean View","elev_ft":33}},{"type":"Feature","geometry":{"type":"Point","coordinates":[-74.764595,39.149315]},"properties":{"kind":"rv_park","src":"overture:meta","name":"Sun Retreats Sea Isle","website":"https://www.sunoutdoors.com/new-jersey/sun-retreats-sea-isle?utm_source=facebook&utm_medium=organic&utm_campaign=facebook_listing","addr":"1955 N Route 9, Cape May Court House","elev_ft":26}},{"type":"Feature","geometry":{"type":"Point","coordinates":[-74.730904,39.195297]},"properties":{"kind":"campsite","src":"overture:meta","name":"Thousand Trails Lake and Shore","website":"https://thousandtrails.com/new-jersey/lake-shore-rv-resort/?utm_source=yext&utm_medium=directory&utm_campaign=Yext+Directory+Listing","addr":"515 Corsons Tavern Rd, Dennis Twp","elev_ft":39}},{"type":"Feature","geometry":{"type":"Point","coordinates":[-74.861649,39.786659]},"properties":{"kind":"campsite","src":"overture:meta","name":"Ladys Lake Campground","website":"http://www.youvisit.com/tour/64389/81151","addr":"Jackson Road","elev_ft":128}},{"type":"Feature","geometry":{"type":"Point","coordinates":[-75.072342,40.971203]},"properties":{"kind":"campsite","src":"overture:meta","name":"Camp Taylor Campground","website":"http://www.camptaylor.com","addr":"85 Mount Pleasant Rd, Columbia","elev_ft":840}},{"type":"Feature","geometry":{"type":"Point","coordinates":[-74.501625,39.612713]},"properties":{"kind":"campsite","src":"overture:meta","name":"Turtle Run Campground","website":"http://Www.turtleruncampground.com/","addr":"3 Cedar Ln, Egg Harbor City","elev_ft":39}},{"type":"Feature","geometry":{"type":"Point","coordinates":[-74.395477,41.024963]},"properties":{"kind":"campsite","src":"overture:meta","name":"Ymca Camp & Family Center At Willow Lake","website":"https://www.montclairymca.org","addr":"131 Germantown Rd, West Milford","elev_ft":709}},{"type":"Feature","geometry":{"type":"Point","coordinates":[-73.920547,40.980865]},"properties":{"kind":"campsite","src":"overture:meta","name":"Alpine Scout Camp","website":"http://www.alpinescoutcamp.org","addr":"441 Route 9 W","elev_ft":522}},{"type":"Feature","geometry":{"type":"Point","coordinates":[-74.945595,39.636864]},"properties":{"kind":"campsite","src":"overture:meta","name":"Friendly Village of Williamstown","website":"http://summerfieldsnj.com","addr":"255 Village Pkwy, Williamstown","elev_ft":102}},{"type":"Feature","geometry":{"type":"Point","coordinates":[-74.833008,39.23333]},"properties":{"kind":"rv_park","src":"overture:meta","name":"Sun Retreats Carol Lynn Resorts East","website":"https://www.carollynnresortseast.com/","addr":"165 Fremont Ave, Woodbine","elev_ft":66}},{"type":"Feature","geometry":{"type":"Point","coordinates":[-74.26458,39.533821]},"properties":{"kind":"rv_park","src":"overture:meta","name":"Farreny's Family RV Park & Boat Basin LLC","website":"http://FARRENYSLBI.com/","addr":"5400 West Ave, Long Beach Twp","elev_ft":0}},{"type":"Feature","geometry":{"type":"Point","coordinates":[-74.239288,40.314846]},"properties":{"kind":"campsite","src":"overture:meta","name":"BGCM Community Center & Sportsplex","website":"http://www.bgcme.org/","addr":"37 Vanderburg Rd, Marlboro","elev_ft":128}},{"type":"Feature","geometry":{"type":"Point","coordinates":[-74.050797,40.916721]},"properties":{"kind":"campsite","src":"overture:meta","name":"Camp Shalom NJ","website":"http://www.campshalomnj.org/","addr":"243 Frisch Ct, Paramus","elev_ft":49}},{"type":"Feature","geometry":{"type":"Point","coordinates":[-74.737793,39.198921]},"properties":{"kind":"rv_park","src":"overture:meta","name":"Outdoor World","website":"http://www.1000trails.com","addr":"515 Corson Tavern Rd, Ocean View","elev_ft":30}},{"type":"Feature","geometry":{"type":"Point","coordinates":[-75.086967,39.730927]},"properties":{"kind":"campsite","src":"overture:meta","name":"Lake Kandle","website":"http://lakekandle.com/","addr":"250 Chapel Heights Rd, Sewell","elev_ft":118}},{"type":"Feature","geometry":{"type":"Point","coordinates":[-74.719002,39.205605]},"properties":{"kind":"campsite","src":"overture:meta","name":"Plantation Campground","website":"http://plantationcampgroundnj.com","addr":"60 Corsons Tavern Rd, Ocean View","elev_ft":39}},{"type":"Feature","geometry":{"type":"Point","coordinates":[-74.57975,40.518883]},"properties":{"kind":"campsite","src":"overture:meta","name":"Oak Springs Girl Scout Camp","website":"http://gscsnj.org","elev_ft":62}},{"type":"Feature","geometry":{"type":"Point","coordinates":[-74.467941,39.624435]},"properties":{"kind":"campsite","src":"overture:meta","name":"Arrowhead Camp and RV Park LLC","website":"http://www.beachcomber.com/Nj/Camping/Shore/arrowhd.html","addr":"164 Leektown Rd, Egg Harbor City","elev_ft":52}},{"type":"Feature","geometry":{"type":"Point","coordinates":[-74.728241,39.188564]},"properties":{"kind":"campsite","src":"overture:meta","name":"Sea Grove Camping Resort","website":"http://www.seagroveresort.com","addr":"2665 Shore Rd, Ocean View","elev_ft":30}},{"type":"Feature","geometry":{"type":"Point","coordinates":[-74.236053,40.001995]},"properties":{"kind":"campsite","src":"overture:Foursquare","name":"Surf and Stream Campground","website":"http://www.surfnstream.com","addr":"1801 Ridgeway Rd, Toms River","elev_ft":36}},{"type":"Feature","geometry":{"type":"Point","coordinates":[-75.278244,39.539032]},"properties":{"kind":"rv_park","src":"overture:meta","name":"Yogi Bear's Jellystone Park","website":"http://www.abcamping.com/jellystonenj","addr":"49 Beal Rd, Elmer","elev_ft":112}},{"type":"Feature","geometry":{"type":"Point","coordinates":[-74.892624,39.00259]},"properties":{"kind":"campsite","src":"overture:meta","name":"Erma Camp","website":"http://www.ermacamp.org/","addr":"470 Seashore Rd, Cape May","elev_ft":39}},{"type":"Feature","geometry":{"type":"Point","coordinates":[-74.901306,38.983124]},"properties":{"kind":"rv_park","src":"overture:meta","name":"Sun Retreats","website":"https://www.sunoutdoors.com/new-jersey/sun-retreats-cape-may-wildwood?utm_source=facebook&utm_medium=organic&utm_campaign=facebook_listing","addr":"669 Route 9, Cape May","elev_ft":26}},{"type":"Feature","geometry":{"type":"Point","coordinates":[-74.875977,39.072289]},"properties":{"kind":"rv_park","src":"overture:meta","name":"Old Stagecoach Campground","website":"https://old-stagecoach-campground.hub.biz","addr":"206 Stagecoach Rd, Cape May Court House","elev_ft":23}},{"type":"Feature","geometry":{"type":"Point","coordinates":[-74.833145,39.064991]},"properties":{"kind":"campsite","src":"overture:meta","name":"Shell Bay","website":"http://www.shellbaycampground.com","addr":"1016 S Route 9, Cape May Court House","elev_ft":30}},{"type":"Feature","geometry":{"type":"Point","coordinates":[-74.800819,39.174305]},"properties":{"kind":"rv_park","src":"overture:meta","name":"Jersey Shore Haven Airstream Park","website":"http://www.jerseyshorehaven.org","addr":"728 Dennisville Rd, Cape May Court House","elev_ft":33}},{"type":"Feature","geometry":{"type":"Point","coordinates":[-74.85434,39.144058]},"properties":{"kind":"campsite","src":"overture:Foursquare","name":"Acorn Campground","website":"http://acorncampground.com","addr":"419 Route 47 N, Cape May Court House","elev_ft":16}},{"type":"Feature","geometry":{"type":"Point","coordinates":[-74.857773,39.249031]},"properties":{"kind":"campsite","src":"overture:meta","name":"Bellplain State Forest Astronomy","website":"aaronmaffeiphoto.blogspot.com","addr":"204-, 210 Champion Rd, Dennis","elev_ft":43}},{"type":"Feature","geometry":{"type":"Point","coordinates":[-74.729332,39.179893]},"properties":{"kind":"campsite","src":"overture:meta","name":"Ocean View Resort Campground","website":"http://www.ovresort.com/","addr":"2555 Shore Rd, Ocean View","elev_ft":26}},{"type":"Feature","geometry":{"type":"Point","coordinates":[-74.714523,39.20335]},"properties":{"kind":"campsite","src":"overture:meta","name":"Red Oak Shores Campground","website":"https://thousandtrails.com/new-jersey/red-oak-shores/?utm_source=yext&utm_medium=directory&utm_campaign=Yext+Directory+Listing","addr":"60 Corsons Tavern Rd, Ocean View","elev_ft":39}},{"type":"Feature","geometry":{"type":"Point","coordinates":[-74.764984,39.167507]},"properties":{"kind":"campsite","src":"overture:meta","name":"Little Oaks Campground","website":"http://www.jerseycapecamping.com/cg/littleoaks.htm","addr":"314 Kings Hwy, Cape May Court House","elev_ft":26}},{"type":"Feature","geometry":{"type":"Point","coordinates":[-74.772003,39.150841]},"properties":{"kind":"campsite","src":"overture:meta","name":"Driftwood RV Resort and Campground","website":"www.driftwoodrvcenter.com","addr":"1955 N Route 9, Cape May Court House","elev_ft":30}},{"type":"Feature","geometry":{"type":"Point","coordinates":[-74.768097,39.175251]},"properties":{"kind":"campsite","src":"overture:meta","name":"South Seaville Camp Meeting","website":"http://southseavillecampmeeting.org/","addr":"188 Dennisville Rd, South Seaville","elev_ft":30}},{"type":"Feature","geometry":{"type":"Point","coordinates":[-74.789665,39.126873]},"properties":{"kind":"campsite","src":"overture:Foursquare","name":"Sea Pines RV Resort & Campground","website":"http://www.rvonthego.com/new-jersey/sea-pines-rv-resort-campgound/","addr":"1535 N Route 9, Cape May Court House","elev_ft":46}},{"type":"Feature","geometry":{"type":"Point","coordinates":[-74.719337,39.097878]},"properties":{"kind":"campsite","src":"overture:meta","name":"Helen L. Diller Vacation Home for Blind Children","website":"http://www.dillerblindhome.org/","addr":"127 26th St, Avalon","elev_ft":20}},{"type":"Feature","geometry":{"type":"Point","coordinates":[-74.713188,39.24229]},"properties":{"kind":"campsite","src":"overture:meta","name":"Ocean City Campground & Beach Cabins","website":"http://www.oceancitycampground.com/","addr":"245 NJ-50, Ocean View","elev_ft":23}},{"type":"Feature","geometry":{"type":"Point","coordinates":[-74.853142,39.371685]},"properties":{"kind":"campsite","src":"overture:meta","name":"Lazy River Campground","website":"http://lazyriverny.com","addr":"103 Cumberland Ave, Estell Manor","elev_ft":62}},{"type":"Feature","geometry":{"type":"Point","coordinates":[-75.052498,39.55217]},"properties":{"kind":"campsite","src":"overture:meta","name":"Malaga Camp Meeting Assembly","website":"https://www.malagacamp.org","addr":"4488 Arbutus Ave, Vineland","elev_ft":141}},{"type":"Feature","geometry":{"type":"Point","coordinates":[-74.500587,39.537498]},"properties":{"kind":"campsite","src":"overture:meta","name":"Red Wing Lakes Campground","website":"http://www.redwinglakes.com/lakes.html","addr":"317 Sooys Landing Rd, Port Republic","elev_ft":39}},{"type":"Feature","geometry":{"type":"Point","coordinates":[-74.476532,39.370651]},"properties":{"kind":"campsite","src":"overture:Foursquare","name":"Atlantic City RV Resort","website":"http://atlanticcityrvresort.com","addr":"1501 N Albany Ave, Atlantic City","elev_ft":10}},{"type":"Feature","geometry":{"type":"Point","coordinates":[-74.685219,39.356594]},"properties":{"kind":"campsite","src":"overture:meta","name":"Colonial Meadows Family Campground","website":"https://colonialmeadowscampground.com/","addr":"1410 Somers Point Rd, Egg Harbor Twp","elev_ft":33}},{"type":"Feature","geometry":{"type":"Point","coordinates":[-75.194908,39.6642]},"properties":{"kind":"campsite","src":"overture:meta","name":"Oldman's Creek Campground","website":"http://www.oldmanscreek.com/","addr":"174 Laux Rd, Monroeville","elev_ft":148}},{"type":"Feature","geometry":{"type":"Point","coordinates":[-75.102859,39.616508]},"properties":{"kind":"campsite","src":"overture:Foursquare","name":"Holly Green Campground","website":"http://hollygreencampinggrounds1.placeweb.site","addr":"1718 Monroeville Rd, Monroeville","elev_ft":118}},{"type":"Feature","geometry":{"type":"Point","coordinates":[-75.09967,39.786503]},"properties":{"kind":"campsite","src":"overture:meta","name":"Camp SAM","website":"http://campsam.net/","addr":"1855 Hurffville Rd, Sewell","elev_ft":89}},{"type":"Feature","geometry":{"type":"Point","coordinates":[-75.068909,39.602211]},"properties":{"kind":"rv_park","src":"overture:meta","name":"Iona Trailer Park","addr":"18 Hale Ave, Franklinville","elev_ft":105}},{"type":"Feature","geometry":{"type":"Point","coordinates":[-75.041771,39.857094]},"properties":{"kind":"campsite","src":"overture:meta","name":"Camp 99","website":"https://summercamp99.com/","addr":"425 Brooke Ave, Magnolia","elev_ft":85}},{"type":"Feature","geometry":{"type":"Point","coordinates":[-75.007065,39.864235]},"properties":{"kind":"campsite","src":"overture:meta","name":"Camp Saginaw","website":"http://www.campsaginaw.com","addr":"125 Burnt Mill Rd, Cherry Hill","elev_ft":82}},{"type":"Feature","geometry":{"type":"Point","coordinates":[-74.927574,39.622467]},"properties":{"kind":"campsite","src":"overture:meta","name":"Hospitality Creek Campground","website":"http://www.hospitalitycreek.com","addr":"117 Coles Mill Rd, Williamstown","elev_ft":102}},{"type":"Feature","geometry":{"type":"Point","coordinates":[-74.809425,39.616211]},"properties":{"kind":"campsite","src":"overture:meta","name":"Camp Tuscaloosa","website":"http://www.camptuscaloosa.com/","addr":"400 S Chew Rd, Hammonton","elev_ft":98}},{"type":"Feature","geometry":{"type":"Point","coordinates":[-74.725853,39.74192]},"properties":{"kind":"campsite","src":"overture:meta","name":"Atsion Office","website":"http://www.waymarking.com/waymarks/wm33w8","addr":"744 Route 206, Shamong Twp","elev_ft":62}},{"type":"Feature","geometry":{"type":"Point","coordinates":[-74.860367,39.700928]},"properties":{"kind":"campsite","src":"overture:Foursquare","name":"Camp Haluwasa","website":"http://www.haluwasa.org","addr":"377 Ehrke Rd, Hammonton","elev_ft":108}},{"type":"Feature","geometry":{"type":"Point","coordinates":[-74.859467,39.817429]},"properties":{"kind":"campsite","src":"overture:meta","name":"Camp Kettle Run","website":"www.campforgirls.org/kettle-run","addr":"30 Sawmill Rd, Medford","elev_ft":102}},{"type":"Feature","geometry":{"type":"Point","coordinates":[-74.962311,39.793159]},"properties":{"kind":"campsite","src":"overture:Foursquare","name":"Pine Hill Scout Reservation","website":"http://www.waymarking.com/waymarks/WM6ZH0_Pine_Hill_Scout_Reservation_Pine_Hill_NJ","addr":"120 Watsontown New Freedom Rd, Clementon","elev_ft":161}},{"type":"Feature","geometry":{"type":"Point","coordinates":[-74.789085,39.853592]},"properties":{"kind":"campsite","src":"overture:Foursquare","name":"YMCA Camp Ockanickon","website":"http://www.ycamp.org","addr":"1303 Stokes Rd, Medford","elev_ft":95}},{"type":"Feature","geometry":{"type":"Point","coordinates":[-74.687111,39.865665]},"properties":{"kind":"campsite","src":"overture:meta","name":"Camp Inawendiwin Lake","website":"http://www.campforgirls.org/inawendiwin","addr":"71 Powell Place Rd, Tabernacle Twp","elev_ft":105}},{"type":"Feature","geometry":{"type":"Point","coordinates":[-74.660225,39.868214]},"properties":{"kind":"campsite","src":"overture:meta","name":"Delanco Camp","website":"http://youtube.com/delancocamp","addr":"191 Powell Place Rd, Tabernacle Twp","elev_ft":105}},{"type":"Feature","geometry":{"type":"Point","coordinates":[-74.66732,39.8657]},"properties":{"kind":"campsite","src":"overture:Foursquare","name":"Delanco Camp","website":"http://www.delanco.org","addr":"191 Powell Place Rd, Tabernacle","elev_ft":108}},{"type":"Feature","geometry":{"type":"Point","coordinates":[-74.300552,39.7785]},"properties":{"kind":"campsite","src":"overture:meta","name":"Brookville Campground","website":"http://www.brookvillecampground.com","addr":"224 Jones Rd, Barnegat","elev_ft":131}},{"type":"Feature","geometry":{"type":"Point","coordinates":[-74.30899,39.774399]},"properties":{"kind":"campsite","src":"overture:meta","name":"Joseph A. Citta Scout Reservation At Brookville","website":"http://www.CittaScoutReservation.com/","addr":"229 Brookville Rd, Barnegat","elev_ft":138}},{"type":"Feature","geometry":{"type":"Point","coordinates":[-74.501144,39.637238]},"properties":{"kind":"campsite","src":"overture:meta","name":"Chips Folly Family Campground","website":"http://www.chipsfolly.com/","addr":"100 Chips Folly Rd, Bass River Twp","elev_ft":26}},{"type":"Feature","geometry":{"type":"Point","coordinates":[-74.480423,39.633533]},"properties":{"kind":"campsite","src":"overture:meta","name":"Timberline Lake Camping Resort","website":"http://www.timberlinelake.com/","addr":"365 Route 679, Bass River Twp","elev_ft":20}},{"type":"Feature","geometry":{"type":"Point","coordinates":[-74.465912,39.62524]},"properties":{"kind":"campsite","src":"overture:Foursquare","name":"Arrowhead Campgrounds","website":"http://www.comcast.net","addr":"163 Leektown Rd, Egg Harbor City","elev_ft":59}},{"type":"Feature","geometry":{"type":"Point","coordinates":[-74.423187,39.623241]},"properties":{"kind":"campsite","src":"overture:Foursquare","name":"Bass River State Park","website":"http://www.state.nj.us/dep/parksandforests/parks/bass.html","addr":"762 Stage Rd, Little Egg Harbor Twp","elev_ft":36}},{"type":"Feature","geometry":{"type":"Point","coordinates":[-74.809639,39.911709]},"properties":{"kind":"campsite","src":"overture:meta","name":"Camp Dark Waters","website":"https://forms.gle/Ng7Fi8yxxDKjC6fj9","addr":"26 New Freedom Rd, Medford","elev_ft":62}},{"type":"Feature","geometry":{"type":"Point","coordinates":[-74.760963,39.940678]},"properties":{"kind":"campsite","src":"overture:meta","name":"Bamboo Gardens Event Center and Campground","website":"https://www.bamboo-gardens.net/","addr":"134 Landing St, Vincentown","elev_ft":52}},{"type":"Feature","geometry":{"type":"Point","coordinates":[-74.329834,39.944988]},"properties":{"kind":"campsite","src":"overture:Foursquare","name":"Pine Ridge South","website":"http://www.pineridgesouth.com","addr":"38 Pine Ridge Blvd, Whiting","elev_ft":95}},{"type":"Feature","geometry":{"type":"Point","coordinates":[-74.610245,40.010429]},"properties":{"kind":"campsite","src":"overture:meta","name":"Willow Pond RV Campground","addr":"5219 8th St, Fort Dix","elev_ft":141}},{"type":"Feature","geometry":{"type":"Point","coordinates":[-74.612068,40.041687]},"properties":{"kind":"rv_park","src":"overture:meta","name":"Spartan Village","website":"http://spartanvillagemhc.com","addr":"511 Wrightstown Sykesville Rd, Wrightstown","elev_ft":135}},{"type":"Feature","geometry":{"type":"Point","coordinates":[-74.303551,40.1236]},"properties":{"kind":"campsite","src":"overture:meta","name":"Estonian Boy Scouts Camp","website":"http://www.jerseyshore-bsa.org","addr":"71 Olev Dr, Jackson","elev_ft":131}},{"type":"Feature","geometry":{"type":"Point","coordinates":[-74.177162,40.0802]},"properties":{"kind":"campsite","src":"overture:meta","name":"TheZone","website":"http://www.thezone.org/","addr":"1805 Swarthmore Ave, Lakewood","elev_ft":33}},{"type":"Feature","geometry":{"type":"Point","coordinates":[-74.348854,40.074711]},"properties":{"kind":"rv_park","src":"overture:meta","name":"Maple Glen Mobile Home Park","website":"http://mapleglenmobilehome.com/","addr":"46 Boxwood Dr, Jackson","elev_ft":105}},{"type":"Feature","geometry":{"type":"Point","coordinates":[-74.686127,40.224941]},"properties":{"kind":"campsite","src":"overture:meta","name":"Camp Mercyville to jersey shore pirates","website":"http://www.campmercyville.org/","addr":"1934 Klockner Rd, Hamilton Twp","elev_ft":89}},{"type":"Feature","geometry":{"type":"Point","coordinates":[-74.533577,40.278919]},"properties":{"kind":"rv_park","src":"overture:meta","name":"Shady Rest Enterprises LLC","website":"http://shadyrestmhc.com","addr":"312 US-130, East Windsor Twp","elev_ft":85}},{"type":"Feature","geometry":{"type":"Point","coordinates":[-74.691406,40.563229]},"properties":{"kind":"rv_park","src":"overture:meta","name":"Edgewood Terrace Mobile Home Park","website":"http://edgewoodterrace.net","addr":"400 Kenbury Rd, Branchburg Twp","elev_ft":108}},{"type":"Feature","geometry":{"type":"Point","coordinates":[-74.687279,40.361515]},"properties":{"kind":"campsite","src":"overture:Microsoft","name":"Steve & Kate's Camp - Princeton","website":"https://steveandkatescamp.com/princeton","addr":"650 Great Rd, Princeton","elev_ft":217}},{"type":"Feature","geometry":{"type":"Point","coordinates":[-74.574776,40.521137]},"properties":{"kind":"campsite","src":"overture:Foursquare","name":"Girl Scouts","website":"http://girlscouts.org","addr":"228 Weston Rd, Somerset","elev_ft":95}},{"type":"Feature","geometry":{"type":"Point","coordinates":[-74.570099,40.520695]},"properties":{"kind":"campsite","src":"overture:Foursquare","name":"Camp Oak Spring","website":"http://www.gscsnj.org/en/Camp/SummerCamp.html","addr":"228 Weston Rd, Somerset","elev_ft":95}},{"type":"Feature","geometry":{"type":"Point","coordinates":[-74.862816,40.589371]},"properties":{"kind":"campsite","src":"overture:meta","name":"Winnewald Day Camp","website":"http://www.winnewald.com/","addr":"21 Cratetown Rd, Lebanon","elev_ft":197}},{"type":"Feature","geometry":{"type":"Point","coordinates":[-74.722511,40.696301]},"properties":{"kind":"campsite","src":"overture:Foursquare","name":"Life Camp","website":"http://www.bgcn.org","addr":"67 McCann Mill Rd, Pottersville","elev_ft":226}},{"type":"Feature","geometry":{"type":"Point","coordinates":[-74.501404,40.590473]},"properties":{"kind":"campsite","src":"overture:meta","name":"Green Brook's Best Summer Camp","website":"https://usakarateacademy-greenbrook.com/summer-camp-green-brook/","addr":"326 Route 22 W, Green Brook Twp","elev_ft":105}},{"type":"Feature","geometry":{"type":"Point","coordinates":[-75.034515,40.89822]},"properties":{"kind":"campsite","src":"overture:meta","name":"Camp Warren","website":"http://www.arcwarren.org/camp-warren","addr":"44 Koeck Rd, Columbia","elev_ft":666}},{"type":"Feature","geometry":{"type":"Point","coordinates":[-75.019897,40.912006]},"properties":{"kind":"campsite","src":"overture:meta","name":"Triplebrook Campground","website":"http://www.triplebrook.com/","addr":"58 Honey Run Rd, Blairstown","elev_ft":594}},{"type":"Feature","geometry":{"type":"Point","coordinates":[-74.772865,40.919067]},"properties":{"kind":"campsite","src":"overture:Foursquare","name":"Mt. Allamuchy Scout Reservation","addr":"750 Waterloo Rd, Stanhope","elev_ft":846}},{"type":"Feature","geometry":{"type":"Point","coordinates":[-74.807465,40.875187]},"properties":{"kind":"campsite","src":"overture:meta","name":"Stephens State Park Campground","website":"http://www.state.nj.us/dep/parksandforests/parks/stephens.html","addr":"800 Willow Grove St, Hackettstown","elev_ft":676}},{"type":"Feature","geometry":{"type":"Point","coordinates":[-74.922546,40.812138]},"properties":{"kind":"campsite","src":"overture:Foursquare","name":"Mount Hope Camp","website":"http://camphope.com","addr":"176 Mitchell Rd, Oxford","elev_ft":656}},{"type":"Feature","geometry":{"type":"Point","coordinates":[-74.755539,40.770401]},"properties":{"kind":"campsite","src":"overture:meta","name":"Meadowbrook Country Day Camp","website":"http://www.meadowbrookdaycamp.com/","addr":"73 E Valley Brook Rd, Long Valley","elev_ft":791}},{"type":"Feature","geometry":{"type":"Point","coordinates":[-74.503761,41.022873]},"properties":{"kind":"campsite","src":"overture:meta","name":"Sun-Air Lakeside Camp","website":"http://www.sunairlakesidecamp.com","addr":"115 Cozy Lake Rd, Oak Ridge","elev_ft":843}},{"type":"Feature","geometry":{"type":"Point","coordinates":[-74.406433,40.293724]},"properties":{"kind":"campsite","src":"overture:meta","name":"Camp Gan Israel","website":"http://cginj.com/register","addr":"118 Federal Rd, Monroe Twp","elev_ft":95}},{"type":"Feature","geometry":{"type":"Point","coordinates":[-74.486656,40.627449]},"properties":{"kind":"campsite","src":"overture:meta","name":"Camp Jotoni","website":"http://campjotoni.org/","addr":"51 Old Stirling Rd, Warren","elev_ft":492}},{"type":"Feature","geometry":{"type":"Point","coordinates":[-74.462982,40.669567]},"properties":{"kind":"campsite","src":"overture:meta","name":"Camp Riverbend","website":"http://www.campriverbend.com/","addr":"116 Hillcrest Rd, Warren","elev_ft":246}},{"type":"Feature","geometry":{"type":"Point","coordinates":[-74.365295,40.632015]},"properties":{"kind":"campsite","src":"overture:meta","name":"Camp Yachad","website":"http://www.jccnj.org/index.php?submenu=Camp_Yachad&src=gendocs&ref=CampYachad&category=Main","addr":"1391 Martine Ave, Scotch Plains","elev_ft":138}},{"type":"Feature","geometry":{"type":"Point","coordinates":[-74.278534,40.426025]},"properties":{"kind":"campsite","src":"overture:Foursquare","name":"Summer Friends Day Camp","website":"http://www.summerfriends.com","addr":"269 State Route 34, Matawan","elev_ft":135}},{"type":"Feature","geometry":{"type":"Point","coordinates":[-74.268913,40.294647]},"properties":{"kind":"campsite","src":"overture:meta","name":"Rolling Hills Day Camp","website":"http://www.rollinghillsdaycamp.com/","addr":"14 Dittmar Dr, Freehold","elev_ft":167}},{"type":"Feature","geometry":{"type":"Point","coordinates":[-74.249985,40.596119]},"properties":{"kind":"rv_park","src":"overture:meta","name":"Tower Trailer Park","website":"http://www.towertrailerpark.com","addr":"26 Dalbert St, Carteret","elev_ft":23}},{"type":"Feature","geometry":{"type":"Point","coordinates":[-74.291206,40.675877]},"properties":{"kind":"campsite","src":"overture:Foursquare","name":"Lake Greeley Camp","website":"http://www.lakegreeley.com","addr":"525 Boulevard Ste C, Kenilworth","elev_ft":95}},{"type":"Feature","geometry":{"type":"Point","coordinates":[-74.270897,40.649761]},"properties":{"kind":"campsite","src":"overture:meta","name":"Camp Letico","addr":"67 Independence Dr, Roselle","elev_ft":72}},{"type":"Feature","geometry":{"type":"Point","coordinates":[-74.383347,40.739273]},"properties":{"kind":"campsite","src":"overture:meta","name":"Camp Fish and Game","website":"http://www.campfishngame.com/","addr":"41 Fairmount Ave, Chatham","elev_ft":243}},{"type":"Feature","geometry":{"type":"Point","coordinates":[-74.498619,40.805824]},"properties":{"kind":"campsite","src":"overture:meta","name":"Gan Israel Day Camps - Morristown NJ","website":"http://www.ganisrael.org/cgi-home","addr":"226 Sussex Ave, Morristown","elev_ft":486}},{"type":"Feature","geometry":{"type":"Point","coordinates":[-74.453262,40.988609]},"properties":{"kind":"campsite","src":"overture:meta","name":"Camp Marcella","website":"http://www.campmarcella.org/","addr":"27 Durham Rd, Rockaway","elev_ft":981}},{"type":"Feature","geometry":{"type":"Point","coordinates":[-74.456741,40.998787]},"properties":{"kind":"campsite","src":"overture:meta","name":"Boy Scouts of America Camp Winnebago","website":"http://wikimapia.org/3976784/Winnebago-Scout-Reservation","addr":"102 Timberbrook Rd, Rockaway","elev_ft":978}},{"type":"Feature","geometry":{"type":"Point","coordinates":[-74.210129,40.803886]},"properties":{"kind":"campsite","src":"overture:meta","name":"Montclair Grass Roots","website":"http://www.montclairgrassroots.com","addr":"45 Maple Ave, Montclair","elev_ft":246}},{"type":"Feature","geometry":{"type":"Point","coordinates":[-74.216469,40.826721]},"properties":{"kind":"campsite","src":"overture:meta","name":"STAR Camp","website":"http://starcamp.mka.org/","addr":"201 Valley Rd, Montclair","elev_ft":328}},{"type":"Feature","geometry":{"type":"Point","coordinates":[-74.079803,40.199322]},"properties":{"kind":"campsite","src":"overture:Microsoft","name":"Summer Hill Day Camp","website":"https://www.summerhillcamp.com/","addr":"1107 Gully Rd, Wall Township","elev_ft":85}},{"type":"Feature","geometry":{"type":"Point","coordinates":[-74.062683,40.260868]},"properties":{"kind":"campsite","src":"overture:meta","name":"Camp David","website":"http://www.campdavidnj.com/","addr":"1200 W Park Ave, Ocean Twp","elev_ft":72}},{"type":"Feature","geometry":{"type":"Point","coordinates":[-74.009918,40.779896]},"properties":{"kind":"campsite","src":"overture:Microsoft","name":"55 Riverwalk Place","website":"https://www.55riverwalkplace.com/","addr":"55 Riverwalk Pl, West New York","elev_ft":59}},{"type":"Feature","geometry":{"type":"Point","coordinates":[-74.134628,40.840977]},"properties":{"kind":"campsite","src":"overture:meta","name":"Camp Nofesh","website":"http://campnaaleh.com/contact-us","addr":"1 Main Ave, Passaic","elev_ft":92}},{"type":"Feature","geometry":{"type":"Point","coordinates":[-74.094955,40.975452]},"properties":{"kind":"campsite","src":"overture:meta","name":"Camp Sunshine & Camp Snowflake","website":"http://www.sunshine-snowflake.org/","addr":"1133 E Ridgewood Ave, Ridgewood","elev_ft":89}},{"type":"Feature","geometry":{"type":"Point","coordinates":[-73.992744,40.803921]},"properties":{"kind":"campsite","src":"overture:Foursquare","name":"Detective Bureau Trailer","website":"http://edgewaternj.org","addr":"55 River Rd, Edgewater","elev_ft":13}},{"type":"Feature","geometry":{"type":"Point","coordinates":[-74.010246,40.904839]},"properties":{"kind":"campsite","src":"overture:meta","name":"Caddy Camp","website":"http://www.nancysiegelconsulting.com/","addr":"354 Maitland Ave, Teaneck","elev_ft":131}},{"type":"Feature","geometry":{"type":"Point","coordinates":[-73.962685,40.929348]},"properties":{"kind":"campsite","src":"overture:meta","name":"Camp Gan Israel of Tenafly","website":"http://www.campganisraeltenafly.com/","addr":"11 Harold St, Tenafly","elev_ft":56}},{"type":"Feature","geometry":{"type":"Point","coordinates":[-74.740723,41.264084]},"properties":{"kind":"campsite","src":"overture:meta","name":"Trailblazers Vacamos Sleepaway Camp","website":"http://www.trailblazers.org","addr":"210 Deckertown Tpke, Montague","elev_ft":1204}},{"type":"Feature","geometry":{"type":"Point","coordinates":[-74.693008,41.354187]},"properties":{"kind":"campsite","src":"overture:meta","name":"Tri-State Bible Camp","website":"http://www.tristatebiblecamp.org/","addr":"2 River Rd, Montague","elev_ft":522}},{"type":"Feature","geometry":{"type":"Point","coordinates":[-74.709274,41.345242]},"properties":{"kind":"rv_park","src":"overture:meta","name":"Rockview Valley Campground","website":"http://www.rockviewvalley.com","addr":"59 River Rd, Montague","elev_ft":495}},{"type":"Feature","geometry":{"type":"Point","coordinates":[-74.539482,41.228302]},"properties":{"kind":"campsite","src":"overture:meta","name":"Tall Timbers Property Owners Association","website":"http://talltimberspropertyownersassociation.placeweb.site/","addr":"100 Tall Timbers Rd, Vernon Twp","elev_ft":863}},{"type":"Feature","geometry":{"type":"Point","coordinates":[-74.882797,41.101448]},"properties":{"kind":"campsite","src":"overture:meta","name":"Mountain Shadows Lake Association","website":"http://www.mountainshadowslake.com/","addr":"946 Owassa Rd, Newton","elev_ft":971}},{"type":"Feature","geometry":{"type":"Point","coordinates":[-74.871384,41.039776]},"properties":{"kind":"rv_park","src":"overture:meta","name":"Camp Nejeda Foundation","website":"https://www.campnejeda.org/","addr":"910 Saddle Back Rd, Stillwater Twp","elev_ft":482}},{"type":"Feature","geometry":{"type":"Point","coordinates":[-74.578102,41.097984]},"properties":{"kind":"campsite","src":"overture:Foursquare","name":"Hillside Estates At Franklin","website":"http://www.hillsideestatesatfranklin.com","addr":"2 Skyview Dr, Franklin","elev_ft":594}},{"type":"Feature","geometry":{"type":"Point","coordinates":[-74.472824,41.058964]},"properties":{"kind":"campsite","src":"overture:Foursquare","name":"Garick RV","website":"http://www.garickrv.com","addr":"3134 State Rt 23, Oak Ridge","elev_ft":955}},{"type":"Feature","geometry":{"type":"Point","coordinates":[-74.38356,41.038353]},"properties":{"kind":"campsite","src":"overture:Foursquare","name":"Camp Ocawasin","website":"http://www.ypdc.com","addr":"Macopin Road, West Milford","elev_ft":883}},{"type":"Feature","geometry":{"type":"Point","coordinates":[-74.327576,41.12574]},"properties":{"kind":"campsite","src":"overture:meta","name":"Shiloh Bible Camp","website":"http://www.campshiloh.com/","addr":"753 Burnt Meadow Rd, Hewitt","elev_ft":715}},{"type":"Feature","geometry":{"type":"Point","coordinates":[-74.359985,41.148285]},"properties":{"kind":"campsite","src":"overture:meta","name":"Camp Hope","website":"http://www.passaiccountynj.org","addr":"1792 Union Valley Rd, West Milford","elev_ft":656}},{"type":"Feature","geometry":{"type":"Point","coordinates":[-74.803902,41.208424]},"properties":{"kind":"campsite","src":"overture:meta","name":"Camp Linwood MacDonald","website":"http://www.newarkymca.org/main/camp-linwood-mcdonald-page/","addr":"1 Flatbrook Rd, Branchville","elev_ft":564}},{"type":"Feature","geometry":{"type":"Point","coordinates":[-74.686386,41.252182]},"properties":{"kind":"campsite","src":"overture:meta","name":"Mashipacong Shelter","addr":"Appalachian National Scenic Trail, Montague","elev_ft":1434}},{"type":"Feature","geometry":{"type":"Point","coordinates":[-74.639664,41.277454]},"properties":{"kind":"campsite","src":"overture:meta","name":"Pleasant Acres campground","addr":"61 Dewitt Rd, Wantage","elev_ft":827}},{"type":"Feature","geometry":{"type":"Point","coordinates":[-75.021416,40.654533]},"properties":{"kind":"campsite","src":"overture:meta","name":"Camp Out Inc/Jugtown Mountain Campground","addr":"1074 RT-173, Asbury","elev_ft":810}},{"type":"Feature","geometry":{"type":"Point","coordinates":[-75.163216,39.643932]},"properties":{"kind":"campsite","src":"overture:Foursquare","name":"Old Cedar Campground","website":"http://www.oldcedarcampground.com","addr":"Elk, NJ, Elk","elev_ft":144}},{"type":"Feature","geometry":{"type":"Point","coordinates":[-74.523476,39.920567]},"properties":{"kind":"campsite","src":"overture:meta","name":"The Pinelands Center","website":"http://www.pinelandscenter.org/","addr":"801 Mt Misery Rd, Browns Mills","elev_ft":144}},{"type":"Feature","geometry":{"type":"Point","coordinates":[-75.037231,39.2491]},"properties":{"kind":"campsite","src":"overture:meta","name":"Paraclete, a Christian camp Inc.","website":"https://paraclete-a-christian-camp.startsites.org/","addr":"6516 Yock Wock Rd, Port Norris","elev_ft":16}},{"type":"Feature","geometry":{"type":"Point","coordinates":[-74.272797,40.100883]},"properties":{"kind":"campsite","src":"overture:meta","name":"Tip Tam Camping Resort","website":"http://tiptam.com/","addr":"301 Brewers Bridge Rd, Jackson","elev_ft":128}},{"type":"Feature","geometry":{"type":"Point","coordinates":[-74.983337,39.80687]},"properties":{"kind":"rv_park","src":"overture:meta","name":"Sacred Earth Sanctuary","addr":"11 Meehan Blvd, Clementon","elev_ft":85}},{"type":"Feature","geometry":{"type":"Point","coordinates":[-75.290558,39.630203]},"properties":{"kind":"campsite","src":"overture:meta","name":"Camp Crockett County Park","website":"http://campcrockett.com/","addr":"148 Avis Mill Rd, Pilesgrove Twp","elev_ft":75}},{"type":"Feature","geometry":{"type":"Point","coordinates":[-74.311378,40.179726]},"properties":{"kind":"campsite","src":"overture:meta","name":"Nomoco Campground At Turkey Swamp","website":"www.monmouthcountyparks.com/page.aspx?Id=2540","elev_ft":148}},{"type":"Feature","geometry":{"type":"Point","coordinates":[-75.065018,40.892883]},"properties":{"kind":"rv_park","src":"overture:meta","name":"Delaware River Family Campground","website":"http://www.njcamping.com/","addr":"Po Box 142 100 Rt. 46, Delaware","elev_ft":354}},{"type":"Feature","geometry":{"type":"Point","coordinates":[-73.989273,41.00523]},"properties":{"kind":"rv_park","src":"overture:meta","name":"Camp Walden","website":"https://www.campwalden-ny.com","addr":"36 Feather Ln, Old Tappan","elev_ft":102}},{"type":"Feature","geometry":{"type":"Point","coordinates":[-75.079216,40.977989]},"properties":{"kind":"campsite","src":"overture:meta","name":"Camp Taylor Campground","website":"http://www.CampTaylor.com/","addr":"85 Mt Pleasant Rd, Columbia","elev_ft":1083}},{"type":"Feature","geometry":{"type":"Point","coordinates":[-74.563873,40.075211]},"properties":{"kind":"rv_park","src":"overture:meta","name":"Hanover Mobile Village & Sales","website":"https://www.mhvillage.com/Communities/MobileHomePark.php?key=18324","addr":"202 Jacobstown New Egypt Rd, Wrightstown","elev_ft":144}},{"type":"Feature","geometry":{"type":"Point","coordinates":[-74.991562,39.860714]},"properties":{"kind":"campsite","src":"overture:meta","name":"Godfrey Bridge Campground","website":"www.state.nj.us/dep/parksandforests/parks/maps/wsf_godfrey_bridge...","addr":"Godfrey Bridge Campground Rd, Cherry Hill","elev_ft":105}},{"type":"Feature","geometry":{"type":"Point","coordinates":[-74.811691,41.183861]},"properties":{"kind":"campsite","src":"overture:meta","name":"Kittatinny Mountain Scout Reservation","website":"http://cnjcscouting.org","addr":"22 Struble Rd, Branchville","elev_ft":804}},{"type":"Feature","geometry":{"type":"Point","coordinates":[-74.64875,40.348583]},"properties":{"kind":"rv_park","src":"overture:meta","name":"Princeton Blairstown Center","website":"http://www.princetonblairstown.org","addr":"87 Prospect Ave, Princeton","elev_ft":177}},{"type":"Feature","geometry":{"type":"Point","coordinates":[-74.812263,39.094669]},"properties":{"kind":"campsite","src":"overture:meta","name":"Driftwood Campground","website":"http://www.driftwoodrvcenter.com/","addr":"478 N Route 9, Cape May Court House","elev_ft":36}},{"type":"Feature","geometry":{"type":"Point","coordinates":[-74.810722,39.125263]},"properties":{"kind":"campsite","src":"overture:Microsoft","name":"Sun Retreats Avalon","website":"https://www.sunoutdoors.com/new-jersey/sun-retreats-avalon?utm_source=bing&utm_medium=organic&utm_campaign=bing_listing","addr":"116 Swainton Goshen Rd, Cape May Court House","elev_ft":39}},{"type":"Feature","geometry":{"type":"Point","coordinates":[-74.513481,39.455002]},"properties":{"kind":"rv_park","src":"overture:Microsoft","name":"Shady Pines","website":"https://www.suncommunities.com/community/shady-pines/","addr":"443 S 6th Ave, Galloway","elev_ft":56}},{"type":"Feature","geometry":{"type":"Point","coordinates":[-74.3134,39.754845]},"properties":{"kind":"campsite","src":"overture:Microsoft","name":"Long Beach Carefree RV Resort","website":"http://www.carefreervresorts.com/rv-parks/new-jersey/long-beach/","addr":"30 Rte 72, Barnegat","elev_ft":135}},{"type":"Feature","geometry":{"type":"Point","coordinates":[-74.067375,40.739857]},"properties":{"kind":"campsite","src":"overture:Microsoft","name":"Ocean View Campground","website":"https://www.ovresort.com/","addr":"255 U S 9, Jersey City","elev_ft":56}},{"type":"Feature","geometry":{"type":"Point","coordinates":[-74.689644,41.294891]},"properties":{"kind":"campsite","src":"overture:meta","name":"Sawmill Lake Campground","website":"http://www.alltrails.com/trail/us/new-jersey/steeny-kill-and-sawmill-lakes","elev_ft":1270}},{"type":"Feature","geometry":{"type":"Point","coordinates":[-75.125648,39.593765]},"properties":{"kind":"rv_park","src":"overture:meta","name":"Picnic Grove Mobile Homes","website":"http://picnicgrovemhc.com/amenities","addr":"215 Harding Hwy, Elmer","elev_ft":141}},{"type":"Feature","geometry":{"type":"Point","coordinates":[-74.878983,39.560604]},"properties":{"kind":"campsite","src":"overture:meta","name":"Msharville Campground","elev_ft":108}},{"type":"Feature","geometry":{"type":"Point","coordinates":[-74.710083,39.217403]},"properties":{"kind":"campsite","src":"overture:meta","name":"Ocean Sands Resorts and Associates","website":"http://www.OceanSandsNJ.org/","addr":"56 RT-50, Ocean View","elev_ft":36}},{"type":"Feature","geometry":{"type":"Point","coordinates":[-73.957634,40.932373]},"properties":{"kind":"campsite","src":"overture:meta","name":"Camp Eagle Hill","website":"http://www.campeaglehill.com/","addr":"232 White Oak Rd, Tenafly","elev_ft":66}},{"type":"Feature","geometry":{"type":"Point","coordinates":[-74.569168,39.375904]},"properties":{"kind":"campsite","src":"overture:meta","name":"Birchgrove Park Campground","addr":"12 Mazza Dr, Northfield","elev_ft":33}},{"type":"Feature","geometry":{"type":"Point","coordinates":[-74.857277,40.754597]},"properties":{"kind":"rv_park","src":"overture:meta","name":"Eden At Crossroads","website":"http://www.crossroadsretreat.com/","addr":"29 Pleasant Grove Rd, Port Murray","elev_ft":1014}},{"type":"Feature","geometry":{"type":"Point","coordinates":[-74.797791,39.238697]},"properties":{"kind":"campsite","src":"overture:meta","name":"Ocean World Campground","website":"https://www.weichert.com/.../Woodbine/Ocean_World_Campers_Resort","addr":"219 Maple St, Woodbine","elev_ft":43}},{"type":"Feature","geometry":{"type":"Point","coordinates":[-75.003067,40.983749]},"properties":{"kind":"campsite","src":"overture:meta","name":"Camp Amity Acres","website":"http://www.amityacresdaycamp.com/","addr":"Jones Rd , Blairstown","elev_ft":371}},{"type":"Feature","geometry":{"type":"Point","coordinates":[-74.082047,40.986237]},"properties":{"kind":"rv_park","src":"overture:meta","name":"Camp Wekeela","website":"https://www.campwekeela.com","addr":"979 Allison Ct, Ridgewood","elev_ft":141}},{"type":"Feature","geometry":{"type":"Point","coordinates":[-74.876358,39.107483]},"properties":{"kind":"campsite","src":"overture:meta","name":"Hideaway Beach Condo Association","website":"http://hideawaybeach.weebley.com/","addr":"43 Route 47 N, Cape May Court House","elev_ft":23}},{"type":"Feature","geometry":{"type":"Point","coordinates":[-75.047455,39.575787]},"properties":{"kind":"rv_park","src":"overture:meta","name":"Malaga Mobile Home Park","website":"https://www.arxcommunities.com/community/malaga-5","addr":"260 Marshall Mill Rd, Malaga","elev_ft":125}},{"type":"Feature","geometry":{"type":"Point","coordinates":[-74.07048,39.947536]},"properties":{"kind":"rv_park","src":"overture:meta","name":"Seaside Heights Rentals","website":"https://violasseasiderental.com/","addr":"20 Sampson Ave, Seaside Heights","elev_ft":13}},{"type":"Feature","geometry":{"type":"Point","coordinates":[-74.254356,40.442589]},"properties":{"kind":"campsite","src":"overture:meta","name":"Cheese quake Camp Grounds","website":"https://www.campendium.com/cheesequake-state-park","elev_ft":52}},{"type":"Feature","geometry":{"type":"Point","coordinates":[-74.764137,39.150555]},"properties":{"kind":"campsite","src":"overture:Foursquare","name":"Driftwood Camping Resort","website":"http://www.driftwoodrvcenter.com","addr":"1955 N Route 9, Cape May Court House","elev_ft":26}},{"type":"Feature","geometry":{"type":"Point","coordinates":[-74.767097,39.149975]},"properties":{"kind":"campsite","src":"overture:Foursquare","name":"Driftwood RV Resort & Campground","website":"http://www.driftwoodcampingresorts.com","addr":"1955 N Route 9, Cape May Court House","elev_ft":33}},{"type":"Feature","geometry":{"type":"Point","coordinates":[-74.703491,39.208763]},"properties":{"kind":"campsite","src":"overture:Foursquare","name":"Tamerlane Camp Ground","website":"http://newjerseycampgrounds.com","addr":"2241 Route 9, Ocean View","elev_ft":33}},{"type":"Feature","geometry":{"type":"Point","coordinates":[-75.006828,39.342442]},"properties":{"kind":"campsite","src":"overture:Foursquare","name":"Camp Cedar Knolls","website":"https://www.cedar-knolls-camp.hub.biz","addr":"Schooner Landing Rd., Millville","elev_ft":10}},{"type":"Feature","geometry":{"type":"Point","coordinates":[-75.171066,39.59478]},"properties":{"kind":"campsite","src":"overture:Foursquare","name":"Camp Grice","website":"http://www.gardenstatescouting.org","addr":"124 Aldine Daretown Road, Elmer","elev_ft":118}},{"type":"Feature","geometry":{"type":"Point","coordinates":[-74.944191,39.578999]},"properties":{"kind":"campsite","src":"overture:Foursquare","name":"Camp Sacajawea","website":"http://www.gscsnj.org/Sacy_South.html","addr":"3064 Victoria Ave, Newfield","elev_ft":128}},{"type":"Feature","geometry":{"type":"Point","coordinates":[-74.808624,39.55748]},"properties":{"kind":"campsite","src":"overture:Foursquare","name":"Indian Branch Campground","website":"http://www.indianbranchparkcg.com","elev_ft":66}},{"type":"Feature","geometry":{"type":"Point","coordinates":[-74.575424,39.47823]},"properties":{"kind":"campsite","src":"overture:Foursquare","name":"Swan Lake Resort","website":"https://www.swanlakenj.com","addr":"106 Moss Mill Rd, Pomona","elev_ft":69}},{"type":"Feature","geometry":{"type":"Point","coordinates":[-74.507385,39.53027]},"properties":{"kind":"campsite","src":"overture:Foursquare","name":"atlantic blueberry hill campground","website":"https://www.atlanticblueberryrvp.com","elev_ft":59}},{"type":"Feature","geometry":{"type":"Point","coordinates":[-74.451553,39.592239]},"properties":{"kind":"campsite","src":"overture:Foursquare","name":"Pilgrim Lake Camp Grounds","website":"http://www.pilgrimlakecampgrounds.com","addr":"940 Stage Rd, New Gretna","elev_ft":23}},{"type":"Feature","geometry":{"type":"Point","coordinates":[-74.736443,39.692169]},"properties":{"kind":"campsite","src":"overture:Foursquare","name":"Paradise Lakes","website":"http://paradiselakescampground.placeweb.site","addr":"200 Paradise Dr, Hammonton","elev_ft":56}},{"type":"Feature","geometry":{"type":"Point","coordinates":[-74.776993,39.845093]},"properties":{"kind":"campsite","src":"overture:Foursquare","name":"YMCA Camp Matollionequay","website":"http://ycamp.org","addr":"1303 Stokes Rd, Medford","elev_ft":105}},{"type":"Feature","geometry":{"type":"Point","coordinates":[-74.337326,39.603519]},"properties":{"kind":"campsite","src":"overture:Foursquare","name":"Atlantic City North Campground","website":"http://www.campacn.com","addr":"Unnamed Rd, Tuckerton","elev_ft":26}},{"type":"Feature","geometry":{"type":"Point","coordinates":[-74.524757,39.921513]},"properties":{"kind":"campsite","src":"overture:Foursquare","name":"Pinelands Center At Mt Misery","website":"http://www.mtmisery.com","addr":"801 Mount Misery Rd, Browns Mills","elev_ft":138}},{"type":"Feature","geometry":{"type":"Point","coordinates":[-74.533684,40.459557]},"properties":{"kind":"campsite","src":"overture:Foursquare","name":"Oak Crest Day Camp","website":"http://www.oakcrestdaycamp.com","addr":"92 Cortelyou Ln, Somerset","elev_ft":105}},{"type":"Feature","geometry":{"type":"Point","coordinates":[-74.58139,40.658966]},"properties":{"kind":"campsite","src":"overture:Foursquare","name":"Day Camp Sunshine","website":"http://www.daycampsunshine.org","addr":"3575 Valley Road, Basking Ridge","elev_ft":276}},{"type":"Feature","geometry":{"type":"Point","coordinates":[-74.891846,40.767017]},"properties":{"kind":"campsite","src":"overture:Foursquare","name":"Camp Bernie YMCA","website":"http://www.campbernieymca.org","addr":"327 Turkey Top Rd, Port Murray","elev_ft":899}},{"type":"Feature","geometry":{"type":"Point","coordinates":[-74.339058,40.316986]},"properties":{"kind":"campsite","src":"overture:Foursquare","name":"Country Roads Day Camp","website":"http://www.countryroadsdaycamp.com","addr":"139 Pinebrook Rd, Manalapan","elev_ft":98}},{"type":"Feature","geometry":{"type":"Point","coordinates":[-74.25425,40.276443]},"properties":{"kind":"campsite","src":"overture:Foursquare","name":"Camp Briar Hill","website":"http://www.briarhill.com","addr":"148 Dutch Lane Rd, Freehold","elev_ft":177}},{"type":"Feature","geometry":{"type":"Point","coordinates":[-74.250374,40.448364]},"properties":{"kind":"campsite","src":"overture:Foursquare","name":"Cheesequake State Park Camp Ground","website":"http://www.state.nj.us/dep/parksandforests/parks/cheesequake.html#camp","addr":"300 Gordon Corner Road, Matawan","elev_ft":33}},{"type":"Feature","geometry":{"type":"Point","coordinates":[-74.462662,40.982422]},"properties":{"kind":"campsite","src":"overture:Foursquare","name":"Camp Lewis","website":"http://www.nnjbsa-lewis.org","addr":"39 Upper Hibernia Rd, Rockaway","elev_ft":1014}},{"type":"Feature","geometry":{"type":"Point","coordinates":[-74.358719,41.016087]},"properties":{"kind":"campsite","src":"overture:Foursquare","name":"Star Lake Camp - The Salvation Army","website":"http://www.salvationarmyusa.org","addr":"268 Macopin Rd, Bloomingdale","elev_ft":531}},{"type":"Feature","geometry":{"type":"Point","coordinates":[-74.130493,40.130257]},"properties":{"kind":"campsite","src":"overture:Foursquare","name":"Camp Zehnder YMCA","website":"http://www.ymca.net","addr":"3911 Herbertsville Rd, Wall Township","elev_ft":95}},{"type":"Feature","geometry":{"type":"Point","coordinates":[-74.237267,41.062305]},"properties":{"kind":"campsite","src":"overture:Foursquare","name":"Camp Glen Gray","website":"http://www.glengray.org","addr":"200 Midvale Mountain Rd, Mahwah","elev_ft":682}},{"type":"Feature","geometry":{"type":"Point","coordinates":[-74.307884,40.715023]},"properties":{"kind":"campsite","src":"overture:meta","name":"Camp Winadu","website":"http://www.campwinadu.com","addr":"302 Main St, Millburn","elev_ft":108}},{"type":"Feature","geometry":{"type":"Point","coordinates":[-74.275528,40.518837]},"properties":{"kind":"rv_park","src":"overture:meta","name":"Sunrise on the Beach","website":"http://www.sunriseonthebeach.info/","addr":"524 Amboy Ave, Perth Amboy","elev_ft":98}},{"type":"Feature","geometry":{"type":"Point","coordinates":[-74.947403,40.934433]},"properties":{"kind":"campsite","src":"overture:meta","name":"Cranford West","addr":"24 Lakeview Ave, Blairstown","elev_ft":449}},{"type":"Feature","geometry":{"type":"Point","coordinates":[-74.762512,40.917107]},"properties":{"kind":"campsite","src":"overture:meta","name":"Boy Scouts Camp Somers","addr":"750 Waterloo Rd, Stanhope","elev_ft":745}},{"type":"Feature","geometry":{"type":"Point","coordinates":[-75.087547,41.011024]},"properties":{"kind":"campsite","src":"overture:meta","name":"Worthington State Forrest Campground","elev_ft":344}},{"type":"Feature","geometry":{"type":"Point","coordinates":[-74.195786,39.791428]},"properties":{"kind":"campsite","src":"overture:meta","name":"Camp Amity Acres","addr":"133 Jones Road, Waretown","elev_ft":26}},{"type":"Feature","geometry":{"type":"Point","coordinates":[-74.453377,40.504002]},"properties":{"kind":"campsite","src":"overture:meta","name":"Camp Gan Israel Highland Park","website":"http://www.ganisraelnj.com/","addr":"170 College Ave, New Brunswick","elev_ft":85}},{"type":"Feature","geometry":{"type":"Point","coordinates":[-74.308601,40.742889]},"properties":{"kind":"campsite","src":"overture:meta","name":"Greenwood Gardens","addr":"274 Old Short Hills Rd, Short Hills","elev_ft":472}},{"type":"Feature","geometry":{"type":"Point","coordinates":[-74.733612,39.18261]},"properties":{"kind":"campsite","src":"overture:meta","name":"Oceanview Resort Campground","elev_ft":46}},{"type":"Feature","geometry":{"type":"Point","coordinates":[-75.11586,40.998444]},"properties":{"kind":"campsite","src":"overture:meta","name":"Worthington State Forest Campground","elev_ft":404}},{"type":"Feature","geometry":{"type":"Point","coordinates":[-74.75592,39.171318]},"properties":{"kind":"campsite","src":"overture:meta","name":"PineHaven Campground NJ","elev_ft":36}},{"type":"Feature","geometry":{"type":"Point","coordinates":[-74.281151,40.30724]},"properties":{"kind":"rv_park","src":"overture:meta","name":"Music & Art Academy","website":"http://www.musicandartacademy.com","addr":"55 Weston Ct, Marlboro","elev_ft":154}},{"type":"Feature","geometry":{"type":"Point","coordinates":[-74.896835,39.003059]},"properties":{"kind":"campsite","src":"overture:meta","name":"Beachcomber Campground Cape May Nj","elev_ft":39}},{"type":"Feature","geometry":{"type":"Point","coordinates":[-74.689232,41.293049]},"properties":{"kind":"campsite","src":"overture:meta","name":"Highpoint Sawmill Campground 16","website":"www.alltrails.com/trail/us/new-jersey/steeny-kill-and-sawmill-lakes","elev_ft":1243}},{"type":"Feature","geometry":{"type":"Point","coordinates":[-74.824913,41.094849]},"properties":{"kind":"campsite","src":"overture:meta","name":"Aldersgate Center","website":"http://www.pinelandscenter.org/","addr":"1 Mary Jones Rd, Newton","elev_ft":758}},{"type":"Feature","geometry":{"type":"Point","coordinates":[-74.899284,39.065449]},"properties":{"kind":"rv_park","src":"overture:meta","name":"Delsea Woods Community LLC","addr":"295 Route 47 S, Cape May Court House","elev_ft":23}},{"type":"Feature","geometry":{"type":"Point","coordinates":[-75.134407,39.677235]},"properties":{"kind":"campsite","src":"overture:meta","name":"Old Cedar Campground (Swimming Lake)","elev_ft":135}},{"type":"Feature","geometry":{"type":"Point","coordinates":[-74.070259,40.684605]},"properties":{"kind":"campsite","src":"overture:meta","name":"Usace","addr":"3 Chapel Ave, Jersey City","elev_ft":3}},{"type":"Feature","geometry":{"type":"Point","coordinates":[-75.002243,39.345818]},"properties":{"kind":"campsite","src":"overture:meta","name":"Camp Cedar Knoll - Christian Summer Camp","website":"https://cedar-knolls-camp.hub.biz/","addr":"Schooner Landing Rd, Millville","elev_ft":30}},{"type":"Feature","geometry":{"type":"Point","coordinates":[-75.087791,39.414001]},"properties":{"kind":"campsite","src":"overture:meta","name":"Ukrainian National Home","addr":"801 Carmel Rd, Millville","elev_ft":66}},{"type":"Feature","geometry":{"type":"Point","coordinates":[-74.985123,40.758549]},"properties":{"kind":"campsite","src":"overture:meta","name":"Delaware River Family Campground","addr":"46 State St, Washington","elev_ft":456}},{"type":"Feature","geometry":{"type":"Point","coordinates":[-74.541794,40.589378]},"properties":{"kind":"campsite","src":"overture:meta","name":"Camp Cromwell","website":"http://www.bcny.org","addr":"900 Vosseller Ave, Martinsville","elev_ft":295}},{"type":"Feature","geometry":{"type":"Point","coordinates":[-74.84861,40.756493]},"properties":{"kind":"campsite","src":"overture:meta","name":"Teetertown Reserve Campsites","elev_ft":1010}},{"type":"Feature","geometry":{"type":"Point","coordinates":[-74.50518,40.92141]},"properties":{"kind":"campsite","src":"overture:meta","name":"Camp Winnebago Boy Scouts Parking Lot","addr":"98 Timber Ct, Rockaway","elev_ft":692}},{"type":"Feature","geometry":{"type":"Point","coordinates":[-74.330521,40.179188]},"properties":{"kind":"campsite","src":"overture:meta","name":"Turkey Swamp Wildlife Management Area","website":"http://www.productsforwildlifemanagement.com/","elev_ft":154}},{"type":"Feature","geometry":{"type":"Point","coordinates":[-74.311852,40.86956]},"properties":{"kind":"campsite","src":"overture:meta","name":"New Jersey Y M-Ywha Camps","website":"http://www.njycamps.org","addr":"21 Plymouth St, Fairfield","elev_ft":177}},{"type":"Feature","geometry":{"type":"Point","coordinates":[-73.922379,40.982765]},"properties":{"kind":"campsite","src":"overture:meta","name":"Camp Alpine Dining Hall","elev_ft":492}},{"type":"Feature","geometry":{"type":"Point","coordinates":[-74.892792,39.006859]},"properties":{"kind":"campsite","src":"overture:meta","name":"BC Snack Shack","addr":"462 Seashore Rd, Cape May","elev_ft":33}},{"type":"Feature","geometry":{"type":"Point","coordinates":[-74.300392,39.782841]},"properties":{"kind":"campsite","src":"overture:meta","name":"Joseph A Citta Scout Reservation","website":"www.CittaScoutReservation.com","addr":"229 Brookville Rd, Ocean","elev_ft":125}},{"type":"Feature","geometry":{"type":"Point","coordinates":[-74.573715,39.278858]},"properties":{"kind":"rv_park","src":"overture:meta","name":"The Historic Riverboat House","website":"http://riverboatoc.com/","addr":"800 Wesley Ave, Ocean City","elev_ft":16}},{"type":"Feature","geometry":{"type":"Point","coordinates":[-74.064575,40.907257]},"properties":{"kind":"campsite","src":"overture:meta","name":"Junior Explorers","website":"http://www.juniorexplorerscamp.com/","addr":"765 Grant Ave, Maywood","elev_ft":95}},{"type":"Feature","geometry":{"type":"Point","coordinates":[-75.060806,40.617966]},"properties":{"kind":"campsite","src":"overture:meta","name":"Mount View Campground","elev_ft":466}},{"type":"Feature","geometry":{"type":"Point","coordinates":[-75.041069,39.507595]},"properties":{"kind":"campsite","src":"overture:meta","name":"Camp YEY","website":"http://www.southwestcouncil.org/campyey","addr":"1405 N Delsea Dr, Vineland","elev_ft":112}},{"type":"Feature","geometry":{"type":"Point","coordinates":[-73.997284,40.795349]},"properties":{"kind":"campsite","src":"overture:meta","name":"Catskill Forest Preserve Camping","addr":"Barkaboom road, North Bergen","elev_ft":131}},{"type":"Feature","geometry":{"type":"Point","coordinates":[-73.934608,40.975571]},"properties":{"kind":"campsite","src":"overture:meta","name":"Camp Alpine Northern NJ Council BSA","website":"http://www.nnjbsa.org/openrosters/ViewOrgPageLink.aspx?LinkKey=1171","addr":"Ruckman Rd @ Anderso, Closter","elev_ft":200}},{"type":"Feature","geometry":{"type":"Point","coordinates":[-74.262863,40.107674]},"properties":{"kind":"campsite","src":"overture:meta","name":"Harmony Hideaway Campground LLC","addr":"380 Clearstream Rd, Jackson","elev_ft":128}},{"type":"Feature","geometry":{"type":"Point","coordinates":[-74.684044,40.87254]},"properties":{"kind":"campsite","src":"overture:meta","name":"Camp North Star","website":"http://campnorthstarmaine.com","addr":"3 Jefferson Dr, Flanders","elev_ft":1089}},{"type":"Feature","geometry":{"type":"Point","coordinates":[-74.65461,39.742619]},"properties":{"kind":"campsite","src":"overture:meta","name":"Mullica River Wilderness Camp","addr":"Washington Township, Burlington County","elev_ft":82}},{"type":"Feature","geometry":{"type":"Point","coordinates":[-75.001183,41.028847]},"properties":{"kind":"campsite","src":"overture:meta","name":"Camp Mohican","addr":"50 Camp Mohican Rd, Blairstown","elev_ft":1132}},{"type":"Feature","geometry":{"type":"Point","coordinates":[-74.671547,40.732765]},"properties":{"kind":"campsite","src":"overture:meta","name":"GSB Summer Camp","website":"https://www.gsbschool.org/academics/summer/summer-camp","addr":"4 St Bernards Rd, Peapack and Gladstone","elev_ft":328}},{"type":"Feature","geometry":{"type":"Point","coordinates":[-74.397781,41.198048]},"properties":{"kind":"campsite","src":"overture:meta","name":"Wawayanda Shelter","elev_ft":1188}},{"type":"Feature","geometry":{"type":"Point","coordinates":[-74.191956,39.824108]},"properties":{"kind":"campsite","src":"overture:meta","name":"Lacey Elks","elev_ft":20}},{"type":"Feature","geometry":{"type":"Point","coordinates":[-74.623039,41.144924]},"properties":{"kind":"campsite","src":"overture:meta","name":"Beaver Hill Campground","website":"http://www.beaverhill.com","addr":"120 Big Spring Rd, Hamburg","elev_ft":673}},{"type":"Feature","geometry":{"type":"Point","coordinates":[-74.94381,40.924973]},"properties":{"kind":"campsite","src":"overture:meta","name":"Indian Hollows","elev_ft":528}},{"type":"Feature","geometry":{"type":"Point","coordinates":[-74.999626,40.410664]},"properties":{"kind":"rv_park","src":"overture:meta","name":"Eagle Island","elev_ft":85}},{"type":"Feature","geometry":{"type":"Point","coordinates":[-74.406998,40.342529]},"properties":{"kind":"campsite","src":"overture:meta","name":"Harmony Grove","addr":"490 Grace Hill Rd, Monroe Twp","elev_ft":115}},{"type":"Feature","geometry":{"type":"Point","coordinates":[-74.271652,40.832504]},"properties":{"kind":"rv_park","src":"overture:meta","name":"Professional Sports Camp","website":"https://www.psccamps.com/baseball/camps/nike-big-league-baseball-camp-at-the-lawrenceville-school","addr":"9 Ryerson Ave, Caldwell","elev_ft":531}},{"type":"Feature","geometry":{"type":"Point","coordinates":[-74.941528,39.965134]},"properties":{"kind":"rv_park","src":"overture:meta","name":"Esf Summer Camp","website":"http://www.esfcamps.com","addr":"110 E Main St, Moorestown","elev_ft":92}},{"type":"Feature","geometry":{"type":"Point","coordinates":[-74.210304,41.067417]},"properties":{"kind":"campsite","src":"overture:meta","name":"Camp Yaw Paw","website":"https://scoutingnnj.org/wp-content/uploads/2025/09/Camp-Yaw-Paw-Rental-Policies-Fall-2025.pdf","addr":"98 Bear Swamp Rd, Mahwah","elev_ft":289}},{"type":"Feature","geometry":{"type":"Point","coordinates":[-74.115128,40.666855]},"properties":{"kind":"campsite","src":"overture:meta","name":"Camp Bicica","addr":"12 W 27th St, Bayonne","elev_ft":39}},{"type":"Feature","geometry":{"type":"Point","coordinates":[-74.219864,40.944218]},"properties":{"kind":"campsite","src":"overture:meta","name":"White Pines Day Camp","elev_ft":272}},{"type":"Feature","geometry":{"type":"Point","coordinates":[-74.04924,41.023952]},"properties":{"kind":"campsite","src":"overture:meta","name":"Camp Chen-A-Wanda","website":"https://www.chenawanda.com","addr":"1 Ellis Ct, Woodcliff Lake","elev_ft":171}},{"type":"Feature","geometry":{"type":"Point","coordinates":[-74.512184,40.924812]},"properties":{"kind":"campsite","src":"overture:meta","name":"Camp White Meadow","website":"http://campwhitemeadow.com/","addr":"100 White Meadow Rd, Rockaway","elev_ft":764}},{"type":"Feature","geometry":{"type":"Point","coordinates":[-74.381882,40.193012]},"properties":{"kind":"campsite","src":"overture:meta","name":"Skyhigh Magic Camps","website":"http://www.skyhighmagiccamps.com/","addr":"380 Monmouth Rd, Millstone Twp","elev_ft":184}},{"type":"Feature","geometry":{"type":"Point","coordinates":[-74.369141,40.975437]},"properties":{"kind":"campsite","src":"overture:meta","name":"Fire Ring At Our House","elev_ft":676}},{"type":"Feature","geometry":{"type":"Point","coordinates":[-74.840431,40.596004]},"properties":{"kind":"campsite","src":"overture:meta","name":"Camp Brett-Endeavor","addr":"245 Stanton Mountain Rd, Lebanon","elev_ft":495}},{"type":"Feature","geometry":{"type":"Point","coordinates":[-74.450722,40.639267]},"properties":{"kind":"rv_park","src":"overture:meta","name":"Little Learners Day Camp","addr":"7 Valley Rd, Watchung","elev_ft":217}},{"type":"Feature","geometry":{"type":"Point","coordinates":[-74.952156,40.928848]},"properties":{"kind":"campsite","src":"overture:meta","name":"Hope Conference and Renewal Center","website":"http://www.camphope.org/","addr":"15 Ridgeway Ave, Blairstown","elev_ft":548}},{"type":"Feature","geometry":{"type":"Point","coordinates":[-74.119537,40.106064]},"properties":{"kind":"campsite","src":"overture:meta","name":"Funnycat1129","addr":"465 New Jersey Ave, Brick","elev_ft":33}},{"type":"Feature","geometry":{"type":"Point","coordinates":[-73.983452,40.98629]},"properties":{"kind":"campsite","src":"overture:meta","name":"NV Summer Camp","website":"http://www.nvsummercamp.com/","addr":"191 Harriot Ave, Harrington Park","elev_ft":69}},{"type":"Feature","geometry":{"type":"Point","coordinates":[-74.349503,39.962067]},"properties":{"kind":"rv_park","src":"overture:meta","name":"Viral Vans","website":"https://www.rvezy.com/rv-rental/new-jersey_manchester-township_motorhome_campervan_other_inventor_a95633?rts=2a87d9f1-51ea-4a9a-9118-df4507265108","addr":"55 Milford Ave, Manchester Twp","elev_ft":135}},{"type":"Feature","geometry":{"type":"Point","coordinates":[-74.033234,40.84808]},"properties":{"kind":"campsite","src":"overture:meta","name":"Toku Akashi","website":"https://bit.ly/m/SurferDudeToku","addr":"Home, Little Ferry","elev_ft":10}},{"type":"Feature","geometry":{"type":"Point","coordinates":[-75.084844,41.01296]},"properties":{"kind":"campsite","src":"ridb","name":"Worthington State Forest Campground","website":"https://www.nps.govhttps://nj.gov/dep/parksandforests/parks/worthingtonstateforest.html","addr":"Columbia","elev_ft":338}}]}