{"type":"FeatureCollection","attribution":"OSM (ODbL) via Overpass; Overture Maps Foundation (CDLA-P-2.0/Apache-2.0/CC0); Recreation.gov RIDB (CC-BY 4.0). See data/ATTRIBUTION.md. Generated 2026-07-23.","features":[{"type":"Feature","geometry":{"type":"Point","coordinates":[-70.691351,41.8465]},"properties":{"kind":"campsite","src":"osm","osm":"node/64797923","operator":"Myles Standish State Forest","elev_ft":141}},{"type":"Feature","geometry":{"type":"Point","coordinates":[-71.086904,42.60747]},"properties":{"kind":"campsite","src":"osm","osm":"node/328605346","name":"Camp Evergreen","operator":"Jim Lescatoff","elev_ft":141}},{"type":"Feature","geometry":{"type":"Point","coordinates":[-71.086566,42.193109]},"properties":{"kind":"campsite","src":"osm","osm":"node/1822216893","name":"Ponkapoag Camp of Appalachian Mountain Club","operator":"Appalachian Mountain Club","website":"https://ponkapoagcamp.org/","elev_ft":210}},{"type":"Feature","geometry":{"type":"Point","coordinates":[-71.285667,42.224084]},"properties":{"kind":"campsite","src":"osm","osm":"node/1965999424","elev_ft":404}},{"type":"Feature","geometry":{"type":"Point","coordinates":[-71.656423,42.632751]},"properties":{"kind":"campsite","src":"osm","osm":"node/1983851686","operator":"Groton Conservation Commission","elev_ft":289}},{"type":"Feature","geometry":{"type":"Point","coordinates":[-71.657241,42.633615]},"properties":{"kind":"campsite","src":"osm","osm":"node/1983851780","operator":"Groton Conservation Commission","elev_ft":289}},{"type":"Feature","geometry":{"type":"Point","coordinates":[-71.53215,42.59623]},"properties":{"kind":"campsite","src":"osm","osm":"node/2085358724","name":"Grotonwood","website":"https://grotonwood.org/","elev_ft":315}},{"type":"Feature","geometry":{"type":"Point","coordinates":[-71.39177,42.50224]},"properties":{"kind":"campsite","src":"osm","osm":"node/2169262377","name":"1","elev_ft":253}},{"type":"Feature","geometry":{"type":"Point","coordinates":[-71.3926,42.50309]},"properties":{"kind":"campsite","src":"osm","osm":"node/2169262543","name":"3","elev_ft":262}},{"type":"Feature","geometry":{"type":"Point","coordinates":[-71.39628,42.50339]},"properties":{"kind":"campsite","src":"osm","osm":"node/2169262634","name":"6","elev_ft":289}},{"type":"Feature","geometry":{"type":"Point","coordinates":[-71.3941,42.50347]},"properties":{"kind":"campsite","src":"osm","osm":"node/2169262652","name":"4","elev_ft":272}},{"type":"Feature","geometry":{"type":"Point","coordinates":[-71.3948,42.5038]},"properties":{"kind":"campsite","src":"osm","osm":"node/2169262703","name":"5","elev_ft":279}},{"type":"Feature","geometry":{"type":"Point","coordinates":[-71.39755,42.50406]},"properties":{"kind":"campsite","src":"osm","osm":"node/2169262743","name":"7","elev_ft":289}},{"type":"Feature","geometry":{"type":"Point","coordinates":[-73.319748,42.503426]},"properties":{"kind":"campsite","src":"osm","osm":"node/2487300534","name":"Sites 11, 12, 13","elev_ft":2142}},{"type":"Feature","geometry":{"type":"Point","coordinates":[-71.766725,42.653378]},"properties":{"kind":"campsite","src":"osm","osm":"node/2867830536","name":"Pearl Hill Campground","elev_ft":554}},{"type":"Feature","geometry":{"type":"Point","coordinates":[-73.08302,42.299246]},"properties":{"kind":"campsite","src":"osm","osm":"node/3373668177","name":"Rocky Point","elev_ft":1709}},{"type":"Feature","geometry":{"type":"Point","coordinates":[-73.083079,42.297654]},"properties":{"kind":"campsite","src":"osm","osm":"node/3373668178","name":"Green Point","elev_ft":1699}},{"type":"Feature","geometry":{"type":"Point","coordinates":[-69.985002,41.615256]},"properties":{"kind":"campsite","src":"osm","osm":"node/3505160899","name":"Biologist Campsite","access":"private","elev_ft":7}},{"type":"Feature","geometry":{"type":"Point","coordinates":[-72.088344,42.651451]},"properties":{"kind":"dump","src":"osm","osm":"node/3627980652","access":"yes","elev_ft":889}},{"type":"Feature","geometry":{"type":"Point","coordinates":[-72.08311,42.645103]},"properties":{"kind":"campsite","src":"osm","osm":"node/3629224573","name":"East Dennison Camping Area","elev_ft":876}},{"type":"Feature","geometry":{"type":"Point","coordinates":[-72.089894,42.648344]},"properties":{"kind":"campsite","src":"osm","osm":"node/3629224574","name":"North Dennison Camping Area","elev_ft":866}},{"type":"Feature","geometry":{"type":"Point","coordinates":[-72.24843,42.719393]},"properties":{"kind":"campsite","src":"osm","osm":"node/3800670935","name":"Falls Brook Shelter","elev_ft":988}},{"type":"Feature","geometry":{"type":"Point","coordinates":[-73.08129,42.299019]},"properties":{"kind":"campsite","src":"osm","osm":"node/3809199152","name":"White Rock","elev_ft":1709}},{"type":"Feature","geometry":{"type":"Point","coordinates":[-72.401329,42.680832]},"properties":{"kind":"campsite","src":"osm","osm":"node/3889823588","name":"Richardson-Zlogar Cabin","elev_ft":1270}},{"type":"Feature","geometry":{"type":"Point","coordinates":[-73.450774,42.053308]},"properties":{"kind":"campsite","src":"osm","osm":"node/4217652848","name":"Sage's Ravine","fee":"no","operator":"Appalachian Mountain Club","desc":"8 campsites approximately\n1 group site\nBear boxes and privys available\nAn AMC host stays there from Memorial Day till Labor Day approx.","elev_ft":1614}},{"type":"Feature","geometry":{"type":"Point","coordinates":[-73.43767,42.060615]},"properties":{"kind":"campsite","src":"osm","osm":"node/4217658289","name":"Laurel Ridge Campsite","fee":"no","desc":"Privy","elev_ft":1634}},{"type":"Feature","geometry":{"type":"Point","coordinates":[-71.789723,42.660365]},"properties":{"kind":"campsite","src":"osm","osm":"node/4226876995","name":"Damon Pond Campground","elev_ft":699}},{"type":"Feature","geometry":{"type":"Point","coordinates":[-71.403827,42.2765]},"properties":{"kind":"campsite","src":"osm","osm":"node/4270666890","name":"Minha casa","elev_ft":161}},{"type":"Feature","geometry":{"type":"Point","coordinates":[-73.187981,42.633113]},"properties":{"kind":"campsite","src":"osm","osm":"node/4329406842","name":"Balsam Group Site","capacity":"12","elev_ft":2421}},{"type":"Feature","geometry":{"type":"Point","coordinates":[-73.188056,42.633435]},"properties":{"kind":"campsite","src":"osm","osm":"node/4329406844","name":"Spruce Group Site","capacity":"12","elev_ft":2421}},{"type":"Feature","geometry":{"type":"Point","coordinates":[-73.193821,42.644211]},"properties":{"kind":"campsite","src":"osm","osm":"node/4329406849","name":"Stoney Ledge Group Site","capacity":"12","elev_ft":2572}},{"type":"Feature","geometry":{"type":"Point","coordinates":[-71.392207,42.502112]},"properties":{"kind":"campsite","src":"osm","osm":"node/4584515404","name":"2","elev_ft":262}},{"type":"Feature","geometry":{"type":"Point","coordinates":[-70.083532,41.256724]},"properties":{"kind":"campsite","src":"osm","osm":"node/4633504970","name":"Camp Richard Lodge","elev_ft":46}},{"type":"Feature","geometry":{"type":"Point","coordinates":[-71.471325,42.189643]},"properties":{"kind":"campsite","src":"osm","osm":"node/4831811523","name":"\"The Sandpits\" Private Hiking and Winter Sports Area","elev_ft":266}},{"type":"Feature","geometry":{"type":"Point","coordinates":[-70.733247,41.927138]},"properties":{"kind":"campsite","src":"osm","osm":"node/4943035022","name":"Pinewood Lodge & Campgrounds","elev_ft":151}},{"type":"Feature","geometry":{"type":"Point","coordinates":[-72.775405,42.286476]},"properties":{"kind":"campsite","src":"osm","osm":"node/4945004522","name":"KOA weathampton","elev_ft":564}},{"type":"Feature","geometry":{"type":"Point","coordinates":[-72.944857,42.642822]},"properties":{"kind":"campsite","src":"osm","osm":"node/4980805409","elev_ft":791}},{"type":"Feature","geometry":{"type":"Point","coordinates":[-72.936622,42.638514]},"properties":{"kind":"dump","src":"osm","osm":"node/4990175014","fee":"no","access":"customers","elev_ft":778}},{"type":"Feature","geometry":{"type":"Point","coordinates":[-73.046525,42.647819]},"properties":{"kind":"dump","src":"osm","osm":"node/5007944260","fee":"no","access":"customers","elev_ft":1969}},{"type":"Feature","geometry":{"type":"Point","coordinates":[-73.233852,42.337733]},"properties":{"kind":"dump","src":"osm","osm":"node/5139762989","fee":"no","access":"customers","elev_ft":1037}},{"type":"Feature","geometry":{"type":"Point","coordinates":[-73.433437,42.090144]},"properties":{"kind":"campsite","src":"osm","osm":"node/5634005823","name":"Race Brook Campsites","fee":"no","access":"yes","elev_ft":1847}},{"type":"Feature","geometry":{"type":"Point","coordinates":[-70.820731,42.824264]},"properties":{"kind":"campsite","src":"osm","osm":"node/5748305521","name":"Salisbury State Park Reservation","elev_ft":10}},{"type":"Feature","geometry":{"type":"Point","coordinates":[-71.095282,42.525084]},"properties":{"kind":"water","src":"osm","osm":"node/5917371422","elev_ft":102}},{"type":"Feature","geometry":{"type":"Point","coordinates":[-73.318487,42.506315]},"properties":{"kind":"campsite","src":"osm","osm":"node/5932205086","name":"Site 1","elev_ft":2096}},{"type":"Feature","geometry":{"type":"Point","coordinates":[-73.320377,42.50579]},"properties":{"kind":"campsite","src":"osm","osm":"node/5932205096","name":"Site 2","elev_ft":2067}},{"type":"Feature","geometry":{"type":"Point","coordinates":[-73.320478,42.505609]},"properties":{"kind":"campsite","src":"osm","osm":"node/5932205097","name":"Site 3","elev_ft":2067}},{"type":"Feature","geometry":{"type":"Point","coordinates":[-73.320558,42.50553]},"properties":{"kind":"campsite","src":"osm","osm":"node/5932205098","name":"Site 4","elev_ft":2067}},{"type":"Feature","geometry":{"type":"Point","coordinates":[-73.320713,42.505245]},"properties":{"kind":"campsite","src":"osm","osm":"node/5932205099","name":"Site 5","elev_ft":2110}},{"type":"Feature","geometry":{"type":"Point","coordinates":[-72.263762,42.484123]},"properties":{"kind":"campsite","src":"osm","osm":"node/6441581252","name":"Federated Womens' Club State Forest Primitive Campsite","fee":"yes","access":"permit","operator":"Massachusetts DCR","capacity":"15","elev_ft":751}},{"type":"Feature","geometry":{"type":"Point","coordinates":[-71.087624,42.194708]},"properties":{"kind":"campsite","src":"osm","osm":"node/6639156922","name":"Spang Camp Site","elev_ft":171}},{"type":"Feature","geometry":{"type":"Point","coordinates":[-71.087726,42.191232]},"properties":{"kind":"campsite","src":"osm","osm":"node/6639156928","name":"Missionary Point","elev_ft":174}},{"type":"Feature","geometry":{"type":"Point","coordinates":[-73.080344,42.733353]},"properties":{"kind":"campsite","src":"osm","osm":"node/6641140234","elev_ft":1155}},{"type":"Feature","geometry":{"type":"Point","coordinates":[-71.105374,42.19906]},"properties":{"kind":"campsite","src":"osm","osm":"node/6641268910","name":"YMCA Camp","elev_ft":197}},{"type":"Feature","geometry":{"type":"Point","coordinates":[-70.140993,41.651721]},"properties":{"kind":"campsite","src":"osm","osm":"node/6652995372","name":"D4","elev_ft":13}},{"type":"Feature","geometry":{"type":"Point","coordinates":[-70.141111,41.651691]},"properties":{"kind":"campsite","src":"osm","osm":"node/6652995373","name":"D3","elev_ft":13}},{"type":"Feature","geometry":{"type":"Point","coordinates":[-70.1412,41.651669]},"properties":{"kind":"campsite","src":"osm","osm":"node/6652995374","name":"D2","elev_ft":13}},{"type":"Feature","geometry":{"type":"Point","coordinates":[-70.141295,41.651645]},"properties":{"kind":"campsite","src":"osm","osm":"node/6652995375","name":"D1","elev_ft":13}},{"type":"Feature","geometry":{"type":"Point","coordinates":[-73.339404,42.2127]},"properties":{"kind":"campsite","src":"osm","osm":"node/6685673685","desc":"AT Thruhiker camping","elev_ft":715}},{"type":"Feature","geometry":{"type":"Point","coordinates":[-73.224696,42.251973]},"properties":{"kind":"campsite","src":"osm","osm":"node/6719959146","name":"Shaker camp","elev_ft":928}},{"type":"Feature","geometry":{"type":"Point","coordinates":[-73.15957,42.514846]},"properties":{"kind":"campsite","src":"osm","osm":"node/6719979685","name":"Crystal Mountain campsite (& privy)","elev_ft":1998}},{"type":"Feature","geometry":{"type":"Point","coordinates":[-73.151478,42.718454]},"properties":{"kind":"campsite","src":"osm","osm":"node/6720041718","name":"Sherman Brook Campsite","fee":"no","elev_ft":1463}},{"type":"Feature","geometry":{"type":"Point","coordinates":[-72.079539,42.625761]},"properties":{"kind":"campsite","src":"osm","osm":"node/7613076945","name":"Beaman Pond Campground","elev_ft":909}},{"type":"Feature","geometry":{"type":"Point","coordinates":[-71.082676,42.131435]},"properties":{"kind":"campsite","src":"osm","osm":"node/8394289374","name":"Camp Christina Entrance","elev_ft":285}},{"type":"Feature","geometry":{"type":"Point","coordinates":[-73.08169,42.733579]},"properties":{"kind":"campsite","src":"osm","osm":"node/8869732100","elev_ft":1161}},{"type":"Feature","geometry":{"type":"Point","coordinates":[-71.391181,42.502112]},"properties":{"kind":"campsite","src":"osm","osm":"node/9255031543","name":"0","elev_ft":253}},{"type":"Feature","geometry":{"type":"Point","coordinates":[-70.86824,42.527876]},"properties":{"kind":"campsite","src":"osm","osm":"node/9500734058","elev_ft":20}},{"type":"Feature","geometry":{"type":"Point","coordinates":[-71.059302,42.484866]},"properties":{"kind":"water","src":"osm","osm":"node/9795357358","elev_ft":141}},{"type":"Feature","geometry":{"type":"Point","coordinates":[-72.590531,42.458612]},"properties":{"kind":"campsite","src":"osm","osm":"node/10128149071","name":"Whately Oaks Primitive Campsite","fee":"no","access":"yes","operator":"Appalachian Mountain Club","website":"https://www.connecticutriverpaddlerstrail.org/crpt7/node/5659","drinking_water":"no","elev_ft":135}},{"type":"Feature","geometry":{"type":"Point","coordinates":[-72.554348,42.556893]},"properties":{"kind":"campsite","src":"osm","osm":"node/10128161161","name":"Hatchery Brook Primitive Campsite","fee":"no","access":"yes","operator":"Appalachian Mountain Club","website":"https://www.connecticutriverpaddlerstrail.org/crpt7/node/5658","drinking_water":"no","elev_ft":154}},{"type":"Feature","geometry":{"type":"Point","coordinates":[-71.536598,42.549838]},"properties":{"kind":"campsite","src":"osm","osm":"node/10154290567","name":"Spacious Skies Campgrounds - Minute Man","website":"https://campatminuteman.com","desc":"Spacious Skies Minute Man Campground is a peaceful campground located in a piney forest grove in historic Littleton, Massachusetts.","elev_ft":308}},{"type":"Feature","geometry":{"type":"Point","coordinates":[-72.332073,42.246878]},"properties":{"kind":"campsite","src":"osm","osm":"node/10250588109","name":"Camp","elev_ft":430}},{"type":"Feature","geometry":{"type":"Point","coordinates":[-70.4625,41.702805]},"properties":{"kind":"campsite","src":"osm","osm":"node/11794037939","name":"Camp Hayward","fee":"yes","access":"private","elev_ft":112}},{"type":"Feature","geometry":{"type":"Point","coordinates":[-70.523392,41.759239]},"properties":{"kind":"dump","src":"osm","osm":"node/12366028089","elev_ft":154}},{"type":"Feature","geometry":{"type":"Point","coordinates":[-70.523282,41.75926]},"properties":{"kind":"dump","src":"osm","osm":"node/12366028090","elev_ft":154}},{"type":"Feature","geometry":{"type":"Point","coordinates":[-70.523297,41.759074]},"properties":{"kind":"dump","src":"osm","osm":"node/12366028091","elev_ft":154}},{"type":"Feature","geometry":{"type":"Point","coordinates":[-70.523187,41.75909]},"properties":{"kind":"dump","src":"osm","osm":"node/12366028092","elev_ft":154}},{"type":"Feature","geometry":{"type":"Point","coordinates":[-70.32194,41.734186]},"properties":{"kind":"campsite","src":"osm","osm":"node/12461789869","name":"Sandy Neck Campsite","fee":"yes","operator":"Town of Barnstable","website":"https://www.townofbarnstable.us/SandyNeckPark/camping/campinghome.aspx","reservation":"yes","elev_ft":16}},{"type":"Feature","geometry":{"type":"Point","coordinates":[-72.978276,42.280023]},"properties":{"kind":"campsite","src":"osm","osm":"node/12913424397","name":"Chester Railway Station","website":"https://www.chesterrailwaystation.net/Caboose.html","capacity":"1","drinking_water":"yes","toilets":"yes","reservation":"required","elev_ft":614}},{"type":"Feature","geometry":{"type":"Point","coordinates":[-71.650376,42.086071]},"properties":{"kind":"campsite","src":"osm","osm":"node/13056797779","fee":"yes","access":"private","operator":"Fairwoods Christian Recreation Society","elev_ft":318}},{"type":"Feature","geometry":{"type":"Point","coordinates":[-72.086265,42.086929]},"properties":{"kind":"rv_park","src":"osm","osm":"way/29672914","name":"Pine Lake RV Resort & Cottages","website":"https://pinelakervresortandcottages.com/","elev_ft":617}},{"type":"Feature","geometry":{"type":"Point","coordinates":[-72.166248,42.10769]},"properties":{"kind":"campsite","src":"osm","osm":"way/29674003","name":"Village Green Campground","access":"yes","elev_ft":781}},{"type":"Feature","geometry":{"type":"Point","coordinates":[-71.997812,42.323414]},"properties":{"kind":"campsite","src":"osm","osm":"way/29681711","name":"Treasure Valley Scout Reservation","access":"permissive","operator":"Heart of New England Council","elev_ft":794}},{"type":"Feature","geometry":{"type":"Point","coordinates":[-71.946815,42.193025]},"properties":{"kind":"campsite","src":"osm","osm":"way/29684242","name":"Camp Laurelwood","access":"permissive","elev_ft":919}},{"type":"Feature","geometry":{"type":"Point","coordinates":[-70.875353,42.855154]},"properties":{"kind":"campsite","src":"osm","osm":"way/29688439","name":"Rusnik Campground","access":"restricted","elev_ft":56}},{"type":"Feature","geometry":{"type":"Point","coordinates":[-70.843714,42.832993]},"properties":{"kind":"campsite","src":"osm","osm":"way/29689786","name":"Pines Camping Area","access":"restricted","website":"https://www.pinescampingarea.com/","elev_ft":36}},{"type":"Feature","geometry":{"type":"Point","coordinates":[-70.907062,41.912317]},"properties":{"kind":"rv_park","src":"osm","osm":"way/29690097","name":"Boston/Cape Cod KOA","website":"https://koa.com/campgrounds/boston/","elev_ft":115}},{"type":"Feature","geometry":{"type":"Point","coordinates":[-70.744639,41.832046]},"properties":{"kind":"campsite","src":"osm","osm":"way/29690104","name":"Pinewood Way Campground","elev_ft":125}},{"type":"Feature","geometry":{"type":"Point","coordinates":[-70.661727,41.779162]},"properties":{"kind":"rv_park","src":"osm","osm":"way/29690961","name":"Maple Park Campground","website":"https://www.capecodmaplepark.com/","elev_ft":59}},{"type":"Feature","geometry":{"type":"Point","coordinates":[-70.748432,42.626509]},"properties":{"kind":"campsite","src":"osm","osm":"way/29692265","name":"Camp Pinehurst","access":"restricted","elev_ft":105}},{"type":"Feature","geometry":{"type":"Point","coordinates":[-70.88245,42.873161]},"properties":{"kind":"campsite","src":"osm","osm":"way/29695421","name":"Black Bear Campground","access":"restricted","elev_ft":92}},{"type":"Feature","geometry":{"type":"Point","coordinates":[-70.588425,41.725275]},"properties":{"kind":"rv_park","src":"osm","osm":"way/29699402","name":"Bayview Campground","website":"https://www.bayviewcampground.com/","elev_ft":131}},{"type":"Feature","geometry":{"type":"Point","coordinates":[-72.062176,42.145002]},"properties":{"kind":"campsite","src":"osm","osm":"way/29700973","name":"Wells State Park","access":"yes","operator":"Massachusetts Department of Conservation and Recreation","website":"https://www.mass.gov/locations/wells-state-park","elev_ft":656}},{"type":"Feature","geometry":{"type":"Point","coordinates":[-70.577085,41.604431]},"properties":{"kind":"campsite","src":"osm","osm":"way/29703132","name":"Sun Retreats Cape Cod","access":"yes","operator":"Sun Outdoors","elev_ft":66}},{"type":"Feature","geometry":{"type":"Point","coordinates":[-72.996997,42.271962]},"properties":{"kind":"rv_park","src":"osm","osm":"way/29747023","name":"Walker Island Campgrounds","access":"restricted","elev_ft":978}},{"type":"Feature","geometry":{"type":"Point","coordinates":[-72.872867,42.162623]},"properties":{"kind":"campsite","src":"osm","osm":"way/29747108","name":"Moses Scout Reservation","access":"private","operator":"Boy Scouts of America","elev_ft":997}},{"type":"Feature","geometry":{"type":"Point","coordinates":[-72.912709,42.640609]},"properties":{"kind":"rv_park","src":"osm","osm":"way/29747467","name":"Mohawk Park","elev_ft":568}},{"type":"Feature","geometry":{"type":"Point","coordinates":[-72.993015,42.273785]},"properties":{"kind":"rv_park","src":"osm","osm":"way/29747657","name":"Walker Island Campgrounds","access":"restricted","elev_ft":994}},{"type":"Feature","geometry":{"type":"Point","coordinates":[-72.874302,42.150795]},"properties":{"kind":"campsite","src":"osm","osm":"way/29748723","name":"Moses Scout Reservation","access":"private","operator":"Boy Scouts of America","elev_ft":1102}},{"type":"Feature","geometry":{"type":"Point","coordinates":[-72.920688,42.073649]},"properties":{"kind":"campsite","src":"osm","osm":"way/29748858","name":"Prospect Mountain Campground","access":"customers","elev_ft":1263}},{"type":"Feature","geometry":{"type":"Point","coordinates":[-72.06855,42.39643]},"properties":{"kind":"rv_park","src":"osm","osm":"way/29755579","name":"Camp Coldbrook","access":"customers","elev_ft":791}},{"type":"Feature","geometry":{"type":"Point","coordinates":[-71.500586,42.649426]},"properties":{"kind":"campsite","src":"osm","osm":"way/29768917","name":"Camp Massapoag","access":"customers","website":"https://greaterlowellymca.org/index.php/camp-massapoag/","elev_ft":233}},{"type":"Feature","geometry":{"type":"Point","coordinates":[-71.536484,42.549909]},"properties":{"kind":"campsite","src":"osm","osm":"way/29769280","name":"Spacious Skies Campground","website":"http://www.minutemancampground.com/","elev_ft":308}},{"type":"Feature","geometry":{"type":"Point","coordinates":[-70.201437,42.046578]},"properties":{"kind":"campsite","src":"osm","osm":"way/29799841","name":"Coastal Acres Camping Court","website":"http://www.coastalacres.com/","elev_ft":7}},{"type":"Feature","geometry":{"type":"Point","coordinates":[-70.186284,42.061853]},"properties":{"kind":"campsite","src":"osm","osm":"way/29800154","name":"Dunes Edge Campground","fee":"yes","operator":"The Trustees","website":"https://thetrustees.org/place/dunes-edge-campground/","drinking_water":"yes","toilets":"yes","elev_ft":33}},{"type":"Feature","geometry":{"type":"Point","coordinates":[-70.089451,41.758287]},"properties":{"kind":"campsite","src":"osm","osm":"way/29800225","name":"Shady Knoll Campground","access":"yes","website":"https://shadyknoll.com/","elev_ft":43}},{"type":"Feature","geometry":{"type":"Point","coordinates":[-71.216898,42.388918]},"properties":{"kind":"campsite","src":"osm","osm":"way/29819550","name":"Camp Cedar Hill","access":"private","elev_ft":203}},{"type":"Feature","geometry":{"type":"Point","coordinates":[-72.537201,42.603018]},"properties":{"kind":"campsite","src":"osm","osm":"way/29857316","name":"Barton Cove","fee":"yes","access":"yes","operator":"FirstLight Power","website":"https://www.firstlightpower.com/stewardship/barton-cove-and-munns-ferry-campgrounds/#barton-cove","drinking_water":"yes","toilets":"yes","elev_ft":233}},{"type":"Feature","geometry":{"type":"Point","coordinates":[-71.176237,42.090462]},"properties":{"kind":"campsite","src":"osm","osm":"way/29859097","name":"Camp Gannet","access":"yes","elev_ft":299}},{"type":"Feature","geometry":{"type":"Point","coordinates":[-72.144416,42.102998]},"properties":{"kind":"campsite","src":"osm","osm":"way/29913800","name":"Quinebaug Cove","elev_ft":702}},{"type":"Feature","geometry":{"type":"Point","coordinates":[-72.218022,42.068134]},"properties":{"kind":"rv_park","src":"osm","osm":"way/29914574","name":"Oak Haven Family Campground","website":"https://oakhavencampground.com/","elev_ft":955}},{"type":"Feature","geometry":{"type":"Point","coordinates":[-70.850172,42.200419]},"properties":{"kind":"campsite","src":"osm","osm":"way/82989950","name":"Wompatuck State Park Campground","operator":"DCR","elev_ft":190}},{"type":"Feature","geometry":{"type":"Point","coordinates":[-70.035387,41.758934]},"properties":{"kind":"dump","src":"osm","osm":"way/164953687","name":"Nickerson Dump Station","fee":"no","access":"customers","elev_ft":141}},{"type":"Feature","geometry":{"type":"Point","coordinates":[-70.023391,41.762996]},"properties":{"kind":"campsite","src":"osm","osm":"way/165754764","name":"Nauset Academy - Youth Forestry Camp","access":"private","operator":"Eliot Community Health Services","elev_ft":75}},{"type":"Feature","geometry":{"type":"Point","coordinates":[-72.081595,42.647725]},"properties":{"kind":"campsite","src":"osm","osm":"way/214134788","name":"Lake Dennison Campground","elev_ft":883}},{"type":"Feature","geometry":{"type":"Point","coordinates":[-70.076265,42.040088]},"properties":{"kind":"rv_park","src":"osm","osm":"way/224697708","name":"North Truro Campground","operator":"Adventure Bound Camping Resort","website":"https://www.abcamping.com/","elev_ft":72}},{"type":"Feature","geometry":{"type":"Point","coordinates":[-70.820262,42.82444]},"properties":{"kind":"campsite","src":"osm","osm":"way/224812622","elev_ft":7}},{"type":"Feature","geometry":{"type":"Point","coordinates":[-73.047111,42.646209]},"properties":{"kind":"campsite","src":"osm","osm":"way/224819729","name":"Savoy Mountain State Forest Camping Area","elev_ft":1998}},{"type":"Feature","geometry":{"type":"Point","coordinates":[-70.063565,42.034394]},"properties":{"kind":"campsite","src":"osm","osm":"way/238015235","name":"Horton's Campground","operator":"Adventure Bound Camping Resort","website":"https://www.abcamping.com/","elev_ft":95}},{"type":"Feature","geometry":{"type":"Point","coordinates":[-69.98575,41.879765]},"properties":{"kind":"campsite","src":"osm","osm":"way/238015236","name":"Maurice\u2019s Campground","fee":"yes","operator":"Town of Wellfleet","website":"https://www.mauricescampground.com/","elev_ft":36}},{"type":"Feature","geometry":{"type":"Point","coordinates":[-70.087428,42.046619]},"properties":{"kind":"campsite","src":"osm","osm":"way/238015237","name":"North of Highland Camping Area","website":"https://capecodcamping.com/","elev_ft":59}},{"type":"Feature","geometry":{"type":"Point","coordinates":[-69.999662,41.924783]},"properties":{"kind":"campsite","src":"osm","osm":"way/238015238","name":"Wellfleet Hollow State Campground","fee":"yes","access":"yes","operator":"Massachusetts Department of Conservation and Recreation","website":"https://www.mass.gov/locations/wellfleet-hollow-state-campground","drinking_water":"yes","toilets":"yes","reservation":"required","elev_ft":69}},{"type":"Feature","geometry":{"type":"Point","coordinates":[-70.086016,41.738768]},"properties":{"kind":"campsite","src":"osm","osm":"way/238015239","name":"Sweetwater Forest Family Campground","website":"http://www.sweetwaterforest.com/","elev_ft":92}},{"type":"Feature","geometry":{"type":"Point","coordinates":[-71.183006,42.020758]},"properties":{"kind":"rv_park","src":"osm","osm":"way/293101009","name":"Canoe River Campgrounds","elev_ft":164}},{"type":"Feature","geometry":{"type":"Point","coordinates":[-70.600805,41.792955]},"properties":{"kind":"rv_park","src":"osm","osm":"way/311686883","name":"Sandy Pond Campground","website":"http://www.sandypond.com/","elev_ft":66}},{"type":"Feature","geometry":{"type":"Point","coordinates":[-70.610583,41.435067]},"properties":{"kind":"campsite","src":"osm","osm":"way/311824520","name":"Martha\u2019s Vineyard Family Campground","website":"https://campmv.com/","elev_ft":118}},{"type":"Feature","geometry":{"type":"Point","coordinates":[-71.588629,42.424061]},"properties":{"kind":"campsite","src":"osm","osm":"way/324571731","name":"Maggi Staff Village","elev_ft":344}},{"type":"Feature","geometry":{"type":"Point","coordinates":[-69.983723,41.846363]},"properties":{"kind":"rv_park","src":"osm","osm":"way/328814392","name":"Atlantic Oaks Campground","website":"https://atlanticoaks.com/","elev_ft":52}},{"type":"Feature","geometry":{"type":"Point","coordinates":[-72.090247,42.649611]},"properties":{"kind":"campsite","src":"osm","osm":"way/357799163","name":"Group Camp Area 1","elev_ft":876}},{"type":"Feature","geometry":{"type":"Point","coordinates":[-70.029521,41.765712]},"properties":{"kind":"campsite","src":"osm","osm":"way/372915112","name":"Camping Area 2","operator":"DCR","elev_ft":89}},{"type":"Feature","geometry":{"type":"Point","coordinates":[-70.032342,41.765633]},"properties":{"kind":"campsite","src":"osm","osm":"way/372915115","name":"Camping Area 3","operator":"DCR","elev_ft":115}},{"type":"Feature","geometry":{"type":"Point","coordinates":[-70.019059,41.75067]},"properties":{"kind":"campsite","src":"osm","osm":"way/372915118","name":"Camping Area 6X","operator":"DCR","elev_ft":154}},{"type":"Feature","geometry":{"type":"Point","coordinates":[-70.024965,41.769325]},"properties":{"kind":"campsite","src":"osm","osm":"way/372915121","name":"Camping Area 5","operator":"DCR","elev_ft":66}},{"type":"Feature","geometry":{"type":"Point","coordinates":[-70.016896,41.753767]},"properties":{"kind":"campsite","src":"osm","osm":"way/372915124","name":"Camping Area 6","operator":"DCR","elev_ft":148}},{"type":"Feature","geometry":{"type":"Point","coordinates":[-70.032774,41.760613]},"properties":{"kind":"campsite","src":"osm","osm":"way/372915130","name":"Camping Area 4","operator":"DCR","elev_ft":174}},{"type":"Feature","geometry":{"type":"Point","coordinates":[-70.029916,41.768578]},"properties":{"kind":"campsite","src":"osm","osm":"way/372915134","name":"Camping Area 1","operator":"DCR","elev_ft":59}},{"type":"Feature","geometry":{"type":"Point","coordinates":[-70.143845,41.709381]},"properties":{"kind":"rv_park","src":"osm","osm":"way/429891708","name":"Old Chatham Road RV Resort","elev_ft":66}},{"type":"Feature","geometry":{"type":"Point","coordinates":[-73.077635,42.292588]},"properties":{"kind":"campsite","src":"osm","osm":"way/441983469","name":"Frontier Village","elev_ft":1706}},{"type":"Feature","geometry":{"type":"Point","coordinates":[-73.075534,42.294716]},"properties":{"kind":"campsite","src":"osm","osm":"way/441983473","name":"Iroquois Village","elev_ft":1722}},{"type":"Feature","geometry":{"type":"Point","coordinates":[-73.07624,42.29268]},"properties":{"kind":"campsite","src":"osm","osm":"way/441983476","name":"Pioneer Village","elev_ft":1722}},{"type":"Feature","geometry":{"type":"Point","coordinates":[-73.080889,42.292528]},"properties":{"kind":"campsite","src":"osm","osm":"way/441983477","name":"Ranger Village","elev_ft":1729}},{"type":"Feature","geometry":{"type":"Point","coordinates":[-73.054796,42.267407]},"properties":{"kind":"campsite","src":"osm","osm":"way/504852093","name":"Bonnie Rigg Camping Club","elev_ft":1345}},{"type":"Feature","geometry":{"type":"Point","coordinates":[-72.544073,42.661606]},"properties":{"kind":"campsite","src":"osm","osm":"way/506124705","elev_ft":302}},{"type":"Feature","geometry":{"type":"Point","coordinates":[-72.944119,42.642032]},"properties":{"kind":"campsite","src":"osm","osm":"way/509877866","name":"Great Pines Camping Area","elev_ft":804}},{"type":"Feature","geometry":{"type":"Point","coordinates":[-72.936519,42.642184]},"properties":{"kind":"campsite","src":"osm","osm":"way/510034744","name":"Group Camping Area","elev_ft":928}},{"type":"Feature","geometry":{"type":"Point","coordinates":[-71.278904,42.47332]},"properties":{"kind":"campsite","src":"osm","osm":"way/511257087","name":"Hanscom Air Force Base FamCamp","fee":"no","access":"permissive","operator":"66th Force Support Squadron","elev_ft":154}},{"type":"Feature","geometry":{"type":"Point","coordinates":[-73.291721,42.205324]},"properties":{"kind":"campsite","src":"osm","osm":"way/520397679","name":"Campground","capacity":"12","elev_ft":1631}},{"type":"Feature","geometry":{"type":"Point","coordinates":[-73.232496,42.337508]},"properties":{"kind":"campsite","src":"osm","osm":"way/527640117","name":"Lee Campground","operator":"DCR","elev_ft":1060}},{"type":"Feature","geometry":{"type":"Point","coordinates":[-73.134256,42.427136]},"properties":{"kind":"campsite","src":"osm","osm":"way/570745093","name":"Camp Romaca","elev_ft":1549}},{"type":"Feature","geometry":{"type":"Point","coordinates":[-71.096238,42.607437]},"properties":{"kind":"campsite","src":"osm","osm":"way/610689081","name":"Lorraine Campground","elev_ft":131}},{"type":"Feature","geometry":{"type":"Point","coordinates":[-71.590696,42.42322]},"properties":{"kind":"campsite","src":"osm","osm":"way/674511786","name":"Staff Heights","elev_ft":354}},{"type":"Feature","geometry":{"type":"Point","coordinates":[-70.951476,42.171194]},"properties":{"kind":"campsite","src":"osm","osm":"way/680480711","access":"private","operator":"Girl Scouts of Weymouth","desc":"Old Private Camping Area","elev_ft":174}},{"type":"Feature","geometry":{"type":"Point","coordinates":[-72.210744,42.648668]},"properties":{"kind":"campsite","src":"osm","osm":"way/691855155","name":"Tully Lake Campground","fee":"yes","operator":"The Trustees of Reservations","website":"https://thetrustees.org/places-to-visit/places-to-stay/tully-lake-campground/","elev_ft":692}},{"type":"Feature","geometry":{"type":"Point","coordinates":[-73.092284,42.684044]},"properties":{"kind":"campsite","src":"osm","osm":"way/706350818","name":"Historic Valley Campground","operator":"City of North Adams","website":"https://www.northadams-ma.gov/visit_our_city/historic_valley_campground/index.php","capacity":"100","elev_ft":958}},{"type":"Feature","geometry":{"type":"Point","coordinates":[-73.063846,42.29959]},"properties":{"kind":"campsite","src":"osm","osm":"way/710765945","name":"Camp Greylock","elev_ft":1627}},{"type":"Feature","geometry":{"type":"Point","coordinates":[-71.151142,42.638519]},"properties":{"kind":"campsite","src":"osm","osm":"way/762767759","name":"Camp Maude Eaton","operator":"Girl Scouts of Eastern Massachusetts","elev_ft":105}},{"type":"Feature","geometry":{"type":"Point","coordinates":[-71.962067,42.245711]},"properties":{"kind":"campsite","src":"osm","osm":"way/771764123","name":"Sibley Farm Tent Pitches","elev_ft":1043}},{"type":"Feature","geometry":{"type":"Point","coordinates":[-73.105978,42.215165]},"properties":{"kind":"rv_park","src":"osm","osm":"way/798397441","name":"Kolondike Camping Resort","elev_ft":1407}},{"type":"Feature","geometry":{"type":"Point","coordinates":[-71.088208,42.606138]},"properties":{"kind":"campsite","src":"osm","osm":"way/808542708","name":"Camp Evergreen","elev_ft":135}},{"type":"Feature","geometry":{"type":"Point","coordinates":[-71.245694,42.231395]},"properties":{"kind":"campsite","src":"osm","osm":"way/855215618","name":"JCC Camp Grossman","desc":"Summer Camp","elev_ft":377}},{"type":"Feature","geometry":{"type":"Point","coordinates":[-72.0983,42.060952]},"properties":{"kind":"campsite","src":"osm","osm":"way/911279299","name":"Outdoor World","access":"permissive","elev_ft":837}},{"type":"Feature","geometry":{"type":"Point","coordinates":[-70.50343,41.777424]},"properties":{"kind":"campsite","src":"osm","osm":"way/974070764","name":"Scusset Beach Campground","elev_ft":23}},{"type":"Feature","geometry":{"type":"Point","coordinates":[-70.869815,42.528199]},"properties":{"kind":"rv_park","src":"osm","osm":"way/1030689924","name":"RV Field","elev_ft":33}},{"type":"Feature","geometry":{"type":"Point","coordinates":[-70.445575,41.66368]},"properties":{"kind":"campsite","src":"osm","osm":"way/1290130504","name":"Sandy Terraces Nudist Campground","fee":"yes","access":"private","operator":"Sandy Terraces Associates","website":"https://www.sandyterraces.com/","elev_ft":95}},{"type":"Feature","geometry":{"type":"Point","coordinates":[-73.486845,42.0906]},"properties":{"kind":"campsite","src":"osm","osm":"way/1302363141","name":"Primitive Campground","fee":"no","access":"yes","operator":"Mass DCR","desc":"8 privative campsites with 4 jobbox containers as an anti-bear / anti-critter measures. 2 moldering outhouses at the southern end of the area. Some picnic tables and fire pit rings. Do not camp along the brook. Pack in Pack out","drinking_water":"no","toilets":"yes","reservation":"no","elev_ft":1778}},{"type":"Feature","geometry":{"type":"Point","coordinates":[-70.911293,42.724017]},"properties":{"kind":"campsite","src":"osm","osm":"way/1313543237","name":"Camp Cedar Mill","elev_ft":79}},{"type":"Feature","geometry":{"type":"Point","coordinates":[-70.988996,42.867583]},"properties":{"kind":"rv_park","src":"osm","osm":"way/1317648793","name":"Tuxbury Pond RV Campground","access":"customers","website":"https://thousandtrails.com/new-hampshire/tuxbury-pond-rv-resort/","elev_ft":112}},{"type":"Feature","geometry":{"type":"Point","coordinates":[-71.284097,42.03847]},"properties":{"kind":"campsite","src":"osm","osm":"way/1340746737","name":"Normandy Farms Campground","website":"https://normandyfarms.com","elev_ft":240}},{"type":"Feature","geometry":{"type":"Point","coordinates":[-70.523067,41.762968]},"properties":{"kind":"campsite","src":"osm","osm":"way/1388015006","name":"Shawme-Crowell State Forest - Area 1","elev_ft":151}},{"type":"Feature","geometry":{"type":"Point","coordinates":[-70.515341,41.755921]},"properties":{"kind":"campsite","src":"osm","osm":"way/1388015007","name":"Shawme-Crowell State Forest - Area 2","elev_ft":151}},{"type":"Feature","geometry":{"type":"Point","coordinates":[-72.779199,42.285836]},"properties":{"kind":"rv_park","src":"osm","osm":"way/1450872400","name":"KOA Westhampton","elev_ft":633}},{"type":"Feature","geometry":{"type":"Point","coordinates":[-73.156685,42.561337]},"properties":{"kind":"campsite","src":"osm","osm":"way/1499004573","name":"Father Tom Campsite","desc":"Camping for long distance Appalachian Trail hikers only.","elev_ft":978}},{"type":"Feature","geometry":{"type":"Point","coordinates":[-73.077266,42.27704]},"properties":{"kind":"campsite","src":"osm","osm":"relation/6438448","name":"Camp Chimney Corners","access":"private","operator":"YMCA","elev_ft":1739}},{"type":"Feature","geometry":{"type":"Point","coordinates":[-73.082029,42.296689]},"properties":{"kind":"campsite","src":"osm","osm":"relation/6439625","name":"Camp Becket","access":"private","operator":"YMCA","elev_ft":1706}},{"type":"Feature","geometry":{"type":"Point","coordinates":[-69.991974,41.883473]},"properties":{"kind":"campsite","src":"osm","osm":"relation/10002997","name":"MAS Campground","operator":"Massachusetts Audubon Society","capacity":"21","reservation":"members_only","elev_ft":49}},{"type":"Feature","geometry":{"type":"Point","coordinates":[-72.356583,42.626498]},"properties":{"kind":"campsite","src":"osm","osm":"relation/12389301","name":"Wagon Wheel Campground","access":"yes","elev_ft":728}},{"type":"Feature","geometry":{"type":"Point","coordinates":[-70.504736,41.77933]},"properties":{"kind":"campsite","src":"osm","osm":"relation/16106729","access":"yes","elev_ft":10}},{"type":"Feature","geometry":{"type":"Point","coordinates":[-70.010132,41.754796]},"properties":{"kind":"campsite","src":"osm","osm":"relation/16235239","name":"Camping Area 7","operator":"DCR","elev_ft":115}},{"type":"Feature","geometry":{"type":"Point","coordinates":[-73.10474,42.041964]},"properties":{"kind":"campsite","src":"osm","osm":"relation/18365874","name":"Bobriwka","operator":"Bobriwka Inc.","website":"bobriwka.com","elev_ft":1345}},{"type":"Feature","geometry":{"type":"Point","coordinates":[-71.240956,42.424592]},"properties":{"kind":"trailhead","src":"osm","osm":"node/64647060","elev_ft":236}},{"type":"Feature","geometry":{"type":"Point","coordinates":[-70.735078,41.355235]},"properties":{"kind":"trailhead","src":"osm","osm":"node/64905670","elev_ft":253}},{"type":"Feature","geometry":{"type":"Point","coordinates":[-69.995555,41.698494]},"properties":{"kind":"trailhead","src":"osm","osm":"node/65105230","elev_ft":75}},{"type":"Feature","geometry":{"type":"Point","coordinates":[-70.376718,41.643532]},"properties":{"kind":"trailhead","src":"osm","osm":"node/68099671","elev_ft":43}},{"type":"Feature","geometry":{"type":"Point","coordinates":[-72.12538,42.134638]},"properties":{"kind":"trailhead","src":"osm","osm":"node/70933254","fee":"no","operator":"Sturbridge Trails Committee","website":"https://www.treksturbridge.org/long-pond","elev_ft":656}},{"type":"Feature","geometry":{"type":"Point","coordinates":[-70.205769,42.073825]},"properties":{"kind":"trailhead","src":"osm","osm":"node/73009414","name":"Province Lands Vistor Center Trailhead","toilets":"yes","elev_ft":62}},{"type":"Feature","geometry":{"type":"Point","coordinates":[-71.011863,42.683698]},"properties":{"kind":"trailhead","src":"osm","osm":"node/73595855","name":"High Ridge Trail","access":"permissive","elev_ft":138}},{"type":"Feature","geometry":{"type":"Point","coordinates":[-71.020026,42.693207]},"properties":{"kind":"trailhead","src":"osm","osm":"node/73611403","name":"Wildcat (Wolf Pit Trail) Head","access":"yes","elev_ft":157}},{"type":"Feature","geometry":{"type":"Point","coordinates":[-71.035659,42.683702]},"properties":{"kind":"trailhead","src":"osm","osm":"node/73619390","name":"Wildcat (Marsh Trail) Head","access":"yes","elev_ft":154}},{"type":"Feature","geometry":{"type":"Point","coordinates":[-71.01642,42.689754]},"properties":{"kind":"trailhead","src":"osm","osm":"node/73673389","name":"Wildcat Trail Head","access":"yes","elev_ft":148}},{"type":"Feature","geometry":{"type":"Point","coordinates":[-73.2051,42.655474]},"properties":{"kind":"trailhead","src":"osm","osm":"node/73713781","name":"Haley Farm Trailhead","elev_ft":1093}},{"type":"Feature","geometry":{"type":"Point","coordinates":[-72.115121,42.651283]},"properties":{"kind":"trailhead","src":"osm","osm":"node/74046703","name":"Towline Trailhead","elev_ft":906}},{"type":"Feature","geometry":{"type":"Point","coordinates":[-71.029236,42.233696]},"properties":{"kind":"trailhead","src":"osm","osm":"node/661281348","elev_ft":135}},{"type":"Feature","geometry":{"type":"Point","coordinates":[-70.069014,41.932834]},"properties":{"kind":"trailhead","src":"osm","osm":"node/1461278118","name":"Great Island Trail","operator":"Cape Cod National Seashore","elev_ft":69}},{"type":"Feature","geometry":{"type":"Point","coordinates":[-71.361242,42.386601]},"properties":{"kind":"trailhead","src":"osm","osm":"node/1517902793","name":"Sedge meadows","elev_ft":157}},{"type":"Feature","geometry":{"type":"Point","coordinates":[-71.367443,42.377906]},"properties":{"kind":"trailhead","src":"osm","osm":"node/1521099012","name":"Sedge meadows","elev_ft":154}},{"type":"Feature","geometry":{"type":"Point","coordinates":[-71.566041,42.438475]},"properties":{"kind":"trailhead","src":"osm","osm":"node/1629167127","name":"TH1","elev_ft":282}},{"type":"Feature","geometry":{"type":"Point","coordinates":[-71.578675,42.448195]},"properties":{"kind":"trailhead","src":"osm","osm":"node/1637349096","name":"TH2","elev_ft":387}},{"type":"Feature","geometry":{"type":"Point","coordinates":[-71.583361,42.447035]},"properties":{"kind":"trailhead","src":"osm","osm":"node/1637800483","name":"TH3","elev_ft":354}},{"type":"Feature","geometry":{"type":"Point","coordinates":[-69.971814,41.837844]},"properties":{"kind":"trailhead","src":"osm","osm":"node/1785985986","name":"Buttonbush Trail","fee":"no","access":"yes","operator":"Cape Cod National Seashore","elev_ft":20}},{"type":"Feature","geometry":{"type":"Point","coordinates":[-73.064885,42.696434]},"properties":{"kind":"trailhead","src":"osm","osm":"node/1800098617","name":"Hoosac Ridge Trailhead","elev_ft":2037}},{"type":"Feature","geometry":{"type":"Point","coordinates":[-70.947443,42.536049]},"properties":{"kind":"trailhead","src":"osm","osm":"node/1817074267","name":"Essex Center Drive Trailhead","elev_ft":62}},{"type":"Feature","geometry":{"type":"Point","coordinates":[-72.033218,42.678565]},"properties":{"kind":"trailhead","src":"osm","osm":"node/1975619215","elev_ft":1007}},{"type":"Feature","geometry":{"type":"Point","coordinates":[-73.165466,42.55411]},"properties":{"kind":"trailhead","src":"osm","osm":"node/2335506486","fee":"no","elev_ft":981}},{"type":"Feature","geometry":{"type":"Point","coordinates":[-71.562399,42.249114]},"properties":{"kind":"trailhead","src":"osm","osm":"node/2391600978","name":"South Trail East Trailhead","elev_ft":312}},{"type":"Feature","geometry":{"type":"Point","coordinates":[-71.566014,42.247391]},"properties":{"kind":"trailhead","src":"osm","osm":"node/2391601020","name":"South Trail West Trailhead","elev_ft":312}},{"type":"Feature","geometry":{"type":"Point","coordinates":[-70.054789,41.682839]},"properties":{"kind":"trailhead","src":"osm","osm":"node/2391865207","name":"Thompson's Field South Trailhead","elev_ft":62}},{"type":"Feature","geometry":{"type":"Point","coordinates":[-70.053413,41.691969]},"properties":{"kind":"trailhead","src":"osm","osm":"node/2391865568","name":"Thompson's Field North Trailhead","elev_ft":66}},{"type":"Feature","geometry":{"type":"Point","coordinates":[-72.058671,42.047928]},"properties":{"kind":"trailhead","src":"osm","osm":"node/2463162734","fee":"no","operator":"Opacum Land Trust","elev_ft":702}},{"type":"Feature","geometry":{"type":"Point","coordinates":[-71.03216,42.699287]},"properties":{"kind":"trailhead","src":"osm","osm":"node/3247759781","name":"Shaven Crown  Trail","elev_ft":184}},{"type":"Feature","geometry":{"type":"Point","coordinates":[-71.633417,42.54023]},"properties":{"kind":"trailhead","src":"osm","osm":"node/3296026763","name":"Bill Ashe Trail Trailhead","elev_ft":279}},{"type":"Feature","geometry":{"type":"Point","coordinates":[-69.988899,41.677014]},"properties":{"kind":"trailhead","src":"osm","osm":"node/3639638251","elev_ft":43}},{"type":"Feature","geometry":{"type":"Point","coordinates":[-70.335083,41.692939]},"properties":{"kind":"trailhead","src":"osm","osm":"node/3656826645","elev_ft":121}},{"type":"Feature","geometry":{"type":"Point","coordinates":[-70.021789,41.700217]},"properties":{"kind":"trailhead","src":"osm","osm":"node/3659064503","elev_ft":62}},{"type":"Feature","geometry":{"type":"Point","coordinates":[-70.599529,41.696803]},"properties":{"kind":"trailhead","src":"osm","osm":"node/3668597271","name":"Pocasset River Trail Head (4 Ponds Conservation Area)","access":"yes","elev_ft":69}},{"type":"Feature","geometry":{"type":"Point","coordinates":[-69.957407,41.722085]},"properties":{"kind":"trailhead","src":"osm","osm":"node/3726150080","name":"Strong Island North Trailhead","elev_ft":16}},{"type":"Feature","geometry":{"type":"Point","coordinates":[-69.951267,41.724115]},"properties":{"kind":"trailhead","src":"osm","osm":"node/3726150096","name":"Strong Island East Trailhead","elev_ft":26}},{"type":"Feature","geometry":{"type":"Point","coordinates":[-69.983598,41.800629]},"properties":{"kind":"trailhead","src":"osm","osm":"node/3968542675","name":"Upper Boat Meadow Conservation Area","fee":"no","access":"yes","operator":"Town of Eastham","elev_ft":13}},{"type":"Feature","geometry":{"type":"Point","coordinates":[-72.040411,42.102896]},"properties":{"kind":"trailhead","src":"osm","osm":"node/4147809871","fee":"no","drinking_water":"no","toilets":"no","elev_ft":676}},{"type":"Feature","geometry":{"type":"Point","coordinates":[-72.044805,42.091847]},"properties":{"kind":"trailhead","src":"osm","osm":"node/4147811432","elev_ft":535}},{"type":"Feature","geometry":{"type":"Point","coordinates":[-72.046947,42.113516]},"properties":{"kind":"trailhead","src":"osm","osm":"node/4232298173","fee":"no","drinking_water":"no","toilets":"no","elev_ft":725}},{"type":"Feature","geometry":{"type":"Point","coordinates":[-72.016058,42.037427]},"properties":{"kind":"trailhead","src":"osm","osm":"node/4448102452","fee":"no","operator":"Opacum Land Trust","elev_ft":568}},{"type":"Feature","geometry":{"type":"Point","coordinates":[-70.380355,41.641905]},"properties":{"kind":"trailhead","src":"osm","osm":"node/4516087571","elev_ft":59}},{"type":"Feature","geometry":{"type":"Point","coordinates":[-72.028362,42.068324]},"properties":{"kind":"trailhead","src":"osm","osm":"node/5012634221","operator":"Town of Southbridge","elev_ft":505}},{"type":"Feature","geometry":{"type":"Point","coordinates":[-72.033219,42.06302]},"properties":{"kind":"trailhead","src":"osm","osm":"node/5012634299","operator":"Town of Southbridge","elev_ft":620}},{"type":"Feature","geometry":{"type":"Point","coordinates":[-72.027082,42.06735]},"properties":{"kind":"trailhead","src":"osm","osm":"node/5012638516","operator":"Town of Southbridge","elev_ft":528}},{"type":"Feature","geometry":{"type":"Point","coordinates":[-72.198391,42.268258]},"properties":{"kind":"trailhead","src":"osm","osm":"node/5018898251","operator":"The Trustees of Reservations","elev_ft":817}},{"type":"Feature","geometry":{"type":"Point","coordinates":[-72.486098,42.376548]},"properties":{"kind":"trailhead","src":"osm","osm":"node/5158765853","name":"Robert Frost Trail","elev_ft":230}},{"type":"Feature","geometry":{"type":"Point","coordinates":[-72.077748,42.124895]},"properties":{"kind":"trailhead","src":"osm","osm":"node/5231179926","fee":"no","operator":"Opacum Land Trust","website":"https://www.opacumlt.org/properties/opacum-woods/","elev_ft":709}},{"type":"Feature","geometry":{"type":"Point","coordinates":[-71.405499,42.026958]},"properties":{"kind":"trailhead","src":"osm","osm":"node/5264703540","elev_ft":331}},{"type":"Feature","geometry":{"type":"Point","coordinates":[-71.259394,41.863334]},"properties":{"kind":"trailhead","src":"osm","osm":"node/5265228798","name":"Charnecki Trails","elev_ft":98}},{"type":"Feature","geometry":{"type":"Point","coordinates":[-72.825192,42.549153]},"properties":{"kind":"trailhead","src":"osm","osm":"node/5270994126","elev_ft":1585}},{"type":"Feature","geometry":{"type":"Point","coordinates":[-72.109444,42.663586]},"properties":{"kind":"trailhead","src":"osm","osm":"node/5323092149","name":"Wetmore Trailhead","elev_ft":856}},{"type":"Feature","geometry":{"type":"Point","coordinates":[-73.196668,42.470109]},"properties":{"kind":"trailhead","src":"osm","osm":"node/5654912071","elev_ft":1070}},{"type":"Feature","geometry":{"type":"Point","coordinates":[-72.078919,42.148122]},"properties":{"kind":"trailhead","src":"osm","osm":"node/5662132547","fee":"no","access":"yes","operator":"Sturbridge Trails Committee","website":"https://www.treksturbridge.org/plimpton","elev_ft":676}},{"type":"Feature","geometry":{"type":"Point","coordinates":[-69.991931,41.696016]},"properties":{"kind":"trailhead","src":"osm","osm":"node/5849937480","elev_ft":85}},{"type":"Feature","geometry":{"type":"Point","coordinates":[-69.992876,41.700016]},"properties":{"kind":"trailhead","src":"osm","osm":"node/5849937484","elev_ft":79}},{"type":"Feature","geometry":{"type":"Point","coordinates":[-72.030816,42.678134]},"properties":{"kind":"trailhead","src":"osm","osm":"node/6482912205","elev_ft":997}},{"type":"Feature","geometry":{"type":"Point","coordinates":[-70.945767,42.164241]},"properties":{"kind":"trailhead","src":"osm","osm":"node/6550676694","elev_ft":184}},{"type":"Feature","geometry":{"type":"Point","coordinates":[-71.357057,42.377956]},"properties":{"kind":"trailhead","src":"osm","osm":"node/6755838827","elev_ft":151}},{"type":"Feature","geometry":{"type":"Point","coordinates":[-73.336779,42.05983]},"properties":{"kind":"trailhead","src":"osm","osm":"node/7020680437","elev_ft":692}},{"type":"Feature","geometry":{"type":"Point","coordinates":[-73.35082,42.057485]},"properties":{"kind":"trailhead","src":"osm","osm":"node/7020910925","elev_ft":682}},{"type":"Feature","geometry":{"type":"Point","coordinates":[-70.745197,41.360341]},"properties":{"kind":"trailhead","src":"osm","osm":"node/7617666385","name":"Peaked Hill Trailhead","elev_ft":207}},{"type":"Feature","geometry":{"type":"Point","coordinates":[-70.742323,41.364734]},"properties":{"kind":"trailhead","src":"osm","osm":"node/7617669785","name":"Menemsha Hills entry","elev_ft":177}},{"type":"Feature","geometry":{"type":"Point","coordinates":[-70.704467,41.398179]},"properties":{"kind":"trailhead","src":"osm","osm":"node/7617882785","name":"Waskosim\u2019s Rock entry","elev_ft":89}},{"type":"Feature","geometry":{"type":"Point","coordinates":[-70.730293,41.377397]},"properties":{"kind":"trailhead","src":"osm","osm":"node/7617958785","name":"Chilmark Fire Station trailhead","elev_ft":161}},{"type":"Feature","geometry":{"type":"Point","coordinates":[-70.336195,41.689805]},"properties":{"kind":"trailhead","src":"osm","osm":"node/7640243347","elev_ft":115}},{"type":"Feature","geometry":{"type":"Point","coordinates":[-70.334928,41.690608]},"properties":{"kind":"trailhead","src":"osm","osm":"node/7640243360","elev_ft":118}},{"type":"Feature","geometry":{"type":"Point","coordinates":[-73.20764,42.738617]},"properties":{"kind":"trailhead","src":"osm","osm":"node/7741675035","name":"Williamstown Trailhead","elev_ft":643}},{"type":"Feature","geometry":{"type":"Point","coordinates":[-73.33777,42.283039]},"properties":{"kind":"trailhead","src":"osm","osm":"node/7810396896","elev_ft":909}},{"type":"Feature","geometry":{"type":"Point","coordinates":[-69.971223,41.838892]},"properties":{"kind":"trailhead","src":"osm","osm":"node/7882255670","name":"Nauset Bicycle Trail","fee":"no","access":"yes","operator":"Cape Cod National Seashore","elev_ft":39}},{"type":"Feature","geometry":{"type":"Point","coordinates":[-72.009208,42.135734]},"properties":{"kind":"trailhead","src":"osm","osm":"node/7911957772","fee":"no","operator":"Capen Hill Nature Sanctuary","elev_ft":843}},{"type":"Feature","geometry":{"type":"Point","coordinates":[-71.982467,42.049938]},"properties":{"kind":"trailhead","src":"osm","osm":"node/7915404563","operator":"Town of Dudley","elev_ft":384}},{"type":"Feature","geometry":{"type":"Point","coordinates":[-69.987577,41.915909]},"properties":{"kind":"trailhead","src":"osm","osm":"node/7983263603","name":"LeCount Trailhead","fee":"no","access":"yes","operator":"Department of Conservation and Recreation","elev_ft":20}},{"type":"Feature","geometry":{"type":"Point","coordinates":[-71.911793,42.135135]},"properties":{"kind":"trailhead","src":"osm","osm":"node/8258581108","fee":"no","elev_ft":571}},{"type":"Feature","geometry":{"type":"Point","coordinates":[-70.680798,42.072851]},"properties":{"kind":"trailhead","src":"osm","osm":"node/8280829865","operator":"Wildlands Trust","elev_ft":72}},{"type":"Feature","geometry":{"type":"Point","coordinates":[-70.677675,42.066228]},"properties":{"kind":"trailhead","src":"osm","osm":"node/8280845122","operator":"Wildlands Trust","elev_ft":26}},{"type":"Feature","geometry":{"type":"Point","coordinates":[-71.565007,42.248534]},"properties":{"kind":"trailhead","src":"osm","osm":"node/8399281310","name":"North Trailhead","elev_ft":308}},{"type":"Feature","geometry":{"type":"Point","coordinates":[-70.437132,41.724787]},"properties":{"kind":"trailhead","src":"osm","osm":"node/8853880323","elev_ft":105}},{"type":"Feature","geometry":{"type":"Point","coordinates":[-71.005354,42.672709]},"properties":{"kind":"trailhead","src":"osm","osm":"node/9124617736","name":"High Ridge Trail Head","elev_ft":148}},{"type":"Feature","geometry":{"type":"Point","coordinates":[-71.00288,42.703164]},"properties":{"kind":"trailhead","src":"osm","osm":"node/9128497685","elev_ft":157}},{"type":"Feature","geometry":{"type":"Point","coordinates":[-70.991873,42.701099]},"properties":{"kind":"trailhead","src":"osm","osm":"node/9128497829","elev_ft":112}},{"type":"Feature","geometry":{"type":"Point","coordinates":[-70.991864,42.7017]},"properties":{"kind":"trailhead","src":"osm","osm":"node/9128497830","elev_ft":125}},{"type":"Feature","geometry":{"type":"Point","coordinates":[-71.007281,42.699959]},"properties":{"kind":"trailhead","src":"osm","osm":"node/9128497940","elev_ft":157}},{"type":"Feature","geometry":{"type":"Point","coordinates":[-70.99128,42.698995]},"properties":{"kind":"trailhead","src":"osm","osm":"node/9128533728","elev_ft":108}},{"type":"Feature","geometry":{"type":"Point","coordinates":[-70.993167,42.698595]},"properties":{"kind":"trailhead","src":"osm","osm":"node/9128533748","elev_ft":112}},{"type":"Feature","geometry":{"type":"Point","coordinates":[-70.992963,42.698504]},"properties":{"kind":"trailhead","src":"osm","osm":"node/9128533749","elev_ft":125}},{"type":"Feature","geometry":{"type":"Point","coordinates":[-70.99591,42.698426]},"properties":{"kind":"trailhead","src":"osm","osm":"node/9128533774","elev_ft":131}},{"type":"Feature","geometry":{"type":"Point","coordinates":[-70.996421,42.698068]},"properties":{"kind":"trailhead","src":"osm","osm":"node/9128533796","elev_ft":121}},{"type":"Feature","geometry":{"type":"Point","coordinates":[-71.028443,42.706934]},"properties":{"kind":"trailhead","src":"osm","osm":"node/9133817935","name":"Shaven Crown Trail","access":"yes","elev_ft":210}},{"type":"Feature","geometry":{"type":"Point","coordinates":[-71.016441,42.68944]},"properties":{"kind":"trailhead","src":"osm","osm":"node/9136755711","name":"Alpers' Woods (Four-Mile Pond) Trail Head","access":"yes","elev_ft":154}},{"type":"Feature","geometry":{"type":"Point","coordinates":[-71.016615,42.69758]},"properties":{"kind":"trailhead","src":"osm","osm":"node/9159831899","name":"Spofford Pond School Trailhead","access":"yes","operator":"Town of Boxford","elev_ft":157}},{"type":"Feature","geometry":{"type":"Point","coordinates":[-72.667319,42.299121]},"properties":{"kind":"trailhead","src":"osm","osm":"node/9202792781","elev_ft":226}},{"type":"Feature","geometry":{"type":"Point","coordinates":[-71.956802,42.02893]},"properties":{"kind":"trailhead","src":"osm","osm":"node/9269021500","operator":"Town of Dudley","elev_ft":400}},{"type":"Feature","geometry":{"type":"Point","coordinates":[-72.784031,42.122248]},"properties":{"kind":"trailhead","src":"osm","osm":"node/9401278464","elev_ft":279}},{"type":"Feature","geometry":{"type":"Point","coordinates":[-72.785973,42.122863]},"properties":{"kind":"trailhead","src":"osm","osm":"node/9401354284","desc":"access to stream observation area (bench for sitting nearby)","elev_ft":256}},{"type":"Feature","geometry":{"type":"Point","coordinates":[-70.503862,41.751217]},"properties":{"kind":"trailhead","src":"osm","osm":"node/9416927391","elev_ft":39}},{"type":"Feature","geometry":{"type":"Point","coordinates":[-70.497354,41.75126]},"properties":{"kind":"trailhead","src":"osm","osm":"node/9416956632","elev_ft":66}},{"type":"Feature","geometry":{"type":"Point","coordinates":[-71.028198,42.569206]},"properties":{"kind":"trailhead","src":"osm","osm":"node/9472976988","name":"Russel Street Trailhead","elev_ft":85}},{"type":"Feature","geometry":{"type":"Point","coordinates":[-71.003588,42.554123]},"properties":{"kind":"trailhead","src":"osm","osm":"node/9472977007","name":"Russell Street Crossing Trailhead","elev_ft":49}},{"type":"Feature","geometry":{"type":"Point","coordinates":[-72.985567,42.297251]},"properties":{"kind":"trailhead","src":"osm","osm":"node/9611661150","name":"Gobble Mountain Beacon Trailhead","elev_ft":692}},{"type":"Feature","geometry":{"type":"Point","coordinates":[-70.406457,41.683466]},"properties":{"kind":"trailhead","src":"osm","osm":"node/9660997217","elev_ft":102}},{"type":"Feature","geometry":{"type":"Point","coordinates":[-69.971599,41.837521]},"properties":{"kind":"trailhead","src":"osm","osm":"node/9824010419","name":"Nauset Marsh Trail","fee":"no","access":"yes","operator":"Cape Cod National Seashore","elev_ft":20}},{"type":"Feature","geometry":{"type":"Point","coordinates":[-73.22753,42.70314]},"properties":{"kind":"trailhead","src":"osm","osm":"node/9837473963","name":"Fitch Trailhead","access":"yes","operator":"Williamstown Rural Lands Foundation","elev_ft":1033}},{"type":"Feature","geometry":{"type":"Point","coordinates":[-71.006899,42.51046]},"properties":{"kind":"trailhead","src":"osm","osm":"node/9864870484","elev_ft":148}},{"type":"Feature","geometry":{"type":"Point","coordinates":[-69.972908,41.912872]},"properties":{"kind":"trailhead","src":"osm","osm":"node/9870921008","name":"Atlantic White Cedar Swamp Trail","fee":"no","access":"yes","operator":"Cape Cod National Seashore","elev_ft":92}},{"type":"Feature","geometry":{"type":"Point","coordinates":[-71.14595,42.294072]},"properties":{"kind":"trailhead","src":"osm","osm":"node/9972802652","elev_ft":190}},{"type":"Feature","geometry":{"type":"Point","coordinates":[-71.322555,42.526317]},"properties":{"kind":"trailhead","src":"osm","osm":"node/10103720379","elev_ft":151}},{"type":"Feature","geometry":{"type":"Point","coordinates":[-70.81896,42.100113]},"properties":{"kind":"trailhead","src":"osm","osm":"node/10119972774","elev_ft":23}},{"type":"Feature","geometry":{"type":"Point","coordinates":[-70.436982,41.724594]},"properties":{"kind":"trailhead","src":"osm","osm":"node/10180944734","elev_ft":105}},{"type":"Feature","geometry":{"type":"Point","coordinates":[-72.007613,42.137439]},"properties":{"kind":"trailhead","src":"osm","osm":"node/10303626107","fee":"no","operator":"Capen Hill Nature Sanctuary","elev_ft":797}},{"type":"Feature","geometry":{"type":"Point","coordinates":[-72.011842,42.136259]},"properties":{"kind":"trailhead","src":"osm","osm":"node/10676616932","fee":"no","operator":"Tree House Brewing Company","elev_ft":814}},{"type":"Feature","geometry":{"type":"Point","coordinates":[-71.277715,42.685385]},"properties":{"kind":"trailhead","src":"osm","osm":"node/10935959268","name":"John Ogonowski Tranquility Trail","elev_ft":187}},{"type":"Feature","geometry":{"type":"Point","coordinates":[-69.962134,41.720033]},"properties":{"kind":"trailhead","src":"osm","osm":"node/11002016437","name":"Strong Island West Trailhead","elev_ft":7}},{"type":"Feature","geometry":{"type":"Point","coordinates":[-69.970118,41.701803]},"properties":{"kind":"trailhead","src":"osm","osm":"node/11144595423","elev_ft":23}},{"type":"Feature","geometry":{"type":"Point","coordinates":[-71.129129,42.493562]},"properties":{"kind":"trailhead","src":"osm","osm":"node/11295524325","name":"Aberjona Nature Trail","elev_ft":62}},{"type":"Feature","geometry":{"type":"Point","coordinates":[-73.307535,42.278391]},"properties":{"kind":"trailhead","src":"osm","osm":"node/11365396074","elev_ft":860}},{"type":"Feature","geometry":{"type":"Point","coordinates":[-72.238603,42.593418]},"properties":{"kind":"trailhead","src":"osm","osm":"node/11388853092","elev_ft":515}},{"type":"Feature","geometry":{"type":"Point","coordinates":[-72.101611,42.110253]},"properties":{"kind":"trailhead","src":"osm","osm":"node/11476746191","fee":"no","operator":"Sturbridge Trails Committee","elev_ft":594}},{"type":"Feature","geometry":{"type":"Point","coordinates":[-70.725817,42.622205]},"properties":{"kind":"trailhead","src":"osm","osm":"node/11494419277","name":"Sunset Mountain Gateway","elev_ft":161}},{"type":"Feature","geometry":{"type":"Point","coordinates":[-71.263234,41.857812]},"properties":{"kind":"trailhead","src":"osm","osm":"node/11544697197","name":"Pemmerl Town Trails","elev_ft":105}},{"type":"Feature","geometry":{"type":"Point","coordinates":[-72.575208,42.58036]},"properties":{"kind":"trailhead","src":"osm","osm":"node/11875319013","name":"FirstLight Hydro Generating Company Portage Parking","fee":"no","access":"permissive","elev_ft":144}},{"type":"Feature","geometry":{"type":"Point","coordinates":[-71.02028,41.524718]},"properties":{"kind":"trailhead","src":"osm","osm":"node/12000603048","elev_ft":39}},{"type":"Feature","geometry":{"type":"Point","coordinates":[-71.121485,41.531318]},"properties":{"kind":"trailhead","src":"osm","osm":"node/12024068778","fee":"no","access":"yes","elev_ft":151}},{"type":"Feature","geometry":{"type":"Point","coordinates":[-71.109651,41.532303]},"properties":{"kind":"trailhead","src":"osm","osm":"node/12024068780","fee":"no","access":"yes","elev_ft":66}},{"type":"Feature","geometry":{"type":"Point","coordinates":[-71.121403,41.531243]},"properties":{"kind":"trailhead","src":"osm","osm":"node/12024068786","fee":"no","access":"yes","elev_ft":151}},{"type":"Feature","geometry":{"type":"Point","coordinates":[-70.621022,41.424202]},"properties":{"kind":"trailhead","src":"osm","osm":"node/12053896998","name":"Wapatequa South Trailhead","elev_ft":62}},{"type":"Feature","geometry":{"type":"Point","coordinates":[-72.617237,42.286888]},"properties":{"kind":"trailhead","src":"osm","osm":"node/12374791058","fee":"no","access":"yes","elev_ft":135}},{"type":"Feature","geometry":{"type":"Point","coordinates":[-72.419174,42.659635]},"properties":{"kind":"trailhead","src":"osm","osm":"node/12532809239","elev_ft":1260}},{"type":"Feature","geometry":{"type":"Point","coordinates":[-72.190797,42.272944]},"properties":{"kind":"trailhead","src":"osm","osm":"node/12552608335","fee":"no","operator":"The Trustees of Reservations","elev_ft":912}},{"type":"Feature","geometry":{"type":"Point","coordinates":[-72.625271,42.154907]},"properties":{"kind":"trailhead","src":"osm","osm":"node/12619908917","elev_ft":59}},{"type":"Feature","geometry":{"type":"Point","coordinates":[-72.616513,42.185793]},"properties":{"kind":"trailhead","src":"osm","osm":"node/12619908935","elev_ft":82}},{"type":"Feature","geometry":{"type":"Point","coordinates":[-72.624751,42.153387]},"properties":{"kind":"trailhead","src":"osm","osm":"node/12619908952","elev_ft":59}},{"type":"Feature","geometry":{"type":"Point","coordinates":[-72.626309,42.171267]},"properties":{"kind":"trailhead","src":"osm","osm":"node/12619909077","elev_ft":69}},{"type":"Feature","geometry":{"type":"Point","coordinates":[-71.022326,41.504858]},"properties":{"kind":"trailhead","src":"osm","osm":"node/12845223877","elev_ft":-10}},{"type":"Feature","geometry":{"type":"Point","coordinates":[-71.019453,41.524872]},"properties":{"kind":"trailhead","src":"osm","osm":"node/12845241010","elev_ft":26}},{"type":"Feature","geometry":{"type":"Point","coordinates":[-71.023573,41.509115]},"properties":{"kind":"trailhead","src":"osm","osm":"node/12845241029","elev_ft":0}},{"type":"Feature","geometry":{"type":"Point","coordinates":[-71.9807,42.1423]},"properties":{"kind":"trailhead","src":"osm","osm":"node/12918318563","fee":"no","access":"permissive","operator":"The Overlook","elev_ft":840}},{"type":"Feature","geometry":{"type":"Point","coordinates":[-71.984624,42.121081]},"properties":{"kind":"trailhead","src":"osm","osm":"node/12918461679","operator":"The Overlook","elev_ft":696}},{"type":"Feature","geometry":{"type":"Point","coordinates":[-71.97388,42.137953]},"properties":{"kind":"trailhead","src":"osm","osm":"node/12918461695","operator":"The Overlook","elev_ft":928}},{"type":"Feature","geometry":{"type":"Point","coordinates":[-71.97373,42.13524]},"properties":{"kind":"trailhead","src":"osm","osm":"node/12918461707","operator":"The Overlook","elev_ft":843}},{"type":"Feature","geometry":{"type":"Point","coordinates":[-72.113147,42.093706]},"properties":{"kind":"trailhead","src":"osm","osm":"node/12952942984","fee":"no","operator":"Sturbridge Trails Committee","website":"https://www.treksturbridge.org/leadmine-mountain","elev_ft":942}},{"type":"Feature","geometry":{"type":"Point","coordinates":[-72.091744,42.096653]},"properties":{"kind":"trailhead","src":"osm","osm":"node/12952942985","fee":"no","operator":"Sturbridge Trails Committee","website":"https://www.treksturbridge.org/leadmine-mountain","elev_ft":614}},{"type":"Feature","geometry":{"type":"Point","coordinates":[-72.092077,42.093162]},"properties":{"kind":"trailhead","src":"osm","osm":"node/12952942986","fee":"no","operator":"Sturbridge Trails Committee","website":"https://www.treksturbridge.org/leadmine-mountain","elev_ft":679}},{"type":"Feature","geometry":{"type":"Point","coordinates":[-72.126094,42.159663]},"properties":{"kind":"trailhead","src":"osm","osm":"node/12963058498","fee":"no","operator":"Sturbridge Trails Committee","website":"https://www.treksturbridge.org/tantasqua-jr-high-school","elev_ft":735}},{"type":"Feature","geometry":{"type":"Point","coordinates":[-71.847393,42.313092]},"properties":{"kind":"trailhead","src":"osm","osm":"node/13015913748","name":"Oak Hills Trails","elev_ft":810}},{"type":"Feature","geometry":{"type":"Point","coordinates":[-72.032261,42.068734]},"properties":{"kind":"trailhead","src":"osm","osm":"node/13046835793","operator":"Town of Southbridge","elev_ft":476}},{"type":"Feature","geometry":{"type":"Point","coordinates":[-70.539883,41.397644]},"properties":{"kind":"trailhead","src":"osm","osm":"node/13048986068","elev_ft":23}},{"type":"Feature","geometry":{"type":"Point","coordinates":[-72.008088,42.067017]},"properties":{"kind":"trailhead","src":"osm","osm":"node/13049208973","operator":"Town of Southbridge","elev_ft":417}},{"type":"Feature","geometry":{"type":"Point","coordinates":[-70.735747,41.358473]},"properties":{"kind":"trailhead","src":"osm","osm":"node/13074234748","elev_ft":279}},{"type":"Feature","geometry":{"type":"Point","coordinates":[-71.004754,42.196204]},"properties":{"kind":"trailhead","src":"osm","osm":"node/13115331224","name":"Monatiquot River Trail & Boardwalk","elev_ft":105}},{"type":"Feature","geometry":{"type":"Point","coordinates":[-71.328364,42.030395]},"properties":{"kind":"trailhead","src":"osm","osm":"node/13329200887","fee":"yes","elev_ft":295}},{"type":"Feature","geometry":{"type":"Point","coordinates":[-71.404038,42.63917]},"properties":{"kind":"trailhead","src":"osm","osm":"node/13343584183","name":"Conservation Land Entrance","elev_ft":161}},{"type":"Feature","geometry":{"type":"Point","coordinates":[-72.58442,42.30983]},"properties":{"kind":"trailhead","src":"osm","osm":"node/13439946577","elev_ft":249}},{"type":"Feature","geometry":{"type":"Point","coordinates":[-71.001807,42.54916]},"properties":{"kind":"trailhead","src":"osm","osm":"node/13685266716","name":"Lowell Street Crossing Trailhead","elev_ft":66}},{"type":"Feature","geometry":{"type":"Point","coordinates":[-70.993588,42.544785]},"properties":{"kind":"trailhead","src":"osm","osm":"node/13685266779","name":"Lt. Ross Trailhead","elev_ft":89}},{"type":"Feature","geometry":{"type":"Point","coordinates":[-70.979535,42.541364]},"properties":{"kind":"trailhead","src":"osm","osm":"node/13694255898","name":"Peabody Road Trailhead","elev_ft":82}},{"type":"Feature","geometry":{"type":"Point","coordinates":[-72.69534,42.250931]},"properties":{"kind":"trailhead","src":"osm","osm":"node/13975490097","elev_ft":220}},{"type":"Feature","geometry":{"type":"Point","coordinates":[-70.629951,41.577499]},"properties":{"kind":"campsite","src":"overture:meta","name":"AutoCamp Cape Cod","website":"https://autocamp.com/cape-cod/","addr":"836 Palmer Ave, Falmouth","elev_ft":66}},{"type":"Feature","geometry":{"type":"Point","coordinates":[-71.769554,42.088818]},"properties":{"kind":"campsite","src":"overture:meta","name":"Kings Family Campground","website":"http://www.kingscamping.com","addr":"24 Holt Rd, Sutton","elev_ft":551}},{"type":"Feature","geometry":{"type":"Point","coordinates":[-71.750778,42.394566]},"properties":{"kind":"campsite","src":"overture:meta","name":"Camp Woodhaven in West Boylston","website":"http://www.campwoodhaven.com/","addr":"55 Campground Rd, West Boylston","elev_ft":561}},{"type":"Feature","geometry":{"type":"Point","coordinates":[-70.739487,41.922325]},"properties":{"kind":"campsite","src":"overture:meta","name":"Pinewood Lodge Campground","website":"http://www.pinewoodlodge.com/","addr":"190 Pinewood Rd, Plymouth","elev_ft":151}},{"type":"Feature","geometry":{"type":"Point","coordinates":[-73.08831,42.383869]},"properties":{"kind":"campsite","src":"overture:meta","name":"Summit Hill Campground","website":"http://summithillcampground.com/","addr":"34 Old Middlefield Rd, Washington","elev_ft":1749}},{"type":"Feature","geometry":{"type":"Point","coordinates":[-72.049431,42.238979]},"properties":{"kind":"campsite","src":"overture:meta","name":"Camp Atwater","website":"https://www.wwlp.com/news/local-news/camp-atwater-in-north-brookfield-fully-reopens-since-coronavirus-pandemic/","addr":"20 Shore Rd, North Brookfield","elev_ft":594}},{"type":"Feature","geometry":{"type":"Point","coordinates":[-72.131439,42.577068]},"properties":{"kind":"campsite","src":"overture:Foursquare","name":"Lamb City Campground","website":"http://www.lambcity.com","addr":"85 Royalston Rd, Phillipston","elev_ft":1093}},{"type":"Feature","geometry":{"type":"Point","coordinates":[-71.822647,42.057796]},"properties":{"kind":"campsite","src":"overture:meta","name":"Webster Sturbridge Family Campground","website":"http://webstercamp.com","addr":"106 Douglas Rd, Webster","elev_ft":764}},{"type":"Feature","geometry":{"type":"Point","coordinates":[-72.313507,42.209461]},"properties":{"kind":"campsite","src":"overture:meta","name":"Camp Ramah New England","website":"http://campramahne.org/","addr":"39 Bennett St, Palmer","elev_ft":384}},{"type":"Feature","geometry":{"type":"Point","coordinates":[-71.180962,42.019291]},"properties":{"kind":"campsite","src":"overture:meta","name":"Canoe River Campground","website":"http://www.canoeriver.com/","addr":"137 Mill St, Mansfield","elev_ft":115}},{"type":"Feature","geometry":{"type":"Point","coordinates":[-71.471825,42.100906]},"properties":{"kind":"campsite","src":"overture:meta","name":"Circle CG Farm Campground","website":"http://www.circlecgfarm.com/","addr":"131 N Main St, Bellingham","elev_ft":272}},{"type":"Feature","geometry":{"type":"Point","coordinates":[-72.108459,42.574192]},"properties":{"kind":"campsite","src":"overture:meta","name":"Peaceful Pines Family Campground","website":"https://camphappygrounds.com/peaceful-pines/","addr":"2 Peaceful Pnes, Templeton","elev_ft":978}},{"type":"Feature","geometry":{"type":"Point","coordinates":[-71.9673,42.440594]},"properties":{"kind":"campsite","src":"overture:meta","name":"Pout and Trout","website":"https://www.go-massachusetts.com/Pout-Trout-Family-Campground","addr":"94 River Rd, Rutland","elev_ft":889}},{"type":"Feature","geometry":{"type":"Point","coordinates":[-71.884407,42.536587]},"properties":{"kind":"campsite","src":"overture:meta","name":"Camp Pineshore","website":"http://pineshore.org/","addr":"12 Camp Pineshore Rd, Westminster","elev_ft":922}},{"type":"Feature","geometry":{"type":"Point","coordinates":[-70.95472,41.850895]},"properties":{"kind":"campsite","src":"overture:meta","name":"Ted Williams Camp","website":"http://tedwilliamscamp.com/","addr":"28 Precinct St, Lakeville","elev_ft":95}},{"type":"Feature","geometry":{"type":"Point","coordinates":[-71.123543,42.110779]},"properties":{"kind":"campsite","src":"overture:meta","name":"Camp West Woods","website":"http://www.campwestwoods.com/","addr":"808 West St, Stoughton","elev_ft":213}},{"type":"Feature","geometry":{"type":"Point","coordinates":[-70.521049,41.775318]},"properties":{"kind":"campsite","src":"overture:Foursquare","name":"Scusset Beach Reservation","website":"http://www.friendsofscussetbeach.org","addr":"140 Scusset Beach Rd, Sagamore Beach","elev_ft":10}},{"type":"Feature","geometry":{"type":"Point","coordinates":[-73.326157,42.573059]},"properties":{"kind":"campsite","src":"overture:meta","name":"Huttopia Berkshires","website":"https://canada-usa.huttopia.com/en/site/berkshires/","addr":"312 Kittle Rd, Hancock","elev_ft":1535}},{"type":"Feature","geometry":{"type":"Point","coordinates":[-73.230255,42.550362]},"properties":{"kind":"campsite","src":"overture:Foursquare","name":"Mt. Greylock Campsite Park","website":"https://www.mtgreylockcampsitepark.com","addr":"15 Scott Rd, Lanesborough","elev_ft":1276}},{"type":"Feature","geometry":{"type":"Point","coordinates":[-73.074951,42.44606]},"properties":{"kind":"campsite","src":"overture:meta","name":"Camp Danbee","website":"http://www.campdanbee.com/","addr":"99 W Main Rd, Peru","elev_ft":1657}},{"type":"Feature","geometry":{"type":"Point","coordinates":[-72.870087,42.62516]},"properties":{"kind":"campsite","src":"overture:meta","name":"Mohawk Trail State Forest","website":"http://www.mass.gov/eea/agencies/dcr/massparks/region-west/mohawk-trail-state-forest.html","addr":"175 Main St, Charlemont","elev_ft":617}},{"type":"Feature","geometry":{"type":"Point","coordinates":[-71.043022,42.68803]},"properties":{"kind":"campsite","src":"overture:meta","name":"Stiles Pond Day Camp","website":"http://danversymca.org/","addr":"4 Stiles Pond Rd, Boxford","elev_ft":194}},{"type":"Feature","geometry":{"type":"Point","coordinates":[-72.026703,42.340614]},"properties":{"kind":"campsite","src":"overture:meta","name":"Pine Acres Family Camping Resort","website":"http://www.PineAcresResort.com/","addr":"203 Bechan Rd, Oakham","elev_ft":853}},{"type":"Feature","geometry":{"type":"Point","coordinates":[-70.714394,41.911831]},"properties":{"kind":"campsite","src":"overture:meta","name":"Ellis Haven Campground","website":"http://ellishaven.com/","addr":"531 Federal Furnace Rd Ste 19, Plymouth","elev_ft":154}},{"type":"Feature","geometry":{"type":"Point","coordinates":[-71.040993,41.499786]},"properties":{"kind":"campsite","src":"overture:meta","name":"Horseneck Beach Campground","website":"http://www.mass.gov/dcr/parks/southeast/hbch.htm","elev_ft":-3}},{"type":"Feature","geometry":{"type":"Point","coordinates":[-70.749863,42.077221]},"properties":{"kind":"campsite","src":"overture:meta","name":"Camp Wing","website":"http://www.crossroads4kids.org","addr":"742 Keene St, Duxbury","elev_ft":85}},{"type":"Feature","geometry":{"type":"Point","coordinates":[-70.801483,41.764473]},"properties":{"kind":"campsite","src":"overture:meta","name":"Thousand Trails Gateway to Cape Cod","website":"https://thousandtrails.com/massachusetts/gateway-to-cape-cod-rv/?utm_source=yext&utm_medium=directory&utm_campaign=Yext+Directory+Listing","addr":"90 Stevens Rd, Rochester","elev_ft":49}},{"type":"Feature","geometry":{"type":"Point","coordinates":[-71.224655,41.955257]},"properties":{"kind":"campsite","src":"overture:meta","name":"Camp Finberg","website":"http://www.attleboroymca.org/","addr":"295 W Main St, Norton","elev_ft":118}},{"type":"Feature","geometry":{"type":"Point","coordinates":[-73.09697,42.455833]},"properties":{"kind":"campsite","src":"overture:meta","name":"Camp Taconic","website":"http://www.camptaconic.com/","addr":"770 New Windsor Rd, Hinsdale","elev_ft":1634}},{"type":"Feature","geometry":{"type":"Point","coordinates":[-72.094177,42.066898]},"properties":{"kind":"campsite","src":"overture:meta","name":"Thousand Trails Sturbridge","website":"https://thousandtrails.com/massachusetts/sturbridge-rv-resort","addr":"19 Mashapaug Rd, Sturbridge","elev_ft":705}},{"type":"Feature","geometry":{"type":"Point","coordinates":[-72.824623,42.067722]},"properties":{"kind":"rv_park","src":"overture:meta","name":"Sodom Mountain","website":"http://www.sodommountain.com","addr":"233 S Loomis St, Southwick","elev_ft":397}},{"type":"Feature","geometry":{"type":"Point","coordinates":[-70.659927,41.780693]},"properties":{"kind":"campsite","src":"overture:meta","name":"Cape Cod Maple Park Campground and RV Park","website":"http://www.capecodmaplepark.com/","addr":"290 Glen Charlie Rd, East Wareham","elev_ft":69}},{"type":"Feature","geometry":{"type":"Point","coordinates":[-73.28801,42.353172]},"properties":{"kind":"campsite","src":"overture:meta","name":"Camp Mah-Kee-Nac","website":"https://www.campmkn.com/","addr":"6 Hawthorne St, Lenox","elev_ft":1129}},{"type":"Feature","geometry":{"type":"Point","coordinates":[-72.91964,42.645897]},"properties":{"kind":"campsite","src":"overture:meta","name":"Foolhardy Hill","website":"http://www.foolhardyhill.com/","addr":"232 Zoar Rd, Charlemont","elev_ft":633}},{"type":"Feature","geometry":{"type":"Point","coordinates":[-71.382179,42.064037]},"properties":{"kind":"campsite","src":"overture:meta","name":"Camp Haiastan","website":"http://www.camphaiastan.org/","addr":"722 Summer St, Franklin","elev_ft":341}},{"type":"Feature","geometry":{"type":"Point","coordinates":[-72.083969,42.089386]},"properties":{"kind":"campsite","src":"overture:meta","name":"Pine Lake RV Resort and Cottages","website":"https://pinelakervresortandcottages.com/","addr":"30 River Rd, Sturbridge","elev_ft":614}},{"type":"Feature","geometry":{"type":"Point","coordinates":[-72.793251,42.452026]},"properties":{"kind":"campsite","src":"overture:meta","name":"Camp Howe","website":"http://www.camphowe.com","elev_ft":1532}},{"type":"Feature","geometry":{"type":"Point","coordinates":[-71.355919,42.388554]},"properties":{"kind":"campsite","src":"overture:meta","name":"Camp Caribou","website":"http://www.campcaribou.com","addr":"26 Hickory Hill Rd, Wayland","elev_ft":174}},{"type":"Feature","geometry":{"type":"Point","coordinates":[-70.480331,41.690723]},"properties":{"kind":"rv_park","src":"overture:meta","name":"Sun Retreats Peters Pond","website":"https://www.sunoutdoors.com/massachusetts/sun-retreats-peters-pond","addr":"185 Cotuit Rd, Sandwich","elev_ft":151}},{"type":"Feature","geometry":{"type":"Point","coordinates":[-71.078384,42.142063]},"properties":{"kind":"rv_park","src":"overture:meta","name":"Blue Hill Lodge 1863","website":"http://www.bluehilllodge.com/","addr":"925 Pleasant St, Stoughton","elev_ft":236}},{"type":"Feature","geometry":{"type":"Point","coordinates":[-70.533661,41.551315]},"properties":{"kind":"campsite","src":"overture:meta","name":"Washburn Island State Park","website":"www.waquoitbayreserve.org/visit-the-reserve/camping","elev_ft":-3}},{"type":"Feature","geometry":{"type":"Point","coordinates":[-72.818825,42.126869]},"properties":{"kind":"campsite","src":"overture:meta","name":"Camp Shepard - YMCA of Greater Westfield","website":"http://westfieldymca.org/","addr":"370 Northwest Rd, Westfield","elev_ft":266}},{"type":"Feature","geometry":{"type":"Point","coordinates":[-73.121376,42.248631]},"properties":{"kind":"campsite","src":"overture:meta","name":"Camp Lenox","website":"http://www.camplenox.com/","addr":"2042 N Main Rd, Otis","elev_ft":1378}},{"type":"Feature","geometry":{"type":"Point","coordinates":[-73.17617,42.16478]},"properties":{"kind":"campsite","src":"overture:meta","name":"Hume New England","website":"https://hume.org/newengland/","addr":"73 Chestnut Hill Rd, Monterey","elev_ft":1680}},{"type":"Feature","geometry":{"type":"Point","coordinates":[-72.872421,42.157913]},"properties":{"kind":"campsite","src":"overture:meta","name":"Moses Scout Reservation","website":"http://www.wmascouting.org/hamsr","addr":"310 Birch Hill Rd, Russell","elev_ft":988}},{"type":"Feature","geometry":{"type":"Point","coordinates":[-72.824669,42.067505]},"properties":{"kind":"campsite","src":"overture:meta","name":"Pioneer Valley RV Campground","website":"https://www.laylandrv.com/property/pioneervalley/","addr":"233 S Loomis St, Southwick","elev_ft":430}},{"type":"Feature","geometry":{"type":"Point","coordinates":[-71.929657,42.135071]},"properties":{"kind":"campsite","src":"overture:meta","name":"Joslin Camp","website":"http://www.bartoncenter.org/Resident-Camps","addr":"150 Richardson Corner Rd, Charlton","elev_ft":679}},{"type":"Feature","geometry":{"type":"Point","coordinates":[-71.734192,42.264175]},"properties":{"kind":"campsite","src":"overture:meta","name":"Guagnini Family Campground","elev_ft":387}},{"type":"Feature","geometry":{"type":"Point","coordinates":[-71.234047,41.856743]},"properties":{"kind":"campsite","src":"overture:meta","name":"Camp Ramsbottom","website":"http://www.bgcpawt.org/what-rent-ramsbottom.asp","addr":"205 Winthrop St, Rehoboth","elev_ft":85}},{"type":"Feature","geometry":{"type":"Point","coordinates":[-71.170052,42.097336]},"properties":{"kind":"campsite","src":"overture:meta","name":"Camp Wonderland","website":"http://www.campwonderland.org","addr":"186 Massapoag Ave, Sharon","elev_ft":272}},{"type":"Feature","geometry":{"type":"Point","coordinates":[-71.905418,42.655308]},"properties":{"kind":"campsite","src":"overture:meta","name":"Camp Split Rock","website":"http://www.campsplitrock.org/","addr":"41 Stowell Rd, Ashburnham","elev_ft":1207}},{"type":"Feature","geometry":{"type":"Point","coordinates":[-71.053947,41.506439]},"properties":{"kind":"campsite","src":"overture:Foursquare","name":"Horseneck Beach State Reservation","website":"http://www.mass.gov/eea/agencies/dcr/massparks/region-south/horseneck-beach-state-reservation.html","addr":"5 John Reed Rd, Westport","elev_ft":0}},{"type":"Feature","geometry":{"type":"Point","coordinates":[-70.990005,41.867794]},"properties":{"kind":"campsite","src":"overture:meta","name":"Massasoit State Park","website":"https://www.discovertheforest.org","elev_ft":66}},{"type":"Feature","geometry":{"type":"Point","coordinates":[-70.909225,41.908806]},"properties":{"kind":"campsite","src":"overture:meta","name":"Koa Campground","website":"https://koa.com/campgrounds/boston/","addr":"US-44, Middleboro","elev_ft":72}},{"type":"Feature","geometry":{"type":"Point","coordinates":[-70.908554,41.910343]},"properties":{"kind":"campsite","src":"overture:meta","name":"Boston Cape Cod KOA Holiday","website":"https://koa.com/campgrounds/boston/","addr":"438 Plymouth St, Middleboro","elev_ft":75}},{"type":"Feature","geometry":{"type":"Point","coordinates":[-70.849808,42.058144]},"properties":{"kind":"campsite","src":"overture:meta","name":"Camp Kiwanee","website":"http://www.campkiwanee.com","addr":"460 Indian Head St, Hanson","elev_ft":118}},{"type":"Feature","geometry":{"type":"Point","coordinates":[-70.225334,41.696774]},"properties":{"kind":"campsite","src":"overture:meta","name":"Camp Wingate Kirkland","website":"http://www.campwk.com","addr":"79 White Rock Rd, Yarmouth Port","elev_ft":52}},{"type":"Feature","geometry":{"type":"Point","coordinates":[-70.454056,41.698174]},"properties":{"kind":"campsite","src":"overture:meta","name":"Camp Burgess & Hayward","website":"http://www.campburgessandhayward.com/","addr":"75 Stowe Rd, Sandwich","elev_ft":102}},{"type":"Feature","geometry":{"type":"Point","coordinates":[-72.661964,42.258423]},"properties":{"kind":"campsite","src":"overture:meta","name":"Indian Hollow campground","addr":"10 Indian Hollow Rd, Chesterfield","elev_ft":187}},{"type":"Feature","geometry":{"type":"Point","coordinates":[-70.650337,41.811531]},"properties":{"kind":"campsite","src":"overture:meta","name":"Cachalot Scout Reservation","website":"http://www.campcachalot.org","addr":"1 Scouting Way, Plymouth","elev_ft":72}},{"type":"Feature","geometry":{"type":"Point","coordinates":[-70.585136,41.725491]},"properties":{"kind":"campsite","src":"overture:meta","name":"Bay View Campground","website":"http://www.bayviewcampground.com/","addr":"260 MacArthur Blvd, Bourne","elev_ft":151}},{"type":"Feature","geometry":{"type":"Point","coordinates":[-73.238747,42.489677]},"properties":{"kind":"campsite","src":"overture:Foursquare","name":"Bonnie Brae Campground","website":"http://bonniebraecampground.tripod.com","addr":"108 Broadway St, Pittsfield","elev_ft":1220}},{"type":"Feature","geometry":{"type":"Point","coordinates":[-71.029427,42.690361]},"properties":{"kind":"campsite","src":"overture:meta","name":"Camp Rotary","website":"http://www.camprotary.org/","addr":"372 Ipswich Rd, Boxford","elev_ft":230}},{"type":"Feature","geometry":{"type":"Point","coordinates":[-70.494461,41.660828]},"properties":{"kind":"campsite","src":"overture:meta","name":"Camp Farley","website":"https://www.campfarley.com/","addr":"615 Main St, Mashpee","elev_ft":125}},{"type":"Feature","geometry":{"type":"Point","coordinates":[-72.048355,42.489223]},"properties":{"kind":"campsite","src":"overture:meta","name":"Peaceful Acres Campground","website":"http://www.peacefulacrescampground.com","addr":"52 Flagg Rd, Hubbardston","elev_ft":991}},{"type":"Feature","geometry":{"type":"Point","coordinates":[-71.775459,42.085941]},"properties":{"kind":"campsite","src":"overture:meta","name":"Lake Manchaug Camping","website":"http://lakemanchaugcamping.com/","addr":"76 Oak St, Douglas","elev_ft":636}},{"type":"Feature","geometry":{"type":"Point","coordinates":[-72.793442,42.624027]},"properties":{"kind":"campsite","src":"overture:meta","name":"Country Aire Campground","website":"http://www.countryairecampground.com/","addr":"1753 Mohawk Trl, Shelburne Falls","elev_ft":564}},{"type":"Feature","geometry":{"type":"Point","coordinates":[-71.822533,42.057724]},"properties":{"kind":"rv_park","src":"overture:meta","name":"Webster/Douglas Forest KOA Journey","website":"https://koa.com/campgrounds/webster/","addr":"106 Douglas Rd, Webster","elev_ft":764}},{"type":"Feature","geometry":{"type":"Point","coordinates":[-70.703003,42.635063]},"properties":{"kind":"campsite","src":"overture:meta","name":"YMCA Camp Spindrift","website":"http://www.northshoreymca.org/","addr":"57 Atlantic St, Gloucester","elev_ft":75}},{"type":"Feature","geometry":{"type":"Point","coordinates":[-70.691353,41.839489]},"properties":{"kind":"campsite","src":"overture:meta","name":"Myles Standish Camp Headquarters","website":"www.reserveamerica.com/camping/myles-standish-state-forest/r/...","addr":"194 Cranberry Rd, Carver","elev_ft":112}},{"type":"Feature","geometry":{"type":"Point","coordinates":[-72.998169,42.273586]},"properties":{"kind":"campsite","src":"overture:meta","name":"Walker Island Campground","website":"http://walkerislandcamping.com/","addr":"27 Route 20, Chester","elev_ft":817}},{"type":"Feature","geometry":{"type":"Point","coordinates":[-71.783546,42.694672]},"properties":{"kind":"campsite","src":"overture:meta","name":"The Pines Campground","website":"http://www.thepines-campground.com/","addr":"39 Davis Rd, Ashby","elev_ft":692}},{"type":"Feature","geometry":{"type":"Point","coordinates":[-72.07238,42.399216]},"properties":{"kind":"campsite","src":"overture:meta","name":"Camp Coldbrook RV Resort","website":"http://campcoldbrookrvresort.com/","addr":"864 Old Coldbrook Rd, Barre","elev_ft":827}},{"type":"Feature","geometry":{"type":"Point","coordinates":[-73.282898,42.479568]},"properties":{"kind":"campsite","src":"overture:meta","name":"Camp Winadu","website":"http://www.campwinadu.com/","addr":"700 Churchill St","elev_ft":1106}},{"type":"Feature","geometry":{"type":"Point","coordinates":[-71.781776,42.109798]},"properties":{"kind":"campsite","src":"overture:meta","name":"Sutton Falls Camping Area","website":"http://www.suttonfalls.com","addr":"90 Manchaug Rd, Sutton","elev_ft":558}},{"type":"Feature","geometry":{"type":"Point","coordinates":[-70.141197,41.652515]},"properties":{"kind":"rv_park","src":"overture:meta","name":"Sun Retreats Dennis Port","website":"https://www.sunoutdoors.com/massachusetts/sun-retreats-dennis-port?utm_source=facebook&utm_medium=organic&utm_campaign=facebook_listing","addr":"184 Old Wharf Rd, Dennis Port","elev_ft":13}},{"type":"Feature","geometry":{"type":"Point","coordinates":[-71.090752,42.610584]},"properties":{"kind":"campsite","src":"overture:meta","name":"Lorraine Park Campground","website":"http://www.mass.gov","addr":"133 Jenkins Rd, Andover","elev_ft":135}},{"type":"Feature","geometry":{"type":"Point","coordinates":[-73.042442,42.118259]},"properties":{"kind":"campsite","src":"overture:meta","name":"Camp Timber Trails","website":"http://camptimbertrails.org/","addr":"1266 E Otis Rd, Tolland","elev_ft":1444}},{"type":"Feature","geometry":{"type":"Point","coordinates":[-70.600853,41.793083]},"properties":{"kind":"campsite","src":"overture:meta","name":"Sandy Pond Campground","website":"http://sandypondcampground.com","addr":"834 Bourne Rd, Plymouth","elev_ft":66}},{"type":"Feature","geometry":{"type":"Point","coordinates":[-72.830864,42.302044]},"properties":{"kind":"campsite","src":"overture:meta","name":"The Retreat at Norwich Lake","website":"https://retreatatnorwichlake.com/","addr":"128 Norwich Lk, Huntington","elev_ft":1152}},{"type":"Feature","geometry":{"type":"Point","coordinates":[-73.035004,42.19804]},"properties":{"kind":"campsite","src":"overture:meta","name":"Camp Bonnie Brae","website":"https://camp-bonnie-brae.hub.biz/","addr":"Algerie Rd, Otis","elev_ft":1562}},{"type":"Feature","geometry":{"type":"Point","coordinates":[-71.438484,42.347706]},"properties":{"kind":"campsite","src":"overture:meta","name":"Nobscot Scout Reservation","website":"http://www.ktc-bsa.org/nobscot.htm","addr":"1 Nobscot Rd, Sudbury","elev_ft":223}},{"type":"Feature","geometry":{"type":"Point","coordinates":[-70.143883,41.709995]},"properties":{"kind":"campsite","src":"overture:meta","name":"Old Chatham Road Campground","website":"https://thousandtrails.com/massachusetts/old-chatham-road-rv-campground/?utm_source=yext&utm_medium=directory&utm_campaign=Yext+Directory+Listing","addr":"310 Old Chatham Rd, South Dennis","elev_ft":66}},{"type":"Feature","geometry":{"type":"Point","coordinates":[-70.730148,41.856285]},"properties":{"kind":"campsite","src":"overture:meta","name":"Yogi Bear's Jellystone Park Camp Resort","website":"https://cranberryacresjellystonepark.com/seasonal-camping","addr":"20 Shoestring Rd, Carver","elev_ft":108}},{"type":"Feature","geometry":{"type":"Point","coordinates":[-73.05085,42.264992]},"properties":{"kind":"campsite","src":"overture:meta","name":"Bonny Rigg Campground","website":"http://www.bonnyriggcampground.com","addr":"59 Main St, Becket","elev_ft":1296}},{"type":"Feature","geometry":{"type":"Point","coordinates":[-72.221947,42.068058]},"properties":{"kind":"campsite","src":"overture:meta","name":"Oak Haven Family Campground","website":"http://www.oakhavencampground.com/","addr":"22 Main St, Wales","elev_ft":961}},{"type":"Feature","geometry":{"type":"Point","coordinates":[-72.638184,42.470482]},"properties":{"kind":"campsite","src":"overture:meta","name":"White Birch Campground","website":"http://whitebirchcamp.com","addr":"214 North Rd, South Deerfield","elev_ft":200}},{"type":"Feature","geometry":{"type":"Point","coordinates":[-69.98439,41.845249]},"properties":{"kind":"campsite","src":"overture:meta","name":"Atlantic Oaks Campground","website":"http://www.atlanticoaks.com","addr":"3700 State Hwy, Eastham","elev_ft":52}},{"type":"Feature","geometry":{"type":"Point","coordinates":[-73.463219,42.081715]},"properties":{"kind":"campsite","src":"overture:meta","name":"YMCA Camp Hi-Rock","website":"http://www.camphirock.org/","addr":"544 East St, South Egremont","elev_ft":1631}},{"type":"Feature","geometry":{"type":"Point","coordinates":[-70.998276,42.731995]},"properties":{"kind":"campsite","src":"overture:meta","name":"Camp Leslie","website":"http://www.campleslie.org","addr":"139 W Main St, Georgetown","elev_ft":118}},{"type":"Feature","geometry":{"type":"Point","coordinates":[-70.860397,41.858242]},"properties":{"kind":"campsite","src":"overture:meta","name":"Camp Yomechas","website":"http://oldcolonyymca.org","addr":"375 Wareham St, Middleboro","elev_ft":125}},{"type":"Feature","geometry":{"type":"Point","coordinates":[-70.074837,42.0382]},"properties":{"kind":"campsite","src":"overture:meta","name":"Adventure Bound Camping Resorts","website":"https://www.abcamping.com/abcapecod/","addr":"46 Highland Rd, Truro","elev_ft":72}},{"type":"Feature","geometry":{"type":"Point","coordinates":[-70.70192,42.640163]},"properties":{"kind":"campsite","src":"overture:meta","name":"Cape Ann Camp Site","website":"http://capeanncampsite.com","addr":"80 Atlantic St, Gloucester","elev_ft":115}},{"type":"Feature","geometry":{"type":"Point","coordinates":[-71.347496,42.578518]},"properties":{"kind":"campsite","src":"overture:meta","name":"Camp Paul","addr":"39 Concord Rd, Chelmsford","elev_ft":154}},{"type":"Feature","geometry":{"type":"Point","coordinates":[-71.895126,42.156052]},"properties":{"kind":"campsite","src":"overture:meta","name":"Clara Barton Camp","website":"http://clarabartonbirthplace.org","addr":"30 Ennis Rd, North Oxford","elev_ft":705}},{"type":"Feature","geometry":{"type":"Point","coordinates":[-70.080711,41.74247]},"properties":{"kind":"campsite","src":"overture:meta","name":"Sweetwater Forest","website":"http://www.sweetwaterforest.com/","addr":"Sweetwater, 676 Harwich Rd, Brewster","elev_ft":115}},{"type":"Feature","geometry":{"type":"Point","coordinates":[-72.294464,42.121605]},"properties":{"kind":"campsite","src":"overture:meta","name":"Sunsetview Farm Camping Area","website":"http://www.sunsetview.com/","addr":"57 Town Farm Rd, Monson","elev_ft":656}},{"type":"Feature","geometry":{"type":"Point","coordinates":[-71.760582,42.654915]},"properties":{"kind":"campsite","src":"overture:Foursquare","name":"Pearl Hill State Park","website":"http://www.mass.gov/eea/agencies/dcr/massparks/region-central/pearl-hill-state-park.html","addr":"101 New Fitchburg Rd, West Townsend","elev_ft":466}},{"type":"Feature","geometry":{"type":"Point","coordinates":[-70.589882,41.750755]},"properties":{"kind":"campsite","src":"overture:meta","name":"Bourne Recreation Authority","website":"http://www.bournescenicpark.com/","addr":"370 Scenic Hwy, Bourne","elev_ft":36}},{"type":"Feature","geometry":{"type":"Point","coordinates":[-73.070358,42.283669]},"properties":{"kind":"campsite","src":"overture:meta","name":"Berkshire Outdoor Center","website":"http://www.bccymca.org/boc/rates-bookings/group-inquiries","addr":"748 Hamilton Rd, Becket","elev_ft":1673}},{"type":"Feature","geometry":{"type":"Point","coordinates":[-71.935165,42.089634]},"properties":{"kind":"campsite","src":"overture:meta","name":"YMCA Camp Foskett","website":"https://www.ymcaofcm.org/camp-foskett/","addr":"189 Daniels Rd, Charlton","elev_ft":663}},{"type":"Feature","geometry":{"type":"Point","coordinates":[-73.449944,42.195438]},"properties":{"kind":"campsite","src":"overture:Foursquare","name":"Prospect Lake Park, A Family Campground","website":"http://www.prospectlakepark.com","addr":"50 Prospect Lake Rd, Great Barrington","elev_ft":912}},{"type":"Feature","geometry":{"type":"Point","coordinates":[-73.413872,42.115162]},"properties":{"kind":"campsite","src":"overture:Microsoft","name":"National Hockey Training","website":"http://www.nhtcamps.com/","addr":"245 N Undermountain Rd, Sheffield","elev_ft":843}},{"type":"Feature","geometry":{"type":"Point","coordinates":[-73.276604,42.173599]},"properties":{"kind":"campsite","src":"overture:meta","name":"Camp Half Moon","website":"http://camphalfmoon.com","addr":"18 Camp Half-Moon Rd, Great Barrington","elev_ft":988}},{"type":"Feature","geometry":{"type":"Point","coordinates":[-73.097572,42.21302]},"properties":{"kind":"campsite","src":"overture:meta","name":"Klondike Campground","website":"http://www.klondikecr.com/","addr":"759 N Main Rd, Otis","elev_ft":1365}},{"type":"Feature","geometry":{"type":"Point","coordinates":[-73.073219,42.14716]},"properties":{"kind":"campsite","src":"overture:meta","name":"Mountain View Campground","website":"https://www.mountainviewcampgroundma.com/","addr":"1856 S Main Rd, Otis","elev_ft":1181}},{"type":"Feature","geometry":{"type":"Point","coordinates":[-73.071724,42.278839]},"properties":{"kind":"campsite","src":"overture:Foursquare","name":"Becket-Chimney Corners YMCA","website":"http://www.bccymca.org","addr":"748 Hamilton Rd, Becket","elev_ft":1631}},{"type":"Feature","geometry":{"type":"Point","coordinates":[-73.069496,42.306416]},"properties":{"kind":"campsite","src":"overture:meta","name":"Camp Watitoh","website":"https://forms.gle/Pf5eFPo3dqco9APV6","addr":"1885 Main St, Becket","elev_ft":1578}},{"type":"Feature","geometry":{"type":"Point","coordinates":[-72.946739,42.192085]},"properties":{"kind":"campsite","src":"overture:Foursquare","name":"Laurel Ridge Camping Area","website":"http://www.laurelridgecamping.com","addr":"40 N Blandford Rd, Blandford","elev_ft":1296}},{"type":"Feature","geometry":{"type":"Point","coordinates":[-72.781998,42.285538]},"properties":{"kind":"campsite","src":"overture:Foursquare","name":"Windy Acres Campground","website":"http://www.windyacres.com","addr":"139 South Rd, Westhampton","elev_ft":676}},{"type":"Feature","geometry":{"type":"Point","coordinates":[-72.922279,42.07708]},"properties":{"kind":"campsite","src":"overture:meta","name":"Prospect Mountain Campground","website":"https://prospectmtncampground.com/?utm_source=facebook&utm_medium=social&utm_campaign=pmc-facebook-general","addr":"1349 Main Rd, Granville","elev_ft":1263}},{"type":"Feature","geometry":{"type":"Point","coordinates":[-72.782448,42.030823]},"properties":{"kind":"campsite","src":"overture:meta","name":"Southwick Acres Campground","website":"http://www.southwickacrescampground.com/","addr":"256 College Hwy, Southwick","elev_ft":266}},{"type":"Feature","geometry":{"type":"Point","coordinates":[-72.748367,42.172363]},"properties":{"kind":"campsite","src":"overture:meta","name":"Roots Vacation Camps","website":"https://www.rootsvacation.com/","addr":"181 Root Rd, Westfield","elev_ft":289}},{"type":"Feature","geometry":{"type":"Point","coordinates":[-72.274452,42.090038]},"properties":{"kind":"campsite","src":"overture:meta","name":"Partridge Hollow Campground","website":"http://www.partridgehollow.com/","addr":"72 Sutcliff Rd, Monson","elev_ft":850}},{"type":"Feature","geometry":{"type":"Point","coordinates":[-72.165901,42.111515]},"properties":{"kind":"campsite","src":"overture:meta","name":"Village Green Family Campground","website":"http://www.villagegreencampground.com/","addr":"228 Sturbridge Rd, Brimfield","elev_ft":820}},{"type":"Feature","geometry":{"type":"Point","coordinates":[-72.094765,42.065411]},"properties":{"kind":"campsite","src":"overture:Foursquare","name":"Sturbridge Camp","website":"http://www.sturbridgeworshipcenter.com","addr":"19 Mashapaug Rd, Sturbridge","elev_ft":715}},{"type":"Feature","geometry":{"type":"Point","coordinates":[-71.777863,42.108303]},"properties":{"kind":"campsite","src":"overture:Foursquare","name":"Old Holbrook Place","website":"http://www.oldholbrookcamping.com/Site/Welcome.html","addr":"114 Manchaug Rd, Sutton","elev_ft":551}},{"type":"Feature","geometry":{"type":"Point","coordinates":[-72.171165,42.263763]},"properties":{"kind":"campsite","src":"overture:Foursquare","name":"Highview Campground","website":"http://highviewcampground.net","addr":"58 John Gilbert Rd, West Brookfield","elev_ft":932}},{"type":"Feature","geometry":{"type":"Point","coordinates":[-71.470444,42.23793]},"properties":{"kind":"campsite","src":"overture:Foursquare","name":"Camp Winnetaska","website":"http://www.hercamp.org","addr":"60 Olive St, Ashland","elev_ft":259}},{"type":"Feature","geometry":{"type":"Point","coordinates":[-71.204323,42.299492]},"properties":{"kind":"campsite","src":"overture:meta","name":"Jcc Grossman Camp","website":"https://www.bostonjcc.org/summer-camps/camp-grossman-0","addr":"333 Nahanton St, Newton","elev_ft":161}},{"type":"Feature","geometry":{"type":"Point","coordinates":[-71.172539,42.267956]},"properties":{"kind":"rv_park","src":"overture:meta","name":"Boston Trailer Park","website":"http://www.boston.com","addr":"1515 VFW Pkwy, Boston","elev_ft":102}},{"type":"Feature","geometry":{"type":"Point","coordinates":[-73.378838,42.337345]},"properties":{"kind":"campsite","src":"overture:meta","name":"URJ Crane Lake Camp","website":"http://www.cranelakecamp.org/","addr":"46 State Line Rd, West Stockbridge","elev_ft":994}},{"type":"Feature","geometry":{"type":"Point","coordinates":[-73.320412,42.420006]},"properties":{"kind":"campsite","src":"overture:meta","name":"Lakeside Camp & Conference Center","website":"http://www.lakesideonline.org","addr":"195 Cloverdale St, Pittsfield","elev_ft":1142}},{"type":"Feature","geometry":{"type":"Point","coordinates":[-73.279587,42.506165]},"properties":{"kind":"campsite","src":"overture:meta","name":"Ponderosa Pine Campground","addr":"50 Potter Mountain Rd, Lanesborough","elev_ft":1227}},{"type":"Feature","geometry":{"type":"Point","coordinates":[-73.284454,42.607582]},"properties":{"kind":"campsite","src":"overture:meta","name":"Privacy Campground","website":"http://www.privacycampground.com/","addr":"2458 Hancock Rd, Hancock","elev_ft":1161}},{"type":"Feature","geometry":{"type":"Point","coordinates":[-73.284821,42.47485]},"properties":{"kind":"campsite","src":"overture:Foursquare","name":"Camp Stevenson-Witawentin","website":"http://www.brighamcenter.org","addr":"600 Churchill St, Pittsfield","elev_ft":1125}},{"type":"Feature","geometry":{"type":"Point","coordinates":[-73.28511,42.36517]},"properties":{"kind":"campsite","src":"overture:meta","name":"Belvoir Terrace","website":"https://www.belvoirterrace.com/","addr":"80 Cliffwood St, Lenox","elev_ft":1319}},{"type":"Feature","geometry":{"type":"Point","coordinates":[-73.131088,42.429108]},"properties":{"kind":"campsite","src":"overture:meta","name":"Fernwood Forest Campground","website":"http://www.fernwoodforest.com/","addr":"350 Longview Ave, Hinsdale","elev_ft":1535}},{"type":"Feature","geometry":{"type":"Point","coordinates":[-72.984749,42.552639]},"properties":{"kind":"campsite","src":"overture:Foursquare","name":"Shady Pines Campground","website":"http://www.shadypinescampground.com","addr":"521 Loop Rd, Savoy","elev_ft":1841}},{"type":"Feature","geometry":{"type":"Point","coordinates":[-72.875351,42.516369]},"properties":{"kind":"campsite","src":"overture:meta","name":"Peppermint Park Camping Resort","website":"http://www.peppermintpark.net/","addr":"169 Grant St, Plainfield","elev_ft":1496}},{"type":"Feature","geometry":{"type":"Point","coordinates":[-72.903259,42.472759]},"properties":{"kind":"campsite","src":"overture:meta","name":"Shire Village Camp","website":"http://shirevillage.org","addr":"36 Mellor Rd, Cummington","elev_ft":1168}},{"type":"Feature","geometry":{"type":"Point","coordinates":[-72.804131,42.461269]},"properties":{"kind":"campsite","src":"overture:meta","name":"Camp Holy Cross","website":"http://www.campholycross.org/","addr":"108 Cape St, Goshen","elev_ft":1522}},{"type":"Feature","geometry":{"type":"Point","coordinates":[-72.537994,42.608353]},"properties":{"kind":"campsite","src":"overture:meta","name":"Barton Cove","website":"http://connecticutriver.us/site/content/connecticut-river-barton-cove-gill-state-boat-ramp","addr":"82 French King Hwy, Gill","elev_ft":217}},{"type":"Feature","geometry":{"type":"Point","coordinates":[-72.599022,42.648201]},"properties":{"kind":"campsite","src":"overture:meta","name":"Camp Lion Knoll","website":"http://www.girlsclubofgreenfield.org/camp-lion-knoll-2","addr":"77 Oak Hill Rd, Greenfield","elev_ft":394}},{"type":"Feature","geometry":{"type":"Point","coordinates":[-72.439796,42.724396]},"properties":{"kind":"campsite","src":"overture:meta","name":"Camp Northfield","website":"http://www.campnorthfield.com/","addr":"96 Wanamaker Rd, Northfield","elev_ft":328}},{"type":"Feature","geometry":{"type":"Point","coordinates":[-72.426178,42.508644]},"properties":{"kind":"campsite","src":"overture:meta","name":"Pine Brook Camp, Camp Anderson Foundation Inc.","website":"http://www.pinebrookcamp.org/","addr":"210 Lakeview Rd, Shutesbury","elev_ft":912}},{"type":"Feature","geometry":{"type":"Point","coordinates":[-71.908081,42.660301]},"properties":{"kind":"campsite","src":"overture:meta","name":"Camp Wellville","addr":"1 Dalbeck Ln, Ashburnham","elev_ft":1184}},{"type":"Feature","geometry":{"type":"Point","coordinates":[-72.078812,42.395493]},"properties":{"kind":"campsite","src":"overture:Foursquare","name":"Coldbrook Campground","website":"http://campcoldbrookrvresort.com","addr":"287 Chapman Rd, Barre","elev_ft":807}},{"type":"Feature","geometry":{"type":"Point","coordinates":[-72.070633,42.325302]},"properties":{"kind":"campsite","src":"overture:meta","name":"Camp Putnam","website":"http://www.campputnam.org/","addr":"141 Rutherford Rd, New Braintree","elev_ft":984}},{"type":"Feature","geometry":{"type":"Point","coordinates":[-72.029938,42.348869]},"properties":{"kind":"campsite","src":"overture:meta","name":"Lake Dean Campground","website":"https://lake-dean-campground.hub.biz","addr":"717 N Brookfield Rd, Oakham","elev_ft":843}},{"type":"Feature","geometry":{"type":"Point","coordinates":[-72.024727,42.344971]},"properties":{"kind":"campsite","src":"overture:Foursquare","name":"Pine Acres Family Camping Resort","website":"http://www.pineacresresort.com","addr":"203 Bechan Rd, Oakham","elev_ft":869}},{"type":"Feature","geometry":{"type":"Point","coordinates":[-71.992386,42.32061]},"properties":{"kind":"campsite","src":"overture:Foursquare","name":"Treasure Valley","website":"https://www.tvsrbsa.org","addr":"394 Pleasantdale Rd, Rutland, MA 01543, United States, rutland","elev_ft":879}},{"type":"Feature","geometry":{"type":"Point","coordinates":[-71.682114,42.522354]},"properties":{"kind":"campsite","src":"overture:meta","name":"YMCA Camp Lowe","website":"https://www.ymcaofcm.org/camp-lowe/","addr":"132 Fort Pond Inn Rd, Lancaster","elev_ft":371}},{"type":"Feature","geometry":{"type":"Point","coordinates":[-71.519363,42.347321]},"properties":{"kind":"rv_park","src":"overture:meta","name":"Jo-Len Village","website":"http://trustthisbiz.com/jolen_village","addr":"287 Boston Post Rd E, Marlborough","elev_ft":292}},{"type":"Feature","geometry":{"type":"Point","coordinates":[-71.689774,42.555332]},"properties":{"kind":"campsite","src":"overture:meta","name":"Shady Point Beach and Campground","website":"http://www.shadypointbeach.com","addr":"701 Reservoir Rd, Lunenburg","elev_ft":315}},{"type":"Feature","geometry":{"type":"Point","coordinates":[-71.821388,42.678158]},"properties":{"kind":"campsite","src":"overture:meta","name":"Camp Starfish","website":"http://www.campstarfish.org/","addr":"873 Main St, Ashby","elev_ft":928}},{"type":"Feature","geometry":{"type":"Point","coordinates":[-71.532959,42.593971]},"properties":{"kind":"campsite","src":"overture:Foursquare","name":"Nature's Classroom","website":"http://www.naturesclassroom.org","addr":"167 Prescott St, Groton","elev_ft":279}},{"type":"Feature","geometry":{"type":"Point","coordinates":[-71.23597,42.38718]},"properties":{"kind":"campsite","src":"overture:meta","name":"Running Brook Camps","website":"https://linktr.ee/RunningBrookCamps","addr":"785 Beaver St, Waltham","elev_ft":79}},{"type":"Feature","geometry":{"type":"Point","coordinates":[-71.272522,42.353439]},"properties":{"kind":"campsite","src":"overture:Foursquare","name":"Meadowbrook Day Camp","website":"http://www.meadowbrook-ma.org","addr":"10 Farm Rd, Weston","elev_ft":180}},{"type":"Feature","geometry":{"type":"Point","coordinates":[-71.145607,41.941898]},"properties":{"kind":"campsite","src":"overture:meta","name":"Camp Riverside","website":"https://www.bgcmetrosouth.org/campriverside","addr":"388 Harvey St, Taunton","elev_ft":75}},{"type":"Feature","geometry":{"type":"Point","coordinates":[-71.08667,41.816589]},"properties":{"kind":"campsite","src":"overture:meta","name":"Camp Jack","website":"https://peopleincfr.org/services/diabetes-association-inc/camp-jack/","addr":"127 N Main St, Assonet","elev_ft":46}},{"type":"Feature","geometry":{"type":"Point","coordinates":[-71.016121,41.952381]},"properties":{"kind":"campsite","src":"overture:Foursquare","name":"Handi Kids Special Needs Camp","website":"http://www.thebridgectr.org","addr":"470 Pine St, Bridgewater","elev_ft":125}},{"type":"Feature","geometry":{"type":"Point","coordinates":[-70.983772,41.634998]},"properties":{"kind":"campsite","src":"overture:meta","name":"Smith Mills Campmeeting Association","website":"http://smithmillscamp.org/","addr":"1344 Tucker Rd, North Dartmouth","elev_ft":66}},{"type":"Feature","geometry":{"type":"Point","coordinates":[-70.863152,41.866203]},"properties":{"kind":"campsite","src":"overture:meta","name":"Camp Avoda","website":"http://www.campavoda.org/","addr":"23 Gibbs Rd, Middleborough","elev_ft":43}},{"type":"Feature","geometry":{"type":"Point","coordinates":[-70.518776,41.639618]},"properties":{"kind":"rv_park","src":"overture:meta","name":"Johns Pond Village","website":"http://www.johnspondvillage.com/","addr":"2 Back Rd, Mashpee","elev_ft":98}},{"type":"Feature","geometry":{"type":"Point","coordinates":[-70.51841,41.638638]},"properties":{"kind":"campsite","src":"overture:meta","name":"Otis Trailer Village Inc","website":"http://www.johnspondcampground.com","addr":"2 Back Rd, Mashpee","elev_ft":89}},{"type":"Feature","geometry":{"type":"Point","coordinates":[-70.389977,41.64212]},"properties":{"kind":"campsite","src":"overture:meta","name":"Red Sky Sports Academy","website":"http://www.redskysportsacademy.com/","addr":"50 Osterville West Barnstable Rd, Osterville","elev_ft":49}},{"type":"Feature","geometry":{"type":"Point","coordinates":[-70.202202,41.655518]},"properties":{"kind":"rv_park","src":"overture:meta","name":"Bass River Trailer Park Inc","website":"http://www.gocampingamerica.com","addr":"698 Willow St, Yarmouth","elev_ft":20}},{"type":"Feature","geometry":{"type":"Point","coordinates":[-70.785744,41.755959]},"properties":{"kind":"campsite","src":"overture:meta","name":"Camp Hadley","addr":"449 County Rd, Marion","elev_ft":56}},{"type":"Feature","geometry":{"type":"Point","coordinates":[-70.760063,41.719402]},"properties":{"kind":"campsite","src":"overture:meta","name":"Camp Marion","website":"http://www.campmarion.org/","addr":"45 Oakdale Ave, Marion","elev_ft":-7}},{"type":"Feature","geometry":{"type":"Point","coordinates":[-70.738251,41.83292]},"properties":{"kind":"rv_park","src":"overture:meta","name":"Camp Clear","website":"http://campclear.org","addr":"40 Wareham St, Carver","elev_ft":108}},{"type":"Feature","geometry":{"type":"Point","coordinates":[-70.745178,41.940754]},"properties":{"kind":"campsite","src":"overture:meta","name":"Camp Norse","website":"http://narragansettbsa.org/","addr":"112 Parting Ways Rd, Kingston","elev_ft":197}},{"type":"Feature","geometry":{"type":"Point","coordinates":[-70.66684,41.828232]},"properties":{"kind":"campsite","src":"overture:meta","name":"Campsite","addr":"24 Fearing Pond Rd, Plymouth","elev_ft":135}},{"type":"Feature","geometry":{"type":"Point","coordinates":[-70.696663,41.888184]},"properties":{"kind":"campsite","src":"overture:meta","name":"Blueberry Hill Campground","website":"http://www.blueberryhillcampground.net","addr":"571 Rocky Pond Rd, Plymouth","elev_ft":154}},{"type":"Feature","geometry":{"type":"Point","coordinates":[-70.507294,41.685188]},"properties":{"kind":"campsite","src":"overture:meta","name":"Camp Good News","website":"https://campgoodnews.org/","addr":"71 Route 130, Forestdale","elev_ft":148}},{"type":"Feature","geometry":{"type":"Point","coordinates":[-70.234703,41.692696]},"properties":{"kind":"campsite","src":"overture:Foursquare","name":"Camp Greenough","website":"https://www.scoutscapecod.org/camp/?fbclid=IwAR0b-TqQbk1GwVzg1ihG5ecKuWljhSf5MUOME_XpQ7uZn-3NGKR7wXIl6jI","addr":"227 Pine St, Yarmouth Port","elev_ft":49}},{"type":"Feature","geometry":{"type":"Point","coordinates":[-70.439301,41.695454]},"properties":{"kind":"campsite","src":"overture:meta","name":"Lawrence Pond Village Campground","website":"http://www.lawrencepondvillage.com/","addr":"45 Great Hill Rd, Sandwich","elev_ft":89}},{"type":"Feature","geometry":{"type":"Point","coordinates":[-70.445854,41.698357]},"properties":{"kind":"campsite","src":"overture:meta","name":"Camp Lyndon","website":"http://ymcacapecod.org","addr":"117 Stowe Rd, Sandwich","elev_ft":112}},{"type":"Feature","geometry":{"type":"Point","coordinates":[-70.073654,41.725338]},"properties":{"kind":"campsite","src":"overture:meta","name":"Camp Favorite","website":"http://www.gsema.org/camp","addr":"208 Crowells Bog Rd, Brewster","elev_ft":72}},{"type":"Feature","geometry":{"type":"Point","coordinates":[-70.128464,41.724403]},"properties":{"kind":"campsite","src":"overture:meta","name":"Camp Mitton","website":"http://crossroads4kids.org/","addr":"46 Featherbed Ln, Brewster","elev_ft":20}},{"type":"Feature","geometry":{"type":"Point","coordinates":[-70.579704,41.747635]},"properties":{"kind":"campsite","src":"overture:Foursquare","name":"Bourne Scenic Park (site C44)","website":"http://www.bournescenicpark.com","addr":"231 Sandwich Rd, Bourne","elev_ft":89}},{"type":"Feature","geometry":{"type":"Point","coordinates":[-70.0578,41.767624]},"properties":{"kind":"rv_park","src":"overture:meta","name":"Ocean Edge Brewster","website":"https://www.oceanedge.net/","addr":"2672 Main St, Brewster","elev_ft":66}},{"type":"Feature","geometry":{"type":"Point","coordinates":[-70.045425,41.775871]},"properties":{"kind":"campsite","src":"overture:Foursquare","name":"Cape Cod Sea Camp","website":"http://www.capecodseacamps.com/","addr":"3057 Main St, Brewster","elev_ft":62}},{"type":"Feature","geometry":{"type":"Point","coordinates":[-70.569695,41.830219]},"properties":{"kind":"campsite","src":"overture:meta","name":"Camp Clark Alumni","website":"http://www.oldcolonyymca.org/camp-clark","addr":"200 Hedges Pond Rd, Plymouth","elev_ft":75}},{"type":"Feature","geometry":{"type":"Point","coordinates":[-70.63871,41.830795]},"properties":{"kind":"campsite","src":"overture:meta","name":"Camp Squanto","website":"https://www.mapquest.com/.../camp-squanto-boy-scouts-rsrvtn-352944680","addr":"200 Cutter Field Rd, Plymouth","elev_ft":131}},{"type":"Feature","geometry":{"type":"Point","coordinates":[-70.548546,41.843365]},"properties":{"kind":"campsite","src":"overture:meta","name":"Indianhead Resort","website":"http://www.indianhead-resort.com/","addr":"1929 State Rd, Plymouth","elev_ft":79}},{"type":"Feature","geometry":{"type":"Point","coordinates":[-70.603539,41.854317]},"properties":{"kind":"campsite","src":"overture:meta","name":"Pinewoods Dance Camp","website":"http://pinewoods.org/jobs","addr":"80 Cornish Field Rd, Plymouth","elev_ft":118}},{"type":"Feature","geometry":{"type":"Point","coordinates":[-70.606651,41.85519]},"properties":{"kind":"campsite","src":"overture:meta","name":"CDSS at Pinewoods","website":"http://www.pinewoods.org","addr":"80 Cornish Field Rd, Plymouth","elev_ft":121}},{"type":"Feature","geometry":{"type":"Point","coordinates":[-70.613037,41.86578]},"properties":{"kind":"campsite","src":"overture:meta","name":"Camp Wind-in-the-Pines","website":"http://www.gsema.org/camp","addr":"190 W Long Pond Rd, Plymouth","elev_ft":95}},{"type":"Feature","geometry":{"type":"Point","coordinates":[-70.002235,41.924881]},"properties":{"kind":"campsite","src":"overture:meta","name":"Paine's Campground","website":"https://www.mass.gov/locations/wellfleet-hollow-state-campground","addr":"180 Old Kings Hwy, Wellfleet","elev_ft":85}},{"type":"Feature","geometry":{"type":"Point","coordinates":[-70.065987,42.035454]},"properties":{"kind":"campsite","src":"overture:meta","name":"Horton's Camping Resort","website":"http://www.abcamping.com/abcapecod/hortons.php","addr":"71 S Highland Rd, Truro","elev_ft":56}},{"type":"Feature","geometry":{"type":"Point","coordinates":[-71.133705,42.315842]},"properties":{"kind":"campsite","src":"overture:meta","name":"Summer at Park","website":"http://www.summeratpark.org/","addr":"171 Goddard Ave, Brookline","elev_ft":230}},{"type":"Feature","geometry":{"type":"Point","coordinates":[-71.116425,42.29784]},"properties":{"kind":"campsite","src":"overture:meta","name":"Steve and Kate's Camp","website":"https://steveandkatescamp.com/boston/","addr":"3815 Washington St, Boston","elev_ft":33}},{"type":"Feature","geometry":{"type":"Point","coordinates":[-71.121422,42.352283]},"properties":{"kind":"campsite","src":"overture:Microsoft","name":"Sparks BU Rowing Camp","website":"https://sparksrowing.com/rowing-camps/camps/sparks-bu","addr":"1019 Commonwealth Ave, Boston","elev_ft":69}},{"type":"Feature","geometry":{"type":"Point","coordinates":[-71.059021,42.357708]},"properties":{"kind":"campsite","src":"overture:Foursquare","name":"All in Sports Camp","website":"http://www.allinsportscamp.net","addr":"27 School St Ste 301, Boston","elev_ft":118}},{"type":"Feature","geometry":{"type":"Point","coordinates":[-71.048515,42.734215]},"properties":{"kind":"campsite","src":"overture:meta","name":"Tree Top Summer Camp","website":"http://www.treetopsummercamp.com/","addr":"201 Washington St, Groveland","elev_ft":154}},{"type":"Feature","geometry":{"type":"Point","coordinates":[-70.996292,42.700459]},"properties":{"kind":"campsite","src":"overture:meta","name":"Camp Denison","website":"http://www.campdenison.com/","addr":"84 Nelson St, Georgetown","elev_ft":121}},{"type":"Feature","geometry":{"type":"Point","coordinates":[-70.976395,42.840775]},"properties":{"kind":"campsite","src":"overture:meta","name":"Camp Bauercrest","website":"http://www.bauercrest.org/","addr":"17 Old County Rd, Amesbury","elev_ft":262}},{"type":"Feature","geometry":{"type":"Point","coordinates":[-70.847305,42.504135]},"properties":{"kind":"campsite","src":"overture:meta","name":"The Ultimate Kids Fishing Charters","website":"http://striper.com/kids/","addr":"75 Front St, Marblehead","elev_ft":33}},{"type":"Feature","geometry":{"type":"Point","coordinates":[-70.83551,42.840691]},"properties":{"kind":"rv_park","src":"overture:meta","name":"Beach Rose RV Park","website":"http://beachroservpark.com/","addr":"147 Beach Rd, Salisbury","elev_ft":26}},{"type":"Feature","geometry":{"type":"Point","coordinates":[-71.0541,41.806259]},"properties":{"kind":"campsite","src":"overture:meta","name":"Forge Pond Campground Inc","website":"http://www.forgepondcampground.com/index.html","addr":"62 Forge Rd, Assonet","elev_ft":85}},{"type":"Feature","geometry":{"type":"Point","coordinates":[-71.316933,41.856457]},"properties":{"kind":"campsite","src":"overture:meta","name":"Wheeler Summer","website":"http://www.wheelersummercamp.com/","addr":"350 Walker St, Seekonk","elev_ft":89}},{"type":"Feature","geometry":{"type":"Point","coordinates":[-72.830711,42.065804]},"properties":{"kind":"rv_park","src":"overture:meta","name":"Sodom Mountain Campground","website":"https://sodommountaincampground.com/","addr":"233 S Loomis St, Southwick","elev_ft":840}},{"type":"Feature","geometry":{"type":"Point","coordinates":[-71.585037,42.428589]},"properties":{"kind":"campsite","src":"overture:meta","name":"Cub Adventure Day Camp","website":"http://www.chippanyonk.org","addr":"29 Hudson Rd, Bolton","elev_ft":361}},{"type":"Feature","geometry":{"type":"Point","coordinates":[-72.094719,42.065468]},"properties":{"kind":"rv_park","src":"overture:meta","name":"Outdoor World","website":"http://www.thousandtrails.com/massachusetts/sturbridge-rv-resort","addr":"19 Mashapaug Rd, Sturbridge","elev_ft":715}},{"type":"Feature","geometry":{"type":"Point","coordinates":[-70.703865,42.139427]},"properties":{"kind":"campsite","src":"overture:meta","name":"Ferry Hill Day Camp","website":"http://ferryhilldaycamp.com","addr":"76 Ferry Hill Rd, Marshfield","elev_ft":39}},{"type":"Feature","geometry":{"type":"Point","coordinates":[-73.237228,42.075382]},"properties":{"kind":"campsite","src":"overture:meta","name":"Camp WA WA Segowea","website":"http://www.smithpark.org/","addr":"408 Foley Hill Rd, Southfield","elev_ft":1385}},{"type":"Feature","geometry":{"type":"Point","coordinates":[-70.941025,42.015385]},"properties":{"kind":"campsite","src":"overture:meta","name":"Camp Satucket","website":"http://www.oldcolonyymca.org/camp-satucket","addr":"635 Plymouth St, East Bridgewater","elev_ft":89}},{"type":"Feature","geometry":{"type":"Point","coordinates":[-71.130844,42.387936]},"properties":{"kind":"campsite","src":"overture:meta","name":"Steve and Kate's Camp","website":"https://steveandkatescamp.com/cambridge/","addr":"5 Cadbury Rd, Cambridge","elev_ft":33}},{"type":"Feature","geometry":{"type":"Point","coordinates":[-71.043922,42.624706]},"properties":{"kind":"campsite","src":"overture:meta","name":"Camp Creighton Pond","website":"http://bgcl.org/programs/creighton-summer-camp/","addr":"210 Essex St, Middleton","elev_ft":135}},{"type":"Feature","geometry":{"type":"Point","coordinates":[-72.243782,42.634689]},"properties":{"kind":"campsite","src":"overture:meta","name":"Camp Selah","website":"http://greendalepeopleschurch.org/index.php?option=com_content&view=article&id=52&Itemid=60","addr":"234 Tully Rd, Orange","elev_ft":620}},{"type":"Feature","geometry":{"type":"Point","coordinates":[-72.581543,42.556976]},"properties":{"kind":"campsite","src":"overture:meta","name":"Journey Camp","website":"https://www.journeycampma.com/","addr":"107 Keets Rd, Deerfield","elev_ft":400}},{"type":"Feature","geometry":{"type":"Point","coordinates":[-71.124657,42.427753]},"properties":{"kind":"campsite","src":"overture:meta","name":"Camp Six Acres","website":"http://www.campsixacres.com/","addr":"475 Winthrop St, Medford","elev_ft":66}},{"type":"Feature","geometry":{"type":"Point","coordinates":[-71.422272,42.437141]},"properties":{"kind":"campsite","src":"overture:meta","name":"Summer's Edge At Camp Thoreau","website":"http://www.campthoreau.com/","addr":"275 Forest Ridge Rd, Concord","elev_ft":230}},{"type":"Feature","geometry":{"type":"Point","coordinates":[-70.885857,42.625053]},"properties":{"kind":"campsite","src":"overture:meta","name":"Asbury Camp Meeting","website":"http://asburygrove.org","addr":"14 Essex Ave, South Hamilton","elev_ft":69}},{"type":"Feature","geometry":{"type":"Point","coordinates":[-70.576218,41.605911]},"properties":{"kind":"rv_park","src":"overture:meta","name":"Sun Retreats Cape Cod","website":"https://www.sunoutdoors.com/massachusetts/sun-retreats-cape-cod","addr":"130 Thomas B Landers Rd, East Falmouth","elev_ft":69}},{"type":"Feature","geometry":{"type":"Point","coordinates":[-72.064537,42.399139]},"properties":{"kind":"campsite","src":"overture:meta","name":"Coldbrook Campground","website":"http://www.kalcounty.com/parks/coldbrook/index.html","addr":"1069 Old Coldbrook Rd, Barre","elev_ft":869}},{"type":"Feature","geometry":{"type":"Point","coordinates":[-71.689575,42.44239]},"properties":{"kind":"campsite","src":"overture:meta","name":"Campground","addr":"34 Sawyer St, Lancaster","elev_ft":312}},{"type":"Feature","geometry":{"type":"Point","coordinates":[-73.05825,42.153587]},"properties":{"kind":"campsite","src":"overture:meta","name":"Camp Overflow","website":"http://campoverflow.com","addr":"700 Tolland Rd, Otis","elev_ft":1434}},{"type":"Feature","geometry":{"type":"Point","coordinates":[-71.944336,42.216991]},"properties":{"kind":"campsite","src":"overture:meta","name":"Camp Wind In The Pines","website":"http://ywcacentralmass.org","addr":"89 Parker St, Leicester","elev_ft":846}},{"type":"Feature","geometry":{"type":"Point","coordinates":[-72.790535,42.620743]},"properties":{"kind":"campsite","src":"overture:Microsoft","name":"Country Aire Campground","website":"http://countryairecampground.com/","addr":"1753 Rte 2, Shelburne Falls","elev_ft":492}},{"type":"Feature","geometry":{"type":"Point","coordinates":[-71.095505,42.331337]},"properties":{"kind":"campsite","src":"overture:Microsoft","name":"Sushi Today","website":"https://www.sushitodaymissionhill.com/?utm_source=bing&utm_medium=websiteurl&utm_campaign=search","addr":"1562 Tremont St Ste 1, Mission Hill","elev_ft":39}},{"type":"Feature","geometry":{"type":"Point","coordinates":[-73.124794,42.398479]},"properties":{"kind":"campsite","src":"overture:meta","name":"Bissellville Campground","website":"http://bissellvillecampground1.placeweb.site","addr":"1109 Washington Rd, Hinsdale","elev_ft":1568}},{"type":"Feature","geometry":{"type":"Point","coordinates":[-73.028389,42.161217]},"properties":{"kind":"campsite","src":"overture:meta","name":"Laurel Ridge Campground","website":"http://www.laurelridgecamping.com/","addr":"40 Old Blandford Rd, Otis","elev_ft":1568}},{"type":"Feature","geometry":{"type":"Point","coordinates":[-70.559937,41.454876]},"properties":{"kind":"campsite","src":"overture:meta","name":"Oak Bluffs Campground","website":"http://www.mvcma.org","addr":"Trinity Circle , Oak Bluffs","elev_ft":3}},{"type":"Feature","geometry":{"type":"Point","coordinates":[-72.59668,42.154663]},"properties":{"kind":"campsite","src":"overture:meta","name":"Moss Hollow Campground - Halifax, VT","elev_ft":200}},{"type":"Feature","geometry":{"type":"Point","coordinates":[-71.117653,42.19199]},"properties":{"kind":"campsite","src":"overture:meta","name":"AMC Camp Ponkapoag","website":"http://www.outdoors.org/lodging/cabins-campgrounds/camps-ponkapoag.cfm","addr":"Blue Hills Reservation, 695 Hillside St, Milton","elev_ft":157}},{"type":"Feature","geometry":{"type":"Point","coordinates":[-71.365349,42.273716]},"properties":{"kind":"campsite","src":"overture:meta","name":"Newman Beach","website":"http://www.NewmanBeach.com/","addr":"63 Fairview Ave, Natick","elev_ft":164}},{"type":"Feature","geometry":{"type":"Point","coordinates":[-72.405495,42.196823]},"properties":{"kind":"campsite","src":"overture:meta","name":"Troop 180 Camp Falconer","website":"http://Scouts180.org/","addr":"442 Alden St, Ludlow","elev_ft":394}},{"type":"Feature","geometry":{"type":"Point","coordinates":[-72.22625,42.613972]},"properties":{"kind":"campsite","src":"overture:meta","name":"Happy Chappy Campground","addr":"1237 Silver Lake St, Athol","elev_ft":607}},{"type":"Feature","geometry":{"type":"Point","coordinates":[-70.579536,41.650249]},"properties":{"kind":"rv_park","src":"overture:meta","name":"RV Park","addr":"5449 Underhill St, Bourne","elev_ft":128}},{"type":"Feature","geometry":{"type":"Point","coordinates":[-73.047058,42.648296]},"properties":{"kind":"campsite","src":"overture:meta","name":"Savoy Mountain State Forest Campground","addr":"319 Central Shaft Rd, Savoy","elev_ft":1988}},{"type":"Feature","geometry":{"type":"Point","coordinates":[-72.670593,42.258492]},"properties":{"kind":"campsite","src":"overture:meta","name":"Camp Nonotuck","website":"https://clubs.bluesombrero.com/easthamptonparksandrec","addr":"1 Daley Field Rd, Easthampton","elev_ft":210}},{"type":"Feature","geometry":{"type":"Point","coordinates":[-71.023148,42.488796]},"properties":{"kind":"campsite","src":"overture:meta","name":"Camp Nihan Pond","elev_ft":92}},{"type":"Feature","geometry":{"type":"Point","coordinates":[-70.745811,42.016594]},"properties":{"kind":"rv_park","src":"overture:meta","name":"Town and Country Mobile Estates","addr":"43 Mountain Ash Dr, Kingston","elev_ft":62}},{"type":"Feature","geometry":{"type":"Point","coordinates":[-71.289749,41.986378]},"properties":{"kind":"campsite","src":"overture:meta","name":"Cascade Campground Loudon","elev_ft":164}},{"type":"Feature","geometry":{"type":"Point","coordinates":[-73.322083,42.232964]},"properties":{"kind":"campsite","src":"overture:Foursquare","name":"Madden Open Hearts Camp","website":"http://www.openheartscamp.org","addr":"250 Monument Valley Rd, Great Barrington","elev_ft":889}},{"type":"Feature","geometry":{"type":"Point","coordinates":[-72.972992,42.057407]},"properties":{"kind":"campsite","src":"overture:Foursquare","name":"Granville State Forest","website":"http://www.mass.gov/eea/agencies/dcr/massparks/region-west/granville-state-forest.html","addr":"323 W Hartland Rd, Granville","elev_ft":1263}},{"type":"Feature","geometry":{"type":"Point","coordinates":[-72.384315,42.152847]},"properties":{"kind":"campsite","src":"overture:Foursquare","name":"Massachusetts Association of Campground Owners","website":"https://campmass.com","addr":"PO Box 308, Monson","elev_ft":374}},{"type":"Feature","geometry":{"type":"Point","coordinates":[-72.005386,42.110641]},"properties":{"kind":"campsite","src":"overture:Foursquare","name":"Nature's Classroom Charlton","website":"http://www.naturesclassroom.org","addr":"19 Harrington Rd, Charlton","elev_ft":741}},{"type":"Feature","geometry":{"type":"Point","coordinates":[-71.98278,42.296711]},"properties":{"kind":"campsite","src":"overture:Foursquare","name":"Camp Marshall","website":"http://www.campmarshall.net/#!riding-program/c1e7x","addr":"92 McCormick Rd, Spencer","elev_ft":928}},{"type":"Feature","geometry":{"type":"Point","coordinates":[-71.460518,42.288418]},"properties":{"kind":"campsite","src":"overture:Foursquare","name":"Pilgrim Day Camp","website":"http://www.pilgrimdaycamp.org","addr":"1 Badger Rd, Framingham","elev_ft":194}},{"type":"Feature","geometry":{"type":"Point","coordinates":[-73.30912,42.338951]},"properties":{"kind":"campsite","src":"overture:Foursquare","name":"Camp Mahkeenac","website":"http://www.campmkn.com","addr":"6 Hawthorne Rd, Lenox","elev_ft":942}},{"type":"Feature","geometry":{"type":"Point","coordinates":[-72.799194,42.456829]},"properties":{"kind":"campsite","src":"overture:Foursquare","name":"D.A.R. State Forest","website":"http://www.mass.gov/eea/agencies/dcr/massparks/region-west/dar-state-forest-generic.html","addr":"78 Cape St, Goshen","elev_ft":1470}},{"type":"Feature","geometry":{"type":"Point","coordinates":[-72.63047,42.420471]},"properties":{"kind":"campsite","src":"overture:Foursquare","name":"White Birch Campgrounds","website":"http://whitebirchcamp.com","addr":"214 North St, Whately","elev_ft":190}},{"type":"Feature","geometry":{"type":"Point","coordinates":[-72.616798,42.641174]},"properties":{"kind":"campsite","src":"overture:Foursquare","name":"Camp Kee-wanee","website":"http://campkeewanee.com","addr":"50 Glenbrook Dr, Greenfield","elev_ft":243}},{"type":"Feature","geometry":{"type":"Point","coordinates":[-72.407784,42.499794]},"properties":{"kind":"campsite","src":"overture:Foursquare","name":"Temenos","website":"http://www.temenosretreatcenter.org","addr":"65 Mount Mineral Rd, Shutesbury","elev_ft":1106}},{"type":"Feature","geometry":{"type":"Point","coordinates":[-71.355156,42.460232]},"properties":{"kind":"campsite","src":"overture:Foursquare","name":"Concord Academy Summer Camp","website":"http://www.casummercamp.org","addr":"166 Main St, Concord","elev_ft":135}},{"type":"Feature","geometry":{"type":"Point","coordinates":[-71.346016,42.358776]},"properties":{"kind":"campsite","src":"overture:Foursquare","name":"Camp Chickami","website":"http://www.westsuburbanymca.org","elev_ft":157}},{"type":"Feature","geometry":{"type":"Point","coordinates":[-70.823746,41.65237]},"properties":{"kind":"campsite","src":"overture:Foursquare","name":"Camp Massasoit","website":"http://www.ymcasouthcoast.org/Locations/Mattapoisett/CampMassasoit/tabid/274/Default.aspx","addr":"38 Reservation Rd, Mattapoisett","elev_ft":-7}},{"type":"Feature","geometry":{"type":"Point","coordinates":[-70.728165,41.856079]},"properties":{"kind":"campsite","src":"overture:Foursquare","name":"Shady Acres","website":"http://www.shadyacrescamping.com","addr":"20 Shoestring Rd, Carver","elev_ft":131}},{"type":"Feature","geometry":{"type":"Point","coordinates":[-70.482452,41.684956]},"properties":{"kind":"campsite","src":"overture:Foursquare","name":"Dunroamin' Trailer Park","website":"http://www.dunroamintrailerpark.com","addr":"5 John Ewer Rd, Sandwich","elev_ft":125}},{"type":"Feature","geometry":{"type":"Point","coordinates":[-70.480644,41.69083]},"properties":{"kind":"campsite","src":"overture:Foursquare","name":"Peters Pond RV Resort","website":"https://www.sunrvresorts.com/resorts/new-england/massachusetts/peters-pond/","addr":"185 Cotuit Road, Sandwich","elev_ft":151}},{"type":"Feature","geometry":{"type":"Point","coordinates":[-70.929352,42.298943]},"properties":{"kind":"campsite","src":"overture:Foursquare","name":"Peddocks Island","website":"http://www.bostonharborislands.org","addr":"Boston Harbor Islands, Hull","elev_ft":69}},{"type":"Feature","geometry":{"type":"Point","coordinates":[-70.804512,42.613434]},"properties":{"kind":"campsite","src":"overture:Foursquare","name":"Camp Menorah","website":"http://www.campmenorah.com","addr":"19 Wood Drive, Essex","elev_ft":75}},{"type":"Feature","geometry":{"type":"Point","coordinates":[-71.117081,42.537109]},"properties":{"kind":"campsite","src":"overture:meta","name":"Camp Rice Moody","website":"http://www.gsema.org/camp","addr":"Rice Rd, Reading","elev_ft":135}},{"type":"Feature","geometry":{"type":"Point","coordinates":[-70.486351,41.689495]},"properties":{"kind":"campsite","src":"overture:meta","name":"Peter's Pond RV Resort","elev_ft":95}},{"type":"Feature","geometry":{"type":"Point","coordinates":[-71.068718,42.018452]},"properties":{"kind":"campsite","src":"overture:meta","name":"Camp Crystal Lake","addr":"S Easton, South Easton","elev_ft":118}},{"type":"Feature","geometry":{"type":"Point","coordinates":[-73.03727,42.15831]},"properties":{"kind":"campsite","src":"overture:meta","name":"Tolland State Campground Otis, MA","website":"www.reserveamerica.com/camping/tolland-state-forest/r/campground...","elev_ft":1427}},{"type":"Feature","geometry":{"type":"Point","coordinates":[-71.150414,41.742279]},"properties":{"kind":"campsite","src":"overture:meta","name":"Kids Summer Learning Center","website":"http://kslc89.webnode.com/","addr":"625 County St, Somerset","elev_ft":69}},{"type":"Feature","geometry":{"type":"Point","coordinates":[-72.800827,42.388699]},"properties":{"kind":"campsite","src":"overture:meta","name":"Chesterfield Scout Reservation","website":"http://www.wmascouting.org/camping/index.html","addr":"22 Sugar Hill Rd, Williamsburg","elev_ft":1332}},{"type":"Feature","geometry":{"type":"Point","coordinates":[-70.948753,42.872547]},"properties":{"kind":"campsite","src":"overture:meta","name":"Camp Kent","website":"http://www.amesburyma.gov/camp-kent-environmental-center","addr":"92 S Hampton Rd, Amesbury","elev_ft":128}},{"type":"Feature","geometry":{"type":"Point","coordinates":[-72.446419,42.266159]},"properties":{"kind":"campsite","src":"overture:meta","name":"Krafchuk's Campground!","addr":"540 State St, Belchertown","elev_ft":354}},{"type":"Feature","geometry":{"type":"Point","coordinates":[-72.062218,42.141647]},"properties":{"kind":"campsite","src":"overture:meta","name":"Wells State Campground","elev_ft":689}},{"type":"Feature","geometry":{"type":"Point","coordinates":[-71.132401,41.947899]},"properties":{"kind":"campsite","src":"overture:meta","name":"Camp Myles Standish","elev_ft":89}},{"type":"Feature","geometry":{"type":"Point","coordinates":[-71.437248,42.367752]},"properties":{"kind":"campsite","src":"overture:meta","name":"Camp Gan Israel Sudbury","website":"http://www.chabadsudbury.com/camp","addr":"100 Horse Pond Rd, Sudbury","elev_ft":187}},{"type":"Feature","geometry":{"type":"Point","coordinates":[-72.794357,42.638008]},"properties":{"kind":"campsite","src":"overture:meta","name":"Mohawk Trail State Park","elev_ft":804}},{"type":"Feature","geometry":{"type":"Point","coordinates":[-70.609344,41.805145]},"properties":{"kind":"campsite","src":"overture:meta","name":"Myles Standish State Forest","website":"http://www.mass.gov/eea/agencies/dcr/massparks/region-south/myles-standish-state-forest.html","addr":"98 Cranberry Rd, Plymouth","elev_ft":79}},{"type":"Feature","geometry":{"type":"Point","coordinates":[-72.438103,42.151318]},"properties":{"kind":"campsite","src":"overture:meta","name":"Spec Day Camp","website":"https://www.surveymonkey.com/r/VWBZYN9","addr":"45 Post Office Park, Wilbraham","elev_ft":233}},{"type":"Feature","geometry":{"type":"Point","coordinates":[-73.012619,42.045273]},"properties":{"kind":"rv_park","src":"overture:meta","name":"Twin Brook Farm & Camping","website":"http://twinbrookcamping.com","addr":"1265 Colebrook River Rd, Granville","elev_ft":1178}},{"type":"Feature","geometry":{"type":"Point","coordinates":[-73.276306,42.17561]},"properties":{"kind":"campsite","src":"overture:meta","name":"Kimama Half Moon","website":"http://Kimamahalfmoon.org/","addr":"9 Camp Half Moon Rd, Great Barrington","elev_ft":974}},{"type":"Feature","geometry":{"type":"Point","coordinates":[-71.199509,41.802029]},"properties":{"kind":"campsite","src":"overture:meta","name":"Camp ChanardaTarta","addr":"115 Hornbine Rd, Rehoboth","elev_ft":128}},{"type":"Feature","geometry":{"type":"Point","coordinates":[-71.150497,42.611423]},"properties":{"kind":"campsite","src":"overture:meta","name":"Camp Forty Acres, Wilmington Junior Camps Inc.","website":"http://www.camp40acres.org/","addr":"430 Andover St, Wilmington","elev_ft":194}},{"type":"Feature","geometry":{"type":"Point","coordinates":[-72.846962,42.342461]},"properties":{"kind":"campsite","src":"overture:meta","name":"Indian Hollow Campground","elev_ft":597}},{"type":"Feature","geometry":{"type":"Point","coordinates":[-71.093086,42.358768]},"properties":{"kind":"campsite","src":"overture:meta","name":"Kesem at MIT","website":"https://linktr.ee/ckmit?utm_source=linktree_profile_share&ltsid=0210d154-d4fd-4b8f-b903-eb80f0c7f03f","addr":"77 Massachusetts Ave, Cambridge","elev_ft":36}},{"type":"Feature","geometry":{"type":"Point","coordinates":[-71.080147,41.623878]},"properties":{"kind":"campsite","src":"overture:meta","name":"Westport Camping Grounds","website":"http://westportcampinggrounds.com","addr":"190 Old County Rd, Westport","elev_ft":125}},{"type":"Feature","geometry":{"type":"Point","coordinates":[-71.037605,42.691189]},"properties":{"kind":"campsite","src":"overture:meta","name":"Camp Wakanda","elev_ft":240}},{"type":"Feature","geometry":{"type":"Point","coordinates":[-71.268791,42.4459]},"properties":{"kind":"campsite","src":"overture:meta","name":"Summer's Edge Day Camp & Tennis School","website":"http://www.summersedgedaycamp.com/","addr":"760 Marrett Rd, Lexington","elev_ft":210}},{"type":"Feature","geometry":{"type":"Point","coordinates":[-71.441971,42.350651]},"properties":{"kind":"campsite","src":"overture:meta","name":"Pond View Cabin","elev_ft":292}},{"type":"Feature","geometry":{"type":"Point","coordinates":[-71.97097,42.270779]},"properties":{"kind":"campsite","src":"overture:meta","name":"Nacho Island","elev_ft":840}},{"type":"Feature","geometry":{"type":"Point","coordinates":[-70.750786,42.080372]},"properties":{"kind":"campsite","src":"overture:meta","name":"SDA Family Camp","website":"http://adventistacvb.com/adventistacvb.com/","addr":"47 Myrtle St, Duxbury","elev_ft":105}},{"type":"Feature","geometry":{"type":"Point","coordinates":[-71.412132,42.682495]},"properties":{"kind":"campsite","src":"overture:meta","name":"Tyngsboro Campground","addr":"76 Frost Rd, Tyngsboro","elev_ft":138}},{"type":"Feature","geometry":{"type":"Point","coordinates":[-71.284477,41.939346]},"properties":{"kind":"campsite","src":"overture:meta","name":"Anderson Camper Rentals ","website":"http://Andersoncamperrentals.com/","addr":"148 S Main St, Attleboro","elev_ft":171}},{"type":"Feature","geometry":{"type":"Point","coordinates":[-70.933266,41.778286]},"properties":{"kind":"campsite","src":"overture:meta","name":"Cathedral Camp For Boys & Girls","website":"http://www.cathedralcamp.net","addr":"167 Middleboro Rd, East Freetown","elev_ft":69}},{"type":"Feature","geometry":{"type":"Point","coordinates":[-71.316238,42.304485]},"properties":{"kind":"campsite","src":"overture:meta","name":"Cohen Camps","website":"https://www.cohencamps.org/dor-ldor","addr":"Eli & Bessie Cohen Camps, 888 Worcester St, Wellesley","elev_ft":171}},{"type":"Feature","geometry":{"type":"Point","coordinates":[-72.150993,42.221519]},"properties":{"kind":"campsite","src":"overture:meta","name":"Old Saw Mill Campground","website":"http://www.oldsawmillcampground.com","addr":"75 Long Hill Rd, West Brookfield","elev_ft":794}},{"type":"Feature","geometry":{"type":"Point","coordinates":[-71.430984,42.384945]},"properties":{"kind":"campsite","src":"overture:meta","name":"Camp Bauercrest","website":"http://www.bauercrest.org","addr":"20 Normandy Dr, Sudbury","elev_ft":164}},{"type":"Feature","geometry":{"type":"Point","coordinates":[-71.236702,42.370796]},"properties":{"kind":"campsite","src":"overture:meta","name":"Camp Hawkeye","website":"http://www.camphawkeye.com/","elev_ft":66}},{"type":"Feature","geometry":{"type":"Point","coordinates":[-73.429184,42.109756]},"properties":{"kind":"campsite","src":"overture:meta","name":"The Hemlocks Shelter","elev_ft":1965}},{"type":"Feature","geometry":{"type":"Point","coordinates":[-70.684715,41.966816]},"properties":{"kind":"campsite","src":"overture:meta","name":"Community Of Christ Onset Campgrounds","website":"http://www.onsetcampground.org","addr":"9 Liberty St, Plymouth","elev_ft":135}},{"type":"Feature","geometry":{"type":"Point","coordinates":[-70.19194,42.049282]},"properties":{"kind":"campsite","src":"overture:meta","name":"Camp Lightbulb","website":"http://linktr.ee/camplightbulb","elev_ft":10}},{"type":"Feature","geometry":{"type":"Point","coordinates":[-73.354156,42.197651]},"properties":{"kind":"campsite","src":"overture:meta","name":"Camp Eagle Hill - The Official Page.","website":"http://www.CampEagleHill.com/","addr":"Summer Office: PO Box 12, Great Barrington","elev_ft":774}},{"type":"Feature","geometry":{"type":"Point","coordinates":[-72.077164,42.265312]},"properties":{"kind":"rv_park","src":"overture:meta","name":"Nightmare on Elm Street","elev_ft":879}},{"type":"Feature","geometry":{"type":"Point","coordinates":[-70.074826,41.958112]},"properties":{"kind":"campsite","src":"ridb","name":"Bay View House","reservation":"yes","addr":"Wellfleet","elev_ft":16}},{"type":"Feature","geometry":{"type":"Point","coordinates":[-69.979042,41.922768]},"properties":{"kind":"campsite","src":"ridb","name":"Le Count Beach  House","reservation":"yes","addr":"Wellfleet","elev_ft":89}},{"type":"Feature","geometry":{"type":"Point","coordinates":[-69.977201,41.926892]},"properties":{"kind":"campsite","src":"ridb","name":"Ocean View House","reservation":"yes","addr":"Wellfleet","elev_ft":30}},{"type":"Feature","geometry":{"type":"Point","coordinates":[-70.07284,42.044925]},"properties":{"kind":"campsite","src":"ridb","name":"Highland Beach Suites, Unit 1","reservation":"yes","addr":"Truro","elev_ft":62}},{"type":"Feature","geometry":{"type":"Point","coordinates":[-71.603333,42.111944]},"properties":{"kind":"campsite","src":"ridb","name":"West Hill Park","reservation":"yes","addr":"Uxbridge","elev_ft":276}},{"type":"Feature","geometry":{"type":"Point","coordinates":[-71.908591,42.121893]},"properties":{"kind":"campsite","src":"ridb","name":"Buffumville Lake (Group Shelter)","reservation":"yes","addr":"Charlton","elev_ft":518}},{"type":"Feature","geometry":{"type":"Point","coordinates":[-72.062778,42.072778]},"properties":{"kind":"campsite","src":"ridb","name":"Westville Recreation Area","reservation":"yes","addr":"Fiskdale","elev_ft":554}},{"type":"Feature","geometry":{"type":"Point","coordinates":[-72.216389,42.644119]},"properties":{"kind":"campsite","src":"ridb","name":"Tully Lake Recreation Area (Ma)","reservation":"yes","addr":"Royalston","elev_ft":636}}]}