{"type":"FeatureCollection","attribution":"OSM (ODbL) via Overpass; Overture Maps Foundation (CDLA-P-2.0/Apache-2.0/CC0); Recreation.gov RIDB (CC-BY 4.0). See data/ATTRIBUTION.md. Generated 2026-07-23.","features":[{"type":"Feature","geometry":{"type":"Point","coordinates":[-82.960149,34.71621]},"properties":{"kind":"campsite","src":"osm","osm":"node/154326740","name":"South Cove","elev_ft":820}},{"type":"Feature","geometry":{"type":"Point","coordinates":[-79.690586,33.061083]},"properties":{"kind":"campsite","src":"osm","osm":"node/1195798996","name":"Halfway Creek Trail Camp","elev_ft":59}},{"type":"Feature","geometry":{"type":"Point","coordinates":[-79.063432,33.506476]},"properties":{"kind":"campsite","src":"osm","osm":"node/1217824312","name":"Huntington Beach State Park Campground","elev_ft":36}},{"type":"Feature","geometry":{"type":"Point","coordinates":[-81.04259,35.02359]},"properties":{"kind":"rv_park","src":"osm","osm":"node/1254048526","website":"https://www.yorkcountygov.com/212/Ebenezer-Park","elev_ft":597}},{"type":"Feature","geometry":{"type":"Point","coordinates":[-80.909342,34.086028]},"properties":{"kind":"rv_park","src":"osm","osm":"node/1300146287","elev_ft":299}},{"type":"Feature","geometry":{"type":"Point","coordinates":[-80.436796,33.565985]},"properties":{"kind":"campsite","src":"osm","osm":"node/1309361083","elev_ft":95}},{"type":"Feature","geometry":{"type":"Point","coordinates":[-79.927164,34.564347]},"properties":{"kind":"rv_park","src":"osm","osm":"node/1309667536","elev_ft":262}},{"type":"Feature","geometry":{"type":"Point","coordinates":[-79.99285,32.736613]},"properties":{"kind":"rv_park","src":"osm","osm":"node/1334581741","elev_ft":20}},{"type":"Feature","geometry":{"type":"Point","coordinates":[-81.043403,35.023474]},"properties":{"kind":"rv_park","src":"osm","osm":"node/1409254996","website":"https://www.yorkcountygov.com/212/Ebenezer-Park","elev_ft":597}},{"type":"Feature","geometry":{"type":"Point","coordinates":[-81.043062,35.022369]},"properties":{"kind":"campsite","src":"osm","osm":"node/1409255033","access":"permissive","website":"https://www.yorkcountygov.com/212/Ebenezer-Park","elev_ft":614}},{"type":"Feature","geometry":{"type":"Point","coordinates":[-81.043856,35.022505]},"properties":{"kind":"rv_park","src":"osm","osm":"node/1409255045","website":"https://www.yorkcountygov.com/212/Ebenezer-Park","elev_ft":614}},{"type":"Feature","geometry":{"type":"Point","coordinates":[-81.042574,35.022821]},"properties":{"kind":"rv_park","src":"osm","osm":"node/1409255053","website":"https://www.yorkcountygov.com/212/Ebenezer-Park","elev_ft":614}},{"type":"Feature","geometry":{"type":"Point","coordinates":[-81.204543,32.485527]},"properties":{"kind":"campsite","src":"osm","osm":"node/1471390771","elev_ft":72}},{"type":"Feature","geometry":{"type":"Point","coordinates":[-80.910382,34.087001]},"properties":{"kind":"rv_park","src":"osm","osm":"node/1636957553","elev_ft":315}},{"type":"Feature","geometry":{"type":"Point","coordinates":[-80.911815,34.088183]},"properties":{"kind":"rv_park","src":"osm","osm":"node/1636957995","elev_ft":328}},{"type":"Feature","geometry":{"type":"Point","coordinates":[-80.387262,33.030411]},"properties":{"kind":"rv_park","src":"osm","osm":"node/1645662090","elev_ft":79}},{"type":"Feature","geometry":{"type":"Point","coordinates":[-80.615379,33.064234]},"properties":{"kind":"rv_park","src":"osm","osm":"node/1646067301","elev_ft":102}},{"type":"Feature","geometry":{"type":"Point","coordinates":[-80.760543,32.159571]},"properties":{"kind":"rv_park","src":"osm","osm":"node/2546408823","name":"HHIMR Welcome Center","website":"http://www.hiltonheadmotorcoachresort.com/","capacity":"401","elev_ft":30}},{"type":"Feature","geometry":{"type":"Point","coordinates":[-80.942036,35.034647]},"properties":{"kind":"campsite","src":"osm","osm":"node/2594360727","elev_ft":584}},{"type":"Feature","geometry":{"type":"Point","coordinates":[-80.942174,35.034117]},"properties":{"kind":"campsite","src":"osm","osm":"node/2594360728","elev_ft":571}},{"type":"Feature","geometry":{"type":"Point","coordinates":[-80.939853,35.03496]},"properties":{"kind":"campsite","src":"osm","osm":"node/2594360730","elev_ft":571}},{"type":"Feature","geometry":{"type":"Point","coordinates":[-80.941446,35.034825]},"properties":{"kind":"campsite","src":"osm","osm":"node/2594360731","elev_ft":581}},{"type":"Feature","geometry":{"type":"Point","coordinates":[-80.941879,35.034808]},"properties":{"kind":"campsite","src":"osm","osm":"node/2594360732","elev_ft":584}},{"type":"Feature","geometry":{"type":"Point","coordinates":[-78.710482,33.982315]},"properties":{"kind":"rv_park","src":"osm","osm":"node/2692160166","name":"Willow Tree RV Resort","elev_ft":0}},{"type":"Feature","geometry":{"type":"Point","coordinates":[-78.897437,33.68403]},"properties":{"kind":"rv_park","src":"osm","osm":"node/2732305264","name":"Kampgrounds of America Myrtle Beach","elev_ft":-16}},{"type":"Feature","geometry":{"type":"Point","coordinates":[-81.198241,33.668735]},"properties":{"kind":"rv_park","src":"osm","osm":"node/2886232422","elev_ft":318}},{"type":"Feature","geometry":{"type":"Point","coordinates":[-80.42304,33.5108]},"properties":{"kind":"campsite","src":"osm","osm":"node/3122981642","name":"Polly's Landing Campground","elev_ft":89}},{"type":"Feature","geometry":{"type":"Point","coordinates":[-80.430701,33.516117]},"properties":{"kind":"rv_park","src":"osm","osm":"node/3122981645","name":"Santee Lakes Campground","website":"https://koa.com/campgrounds/santee/","elev_ft":112}},{"type":"Feature","geometry":{"type":"Point","coordinates":[-80.909572,34.086136]},"properties":{"kind":"campsite","src":"osm","osm":"node/3163904361","elev_ft":299}},{"type":"Feature","geometry":{"type":"Point","coordinates":[-80.908568,34.086223]},"properties":{"kind":"dump","src":"osm","osm":"node/3163904362","elev_ft":292}},{"type":"Feature","geometry":{"type":"Point","coordinates":[-80.499575,33.550543]},"properties":{"kind":"dump","src":"osm","osm":"node/3461834212","elev_ft":125}},{"type":"Feature","geometry":{"type":"Point","coordinates":[-83.181215,34.823513]},"properties":{"kind":"campsite","src":"osm","osm":"node/3841772587","elev_ft":1398}},{"type":"Feature","geometry":{"type":"Point","coordinates":[-80.299299,32.513775]},"properties":{"kind":"dump","src":"osm","osm":"node/4100439140","access":"customers","elev_ft":43}},{"type":"Feature","geometry":{"type":"Point","coordinates":[-78.693158,33.900597]},"properties":{"kind":"campsite","src":"osm","osm":"node/4346507444","name":"Lee Ches's Beach House","elev_ft":-16}},{"type":"Feature","geometry":{"type":"Point","coordinates":[-78.6071,33.839232]},"properties":{"kind":"campsite","src":"osm","osm":"node/4346735889","name":"Nice walk up beach","elev_ft":-13}},{"type":"Feature","geometry":{"type":"Point","coordinates":[-80.921944,35.009366]},"properties":{"kind":"campsite","src":"osm","osm":"node/4357186692","name":"Sign Language","elev_ft":650}},{"type":"Feature","geometry":{"type":"Point","coordinates":[-79.992,32.73663]},"properties":{"kind":"dump","src":"osm","osm":"node/4939271268","elev_ft":16}},{"type":"Feature","geometry":{"type":"Point","coordinates":[-81.276369,34.117288]},"properties":{"kind":"campsite","src":"osm","osm":"node/5331951469","name":"Woodmen of the World Park","elev_ft":394}},{"type":"Feature","geometry":{"type":"Point","coordinates":[-81.704731,34.450972]},"properties":{"kind":"campsite","src":"osm","osm":"node/6077801621","name":"Brick House Camp Ground","elev_ft":591}},{"type":"Feature","geometry":{"type":"Point","coordinates":[-80.146472,32.776632]},"properties":{"kind":"campsite","src":"osm","osm":"node/6216642286","name":"Lake Aire RV Park","website":"https://www.lakeairerv.com/","elev_ft":39}},{"type":"Feature","geometry":{"type":"Point","coordinates":[-81.403161,35.121352]},"properties":{"kind":"campsite","src":"osm","osm":"node/6293774882","name":"Garner Creek Backcountry Campsite","fee":"no","operator":"National Park Service","capacity":"12","drinking_water":"no","elev_ft":781}},{"type":"Feature","geometry":{"type":"Point","coordinates":[-79.366336,34.4475]},"properties":{"kind":"campsite","src":"osm","osm":"node/6418599704","name":"Bass Lake Campground","elev_ft":112}},{"type":"Feature","geometry":{"type":"Point","coordinates":[-81.99027,33.99024]},"properties":{"kind":"campsite","src":"osm","osm":"node/6534452050","elev_ft":538}},{"type":"Feature","geometry":{"type":"Point","coordinates":[-81.991512,33.961487]},"properties":{"kind":"campsite","src":"osm","osm":"node/6534511080","name":"Faulkner Mountain Campground","fee":"no","access":"permit","operator":"Sumter National Forest-Long Cane","capacity":"50","elev_ft":551}},{"type":"Feature","geometry":{"type":"Point","coordinates":[-80.859003,34.354047]},"properties":{"kind":"campsite","src":"osm","osm":"node/6558308896","name":"Camp Longridge","elev_ft":548}},{"type":"Feature","geometry":{"type":"Point","coordinates":[-82.919169,35.045664]},"properties":{"kind":"campsite","src":"osm","osm":"node/6784383817","fee":"no","operator":"South Carolina Division of Parks & Recreation","drinking_water":"no","elev_ft":1765}},{"type":"Feature","geometry":{"type":"Point","coordinates":[-82.921498,35.045024]},"properties":{"kind":"campsite","src":"osm","osm":"node/6784383818","fee":"no","operator":"South Carolina Division of Parks & Recreation","drinking_water":"no","elev_ft":1886}},{"type":"Feature","geometry":{"type":"Point","coordinates":[-81.527705,34.877032]},"properties":{"kind":"campsite","src":"osm","osm":"node/6848806254","name":"Double Triangle Ranch","operator":"Putting God First Ministries, Inc.","elev_ft":509}},{"type":"Feature","geometry":{"type":"Point","coordinates":[-82.89304,35.031478]},"properties":{"kind":"campsite","src":"osm","osm":"node/6993018065","name":"Laurel Fork Campsite","elev_ft":1385}},{"type":"Feature","geometry":{"type":"Point","coordinates":[-82.769377,35.051555]},"properties":{"kind":"campsite","src":"osm","osm":"node/6993018066","name":"Cantrell Campsite","elev_ft":3340}},{"type":"Feature","geometry":{"type":"Point","coordinates":[-82.85134,35.041562]},"properties":{"kind":"campsite","src":"osm","osm":"node/6993018067","name":"Virginia Hawkins Campsite","elev_ft":1801}},{"type":"Feature","geometry":{"type":"Point","coordinates":[-81.915762,33.998319]},"properties":{"kind":"campsite","src":"osm","osm":"node/7333662198","name":"Boggy Campground","fee":"no","access":"permit","operator":"US Forest Service (Dispersed Site)","elev_ft":535}},{"type":"Feature","geometry":{"type":"Point","coordinates":[-81.915159,33.994203]},"properties":{"kind":"campsite","src":"osm","osm":"node/7333662207","fee":"no","elev_ft":541}},{"type":"Feature","geometry":{"type":"Point","coordinates":[-81.91502,33.993669]},"properties":{"kind":"campsite","src":"osm","osm":"node/7333662208","fee":"no","access":"permit","elev_ft":541}},{"type":"Feature","geometry":{"type":"Point","coordinates":[-80.523056,33.738056]},"properties":{"kind":"campsite","src":"osm","osm":"node/7501966180","elev_ft":207}},{"type":"Feature","geometry":{"type":"Point","coordinates":[-80.540296,33.808578]},"properties":{"kind":"campsite","src":"osm","osm":"node/7501966181","name":"Poinsett State Park Campground","elev_ft":233}},{"type":"Feature","geometry":{"type":"Point","coordinates":[-80.523129,33.737721]},"properties":{"kind":"campsite","src":"osm","osm":"node/7501997712","elev_ft":197}},{"type":"Feature","geometry":{"type":"Point","coordinates":[-81.437294,34.019953]},"properties":{"kind":"rv_park","src":"osm","osm":"node/7820660020","name":"Adams Towne White Oak RV & Boat Park","elev_ft":371}},{"type":"Feature","geometry":{"type":"Point","coordinates":[-83.120776,34.942152]},"properties":{"kind":"campsite","src":"osm","osm":"node/8421919308","name":"Sandy Beach Campsite","elev_ft":2005}},{"type":"Feature","geometry":{"type":"Point","coordinates":[-83.119187,34.943177]},"properties":{"kind":"campsite","src":"osm","osm":"node/8421919309","name":"Simms Field","desc":"Established, but completely unimproved campsite, recently marked as \"Simms Field\".","elev_ft":1942}},{"type":"Feature","geometry":{"type":"Point","coordinates":[-81.048674,35.107845]},"properties":{"kind":"campsite","src":"osm","osm":"node/8497773662","elev_ft":630}},{"type":"Feature","geometry":{"type":"Point","coordinates":[-81.046374,35.105129]},"properties":{"kind":"campsite","src":"osm","osm":"node/8497807096","elev_ft":577}},{"type":"Feature","geometry":{"type":"Point","coordinates":[-82.948852,34.984589]},"properties":{"kind":"campsite","src":"osm","osm":"node/8813200884","name":"Devils Fork State Park Boat-In Campsite","fee":"yes","elev_ft":1119}},{"type":"Feature","geometry":{"type":"Point","coordinates":[-82.711302,34.561952]},"properties":{"kind":"campsite","src":"osm","osm":"node/9012986493","name":"Anderson Area Day Camp","elev_ft":745}},{"type":"Feature","geometry":{"type":"Point","coordinates":[-78.963289,33.627815]},"properties":{"kind":"rv_park","src":"osm","osm":"node/9014971018","name":"Ocean Lakes RV Center","elev_ft":49}},{"type":"Feature","geometry":{"type":"Point","coordinates":[-83.059356,34.991873]},"properties":{"kind":"campsite","src":"osm","osm":"node/9057954025","name":"Fish Hatchery Camp","elev_ft":2687}},{"type":"Feature","geometry":{"type":"Point","coordinates":[-82.415509,35.100883]},"properties":{"kind":"campsite","src":"osm","osm":"node/9199347497","name":"Look Up Lodge","elev_ft":1204}},{"type":"Feature","geometry":{"type":"Point","coordinates":[-82.538847,33.955588]},"properties":{"kind":"campsite","src":"osm","osm":"node/9673442906","name":"Hester's Bottoms Family Campground","elev_ft":364}},{"type":"Feature","geometry":{"type":"Point","coordinates":[-80.585108,32.363847]},"properties":{"kind":"campsite","src":"osm","osm":"node/9706261117","name":"Tuck In The Wood Campground","website":"https://www.tuckinthewood.com/","elev_ft":33}},{"type":"Feature","geometry":{"type":"Point","coordinates":[-80.326528,33.180962]},"properties":{"kind":"campsite","src":"osm","osm":"node/9728658690","name":"Tanager Woods RV Campground","elev_ft":108}},{"type":"Feature","geometry":{"type":"Point","coordinates":[-81.307642,33.334229]},"properties":{"kind":"campsite","src":"osm","osm":"node/9740330921","name":"Barnwell State Park Campground","elev_ft":276}},{"type":"Feature","geometry":{"type":"Point","coordinates":[-80.541391,33.80757]},"properties":{"kind":"dump","src":"osm","osm":"node/9832040812","elev_ft":233}},{"type":"Feature","geometry":{"type":"Point","coordinates":[-81.97996,34.268022]},"properties":{"kind":"campsite","src":"osm","osm":"node/9938124768","elev_ft":499}},{"type":"Feature","geometry":{"type":"Point","coordinates":[-82.816698,34.381036]},"properties":{"kind":"campsite","src":"osm","osm":"node/9938161832","name":"Crescent Group Campground","elev_ft":669}},{"type":"Feature","geometry":{"type":"Point","coordinates":[-82.816371,34.394462]},"properties":{"kind":"campsite","src":"osm","osm":"node/9938161937","name":"Big Water Campground","elev_ft":679}},{"type":"Feature","geometry":{"type":"Point","coordinates":[-81.992521,34.312561]},"properties":{"kind":"rv_park","src":"osm","osm":"node/9938180444","name":"Liberty Springs RV Park","website":"https://libertyspringsrvpark.com/","elev_ft":604}},{"type":"Feature","geometry":{"type":"Point","coordinates":[-82.083371,34.330081]},"properties":{"kind":"campsite","src":"osm","osm":"node/9938201148","name":"Four Seasons Resort","elev_ft":495}},{"type":"Feature","geometry":{"type":"Point","coordinates":[-82.607685,34.267905]},"properties":{"kind":"campsite","src":"osm","osm":"node/9938229422","name":"Camp Arrowhead","operator":"Boy Scouts of America","elev_ft":591}},{"type":"Feature","geometry":{"type":"Point","coordinates":[-82.374662,34.92503]},"properties":{"kind":"campsite","src":"osm","osm":"node/9938231125","name":"Paris Mountain State Park Campground","elev_ft":1109}},{"type":"Feature","geometry":{"type":"Point","coordinates":[-81.707277,34.448168]},"properties":{"kind":"campsite","src":"osm","osm":"node/9938231356","elev_ft":568}},{"type":"Feature","geometry":{"type":"Point","coordinates":[-81.971359,34.241413]},"properties":{"kind":"campsite","src":"osm","osm":"node/9938237767","name":"Lighthouse RV Park","elev_ft":466}},{"type":"Feature","geometry":{"type":"Point","coordinates":[-79.963487,32.830219]},"properties":{"kind":"rv_park","src":"osm","osm":"node/9966705126","elev_ft":10}},{"type":"Feature","geometry":{"type":"Point","coordinates":[-80.143335,33.342166]},"properties":{"kind":"campsite","src":"osm","osm":"node/9968771325","elev_ft":98}},{"type":"Feature","geometry":{"type":"Point","coordinates":[-79.988253,33.25748]},"properties":{"kind":"campsite","src":"osm","osm":"node/9968837033","elev_ft":89}},{"type":"Feature","geometry":{"type":"Point","coordinates":[-80.146107,33.329949]},"properties":{"kind":"campsite","src":"osm","osm":"node/9968850917","name":"S & S Camp Ground","elev_ft":98}},{"type":"Feature","geometry":{"type":"Point","coordinates":[-80.150933,32.779177]},"properties":{"kind":"rv_park","src":"osm","osm":"node/10159696420","name":"Bon Aire RV Park & Campground","elev_ft":36}},{"type":"Feature","geometry":{"type":"Point","coordinates":[-80.616836,33.05963]},"properties":{"kind":"rv_park","src":"osm","osm":"node/10247947508","elev_ft":121}},{"type":"Feature","geometry":{"type":"Point","coordinates":[-81.414672,34.096027]},"properties":{"kind":"dump","src":"osm","osm":"node/10281867011","elev_ft":358}},{"type":"Feature","geometry":{"type":"Point","coordinates":[-81.399481,34.079033]},"properties":{"kind":"dump","src":"osm","osm":"node/10281867026","elev_ft":413}},{"type":"Feature","geometry":{"type":"Point","coordinates":[-81.318387,34.243731]},"properties":{"kind":"campsite","src":"osm","osm":"node/10838066395","elev_ft":249}},{"type":"Feature","geometry":{"type":"Point","coordinates":[-81.395649,34.267932]},"properties":{"kind":"campsite","src":"osm","osm":"node/11060304306","elev_ft":318}},{"type":"Feature","geometry":{"type":"Point","coordinates":[-81.341955,34.251857]},"properties":{"kind":"campsite","src":"osm","osm":"node/11060304307","name":"River Road Family Campground","website":"https://www.riverroadfamilycampgroundllc.com/","elev_ft":331}},{"type":"Feature","geometry":{"type":"Point","coordinates":[-82.871186,34.602269]},"properties":{"kind":"dump","src":"osm","osm":"node/11214146290","elev_ft":689}},{"type":"Feature","geometry":{"type":"Point","coordinates":[-81.73533,34.873179]},"properties":{"kind":"rv_park","src":"osm","osm":"node/11275778627","name":"Bubba's RV Park","elev_ft":728}},{"type":"Feature","geometry":{"type":"Point","coordinates":[-80.168384,32.627944]},"properties":{"kind":"campsite","src":"osm","osm":"node/11751908515","name":"Camp Ho Non Wah","operator":"Boy Scouts of America","elev_ft":23}},{"type":"Feature","geometry":{"type":"Point","coordinates":[-82.395871,34.949747]},"properties":{"kind":"campsite","src":"osm","osm":"node/11788489041","name":"Monadnock","elev_ft":1230}},{"type":"Feature","geometry":{"type":"Point","coordinates":[-82.394606,34.952037]},"properties":{"kind":"campsite","src":"osm","osm":"node/11788489042","name":"Bullfrog","elev_ft":1194}},{"type":"Feature","geometry":{"type":"Point","coordinates":[-82.397515,34.949653]},"properties":{"kind":"campsite","src":"osm","osm":"node/11788489048","name":"Ground Cedar","elev_ft":1260}},{"type":"Feature","geometry":{"type":"Point","coordinates":[-82.391744,34.952014]},"properties":{"kind":"campsite","src":"osm","osm":"node/11788489049","name":"Pond Hawk","elev_ft":1201}},{"type":"Feature","geometry":{"type":"Point","coordinates":[-82.392014,34.950601]},"properties":{"kind":"campsite","src":"osm","osm":"node/11788489050","name":"Rhododendron","elev_ft":1224}},{"type":"Feature","geometry":{"type":"Point","coordinates":[-82.992863,35.025797]},"properties":{"kind":"campsite","src":"osm","osm":"node/11806046066","name":"Whitewater Campsite","fee":"no","drinking_water":"untreated","elev_ft":2165}},{"type":"Feature","geometry":{"type":"Point","coordinates":[-82.419793,34.80671]},"properties":{"kind":"rv_park","src":"osm","osm":"node/12069250369","name":"Welcome Creek Mobile Home","fee":"no","drinking_water":"no","toilets":"no","elev_ft":935}},{"type":"Feature","geometry":{"type":"Point","coordinates":[-81.107592,34.362351]},"properties":{"kind":"rv_park","src":"osm","osm":"node/12301573950","elev_ft":509}},{"type":"Feature","geometry":{"type":"Point","coordinates":[-83.015103,34.538956]},"properties":{"kind":"campsite","src":"osm","osm":"node/12329752262","access":"private","elev_ft":778}},{"type":"Feature","geometry":{"type":"Point","coordinates":[-79.874355,34.157775]},"properties":{"kind":"campsite","src":"osm","osm":"node/12337678885","name":"Swamp Fox Campground","elev_ft":144}},{"type":"Feature","geometry":{"type":"Point","coordinates":[-81.565761,33.732852]},"properties":{"kind":"rv_park","src":"osm","osm":"node/12348883321","elev_ft":509}},{"type":"Feature","geometry":{"type":"Point","coordinates":[-82.952397,34.954873]},"properties":{"kind":"dump","src":"osm","osm":"node/12884650415","elev_ft":1171}},{"type":"Feature","geometry":{"type":"Point","coordinates":[-80.108962,32.807614]},"properties":{"kind":"rv_park","src":"osm","osm":"node/12950555384","elev_ft":16}},{"type":"Feature","geometry":{"type":"Point","coordinates":[-82.882036,35.032716]},"properties":{"kind":"campsite","src":"osm","osm":"node/13112975902","name":"Laurel forks camp site","elev_ft":1450}},{"type":"Feature","geometry":{"type":"Point","coordinates":[-82.840444,35.05079]},"properties":{"kind":"campsite","src":"osm","osm":"node/13112976101","elev_ft":2320}},{"type":"Feature","geometry":{"type":"Point","coordinates":[-82.882901,35.032308]},"properties":{"kind":"campsite","src":"osm","osm":"node/13113067001","elev_ft":1430}},{"type":"Feature","geometry":{"type":"Point","coordinates":[-80.827305,34.007941]},"properties":{"kind":"rv_park","src":"osm","osm":"node/13174343857","elev_ft":318}},{"type":"Feature","geometry":{"type":"Point","coordinates":[-83.077032,34.921847]},"properties":{"kind":"campsite","src":"osm","osm":"node/13308618222","elev_ft":1234}},{"type":"Feature","geometry":{"type":"Point","coordinates":[-80.87491,32.625304]},"properties":{"kind":"campsite","src":"osm","osm":"node/13564013502","name":"Thousand Trails Oaks at Point South","website":"https://thousandtrails.com/south-carolina/the-oaks-at-point-south-rv","drinking_water":"yes","toilets":"yes","elev_ft":39}},{"type":"Feature","geometry":{"type":"Point","coordinates":[-80.973412,34.909503]},"properties":{"kind":"rv_park","src":"osm","osm":"node/13688936383","elev_ft":640}},{"type":"Feature","geometry":{"type":"Point","coordinates":[-83.114109,34.951265]},"properties":{"kind":"campsite","src":"osm","osm":"node/13772840175","elev_ft":2080}},{"type":"Feature","geometry":{"type":"Point","coordinates":[-83.116057,34.953717]},"properties":{"kind":"campsite","src":"osm","osm":"node/13772840176","elev_ft":2041}},{"type":"Feature","geometry":{"type":"Point","coordinates":[-83.11608,34.953998]},"properties":{"kind":"campsite","src":"osm","osm":"node/13772840177","elev_ft":2041}},{"type":"Feature","geometry":{"type":"Point","coordinates":[-83.119727,34.95722]},"properties":{"kind":"campsite","src":"osm","osm":"node/13772840178","elev_ft":2116}},{"type":"Feature","geometry":{"type":"Point","coordinates":[-83.120119,34.958842]},"properties":{"kind":"campsite","src":"osm","osm":"node/13772840179","elev_ft":2201}},{"type":"Feature","geometry":{"type":"Point","coordinates":[-83.123595,34.953205]},"properties":{"kind":"campsite","src":"osm","osm":"node/13772840180","elev_ft":2077}},{"type":"Feature","geometry":{"type":"Point","coordinates":[-83.115561,34.941404]},"properties":{"kind":"campsite","src":"osm","osm":"node/13772840181","elev_ft":1909}},{"type":"Feature","geometry":{"type":"Point","coordinates":[-83.112381,34.93688]},"properties":{"kind":"campsite","src":"osm","osm":"node/13772840189","elev_ft":1900}},{"type":"Feature","geometry":{"type":"Point","coordinates":[-83.100689,34.970914]},"properties":{"kind":"campsite","src":"osm","osm":"node/13874425107","elev_ft":2615}},{"type":"Feature","geometry":{"type":"Point","coordinates":[-83.107405,34.971479]},"properties":{"kind":"campsite","src":"osm","osm":"node/13874531701","name":"Space for a single tent","elev_ft":2526}},{"type":"Feature","geometry":{"type":"Point","coordinates":[-81.355521,32.909757]},"properties":{"kind":"campsite","src":"osm","osm":"way/122519566","name":"Smyrna Farm Campground","elev_ft":177}},{"type":"Feature","geometry":{"type":"Point","coordinates":[-79.911803,34.294922]},"properties":{"kind":"rv_park","src":"osm","osm":"way/161135343","name":"Pearson Blvd RV Parking","elev_ft":164}},{"type":"Feature","geometry":{"type":"Point","coordinates":[-79.909529,34.289856]},"properties":{"kind":"rv_park","src":"osm","osm":"way/161135344","name":"Petty Blvd RV Parking","elev_ft":157}},{"type":"Feature","geometry":{"type":"Point","coordinates":[-79.902179,34.293966]},"properties":{"kind":"rv_park","src":"osm","osm":"way/161217502","elev_ft":157}},{"type":"Feature","geometry":{"type":"Point","coordinates":[-79.908694,34.296313]},"properties":{"kind":"campsite","src":"osm","osm":"way/161217505","elev_ft":157}},{"type":"Feature","geometry":{"type":"Point","coordinates":[-79.908853,34.295474]},"properties":{"kind":"campsite","src":"osm","osm":"way/161217509","elev_ft":157}},{"type":"Feature","geometry":{"type":"Point","coordinates":[-79.905994,34.299702]},"properties":{"kind":"rv_park","src":"osm","osm":"way/161270453","name":"Park Place RV Parking","elev_ft":141}},{"type":"Feature","geometry":{"type":"Point","coordinates":[-79.90581,34.295355]},"properties":{"kind":"rv_park","src":"osm","osm":"way/161270454","name":"Gecko RV Park","elev_ft":144}},{"type":"Feature","geometry":{"type":"Point","coordinates":[-79.9899,32.738789]},"properties":{"kind":"campsite","src":"osm","osm":"way/226023955","fee":"yes","website":"https://www.ccprc.com/index.aspx?NID=1434","elev_ft":20}},{"type":"Feature","geometry":{"type":"Point","coordinates":[-79.991418,32.737012]},"properties":{"kind":"campsite","src":"osm","osm":"way/226023956","name":"Camping at James Island County Park","fee":"yes","website":"https://www.ccprc.com/index.aspx?NID=1434","elev_ft":16}},{"type":"Feature","geometry":{"type":"Point","coordinates":[-81.348923,35.149859]},"properties":{"kind":"campsite","src":"osm","osm":"way/304527100","name":"Kings Mountain State Park Camping Area","operator":"Kings Mountain State Park","elev_ft":833}},{"type":"Feature","geometry":{"type":"Point","coordinates":[-79.305016,34.497109]},"properties":{"kind":"rv_park","src":"osm","osm":"way/308736487","name":"Pedro's Campground","fee":"yes","operator":"South of the Border","website":"https://www.sobpedro.com/accommodations/camp-pedro-rv-park-campground-i95-sc","reservation":"recommended","elev_ft":135}},{"type":"Feature","geometry":{"type":"Point","coordinates":[-80.498387,33.550448]},"properties":{"kind":"campsite","src":"osm","osm":"way/320196594","name":"Cypress View Campground","elev_ft":128}},{"type":"Feature","geometry":{"type":"Point","coordinates":[-82.558524,35.047729]},"properties":{"kind":"campsite","src":"osm","osm":"way/409062773","name":"Sakanaga","website":"https://www.sakanaga.com","elev_ft":1214}},{"type":"Feature","geometry":{"type":"Point","coordinates":[-80.882265,32.624602]},"properties":{"kind":"campsite","src":"osm","osm":"way/423639439","name":"Point South / Yemassee Kampgrounds of America","elev_ft":49}},{"type":"Feature","geometry":{"type":"Point","coordinates":[-78.959372,33.625103]},"properties":{"kind":"campsite","src":"osm","osm":"way/447687437","name":"Ocean Lakes Campground","elev_ft":62}},{"type":"Feature","geometry":{"type":"Point","coordinates":[-78.950966,33.633711]},"properties":{"kind":"campsite","src":"osm","osm":"way/447687438","name":"Lakewood Family Campground","elev_ft":20}},{"type":"Feature","geometry":{"type":"Point","coordinates":[-78.944739,33.63852]},"properties":{"kind":"campsite","src":"osm","osm":"way/447687439","name":"Pirateland Family Campground","website":"https://www.pirateland.com/","elev_ft":30}},{"type":"Feature","geometry":{"type":"Point","coordinates":[-78.89942,33.684631]},"properties":{"kind":"rv_park","src":"osm","osm":"way/447687442","name":"Myrtle Beach K.O.A.","elev_ft":3}},{"type":"Feature","geometry":{"type":"Point","coordinates":[-78.769624,33.775502]},"properties":{"kind":"rv_park","src":"osm","osm":"way/449565721","name":"Myrtle Beach Travel Park","elev_ft":-3}},{"type":"Feature","geometry":{"type":"Point","coordinates":[-79.00099,33.687261]},"properties":{"kind":"campsite","src":"osm","osm":"way/450593761","name":"Cypress Camping Resort","elev_ft":26}},{"type":"Feature","geometry":{"type":"Point","coordinates":[-82.643947,35.063026]},"properties":{"kind":"rv_park","src":"osm","osm":"way/456086193","name":"Palmetto Cove RV Park","website":"https://palmettocove.com/","elev_ft":1142}},{"type":"Feature","geometry":{"type":"Point","coordinates":[-79.563382,33.037617]},"properties":{"kind":"campsite","src":"osm","osm":"way/463345418","name":"Buckhall Campground","operator":"USFS","elev_ft":10}},{"type":"Feature","geometry":{"type":"Point","coordinates":[-79.471488,33.198427]},"properties":{"kind":"campsite","src":"osm","osm":"way/463356658","name":"Elmwood Campground","operator":"USFS","elev_ft":52}},{"type":"Feature","geometry":{"type":"Point","coordinates":[-80.482283,33.205141]},"properties":{"kind":"campsite","src":"osm","osm":"way/475866366","name":"Saint Paul Campground","operator":"Saint Paul African Methodist Episcopal Zion Church","elev_ft":102}},{"type":"Feature","geometry":{"type":"Point","coordinates":[-80.751042,33.322189]},"properties":{"kind":"campsite","src":"osm","osm":"way/479879138","name":"Cattle Creek Campground","elev_ft":154}},{"type":"Feature","geometry":{"type":"Point","coordinates":[-80.273464,33.103636]},"properties":{"kind":"campsite","src":"osm","osm":"way/512590710","name":"Cypress Methodist Campground","elev_ft":82}},{"type":"Feature","geometry":{"type":"Point","coordinates":[-80.968217,35.064126]},"properties":{"kind":"campsite","src":"osm","osm":"way/544260755","name":"Charlotte / Fort Mill KOA","website":"https://koa.com/campgrounds/charlotte/","drinking_water":"yes","elev_ft":676}},{"type":"Feature","geometry":{"type":"Point","coordinates":[-80.903934,35.058984]},"properties":{"kind":"rv_park","src":"osm","osm":"way/545133129","name":"Crown Cove RV Park","elev_ft":561}},{"type":"Feature","geometry":{"type":"Point","coordinates":[-80.951207,34.490133]},"properties":{"kind":"campsite","src":"osm","osm":"way/550010357","name":"Camp Welfare","elev_ft":404}},{"type":"Feature","geometry":{"type":"Point","coordinates":[-81.204182,33.858875]},"properties":{"kind":"rv_park","src":"osm","osm":"way/552831160","name":"Edmund RV Park","elev_ft":459}},{"type":"Feature","geometry":{"type":"Point","coordinates":[-81.358311,33.975498]},"properties":{"kind":"rv_park","src":"osm","osm":"way/563249493","name":"Mr. Z's RV Park","elev_ft":571}},{"type":"Feature","geometry":{"type":"Point","coordinates":[-81.158346,33.977185]},"properties":{"kind":"rv_park","src":"osm","osm":"way/564462394","name":"Barnyard RV Park","elev_ft":374}},{"type":"Feature","geometry":{"type":"Point","coordinates":[-80.433609,32.387804]},"properties":{"kind":"campsite","src":"osm","osm":"way/572484672","name":"Hunting Island State Park Campground","fee":"yes","access":"yes","operator":"Hunting Island State Park","elev_ft":39}},{"type":"Feature","geometry":{"type":"Point","coordinates":[-78.785081,33.766371]},"properties":{"kind":"campsite","src":"osm","osm":"way/605077048","name":"Apache Campground","elev_ft":-3}},{"type":"Feature","geometry":{"type":"Point","coordinates":[-83.131244,34.880788]},"properties":{"kind":"campsite","src":"osm","osm":"way/685247884","name":"Camp Chatuga","fee":"yes","elev_ft":1716}},{"type":"Feature","geometry":{"type":"Point","coordinates":[-80.827064,33.835707]},"properties":{"kind":"campsite","src":"osm","osm":"way/693959554","name":"Longleaf Campground","fee":"yes","operator":"National Park Service","elev_ft":141}},{"type":"Feature","geometry":{"type":"Point","coordinates":[-81.039925,32.322839]},"properties":{"kind":"rv_park","src":"osm","osm":"way/694939640","elev_ft":36}},{"type":"Feature","geometry":{"type":"Point","coordinates":[-82.320736,34.917144]},"properties":{"kind":"rv_park","src":"osm","osm":"way/711987538","name":"Rainbow R.V. Park","elev_ft":958}},{"type":"Feature","geometry":{"type":"Point","coordinates":[-80.51471,33.179795]},"properties":{"kind":"rv_park","src":"osm","osm":"way/755371365","elev_ft":95}},{"type":"Feature","geometry":{"type":"Point","coordinates":[-82.166603,34.918578]},"properties":{"kind":"rv_park","src":"osm","osm":"way/755742128","name":"GSP RV Park","fee":"yes","website":"https://gsp-rvpark.com/","toilets":"no","elev_ft":919}},{"type":"Feature","geometry":{"type":"Point","coordinates":[-78.843217,33.842902]},"properties":{"kind":"campsite","src":"osm","osm":"way/757085511","name":"Sun Outdoors Myrtle Beach","fee":"yes","operator":"Sun RV Resorts","elev_ft":30}},{"type":"Feature","geometry":{"type":"Point","coordinates":[-81.687203,33.59829]},"properties":{"kind":"rv_park","src":"osm","osm":"way/759301968","name":"Campertown RV Park","website":"https://www.campertownrv.com","elev_ft":436}},{"type":"Feature","geometry":{"type":"Point","coordinates":[-82.440319,35.040073]},"properties":{"kind":"rv_park","src":"osm","osm":"way/760930611","name":"Sugar Lake RV Park","website":"https://www.sugarlakervpark.com/","elev_ft":1073}},{"type":"Feature","geometry":{"type":"Point","coordinates":[-82.042158,34.985962]},"properties":{"kind":"campsite","src":"osm","osm":"way/767696729","name":"Cunningham RV Park","website":"http://www.cunninghamrvpark.com/","elev_ft":899}},{"type":"Feature","geometry":{"type":"Point","coordinates":[-80.759188,32.160955]},"properties":{"kind":"rv_park","src":"osm","osm":"way/812556561","name":"Hilton Head Motorcoach Resort","capacity":"401","toilets":"yes","elev_ft":39}},{"type":"Feature","geometry":{"type":"Point","coordinates":[-82.163742,34.936113]},"properties":{"kind":"rv_park","src":"osm","osm":"way/845402978","name":"290 RV PARK","website":"https://www.290rvpark.com/","elev_ft":804}},{"type":"Feature","geometry":{"type":"Point","coordinates":[-81.682622,33.400812]},"properties":{"kind":"rv_park","src":"osm","osm":"way/881841526","name":"Pine View Mobile Home Park","elev_ft":404}},{"type":"Feature","geometry":{"type":"Point","coordinates":[-78.955528,33.63787]},"properties":{"kind":"rv_park","src":"osm","osm":"way/974860262","elev_ft":43}},{"type":"Feature","geometry":{"type":"Point","coordinates":[-82.298378,34.99021]},"properties":{"kind":"rv_park","src":"osm","osm":"way/996222397","name":"Rock's RV Park","elev_ft":925}},{"type":"Feature","geometry":{"type":"Point","coordinates":[-82.327072,35.008938]},"properties":{"kind":"rv_park","src":"osm","osm":"way/1001215614","name":"Turkey Trail RV Park","elev_ft":988}},{"type":"Feature","geometry":{"type":"Point","coordinates":[-82.318951,34.943793]},"properties":{"kind":"rv_park","src":"osm","osm":"way/1001219201","name":"Flowermill RV Park","elev_ft":938}},{"type":"Feature","geometry":{"type":"Point","coordinates":[-82.198053,34.946912]},"properties":{"kind":"rv_park","src":"osm","osm":"way/1016024020","name":"Creekside RV Park","elev_ft":899}},{"type":"Feature","geometry":{"type":"Point","coordinates":[-82.423598,35.062625]},"properties":{"kind":"rv_park","src":"osm","osm":"way/1017012402","name":"KOA Holiday","elev_ft":1132}},{"type":"Feature","geometry":{"type":"Point","coordinates":[-79.753849,33.86803]},"properties":{"kind":"rv_park","src":"osm","osm":"way/1018609637","name":"Crossroads Coach Resort at The ROB","website":"https://www.lakecityrv.com/","elev_ft":82}},{"type":"Feature","geometry":{"type":"Point","coordinates":[-83.025762,34.754214]},"properties":{"kind":"rv_park","src":"osm","osm":"way/1050909818","name":"Keowee Falls RV Park","elev_ft":974}},{"type":"Feature","geometry":{"type":"Point","coordinates":[-81.918526,33.623967]},"properties":{"kind":"rv_park","src":"osm","osm":"way/1057824580","name":"Twin Magnolia RV Park","website":"https://twinmagnoliarvpark.biz","elev_ft":558}},{"type":"Feature","geometry":{"type":"Point","coordinates":[-81.754852,34.442815]},"properties":{"kind":"rv_park","src":"osm","osm":"way/1076469701","elev_ft":581}},{"type":"Feature","geometry":{"type":"Point","coordinates":[-78.668194,33.846353]},"properties":{"kind":"rv_park","src":"osm","osm":"way/1078914697","name":"North Myrtle Beach RV Resort","elev_ft":0}},{"type":"Feature","geometry":{"type":"Point","coordinates":[-81.212891,34.216622]},"properties":{"kind":"campsite","src":"osm","osm":"way/1079342631","name":"Broad River Campground & RV Park","elev_ft":364}},{"type":"Feature","geometry":{"type":"Point","coordinates":[-79.776623,32.865441]},"properties":{"kind":"rv_park","src":"osm","osm":"way/1080369989","name":"KOA Kampground","elev_ft":10}},{"type":"Feature","geometry":{"type":"Point","coordinates":[-81.943239,34.847845]},"properties":{"kind":"campsite","src":"osm","osm":"way/1084515503","name":"Pine Ridge Campground","fee":"yes","website":"https://www.pineridgecampground.com/","elev_ft":735}},{"type":"Feature","geometry":{"type":"Point","coordinates":[-82.076588,34.773521]},"properties":{"kind":"campsite","src":"osm","osm":"way/1084516485","name":"Fireside RV Park","website":"https://firesidervpark.com/","elev_ft":807}},{"type":"Feature","geometry":{"type":"Point","coordinates":[-81.737515,34.631084]},"properties":{"kind":"campsite","src":"osm","osm":"way/1084516562","elev_ft":617}},{"type":"Feature","geometry":{"type":"Point","coordinates":[-81.754074,34.433681]},"properties":{"kind":"rv_park","src":"osm","osm":"way/1084522853","name":"Newberry KOA Journey","elev_ft":568}},{"type":"Feature","geometry":{"type":"Point","coordinates":[-82.012292,34.258782]},"properties":{"kind":"campsite","src":"osm","osm":"way/1084523538","name":"Lake Greenwood Motorcoach Resort","fee":"yes","website":"https://lakegreenwoodmotorcoachresort.com/","elev_ft":436}},{"type":"Feature","geometry":{"type":"Point","coordinates":[-80.779009,34.596501]},"properties":{"kind":"campsite","src":"osm","osm":"way/1087399823","name":"Mount Carmel Church Camp","elev_ft":610}},{"type":"Feature","geometry":{"type":"Point","coordinates":[-80.093395,33.382683]},"properties":{"kind":"campsite","src":"osm","osm":"way/1087800778","name":"Angel's Landing Campground","elev_ft":85}},{"type":"Feature","geometry":{"type":"Point","coordinates":[-80.11741,33.349327]},"properties":{"kind":"campsite","src":"osm","osm":"way/1087800965","name":"Blacks Camp","website":"https://www.blackscamp.com/","elev_ft":85}},{"type":"Feature","geometry":{"type":"Point","coordinates":[-80.139977,33.382464]},"properties":{"kind":"rv_park","src":"osm","osm":"way/1087801125","name":"Hill's Landing & RV Park","elev_ft":95}},{"type":"Feature","geometry":{"type":"Point","coordinates":[-81.782601,35.129502]},"properties":{"kind":"rv_park","src":"osm","osm":"way/1089346811","name":"Cowpens Battlefield RV Park","website":"https://www.cowpensrvpark.com/","elev_ft":968}},{"type":"Feature","geometry":{"type":"Point","coordinates":[-81.740206,35.070709]},"properties":{"kind":"campsite","src":"osm","osm":"way/1089764532","name":"Camp Sparrow RV Resort","fee":"yes","website":"https://campsparrowrvresort.com/","elev_ft":797}},{"type":"Feature","geometry":{"type":"Point","coordinates":[-81.729309,35.124618]},"properties":{"kind":"rv_park","src":"osm","osm":"way/1089767361","name":"Water Wheel RV Park","elev_ft":886}},{"type":"Feature","geometry":{"type":"Point","coordinates":[-82.786152,34.621506]},"properties":{"kind":"rv_park","src":"osm","osm":"way/1089786496","name":"Clemson RV Park","elev_ft":814}},{"type":"Feature","geometry":{"type":"Point","coordinates":[-83.119015,34.968343]},"properties":{"kind":"campsite","src":"osm","osm":"way/1089973991","name":"Burrells Ford Campground","website":"https://www.fs.usda.gov/recarea/scnfs/recarea/?recid=47065","desc":"More than a dozen primative campsite with vault toilet and bear boxes, about 1/3 mile from parking.","elev_ft":2077}},{"type":"Feature","geometry":{"type":"Point","coordinates":[-79.069548,33.499614]},"properties":{"kind":"rv_park","src":"osm","osm":"way/1098678816","name":"Huntington Beach State Park South Campground","website":"https://southcarolinaparks.com/huntington-beach","reservation":"required","elev_ft":43}},{"type":"Feature","geometry":{"type":"Point","coordinates":[-82.171967,34.663557]},"properties":{"kind":"rv_park","src":"osm","osm":"way/1102737363","name":"Shibby RV Living","website":"https://www.shibbyrv.com/","elev_ft":827}},{"type":"Feature","geometry":{"type":"Point","coordinates":[-78.727749,33.804508]},"properties":{"kind":"campsite","src":"osm","osm":"way/1103538230","name":"Barefoot RV Resort","elev_ft":-13}},{"type":"Feature","geometry":{"type":"Point","coordinates":[-80.090945,32.985713]},"properties":{"kind":"rv_park","src":"osm","osm":"way/1106185995","name":"KOA","elev_ft":56}},{"type":"Feature","geometry":{"type":"Point","coordinates":[-79.165331,33.790827]},"properties":{"kind":"rv_park","src":"osm","osm":"way/1107005698","name":"Big Cypress Lake RV Park","elev_ft":36}},{"type":"Feature","geometry":{"type":"Point","coordinates":[-82.300128,34.993985]},"properties":{"kind":"rv_park","src":"osm","osm":"way/1107539690","name":"Lake Robinson RV Park","elev_ft":958}},{"type":"Feature","geometry":{"type":"Point","coordinates":[-82.301944,34.994591]},"properties":{"kind":"rv_park","src":"osm","osm":"way/1107540137","name":"Lake Robinson RV Park","elev_ft":961}},{"type":"Feature","geometry":{"type":"Point","coordinates":[-80.770952,32.222372]},"properties":{"kind":"campsite","src":"osm","osm":"way/1108632846","name":"Hilton Head Harbor RV Resort","elev_ft":49}},{"type":"Feature","geometry":{"type":"Point","coordinates":[-79.320273,33.354029]},"properties":{"kind":"campsite","src":"osm","osm":"way/1125948855","name":"Hidden Marina & Campground","fee":"yes","website":"https://hiddenmarinacampground.com/","elev_ft":20}},{"type":"Feature","geometry":{"type":"Point","coordinates":[-83.10692,34.861911]},"properties":{"kind":"campsite","src":"osm","osm":"way/1138400236","fee":"yes","elev_ft":1745}},{"type":"Feature","geometry":{"type":"Point","coordinates":[-82.483555,35.096514]},"properties":{"kind":"campsite","src":"osm","osm":"way/1162329697","name":"Camp Spearhead","fee":"yes","operator":"Greenville County Parks And Recreation","elev_ft":1263}},{"type":"Feature","geometry":{"type":"Point","coordinates":[-81.074046,32.256746]},"properties":{"kind":"rv_park","src":"osm","osm":"way/1172674874","name":"Savannah Lakes RV Resort","elev_ft":20}},{"type":"Feature","geometry":{"type":"Point","coordinates":[-81.500227,35.120164]},"properties":{"kind":"campsite","src":"osm","osm":"way/1174687507","elev_ft":794}},{"type":"Feature","geometry":{"type":"Point","coordinates":[-81.498243,35.125161]},"properties":{"kind":"campsite","src":"osm","osm":"way/1174687508","elev_ft":820}},{"type":"Feature","geometry":{"type":"Point","coordinates":[-80.815329,33.832066]},"properties":{"kind":"campsite","src":"osm","osm":"way/1178788556","name":"Bluff Campground","operator":"National Park Service","capacity":"6","reservation":"required","elev_ft":151}},{"type":"Feature","geometry":{"type":"Point","coordinates":[-81.07959,33.890079]},"properties":{"kind":"rv_park","src":"osm","osm":"way/1182129419","name":"Big Rig Friendly RV Resort","website":"https://bigrigfriendly.com/","elev_ft":279}},{"type":"Feature","geometry":{"type":"Point","coordinates":[-80.869761,34.434506]},"properties":{"kind":"campsite","src":"osm","osm":"way/1225450903","elev_ft":262}},{"type":"Feature","geometry":{"type":"Point","coordinates":[-80.863228,34.437489]},"properties":{"kind":"campsite","src":"osm","osm":"way/1225451574","elev_ft":236}},{"type":"Feature","geometry":{"type":"Point","coordinates":[-81.979389,34.252652]},"properties":{"kind":"campsite","src":"osm","osm":"way/1235008039","name":"Freedom Park Family Campground","elev_ft":528}},{"type":"Feature","geometry":{"type":"Point","coordinates":[-81.841077,34.86225]},"properties":{"kind":"campsite","src":"osm","osm":"way/1293138106","elev_ft":640}},{"type":"Feature","geometry":{"type":"Point","coordinates":[-78.749966,33.797418]},"properties":{"kind":"rv_park","src":"osm","osm":"way/1308050775","name":"Briarcliffe RV Resort","website":"https://briarcliffervresort.com/Home.aspx","elev_ft":-10}},{"type":"Feature","geometry":{"type":"Point","coordinates":[-81.013259,33.975898]},"properties":{"kind":"rv_park","src":"osm","osm":"way/1308849925","name":"Cruisers Roost RV Park","elev_ft":200}},{"type":"Feature","geometry":{"type":"Point","coordinates":[-80.202641,33.525402]},"properties":{"kind":"rv_park","src":"osm","osm":"way/1322702572","elev_ft":75}},{"type":"Feature","geometry":{"type":"Point","coordinates":[-80.213123,33.542222]},"properties":{"kind":"campsite","src":"osm","osm":"way/1322704748","elev_ft":82}},{"type":"Feature","geometry":{"type":"Point","coordinates":[-80.213106,33.548515]},"properties":{"kind":"campsite","src":"osm","osm":"way/1322705636","elev_ft":82}},{"type":"Feature","geometry":{"type":"Point","coordinates":[-80.264478,33.533653]},"properties":{"kind":"rv_park","src":"osm","osm":"way/1322708732","elev_ft":89}},{"type":"Feature","geometry":{"type":"Point","coordinates":[-80.419315,33.538369]},"properties":{"kind":"rv_park","src":"osm","osm":"way/1322937737","elev_ft":95}},{"type":"Feature","geometry":{"type":"Point","coordinates":[-80.778502,34.436796]},"properties":{"kind":"rv_park","src":"osm","osm":"way/1325473771","elev_ft":292}},{"type":"Feature","geometry":{"type":"Point","coordinates":[-81.052093,32.999565]},"properties":{"kind":"campsite","src":"osm","osm":"way/1331520455","elev_ft":102}},{"type":"Feature","geometry":{"type":"Point","coordinates":[-82.444491,35.089819]},"properties":{"kind":"rv_park","src":"osm","osm":"way/1357561746","elev_ft":1093}},{"type":"Feature","geometry":{"type":"Point","coordinates":[-82.146762,34.913964]},"properties":{"kind":"rv_park","src":"osm","osm":"way/1385069526","name":"Beckon Ridge RV Park","elev_ft":843}},{"type":"Feature","geometry":{"type":"Point","coordinates":[-79.022832,33.770645]},"properties":{"kind":"rv_park","src":"osm","osm":"way/1385803442","elev_ft":33}},{"type":"Feature","geometry":{"type":"Point","coordinates":[-79.464802,34.320504]},"properties":{"kind":"rv_park","src":"osm","osm":"way/1387882139","name":"Midpoint I95 RV Park","website":"https://midpointi95rvpark.com/","elev_ft":85}},{"type":"Feature","geometry":{"type":"Point","coordinates":[-80.805161,34.845254]},"properties":{"kind":"rv_park","src":"osm","osm":"way/1389238484","elev_ft":568}},{"type":"Feature","geometry":{"type":"Point","coordinates":[-80.027915,32.907662]},"properties":{"kind":"rv_park","src":"osm","osm":"way/1430328030","name":"Fain's RV Park","elev_ft":20}},{"type":"Feature","geometry":{"type":"Point","coordinates":[-81.496399,33.553832]},"properties":{"kind":"campsite","src":"osm","osm":"way/1495690032","elev_ft":308}},{"type":"Feature","geometry":{"type":"Point","coordinates":[-83.12996,34.929069]},"properties":{"kind":"campsite","src":"osm","osm":"way/1505388922","name":"Licklog Falls Campground","fee":"no","elev_ft":1785}},{"type":"Feature","geometry":{"type":"Point","coordinates":[-83.115167,34.939806]},"properties":{"kind":"campsite","src":"osm","osm":"way/1505402477","elev_ft":1890}},{"type":"Feature","geometry":{"type":"Point","coordinates":[-82.653574,35.087514]},"properties":{"kind":"campsite","src":"osm","osm":"relation/8558354","name":"Asbury Hills Camp and Retreat Center","elev_ft":1788}},{"type":"Feature","geometry":{"type":"Point","coordinates":[-82.383068,35.129398]},"properties":{"kind":"campsite","src":"osm","osm":"relation/8602884","name":"Camp Old Indian","fee":"yes","access":"private","operator":"Boy Scouts of America","website":"https://www.blueridgecouncil.org/camps/camp-old-indian/","desc":"Campground owned by the Blue Ridge Council of the Boy Scouts of America (BSA)","drinking_water":"yes","elev_ft":1365}},{"type":"Feature","geometry":{"type":"Point","coordinates":[-82.777056,35.026407]},"properties":{"kind":"campsite","src":"osm","osm":"relation/9453917","name":"Camp Thornwell","elev_ft":2218}},{"type":"Feature","geometry":{"type":"Point","coordinates":[-82.782791,35.079814]},"properties":{"kind":"campsite","src":"osm","osm":"relation/9820995","name":"Carolina Point","fee":"yes","operator":"Young Life","elev_ft":2861}},{"type":"Feature","geometry":{"type":"Point","coordinates":[-82.813675,35.060035]},"properties":{"kind":"campsite","src":"osm","osm":"relation/10271244","name":"Camp Hannon","elev_ft":1906}},{"type":"Feature","geometry":{"type":"Point","coordinates":[-83.279424,34.77765]},"properties":{"kind":"campsite","src":"osm","osm":"relation/12497273","name":"Chattooga River Lodge and Campground","fee":"yes","website":"https://chattoogalodge.com/","toilets":"yes","elev_ft":1552}},{"type":"Feature","geometry":{"type":"Point","coordinates":[-80.30195,32.511149]},"properties":{"kind":"campsite","src":"osm","osm":"relation/13938499","name":"Edisto Beach State Park Live Oak Campground","website":"https://southcarolinaparks.com/edisto-beach/camping","elev_ft":49}},{"type":"Feature","geometry":{"type":"Point","coordinates":[-80.292311,32.50734]},"properties":{"kind":"campsite","src":"osm","osm":"relation/13938500","name":"Edisto Beach State Park Beach Campground","website":"https://southcarolinaparks.com/edisto-beach/camping","elev_ft":20}},{"type":"Feature","geometry":{"type":"Point","coordinates":[-82.868523,34.599932]},"properties":{"kind":"campsite","src":"osm","osm":"relation/14692775","name":"Oconee Point Campground","fee":"yes","operator":"US Army Corp of Engineers","elev_ft":686}},{"type":"Feature","geometry":{"type":"Point","coordinates":[-81.00024,35.013094]},"properties":{"kind":"campsite","src":"osm","osm":"relation/14743582","name":"Camp Canaan","fee":"yes","access":"customers","website":"https://campcanaan.org/","elev_ft":541}},{"type":"Feature","geometry":{"type":"Point","coordinates":[-82.97011,34.764227]},"properties":{"kind":"rv_park","src":"osm","osm":"relation/14783912","name":"Crooked Creek RV Park","website":"http://www.crookedcreekrvpark.org/","elev_ft":860}},{"type":"Feature","geometry":{"type":"Point","coordinates":[-82.158757,34.960796]},"properties":{"kind":"rv_park","src":"osm","osm":"relation/14889305","elev_ft":886}},{"type":"Feature","geometry":{"type":"Point","coordinates":[-82.365282,33.87971]},"properties":{"kind":"campsite","src":"osm","osm":"relation/16660476","name":"Baker Creek State Park Campground","elev_ft":371}},{"type":"Feature","geometry":{"type":"Point","coordinates":[-82.424496,33.882753]},"properties":{"kind":"campsite","src":"osm","osm":"relation/16660510","name":"Hickory Knob Campground","elev_ft":394}},{"type":"Feature","geometry":{"type":"Point","coordinates":[-80.231827,33.402995]},"properties":{"kind":"campsite","src":"osm","osm":"relation/16711100","name":"Rocks Pond Campground","elev_ft":75}},{"type":"Feature","geometry":{"type":"Point","coordinates":[-82.796664,35.049625]},"properties":{"kind":"campsite","src":"osm","osm":"relation/16871727","name":"Rocky Bottom Retreat and Conference Center for the Blind","website":"https://nfbofsc.org/rbrccb/","elev_ft":1929}},{"type":"Feature","geometry":{"type":"Point","coordinates":[-82.79985,35.022398]},"properties":{"kind":"campsite","src":"osm","osm":"relation/16948270","name":"Camp McCall","access":"customers","elev_ft":1969}},{"type":"Feature","geometry":{"type":"Point","coordinates":[-82.386036,34.760395]},"properties":{"kind":"rv_park","src":"osm","osm":"relation/18177113","name":"Springwood RV park","elev_ft":961}},{"type":"Feature","geometry":{"type":"Point","coordinates":[-82.821018,34.443312]},"properties":{"kind":"campsite","src":"osm","osm":"relation/18638277","name":"Springfield Campground","website":"https://www.recreation.gov/camping/campgrounds/232711","elev_ft":764}},{"type":"Feature","geometry":{"type":"Point","coordinates":[-82.950925,34.956466]},"properties":{"kind":"campsite","src":"osm","osm":"relation/19209077","name":"Devils Fork Campground","fee":"yes","operator":"State of South Carolina","drinking_water":"yes","elev_ft":1184}},{"type":"Feature","geometry":{"type":"Point","coordinates":[-80.312983,33.530046]},"properties":{"kind":"campsite","src":"osm","osm":"relation/19479964","name":"Taw Caw Campground and Marina","elev_ft":82}},{"type":"Feature","geometry":{"type":"Point","coordinates":[-82.623016,34.103227]},"properties":{"kind":"campsite","src":"osm","osm":"relation/19821654","name":"Rustic Tent Camping","elev_ft":509}},{"type":"Feature","geometry":{"type":"Point","coordinates":[-82.623148,34.09961]},"properties":{"kind":"campsite","src":"osm","osm":"relation/19821655","name":"Campground #2","elev_ft":509}},{"type":"Feature","geometry":{"type":"Point","coordinates":[-82.619459,34.113698]},"properties":{"kind":"campsite","src":"osm","osm":"relation/19821656","name":"Campground #1","elev_ft":515}},{"type":"Feature","geometry":{"type":"Point","coordinates":[-80.801835,32.144289]},"properties":{"kind":"trailhead","src":"osm","osm":"node/110014121","elev_ft":30}},{"type":"Feature","geometry":{"type":"Point","coordinates":[-82.479037,35.085758]},"properties":{"kind":"trailhead","src":"osm","osm":"node/113024000","elev_ft":1109}},{"type":"Feature","geometry":{"type":"Point","coordinates":[-81.895281,34.931871]},"properties":{"kind":"trailhead","src":"osm","osm":"node/1735338675","name":"Mary Black Rail Trail","elev_ft":787}},{"type":"Feature","geometry":{"type":"Point","coordinates":[-82.280809,35.130752]},"properties":{"kind":"trailhead","src":"osm","osm":"node/1987739460","elev_ft":1053}},{"type":"Feature","geometry":{"type":"Point","coordinates":[-81.067744,34.033226]},"properties":{"kind":"trailhead","src":"osm","osm":"node/2921258164","name":"Palmetto Trail: Capital City Passage Trailhead","elev_ft":184}},{"type":"Feature","geometry":{"type":"Point","coordinates":[-82.47886,35.086669]},"properties":{"kind":"trailhead","src":"osm","osm":"node/3297518663","elev_ft":1129}},{"type":"Feature","geometry":{"type":"Point","coordinates":[-81.827115,34.957228]},"properties":{"kind":"trailhead","src":"osm","osm":"node/4657847907","name":"Hunt Club Trail","elev_ft":778}},{"type":"Feature","geometry":{"type":"Point","coordinates":[-83.304248,34.773423]},"properties":{"kind":"trailhead","src":"osm","osm":"node/5680738781","name":"Opossum Creek Falls Trail","elev_ft":1677}},{"type":"Feature","geometry":{"type":"Point","coordinates":[-81.951419,34.986944]},"properties":{"kind":"trailhead","src":"osm","osm":"node/6338307447","name":"Milliken XC course 5k & 8k Start","elev_ft":866}},{"type":"Feature","geometry":{"type":"Point","coordinates":[-81.899702,34.951794]},"properties":{"kind":"trailhead","src":"osm","osm":"node/6828726561","name":"Cottonwood Trail Fernwood Pool Entrance","operator":"SPACE","elev_ft":692}},{"type":"Feature","geometry":{"type":"Point","coordinates":[-82.660853,34.897674]},"properties":{"kind":"trailhead","src":"osm","osm":"node/6865031230","elev_ft":1519}},{"type":"Feature","geometry":{"type":"Point","coordinates":[-81.865109,34.895374]},"properties":{"kind":"trailhead","src":"osm","osm":"node/6887094738","name":"Palmetto Trail","elev_ft":715}},{"type":"Feature","geometry":{"type":"Point","coordinates":[-82.852924,34.958541]},"properties":{"kind":"trailhead","src":"osm","osm":"node/7453553098","elev_ft":915}},{"type":"Feature","geometry":{"type":"Point","coordinates":[-80.889267,33.9865]},"properties":{"kind":"trailhead","src":"osm","osm":"node/7477443749","name":"Palmetto Trail","elev_ft":361}},{"type":"Feature","geometry":{"type":"Point","coordinates":[-81.905693,34.960959]},"properties":{"kind":"trailhead","src":"osm","osm":"node/7515253776","name":"River Birch Trail","elev_ft":696}},{"type":"Feature","geometry":{"type":"Point","coordinates":[-80.742862,32.493436]},"properties":{"kind":"trailhead","src":"osm","osm":"node/7573460758","name":"Clarendon Road Trailhead","fee":"no","elev_ft":62}},{"type":"Feature","geometry":{"type":"Point","coordinates":[-80.701509,32.403051]},"properties":{"kind":"trailhead","src":"osm","osm":"node/7573521128","name":"Broome Lane Trailhead","fee":"no","elev_ft":66}},{"type":"Feature","geometry":{"type":"Point","coordinates":[-80.702165,32.388107]},"properties":{"kind":"trailhead","src":"osm","osm":"node/7573521139","name":"Westvine Drive Trailhead","fee":"no","elev_ft":46}},{"type":"Feature","geometry":{"type":"Point","coordinates":[-78.714603,33.840099]},"properties":{"kind":"trailhead","src":"osm","osm":"node/7836141568","name":"North Myrtle Beach Nature Trail","fee":"no","access":"yes","operator":"City of North Myrtle Beach","elev_ft":7}},{"type":"Feature","geometry":{"type":"Point","coordinates":[-80.985877,34.991894]},"properties":{"kind":"trailhead","src":"osm","osm":"node/8896556080","elev_ft":538}},{"type":"Feature","geometry":{"type":"Point","coordinates":[-82.080056,33.607955]},"properties":{"kind":"trailhead","src":"osm","osm":"node/9641964898","name":"FATS Trailhead South","elev_ft":466}},{"type":"Feature","geometry":{"type":"Point","coordinates":[-80.765019,34.727563]},"properties":{"kind":"trailhead","src":"osm","osm":"node/10287855680","name":"Lindsay Pettus Greenway-Trail Access at Barr Street Learning Center","fee":"no","access":"yes","elev_ft":489}},{"type":"Feature","geometry":{"type":"Point","coordinates":[-80.765972,34.729278]},"properties":{"kind":"trailhead","src":"osm","osm":"node/10287855694","name":"Lindsay Pettus Greenway Neighborhood Access Point-Almetta Street","elev_ft":476}},{"type":"Feature","geometry":{"type":"Point","coordinates":[-80.775757,34.72951]},"properties":{"kind":"trailhead","src":"osm","osm":"node/10287855696","name":"Lindsay Pettus Greenway-Trail Access at Main Street","elev_ft":456}},{"type":"Feature","geometry":{"type":"Point","coordinates":[-80.90806,34.092005]},"properties":{"kind":"trailhead","src":"osm","osm":"node/10929675988","elev_ft":322}},{"type":"Feature","geometry":{"type":"Point","coordinates":[-81.876263,34.908948]},"properties":{"kind":"trailhead","src":"osm","osm":"node/11084700986","name":"Kelsey Creek Trail","elev_ft":679}},{"type":"Feature","geometry":{"type":"Point","coordinates":[-79.06743,33.504001]},"properties":{"kind":"trailhead","src":"osm","osm":"node/11729762619","elev_ft":43}},{"type":"Feature","geometry":{"type":"Point","coordinates":[-79.609339,33.001088]},"properties":{"kind":"trailhead","src":"osm","osm":"node/11754150589","name":"Trailhead Sewee Shell Mound Interpretive Trail","elev_ft":39}},{"type":"Feature","geometry":{"type":"Point","coordinates":[-82.263024,35.085975]},"properties":{"kind":"trailhead","src":"osm","osm":"node/12320548872","elev_ft":974}},{"type":"Feature","geometry":{"type":"Point","coordinates":[-79.465965,34.322924]},"properties":{"kind":"trailhead","src":"osm","osm":"node/12874586574","elev_ft":102}},{"type":"Feature","geometry":{"type":"Point","coordinates":[-81.899838,34.952468]},"properties":{"kind":"trailhead","src":"osm","osm":"node/13013615141","name":"River Birch Trail","elev_ft":689}},{"type":"Feature","geometry":{"type":"Point","coordinates":[-81.891848,34.952946]},"properties":{"kind":"trailhead","src":"osm","osm":"node/13013615142","name":"Cottonwood Trail Beechwood Entrance","operator":"SPACE","elev_ft":699}},{"type":"Feature","geometry":{"type":"Point","coordinates":[-81.890004,34.947923]},"properties":{"kind":"trailhead","src":"osm","osm":"node/13013615143","name":"Cottonwood Trail Woodburn Rd Entrance","elev_ft":692}},{"type":"Feature","geometry":{"type":"Point","coordinates":[-81.963747,34.941847]},"properties":{"kind":"trailhead","src":"osm","osm":"node/13013625514","name":"Three Creeks Trail","elev_ft":719}},{"type":"Feature","geometry":{"type":"Point","coordinates":[-81.834371,34.860674]},"properties":{"kind":"trailhead","src":"osm","osm":"node/13013628846","elev_ft":653}},{"type":"Feature","geometry":{"type":"Point","coordinates":[-81.909333,34.968942]},"properties":{"kind":"trailhead","src":"osm","osm":"node/13013631758","name":"Drayton Mills Trail","elev_ft":738}},{"type":"Feature","geometry":{"type":"Point","coordinates":[-81.921496,34.947501]},"properties":{"kind":"trailhead","src":"osm","osm":"node/13013651525","name":"Mary Black Rail Trail","elev_ft":768}},{"type":"Feature","geometry":{"type":"Point","coordinates":[-81.914891,34.945477]},"properties":{"kind":"trailhead","src":"osm","osm":"node/13013651526","name":"Mary Black Rail Trail","elev_ft":787}},{"type":"Feature","geometry":{"type":"Point","coordinates":[-81.901838,34.936978]},"properties":{"kind":"trailhead","src":"osm","osm":"node/13013651527","elev_ft":791}},{"type":"Feature","geometry":{"type":"Point","coordinates":[-81.838461,34.942259]},"properties":{"kind":"trailhead","src":"osm","osm":"node/13013673733","name":"Glendale Shoals Trail","elev_ft":653}},{"type":"Feature","geometry":{"type":"Point","coordinates":[-81.95386,34.980568]},"properties":{"kind":"trailhead","src":"osm","osm":"node/13020057125","name":"Upper Chinquapin Greenway","fee":"no","operator":"SPACE","elev_ft":820}},{"type":"Feature","geometry":{"type":"Point","coordinates":[-81.962629,34.98422]},"properties":{"kind":"trailhead","src":"osm","osm":"node/13020075979","name":"Upper Chinquapin Greenway","elev_ft":866}},{"type":"Feature","geometry":{"type":"Point","coordinates":[-81.9608,34.98143]},"properties":{"kind":"trailhead","src":"osm","osm":"node/13020076097","elev_ft":866}},{"type":"Feature","geometry":{"type":"Point","coordinates":[-81.963579,34.984582]},"properties":{"kind":"trailhead","src":"osm","osm":"node/13020076098","name":"Upper Chinquapin Greenway","elev_ft":866}},{"type":"Feature","geometry":{"type":"Point","coordinates":[-82.114113,33.614504]},"properties":{"kind":"trailhead","src":"osm","osm":"node/13207675550","name":"FATS Trailhead North","elev_ft":400}},{"type":"Feature","geometry":{"type":"Point","coordinates":[-81.782903,33.59003]},"properties":{"kind":"trailhead","src":"osm","osm":"node/13462535011","elev_ft":420}},{"type":"Feature","geometry":{"type":"Point","coordinates":[-79.062646,33.509481]},"properties":{"kind":"trailhead","src":"osm","osm":"node/13781274449","elev_ft":43}},{"type":"Feature","geometry":{"type":"Point","coordinates":[-79.776077,32.865105]},"properties":{"kind":"campsite","src":"overture:meta","name":"Mount Pleasant / Charleston KOA Holiday","addr":"1164 Porchers Bluff Rd, Mt Pleasant","elev_ft":10}},{"type":"Feature","geometry":{"type":"Point","coordinates":[-80.311394,32.505558]},"properties":{"kind":"campsite","src":"overture:meta","name":"Edisto Beach State Park","website":"http://southcarolinaparks.com/edistobeach/introduction.aspx","addr":"8377 State Cabin Rd, Edisto Island","elev_ft":36}},{"type":"Feature","geometry":{"type":"Point","coordinates":[-82.641022,35.07589]},"properties":{"kind":"campsite","src":"overture:meta","name":"Asbury Hills","website":"http://www.asburyhills.org/","addr":"150 Asbury Dr, Cleveland","elev_ft":1211}},{"type":"Feature","geometry":{"type":"Point","coordinates":[-80.149666,32.778297]},"properties":{"kind":"campsite","src":"overture:meta","name":"Lake Aire Campground","website":"http://www.LAKEAIRERV.COM/","addr":"4375 Highway 162, Hollywood","elev_ft":33}},{"type":"Feature","geometry":{"type":"Point","coordinates":[-81.697464,34.175941]},"properties":{"kind":"campsite","src":"overture:meta","name":"Saluda River Resort","website":"http://saluda-river-resort.business.site","addr":"1283 Saluda River Rd, Silverstreet","elev_ft":374}},{"type":"Feature","geometry":{"type":"Point","coordinates":[-82.782845,34.536964]},"properties":{"kind":"campsite","src":"overture:meta","name":"Shores of Asbury RV Resort","website":"http://www.TheShoresofAsbury.com/","addr":"1600 Asbury Park Rd, Anderson","elev_ft":705}},{"type":"Feature","geometry":{"type":"Point","coordinates":[-81.541466,33.836838]},"properties":{"kind":"campsite","src":"overture:meta","name":"Gunter Camp and Conference Center","website":"http://guntercamp.com/","addr":"436 Fannie Crosby Dr, Batesburg-Leesville","elev_ft":427}},{"type":"Feature","geometry":{"type":"Point","coordinates":[-80.826019,32.239182]},"properties":{"kind":"rv_park","src":"overture:meta","name":"Hilton Head National RV Resort","website":"https://www.hiltonheadrv.com/360-tour/","addr":"36 Hilton Head National Dr, Bluffton","elev_ft":43}},{"type":"Feature","geometry":{"type":"Point","coordinates":[-80.771393,32.221771]},"properties":{"kind":"rv_park","src":"overture:meta","name":"Hilton Head Harbor RV Resort","website":"http://www.hiltonheadharbor.com","addr":"43 Jenkins Island Rd, Hilton Head Island","elev_ft":33}},{"type":"Feature","geometry":{"type":"Point","coordinates":[-80.733833,32.155708]},"properties":{"kind":"rv_park","src":"overture:meta","name":"Beachwalk Villas Shipyard","website":"http://www.ShipyardRealEstate.com/","addr":"125 Shipyard Dr, Hilton Head Island","elev_ft":26}},{"type":"Feature","geometry":{"type":"Point","coordinates":[-80.146751,32.77742]},"properties":{"kind":"rv_park","src":"overture:meta","name":"The Real Lake Aire RV Park","addr":"4375 Highway 162, Hollywood","elev_ft":36}},{"type":"Feature","geometry":{"type":"Point","coordinates":[-80.091919,32.985302]},"properties":{"kind":"campsite","src":"overture:meta","name":"Charleston KOA Holiday","website":"https://koa.com/campgrounds/charleston/","addr":"9494 Highway 78, Ladson","elev_ft":43}},{"type":"Feature","geometry":{"type":"Point","coordinates":[-82.276085,33.838562]},"properties":{"kind":"rv_park","src":"overture:meta","name":"Plum Branch RV Park","website":"https://www.plumbranchrvpark.com/","addr":"678 Fishing Village Rd, Plum Branch","elev_ft":440}},{"type":"Feature","geometry":{"type":"Point","coordinates":[-81.58477,33.738148]},"properties":{"kind":"campsite","src":"overture:Foursquare","name":"Camp Gravatt","website":"http://www.campgravatt.org","addr":"1006 Camp Gravatt Rd, Aiken","elev_ft":404}},{"type":"Feature","geometry":{"type":"Point","coordinates":[-81.43264,33.799992]},"properties":{"kind":"campsite","src":"overture:meta","name":"Cedar Pond Campground","website":"http://www.cedarpondcamping.com","addr":"4721 Fairview Rd, Batesburg-Leesville","elev_ft":381}},{"type":"Feature","geometry":{"type":"Point","coordinates":[-81.120926,33.84959]},"properties":{"kind":"campsite","src":"overture:meta","name":"Bethel Christian Camp","website":"http://www.bethelchristiancamp.org/","addr":"750 Boy Scout Rd, Gaston","elev_ft":282}},{"type":"Feature","geometry":{"type":"Point","coordinates":[-79.021149,33.770451]},"properties":{"kind":"rv_park","src":"overture:meta","name":"Crooked Oaks RV Park","website":"http://www.crookedoaksrvpark.com/","addr":"1720 Highway 544, Conway","elev_ft":26}},{"type":"Feature","geometry":{"type":"Point","coordinates":[-78.999352,33.68668]},"properties":{"kind":"rv_park","src":"overture:meta","name":"Hideaway RV Resort","website":"http://www.HideawayRVResort.com/","addr":"101 Cypress RV Way, Myrtle Beach","elev_ft":20}},{"type":"Feature","geometry":{"type":"Point","coordinates":[-78.947205,33.64196]},"properties":{"kind":"rv_park","src":"overture:meta","name":"Carolina Shores RV Resort","website":"https://thousandtrails.com/south-carolina/carolina-shores/?utm_source=yext&utm_medium=directory&utm_campaign=Yext+Directory+Listing","addr":"5403 S Kings Hwy, Myrtle Beach","elev_ft":16}},{"type":"Feature","geometry":{"type":"Point","coordinates":[-78.94677,33.641338]},"properties":{"kind":"campsite","src":"overture:meta","name":"Pirateland Family Camping Resort","website":"http://www.pirateland.com/","addr":"5401 S Kings Hwy, Myrtle Beach","elev_ft":16}},{"type":"Feature","geometry":{"type":"Point","coordinates":[-78.897011,33.684063]},"properties":{"kind":"campsite","src":"overture:meta","name":"Myrtle Beach KOA Resort","website":"https://koa.com/campgrounds/myrtle-beach/","addr":"613 5th Ave S, Myrtle Beach","elev_ft":-16}},{"type":"Feature","geometry":{"type":"Point","coordinates":[-78.916595,33.690178]},"properties":{"kind":"rv_park","src":"overture:meta","name":"Patricks Mobile Home Park","website":"http://myrtlemanor.com","addr":"2000 Highway 15, Myrtle Beach","elev_ft":10}},{"type":"Feature","geometry":{"type":"Point","coordinates":[-78.773643,33.777691]},"properties":{"kind":"campsite","src":"overture:meta","name":"Myrtle Beach Travel Park","website":"http://myrtlebeachtravelpark.com/","addr":"10108 Kings Rd, Myrtle Beach","elev_ft":7}},{"type":"Feature","geometry":{"type":"Point","coordinates":[-78.726723,33.803448]},"properties":{"kind":"rv_park","src":"overture:meta","name":"Barefoot RV Resort","website":"https://barefootrvresort.com/","addr":"920 37th Ave S, North Myrtle Beach","elev_ft":-10}},{"type":"Feature","geometry":{"type":"Point","coordinates":[-83.026115,34.782616]},"properties":{"kind":"rv_park","src":"overture:meta","name":"Winstead RV Park","addr":"336 Winstead Rd, West Union","elev_ft":951}},{"type":"Feature","geometry":{"type":"Point","coordinates":[-82.783035,34.514973]},"properties":{"kind":"rv_park","src":"overture:meta","name":"Hartwell Cove Resort","website":"http://www.HartwellCove.com/","addr":"4023 Whitehall Rd, Anderson","elev_ft":725}},{"type":"Feature","geometry":{"type":"Point","coordinates":[-82.801682,34.534592]},"properties":{"kind":"campsite","src":"overture:meta","name":"Anderson Lake Hartwell KOA Holiday","website":"https://koa.com/campgrounds/anderson/","addr":"200 Wham Rd, Anderson","elev_ft":774}},{"type":"Feature","geometry":{"type":"Point","coordinates":[-81.045174,33.878296]},"properties":{"kind":"rv_park","src":"overture:meta","name":"Silver Lake Mobile Home and RV Park","addr":"150 Goff Ct, West Columbia","elev_ft":177}},{"type":"Feature","geometry":{"type":"Point","coordinates":[-80.891739,34.075817]},"properties":{"kind":"campsite","src":"overture:Foursquare","name":"North Gate Park","website":"http://www.mobilehomecommunitiesusa.com","addr":"8565 Old Percival Rd Lot 200, Columbia","elev_ft":322}},{"type":"Feature","geometry":{"type":"Point","coordinates":[-80.695953,34.179565]},"properties":{"kind":"rv_park","src":"overture:meta","name":"Columbia/Camden RV Park","website":"http://columbia-camden-rv-park.com","addr":"1354 Fort Jackson Rd, Lugoff","elev_ft":269}},{"type":"Feature","geometry":{"type":"Point","coordinates":[-79.713051,34.264202]},"properties":{"kind":"rv_park","src":"overture:meta","name":"Florence RV Park","website":"http://www.florencervpark.com","addr":"1115 E Campground Rd, Florence","elev_ft":112}},{"type":"Feature","geometry":{"type":"Point","coordinates":[-82.469986,34.74062]},"properties":{"kind":"rv_park","src":"overture:meta","name":"Ivy Acres","website":"http://www.ivyacresrvpark.com","addr":"201 Ivy Acres Dr, Piedmont","elev_ft":853}},{"type":"Feature","geometry":{"type":"Point","coordinates":[-82.481613,34.840126]},"properties":{"kind":"campsite","src":"overture:meta","name":"Saluda Outdoor Center","website":"http://saludaoutdoorcenter.com/","addr":"1307 Old Easley Hwy, Easley","elev_ft":820}},{"type":"Feature","geometry":{"type":"Point","coordinates":[-82.041718,34.985451]},"properties":{"kind":"rv_park","src":"overture:meta","name":"Cunningham RV Park","website":"http://www.cunninghamrvpark.com","addr":"600 Campground Rd, Spartanburg","elev_ft":889}},{"type":"Feature","geometry":{"type":"Point","coordinates":[-81.53965,35.118412]},"properties":{"kind":"campsite","src":"overture:meta","name":"Pine Haven Campground LLC","addr":"830 Blacksburg Hwy, Blacksburg","elev_ft":722}},{"type":"Feature","geometry":{"type":"Point","coordinates":[-80.176933,32.631008]},"properties":{"kind":"campsite","src":"overture:meta","name":"Camp Ho Non Wah","website":"https://www.camphnw.com/","addr":"2609 Boy Scout Rd, Wadmalaw Island","elev_ft":23}},{"type":"Feature","geometry":{"type":"Point","coordinates":[-81.250587,34.158112]},"properties":{"kind":"rv_park","src":"overture:meta","name":"Woodsmoke Family Campground & Propane","website":"http://woodsmoke.webs.com","addr":"11300 Broad River Rd, Irmo","elev_ft":371}},{"type":"Feature","geometry":{"type":"Point","coordinates":[-81.816032,35.182102]},"properties":{"kind":"rv_park","src":"overture:meta","name":"Stateline RV Park","website":"https://statelinecarolina.com/","addr":"673 Durham Rd, Mooresboro","elev_ft":902}},{"type":"Feature","geometry":{"type":"Point","coordinates":[-81.677467,34.064606]},"properties":{"kind":"rv_park","src":"overture:meta","name":"Big Creek RV Park","addr":"4460 Barr Woods Rd, Saluda County","elev_ft":404}},{"type":"Feature","geometry":{"type":"Point","coordinates":[-78.84153,33.841667]},"properties":{"kind":"rv_park","src":"overture:meta","name":"Sun Outdoors Myrtle Beach","website":"https://www.sunoutdoors.com/south-carolina/sun-outdoors-myrtle-beach?utm_source=facebook&utm_medium=organic&utm_campaign=facebook_listing","addr":"5800 SC-90, Conway","elev_ft":26}},{"type":"Feature","geometry":{"type":"Point","coordinates":[-79.995087,33.156937]},"properties":{"kind":"campsite","src":"overture:meta","name":"berkley yatch club campground","addr":"1400 McCrae Dr, Moncks Corner","elev_ft":7}},{"type":"Feature","geometry":{"type":"Point","coordinates":[-82.856216,34.563473]},"properties":{"kind":"rv_park","src":"overture:meta","name":"The Point RV at Lake Hartwell","website":"https://rjourney.com/park/sc/the-point-at-lake-hartwell/?utm_campaign=fb","addr":"400 Ponderosa Pt, Townville","elev_ft":735}},{"type":"Feature","geometry":{"type":"Point","coordinates":[-82.976227,34.497478]},"properties":{"kind":"rv_park","src":"overture:meta","name":"Thousand Trails Carolina Landing","website":"https://thousandtrails.com/south-carolina/carolina-landing-rv-resort/?utm_source=yext&utm_medium=directory&utm_campaign=Yext+Directory+Listing","addr":"120 Carolina Landing Dr, Fair Play","elev_ft":801}},{"type":"Feature","geometry":{"type":"Point","coordinates":[-81.347221,35.149464]},"properties":{"kind":"campsite","src":"overture:meta","name":"Kings Mountain State Park Campground","website":"http://southcarolinaparks.com/kingsmountain/introduction.aspx","addr":"Lake Crawford Rd, Blacksburg","elev_ft":837}},{"type":"Feature","geometry":{"type":"Point","coordinates":[-81.078247,32.261066]},"properties":{"kind":"rv_park","src":"overture:meta","name":"Savannah Lakes RV Resort","website":"https://savannahlakesrvresort.com/","addr":"170 Savannah Lakes Dr S, Hardeeville","elev_ft":36}},{"type":"Feature","geometry":{"type":"Point","coordinates":[-79.982941,32.733856]},"properties":{"kind":"campsite","src":"overture:meta","name":"Campground At James Island County Park","website":"http://charlestoncampgrounds.com","addr":"871 Riverland Dr, Charleston","elev_ft":20}},{"type":"Feature","geometry":{"type":"Point","coordinates":[-78.769463,33.774139]},"properties":{"kind":"campsite","src":"overture:Foursquare","name":"Myrtle Beach Travel Park","website":"http://www.myrtlebeachtravelpark.com","addr":"10108 Kings Rd, Myrtle Beach","elev_ft":-13}},{"type":"Feature","geometry":{"type":"Point","coordinates":[-82.854897,34.630371]},"properties":{"kind":"campsite","src":"overture:meta","name":"Twin Lakes Campground","website":"http://www.recreation.gov/camping/twin-lakes-sc/r/campgroundBookingWindow.do?contractCode=NRSO&parkId=71464","addr":"140 Winnebago Trl, Pendleton","elev_ft":682}},{"type":"Feature","geometry":{"type":"Point","coordinates":[-82.851021,34.627274]},"properties":{"kind":"campsite","src":"overture:Foursquare","name":"Twin Lakes Campground","website":"http://www.southcarolinaparks.com/products/287.aspx","elev_ft":728}},{"type":"Feature","geometry":{"type":"Point","coordinates":[-81.074646,33.891289]},"properties":{"kind":"rv_park","src":"overture:meta","name":"Big Rig Friendly RV Resort","website":"http://Bigrigfriendly.com/","addr":"336 Gardners Terrace Rd, West Columbia","elev_ft":236}},{"type":"Feature","geometry":{"type":"Point","coordinates":[-79.306496,34.498062]},"properties":{"kind":"campsite","src":"overture:meta","name":"Pedro's Campground","elev_ft":138}},{"type":"Feature","geometry":{"type":"Point","coordinates":[-81.740593,35.070419]},"properties":{"kind":"rv_park","src":"overture:meta","name":"Camp Sparrow RV Resort","website":"http://campsparrowrvresort.com/","addr":"160 Sarratt School Rd, Gaffney","elev_ft":787}},{"type":"Feature","geometry":{"type":"Point","coordinates":[-82.682098,34.844929]},"properties":{"kind":"campsite","src":"overture:meta","name":"Carolina Camp Cedar","website":"https://carolinacampcedar.com/","addr":"1018 Country Club Rd, Pickens","elev_ft":997}},{"type":"Feature","geometry":{"type":"Point","coordinates":[-80.143333,33.343456]},"properties":{"kind":"rv_park","src":"overture:meta","name":"Unhitched Lake Moultrie RV Park","website":"https://www.unhitchedrv.com/locations/lake-moultrie-rv-park-marina","addr":"2060 Ranger Dr, Cross","elev_ft":98}},{"type":"Feature","geometry":{"type":"Point","coordinates":[-81.198128,33.668865]},"properties":{"kind":"campsite","src":"overture:meta","name":"River Bottom Farms Family Campground","website":"http://www.riverbottomfarms.com/","addr":"357 Cedar Creek Rd, Swansea","elev_ft":318}},{"type":"Feature","geometry":{"type":"Point","coordinates":[-78.927582,33.654072]},"properties":{"kind":"campsite","src":"overture:meta","name":"Myrtle Beach State Park Campground","website":"http://www.myrtlebeach.cc","addr":"4401 S Kings Hwy, Myrtle Beach","elev_ft":13}},{"type":"Feature","geometry":{"type":"Point","coordinates":[-81.580841,35.130329]},"properties":{"kind":"campsite","src":"overture:meta","name":"Iron City Campground","website":"https://ironcitycampground.com/","addr":"495 Young Grove Rd, Blacksburg","elev_ft":682}},{"type":"Feature","geometry":{"type":"Point","coordinates":[-79.775047,34.728081]},"properties":{"kind":"rv_park","src":"overture:meta","name":"Pinehill Baptist Retreat & Camp","website":"http://www.camppinehill.org","addr":"2096 Baptist Rd, Bennettsville","elev_ft":249}},{"type":"Feature","geometry":{"type":"Point","coordinates":[-80.427567,33.520748]},"properties":{"kind":"rv_park","src":"overture:meta","name":"Palmetto Shores RV Resort","website":"http://palmettoshoresrvresort.com/","addr":"5215 Dingle Pond Rd, Summerton","elev_ft":98}},{"type":"Feature","geometry":{"type":"Point","coordinates":[-80.70488,33.359528]},"properties":{"kind":"campsite","src":"overture:meta","name":"SOAC ADV Practice Park","website":"http://mysoac.com/","addr":"281 Dibble St, Bowman","elev_ft":141}},{"type":"Feature","geometry":{"type":"Point","coordinates":[-80.875282,32.625969]},"properties":{"kind":"rv_park","src":"overture:meta","name":"Oaks At Point South R V Resort","addr":"1292 Campground Rd, Yemassee","elev_ft":39}},{"type":"Feature","geometry":{"type":"Point","coordinates":[-80.273499,32.964615]},"properties":{"kind":"rv_park","src":"overture:meta","name":"Summerville Lakes RV Park and Campground","website":"https://summervillelakesrvpark.com/","addr":"3099 Highway 17A S, Summerville","elev_ft":33}},{"type":"Feature","geometry":{"type":"Point","coordinates":[-80.109695,32.807663]},"properties":{"kind":"campsite","src":"overture:meta","name":"Oaks Plantation Rv Resort","website":"oakplantationcampground.com","elev_ft":30}},{"type":"Feature","geometry":{"type":"Point","coordinates":[-79.781471,32.86797]},"properties":{"kind":"rv_park","src":"overture:meta","name":"Mount Pleasant / Charleston KOA Holiday","website":"https://share.google/ge7yeokVpjiFzJTST","addr":"3157 N Highway 17, Mt Pleasant","elev_ft":33}},{"type":"Feature","geometry":{"type":"Point","coordinates":[-80.528831,33.577179]},"properties":{"kind":"campsite","src":"overture:meta","name":"Stumphole Landing","website":"http://www.discoversouthcarolina.com/products/381.aspx","addr":"18 Halter Ct, Elloree","elev_ft":95}},{"type":"Feature","geometry":{"type":"Point","coordinates":[-80.53904,33.503799]},"properties":{"kind":"campsite","src":"overture:meta","name":"Sunny Days RV Park & Campground","website":"http://SunnyDaysCampground.com/","addr":"7528 Old Number Six Hwy, Santee","elev_ft":167}},{"type":"Feature","geometry":{"type":"Point","coordinates":[-80.400551,33.446938]},"properties":{"kind":"campsite","src":"overture:meta","name":"Mill Creek Camp Grounds","elev_ft":95}},{"type":"Feature","geometry":{"type":"Point","coordinates":[-80.400452,33.445042]},"properties":{"kind":"campsite","src":"overture:meta","name":"Mill Creek Marina and Campground","website":"http://www.millcreeksc.com/","addr":"216 Lake Marion Ln, Vance","elev_ft":89}},{"type":"Feature","geometry":{"type":"Point","coordinates":[-80.467522,33.685184]},"properties":{"kind":"campsite","src":"overture:meta","name":"Tracy's Camp","website":"http://www.tracyscamp.com/contact.html","addr":"2031 Crooked Pine Trl, Pinewood","elev_ft":164}},{"type":"Feature","geometry":{"type":"Point","coordinates":[-82.89283,34.594215]},"properties":{"kind":"campsite","src":"overture:meta","name":"Coneross Campground","website":"https://www.recreation.gov/camping/coneross-park/r/campgrounddetails.do?contractcode=nrso&parkid=71097","addr":"699 Coneross Park Rd, Townville","elev_ft":712}},{"type":"Feature","geometry":{"type":"Point","coordinates":[-82.854172,34.65337]},"properties":{"kind":"campsite","src":"overture:meta","name":"Oconee Point - Site 28","addr":"483 W Cherry Rd, Seneca","elev_ft":673}},{"type":"Feature","geometry":{"type":"Point","coordinates":[-81.230331,33.982201]},"properties":{"kind":"campsite","src":"overture:meta","name":"Gravatt Camp and Conference Center","website":"http://www.campgravatt.org/","addr":"1006 Camp Gravatt Rd, Aiken","elev_ft":371}},{"type":"Feature","geometry":{"type":"Point","coordinates":[-80.186928,34.199081]},"properties":{"kind":"campsite","src":"overture:meta","name":"Lee State Park. Bishopville SC","elev_ft":197}},{"type":"Feature","geometry":{"type":"Point","coordinates":[-80.195602,34.204697]},"properties":{"kind":"campsite","src":"overture:meta","name":"Lee State Park","website":"http://www.southcarolinaparks.com/lee/introduction.aspx","elev_ft":187}},{"type":"Feature","geometry":{"type":"Point","coordinates":[-82.404602,34.594097]},"properties":{"kind":"campsite","src":"overture:meta","name":"Beech Springs campground","elev_ft":837}},{"type":"Feature","geometry":{"type":"Point","coordinates":[-82.042976,34.270809]},"properties":{"kind":"campsite","src":"overture:meta","name":"Fellowship Camp and Conference Center","website":"http://www.campfellowship.org/","addr":"457 Camp Fellowship Rd, Waterloo","elev_ft":486}},{"type":"Feature","geometry":{"type":"Point","coordinates":[-81.967377,34.230602]},"properties":{"kind":"rv_park","src":"overture:meta","name":"Mansfield RV Park","website":"http://mansfieldparkcampground.net/","addr":"1002 Pittmans Landing Dr, Cross Hill","elev_ft":482}},{"type":"Feature","geometry":{"type":"Point","coordinates":[-80.461563,34.228523]},"properties":{"kind":"campsite","src":"overture:meta","name":"Camp 69","addr":"69 Wheeler Rd, Camden","elev_ft":305}},{"type":"Feature","geometry":{"type":"Point","coordinates":[-80.775658,34.433285]},"properties":{"kind":"rv_park","src":"overture:meta","name":"Beaver Creek - Lake Wateree","addr":"2367 Dolan Ln, Camden","elev_ft":236}},{"type":"Feature","geometry":{"type":"Point","coordinates":[-80.805199,34.423557]},"properties":{"kind":"campsite","src":"overture:meta","name":"Nosoca Pines Ranch","website":"http://www.nosoca.org/","addr":"State Rd S-28-445, Kershaw County","elev_ft":292}},{"type":"Feature","geometry":{"type":"Point","coordinates":[-81.391548,34.632278]},"properties":{"kind":"campsite","src":"overture:meta","name":"Tranquility Base Camp","website":"http://www.tranquilitybasecamp.org/","addr":"Calvary Church Rd, Leeds","elev_ft":397}},{"type":"Feature","geometry":{"type":"Point","coordinates":[-82.215698,34.786556]},"properties":{"kind":"rv_park","src":"overture:meta","name":"Scuffletown RV Park","website":"http://www.scuffletown.com","addr":"603 Scuffletown Rd, Simpsonville","elev_ft":804}},{"type":"Feature","geometry":{"type":"Point","coordinates":[-79.767647,34.734364]},"properties":{"kind":"campsite","src":"overture:meta","name":"Sandy Ridge Girl Scouts Camp","website":"http://www.girlscoutsesc.org","addr":"3681 Girl Scout Rd, Bennettsville","elev_ft":180}},{"type":"Feature","geometry":{"type":"Point","coordinates":[-82.582397,35.13343]},"properties":{"kind":"campsite","src":"overture:meta","name":"YMCA Camp Greenville","website":"http://www.campgreenville.org/","addr":"4399 YMCA Camp Rd, Cleveland","elev_ft":3025}},{"type":"Feature","geometry":{"type":"Point","coordinates":[-82.485184,35.083988]},"properties":{"kind":"campsite","src":"overture:meta","name":"Pleasant Ridge Camp and Retreat Center","website":"http://pleasantridgecampandretreatcenter.org/","addr":"4232 Highway 11, Marietta","elev_ft":1145}},{"type":"Feature","geometry":{"type":"Point","coordinates":[-81.010712,35.017662]},"properties":{"kind":"campsite","src":"overture:meta","name":"Elks park","addr":"3680-3686 State Highway 30, Rock Hill","elev_ft":577}},{"type":"Feature","geometry":{"type":"Point","coordinates":[-81.345444,35.130455]},"properties":{"kind":"campsite","src":"overture:meta","name":"Kings Mountain State Park","website":"http://www.southcarolinaparks.com/kingsmountain/introduction.aspx","elev_ft":751}},{"type":"Feature","geometry":{"type":"Point","coordinates":[-81.047386,35.108875]},"properties":{"kind":"campsite","src":"overture:meta","name":"YMCA Camp Thunderbird","website":"https://ymcacharlotte.org/locations/camp-thunderbird","addr":"1 Thunderbird Ln, Clover","elev_ft":633}},{"type":"Feature","geometry":{"type":"Point","coordinates":[-82.525063,35.129135]},"properties":{"kind":"campsite","src":"overture:meta","name":"Camp WaBak","website":"https://www.gssc-mm.org/en/get-involved/camps-and-properties/summer-camp/camp-wabak.html","addr":"36 Camp Wabak Rd, Marietta","elev_ft":1230}},{"type":"Feature","geometry":{"type":"Point","coordinates":[-80.182419,34.194954]},"properties":{"kind":"campsite","src":"overture:meta","name":"Lee State Park","website":"http://www.southcarolinaparks.com/lee/introduction.aspx","addr":"487 Loop Rd, Bishopville","elev_ft":190}},{"type":"Feature","geometry":{"type":"Point","coordinates":[-81.599174,34.066624]},"properties":{"kind":"campsite","src":"overture:meta","name":"Camp Barstow","website":"http://www.CampBarstowSC.com/","addr":"117 Camp Barstow Dr, Batesburg-Leesville","elev_ft":404}},{"type":"Feature","geometry":{"type":"Point","coordinates":[-78.962563,33.628105]},"properties":{"kind":"campsite","src":"overture:Microsoft","name":"Ocean Lakes Family Campground","website":"http://www.oceanlakes.com/","addr":"6001 S Kings Hwy, Myrtle Beach","elev_ft":49}},{"type":"Feature","geometry":{"type":"Point","coordinates":[-80.513802,33.178898]},"properties":{"kind":"campsite","src":"overture:meta","name":"Jolly Acres Camp & Storage","website":"http://www.syrrrun.com","addr":"289 Horne Taylor Rd, St George","elev_ft":85}},{"type":"Feature","geometry":{"type":"Point","coordinates":[-80.147163,34.425472]},"properties":{"kind":"campsite","src":"overture:meta","name":"Easterling's Landing","addr":"1568 Cloverdale Rd, Hartsville","elev_ft":213}},{"type":"Feature","geometry":{"type":"Point","coordinates":[-81.02916,32.188744]},"properties":{"kind":"rv_park","src":"overture:meta","name":"Hardeeville RV- Thomas Parks and Sites","website":"http://www.hardeevillerv.com","addr":"2942 S Okatie Hwy, Hardeeville","elev_ft":23}},{"type":"Feature","geometry":{"type":"Point","coordinates":[-80.716003,32.883881]},"properties":{"kind":"rv_park","src":"overture:meta","name":"New Green Acres RV Park","website":"http://www.newgreenacres.com","addr":"396 Campground Rd, Walterboro","elev_ft":108}},{"type":"Feature","geometry":{"type":"Point","coordinates":[-79.320152,33.354313]},"properties":{"kind":"rv_park","src":"overture:meta","name":"Myrtle Grove RV & Marina Resort","website":"https://www.myrtlegrovervmarinaresort.com/","addr":"894 Trout St, Georgetown","elev_ft":20}},{"type":"Feature","geometry":{"type":"Point","coordinates":[-80.002571,34.484451]},"properties":{"kind":"campsite","src":"overture:meta","name":"Standing Pines Campground & RV Resort","website":"http://www.campstandingpines.com/","addr":"2800 Bethlehem Rd, Hartsville","elev_ft":246}},{"type":"Feature","geometry":{"type":"Point","coordinates":[-82.978378,34.497799]},"properties":{"kind":"campsite","src":"overture:meta","name":"Carolina Landing on Lake Hartwell","website":"http://www.thousandtrails.com","addr":"105 Carolina Landing Dr, Fair Play","elev_ft":794}},{"type":"Feature","geometry":{"type":"Point","coordinates":[-80.212677,33.549133]},"properties":{"kind":"rv_park","src":"overture:meta","name":"Lighthouse Pointe Family RV Park","website":"https://www.campspot.com/book/lighthouse-pointe-family-rv-park","addr":"1567 Harbor House Dr, Manning","elev_ft":82}},{"type":"Feature","geometry":{"type":"Point","coordinates":[-80.973099,34.29734]},"properties":{"kind":"campsite","src":"overture:Foursquare","name":"Little Cedar Creek Campground & Cabins","website":"http://www.littlecedarcreekcampground.com","addr":"6140 E Peach Rd, Ridgeway","elev_ft":548}},{"type":"Feature","geometry":{"type":"Point","coordinates":[-80.183151,34.432884]},"properties":{"kind":"campsite","src":"overture:meta","name":"The Farm Campground","website":"http://www.thefarmcampground.com","addr":"604 Hillcrest Ln, McBee","elev_ft":335}},{"type":"Feature","geometry":{"type":"Point","coordinates":[-81.097504,32.462929]},"properties":{"kind":"campsite","src":"overture:Microsoft","name":"Buck Eye Farms Camp Ground","addr":"624 Tillman Rd, Ridgeland","elev_ft":75}},{"type":"Feature","geometry":{"type":"Point","coordinates":[-79.918571,34.701946]},"properties":{"kind":"campsite","src":"overture:meta","name":"Arrowhead Park","website":"http://cheraw.com/park_and_facility.php?arrowhead-park-1","addr":"989 State Rd, Cheraw","elev_ft":174}},{"type":"Feature","geometry":{"type":"Point","coordinates":[-80.777573,34.435448]},"properties":{"kind":"campsite","src":"overture:meta","name":"Wateree Lake RV Park & Marina","website":"http://www.watereerv.com","addr":"2367 Dolan Ln, Camden","elev_ft":253}},{"type":"Feature","geometry":{"type":"Point","coordinates":[-81.398048,34.07645]},"properties":{"kind":"campsite","src":"overture:meta","name":"Dreher Island Site #78","elev_ft":390}},{"type":"Feature","geometry":{"type":"Point","coordinates":[-79.754684,34.578056]},"properties":{"kind":"campsite","src":"overture:Microsoft","name":"Steve Frazier's RV & Camper Park","addr":"209 Marlboro Rd, Bennettsville","elev_ft":131}},{"type":"Feature","geometry":{"type":"Point","coordinates":[-78.787811,33.768867]},"properties":{"kind":"campsite","src":"overture:meta","name":"Apache Family Campground & Pier","website":"https://apachefamilycampground.com/","addr":"9700 Kings Rd, Myrtle Beach","elev_ft":7}},{"type":"Feature","geometry":{"type":"Point","coordinates":[-81.328369,33.760109]},"properties":{"kind":"rv_park","src":"overture:meta","name":"Cedar Creek Resort","website":"http://www.cedarcreekresort.net/","addr":"260 Gantt Mill Rd, Batesburg-Leesville","elev_ft":358}},{"type":"Feature","geometry":{"type":"Point","coordinates":[-83.048775,34.550938]},"properties":{"kind":"campsite","src":"overture:Microsoft","name":"Lake Hartwell RV Park","website":"https://www.lakehartwellrvpark.com/","addr":"14503 S Highway 11, Westminster","elev_ft":906}},{"type":"Feature","geometry":{"type":"Point","coordinates":[-80.143784,33.343643]},"properties":{"kind":"campsite","src":"overture:Microsoft","name":"Lake Moultrie RV Park & Marina","website":"https://lakemoultriervmarina.com/","addr":"2060 Ranger Dr, Cross","elev_ft":98}},{"type":"Feature","geometry":{"type":"Point","coordinates":[-79.74472,34.749119]},"properties":{"kind":"campsite","src":"overture:meta","name":"Camp Pee Dee","website":"http://www.camppeedee.org/","addr":"1201 Camp Pee Dee Rd, Bennettsville","elev_ft":269}},{"type":"Feature","geometry":{"type":"Point","coordinates":[-80.224495,33.528732]},"properties":{"kind":"campsite","src":"overture:meta","name":"Camp Sewee","website":"http://seweesummer.camp/","addr":"8001 M W Rickenbaker Rd, Summerton","elev_ft":89}},{"type":"Feature","geometry":{"type":"Point","coordinates":[-80.141449,33.409054]},"properties":{"kind":"campsite","src":"overture:meta","name":"Cedar Cross RV Campground - Lake Marion South","website":"https://thedyrt.com/camping/south-carolina/cedar-cross-campground-lake-marion-southside","addr":"1077 Thomas Walters Rd, Pineville","elev_ft":92}},{"type":"Feature","geometry":{"type":"Point","coordinates":[-80.615395,33.443848]},"properties":{"kind":"campsite","src":"overture:meta","name":"Outside Inn Campground","website":"http://www.outsideinncampground.com/","addr":"1074 Woolbright Rd, Santee","elev_ft":148}},{"type":"Feature","geometry":{"type":"Point","coordinates":[-78.955589,33.63353]},"properties":{"kind":"campsite","src":"overture:meta","name":"Lakewood Camping Resort","website":"http://www.lakewoodcampground.com","addr":"5901 S Kings Hwy, Myrtle Beach","elev_ft":33}},{"type":"Feature","geometry":{"type":"Point","coordinates":[-82.835365,34.766109]},"properties":{"kind":"rv_park","src":"overture:meta","name":"South Park Campground","addr":"222 Pleasant Hill Church Rd, Central","elev_ft":981}},{"type":"Feature","geometry":{"type":"Point","coordinates":[-81.850494,33.399109]},"properties":{"kind":"campsite","src":"overture:meta","name":"Betty's RV Park","website":"http://www.passport-america.com/Campgrounds/CampgroundDetails.aspx?CampgroundId=2496","addr":"142 Boettjer Rd, Beech Island","elev_ft":397}},{"type":"Feature","geometry":{"type":"Point","coordinates":[-81.714928,33.394783]},"properties":{"kind":"rv_park","src":"overture:meta","name":"In The Pines RV Park","website":"http://inthepinesrvpark.com/","addr":"729 Maverick Trl, Aiken","elev_ft":423}},{"type":"Feature","geometry":{"type":"Point","coordinates":[-82.249863,33.820827]},"properties":{"kind":"campsite","src":"overture:meta","name":"Hamilton Branch campground","website":"www.rvparkreviews.com/.../modoc/hamilton-branch-state-park","addr":"US-221, Plum Branch","elev_ft":443}},{"type":"Feature","geometry":{"type":"Point","coordinates":[-80.514633,33.180313]},"properties":{"kind":"campsite","src":"overture:Foursquare","name":"Jolly Acres RV Park & Storage","website":"http://www.syrrrun.com","addr":"289 County Rd S-18-481, Saint George","elev_ft":95}},{"type":"Feature","geometry":{"type":"Point","coordinates":[-82.847023,34.620735]},"properties":{"kind":"campsite","src":"overture:meta","name":"Clemson Outdoor Lab","website":"http://www.clemson.edu/outdoorlab","addr":"415 Charlie White Trl, Pendleton","elev_ft":686}},{"type":"Feature","geometry":{"type":"Point","coordinates":[-83.0504,34.574471]},"properties":{"kind":"campsite","src":"overture:Foursquare","name":"Forest Spring Family Campground","website":"http://forestspringfamilycampground.com","addr":"431 Mount Pleasant Rd, Westminster","elev_ft":922}},{"type":"Feature","geometry":{"type":"Point","coordinates":[-80.431656,33.517986]},"properties":{"kind":"campsite","src":"overture:Foursquare","name":"Santee / Santee Lakes KOA Journey","website":"https://koa.com/campgrounds/santee","addr":"1268 Gordon Rd, Summerton","elev_ft":98}},{"type":"Feature","geometry":{"type":"Point","coordinates":[-82.358536,33.884155]},"properties":{"kind":"campsite","src":"overture:Foursquare","name":"Baker Creek State Park","website":"http://www.southcarolinaparks.com/bakercreek/introduction.aspx","addr":"863 Baker Creek Rd, Mc Cormick","elev_ft":407}},{"type":"Feature","geometry":{"type":"Point","coordinates":[-80.438698,33.574032]},"properties":{"kind":"rv_park","src":"overture:meta","name":"Relaxed Retreat Outdoors","website":"http://relaxedretreat.com/","addr":"2498 Belser Rd, Summerton","elev_ft":95}},{"type":"Feature","geometry":{"type":"Point","coordinates":[-81.552872,35.130993]},"properties":{"kind":"rv_park","src":"overture:meta","name":"Blacksburg RV Park","website":"http://Blacksburgrvpark.com/","addr":"100 Investment Dr, Blacksburg","elev_ft":617}},{"type":"Feature","geometry":{"type":"Point","coordinates":[-82.21698,33.726761]},"properties":{"kind":"rv_park","src":"overture:meta","name":"Volunteer Village","website":"https://www.dvidshub.net/news/81290/corps-opens-volunteer-village...","addr":"Volunteer Village, 221 Three Camp Rd, Modoc","elev_ft":322}},{"type":"Feature","geometry":{"type":"Point","coordinates":[-82.340721,33.8522]},"properties":{"kind":"campsite","src":"overture:meta","name":"Hawe Creek Campground","website":"http://www.recreation.gov/camping/hawe-creek/r/campgroundDetails.do?contractCode=NRSO&parkId=71195","addr":"1505 Chamberlains Ferry Rd, McCormick","elev_ft":430}},{"type":"Feature","geometry":{"type":"Point","coordinates":[-80.736275,32.154076]},"properties":{"kind":"rv_park","src":"overture:meta","name":"Tennismaster Villas Shipyard","website":"http://www.ShipyardRealEstate.com/","addr":"100 Shipyard Dr, Hilton Head Island","elev_ft":30}},{"type":"Feature","geometry":{"type":"Point","coordinates":[-80.943611,32.234764]},"properties":{"kind":"campsite","src":"overture:meta","name":"Stoney Crest Plantation Campground","website":"http://www.stoneycrestplantationcampground.com","addr":"419 May River Rd, Bluffton","elev_ft":33}},{"type":"Feature","geometry":{"type":"Point","coordinates":[-81.399231,32.878517]},"properties":{"kind":"campsite","src":"overture:Foursquare","name":"Lakeview Plantation","addr":"875 Cedar Knoll Rd, Fairfax","elev_ft":121}},{"type":"Feature","geometry":{"type":"Point","coordinates":[-80.803162,32.605595]},"properties":{"kind":"campsite","src":"overture:meta","name":"Ace Basin Campground and RV","website":"https://reserve.campgroundbooking.com/ace-basin-campground-and-rv","addr":"695 Trask Pkwy, Seabrook","elev_ft":30}},{"type":"Feature","geometry":{"type":"Point","coordinates":[-80.882423,32.624615]},"properties":{"kind":"rv_park","src":"overture:meta","name":"KOA (Kampgrounds of America)","website":"https://www.koa.com","addr":"14 Campground Rd, Yemassee","elev_ft":49}},{"type":"Feature","geometry":{"type":"Point","coordinates":[-81.092606,32.462124]},"properties":{"kind":"campsite","src":"overture:meta","name":"Camp On The Farm","website":"http://camponthefarm.com/","addr":"870 Tillman Rd, Ridgeland","elev_ft":82}},{"type":"Feature","geometry":{"type":"Point","coordinates":[-81.157341,32.900925]},"properties":{"kind":"campsite","src":"overture:meta","name":"Camp Christian","addr":"207 Camp Christian Rd, Hampton","elev_ft":121}},{"type":"Feature","geometry":{"type":"Point","coordinates":[-80.584717,32.737888]},"properties":{"kind":"campsite","src":"overture:meta","name":"Nearshore 17 Campground","website":"http://www.nearshore17campground.com/","addr":"8451 Ace Basin Pkwy, Green Pond","elev_ft":43}},{"type":"Feature","geometry":{"type":"Point","coordinates":[-80.665543,33.009602]},"properties":{"kind":"rv_park","src":"overture:meta","name":"Shellring RV Park and Campground","website":"https://shellringrvpark.com/","addr":"593 Brunson Ln, Walterboro","elev_ft":98}},{"type":"Feature","geometry":{"type":"Point","coordinates":[-80.745399,32.504833]},"properties":{"kind":"rv_park","src":"overture:meta","name":"Driftwood RV Park","website":"http://www.southcarolinaparks.com/huntingisland/introduction.aspx","addr":"2558 Trask Pkwy, Beaufort","elev_ft":16}},{"type":"Feature","geometry":{"type":"Point","coordinates":[-80.548325,32.40134]},"properties":{"kind":"rv_park","src":"overture:Microsoft","name":"New Directions RV Campsite","addr":"21 Dulamo Rd, Saint Helena Island","elev_ft":46}},{"type":"Feature","geometry":{"type":"Point","coordinates":[-80.694946,32.328339]},"properties":{"kind":"rv_park","src":"overture:meta","name":"Parris Island RV Park","addr":"1018 St Mihel Rd, Port Royal","elev_ft":7}},{"type":"Feature","geometry":{"type":"Point","coordinates":[-80.181656,32.568005]},"properties":{"kind":"campsite","src":"overture:meta","name":"St. Christopher Camp and Conference Center","website":"http://stchristopher.org/","addr":"2810 Seabrook Island Rd, Seabrook Island","elev_ft":43}},{"type":"Feature","geometry":{"type":"Point","coordinates":[-80.108215,32.805279]},"properties":{"kind":"campsite","src":"overture:meta","name":"Oak Plantation Camp Ground","website":"https://oakplantationcampground.com/index.html","addr":"3540 Savannah Hwy, Johns Island","elev_ft":20}},{"type":"Feature","geometry":{"type":"Point","coordinates":[-79.755867,32.810314]},"properties":{"kind":"campsite","src":"overture:meta","name":"Charleston Fishing Lodge","website":"http://Charlestonfishinglodge.com/","addr":"4101 Buccaneer Rd, Isle of Palms","elev_ft":13}},{"type":"Feature","geometry":{"type":"Point","coordinates":[-79.983154,32.977058]},"properties":{"kind":"rv_park","src":"overture:meta","name":"Foster Creek RV Park","website":"www.militarycampgrounds.us/.../foster-creek-rv-park-and-villas","addr":"500 Pulaski Cir, Goose Creek","elev_ft":26}},{"type":"Feature","geometry":{"type":"Point","coordinates":[-79.615715,32.991344]},"properties":{"kind":"campsite","src":"overture:Foursquare","name":"Camp Sewee","website":"http://seweesummer.camp","addr":"7407 Doar Rd, Awendaw","elev_ft":26}},{"type":"Feature","geometry":{"type":"Point","coordinates":[-81.853165,33.401936]},"properties":{"kind":"rv_park","src":"overture:meta","name":"Whispering Oaks RV Park","website":"http://www.theluckypecanstore.com/","addr":"15758 Atomic Rd, Beech Island","elev_ft":404}},{"type":"Feature","geometry":{"type":"Point","coordinates":[-81.050713,33.473351]},"properties":{"kind":"campsite","src":"overture:Foursquare","name":"Levon's Mobile Home Transporting & Set Up","website":"http://www.mhsetup.com","addr":"200 Rutland Rd, Neeses","elev_ft":299}},{"type":"Feature","geometry":{"type":"Point","coordinates":[-80.877335,33.441158]},"properties":{"kind":"campsite","src":"overture:Foursquare","name":"Pineview Moble Home Park","website":"https://pineview1955.com","addr":"130 Kim St, Cordova","elev_ft":174}},{"type":"Feature","geometry":{"type":"Point","coordinates":[-81.363434,33.10722]},"properties":{"kind":"campsite","src":"overture:meta","name":"Camp Jackson","website":"http://www.campjacksonyouth.com/","addr":"748 Camp Jackson Rd, Allendale","elev_ft":190}},{"type":"Feature","geometry":{"type":"Point","coordinates":[-82.276314,33.838573]},"properties":{"kind":"campsite","src":"overture:Microsoft","name":"Lake Thurmond RV Park","website":"https://www.lakethurmondrvpark.com/?utm_source=GoogleMyBusiness&utm_medium=Info&utm_campaign=GMBG","addr":"678 Fishing Village Rd, Plum Branch","elev_ft":440}},{"type":"Feature","geometry":{"type":"Point","coordinates":[-82.221077,33.719711]},"properties":{"kind":"campsite","src":"overture:meta","name":"Modoc Campground","website":"http://www.lakethurmondcampgrounds.com","addr":"296 Modoc Camp Dr, Modoc","elev_ft":341}},{"type":"Feature","geometry":{"type":"Point","coordinates":[-81.618576,33.677975]},"properties":{"kind":"campsite","src":"overture:meta","name":"Camp Long","website":"http://camplongsc.com/","addr":"82 Camp Long Rd, Aiken","elev_ft":397}},{"type":"Feature","geometry":{"type":"Point","coordinates":[-81.674927,33.647484]},"properties":{"kind":"rv_park","src":"overture:meta","name":"Aiken RV Park","website":"http://aikenrvpark.com/","addr":"2424 Columbia Hwy N, Aiken","elev_ft":531}},{"type":"Feature","geometry":{"type":"Point","coordinates":[-81.919945,33.624741]},"properties":{"kind":"campsite","src":"overture:Microsoft","name":"Twin Magnolia RV Park","website":"https://www.twinmagnoliarvpark.biz/","addr":"2 Powell Pl, North Augusta","elev_ft":561}},{"type":"Feature","geometry":{"type":"Point","coordinates":[-81.675812,33.850334]},"properties":{"kind":"rv_park","src":"overture:meta","name":"Ridge Spring RV and Tiny Home Community","website":"https://ridgespringrv.com/","addr":"139 Ponderosa Dr, Ridge Spring","elev_ft":646}},{"type":"Feature","geometry":{"type":"Point","coordinates":[-80.920174,33.709251]},"properties":{"kind":"campsite","src":"overture:Microsoft","name":"Snoozy II Campers","website":"https://snoozycamper.com/","addr":"191 Sweetbay Rd, Saint Matthews","elev_ft":289}},{"type":"Feature","geometry":{"type":"Point","coordinates":[-80.901016,33.625397]},"properties":{"kind":"campsite","src":"overture:meta","name":"Sweetwater Lake Campground,St Matthews ,SC","addr":"58 Campground Ln, St Matthews","elev_ft":259}},{"type":"Feature","geometry":{"type":"Point","coordinates":[-80.972298,33.584427]},"properties":{"kind":"rv_park","src":"overture:meta","name":"Proett Plantation","website":"https://discoversouthcarolina.com/products/27241","addr":"118 Cottonseed Dr, Orangeburg","elev_ft":305}},{"type":"Feature","geometry":{"type":"Point","coordinates":[-80.616898,33.059719]},"properties":{"kind":"campsite","src":"overture:meta","name":"Eagle Rv Campground","addr":"11592 Jefferies Hwy, Walterboro","elev_ft":121}},{"type":"Feature","geometry":{"type":"Point","coordinates":[-80.808601,33.264114]},"properties":{"kind":"campsite","src":"overture:meta","name":"Camp Edisto","website":"http://www.campedisto.com/index.html","addr":"120 Recreation Dr, Branchville","elev_ft":141}},{"type":"Feature","geometry":{"type":"Point","coordinates":[-80.74247,33.562641]},"properties":{"kind":"campsite","src":"overture:meta","name":"Camp Summers and Manget","website":"mysmc.org","addr":"100 Camp Summers Ln, Cameron","elev_ft":194}},{"type":"Feature","geometry":{"type":"Point","coordinates":[-80.435364,33.471802]},"properties":{"kind":"campsite","src":"overture:Foursquare","name":"Lake Marion Resort and Marina","website":"http://www.lakemarionresortmarina.com","addr":"510 Ragtime Trl, Santee","elev_ft":121}},{"type":"Feature","geometry":{"type":"Point","coordinates":[-80.429176,33.517365]},"properties":{"kind":"campsite","src":"overture:meta","name":"Santee Lakes KOA Site I-1","website":"http://www.santeelakes-campground.com","addr":"1268 Gordon Rd, Summerton","elev_ft":112}},{"type":"Feature","geometry":{"type":"Point","coordinates":[-80.440781,33.574036]},"properties":{"kind":"campsite","src":"overture:meta","name":"Carolina King Retreat & Marina","website":"http://www.CarolinaKingRetreat.com/","addr":"2498 Belser Rd, Summerton","elev_ft":95}},{"type":"Feature","geometry":{"type":"Point","coordinates":[-80.427521,33.520592]},"properties":{"kind":"campsite","src":"overture:Foursquare","name":"Big Water Resort","website":"http://www.bigwaterlakeclub.com","addr":"5215 Dingle Pond Rd, Summerton","elev_ft":98}},{"type":"Feature","geometry":{"type":"Point","coordinates":[-80.260536,33.535435]},"properties":{"kind":"campsite","src":"overture:meta","name":"Camp Robinson","website":"http://sciphc.org/youthcamp","addr":"1307 Greenall Rd, Summerton","elev_ft":85}},{"type":"Feature","geometry":{"type":"Point","coordinates":[-80.221115,33.528442]},"properties":{"kind":"campsite","src":"overture:meta","name":"Camp Bob Cooper","website":"http://www.campbobcooper.com/","addr":"8001 M W Rickenbaker Rd, Summerton","elev_ft":98}},{"type":"Feature","geometry":{"type":"Point","coordinates":[-80.149223,33.392086]},"properties":{"kind":"campsite","src":"overture:meta","name":"Big Oak Campground","addr":"119 Big Oak Ln, Cross","elev_ft":85}},{"type":"Feature","geometry":{"type":"Point","coordinates":[-80.281372,33.430386]},"properties":{"kind":"campsite","src":"overture:meta","name":"Hide-Away-Campground","website":"http://www.hideawaycampground.com","addr":"708 Ferguson Landing Way, Eutawville","elev_ft":85}},{"type":"Feature","geometry":{"type":"Point","coordinates":[-80.240211,33.404636]},"properties":{"kind":"campsite","src":"overture:meta","name":"Rocks Pond Campground And Marina","website":"http://www.rockspond.com","addr":"108 Campground Rd, Eutawville","elev_ft":79}},{"type":"Feature","geometry":{"type":"Point","coordinates":[-80.16095,33.362831]},"properties":{"kind":"rv_park","src":"overture:meta","name":"Boykin's Hideout","website":"https://boykinshideout.business.site/","addr":"Boykin's Hideout, 1168 Trojan Rd, Cross","elev_ft":105}},{"type":"Feature","geometry":{"type":"Point","coordinates":[-80.480171,33.050331]},"properties":{"kind":"campsite","src":"overture:meta","name":"Horseshoe Lake Farm","website":"http://www.horseshoelakefarm.com/","addr":"1201 Horseshoe Lake Cir, Cottageville","elev_ft":56}},{"type":"Feature","geometry":{"type":"Point","coordinates":[-80.179405,33.119274]},"properties":{"kind":"campsite","src":"overture:meta","name":"Flowertown Glampground","addr":"1467 Jedburg Rd, Summerville","elev_ft":56}},{"type":"Feature","geometry":{"type":"Point","coordinates":[-79.984581,33.261711]},"properties":{"kind":"campsite","src":"overture:meta","name":"Camp Moultrie BSA","website":"http://www.coastalcarolinabsa.org/camp-moultrie/19291","addr":"148 Boy Scout Ln, Moncks Corner","elev_ft":95}},{"type":"Feature","geometry":{"type":"Point","coordinates":[-79.018738,33.583309]},"properties":{"kind":"rv_park","src":"overture:meta","name":"Windjammer Village","website":"http://windjammervillage.net","addr":"200 Offshore Dr, Murrells Inlet","elev_ft":46}},{"type":"Feature","geometry":{"type":"Point","coordinates":[-79.461639,33.09127]},"properties":{"kind":"campsite","src":"overture:Foursquare","name":"Survival Camp","website":"http://survivalcamp247.com","addr":"830 Pinckney St, Mc Clellanville","elev_ft":20}},{"type":"Feature","geometry":{"type":"Point","coordinates":[-80.484406,33.637089]},"properties":{"kind":"campsite","src":"overture:meta","name":"Camp Woodie","website":"https://scwa.org/pages/camp-woodie-1","addr":"8444 Old River Rd, Pinewood","elev_ft":98}},{"type":"Feature","geometry":{"type":"Point","coordinates":[-80.509033,33.642776]},"properties":{"kind":"campsite","src":"overture:meta","name":"Elliott's Landing and Campground","website":"http://www.elliottslandingandcampground.com","addr":"2010 Elliotts Landing Rd, Pinewood","elev_ft":82}},{"type":"Feature","geometry":{"type":"Point","coordinates":[-78.972549,33.699238]},"properties":{"kind":"campsite","src":"overture:Foursquare","name":"Folly Estates","website":"https://www.mhvillage.com/Communities/MobileHomePark.php?key=23571","addr":"978 Folly Rd, Myrtle Beach","elev_ft":3}},{"type":"Feature","geometry":{"type":"Point","coordinates":[-79.790771,33.681694]},"properties":{"kind":"campsite","src":"overture:meta","name":"Nowhere Campground","website":"http://www.nowherecampground.com/","addr":"20 Jasmine Ln, Kingstree","elev_ft":72}},{"type":"Feature","geometry":{"type":"Point","coordinates":[-78.612068,33.854298]},"properties":{"kind":"rv_park","src":"overture:meta","name":"Myrtle Beach RV Resort","website":"https://www.oceandriveresort.com","addr":"5400 Little River Neck Rd, North Myrtle Beach","elev_ft":0}},{"type":"Feature","geometry":{"type":"Point","coordinates":[-78.614151,33.83688]},"properties":{"kind":"rv_park","src":"overture:meta","name":"Blue Mist - Cherry Grove","website":"https://grandstrandvacations.com/north-myrtle-beach-vacation-rentals/feature/blue-mist","addr":"5400 Ocean Blvd N, North Myrtle Beach","elev_ft":-16}},{"type":"Feature","geometry":{"type":"Point","coordinates":[-83.257324,34.790562]},"properties":{"kind":"campsite","src":"overture:meta","name":"Longcreek Campground Inc","website":"http://www.longcreekcampground.com","addr":"165 Raines Rd, Mountain Rest","elev_ft":1572}},{"type":"Feature","geometry":{"type":"Point","coordinates":[-83.28904,34.748409]},"properties":{"kind":"campsite","src":"overture:meta","name":"Chattooga Sounds Camp","website":"http://www.chattoogasounds.com/","addr":"2851 Damascus Church Rd, Longcreek","elev_ft":1660}},{"type":"Feature","geometry":{"type":"Point","coordinates":[-83.074013,34.558338]},"properties":{"kind":"campsite","src":"overture:Foursquare","name":"Kinnection Campout, Avalon","website":"http://www.kinnectioncampout.org","addr":"440 Patterson Rd, Westminster","elev_ft":745}},{"type":"Feature","geometry":{"type":"Point","coordinates":[-83.017853,34.540726]},"properties":{"kind":"campsite","src":"overture:meta","name":"Wilderness Way Girls Camp and School","website":"http://www.wildernesswaycamp.org/","addr":"175 Camp School Ln, Fair Play","elev_ft":879}},{"type":"Feature","geometry":{"type":"Point","coordinates":[-83.019707,34.511593]},"properties":{"kind":"rv_park","src":"overture:meta","name":"Trails 2 Paradise RV Park","website":"http://www.Trails2Paradise.net/","addr":"243 Fishers Cove Rd, Fair Play","elev_ft":817}},{"type":"Feature","geometry":{"type":"Point","coordinates":[-83.007545,34.515347]},"properties":{"kind":"rv_park","src":"overture:meta","name":"Fox Crossing RV Park","website":"http://foxcrossingrvpark.com/","addr":"871 SC-182, Fair Play","elev_ft":830}},{"type":"Feature","geometry":{"type":"Point","coordinates":[-82.783638,34.514343]},"properties":{"kind":"campsite","src":"overture:meta","name":"Tiger Cove","addr":"321 Deep Creek Church Rd, Anderson","elev_ft":715}},{"type":"Feature","geometry":{"type":"Point","coordinates":[-82.877266,34.573898]},"properties":{"kind":"rv_park","src":"overture:meta","name":"Little Creek RV and Tiny House Resort","website":"http://littlecreekresort.com","addr":"1044 White Pine Ln, Townville","elev_ft":702}},{"type":"Feature","geometry":{"type":"Point","coordinates":[-82.976196,34.497494]},"properties":{"kind":"campsite","src":"overture:Foursquare","name":"Carolina Landing TT Fair Play SC","website":"http://www.rvonthego.com/south-carolina/carolina-landing-rv-resort/","addr":"120 Carolina Landing Dr, Fair Play","elev_ft":801}},{"type":"Feature","geometry":{"type":"Point","coordinates":[-82.907349,34.60532]},"properties":{"kind":"campsite","src":"overture:Foursquare","name":"Coneross Campground","website":"http://recreation.gov","addr":"699 Coneross Creek Rd, Seneca","elev_ft":689}},{"type":"Feature","geometry":{"type":"Point","coordinates":[-82.878998,34.598732]},"properties":{"kind":"campsite","src":"overture:meta","name":"A Place At The Lake","addr":"136 Peachtree Ln, Seneca","elev_ft":696}},{"type":"Feature","geometry":{"type":"Point","coordinates":[-82.893013,34.638634]},"properties":{"kind":"rv_park","src":"overture:meta","name":"Martin Creek Rv Park","website":"http://Martincreekrvpark.com/","addr":"1004 Martin Lake Dr, Seneca","elev_ft":781}},{"type":"Feature","geometry":{"type":"Point","coordinates":[-82.871277,34.671906]},"properties":{"kind":"campsite","src":"overture:meta","name":"Tiger Mountain RV & Cabins","website":"http://www.tigermountainrv.com/","addr":"429 Greken Dr, Seneca","elev_ft":745}},{"type":"Feature","geometry":{"type":"Point","coordinates":[-82.900558,34.695858]},"properties":{"kind":"rv_park","src":"overture:meta","name":"Wells Highway RV Park","website":"http://wellshighwayrvpark.com","addr":"1145 Wells Hwy, Seneca","elev_ft":886}},{"type":"Feature","geometry":{"type":"Point","coordinates":[-82.968033,34.802109]},"properties":{"kind":"rv_park","src":"overture:meta","name":"All Storage of Keowee","website":"https://askrvpark.com/","addr":"131 Knox Rd, Seneca","elev_ft":965}},{"type":"Feature","geometry":{"type":"Point","coordinates":[-82.962845,34.803986]},"properties":{"kind":"rv_park","src":"overture:meta","name":"High Falls RV Park","website":"https://highfallsrvpark.com","addr":"2753 Pickens Hwy, Seneca","elev_ft":988}},{"type":"Feature","geometry":{"type":"Point","coordinates":[-82.94117,34.771385]},"properties":{"kind":"campsite","src":"overture:meta","name":"Morrison's Campground (Permanent Camping)","addr":"430 Grandpas Pl, Seneca","elev_ft":771}},{"type":"Feature","geometry":{"type":"Point","coordinates":[-82.884689,34.718079]},"properties":{"kind":"rv_park","src":"overture:meta","name":"Clemson Hills RV Club","website":"https://www.campspot.com/book/clemsonhillsrvclub","addr":"321 Lawrence Bridge Rd, Seneca","elev_ft":922}},{"type":"Feature","geometry":{"type":"Point","coordinates":[-81.220665,33.901016]},"properties":{"kind":"rv_park","src":"overture:meta","name":"White Knoll RV Park","website":"http://www.WhiteKnollRVPark.com/","addr":"2024 S Lake Dr, Lexington","elev_ft":390}},{"type":"Feature","geometry":{"type":"Point","coordinates":[-81.511192,33.871082]},"properties":{"kind":"campsite","src":"overture:meta","name":"Camp Agape","website":"http://www.campagapesc.org/","addr":"6952 Fairview Rd, Batesburg-Leesville","elev_ft":551}},{"type":"Feature","geometry":{"type":"Point","coordinates":[-81.44957,33.866425]},"properties":{"kind":"campsite","src":"overture:meta","name":"Camp Kinard","website":"http://www.sclrc.com/campkinard.html","addr":"6053 Two Notch Rd, Batesburg-Leesville","elev_ft":535}},{"type":"Feature","geometry":{"type":"Point","coordinates":[-81.042763,33.881763]},"properties":{"kind":"campsite","src":"overture:meta","name":"Magnolia Campground","website":"http://www.magnoliacampground.com","addr":"4031 Charleston Hwy, West Columbia","elev_ft":187}},{"type":"Feature","geometry":{"type":"Point","coordinates":[-81.472725,34.06683]},"properties":{"kind":"campsite","src":"overture:meta","name":"Acapulco-USA Campground","website":"http://www.acapulco-usa.com/","addr":"960 Rock N Creek Rd, Batesburg-Leesville","elev_ft":400}},{"type":"Feature","geometry":{"type":"Point","coordinates":[-80.498238,33.872585]},"properties":{"kind":"campsite","src":"overture:meta","name":"Camp Burnt Gin","website":"http://www.scdhec.gov","addr":"1980 Burnt Gin Rd, Wedgefield","elev_ft":213}},{"type":"Feature","geometry":{"type":"Point","coordinates":[-80.840286,33.936691]},"properties":{"kind":"campsite","src":"overture:meta","name":"Travelites Nudist Retreat","website":"http://www.travelites.info/","addr":"820 Horrell Hill Rd, Hopkins","elev_ft":240}},{"type":"Feature","geometry":{"type":"Point","coordinates":[-78.992012,33.862995]},"properties":{"kind":"rv_park","src":"overture:meta","name":"Williamson Mobile Estate & RV Park","website":"http://www.williamsonrvparks.com","addr":"1981 Highway 905, Conway","elev_ft":20}},{"type":"Feature","geometry":{"type":"Point","coordinates":[-78.857307,33.913387]},"properties":{"kind":"campsite","src":"overture:Microsoft","name":"Mindful Journey Academy","website":"https://www.mindfuljourneyacademy.org/","addr":"6550 Daphane Dr, Conway","elev_ft":23}},{"type":"Feature","geometry":{"type":"Point","coordinates":[-80.703804,34.170658]},"properties":{"kind":"campsite","src":"overture:meta","name":"Renfroe Ranch Campground","website":"http://lugoffcampground.com/","addr":"1507 Fort Jackson Rd, Lugoff","elev_ft":256}},{"type":"Feature","geometry":{"type":"Point","coordinates":[-82.368301,34.524998]},"properties":{"kind":"campsite","src":"overture:meta","name":"River Oaks Retreat","website":"http://www.riveroaksretreat.com","addr":"180 Youth Camp Rd, Honea Path","elev_ft":699}},{"type":"Feature","geometry":{"type":"Point","coordinates":[-81.754814,34.432854]},"properties":{"kind":"campsite","src":"overture:Microsoft","name":"Magnolia RV Park & Campground","addr":"567 Fairview Church Rd, Kinards","elev_ft":571}},{"type":"Feature","geometry":{"type":"Point","coordinates":[-81.989433,34.247211]},"properties":{"kind":"rv_park","src":"overture:meta","name":"Lake View Camping & Game Room (Bar)","addr":"4052 Watts Bridge Rd, Cross Hill","elev_ft":463}},{"type":"Feature","geometry":{"type":"Point","coordinates":[-81.977692,34.262852]},"properties":{"kind":"campsite","src":"overture:meta","name":"T-Roy's Landing","addr":"2506 Watts Bridge Rd, Cross Hill","elev_ft":459}},{"type":"Feature","geometry":{"type":"Point","coordinates":[-82.010262,34.26091]},"properties":{"kind":"campsite","src":"overture:meta","name":"Montana Ave Lakeside Campground llc","website":"http://montanaavenue.us/","addr":"270 Montana Ave, Cross Hill","elev_ft":492}},{"type":"Feature","geometry":{"type":"Point","coordinates":[-82.011108,34.257656]},"properties":{"kind":"rv_park","src":"overture:meta","name":"Lake Greenwood Motorcoach Resort","website":"https://www.lakegreenwoodresort.com/","addr":"463 Cane Creek Camp Rd, Cross Hill","elev_ft":502}},{"type":"Feature","geometry":{"type":"Point","coordinates":[-81.989899,34.247707]},"properties":{"kind":"campsite","src":"overture:meta","name":"BG's Campground","addr":"4052 Watts Bridge Rd, Cross Hill","elev_ft":472}},{"type":"Feature","geometry":{"type":"Point","coordinates":[-81.971931,34.241158]},"properties":{"kind":"rv_park","src":"overture:meta","name":"Lighthouse RV Park and Marina","website":"http://lighthouselanding.com","addr":"549 Landing Rd, Cross Hill","elev_ft":466}},{"type":"Feature","geometry":{"type":"Point","coordinates":[-81.405533,34.272717]},"properties":{"kind":"rv_park","src":"overture:meta","name":"Southern Comfort RV Park","website":"http://southerncomfortrvparks.com/","addr":"2688 Peak Rd, Pomaria","elev_ft":381}},{"type":"Feature","geometry":{"type":"Point","coordinates":[-80.985214,34.307877]},"properties":{"kind":"campsite","src":"overture:meta","name":"Ridgeway Campground","website":"http://www.lakewoodcampground.com","addr":"7210 State Highway 34 E, Ridgeway","elev_ft":591}},{"type":"Feature","geometry":{"type":"Point","coordinates":[-80.881622,34.435814]},"properties":{"kind":"campsite","src":"overture:meta","name":"Sutton's Landing","website":"http://wateree.lakesonline.com/pages/Suttons-Landing","addr":"538 Taylors Creek Rd, Winnsboro","elev_ft":233}},{"type":"Feature","geometry":{"type":"Point","coordinates":[-81.081696,34.465]},"properties":{"kind":"campsite","src":"overture:meta","name":"Camp La Vida","website":"http://www.camplavida.org/","addr":"218 Lavida Rd, Winnsboro","elev_ft":505}},{"type":"Feature","geometry":{"type":"Point","coordinates":[-81.28933,34.341846]},"properties":{"kind":"campsite","src":"overture:meta","name":"Stonewall RV Park","website":"http://www.stonewallrvpark.com/","addr":"5693 State Highway 215 S, Jenkinsville","elev_ft":453}},{"type":"Feature","geometry":{"type":"Point","coordinates":[-81.332001,34.374226]},"properties":{"kind":"campsite","src":"overture:meta","name":"Lakeshore Family Campground","website":"http://www.lakeshorefamilycampground.com/","addr":"3219 Pearson Rd, Blair","elev_ft":476}},{"type":"Feature","geometry":{"type":"Point","coordinates":[-81.51046,34.598682]},"properties":{"kind":"campsite","src":"overture:meta","name":"Hunters Haven Campground","website":"https://www.facebook.com/HHC2520","addr":"2520 Berry Farm Rd, Carlisle","elev_ft":417}},{"type":"Feature","geometry":{"type":"Point","coordinates":[-80.979668,34.618633]},"properties":{"kind":"campsite","src":"overture:meta","name":"Pond View Campground","addr":"3347 Mountain Gap Rd, Richburg","elev_ft":420}},{"type":"Feature","geometry":{"type":"Point","coordinates":[-79.668266,34.578823]},"properties":{"kind":"rv_park","src":"overture:meta","name":"LumberJack RV Park","addr":"103 Mable Ln, Bennettsville","elev_ft":141}},{"type":"Feature","geometry":{"type":"Point","coordinates":[-80.172646,34.435768]},"properties":{"kind":"campsite","src":"overture:meta","name":"Tony's Campground","website":"http://tonyscampground.com/","addr":"1293 Tabernacle Church Rd, McBee","elev_ft":289}},{"type":"Feature","geometry":{"type":"Point","coordinates":[-80.172676,34.434219]},"properties":{"kind":"campsite","src":"overture:meta","name":"Fluffy's Family Campground","website":"https://fluffysfamilycampground.com/","addr":"1251 Tabernacle Church Rd, McBee","elev_ft":292}},{"type":"Feature","geometry":{"type":"Point","coordinates":[-79.90567,34.286358]},"properties":{"kind":"campsite","src":"overture:meta","name":"Weekend Pit Stop Darlington","addr":"1232 Indian Branch Rd, Darlington","elev_ft":167}},{"type":"Feature","geometry":{"type":"Point","coordinates":[-79.911903,34.289455]},"properties":{"kind":"campsite","src":"overture:meta","name":"Trackside Camping","website":"http://Tracksidecamping.net/","addr":"1101 Lamar Hwy, Darlington","elev_ft":167}},{"type":"Feature","geometry":{"type":"Point","coordinates":[-82.076172,34.773243]},"properties":{"kind":"rv_park","src":"overture:meta","name":"Fireside RV Park","addr":"131 Wofford Rd, Woodruff","elev_ft":807}},{"type":"Feature","geometry":{"type":"Point","coordinates":[-83.059799,34.927643]},"properties":{"kind":"rv_park","src":"overture:meta","name":"LDMA Oconee Camp","website":"http://www.oconeegoldcamp.com/","addr":"475 Ldma Dr, Tamassee","elev_ft":1181}},{"type":"Feature","geometry":{"type":"Point","coordinates":[-82.952271,34.954815]},"properties":{"kind":"campsite","src":"overture:meta","name":"Devils Fork State Park Campground","website":"http://www.southcarolinaparks.com/devilsfork/introduction.aspx","addr":"498 Turkey Ridge Rd, Salem","elev_ft":1171}},{"type":"Feature","geometry":{"type":"Point","coordinates":[-82.945656,34.934875]},"properties":{"kind":"campsite","src":"overture:meta","name":"Jocassee RV Camp","addr":"105 Campground Dr, Salem","elev_ft":1125}},{"type":"Feature","geometry":{"type":"Point","coordinates":[-82.943161,34.914925]},"properties":{"kind":"rv_park","src":"overture:meta","name":"Boone Creek Campground","website":"http://Boonecreekcampground.godaddysites.com/","addr":"199 Boone Creek Rd, Salem","elev_ft":1050}},{"type":"Feature","geometry":{"type":"Point","coordinates":[-82.836235,34.860283]},"properties":{"kind":"rv_park","src":"overture:meta","name":"Miller Land RV Park","addr":"474 Duncan Rd, Six Mile","elev_ft":932}},{"type":"Feature","geometry":{"type":"Point","coordinates":[-82.855179,34.973171]},"properties":{"kind":"rv_park","src":"overture:meta","name":"Eastatoee River RV Park","website":"http://www.eastatoeeriverrvpark.com/index2.php#!/Home","addr":"1325 Cleo Chapman Hwy, Sunset","elev_ft":978}},{"type":"Feature","geometry":{"type":"Point","coordinates":[-82.623856,35.069679]},"properties":{"kind":"campsite","src":"overture:Foursquare","name":"Solitude Pointe Cabins and RV Park","website":"http://www.solitudepointe.com","addr":"102 Table Rock Rd, Cleveland","elev_ft":1204}},{"type":"Feature","geometry":{"type":"Point","coordinates":[-82.797691,35.027443]},"properties":{"kind":"campsite","src":"overture:meta","name":"Camp McCall","website":"http://campmccall.org/","addr":"108 Ambassador Rd, Sunset","elev_ft":1890}},{"type":"Feature","geometry":{"type":"Point","coordinates":[-82.639839,34.896286]},"properties":{"kind":"rv_park","src":"overture:meta","name":"April Valley RV Park","website":"http://aprilvalleyrvpark.com/","addr":"149 April Valley Ln, Pickens","elev_ft":1043}},{"type":"Feature","geometry":{"type":"Point","coordinates":[-82.5354,34.949551]},"properties":{"kind":"campsite","src":"overture:meta","name":"The Camp at Shoals Creek","addr":"817 N Martin Rd, Easley","elev_ft":922}},{"type":"Feature","geometry":{"type":"Point","coordinates":[-82.417961,35.03112]},"properties":{"kind":"rv_park","src":"overture:meta","name":"Carolina Crossroads RV Park","website":"http://WWW.Carolinacrossroadsrvpark.com/","addr":"6141 Locust Hill Rd, Travelers Rest","elev_ft":1132}},{"type":"Feature","geometry":{"type":"Point","coordinates":[-82.423683,35.062759]},"properties":{"kind":"campsite","src":"overture:meta","name":"KOA Campgrounds","addr":"2400 N Highway 25, Travelers Rest","elev_ft":1132}},{"type":"Feature","geometry":{"type":"Point","coordinates":[-82.427116,35.061665]},"properties":{"kind":"campsite","src":"overture:meta","name":"Travelers Rest / North Greenville KOA Holiday","website":"https://koa.com/campgrounds/greenville/","addr":"2400 N Highway 25, Travelers Rest","elev_ft":1109}},{"type":"Feature","geometry":{"type":"Point","coordinates":[-82.519051,35.128906]},"properties":{"kind":"campsite","src":"overture:Foursquare","name":"Camp Wabak","website":"http://www.gssc-mm.org/en/camp/summer-program.html","addr":"36 Camp Wabak Rd, Marietta","elev_ft":1237}},{"type":"Feature","geometry":{"type":"Point","coordinates":[-82.535431,35.131046]},"properties":{"kind":"campsite","src":"overture:meta","name":"Palmetto Bible Camp","website":"http://pbc.camp/","addr":"140 Fall Creek Rd, Marietta","elev_ft":1191}},{"type":"Feature","geometry":{"type":"Point","coordinates":[-82.443558,35.090485]},"properties":{"kind":"campsite","src":"overture:meta","name":"Dark Corner Valley RV Park","website":"http://darkcornervalley.com/","addr":"4 Wicks Creek Rd, Travelers Rest","elev_ft":1079}},{"type":"Feature","geometry":{"type":"Point","coordinates":[-81.532951,34.869152]},"properties":{"kind":"campsite","src":"overture:meta","name":"Wildwood Ranch","website":"https://www.wildwoodranchsc.com/","addr":"2776 Mt Tabor Church Rd, Jonesville","elev_ft":515}},{"type":"Feature","geometry":{"type":"Point","coordinates":[-81.733437,35.075123]},"properties":{"kind":"campsite","src":"overture:meta","name":"Turtle Creek Campground","website":"http://turtlecreekcampground.com/","addr":"2549 Overbrook Dr, Gaffney","elev_ft":745}},{"type":"Feature","geometry":{"type":"Point","coordinates":[-81.696915,35.075294]},"properties":{"kind":"campsite","src":"overture:Foursquare","name":"Lippert Components","website":"http://spectalindustries.com","addr":"121 Pan American Dr, Gaffney","elev_ft":761}},{"type":"Feature","geometry":{"type":"Point","coordinates":[-81.63868,35.09483]},"properties":{"kind":"rv_park","src":"overture:meta","name":"CR Paradise","addr":"248 Lockhart Ln, Gaffney","elev_ft":682}},{"type":"Feature","geometry":{"type":"Point","coordinates":[-81.379387,35.038048]},"properties":{"kind":"campsite","src":"overture:meta","name":"Woodland Park Campground","addr":"787 Woodland Park Rd, Smyrna","elev_ft":633}},{"type":"Feature","geometry":{"type":"Point","coordinates":[-81.138474,34.97406]},"properties":{"kind":"campsite","src":"overture:meta","name":"Bethelwoods Camp and Conference Center","website":"http://www.bethelwoods.org/","addr":"922 W Mt Gallant Rd, York","elev_ft":696}},{"type":"Feature","geometry":{"type":"Point","coordinates":[-80.883987,34.986977]},"properties":{"kind":"campsite","src":"overture:Microsoft","name":"Master Vision Tape Transfer & Duplication","website":"http://mastervisiontape.com/","addr":"9249 Ladson Rd, Fort Mill","elev_ft":535}},{"type":"Feature","geometry":{"type":"Point","coordinates":[-81.476349,35.111675]},"properties":{"kind":"campsite","src":"overture:meta","name":"Double M Campground","addr":"953 York Hwy, Blacksburg","elev_ft":778}},{"type":"Feature","geometry":{"type":"Point","coordinates":[-81.50074,35.121189]},"properties":{"kind":"rv_park","src":"overture:meta","name":"Cherokee RV Park","website":"https://cherokeervpark.com","addr":"140 Carroll Dr, Blacksburg","elev_ft":804}},{"type":"Feature","geometry":{"type":"Point","coordinates":[-81.581497,35.137001]},"properties":{"kind":"rv_park","src":"overture:meta","name":"Hillside RV Park","website":"http://www.hillsideparkrv.com/","addr":"1521 Shelby Hwy, Blacksburg","elev_ft":673}},{"type":"Feature","geometry":{"type":"Point","coordinates":[-81.574783,35.160984]},"properties":{"kind":"rv_park","src":"overture:meta","name":"Rolling Hills RV Park","addr":"2088 Shelby Hwy, Blacksburg","elev_ft":686}},{"type":"Feature","geometry":{"type":"Point","coordinates":[-81.241516,35.157848]},"properties":{"kind":"rv_park","src":"overture:meta","name":"The Glen at Clover","website":"https://rootsmg.com/","addr":"626 Adriatic Ln, Clover","elev_ft":801}},{"type":"Feature","geometry":{"type":"Point","coordinates":[-81.336967,35.12862]},"properties":{"kind":"campsite","src":"overture:meta","name":"Camp Cherokee","website":"http://ymcacampcherokee.org","addr":"1299 Camp Cherokee Rd, Blacksburg","elev_ft":758}},{"type":"Feature","geometry":{"type":"Point","coordinates":[-82.897667,34.852749]},"properties":{"kind":"campsite","src":"overture:meta","name":"Mile Creek Campground","website":"visitmilecreekpark.com","elev_ft":817}},{"type":"Feature","geometry":{"type":"Point","coordinates":[-81.038246,32.323292]},"properties":{"kind":"rv_park","src":"overture:meta","name":"Lake Jasper RV Park","website":"https://cove.info/LakeJasperRVParkGMB","addr":"44 Camp Lake Dr, Hardeeville","elev_ft":36}},{"type":"Feature","geometry":{"type":"Point","coordinates":[-82.993134,34.486073]},"properties":{"kind":"campsite","src":"overture:meta","name":"Overlook Cove RV Park","website":"http://Littlecreekresort.com/","addr":"860 Overlook Dr, Oconee County","elev_ft":712}},{"type":"Feature","geometry":{"type":"Point","coordinates":[-81.962837,35.17382]},"properties":{"kind":"campsite","src":"overture:Foursquare","name":"Carolina Foothills Resort","website":"http://www.carolinafoothills.com","addr":"90 Carolina Foothills Dr, Chesnee","elev_ft":925}},{"type":"Feature","geometry":{"type":"Point","coordinates":[-81.5625,33.13755]},"properties":{"kind":"campsite","src":"overture:meta","name":"Sand Springs Campground","website":"http://www.sandspringscampgroundwv.com/","addr":"1309 Sand Springs Rd, Morgantown","elev_ft":262}},{"type":"Feature","geometry":{"type":"Point","coordinates":[-79.896545,34.548832]},"properties":{"kind":"campsite","src":"overture:meta","name":"Camp Coker and the Camp Coker Trust","website":"http://campcoker.info/","addr":"2029 Camp Coker Rd, Society Hill","elev_ft":184}},{"type":"Feature","geometry":{"type":"Point","coordinates":[-80.729294,34.382282]},"properties":{"kind":"campsite","src":"overture:meta","name":"Wateree Recreation Area","website":"https://www.thebestfss.com/lodging/wateree-recreation-area","addr":"2030 Baron Dekalb Rd, Camden","elev_ft":266}},{"type":"Feature","geometry":{"type":"Point","coordinates":[-80.964844,33.964539]},"properties":{"kind":"campsite","src":"overture:meta","name":"Hammond Summer Programs","website":"https://www.hammondschool.org/summer-programs/summer-at-hammond","addr":"854 Galway Ln, Columbia","elev_ft":217}},{"type":"Feature","geometry":{"type":"Point","coordinates":[-79.897743,34.284878]},"properties":{"kind":"campsite","src":"overture:meta","name":"Trackside Camping","addr":"1101 Lamar Hwy, Darlington","elev_ft":161}},{"type":"Feature","geometry":{"type":"Point","coordinates":[-80.92984,34.10281]},"properties":{"kind":"campsite","src":"overture:meta","name":"Camp Gesher","website":"http://campgesher.godaddysites.com/","addr":"306 Flora Dr, Columbia","elev_ft":312}},{"type":"Feature","geometry":{"type":"Point","coordinates":[-79.841492,32.930794]},"properties":{"kind":"rv_park","src":"overture:meta","name":"Ready Set Go Camping","website":"http://www.ReadySetGoCamping.com/","addr":"1051 Cainhoy Village Rd, Charleston","elev_ft":33}},{"type":"Feature","geometry":{"type":"Point","coordinates":[-81.6828,34.891094]},"properties":{"kind":"campsite","src":"overture:meta","name":"Camp Jerusalem","addr":"2432 Jerusalem Rd, Pacolet","elev_ft":617}},{"type":"Feature","geometry":{"type":"Point","coordinates":[-82.77916,34.514309]},"properties":{"kind":"rv_park","src":"overture:meta","name":"Lakeview mhp/rv park","website":"http://Bigmikeinvestments.com/","addr":"3620 Whitehall Rd, Anderson","elev_ft":781}},{"type":"Feature","geometry":{"type":"Point","coordinates":[-83.014046,34.514114]},"properties":{"kind":"rv_park","src":"overture:meta","name":"Fairplay Rv park","website":"http://fairplayrvpark.com/","addr":"243 Fishers Cove Rd, Fair Play","elev_ft":840}},{"type":"Feature","geometry":{"type":"Point","coordinates":[-83.182823,34.857487]},"properties":{"kind":"campsite","src":"overture:meta","name":"Chattooga Trails Bed and Barn, LLC","website":"http://Chattoogatrailsbedandbarn.com/","elev_ft":1736}},{"type":"Feature","geometry":{"type":"Point","coordinates":[-80.205284,32.784744]},"properties":{"kind":"rv_park","src":"overture:meta","name":"Ravenel Mobile Home Park","website":"https://www.mhvillage.com/Communities/MobileHomeParks.php?City=R...","addr":"5360 Savannah Hwy, Ravenel","elev_ft":49}},{"type":"Feature","geometry":{"type":"Point","coordinates":[-80.762291,32.431107]},"properties":{"kind":"campsite","src":"overture:meta","name":"Serenity Trails Camp","website":"http://www.serenitytrails/hipcamp","addr":"166 Joe Frazier Rd, Beaufort","elev_ft":49}},{"type":"Feature","geometry":{"type":"Point","coordinates":[-79.561951,33.174492]},"properties":{"kind":"campsite","src":"overture:meta","name":"Honey Hill Recreation Area","addr":"3533 French Santee Rd, Jamestown","elev_ft":46}},{"type":"Feature","geometry":{"type":"Point","coordinates":[-80.902588,34.635914]},"properties":{"kind":"campsite","src":"overture:meta","name":"Riverview Campground","addr":"1236 Catawba River Rd, Great Falls","elev_ft":463}},{"type":"Feature","geometry":{"type":"Point","coordinates":[-80.546097,33.223232]},"properties":{"kind":"campsite","src":"overture:meta","name":"Indian Field Campground","website":"http://en.wikipedia.org/wiki/Indian_Fields_Methodist_Campground","elev_ft":108}},{"type":"Feature","geometry":{"type":"Point","coordinates":[-79.170303,34.191372]},"properties":{"kind":"campsite","src":"overture:meta","name":"Wildlife Action","addr":"753 Fork Retch Ct, Mullins","elev_ft":52}},{"type":"Feature","geometry":{"type":"Point","coordinates":[-80.81572,33.940784]},"properties":{"kind":"campsite","src":"overture:meta","name":"Camp Cole","website":"http://www.campcole.org/","addr":"1571 Crossing Creek Rd, Eastover","elev_ft":230}},{"type":"Feature","geometry":{"type":"Point","coordinates":[-80.595924,33.276215]},"properties":{"kind":"campsite","src":"overture:meta","name":"Shady Grove Campground","website":"stgeorgeoralhistory.weebly.com/shady-grove-campground.html","addr":"109 Plum Branch Dr, Dorchester County","elev_ft":112}},{"type":"Feature","geometry":{"type":"Point","coordinates":[-81.405609,34.275093]},"properties":{"kind":"campsite","src":"overture:meta","name":"Gateway Motorhome and RV Park","website":"http://www.gatewaymotorhomepark.com","addr":"2688 Peak Rd, Pomaria","elev_ft":423}},{"type":"Feature","geometry":{"type":"Point","coordinates":[-80.133133,32.89217]},"properties":{"kind":"campsite","src":"overture:Microsoft","name":"Middleton Place Equestrian Camping & Trails","addr":"4300 Ashley River Rd, Charleston","elev_ft":43}},{"type":"Feature","geometry":{"type":"Point","coordinates":[-79.021507,33.686344]},"properties":{"kind":"campsite","src":"overture:Microsoft","name":"Cypress Camping Resort","website":"http://cypresscampingresort.com/","addr":"101 Cypress River Way, Myrtle Beach","elev_ft":13}},{"type":"Feature","geometry":{"type":"Point","coordinates":[-78.733086,33.938503]},"properties":{"kind":"campsite","src":"overture:Microsoft","name":"WillowTree RV Resort","website":"https://willowtreervr.com/","addr":"520 Southern Sights Dr, Longs","elev_ft":-3}},{"type":"Feature","geometry":{"type":"Point","coordinates":[-82.158859,34.653732]},"properties":{"kind":"rv_park","src":"overture:Microsoft","name":"Shibby RV Living","website":"https://www.shibbyrv.com/","addr":"701 S Frontage Rd, Fountain Inn","elev_ft":807}},{"type":"Feature","geometry":{"type":"Point","coordinates":[-82.984612,34.914898]},"properties":{"kind":"campsite","src":"overture:Microsoft","name":"Lonesome Dove Campground and RV PARK, LP","website":"https://lonesomedovecampgroundrvpark.business.site/","addr":"720 Lonesome Dove Lane, salem","elev_ft":1079}},{"type":"Feature","geometry":{"type":"Point","coordinates":[-82.108162,34.740318]},"properties":{"kind":"campsite","src":"overture:meta","name":"Clear Creek RV Park","addr":"7218 Highway 418, Fountain Inn","elev_ft":673}},{"type":"Feature","geometry":{"type":"Point","coordinates":[-80.419205,32.976868]},"properties":{"kind":"rv_park","src":"overture:meta","name":"Sanctuary at Edisto River Lodge","website":"https://www.hipcamp.com/en-US/land/south-carolina-edisto-river-luxury-rv-resort-y0zhe6v2","addr":"368 Natures Trl, Ridgeville","elev_ft":46}},{"type":"Feature","geometry":{"type":"Point","coordinates":[-78.843224,33.843864]},"properties":{"kind":"rv_park","src":"overture:meta","name":"Carolina Pines Resort","addr":"5800 SC-90, Conway","elev_ft":36}},{"type":"Feature","geometry":{"type":"Point","coordinates":[-79.003571,33.674568]},"properties":{"kind":"campsite","src":"overture:meta","name":"Ocean Lakes Campground - Myrtle Beach, SC","addr":"707, Myrtle Beach","elev_ft":43}},{"type":"Feature","geometry":{"type":"Point","coordinates":[-79.519798,34.214066]},"properties":{"kind":"campsite","src":"overture:meta","name":"SCCoG Eastern Campground - aka Pee Dee","website":"http://sccog.com/","addr":"507 Highway 301, Marion","elev_ft":66}},{"type":"Feature","geometry":{"type":"Point","coordinates":[-80.471344,33.201065]},"properties":{"kind":"campsite","src":"overture:meta","name":"St. Paul Camp Ground","elev_ft":79}},{"type":"Feature","geometry":{"type":"Point","coordinates":[-81.595329,35.005329]},"properties":{"kind":"campsite","src":"overture:meta","name":"Rock Creek Farm / Camp","addr":"871 Pondfield Rd, Gaffney","elev_ft":643}},{"type":"Feature","geometry":{"type":"Point","coordinates":[-80.174179,33.105]},"properties":{"kind":"campsite","src":"overture:meta","name":"Cypress Methodist Camp Ground","website":"https://www.cypresscampground.com/","elev_ft":85}},{"type":"Feature","geometry":{"type":"Point","coordinates":[-78.899887,33.683723]},"properties":{"kind":"campsite","src":"overture:meta","name":"KOA Myrtle Beach","website":"http://koa.com/campgrounds/myrtle-beach/","addr":"613 5th Ave S, Myrtle Beach","elev_ft":-10}},{"type":"Feature","geometry":{"type":"Point","coordinates":[-83.096481,34.930019]},"properties":{"kind":"campsite","src":"overture:meta","name":"Cherry Hill Campground","addr":"SC 107, Tamassee","elev_ft":2195}},{"type":"Feature","geometry":{"type":"Point","coordinates":[-81.450714,34.700684]},"properties":{"kind":"campsite","src":"overture:meta","name":"Woods Ferry Recreation Area","elev_ft":400}},{"type":"Feature","geometry":{"type":"Point","coordinates":[-82.911499,34.829067]},"properties":{"kind":"campsite","src":"overture:meta","name":"Mile Creek Campground. Six Mile S.C","website":"visitmilecreekpark.com","elev_ft":840}},{"type":"Feature","geometry":{"type":"Point","coordinates":[-78.921066,33.657578]},"properties":{"kind":"campsite","src":"overture:meta","name":"Springmaid Beach campground","website":"http://www.springmaidbeachcampground.com/","addr":"3200 S Ocean Blvd, Myrtle Beach","elev_ft":-20}},{"type":"Feature","geometry":{"type":"Point","coordinates":[-81.003273,33.522434]},"properties":{"kind":"campsite","src":"overture:meta","name":"South Atlantic Conference River Oaks","addr":"2896 Neeses Hwy, Orangeburg","elev_ft":285}},{"type":"Feature","geometry":{"type":"Point","coordinates":[-81.048859,33.011341]},"properties":{"kind":"campsite","src":"overture:Foursquare","name":"Broxton Bridge Plantation","website":"http://www.broxtonbridge.com","addr":"Broxton Bridge Rd, Ehrhardt","elev_ft":115}},{"type":"Feature","geometry":{"type":"Point","coordinates":[-80.718971,32.884968]},"properties":{"kind":"campsite","src":"overture:Foursquare","name":"New Green Acres campground","website":"http://www.newgreenacres.com","addr":"396 Campground Rd, Walterboro","elev_ft":121}},{"type":"Feature","geometry":{"type":"Point","coordinates":[-80.745644,32.504955]},"properties":{"kind":"campsite","src":"overture:Foursquare","name":"Driftwood Campsite","website":"http://driftwoodcampsite.placeweb.site","addr":"2558 Trask Pkwy, Beaufort","elev_ft":16}},{"type":"Feature","geometry":{"type":"Point","coordinates":[-80.461823,32.342808]},"properties":{"kind":"campsite","src":"overture:Foursquare","name":"Hunting Island State Park","website":"http://www.huntingisland.com","addr":"2555 Sea Island Pkwy St. Helena, Saint Helena Island","elev_ft":16}},{"type":"Feature","geometry":{"type":"Point","coordinates":[-81.199333,33.66785]},"properties":{"kind":"campsite","src":"overture:Foursquare","name":"Yogi Bear's Jellystone Park","website":"http://www.campjellystone.com/find-a-park/96-swansea-sc-columbia","addr":"357 Cedar Creek Rd, Swansea","elev_ft":305}},{"type":"Feature","geometry":{"type":"Point","coordinates":[-80.47097,33.679852]},"properties":{"kind":"campsite","src":"overture:Foursquare","name":"Tracy's Camp","website":"http://www.tracyscamp.com","addr":"2031 Crooked Pine Trl, Pinewood","elev_ft":141}},{"type":"Feature","geometry":{"type":"Point","coordinates":[-81.96859,34.232777]},"properties":{"kind":"campsite","src":"overture:Foursquare","name":"Mansfield Park Campground","website":"http://mansfieldparkcampground.net","addr":"1002 Pittmans Landing Dr, Cross Hill","elev_ft":515}},{"type":"Feature","geometry":{"type":"Point","coordinates":[-81.54834,34.324234]},"properties":{"kind":"campsite","src":"overture:Foursquare","name":"White Mobile Home Community","website":"http://www.whitemhp.com","addr":"10083 SC-34, Newberry","elev_ft":541}},{"type":"Feature","geometry":{"type":"Point","coordinates":[-79.751648,34.746632]},"properties":{"kind":"campsite","src":"overture:Foursquare","name":"Camp Pee Dee","website":"http://www.camppeedee.org","addr":"1201 Camp Pee Dee Rd, Bennettsville","elev_ft":279}},{"type":"Feature","geometry":{"type":"Point","coordinates":[-82.015953,34.951771]},"properties":{"kind":"rv_park","src":"overture:meta","name":"Palmetto West Mobile Home Park","addr":"2601 Fairforest Clevedale Rd, Spartanburg","elev_ft":837}},{"type":"Feature","geometry":{"type":"Point","coordinates":[-82.132454,35.165939]},"properties":{"kind":"campsite","src":"overture:meta","name":"Cove Creek Campground Pisgah National Forest Brevard NC","website":"http://mapq.st/1MpAQlk","elev_ft":1037}},{"type":"Feature","geometry":{"type":"Point","coordinates":[-80.844841,32.735397]},"properties":{"kind":"campsite","src":"overture:meta","name":"Santee State Park","elev_ft":43}},{"type":"Feature","geometry":{"type":"Point","coordinates":[-83.07148,34.57526]},"properties":{"kind":"campsite","src":"overture:meta","name":"Camp Tails and Trails RV and Tent Campground","website":"https://www.campspot.com/book/Tails-and-Trails","addr":"207 Little Choestoea Rd, Westminster","elev_ft":791}},{"type":"Feature","geometry":{"type":"Point","coordinates":[-78.880241,33.693848]},"properties":{"kind":"campsite","src":"overture:meta","name":"Lakewood Camping Resort Inc","website":"http://www.lakewoodcampground.com/","addr":"914 Chester St, Myrtle Beach","elev_ft":-3}},{"type":"Feature","geometry":{"type":"Point","coordinates":[-81.708344,34.051056]},"properties":{"kind":"campsite","src":"overture:meta","name":"Oak Hill Trail Ride","addr":"306 Long Rd, Saluda","elev_ft":440}},{"type":"Feature","geometry":{"type":"Point","coordinates":[-82.470985,34.893112]},"properties":{"kind":"campsite","src":"overture:meta","name":"Camp Cheraw","website":"http://www.bereafbc.org/","addr":"529 Farrs Bridge Rd, Greenville","elev_ft":1024}},{"type":"Feature","geometry":{"type":"Point","coordinates":[-81.008606,32.427799]},"properties":{"kind":"campsite","src":"overture:meta","name":"Point South, South Carolina","elev_ft":75}},{"type":"Feature","geometry":{"type":"Point","coordinates":[-82.037506,34.75935]},"properties":{"kind":"campsite","src":"overture:meta","name":"The Rich Hause Jr. Memorial Campground","elev_ft":768}},{"type":"Feature","geometry":{"type":"Point","coordinates":[-82.654129,34.475376]},"properties":{"kind":"rv_park","src":"overture:meta","name":"Lake Heartwell Adult RV","addr":"14499 S Highway 11, Westminster","elev_ft":817}},{"type":"Feature","geometry":{"type":"Point","coordinates":[-78.957588,33.624718]},"properties":{"kind":"campsite","src":"overture:meta","name":"Soap 'N Suds","website":"https://www.oceanlakes.com/amenities/camptown-center/soapy-suds","addr":"Ocean Lakes Dr restricted acsess inside Ocean Lakes Campground, Myrtle Beach","elev_ft":49}},{"type":"Feature","geometry":{"type":"Point","coordinates":[-78.962646,33.621071]},"properties":{"kind":"campsite","src":"overture:meta","name":"Ocean Lakes Campground Myrtle Beach","elev_ft":56}},{"type":"Feature","geometry":{"type":"Point","coordinates":[-82.782433,34.462769]},"properties":{"kind":"campsite","src":"overture:meta","name":"Saddlers Creek Campground","website":"southcarolinaparks.com/sadlerscreek/introduction.aspx","elev_ft":748}},{"type":"Feature","geometry":{"type":"Point","coordinates":[-81.487213,35.168987]},"properties":{"kind":"campsite","src":"overture:meta","name":"Neal Creek camping by the creek","website":"http://hipcamp.com/","addr":"Holly Ridge Rd., Grover","elev_ft":774}},{"type":"Feature","geometry":{"type":"Point","coordinates":[-78.949554,33.629585]},"properties":{"kind":"rv_park","src":"overture:meta","name":"Lakewood Rv Resort","elev_ft":39}},{"type":"Feature","geometry":{"type":"Point","coordinates":[-82.819389,34.381168]},"properties":{"kind":"campsite","src":"overture:meta","name":"Crescent Cove Campground - Lake Hartwell","elev_ft":673}},{"type":"Feature","geometry":{"type":"Point","coordinates":[-79.695503,33.055702]},"properties":{"kind":"campsite","src":"overture:meta","name":"Halfway Creek Campground","elev_ft":62}},{"type":"Feature","geometry":{"type":"Point","coordinates":[-82.906563,34.602676]},"properties":{"kind":"campsite","src":"overture:meta","name":"Lakeside RV Park","addr":"330 Coneross Creek Rd, Seneca","elev_ft":692}},{"type":"Feature","geometry":{"type":"Point","coordinates":[-80.738716,34.688404]},"properties":{"kind":"campsite","src":"overture:meta","name":"Haunted Hills Of Cane Mill","website":"http://www.survivethenight.org/","addr":"2010 Cane Mill Rd, Lancaster","elev_ft":587}},{"type":"Feature","geometry":{"type":"Point","coordinates":[-80.901169,32.342323]},"properties":{"kind":"campsite","src":"overture:meta","name":"Camp St Mary's Okatie Sc","elev_ft":26}},{"type":"Feature","geometry":{"type":"Point","coordinates":[-81.566307,34.08189]},"properties":{"kind":"campsite","src":"overture:meta","name":"Boogers Fish Camp","website":"http://BoogersFishCamp.com/","addr":"245 Tailers Trl, Batesburg-Leesville","elev_ft":387}},{"type":"Feature","geometry":{"type":"Point","coordinates":[-81.509331,35.089054]},"properties":{"kind":"campsite","src":"overture:meta","name":"Cross Roads Campground ","addr":"118 Batchelor Dr, Blacksburg","elev_ft":830}},{"type":"Feature","geometry":{"type":"Point","coordinates":[-79.015747,33.805046]},"properties":{"kind":"rv_park","src":"overture:meta","name":"Crossroads Mobile Home Village","website":"http://www.ogdenblinds.com","addr":"1124 Cox Ferry Rd, Conway","elev_ft":46}},{"type":"Feature","geometry":{"type":"Point","coordinates":[-78.96508,33.624699]},"properties":{"kind":"campsite","src":"overture:meta","name":"Ocean Lakes Family Campground-Everlee's Beach House Site 1802","addr":"1802 Lovestone Dr, Myrtle Beach","elev_ft":49}},{"type":"Feature","geometry":{"type":"Point","coordinates":[-79.763252,33.854225]},"properties":{"kind":"campsite","src":"overture:meta","name":"Free Camp of the Pee Dee","addr":"620 S Ronald McNair Blvd, Lake City","elev_ft":75}},{"type":"Feature","geometry":{"type":"Point","coordinates":[-82.165291,33.852818]},"properties":{"kind":"campsite","src":"overture:meta","name":"Deerfeathers Store & Campground","website":"http://deerfeathers.com","addr":"2536 SC Highway 283, Plum Branch","elev_ft":453}},{"type":"Feature","geometry":{"type":"Point","coordinates":[-81.873573,34.845058]},"properties":{"kind":"campsite","src":"overture:meta","name":"Optimist Acres","website":"http://www.scbreakfastoptimist.org","addr":"209 Foster Mill Rd, Spartanburg","elev_ft":794}},{"type":"Feature","geometry":{"type":"Point","coordinates":[-80.36512,33.170658]},"properties":{"kind":"campsite","src":"overture:meta","name":"Rock's Pond Campground","elev_ft":105}},{"type":"Feature","geometry":{"type":"Point","coordinates":[-78.964905,33.626385]},"properties":{"kind":"campsite","src":"overture:meta","name":"Billabong Surf Camp Ocean Lakes","addr":"1165 Ocean Lakes Campground, 6001 S Kings Hwy, Myrtle Beach","elev_ft":46}},{"type":"Feature","geometry":{"type":"Point","coordinates":[-82.441589,35.038902]},"properties":{"kind":"rv_park","src":"overture:meta","name":"Little Lake RV Park","website":"http://littlelakervpark1.placeweb.site","addr":"219 Stamey Valley Rd, Travelers Rest","elev_ft":1066}},{"type":"Feature","geometry":{"type":"Point","coordinates":[-81.52475,34.472122]},"properties":{"kind":"campsite","src":"overture:meta","name":"Collins Creek Seasonal Camp","elev_ft":482}},{"type":"Feature","geometry":{"type":"Point","coordinates":[-80.842323,34.992229]},"properties":{"kind":"campsite","src":"overture:meta","name":"Atomz Lab","website":"http://www.atomzlab.com/","addr":"520 Zimmer Rd, Fort Mill","elev_ft":584}},{"type":"Feature","geometry":{"type":"Point","coordinates":[-82.424957,33.881168]},"properties":{"kind":"campsite","src":"overture:meta","name":"Hickory Knob Campsite 22","elev_ft":354}},{"type":"Feature","geometry":{"type":"Point","coordinates":[-81.577705,34.419777]},"properties":{"kind":"campsite","src":"overture:meta","name":"Sumter National Forest Enoree Ranger Station","elev_ft":397}},{"type":"Feature","geometry":{"type":"Point","coordinates":[-80.924126,34.853432]},"properties":{"kind":"rv_park","src":"overture:meta","name":"Cedar Valley Mobile Home Park","addr":"5097 Cedar Vly, Catawba","elev_ft":646}},{"type":"Feature","geometry":{"type":"Point","coordinates":[-81.358063,32.924316]},"properties":{"kind":"campsite","src":"overture:meta","name":"Smyrna Farm Campground","website":"http://www.smyrnafarm.com/","addr":"512 Dog Pen Rd, Fairfax","elev_ft":177}},{"type":"Feature","geometry":{"type":"Point","coordinates":[-78.764862,33.800869]},"properties":{"kind":"rv_park","src":"overture:meta","name":"The Rainbow Spot","website":"https://www.vrbo.com/2981905","addr":"5750 Oyster Catcher Dr, North Myrtle Beach","elev_ft":-7}},{"type":"Feature","geometry":{"type":"Point","coordinates":[-79.026733,33.568249]},"properties":{"kind":"rv_park","src":"overture:meta","name":"Sur_Reel at The Inlet","website":"http://www.stayatsurreel.com/","addr":"22 Shady Oak Ln, Murrells Inlet","elev_ft":33}},{"type":"Feature","geometry":{"type":"Point","coordinates":[-81.965996,34.237732]},"properties":{"kind":"campsite","src":"overture:meta","name":"Mansfield","addr":"52 Pittmans Landing Dr, Cross Hill","elev_ft":518}},{"type":"Feature","geometry":{"type":"Point","coordinates":[-82.346733,34.866119]},"properties":{"kind":"campsite","src":"overture:meta","name":"Itschool Academy","website":"https://itschoolacademy.com","addr":"219 Pelham Rd, Greenville","elev_ft":1102}},{"type":"Feature","geometry":{"type":"Point","coordinates":[-82.341606,33.835144]},"properties":{"kind":"campsite","src":"overture:meta","name":"Hawe Creek","website":"https://www.mapquest.com/.../hawe-creek-campground-353508443","elev_ft":351}},{"type":"Feature","geometry":{"type":"Point","coordinates":[-82.553062,35.028]},"properties":{"kind":"campsite","src":"overture:meta","name":"Marietta Baptist Camp and Conference Center","website":"http://campmarietta.com/","addr":"162 Sakanaga Trce, Marietta","elev_ft":1070}},{"type":"Feature","geometry":{"type":"Point","coordinates":[-78.961472,33.61998]},"properties":{"kind":"rv_park","src":"overture:meta","name":"1427 Lovestone Drive Ocean Lakes Campground","addr":"1427 Lovestone Dr, Myrtle Beach","elev_ft":46}},{"type":"Feature","geometry":{"type":"Point","coordinates":[-78.680351,33.815453]},"properties":{"kind":"rv_park","src":"overture:meta","name":"Holland Capital Properties, LLC","website":"http://www.marvistagrandelux.com/","addr":"603 Ocean Blvd S, North Myrtle Beach","elev_ft":-10}},{"type":"Feature","geometry":{"type":"Point","coordinates":[-81.114944,33.71537]},"properties":{"kind":"campsite","src":"overture:meta","name":"Mooreville","addr":"332 Whetstone Rd, Swansea","elev_ft":420}},{"type":"Feature","geometry":{"type":"Point","coordinates":[-80.797722,32.455494]},"properties":{"kind":"campsite","src":"overture:meta","name":"MCRD Parris Island Campgrounds","elev_ft":52}},{"type":"Feature","geometry":{"type":"Point","coordinates":[-81.912758,34.200535]},"properties":{"kind":"campsite","src":"overture:meta","name":"Private Lakefront Getaway - Camp Q","addr":"1084 Riveria Dr, Chappells","elev_ft":479}},{"type":"Feature","geometry":{"type":"Point","coordinates":[-81.134323,33.962803]},"properties":{"kind":"rv_park","src":"overture:meta","name":"Lakewood Mobile Home Estates","website":"http://t.co/7kq8KUtqJ3","addr":"600 Ermine Rd, West Columbia","elev_ft":315}},{"type":"Feature","geometry":{"type":"Point","coordinates":[-80.526093,32.425449]},"properties":{"kind":"rv_park","src":"overture:meta","name":"New Directions RV Campsite","addr":"21 Saint Helenaville Rd, St Helena","elev_ft":49}},{"type":"Feature","geometry":{"type":"Point","coordinates":[-79.901695,34.297707]},"properties":{"kind":"campsite","src":"overture:meta","name":"Liberty Acres","addr":"1224 Harry Byrd Hwy, Darlington","elev_ft":144}},{"type":"Feature","geometry":{"type":"Point","coordinates":[-79.788757,33.172073]},"properties":{"kind":"campsite","src":"overture:meta","name":"Nicholson Creek Campsite","addr":"Palmetto Trail - Swamp Fox Passage, Berkeley County","elev_ft":36}},{"type":"Feature","geometry":{"type":"Point","coordinates":[-79.864571,33.09026]},"properties":{"kind":"campsite","src":"overture:meta","name":"Camp Low Country","website":"http://www.girlscouts.org","addr":"1280 Three Mile Rd, Cordesville","elev_ft":23}},{"type":"Feature","geometry":{"type":"Point","coordinates":[-79.929901,32.659733]},"properties":{"kind":"rv_park","src":"overture:meta","name":"StarView Cottage","website":"https://www.airbnb.com/h/starview-cottage-duplex-b-follystar","addr":"518 E Arctic Ave, Folly Beach","elev_ft":20}},{"type":"Feature","geometry":{"type":"Point","coordinates":[-79.071831,33.512424]},"properties":{"kind":"campsite","src":"overture:meta","name":"Huntington Beach state park","addr":"16148 Ocean Hwy, Murrells Inlet","elev_ft":56}},{"type":"Feature","geometry":{"type":"Point","coordinates":[-81.025803,32.175629]},"properties":{"kind":"rv_park","src":"overture:meta","name":"Thomas Rv Parks","website":"http://www.thomasrvparks.com","addr":"17 Whippoorwill Way, Hardeeville","elev_ft":36}},{"type":"Feature","geometry":{"type":"Point","coordinates":[-81.34417,35.132393]},"properties":{"kind":"campsite","src":"overture:meta","name":"Camp Wildwood of South Carolina","website":"http://campwildwoodsc.com/","addr":"Fire Rd, Blacksburg, SC 29702, Blacksburg","elev_ft":735}},{"type":"Feature","geometry":{"type":"Point","coordinates":[-80.339035,32.493279]},"properties":{"kind":"rv_park","src":"overture:meta","name":"Edisto Doc House","website":"https://www.edistodochouse.com/","addr":"3708 Village Ct, Edisto Beach","elev_ft":13}},{"type":"Feature","geometry":{"type":"Point","coordinates":[-80.666962,33.009457]},"properties":{"kind":"campsite","src":"overture:meta","name":"Lakeside Recovery and Clean Up","website":"http://lakesidecampground.com/","addr":"577 Brunson Ln, Walterboro","elev_ft":105}},{"type":"Feature","geometry":{"type":"Point","coordinates":[-80.144173,34.426426]},"properties":{"kind":"campsite","src":"overture:meta","name":"Lake Time Campground and Landing","website":"https://www.google.com/search?q=Lake+Time+Campground+and+Landing&ludocid=15343910394319339015&ibp=gwp%3B0%2C7&sa=X&ved=2ahUKEwip3OaYv7yDAxVPEVkFHVoDBg0Q_coHegQIGRAB&biw=414&bih=715&dpr=2#lpg=cid:CgIgAQ%3D%3D","addr":"1540 Easterling Landing Rd, Hartsville","elev_ft":243}},{"type":"Feature","geometry":{"type":"Point","coordinates":[-80.65358,34.740147]},"properties":{"kind":"rv_park","src":"overture:meta","name":"Steele's Mobile Home Parks","addr":"3751 Pageland Hwy, Lancaster","elev_ft":636}},{"type":"Feature","geometry":{"type":"Point","coordinates":[-81.761444,33.595177]},"properties":{"kind":"campsite","src":"overture:meta","name":"Outing Club","elev_ft":315}},{"type":"Feature","geometry":{"type":"Point","coordinates":[-80.998001,33.981369]},"properties":{"kind":"campsite","src":"overture:meta","name":"Pine Island Camp","website":"http://www.pineisland.org","addr":"920 Elm Ave, Columbia","elev_ft":253}},{"type":"Feature","geometry":{"type":"Point","coordinates":[-80.688507,32.200321]},"properties":{"kind":"rv_park","src":"overture:meta","name":"Holloway\u2019s HHI Ocean Front Condo","addr":"40 Folly Field Rd, Hilton Head Island","elev_ft":-335}},{"type":"Feature","geometry":{"type":"Point","coordinates":[-80.222588,33.529118]},"properties":{"kind":"campsite","src":"overture:meta","name":"Bob Cooper CREW","website":"https://bobcoopercrew.com/","addr":"8001 M W Rickenbaker Rd, Summerton","elev_ft":92}},{"type":"Feature","geometry":{"type":"Point","coordinates":[-82.222122,33.781483]},"properties":{"kind":"campsite","src":"overture:meta","name":"Parksville Recreation Area","addr":"Hwy 28 S, Parksville","elev_ft":384}},{"type":"Feature","geometry":{"type":"Point","coordinates":[-80.706131,33.453259]},"properties":{"kind":"campsite","src":"overture:meta","name":"Hidden Meadows RV Park & Campground","website":"http://hiddenmeadowsrv.com/","addr":"333 Webber Farm Rd, Orangeburg","elev_ft":187}},{"type":"Feature","geometry":{"type":"Point","coordinates":[-78.712952,33.80798]},"properties":{"kind":"rv_park","src":"overture:meta","name":"SunKiss Mermaid Vacation Rentals","website":"http://sunkissmermaid.com/","addr":"2423 US-17, North Myrtle Beach","elev_ft":10}},{"type":"Feature","geometry":{"type":"Point","coordinates":[-83.098923,34.697174]},"properties":{"kind":"rv_park","src":"overture:meta","name":"Lit'l Bit O' Heaven","addr":"213 Charda Dr, Westminster","elev_ft":945}},{"type":"Feature","geometry":{"type":"Point","coordinates":[-80.406013,33.447929]},"properties":{"kind":"campsite","src":"overture:meta","name":"Northpoint Campground","addr":"385 Mill Creek Rd, Vance","elev_ft":144}},{"type":"Feature","geometry":{"type":"Point","coordinates":[-79.068024,33.535168]},"properties":{"kind":"rv_park","src":"overture:meta","name":"Shallow Creek RV Park","addr":"5291 Wesley Rd, Murrells Inlet","elev_ft":56}},{"type":"Feature","geometry":{"type":"Point","coordinates":[-80.546196,33.570747]},"properties":{"kind":"campsite","src":"overture:meta","name":"Shady Acres RV Park","addr":"122 Fish House Ln, Elloree","elev_ft":164}},{"type":"Feature","geometry":{"type":"Point","coordinates":[-82.904335,34.670856]},"properties":{"kind":"campsite","src":"overture:meta","name":"Forest Haven Campground","website":"https://clemsoncamping.com/","addr":"330 Stoney Rd, Seneca","elev_ft":860}},{"type":"Feature","geometry":{"type":"Point","coordinates":[-81.837318,34.447914]},"properties":{"kind":"rv_park","src":"overture:meta","name":"Water Oak RV Park","website":"http://wateroakrvparksc.com/","addr":"29691 Highway 76 E, Clinton","elev_ft":646}},{"type":"Feature","geometry":{"type":"Point","coordinates":[-78.974754,33.64563]},"properties":{"kind":"campsite","src":"overture:meta","name":"Joshua at Camping World","website":"http://Campingworldofmyrtlebeach.com/","addr":"2301 Dick Pond Rd, Myrtle Beach","elev_ft":16}},{"type":"Feature","geometry":{"type":"Point","coordinates":[-83.128975,34.69165]},"properties":{"kind":"rv_park","src":"overture:meta","name":"Bolt Creek RV Park","addr":"612 Bolt Rd, Westminster","elev_ft":948}},{"type":"Feature","geometry":{"type":"Point","coordinates":[-79.953247,33.433941]},"properties":{"kind":"campsite","src":"overture:meta","name":"Glampsite LLC","website":"https://glampsite.live/","addr":"1135 Halter Dr, St Stephen","elev_ft":85}},{"type":"Feature","geometry":{"type":"Point","coordinates":[-82.883286,34.805695]},"properties":{"kind":"campsite","src":"overture:meta","name":"The Bluff on Keowee ","website":"http://www.bluffonkeowee.com/","addr":"321 Hatteras Rdg, Six Mile","elev_ft":958}},{"type":"Feature","geometry":{"type":"Point","coordinates":[-81.718781,33.612637]},"properties":{"kind":"rv_park","src":"overture:meta","name":"Campertown RV Park","website":"http://campertownrv.com/","addr":"120 Pine St, Aiken","elev_ft":492}},{"type":"Feature","geometry":{"type":"Point","coordinates":[-80.107773,34.410259]},"properties":{"kind":"campsite","src":"overture:meta","name":"Rosepark Village Campsites","addr":"1005 Rose Park Vlg, Hartsville","elev_ft":351}},{"type":"Feature","geometry":{"type":"Point","coordinates":[-82.368851,34.811245]},"properties":{"kind":"campsite","src":"overture:meta","name":"Camp Joy","website":"http://www.campjoy.net/","addr":"918 S Pleasantburg Dr, Greenville","elev_ft":853}},{"type":"Feature","geometry":{"type":"Point","coordinates":[-81.168343,33.974289]},"properties":{"kind":"campsite","src":"overture:meta","name":"Camp Talk","website":"http://www.camptalk.org/","addr":"104 Sycamore Tree Rd, Lexington","elev_ft":371}},{"type":"Feature","geometry":{"type":"Point","coordinates":[-81.600746,34.306366]},"properties":{"kind":"rv_park","src":"overture:meta","name":"Oak Grove RV Park","website":"https://www.oakgrovervparksc.com/","addr":"202 Tom Stewart Rd, Newberry","elev_ft":561}},{"type":"Feature","geometry":{"type":"Point","coordinates":[-80.823605,33.830388]},"properties":{"kind":"campsite","src":"ridb","name":"Congaree Picnic Shelter","reservation":"yes","addr":"Hopkins","elev_ft":151}},{"type":"Feature","geometry":{"type":"Point","coordinates":[-81.454297,34.749403]},"properties":{"kind":"campsite","src":"ridb","name":"Poulous Loop Group Campground (Sc)","reservation":"yes","addr":"Whitmire","elev_ft":489}},{"type":"Feature","geometry":{"type":"Point","coordinates":[-81.3281,34.4352]},"properties":{"kind":"campsite","src":"ridb","name":"Rocky Branch Seasonal Campground (Sc)","reservation":"yes","addr":"Whitmire","elev_ft":528}},{"type":"Feature","geometry":{"type":"Point","coordinates":[-82.188889,33.6725]},"properties":{"kind":"campsite","src":"ridb","name":"Clarks Hill","reservation":"yes","addr":"Clarks Hill","elev_ft":377}},{"type":"Feature","geometry":{"type":"Point","coordinates":[-82.897222,34.591111]},"properties":{"kind":"campsite","src":"ridb","name":"Coneross Park","reservation":"yes","addr":"Townville","elev_ft":702}},{"type":"Feature","geometry":{"type":"Point","coordinates":[-82.245,33.793889]},"properties":{"kind":"campsite","src":"ridb","name":"Parksville","reservation":"yes","addr":"Plum Branch","elev_ft":407}},{"type":"Feature","geometry":{"type":"Point","coordinates":[-82.712597,34.445519]},"properties":{"kind":"campsite","src":"ridb","name":"Singing Pines","reservation":"yes","addr":"Starr","elev_ft":774}},{"type":"Feature","geometry":{"type":"Point","coordinates":[-82.865556,34.628056]},"properties":{"kind":"campsite","src":"ridb","name":"Twin Lakes (Sc)","reservation":"yes","addr":"Pendlton","elev_ft":689}},{"type":"Feature","geometry":{"type":"Point","coordinates":[-83.0875,34.941667]},"properties":{"kind":"campsite","src":"ridb","name":"Cherry Hill Campground","reservation":"yes","addr":"Mountain Rest","elev_ft":2270}},{"type":"Feature","geometry":{"type":"Point","coordinates":[-83.210132,34.786153]},"properties":{"kind":"campsite","src":"ridb","name":"Cassidy Bridge Primitive Camp","reservation":"yes","addr":"Mountain Rest","elev_ft":1270}},{"type":"Feature","geometry":{"type":"Point","coordinates":[-83.225186,34.864767]},"properties":{"kind":"campsite","src":"ridb","name":"Whetstone Horse Camp","reservation":"yes","addr":"Mountain Rest","elev_ft":1739}}]}