{"type":"FeatureCollection","attribution":"OSM (ODbL) via Overpass; Overture Maps Foundation (CDLA-P-2.0/Apache-2.0/CC0); Recreation.gov RIDB (CC-BY 4.0). See data/ATTRIBUTION.md. Generated 2026-07-23.","features":[{"type":"Feature","geometry":{"type":"Point","coordinates":[-78.342011,36.548291]},"properties":{"kind":"campsite","src":"osm","osm":"node/158575999","name":"Presbyterian Point","elev_ft":322}},{"type":"Feature","geometry":{"type":"Point","coordinates":[-81.22346,36.763525]},"properties":{"kind":"campsite","src":"osm","osm":"node/356571169","name":"Comers Rock Recreation Area","operator":"George Washington & Jefferson National Forests,Mount Rogers National Recreation Area","website":"https://www.fs.usda.gov/recarea/gwj/recarea/?recid=73661","desc":"Located on top of Iron Mountain at 3800 feet, a small primitive campground and historic picnic area await the true outdoor enthusiast. The log picnic shelter with large stone fireplace was built by the Civil Conservation Corp.","elev_ft":3842}},{"type":"Feature","geometry":{"type":"Point","coordinates":[-79.433639,37.157088]},"properties":{"kind":"campsite","src":"osm","osm":"node/356591526","name":"Camp Lowman","operator":"Virginia Church of God of Prophecy","website":"https://www.vacogop.org/","elev_ft":866}},{"type":"Feature","geometry":{"type":"Point","coordinates":[-80.441465,37.355734]},"properties":{"kind":"campsite","src":"osm","osm":"node/385035070","name":"Kelly Knob Campsite","elev_ft":3645}},{"type":"Feature","geometry":{"type":"Point","coordinates":[-79.122835,37.925229]},"properties":{"kind":"campsite","src":"osm","osm":"node/402295379","fee":"yes","elev_ft":1906}},{"type":"Feature","geometry":{"type":"Point","coordinates":[-79.115676,37.92639]},"properties":{"kind":"campsite","src":"osm","osm":"node/402295381","fee":"yes","elev_ft":1969}},{"type":"Feature","geometry":{"type":"Point","coordinates":[-79.097255,37.930127]},"properties":{"kind":"campsite","src":"osm","osm":"node/402295385","fee":"yes","elev_ft":2215}},{"type":"Feature","geometry":{"type":"Point","coordinates":[-79.110261,37.925091]},"properties":{"kind":"campsite","src":"osm","osm":"node/402295386","fee":"yes","elev_ft":2326}},{"type":"Feature","geometry":{"type":"Point","coordinates":[-79.088198,37.921296]},"properties":{"kind":"campsite","src":"osm","osm":"node/402295387","elev_ft":2782}},{"type":"Feature","geometry":{"type":"Point","coordinates":[-76.548424,37.185622]},"properties":{"kind":"campsite","src":"osm","osm":"node/732432504","name":"Newport News Park campground - F Loop","fee":"yes","operator":"Newport News Parks and Recreation","website":"https://www.newport-news.org/visitors/things-to-do/outdoors-and-recreation/camping/","drinking_water":"yes","toilets":"yes","elev_ft":82}},{"type":"Feature","geometry":{"type":"Point","coordinates":[-76.550045,37.187688]},"properties":{"kind":"campsite","src":"osm","osm":"node/732432507","name":"Newport News Park campground - C Loop","fee":"yes","operator":"Newport News Parks and Recreation","website":"https://www.newport-news.org/visitors/things-to-do/outdoors-and-recreation/camping/","drinking_water":"yes","toilets":"yes","elev_ft":85}},{"type":"Feature","geometry":{"type":"Point","coordinates":[-76.547689,37.187046]},"properties":{"kind":"campsite","src":"osm","osm":"node/732432510","name":"Newport News Park campground - E Loop","fee":"yes","operator":"Newport News Parks and Recreation","website":"https://www.newport-news.org/visitors/things-to-do/outdoors-and-recreation/camping/","drinking_water":"yes","toilets":"yes","elev_ft":69}},{"type":"Feature","geometry":{"type":"Point","coordinates":[-76.552941,37.187753]},"properties":{"kind":"campsite","src":"osm","osm":"node/732432513","name":"Newport News Park campground - B Loop","fee":"yes","operator":"Newport News Parks and Recreation","website":"https://www.newport-news.org/visitors/things-to-do/outdoors-and-recreation/camping/","drinking_water":"yes","toilets":"yes","elev_ft":69}},{"type":"Feature","geometry":{"type":"Point","coordinates":[-78.99176,37.892632]},"properties":{"kind":"campsite","src":"osm","osm":"node/746005878","toilets":"no","elev_ft":3045}},{"type":"Feature","geometry":{"type":"Point","coordinates":[-77.172716,38.67505]},"properties":{"kind":"dump","src":"osm","osm":"node/954764823","elev_ft":157}},{"type":"Feature","geometry":{"type":"Point","coordinates":[-78.378509,38.923702]},"properties":{"kind":"campsite","src":"osm","osm":"node/1067812364","name":"Mudhole Gap Camping","drinking_water":"no","toilets":"no","reservation":"no","elev_ft":1247}},{"type":"Feature","geometry":{"type":"Point","coordinates":[-77.972825,38.989802]},"properties":{"kind":"campsite","src":"osm","osm":"node/1223851162","name":"Camp Washington","elev_ft":866}},{"type":"Feature","geometry":{"type":"Point","coordinates":[-77.973843,38.990129]},"properties":{"kind":"campsite","src":"osm","osm":"node/1223851184","name":"Camp Slater","elev_ft":866}},{"type":"Feature","geometry":{"type":"Point","coordinates":[-80.326416,37.337086]},"properties":{"kind":"campsite","src":"osm","osm":"node/1253056899","name":"Caldwell Fields Group Camping Area","fee":"yes","operator":"US Forest Service,George Washington & Jefferson National Forests,Eastern Divide Ranger District","website":"https://www.recreation.gov/camping/caldwell-fields-group-campground/r/campgroundDetails.do?contractCode=NRSO&parkId=120840","capacity":"100","reservation":"required","elev_ft":1713}},{"type":"Feature","geometry":{"type":"Point","coordinates":[-77.697292,39.036668]},"properties":{"kind":"campsite","src":"osm","osm":"node/1289461542","name":"Leave No Trace","elev_ft":410}},{"type":"Feature","geometry":{"type":"Point","coordinates":[-77.693065,39.033093]},"properties":{"kind":"campsite","src":"osm","osm":"node/1289461545","name":"Outback","elev_ft":443}},{"type":"Feature","geometry":{"type":"Point","coordinates":[-77.683031,39.036422]},"properties":{"kind":"campsite","src":"osm","osm":"node/1289461549","name":"Locust Grove","elev_ft":459}},{"type":"Feature","geometry":{"type":"Point","coordinates":[-77.681258,39.033761]},"properties":{"kind":"campsite","src":"osm","osm":"node/1289461573","name":"Blueberry Hill","elev_ft":374}},{"type":"Feature","geometry":{"type":"Point","coordinates":[-78.289013,38.905873]},"properties":{"kind":"rv_park","src":"osm","osm":"node/1296654624","name":"Skyline Ranch Resort","elev_ft":728}},{"type":"Feature","geometry":{"type":"Point","coordinates":[-77.666133,38.192793]},"properties":{"kind":"campsite","src":"osm","osm":"node/1311005151","elev_ft":279}},{"type":"Feature","geometry":{"type":"Point","coordinates":[-79.44488,37.967534]},"properties":{"kind":"campsite","src":"osm","osm":"node/1339635186","name":"PMI Site 4","elev_ft":1506}},{"type":"Feature","geometry":{"type":"Point","coordinates":[-79.442177,37.967678]},"properties":{"kind":"campsite","src":"osm","osm":"node/1339635187","name":"PMI Site 7","elev_ft":1506}},{"type":"Feature","geometry":{"type":"Point","coordinates":[-79.441886,37.965782]},"properties":{"kind":"campsite","src":"osm","osm":"node/1339635188","name":"PMI Site 9","elev_ft":1575}},{"type":"Feature","geometry":{"type":"Point","coordinates":[-79.444875,37.968418]},"properties":{"kind":"campsite","src":"osm","osm":"node/1339635193","name":"PMI Site 2","elev_ft":1463}},{"type":"Feature","geometry":{"type":"Point","coordinates":[-79.446689,37.967589]},"properties":{"kind":"campsite","src":"osm","osm":"node/1339635198","name":"PMI Site 1","elev_ft":1460}},{"type":"Feature","geometry":{"type":"Point","coordinates":[-79.445326,37.966219]},"properties":{"kind":"campsite","src":"osm","osm":"node/1339635200","name":"PMI Site 6","elev_ft":1552}},{"type":"Feature","geometry":{"type":"Point","coordinates":[-79.442703,37.968507]},"properties":{"kind":"campsite","src":"osm","osm":"node/1339635201","name":"PMI Site 5","elev_ft":1480}},{"type":"Feature","geometry":{"type":"Point","coordinates":[-79.441067,37.966777]},"properties":{"kind":"campsite","src":"osm","osm":"node/1339635202","name":"PMI Site 10","elev_ft":1542}},{"type":"Feature","geometry":{"type":"Point","coordinates":[-79.443798,37.969501]},"properties":{"kind":"campsite","src":"osm","osm":"node/1339635203","name":"PMI Site 3","elev_ft":1434}},{"type":"Feature","geometry":{"type":"Point","coordinates":[-80.578521,37.088456]},"properties":{"kind":"rv_park","src":"osm","osm":"node/1514981901","name":"The Sportsman","elev_ft":1759}},{"type":"Feature","geometry":{"type":"Point","coordinates":[-79.583725,37.541689]},"properties":{"kind":"campsite","src":"osm","osm":"node/1732564683","name":"North Creek Campground","fee":"yes","operator":"George Washington & Jefferson National Forests, Glenwood and Pedlar Ranger Districts","website":"https://www.fs.usda.gov/recarea/gwj/recarea/?recid=73857","desc":"Open March 15 through November 30 Drinking water available Vault toilets","capacity":"12","elev_ft":1178}},{"type":"Feature","geometry":{"type":"Point","coordinates":[-77.540597,38.731645]},"properties":{"kind":"campsite","src":"osm","osm":"node/2085042968","name":"Outpost 60 Campsite","elev_ft":213}},{"type":"Feature","geometry":{"type":"Point","coordinates":[-80.427174,36.733244]},"properties":{"kind":"campsite","src":"osm","osm":"node/2270909214","name":"Willville Motorcycle Campground","website":"http://www.willvillebikecamp.com","desc":"The campground is designed for motorcycle traffic only, however, there is ample parking outside the campground (within the park) for those who wish to trailer their motorcycles.","toilets":"yes","elev_ft":2854}},{"type":"Feature","geometry":{"type":"Point","coordinates":[-80.576631,36.994147]},"properties":{"kind":"campsite","src":"osm","osm":"node/2340056268","name":"Apache","elev_ft":2346}},{"type":"Feature","geometry":{"type":"Point","coordinates":[-80.578199,36.994481]},"properties":{"kind":"campsite","src":"osm","osm":"node/2340056269","name":"Fish Camp","elev_ft":2303}},{"type":"Feature","geometry":{"type":"Point","coordinates":[-80.583196,36.990218]},"properties":{"kind":"campsite","src":"osm","osm":"node/2340056271","name":"Cheyenne","elev_ft":2313}},{"type":"Feature","geometry":{"type":"Point","coordinates":[-80.577276,36.993876]},"properties":{"kind":"campsite","src":"osm","osm":"node/2340056272","name":"Choctaw","elev_ft":2346}},{"type":"Feature","geometry":{"type":"Point","coordinates":[-80.580744,36.9908]},"properties":{"kind":"campsite","src":"osm","osm":"node/2340056273","name":"Commanche","elev_ft":2238}},{"type":"Feature","geometry":{"type":"Point","coordinates":[-80.580016,36.990249]},"properties":{"kind":"campsite","src":"osm","osm":"node/2340056274","name":"Mandan","elev_ft":2326}},{"type":"Feature","geometry":{"type":"Point","coordinates":[-80.582372,36.990535]},"properties":{"kind":"campsite","src":"osm","osm":"node/2340056275","name":"Mohawk","elev_ft":2274}},{"type":"Feature","geometry":{"type":"Point","coordinates":[-80.581201,36.990134]},"properties":{"kind":"campsite","src":"osm","osm":"node/2340056276","name":"Monetan","elev_ft":2323}},{"type":"Feature","geometry":{"type":"Point","coordinates":[-80.577904,36.99408]},"properties":{"kind":"campsite","src":"osm","osm":"node/2340056277","name":"Monocan","elev_ft":2303}},{"type":"Feature","geometry":{"type":"Point","coordinates":[-80.579731,36.990948]},"properties":{"kind":"campsite","src":"osm","osm":"node/2340056278","name":"Navajo","elev_ft":2238}},{"type":"Feature","geometry":{"type":"Point","coordinates":[-80.578765,36.990601]},"properties":{"kind":"campsite","src":"osm","osm":"node/2340056279","name":"Sioux Village","elev_ft":2257}},{"type":"Feature","geometry":{"type":"Point","coordinates":[-80.57418,36.994593]},"properties":{"kind":"campsite","src":"osm","osm":"node/2340056280","name":"Tutelo","elev_ft":2329}},{"type":"Feature","geometry":{"type":"Point","coordinates":[-80.580411,36.994128]},"properties":{"kind":"campsite","src":"osm","osm":"node/2340082953","name":"Blackfoot","elev_ft":2290}},{"type":"Feature","geometry":{"type":"Point","coordinates":[-80.581382,36.993797]},"properties":{"kind":"campsite","src":"osm","osm":"node/2340082954","name":"Seminole","elev_ft":2326}},{"type":"Feature","geometry":{"type":"Point","coordinates":[-76.556079,37.188649]},"properties":{"kind":"campsite","src":"osm","osm":"node/2441331078","name":"Newport News Park campground - A Loop","fee":"yes","operator":"Newport News Parks and Recreation","website":"https://www.newport-news.org/visitors/things-to-do/outdoors-and-recreation/camping/","drinking_water":"yes","toilets":"yes","elev_ft":66}},{"type":"Feature","geometry":{"type":"Point","coordinates":[-76.550619,37.186448]},"properties":{"kind":"campsite","src":"osm","osm":"node/2442127652","name":"Newport News Park campground - D Loop","fee":"yes","operator":"Newport News Parks and Recreation.","website":"https://www.newport-news.org/visitors/things-to-do/outdoors-and-recreation/camping/","drinking_water":"yes","toilets":"yes","elev_ft":79}},{"type":"Feature","geometry":{"type":"Point","coordinates":[-76.551645,37.189765]},"properties":{"kind":"dump","src":"osm","osm":"node/2442164849","elev_ft":75}},{"type":"Feature","geometry":{"type":"Point","coordinates":[-78.710336,38.473388]},"properties":{"kind":"campsite","src":"osm","osm":"node/2644094220","elev_ft":2612}},{"type":"Feature","geometry":{"type":"Point","coordinates":[-78.702365,38.493563]},"properties":{"kind":"campsite","src":"osm","osm":"node/2644094221","elev_ft":1919}},{"type":"Feature","geometry":{"type":"Point","coordinates":[-80.385335,37.318456]},"properties":{"kind":"campsite","src":"osm","osm":"node/2749652076","name":"Camp Tuk-A-Way","elev_ft":1877}},{"type":"Feature","geometry":{"type":"Point","coordinates":[-79.021291,37.837495]},"properties":{"kind":"campsite","src":"osm","osm":"node/2865460694","elev_ft":945}},{"type":"Feature","geometry":{"type":"Point","coordinates":[-79.404893,37.434942]},"properties":{"kind":"campsite","src":"osm","osm":"node/3171341175","access":"private","operator":"Private","elev_ft":948}},{"type":"Feature","geometry":{"type":"Point","coordinates":[-78.310505,36.589298]},"properties":{"kind":"dump","src":"osm","osm":"node/3201052545","fee":"no","elev_ft":325}},{"type":"Feature","geometry":{"type":"Point","coordinates":[-78.308255,36.58692]},"properties":{"kind":"campsite","src":"osm","osm":"node/3201052871","name":"Host Sites","elev_ft":328}},{"type":"Feature","geometry":{"type":"Point","coordinates":[-78.318862,36.588741]},"properties":{"kind":"dump","src":"osm","osm":"node/3201063035","elev_ft":371}},{"type":"Feature","geometry":{"type":"Point","coordinates":[-75.995551,36.803273]},"properties":{"kind":"dump","src":"osm","osm":"node/3528628957","name":"Dump Station","elev_ft":20}},{"type":"Feature","geometry":{"type":"Point","coordinates":[-75.999056,36.804816]},"properties":{"kind":"dump","src":"osm","osm":"node/3528628958","name":"Dump Station","elev_ft":30}},{"type":"Feature","geometry":{"type":"Point","coordinates":[-75.99682,36.805931]},"properties":{"kind":"dump","src":"osm","osm":"node/3528628959","name":"Dump Station","elev_ft":20}},{"type":"Feature","geometry":{"type":"Point","coordinates":[-77.310283,39.044858]},"properties":{"kind":"campsite","src":"osm","osm":"node/3595467542","name":"Camp Fraser","elev_ft":328}},{"type":"Feature","geometry":{"type":"Point","coordinates":[-78.391328,38.826207]},"properties":{"kind":"campsite","src":"osm","osm":"node/3644611896","operator":"USFS","capacity":"4","elev_ft":1814}},{"type":"Feature","geometry":{"type":"Point","coordinates":[-79.205303,38.362621]},"properties":{"kind":"dump","src":"osm","osm":"node/3957067085","elev_ft":1890}},{"type":"Feature","geometry":{"type":"Point","coordinates":[-78.330822,38.924098]},"properties":{"kind":"dump","src":"osm","osm":"node/3971802374","elev_ft":751}},{"type":"Feature","geometry":{"type":"Point","coordinates":[-78.311815,38.848213]},"properties":{"kind":"dump","src":"osm","osm":"node/4059687179","elev_ft":650}},{"type":"Feature","geometry":{"type":"Point","coordinates":[-78.302908,38.862978]},"properties":{"kind":"campsite","src":"osm","osm":"node/4059693496","elev_ft":554}},{"type":"Feature","geometry":{"type":"Point","coordinates":[-78.547818,38.692852]},"properties":{"kind":"campsite","src":"osm","osm":"node/4081164394","elev_ft":1893}},{"type":"Feature","geometry":{"type":"Point","coordinates":[-76.052182,36.918897]},"properties":{"kind":"dump","src":"osm","osm":"node/4113126710","elev_ft":20}},{"type":"Feature","geometry":{"type":"Point","coordinates":[-76.563505,37.198659]},"properties":{"kind":"campsite","src":"osm","osm":"node/4236725124","name":"Newport News Park Boy Scout Primitive Camping","fee":"yes","operator":"Newport News Parks and Recreation.","website":"https://www.newport-news.org/visitors/things-to-do/outdoors-and-recreation/camping/","toilets":"yes","elev_ft":102}},{"type":"Feature","geometry":{"type":"Point","coordinates":[-75.977274,37.171951]},"properties":{"kind":"dump","src":"osm","osm":"node/4240698696","elev_ft":36}},{"type":"Feature","geometry":{"type":"Point","coordinates":[-78.620701,38.954317]},"properties":{"kind":"campsite","src":"osm","osm":"node/4271449980","elev_ft":2667}},{"type":"Feature","geometry":{"type":"Point","coordinates":[-79.441214,37.969277]},"properties":{"kind":"campsite","src":"osm","osm":"node/4295147208","name":"PMI Site 8 (unused)","elev_ft":1473}},{"type":"Feature","geometry":{"type":"Point","coordinates":[-78.352119,38.863993]},"properties":{"kind":"campsite","src":"osm","osm":"node/4347505859","elev_ft":1854}},{"type":"Feature","geometry":{"type":"Point","coordinates":[-77.395989,38.557771]},"properties":{"kind":"campsite","src":"osm","osm":"node/4439927083","name":"Campsite #6","elev_ft":272}},{"type":"Feature","geometry":{"type":"Point","coordinates":[-77.394373,38.556412]},"properties":{"kind":"campsite","src":"osm","osm":"node/4439928480","name":"Campsite #7","elev_ft":302}},{"type":"Feature","geometry":{"type":"Point","coordinates":[-77.391684,38.555445]},"properties":{"kind":"campsite","src":"osm","osm":"node/4439928520","name":"Campsite #8","elev_ft":331}},{"type":"Feature","geometry":{"type":"Point","coordinates":[-77.401803,38.551278]},"properties":{"kind":"campsite","src":"osm","osm":"node/4439928866","name":"Campsite #3","elev_ft":194}},{"type":"Feature","geometry":{"type":"Point","coordinates":[-80.077652,37.60587]},"properties":{"kind":"campsite","src":"osm","osm":"node/4502404380","name":"The Pines Campground","fee":"no","operator":"National Forest Service Eastern Divide Ranger District: 540-552-4641","desc":"The Pines is a rustic campground in a wooded setting, located adjacent to Barbour's Creek, a stocked trout stream. Most of the campsites are designed for tents, but small recreation vehicles can be accommodated.","capacity":"10","elev_ft":1926}},{"type":"Feature","geometry":{"type":"Point","coordinates":[-81.454407,36.658254]},"properties":{"kind":"campsite","src":"osm","osm":"node/4538892576","fee":"no","capacity":"10","elev_ft":4547}},{"type":"Feature","geometry":{"type":"Point","coordinates":[-81.467324,36.652598]},"properties":{"kind":"campsite","src":"osm","osm":"node/4538892960","fee":"no","capacity":"10","elev_ft":4177}},{"type":"Feature","geometry":{"type":"Point","coordinates":[-81.472798,36.669799]},"properties":{"kind":"campsite","src":"osm","osm":"node/4540528194","fee":"no","capacity":"10","elev_ft":4905}},{"type":"Feature","geometry":{"type":"Point","coordinates":[-78.723915,38.128239]},"properties":{"kind":"campsite","src":"osm","osm":"node/4570918456","name":"Girl Scout Camp","elev_ft":873}},{"type":"Feature","geometry":{"type":"Point","coordinates":[-75.927727,36.697612]},"properties":{"kind":"rv_park","src":"osm","osm":"node/4627330720","name":"Outdoor Resorts RV Resort","elev_ft":13}},{"type":"Feature","geometry":{"type":"Point","coordinates":[-76.928563,37.296148]},"properties":{"kind":"campsite","src":"osm","osm":"node/4645773290","elev_ft":39}},{"type":"Feature","geometry":{"type":"Point","coordinates":[-79.509039,37.560266]},"properties":{"kind":"campsite","src":"osm","osm":"node/4732619389","name":"Hopper Creek Group Campground","fee":"yes","operator":"US Forest Service, George Washington & Jefferson National Forests, Glenwood and Pedlar Ranger Districts","website":"https://www.fs.usda.gov/recarea/gwj/recarea/?recid=73763","desc":"Hopper Creek Group Campground offers a shaded and rustic atmosphere for group tent camping with an open area for activities and a large campfire ring for evening gatherings. Only one group can reserve the area at a time.","capacity":"50","elev_ft":1152}},{"type":"Feature","geometry":{"type":"Point","coordinates":[-79.54042,37.568241]},"properties":{"kind":"campsite","src":"osm","osm":"node/4733018625","name":"Cave Mountain Lake Campground","fee":"yes","operator":"George Washington & Jefferson National Forests","desc":"Campfires are allowed in designated campfire rings at each campsite. Dead and down wood can be gathered on site.","capacity":"40","elev_ft":1257}},{"type":"Feature","geometry":{"type":"Point","coordinates":[-81.069451,36.836045]},"properties":{"kind":"campsite","src":"osm","osm":"node/4733036639","name":"Raven Cliff Campground","fee":"yes","operator":"George Washington & Jefferson National Forests,Mount Rogers National Recreation Area","website":"https://www.fs.usda.gov/recarea/gwj/recarea/?recid=73909","desc":"Campground open April 15 through October 31. Day use area open year round. No drinking water available Portable toilets available in campground. Vault toilet available in day use area.","elev_ft":2208}},{"type":"Feature","geometry":{"type":"Point","coordinates":[-76.593052,37.780794]},"properties":{"kind":"campsite","src":"osm","osm":"node/4739822974","elev_ft":23}},{"type":"Feature","geometry":{"type":"Point","coordinates":[-76.59269,37.781952]},"properties":{"kind":"rv_park","src":"osm","osm":"node/4739822975","elev_ft":26}},{"type":"Feature","geometry":{"type":"Point","coordinates":[-76.596744,37.785088]},"properties":{"kind":"campsite","src":"osm","osm":"node/4739822982","elev_ft":16}},{"type":"Feature","geometry":{"type":"Point","coordinates":[-82.736965,36.697305]},"properties":{"kind":"campsite","src":"osm","osm":"node/4749963201","name":"Primitive Campground","elev_ft":1844}},{"type":"Feature","geometry":{"type":"Point","coordinates":[-79.43193,37.98693]},"properties":{"kind":"campsite","src":"osm","osm":"node/4959886220","elev_ft":1526}},{"type":"Feature","geometry":{"type":"Point","coordinates":[-78.649268,38.539092]},"properties":{"kind":"campsite","src":"osm","osm":"node/4983392221","name":"Camp 6","operator":"National Forest","elev_ft":1417}},{"type":"Feature","geometry":{"type":"Point","coordinates":[-79.452123,37.959286]},"properties":{"kind":"campsite","src":"osm","osm":"node/4985252871","name":"Staff Site","access":"private","operator":"Goshen Scout Reservation","drinking_water":"no","toilets":"no","elev_ft":1463}},{"type":"Feature","geometry":{"type":"Point","coordinates":[-79.640563,38.574297]},"properties":{"kind":"campsite","src":"osm","osm":"node/5057615321","elev_ft":3497}},{"type":"Feature","geometry":{"type":"Point","coordinates":[-79.650588,38.572333]},"properties":{"kind":"campsite","src":"osm","osm":"node/5057615322","elev_ft":3629}},{"type":"Feature","geometry":{"type":"Point","coordinates":[-79.656273,38.571328]},"properties":{"kind":"campsite","src":"osm","osm":"node/5057615323","elev_ft":3704}},{"type":"Feature","geometry":{"type":"Point","coordinates":[-79.653654,38.566303]},"properties":{"kind":"campsite","src":"osm","osm":"node/5057615324","elev_ft":3615}},{"type":"Feature","geometry":{"type":"Point","coordinates":[-79.656175,38.566689]},"properties":{"kind":"campsite","src":"osm","osm":"node/5057615421","elev_ft":3596}},{"type":"Feature","geometry":{"type":"Point","coordinates":[-79.652121,38.565607]},"properties":{"kind":"campsite","src":"osm","osm":"node/5057615521","elev_ft":3576}},{"type":"Feature","geometry":{"type":"Point","coordinates":[-79.920354,38.015061]},"properties":{"kind":"campsite","src":"osm","osm":"node/5084593761","name":"McClintic Point Campground","fee":"yes","desc":"Amenities include vault toilets and seasonal drinking water, which is available April through October. The three group campsites range in capacity from 20 to 35 guests.","capacity":"23","elev_ft":1631}},{"type":"Feature","geometry":{"type":"Point","coordinates":[-78.369639,38.596064]},"properties":{"kind":"campsite","src":"osm","osm":"node/5164192524","fee":"no","desc":"Since it's located in Shenandoah NP, it's required to get a permit from rangers (for free)","elev_ft":3845}},{"type":"Feature","geometry":{"type":"Point","coordinates":[-78.352405,38.874017]},"properties":{"kind":"campsite","src":"osm","osm":"node/5169465866","elev_ft":1302}},{"type":"Feature","geometry":{"type":"Point","coordinates":[-78.332359,38.886044]},"properties":{"kind":"campsite","src":"osm","osm":"node/5169465867","elev_ft":1870}},{"type":"Feature","geometry":{"type":"Point","coordinates":[-77.40061,38.471131]},"properties":{"kind":"rv_park","src":"osm","osm":"node/5205139313","elev_ft":102}},{"type":"Feature","geometry":{"type":"Point","coordinates":[-77.999438,38.985298]},"properties":{"kind":"campsite","src":"osm","osm":"node/5262530722","elev_ft":1847}},{"type":"Feature","geometry":{"type":"Point","coordinates":[-77.998956,38.984788]},"properties":{"kind":"campsite","src":"osm","osm":"node/5262530821","elev_ft":1837}},{"type":"Feature","geometry":{"type":"Point","coordinates":[-82.526214,36.869406]},"properties":{"kind":"campsite","src":"osm","osm":"node/5856747685","name":"Bark Camp Recreation Area Campground","fee":"yes","operator":"National Forest Service, Clinch Ranger District: (276) 679-8370","website":"https://www.fs.usda.gov/recarea/gwj/recreation/camping-cabins/recarea/?recid=73559&actid=29","capacity":"34","elev_ft":2831}},{"type":"Feature","geometry":{"type":"Point","coordinates":[-81.224463,36.762944]},"properties":{"kind":"campsite","src":"osm","osm":"node/5856867139","name":"Comers Rock Campground","fee":"yes","operator":"Mount Rogers National Recreation Area","desc":"Located on top of Iron Mountain at 3800 feet, a small primitive campground and historic picnic area await the true outdoor enthusiast. The log picnic shelter with large stone fireplace was built by the Civil Conservation Corp.","capacity":"6","elev_ft":3858}},{"type":"Feature","geometry":{"type":"Point","coordinates":[-79.964983,37.959196]},"properties":{"kind":"campsite","src":"osm","osm":"node/5857162569","name":"Greenwood Point Campground","fee":"yes","operator":"American Land & Leisure","desc":"Those who enjoy the solitude of an isolated and remote location will be drawn to Greenwood Point Campground. With no road access, the adventure is just getting there! Strap on that pack and take the 3.3 mile hike, or paddle a canoe directly to the shores","capacity":"5","elev_ft":1565}},{"type":"Feature","geometry":{"type":"Point","coordinates":[-80.227039,37.598374]},"properties":{"kind":"campsite","src":"osm","osm":"node/5902470930","name":"Steel Bridge Campground","elev_ft":1801}},{"type":"Feature","geometry":{"type":"Point","coordinates":[-79.956916,37.61316]},"properties":{"kind":"campsite","src":"osm","osm":"node/5902566911","name":"Craig Creek Campground","elev_ft":1053}},{"type":"Feature","geometry":{"type":"Point","coordinates":[-77.751208,39.286594]},"properties":{"kind":"campsite","src":"osm","osm":"node/6020756091","name":"4 Mile Campsite","elev_ft":1089}},{"type":"Feature","geometry":{"type":"Point","coordinates":[-76.303078,36.838242]},"properties":{"kind":"water","src":"osm","osm":"node/6024423130","desc":"Frost-free spigot","drinking_water":"yes","elev_ft":16}},{"type":"Feature","geometry":{"type":"Point","coordinates":[-76.508267,37.262763]},"properties":{"kind":"campsite","src":"osm","osm":"node/6097068444","elev_ft":39}},{"type":"Feature","geometry":{"type":"Point","coordinates":[-76.536208,37.450903]},"properties":{"kind":"campsite","src":"osm","osm":"node/6097106578","elev_ft":79}},{"type":"Feature","geometry":{"type":"Point","coordinates":[-81.526841,36.666754]},"properties":{"kind":"campsite","src":"osm","osm":"node/6111739106","elev_ft":4403}},{"type":"Feature","geometry":{"type":"Point","coordinates":[-81.502107,36.675947]},"properties":{"kind":"campsite","src":"osm","osm":"node/6111739339","elev_ft":4938}},{"type":"Feature","geometry":{"type":"Point","coordinates":[-79.583304,38.331041]},"properties":{"kind":"campsite","src":"osm","osm":"node/6153036208","elev_ft":3560}},{"type":"Feature","geometry":{"type":"Point","coordinates":[-79.42882,38.30629]},"properties":{"kind":"campsite","src":"osm","osm":"node/6168936939","name":"Shaws Fork Equestrian Campground","fee":"no","operator":"United States Forest Service","capacity":"5","elev_ft":2034}},{"type":"Feature","geometry":{"type":"Point","coordinates":[-79.19706,37.747805]},"properties":{"kind":"campsite","src":"osm","osm":"node/6209857181","elev_ft":3501}},{"type":"Feature","geometry":{"type":"Point","coordinates":[-79.168661,37.746201]},"properties":{"kind":"campsite","src":"osm","osm":"node/6209857670","elev_ft":3802}},{"type":"Feature","geometry":{"type":"Point","coordinates":[-79.169015,37.745344]},"properties":{"kind":"campsite","src":"osm","osm":"node/6209857671","elev_ft":3730}},{"type":"Feature","geometry":{"type":"Point","coordinates":[-79.171123,37.74078]},"properties":{"kind":"campsite","src":"osm","osm":"node/6209857680","elev_ft":3993}},{"type":"Feature","geometry":{"type":"Point","coordinates":[-79.211543,37.744546]},"properties":{"kind":"campsite","src":"osm","osm":"node/6209857681","elev_ft":3159}},{"type":"Feature","geometry":{"type":"Point","coordinates":[-78.334845,38.928645]},"properties":{"kind":"campsite","src":"osm","osm":"node/6231504932","elev_ft":1014}},{"type":"Feature","geometry":{"type":"Point","coordinates":[-78.3165,38.947035]},"properties":{"kind":"campsite","src":"osm","osm":"node/6231504935","elev_ft":1522}},{"type":"Feature","geometry":{"type":"Point","coordinates":[-78.326619,38.952239]},"properties":{"kind":"campsite","src":"osm","osm":"node/6231504936","elev_ft":2156}},{"type":"Feature","geometry":{"type":"Point","coordinates":[-78.3224,38.952065]},"properties":{"kind":"campsite","src":"osm","osm":"node/6231504937","elev_ft":2021}},{"type":"Feature","geometry":{"type":"Point","coordinates":[-78.331903,38.958568]},"properties":{"kind":"campsite","src":"osm","osm":"node/6231504938","elev_ft":2073}},{"type":"Feature","geometry":{"type":"Point","coordinates":[-78.643098,37.401609]},"properties":{"kind":"dump","src":"osm","osm":"node/6284814963","access":"customers","elev_ft":558}},{"type":"Feature","geometry":{"type":"Point","coordinates":[-75.356918,37.925472]},"properties":{"kind":"dump","src":"osm","osm":"node/6417094579","access":"customers","operator":"Chincoteague KOA","elev_ft":13}},{"type":"Feature","geometry":{"type":"Point","coordinates":[-80.344892,36.831879]},"properties":{"kind":"dump","src":"osm","osm":"node/6418683357","elev_ft":3094}},{"type":"Feature","geometry":{"type":"Point","coordinates":[-77.998452,37.650706]},"properties":{"kind":"campsite","src":"osm","osm":"node/6465927037","name":"Westview on the James","access":"private","operator":"United Methodist Church","website":"https://www.westviewonthejames.org","elev_ft":328}},{"type":"Feature","geometry":{"type":"Point","coordinates":[-76.944857,37.416022]},"properties":{"kind":"campsite","src":"osm","osm":"node/6501316474","name":"Ed Allen's","website":"https://edallens.com/","elev_ft":39}},{"type":"Feature","geometry":{"type":"Point","coordinates":[-81.647973,36.638635]},"properties":{"kind":"campsite","src":"osm","osm":"node/6525672085","elev_ft":3222}},{"type":"Feature","geometry":{"type":"Point","coordinates":[-81.200719,37.104167]},"properties":{"kind":"campsite","src":"osm","osm":"node/6525672088","name":"Laurel creek campsite","elev_ft":2530}},{"type":"Feature","geometry":{"type":"Point","coordinates":[-81.386285,36.819854]},"properties":{"kind":"campsite","src":"osm","osm":"node/6525672185","elev_ft":3684}},{"type":"Feature","geometry":{"type":"Point","coordinates":[-78.890847,38.060458]},"properties":{"kind":"campsite","src":"osm","osm":"node/6564657086","name":"Hiker Camping","elev_ft":1280}},{"type":"Feature","geometry":{"type":"Point","coordinates":[-76.527954,37.542994]},"properties":{"kind":"dump","src":"osm","osm":"node/6586952184","operator":"RV Dump Station","elev_ft":46}},{"type":"Feature","geometry":{"type":"Point","coordinates":[-76.013601,37.287842]},"properties":{"kind":"dump","src":"osm","osm":"node/6974892427","elev_ft":13}},{"type":"Feature","geometry":{"type":"Point","coordinates":[-76.010267,37.289389]},"properties":{"kind":"dump","src":"osm","osm":"node/6974976704","elev_ft":13}},{"type":"Feature","geometry":{"type":"Point","coordinates":[-78.741395,38.039388]},"properties":{"kind":"dump","src":"osm","osm":"node/7015789596","elev_ft":650}},{"type":"Feature","geometry":{"type":"Point","coordinates":[-77.322316,38.963412]},"properties":{"kind":"dump","src":"osm","osm":"node/7052901985","access":"customers","elev_ft":312}},{"type":"Feature","geometry":{"type":"Point","coordinates":[-78.385083,39.192997]},"properties":{"kind":"campsite","src":"osm","osm":"node/7086843919","elev_ft":2287}},{"type":"Feature","geometry":{"type":"Point","coordinates":[-81.526346,36.868889]},"properties":{"kind":"dump","src":"osm","osm":"node/7129481284","access":"customers","operator":"Hungry Mother State Park","elev_ft":2165}},{"type":"Feature","geometry":{"type":"Point","coordinates":[-77.932081,37.676141]},"properties":{"kind":"dump","src":"osm","osm":"node/7215113258","elev_ft":276}},{"type":"Feature","geometry":{"type":"Point","coordinates":[-77.577553,37.3739]},"properties":{"kind":"dump","src":"osm","osm":"node/7221427498","access":"customers","elev_ft":282}},{"type":"Feature","geometry":{"type":"Point","coordinates":[-78.631705,38.977663]},"properties":{"kind":"campsite","src":"osm","osm":"node/7554983588","elev_ft":3264}},{"type":"Feature","geometry":{"type":"Point","coordinates":[-80.029933,37.39103]},"properties":{"kind":"campsite","src":"osm","osm":"node/7561244393","name":"Pig Farm Campsite","elev_ft":2605}},{"type":"Feature","geometry":{"type":"Point","coordinates":[-78.31716,38.687292]},"properties":{"kind":"campsite","src":"osm","osm":"node/7641292301","capacity":"2","elev_ft":2894}},{"type":"Feature","geometry":{"type":"Point","coordinates":[-80.287259,37.384447]},"properties":{"kind":"campsite","src":"osm","osm":"node/7673020354","name":"Primitive Campsite","fee":"no","access":"yes","elev_ft":2805}},{"type":"Feature","geometry":{"type":"Point","coordinates":[-78.101855,38.879486]},"properties":{"kind":"campsite","src":"osm","osm":"node/7711651919","name":"Mosby Campground","elev_ft":1772}},{"type":"Feature","geometry":{"type":"Point","coordinates":[-76.55091,37.189582]},"properties":{"kind":"campsite","src":"osm","osm":"node/7856588899","name":"Youth Group Site II","fee":"yes","operator":"Newport News Parks and Recreation","website":"https://www.newport-news.org/visitors/things-to-do/outdoors-and-recreation/camping/","drinking_water":"yes","toilets":"yes","elev_ft":72}},{"type":"Feature","geometry":{"type":"Point","coordinates":[-76.553504,37.189665]},"properties":{"kind":"campsite","src":"osm","osm":"node/7856588900","name":"Youth Group Site I","fee":"yes","operator":"Newport News Parks and Recreation","website":"https://www.newport-news.org/visitors/things-to-do/outdoors-and-recreation/camping/","drinking_water":"yes","toilets":"yes","elev_ft":79}},{"type":"Feature","geometry":{"type":"Point","coordinates":[-79.922749,37.96658]},"properties":{"kind":"campsite","src":"osm","osm":"node/7880294786","name":"serenity","elev_ft":1575}},{"type":"Feature","geometry":{"type":"Point","coordinates":[-82.689044,37.132865]},"properties":{"kind":"campsite","src":"osm","osm":"node/7911525640","name":"Indian Grave Campsite","elev_ft":2972}},{"type":"Feature","geometry":{"type":"Point","coordinates":[-82.482103,37.230134]},"properties":{"kind":"campsite","src":"osm","osm":"node/7911526059","name":"Mullins Pond Campsite","elev_ft":2503}},{"type":"Feature","geometry":{"type":"Point","coordinates":[-79.006446,37.870118]},"properties":{"kind":"campsite","src":"osm","osm":"node/8044360885","elev_ft":1916}},{"type":"Feature","geometry":{"type":"Point","coordinates":[-79.000144,37.877897]},"properties":{"kind":"campsite","src":"osm","osm":"node/8044361085","elev_ft":2356}},{"type":"Feature","geometry":{"type":"Point","coordinates":[-76.617413,37.784596]},"properties":{"kind":"campsite","src":"osm","osm":"node/8174260829","elev_ft":3}},{"type":"Feature","geometry":{"type":"Point","coordinates":[-77.259971,38.585104]},"properties":{"kind":"campsite","src":"osm","osm":"node/8398609567","name":"Leesylvania State Park Primitive Paddle-Only Campsites","fee":"yes","access":"yes","website":"https://www.dcr.virginia.gov/state-parks/leesylvania#cabins_camping","elev_ft":79}},{"type":"Feature","geometry":{"type":"Point","coordinates":[-77.260509,38.585763]},"properties":{"kind":"campsite","src":"osm","osm":"node/8398609568","elev_ft":20}},{"type":"Feature","geometry":{"type":"Point","coordinates":[-78.370818,39.218462]},"properties":{"kind":"campsite","src":"osm","osm":"node/8500101177","name":"The Cove Campground","website":"https://www.covecampground.com/","elev_ft":1181}},{"type":"Feature","geometry":{"type":"Point","coordinates":[-77.861883,39.112256]},"properties":{"kind":"campsite","src":"osm","osm":"node/8599958133","elev_ft":876}},{"type":"Feature","geometry":{"type":"Point","coordinates":[-78.911501,37.944231]},"properties":{"kind":"campsite","src":"osm","osm":"node/8641480637","elev_ft":3501}},{"type":"Feature","geometry":{"type":"Point","coordinates":[-79.191159,37.760461]},"properties":{"kind":"campsite","src":"osm","osm":"node/8648758211","elev_ft":3406}},{"type":"Feature","geometry":{"type":"Point","coordinates":[-79.143362,37.826006]},"properties":{"kind":"campsite","src":"osm","osm":"node/8648763250","elev_ft":3556}},{"type":"Feature","geometry":{"type":"Point","coordinates":[-79.121619,37.827745]},"properties":{"kind":"campsite","src":"osm","osm":"node/8648763252","elev_ft":3822}},{"type":"Feature","geometry":{"type":"Point","coordinates":[-79.437472,37.570807]},"properties":{"kind":"campsite","src":"osm","osm":"node/8659913921","name":"Marble Spring Campsite","elev_ft":2392}},{"type":"Feature","geometry":{"type":"Point","coordinates":[-80.872872,37.210029]},"properties":{"kind":"campsite","src":"osm","osm":"node/8703361700","elev_ft":2461}},{"type":"Feature","geometry":{"type":"Point","coordinates":[-80.833712,37.221324]},"properties":{"kind":"campsite","src":"osm","osm":"node/8703361701","elev_ft":2526}},{"type":"Feature","geometry":{"type":"Point","coordinates":[-80.835589,37.219504]},"properties":{"kind":"campsite","src":"osm","osm":"node/8703361702","elev_ft":2513}},{"type":"Feature","geometry":{"type":"Point","coordinates":[-80.836308,37.219316]},"properties":{"kind":"campsite","src":"osm","osm":"node/8703361703","elev_ft":2523}},{"type":"Feature","geometry":{"type":"Point","coordinates":[-80.838371,37.218633]},"properties":{"kind":"campsite","src":"osm","osm":"node/8703361704","elev_ft":2507}},{"type":"Feature","geometry":{"type":"Point","coordinates":[-80.843904,37.215754]},"properties":{"kind":"campsite","src":"osm","osm":"node/8703361705","elev_ft":2507}},{"type":"Feature","geometry":{"type":"Point","coordinates":[-80.861843,37.212387]},"properties":{"kind":"campsite","src":"osm","osm":"node/8703361706","elev_ft":2464}},{"type":"Feature","geometry":{"type":"Point","coordinates":[-80.864235,37.212703]},"properties":{"kind":"campsite","src":"osm","osm":"node/8703361707","elev_ft":2461}},{"type":"Feature","geometry":{"type":"Point","coordinates":[-80.854472,37.213216]},"properties":{"kind":"campsite","src":"osm","osm":"node/8703361709","elev_ft":2474}},{"type":"Feature","geometry":{"type":"Point","coordinates":[-79.052808,37.940713]},"properties":{"kind":"campsite","src":"osm","osm":"node/8707551903","elev_ft":3222}},{"type":"Feature","geometry":{"type":"Point","coordinates":[-79.088266,37.932951]},"properties":{"kind":"campsite","src":"osm","osm":"node/8708061064","fee":"yes","elev_ft":2231}},{"type":"Feature","geometry":{"type":"Point","coordinates":[-79.090486,37.932344]},"properties":{"kind":"campsite","src":"osm","osm":"node/8708061065","fee":"yes","elev_ft":2215}},{"type":"Feature","geometry":{"type":"Point","coordinates":[-80.726518,36.640521]},"properties":{"kind":"campsite","src":"osm","osm":"node/9105945838","name":"Fancy Gap Cabins and Campground","operator":"Charles and Jennifer Woodford","website":"https://fancygapcabinsandcampground.com/","elev_ft":2992}},{"type":"Feature","geometry":{"type":"Point","coordinates":[-78.584167,38.663172]},"properties":{"kind":"campsite","src":"osm","osm":"node/9425706950","elev_ft":1667}},{"type":"Feature","geometry":{"type":"Point","coordinates":[-76.437877,36.594944]},"properties":{"kind":"campsite","src":"osm","osm":"node/9791123121","name":"Lake Drummond Reservation Primitive","operator":"United States Army Corps of Engineers","elev_ft":43}},{"type":"Feature","geometry":{"type":"Point","coordinates":[-76.342051,36.713845]},"properties":{"kind":"campsite","src":"osm","osm":"node/9791190970","name":"Chesapeake Campground","fee":"yes","access":"private","operator":"Chesapeake Campground","elev_ft":30}},{"type":"Feature","geometry":{"type":"Point","coordinates":[-76.360861,37.857276]},"properties":{"kind":"campsite","src":"osm","osm":"node/9954163128","name":"Glebe Point Campground","elev_ft":43}},{"type":"Feature","geometry":{"type":"Point","coordinates":[-76.472945,37.298278]},"properties":{"kind":"dump","src":"osm","osm":"node/9955943169","elev_ft":23}},{"type":"Feature","geometry":{"type":"Point","coordinates":[-82.490213,36.938473]},"properties":{"kind":"campsite","src":"osm","osm":"node/9960641248","name":"Lonesome Pine RV Park & Campground","elev_ft":2051}},{"type":"Feature","geometry":{"type":"Point","coordinates":[-76.274311,37.491309]},"properties":{"kind":"dump","src":"osm","osm":"node/10003374260","elev_ft":30}},{"type":"Feature","geometry":{"type":"Point","coordinates":[-79.444263,37.986283]},"properties":{"kind":"campsite","src":"osm","osm":"node/10009692013","name":"Camp Ross Site 2","elev_ft":1463}},{"type":"Feature","geometry":{"type":"Point","coordinates":[-79.444273,37.985804]},"properties":{"kind":"campsite","src":"osm","osm":"node/10009692028","name":"Camp Ross Site 3","elev_ft":1463}},{"type":"Feature","geometry":{"type":"Point","coordinates":[-79.443916,37.986795]},"properties":{"kind":"campsite","src":"osm","osm":"node/10009692029","name":"Camp Ross Site 1","operator":"Camp Ross","elev_ft":1453}},{"type":"Feature","geometry":{"type":"Point","coordinates":[-79.884316,36.897486]},"properties":{"kind":"campsite","src":"osm","osm":"node/10009771412","elev_ft":1362}},{"type":"Feature","geometry":{"type":"Point","coordinates":[-79.627132,37.009169]},"properties":{"kind":"rv_park","src":"osm","osm":"node/10009881411","elev_ft":830}},{"type":"Feature","geometry":{"type":"Point","coordinates":[-79.560526,37.062322]},"properties":{"kind":"rv_park","src":"osm","osm":"node/10009919625","elev_ft":801}},{"type":"Feature","geometry":{"type":"Point","coordinates":[-79.745933,37.060321]},"properties":{"kind":"rv_park","src":"osm","osm":"node/10009931329","name":"Horseshoe Bend Campground","elev_ft":850}},{"type":"Feature","geometry":{"type":"Point","coordinates":[-79.087024,38.354982]},"properties":{"kind":"dump","src":"osm","osm":"node/10031826175","elev_ft":1368}},{"type":"Feature","geometry":{"type":"Point","coordinates":[-78.704941,38.534466]},"properties":{"kind":"dump","src":"osm","osm":"node/10127175621","elev_ft":1220}},{"type":"Feature","geometry":{"type":"Point","coordinates":[-79.125783,38.042319]},"properties":{"kind":"water","src":"osm","osm":"node/10164094262","fee":"yes","operator":"Augusta County Service Authority","drinking_water":"yes","elev_ft":1588}},{"type":"Feature","geometry":{"type":"Point","coordinates":[-78.435091,38.521906]},"properties":{"kind":"dump","src":"osm","osm":"node/10177458449","elev_ft":3533}},{"type":"Feature","geometry":{"type":"Point","coordinates":[-78.667815,38.251998]},"properties":{"kind":"dump","src":"osm","osm":"node/10177479407","elev_ft":3196}},{"type":"Feature","geometry":{"type":"Point","coordinates":[-78.299735,38.761154]},"properties":{"kind":"dump","src":"osm","osm":"node/10177484679","elev_ft":2694}},{"type":"Feature","geometry":{"type":"Point","coordinates":[-79.276346,37.481669]},"properties":{"kind":"campsite","src":"osm","osm":"node/10198784302","name":"Eagle Eyrie Baptist Conference Center","website":"https://eagleeyrie.org/","elev_ft":1247}},{"type":"Feature","geometry":{"type":"Point","coordinates":[-78.411154,36.561197]},"properties":{"kind":"campsite","src":"osm","osm":"node/10257880311","name":"Jean Short","elev_ft":364}},{"type":"Feature","geometry":{"type":"Point","coordinates":[-78.714599,38.477772]},"properties":{"kind":"campsite","src":"osm","osm":"node/10299362109","elev_ft":2805}},{"type":"Feature","geometry":{"type":"Point","coordinates":[-77.281693,38.306641]},"properties":{"kind":"rv_park","src":"osm","osm":"node/10305266910","name":"American Historyland Mobile Home Park","elev_ft":200}},{"type":"Feature","geometry":{"type":"Point","coordinates":[-75.967497,37.137569]},"properties":{"kind":"rv_park","src":"osm","osm":"node/10682410765","name":"KOA Resort","website":"https://koa.com/campgrounds/chesapeake-bay","desc":"Cape Charles/Chesapeake Bay KOA sits right on the Chesapeake Bay with its own private beach and many campground amenities to make your stay as comfortable as possible.","elev_ft":30}},{"type":"Feature","geometry":{"type":"Point","coordinates":[-79.137592,37.767316]},"properties":{"kind":"campsite","src":"osm","osm":"node/10702851794","name":"CrossRoads Camp & Conference Center","website":"https://www.crossroadscamp.com/","elev_ft":1952}},{"type":"Feature","geometry":{"type":"Point","coordinates":[-76.548964,37.308793]},"properties":{"kind":"dump","src":"osm","osm":"node/10826153992","elev_ft":36}},{"type":"Feature","geometry":{"type":"Point","coordinates":[-77.399624,38.550545]},"properties":{"kind":"campsite","src":"osm","osm":"node/10934376513","name":"Campsite #2","elev_ft":200}},{"type":"Feature","geometry":{"type":"Point","coordinates":[-77.402429,38.553406]},"properties":{"kind":"campsite","src":"osm","osm":"node/10934376515","name":"Campsite #4","elev_ft":220}},{"type":"Feature","geometry":{"type":"Point","coordinates":[-77.39829,38.54931]},"properties":{"kind":"campsite","src":"osm","osm":"node/10934376546","name":"Campsite #1","elev_ft":213}},{"type":"Feature","geometry":{"type":"Point","coordinates":[-80.315837,36.911389]},"properties":{"kind":"water","src":"osm","osm":"node/11063521256","elev_ft":2464}},{"type":"Feature","geometry":{"type":"Point","coordinates":[-80.827775,37.225091]},"properties":{"kind":"campsite","src":"osm","osm":"node/11090671488","elev_ft":2612}},{"type":"Feature","geometry":{"type":"Point","coordinates":[-77.422992,37.352131]},"properties":{"kind":"campsite","src":"osm","osm":"node/11115407559","name":"Camp Red Feather","elev_ft":167}},{"type":"Feature","geometry":{"type":"Point","coordinates":[-77.824092,38.112344]},"properties":{"kind":"dump","src":"osm","osm":"node/11193641330","elev_ft":361}},{"type":"Feature","geometry":{"type":"Point","coordinates":[-80.226435,36.932937]},"properties":{"kind":"dump","src":"osm","osm":"node/11311087682","elev_ft":2405}},{"type":"Feature","geometry":{"type":"Point","coordinates":[-78.42927,38.756909]},"properties":{"kind":"campsite","src":"osm","osm":"node/11328409861","name":"Camp Outback","elev_ft":778}},{"type":"Feature","geometry":{"type":"Point","coordinates":[-77.400232,38.552438]},"properties":{"kind":"campsite","src":"osm","osm":"node/11368993777","name":"Campsite #5","elev_ft":207}},{"type":"Feature","geometry":{"type":"Point","coordinates":[-79.068978,37.855023]},"properties":{"kind":"campsite","src":"osm","osm":"node/11517722196","name":"Crabtree Falls Campgound","website":"https://www.crabtreefallscampground.com/","elev_ft":1522}},{"type":"Feature","geometry":{"type":"Point","coordinates":[-77.922463,39.062463]},"properties":{"kind":"campsite","src":"osm","osm":"node/11933126967","fee":"no","elev_ft":1316}},{"type":"Feature","geometry":{"type":"Point","coordinates":[-77.916355,39.070312]},"properties":{"kind":"campsite","src":"osm","osm":"node/11933139218","fee":"no","elev_ft":830}},{"type":"Feature","geometry":{"type":"Point","coordinates":[-77.923487,39.061622]},"properties":{"kind":"campsite","src":"osm","osm":"node/11933148637","fee":"no","elev_ft":1316}},{"type":"Feature","geometry":{"type":"Point","coordinates":[-77.172866,38.674609]},"properties":{"kind":"campsite","src":"osm","osm":"node/11950682469","name":"Campground site #133","elev_ft":161}},{"type":"Feature","geometry":{"type":"Point","coordinates":[-78.636795,38.6067]},"properties":{"kind":"campsite","src":"osm","osm":"node/11969139094","elev_ft":2523}},{"type":"Feature","geometry":{"type":"Point","coordinates":[-78.637171,38.594347]},"properties":{"kind":"campsite","src":"osm","osm":"node/11969139106","elev_ft":2753}},{"type":"Feature","geometry":{"type":"Point","coordinates":[-76.745418,37.143483]},"properties":{"kind":"dump","src":"osm","osm":"node/11971630447","elev_ft":112}},{"type":"Feature","geometry":{"type":"Point","coordinates":[-78.629173,38.598063]},"properties":{"kind":"campsite","src":"osm","osm":"node/11987605424","elev_ft":2536}},{"type":"Feature","geometry":{"type":"Point","coordinates":[-78.550837,38.699652]},"properties":{"kind":"campsite","src":"osm","osm":"node/11990669928","elev_ft":2559}},{"type":"Feature","geometry":{"type":"Point","coordinates":[-78.550667,38.700925]},"properties":{"kind":"campsite","src":"osm","osm":"node/11990669929","elev_ft":2638}},{"type":"Feature","geometry":{"type":"Point","coordinates":[-78.54922,38.702767]},"properties":{"kind":"campsite","src":"osm","osm":"node/11990669932","elev_ft":2753}},{"type":"Feature","geometry":{"type":"Point","coordinates":[-80.626011,37.057819]},"properties":{"kind":"dump","src":"osm","osm":"node/12129020046","fee":"no","access":"customers","operator":"Virginia State Parks","elev_ft":1939}},{"type":"Feature","geometry":{"type":"Point","coordinates":[-78.333842,38.924447]},"properties":{"kind":"campsite","src":"osm","osm":"node/12327070781","elev_ft":837}},{"type":"Feature","geometry":{"type":"Point","coordinates":[-78.353404,38.944984]},"properties":{"kind":"campsite","src":"osm","osm":"node/12327072598","elev_ft":1457}},{"type":"Feature","geometry":{"type":"Point","coordinates":[-78.35298,38.946669]},"properties":{"kind":"campsite","src":"osm","osm":"node/12327112703","elev_ft":1483}},{"type":"Feature","geometry":{"type":"Point","coordinates":[-75.992106,36.796606]},"properties":{"kind":"dump","src":"osm","osm":"node/12377251827","access":"customers","operator":"Virginia Beach KOA Holiday","elev_ft":23}},{"type":"Feature","geometry":{"type":"Point","coordinates":[-79.437157,37.576456]},"properties":{"kind":"campsite","src":"osm","osm":"node/12471735317","elev_ft":2520}},{"type":"Feature","geometry":{"type":"Point","coordinates":[-79.43984,37.564698]},"properties":{"kind":"campsite","src":"osm","osm":"node/12471735318","elev_ft":3048}},{"type":"Feature","geometry":{"type":"Point","coordinates":[-76.181308,36.725001]},"properties":{"kind":"campsite","src":"osm","osm":"node/12594107557","name":"Camp Baker Boy Scout Camp","fee":"yes","access":"private","operator":"Tidewater Council BSA","website":"https://campreservation.com/596/Camps/503","elev_ft":30}},{"type":"Feature","geometry":{"type":"Point","coordinates":[-77.212863,38.632798]},"properties":{"kind":"campsite","src":"osm","osm":"node/12616242038","name":"Canoe-In Campground","elev_ft":26}},{"type":"Feature","geometry":{"type":"Point","coordinates":[-78.527572,36.627775]},"properties":{"kind":"dump","src":"osm","osm":"node/12760256616","elev_ft":397}},{"type":"Feature","geometry":{"type":"Point","coordinates":[-79.36175,38.337823]},"properties":{"kind":"campsite","src":"osm","osm":"node/12784266435","name":"Old Sexton Cabin Site","fee":"no","elev_ft":3084}},{"type":"Feature","geometry":{"type":"Point","coordinates":[-79.317502,38.371569]},"properties":{"kind":"campsite","src":"osm","osm":"node/12786616111","elev_ft":3960}},{"type":"Feature","geometry":{"type":"Point","coordinates":[-79.227839,38.134174]},"properties":{"kind":"campsite","src":"osm","osm":"node/12802545880","name":"Camp Shenandoah BSA","fee":"yes","access":"private","operator":"Scouting America","website":"https://www.campshenandoah.org/","desc":"Camp Shenandoah is a year-round, 500-acre Scout Reservation nestled amongst the Appalachian foothills in the beautiful Shenandoah Valley of Virginia.","elev_ft":1663}},{"type":"Feature","geometry":{"type":"Point","coordinates":[-77.088825,38.708481]},"properties":{"kind":"campsite","src":"osm","osm":"node/12812409486","name":"Patriots Path: A Revolutionary War Encampment","desc":"Experience the American Revolution as you walk through an 18th-century Continental Army encampment featuring soldiers' tents and an officer\u2019s tent. Get hands-on discovering items throughout the encampment.","elev_ft":121}},{"type":"Feature","geometry":{"type":"Point","coordinates":[-79.002534,37.87455]},"properties":{"kind":"campsite","src":"osm","osm":"node/12847723500","elev_ft":2244}},{"type":"Feature","geometry":{"type":"Point","coordinates":[-80.618985,36.963975]},"properties":{"kind":"campsite","src":"osm","osm":"node/12889309864","name":"Wild Goose Campsite","elev_ft":2910}},{"type":"Feature","geometry":{"type":"Point","coordinates":[-80.604456,36.983674]},"properties":{"kind":"campsite","src":"osm","osm":"node/12889309865","name":"Rendezvous Campsite","elev_ft":2434}},{"type":"Feature","geometry":{"type":"Point","coordinates":[-77.326754,38.407427]},"properties":{"kind":"campsite","src":"osm","osm":"node/12902191828","name":"Widewater State Park Primitive Campsites","access":"yes","elev_ft":16}},{"type":"Feature","geometry":{"type":"Point","coordinates":[-79.620051,37.991842]},"properties":{"kind":"campsite","src":"osm","osm":"node/13041875170","name":"Camp Alkulana","access":"private","elev_ft":1368}},{"type":"Feature","geometry":{"type":"Point","coordinates":[-75.389046,37.911886]},"properties":{"kind":"dump","src":"osm","osm":"node/13148556074","elev_ft":3}},{"type":"Feature","geometry":{"type":"Point","coordinates":[-79.131905,37.852555]},"properties":{"kind":"campsite","src":"osm","osm":"node/13168702560","name":"Montebello Resort","fee":"yes","operator":"Montebello Resort","website":"https://www.montebellova.com/","elev_ft":2608}},{"type":"Feature","geometry":{"type":"Point","coordinates":[-79.136864,37.851893]},"properties":{"kind":"dump","src":"osm","osm":"node/13168702640","access":"private","operator":"Montebello Resort","elev_ft":2680}},{"type":"Feature","geometry":{"type":"Point","coordinates":[-79.797509,37.915286]},"properties":{"kind":"dump","src":"osm","osm":"node/13231412587","elev_ft":1532}},{"type":"Feature","geometry":{"type":"Point","coordinates":[-79.797297,37.910033]},"properties":{"kind":"dump","src":"osm","osm":"node/13231423103","elev_ft":1493}},{"type":"Feature","geometry":{"type":"Point","coordinates":[-79.812718,37.856981]},"properties":{"kind":"dump","src":"osm","osm":"node/13231879335","elev_ft":1207}},{"type":"Feature","geometry":{"type":"Point","coordinates":[-80.065421,36.851074]},"properties":{"kind":"dump","src":"osm","osm":"node/13300849935","access":"customers","elev_ft":1033}},{"type":"Feature","geometry":{"type":"Point","coordinates":[-79.070305,37.956247]},"properties":{"kind":"campsite","src":"osm","osm":"node/13392113956","name":"Pine Spring Camp","desc":"A historical hunting site (hut?) established circa 1930.","elev_ft":3225}},{"type":"Feature","geometry":{"type":"Point","coordinates":[-79.274215,38.369655]},"properties":{"kind":"campsite","src":"osm","osm":"node/13395839063","name":"Camp Todd","elev_ft":2405}},{"type":"Feature","geometry":{"type":"Point","coordinates":[-79.16559,38.364848]},"properties":{"kind":"campsite","src":"osm","osm":"node/13395839064","name":"Camp May Flather","access":"private","operator":"Girl Scouts Nation's Capital","website":"https://www.gscnc.org/en/members/for-girl-scouts/camp-and-outdoors/virginia-camp-properties/camp-may-flather.html","elev_ft":1614}},{"type":"Feature","geometry":{"type":"Point","coordinates":[-77.156633,38.683582]},"properties":{"kind":"campsite","src":"osm","osm":"node/13438655765","name":"Tent Camping","elev_ft":-13}},{"type":"Feature","geometry":{"type":"Point","coordinates":[-76.33147,36.755177]},"properties":{"kind":"campsite","src":"osm","osm":"node/13591183372","name":"Camp Moonya Scout Camp","fee":"yes","access":"private","operator":"Tidewater Council","website":"https://campreservation.com/596/Camps/807","reservation":"members_only","elev_ft":49}},{"type":"Feature","geometry":{"type":"Point","coordinates":[-79.582852,38.003845]},"properties":{"kind":"campsite","src":"osm","osm":"node/13600177248","name":"Camp ACCOVAC","elev_ft":1699}},{"type":"Feature","geometry":{"type":"Point","coordinates":[-76.872691,37.267976]},"properties":{"kind":"campsite","src":"osm","osm":"node/13663004072","name":"Chickahominy Riverfront Park Campground","elev_ft":13}},{"type":"Feature","geometry":{"type":"Point","coordinates":[-79.38959,37.598388]},"properties":{"kind":"campsite","src":"osm","osm":"node/13672997026","elev_ft":797}},{"type":"Feature","geometry":{"type":"Point","coordinates":[-80.0355,37.456412]},"properties":{"kind":"campsite","src":"osm","osm":"node/13687622534","fee":"no","access":"yes","drinking_water":"no","toilets":"no","elev_ft":2372}},{"type":"Feature","geometry":{"type":"Point","coordinates":[-80.018883,37.456779]},"properties":{"kind":"campsite","src":"osm","osm":"node/13687622535","fee":"no","access":"yes","drinking_water":"no","toilets":"no","elev_ft":1490}},{"type":"Feature","geometry":{"type":"Point","coordinates":[-80.023418,37.456158]},"properties":{"kind":"campsite","src":"osm","osm":"node/13687622536","fee":"no","access":"yes","drinking_water":"no","toilets":"no","elev_ft":1624}},{"type":"Feature","geometry":{"type":"Point","coordinates":[-79.435697,37.976293]},"properties":{"kind":"campsite","src":"osm","osm":"node/13728877617","name":"Staff Site","elev_ft":1421}},{"type":"Feature","geometry":{"type":"Point","coordinates":[-77.26412,38.233092]},"properties":{"kind":"rv_park","src":"osm","osm":"way/44851687","name":"Four Winds Campground","fee":"yes","website":"https://www.clubfourwinds.com/camping-rates/","elev_ft":105}},{"type":"Feature","geometry":{"type":"Point","coordinates":[-77.50945,37.160618]},"properties":{"kind":"rv_park","src":"osm","osm":"way/45069598","elev_ft":184}},{"type":"Feature","geometry":{"type":"Point","coordinates":[-77.32176,38.9632]},"properties":{"kind":"campsite","src":"osm","osm":"way/78343467","name":"Lake Fairfax Family Campground","fee":"yes","access":"yes","operator":"Fairfax County Parks Authority","website":"https://www.fairfaxcounty.gov/parks/lake-fairfax/camping","capacity":"55","drinking_water":"yes","reservation":"recommended","elev_ft":315}},{"type":"Feature","geometry":{"type":"Point","coordinates":[-77.301694,38.769118]},"properties":{"kind":"campsite","src":"osm","osm":"way/108332483","name":"Burke Lake Park Campground","fee":"yes","operator":"Fairfax County","website":"https://www.fairfaxcounty.gov/parks/burke-lake/campgrounds","drinking_water":"yes","reservation":"recommended","elev_ft":354}},{"type":"Feature","geometry":{"type":"Point","coordinates":[-78.992909,37.885032]},"properties":{"kind":"campsite","src":"osm","osm":"way/114502227","name":"Maupin Field","operator":"Tidewater Appalachian Trail Club","elev_ft":2759}},{"type":"Feature","geometry":{"type":"Point","coordinates":[-78.47794,38.437128]},"properties":{"kind":"campsite","src":"osm","osm":"way/186071830","name":"Lewis Mountain Campground","fee":"yes","operator":"National Park Service","website":"https://www.nps.gov/shen/planyourvisit/campgrounds.htm","drinking_water":"yes","toilets":"yes","reservation":"no","elev_ft":3412}},{"type":"Feature","geometry":{"type":"Point","coordinates":[-78.296895,38.763844]},"properties":{"kind":"campsite","src":"osm","osm":"way/224194057","name":"Matthews Arm Campground","fee":"yes","operator":"National Park Service","website":"https://www.nps.gov/shen/planyourvisit/mathews-arm-campground.htm","drinking_water":"yes","toilets":"yes","elev_ft":2802}},{"type":"Feature","geometry":{"type":"Point","coordinates":[-78.436867,38.528616]},"properties":{"kind":"campsite","src":"osm","osm":"way/224194081","name":"Big Meadows Campground","fee":"yes","access":"yes","operator":"National Park Service","website":"https://www.nps.gov/shen/planyourvisit/big-meadows-campground.htm","toilets":"yes","reservation":"required","elev_ft":3550}},{"type":"Feature","geometry":{"type":"Point","coordinates":[-79.604473,37.442386]},"properties":{"kind":"campsite","src":"osm","osm":"way/224926543","name":"Peaks of Otter Campground","operator":"National Park Service","website":"https://www.nps.gov/blri/planyourvisit/camping.htm","drinking_water":"yes","toilets":"yes","reservation":"recommended","elev_ft":2700}},{"type":"Feature","geometry":{"type":"Point","coordinates":[-79.207034,38.339332]},"properties":{"kind":"campsite","src":"osm","osm":"way/259415422","name":"North River Campground","fee":"yes","operator":"George Washington National Forest, North River Ranger District","website":"https://www.fs.usda.gov/recarea/gwj/null/recarea/?recid=73869&actid=29","desc":"This open area campground was originally constructed as a CCC camp. Evidence of the original sites and logging trails still remain today. North River Gorge is a popular hiking, biking, and fishing area with a swinging bridge spanning the North River.","toilets":"yes","elev_ft":1844}},{"type":"Feature","geometry":{"type":"Point","coordinates":[-79.211172,38.365776]},"properties":{"kind":"campsite","src":"osm","osm":"way/259415423","name":"Todd Lake Recreation Area Campground","fee":"yes","operator":"George Washington National Forest, North River Ranger District","website":"https://www.fs.usda.gov/recarea/gwj/null/recarea/?recid=73991&actid=29","toilets":"yes","elev_ft":1965}},{"type":"Feature","geometry":{"type":"Point","coordinates":[-77.417735,38.599345]},"properties":{"kind":"campsite","src":"osm","osm":"way/266761488","name":"Oak Ridge Campground","fee":"yes","access":"permit","operator":"National Park Service","website":"https://www.nps.gov/prwi/planyourvisit/oakridge.htm","drinking_water":"yes","reservation":"required","elev_ft":390}},{"type":"Feature","geometry":{"type":"Point","coordinates":[-77.373066,38.581641]},"properties":{"kind":"campsite","src":"osm","osm":"way/266762125","name":"Turkey Run Ridge Group Campground","fee":"yes","access":"permit","operator":"National Park Service","website":"https://www.nps.gov/prwi/planyourvisit/turkeyrunridge.htm","elev_ft":299}},{"type":"Feature","geometry":{"type":"Point","coordinates":[-77.438288,37.84772]},"properties":{"kind":"rv_park","src":"osm","osm":"way/318380946","name":"Kings Dominion Camp Wilderness Campground KOA","website":"https://www.kingsdominion.com/stay/koa","elev_ft":118}},{"type":"Feature","geometry":{"type":"Point","coordinates":[-76.299131,37.021178]},"properties":{"kind":"rv_park","src":"osm","osm":"way/345149504","name":"Colonies Recreational Vehicle and Travel Park","elev_ft":7}},{"type":"Feature","geometry":{"type":"Point","coordinates":[-75.996635,36.805488]},"properties":{"kind":"rv_park","src":"osm","osm":"way/346331135","name":"Holiday Trav-L-Park","website":"https://www.campingvb.com/","elev_ft":20}},{"type":"Feature","geometry":{"type":"Point","coordinates":[-77.412543,38.575802]},"properties":{"kind":"campsite","src":"osm","osm":"way/353062867","name":"Cabin Camp 5","fee":"yes","access":"permit","operator":"National Park Service","website":"https://www.nps.gov/prwi/planyourvisit/cabincamp5.htm","elev_ft":331}},{"type":"Feature","geometry":{"type":"Point","coordinates":[-79.450704,37.958617]},"properties":{"kind":"campsite","src":"osm","osm":"way/358567984","name":"Site 5 - Truro","access":"private","operator":"Goshen Scout Reservation","drinking_water":"yes","toilets":"yes","elev_ft":1493}},{"type":"Feature","geometry":{"type":"Point","coordinates":[-79.451978,37.95806]},"properties":{"kind":"campsite","src":"osm","osm":"way/358568440","name":"Site 4 - Hitch","access":"private","operator":"Goshen Scout Reservation","drinking_water":"yes","toilets":"yes","elev_ft":1499}},{"type":"Feature","geometry":{"type":"Point","coordinates":[-76.617484,37.292882]},"properties":{"kind":"campsite","src":"osm","osm":"way/360440958","name":"Kings Creek Campground","elev_ft":36}},{"type":"Feature","geometry":{"type":"Point","coordinates":[-77.477236,38.806273]},"properties":{"kind":"campsite","src":"osm","osm":"way/381866295","name":"Bull Run Regional Park Campground","fee":"yes","access":"yes","operator":"NOVA Parks","website":"https://www.novaparks.com/cabins-camping/camping","elev_ft":203}},{"type":"Feature","geometry":{"type":"Point","coordinates":[-75.956009,36.773451]},"properties":{"kind":"rv_park","src":"osm","osm":"way/404559864","name":"Sea Mist RV Park","elev_ft":13}},{"type":"Feature","geometry":{"type":"Point","coordinates":[-76.025851,36.795136]},"properties":{"kind":"rv_park","src":"osm","osm":"way/404562474","name":"Ocean Pines RV Park","elev_ft":23}},{"type":"Feature","geometry":{"type":"Point","coordinates":[-76.741036,37.142068]},"properties":{"kind":"campsite","src":"osm","osm":"way/419812743","elev_ft":89}},{"type":"Feature","geometry":{"type":"Point","coordinates":[-77.826621,38.109446]},"properties":{"kind":"campsite","src":"osm","osm":"way/430476822","elev_ft":354}},{"type":"Feature","geometry":{"type":"Point","coordinates":[-79.845456,36.636121]},"properties":{"kind":"campsite","src":"osm","osm":"way/437527684","name":"North Lot Camping Area","elev_ft":764}},{"type":"Feature","geometry":{"type":"Point","coordinates":[-79.849133,36.636132]},"properties":{"kind":"campsite","src":"osm","osm":"way/437695433","name":"Third Turn Camping Area","elev_ft":725}},{"type":"Feature","geometry":{"type":"Point","coordinates":[-79.848878,36.635596]},"properties":{"kind":"campsite","src":"osm","osm":"way/437695435","name":"Crossings Corner Camping Area","elev_ft":725}},{"type":"Feature","geometry":{"type":"Point","coordinates":[-79.850218,36.63366]},"properties":{"kind":"campsite","src":"osm","osm":"way/437695438","name":"Backstretch Camping Area","elev_ft":748}},{"type":"Feature","geometry":{"type":"Point","coordinates":[-77.946181,37.678365]},"properties":{"kind":"campsite","src":"osm","osm":"way/443226755","elev_ft":184}},{"type":"Feature","geometry":{"type":"Point","coordinates":[-81.486688,36.670063]},"properties":{"kind":"campsite","src":"osm","osm":"way/457137007","name":"Scales","fee":"no","elev_ft":4619}},{"type":"Feature","geometry":{"type":"Point","coordinates":[-77.766122,38.351798]},"properties":{"kind":"rv_park","src":"osm","osm":"way/487138141","name":"LOWA Campground","elev_ft":341}},{"type":"Feature","geometry":{"type":"Point","coordinates":[-83.630725,36.60234]},"properties":{"kind":"campsite","src":"osm","osm":"way/495052583","name":"Wilderness Road Campground","elev_ft":1368}},{"type":"Feature","geometry":{"type":"Point","coordinates":[-78.358823,39.233584]},"properties":{"kind":"campsite","src":"osm","osm":"way/495755147","elev_ft":1329}},{"type":"Feature","geometry":{"type":"Point","coordinates":[-79.45118,37.961911]},"properties":{"kind":"campsite","src":"osm","osm":"way/499681004","name":"Site 2 - Martin","access":"private","operator":"Goshen Scout Reservation","drinking_water":"yes","toilets":"yes","elev_ft":1440}},{"type":"Feature","geometry":{"type":"Point","coordinates":[-77.415118,38.581124]},"properties":{"kind":"campsite","src":"osm","osm":"way/523131171","name":"Cabin Camp 2","fee":"yes","access":"permit","operator":"National Park Service","website":"https://www.nps.gov/prwi/planyourvisit/cabincamp2.htm","reservation":"required","elev_ft":282}},{"type":"Feature","geometry":{"type":"Point","coordinates":[-78.68884,38.92462]},"properties":{"kind":"campsite","src":"osm","osm":"way/532974063","name":"Wolf Gap Campground","fee":"no","website":"https://www.fs.usda.gov/recarea/gwj/recarea/?recid=74043","drinking_water":"no","toilets":"yes","reservation":"no","elev_ft":2297}},{"type":"Feature","geometry":{"type":"Point","coordinates":[-80.192602,37.052424]},"properties":{"kind":"rv_park","src":"osm","osm":"way/535376075","name":"Virginia Highland Haven Airstream Park","fee":"yes","website":"https://vahighlandhaven.com/","desc":"Only travel trailers and motorhomes produced by Airstream, Inc. are permitted in the park.","capacity":"46","elev_ft":2733}},{"type":"Feature","geometry":{"type":"Point","coordinates":[-79.031163,38.561791]},"properties":{"kind":"campsite","src":"osm","osm":"way/537830840","elev_ft":3701}},{"type":"Feature","geometry":{"type":"Point","coordinates":[-80.227867,36.93434]},"properties":{"kind":"rv_park","src":"osm","osm":"way/544146293","name":"Floyd Family Campground","fee":"yes","website":"https://floydfamilycampground.com","reservation":"yes","elev_ft":2451}},{"type":"Feature","geometry":{"type":"Point","coordinates":[-78.204179,39.186499]},"properties":{"kind":"campsite","src":"osm","osm":"way/556047735","name":"Candy Hill Campground","desc":"Candy Hill Campground & RV Park","elev_ft":814}},{"type":"Feature","geometry":{"type":"Point","coordinates":[-77.567202,37.341413]},"properties":{"kind":"campsite","src":"osm","osm":"way/579281440","elev_ft":213}},{"type":"Feature","geometry":{"type":"Point","coordinates":[-78.671316,38.594665]},"properties":{"kind":"campsite","src":"osm","osm":"way/582913776","name":"Endless Caverns RV Resort & Cavern Tours","elev_ft":1204}},{"type":"Feature","geometry":{"type":"Point","coordinates":[-79.012651,37.919116]},"properties":{"kind":"campsite","src":"osm","osm":"way/596534644","name":"Sherando Lake Campground","fee":"yes","operator":"US Forest Service","website":"https://www.fs.usda.gov/recarea/gwj/recarea/?recid=73959","elev_ft":1913}},{"type":"Feature","geometry":{"type":"Point","coordinates":[-77.86694,37.672863]},"properties":{"kind":"campsite","src":"osm","osm":"way/614556503","name":"Baloo Tent Village","elev_ft":243}},{"type":"Feature","geometry":{"type":"Point","coordinates":[-77.866944,37.677139]},"properties":{"kind":"campsite","src":"osm","osm":"way/614961788","name":"Mowgli Outpost","elev_ft":269}},{"type":"Feature","geometry":{"type":"Point","coordinates":[-77.866744,37.67803]},"properties":{"kind":"campsite","src":"osm","osm":"way/614961789","name":"Sleepy Hollow Staff Area","elev_ft":279}},{"type":"Feature","geometry":{"type":"Point","coordinates":[-77.860247,37.678274]},"properties":{"kind":"campsite","src":"osm","osm":"way/615272950","name":"1 Hill","elev_ft":269}},{"type":"Feature","geometry":{"type":"Point","coordinates":[-77.859026,37.678982]},"properties":{"kind":"campsite","src":"osm","osm":"way/615272951","name":"2 Huffines","elev_ft":302}},{"type":"Feature","geometry":{"type":"Point","coordinates":[-77.855352,37.678198]},"properties":{"kind":"campsite","src":"osm","osm":"way/615272952","name":"6 Turner","elev_ft":305}},{"type":"Feature","geometry":{"type":"Point","coordinates":[-77.856667,37.677109]},"properties":{"kind":"campsite","src":"osm","osm":"way/615272953","name":"5 Frise","fee":"yes","operator":"Heart of Virginia Council","website":"https://bradysaunders.net","capacity":"80","reservation":"required","elev_ft":308}},{"type":"Feature","geometry":{"type":"Point","coordinates":[-77.857945,37.67649]},"properties":{"kind":"campsite","src":"osm","osm":"way/615272954","name":"4 Newlon","access":"private","operator":"Heart of Virginia Council","drinking_water":"yes","toilets":"yes","reservation":"required","elev_ft":308}},{"type":"Feature","geometry":{"type":"Point","coordinates":[-77.856072,37.676332]},"properties":{"kind":"campsite","src":"osm","osm":"way/615272957","name":"7 Cochran","elev_ft":308}},{"type":"Feature","geometry":{"type":"Point","coordinates":[-77.855731,37.677256]},"properties":{"kind":"campsite","src":"osm","osm":"way/615272960","name":"3 Koch","elev_ft":305}},{"type":"Feature","geometry":{"type":"Point","coordinates":[-77.855916,37.674715]},"properties":{"kind":"campsite","src":"osm","osm":"way/615272963","name":"8 Myers","elev_ft":295}},{"type":"Feature","geometry":{"type":"Point","coordinates":[-77.856835,37.673668]},"properties":{"kind":"campsite","src":"osm","osm":"way/615272964","name":"9 Heslep","elev_ft":292}},{"type":"Feature","geometry":{"type":"Point","coordinates":[-77.855811,37.673262]},"properties":{"kind":"campsite","src":"osm","osm":"way/615272965","name":"11 Mathney","elev_ft":289}},{"type":"Feature","geometry":{"type":"Point","coordinates":[-77.861487,37.672605]},"properties":{"kind":"campsite","src":"osm","osm":"way/615272968","name":"14 Saunders","elev_ft":249}},{"type":"Feature","geometry":{"type":"Point","coordinates":[-77.860422,37.672267]},"properties":{"kind":"campsite","src":"osm","osm":"way/615272969","name":"13 McLaughlin","elev_ft":262}},{"type":"Feature","geometry":{"type":"Point","coordinates":[-77.859417,37.671106]},"properties":{"kind":"campsite","src":"osm","osm":"way/615272970","name":"12 DesChamps","elev_ft":243}},{"type":"Feature","geometry":{"type":"Point","coordinates":[-77.859181,37.676074]},"properties":{"kind":"campsite","src":"osm","osm":"way/615272971","name":"16 Hirschi","access":"private","operator":"Heart of Virginia Council","desc":"12 Cabins and a lodge with latrines, showers, and a common room","reservation":"yes","elev_ft":302}},{"type":"Feature","geometry":{"type":"Point","coordinates":[-77.858205,37.675179]},"properties":{"kind":"campsite","src":"osm","osm":"way/615272972","name":"15 Overstreet","elev_ft":308}},{"type":"Feature","geometry":{"type":"Point","coordinates":[-77.861189,37.677267]},"properties":{"kind":"campsite","src":"osm","osm":"way/615289153","name":"10 Hargrove","elev_ft":272}},{"type":"Feature","geometry":{"type":"Point","coordinates":[-76.881625,37.198583]},"properties":{"kind":"campsite","src":"osm","osm":"way/615564134","name":"Staff Area","elev_ft":112}},{"type":"Feature","geometry":{"type":"Point","coordinates":[-76.881685,37.199798]},"properties":{"kind":"campsite","src":"osm","osm":"way/615564135","name":"Site 3","elev_ft":95}},{"type":"Feature","geometry":{"type":"Point","coordinates":[-76.880179,37.19962]},"properties":{"kind":"campsite","src":"osm","osm":"way/615564136","name":"Site 2","elev_ft":95}},{"type":"Feature","geometry":{"type":"Point","coordinates":[-76.883387,37.199412]},"properties":{"kind":"campsite","src":"osm","osm":"way/615564137","name":"Site 4","elev_ft":115}},{"type":"Feature","geometry":{"type":"Point","coordinates":[-76.882259,37.19731]},"properties":{"kind":"campsite","src":"osm","osm":"way/615564138","name":"Site 11","elev_ft":105}},{"type":"Feature","geometry":{"type":"Point","coordinates":[-76.880756,37.197676]},"properties":{"kind":"campsite","src":"osm","osm":"way/615564139","name":"Site 12","elev_ft":89}},{"type":"Feature","geometry":{"type":"Point","coordinates":[-76.884653,37.196288]},"properties":{"kind":"campsite","src":"osm","osm":"way/615564140","name":"Site 10","elev_ft":95}},{"type":"Feature","geometry":{"type":"Point","coordinates":[-76.884598,37.197431]},"properties":{"kind":"campsite","src":"osm","osm":"way/615564141","name":"Site 9","elev_ft":112}},{"type":"Feature","geometry":{"type":"Point","coordinates":[-76.884556,37.198551]},"properties":{"kind":"campsite","src":"osm","osm":"way/615564142","name":"Site 7","elev_ft":118}},{"type":"Feature","geometry":{"type":"Point","coordinates":[-76.885876,37.198016]},"properties":{"kind":"campsite","src":"osm","osm":"way/615564143","name":"Site 8","elev_ft":121}},{"type":"Feature","geometry":{"type":"Point","coordinates":[-76.885728,37.198792]},"properties":{"kind":"campsite","src":"osm","osm":"way/615564144","name":"Site 6","elev_ft":108}},{"type":"Feature","geometry":{"type":"Point","coordinates":[-76.88541,37.200082]},"properties":{"kind":"campsite","src":"osm","osm":"way/615564145","name":"Site 5","elev_ft":62}},{"type":"Feature","geometry":{"type":"Point","coordinates":[-76.728777,37.306945]},"properties":{"kind":"rv_park","src":"osm","osm":"way/656859885","name":"Anvil Campground","fee":"yes","access":"yes","elev_ft":108}},{"type":"Feature","geometry":{"type":"Point","coordinates":[-80.070547,36.851524]},"properties":{"kind":"campsite","src":"osm","osm":"way/662688185","name":"Jamison Mill Park","access":"yes","operator":"Franklin County Parks & Recreation","website":"https://www.playfranklincounty.com/facilities/facility/details/Jamison-Mill-Park-10","elev_ft":1073}},{"type":"Feature","geometry":{"type":"Point","coordinates":[-80.415256,36.731685]},"properties":{"kind":"campsite","src":"osm","osm":"way/664853622","name":"Meadows of Dan Campground","access":"private","operator":"Inn Keepers of Boone","website":"https://www.meadowsofdancampground.com/","toilets":"yes","elev_ft":2890}},{"type":"Feature","geometry":{"type":"Point","coordinates":[-77.925819,37.687602]},"properties":{"kind":"campsite","src":"osm","osm":"way/666697767","elev_ft":279}},{"type":"Feature","geometry":{"type":"Point","coordinates":[-79.595363,37.083543]},"properties":{"kind":"campsite","src":"osm","osm":"way/670869856","elev_ft":922}},{"type":"Feature","geometry":{"type":"Point","coordinates":[-78.641795,37.398795]},"properties":{"kind":"campsite","src":"osm","osm":"way/671133969","name":"Redbud Campground","elev_ft":535}},{"type":"Feature","geometry":{"type":"Point","coordinates":[-75.357817,37.924835]},"properties":{"kind":"rv_park","src":"osm","osm":"way/674510824","name":"Jellystone Park Chincoteague Island","fee":"yes","website":"https://www.campjellystone.com/virginia/jellystone-park-chincoteague-island","drinking_water":"yes","toilets":"yes","reservation":"yes","elev_ft":13}},{"type":"Feature","geometry":{"type":"Point","coordinates":[-78.738386,36.907505]},"properties":{"kind":"campsite","src":"osm","osm":"way/675843338","name":"AstroCamp / Camp Motorsport","website":"https://astrocampva.org/","elev_ft":361}},{"type":"Feature","geometry":{"type":"Point","coordinates":[-76.440282,37.609695]},"properties":{"kind":"campsite","src":"osm","osm":"way/678269422","name":"Grey's Point Camp","fee":"yes","website":"https://www.greyspointcamp.com","elev_ft":43}},{"type":"Feature","geometry":{"type":"Point","coordinates":[-77.318272,38.962673]},"properties":{"kind":"campsite","src":"osm","osm":"way/679336587","name":"Lake Fairfax Large Group Campground","fee":"yes","access":"yes","operator":"Fairfax County Parks Authority","website":"https://www.fairfaxcounty.gov/parks/lake-fairfax/camping","reservation":"recommended","elev_ft":315}},{"type":"Feature","geometry":{"type":"Point","coordinates":[-77.31883,38.963436]},"properties":{"kind":"campsite","src":"osm","osm":"way/679336588","name":"Lake Fairfax Park Large Group Campground","fee":"yes","access":"yes","operator":"Fairfax County Parks Authority","website":"https://www.fairfaxcounty.gov/parks/lake-fairfax/camping","reservation":"recommended","elev_ft":315}},{"type":"Feature","geometry":{"type":"Point","coordinates":[-77.320523,38.964605]},"properties":{"kind":"campsite","src":"osm","osm":"way/679336594","name":"Group camping area G-1","fee":"yes","operator":"Fairfax County Parks Authority","website":"https://www.fairfaxcounty.gov/parks/lake-fairfax/camping","reservation":"recommended","elev_ft":302}},{"type":"Feature","geometry":{"type":"Point","coordinates":[-77.322046,38.9601]},"properties":{"kind":"campsite","src":"osm","osm":"way/679336602","name":"Lake Fairfax Small Group Campground","fee":"yes","access":"yes","operator":"Fairfax County Parks Authority","website":"https://www.fairfaxcounty.gov/parks/lake-fairfax/camping","capacity":"48","drinking_water":"yes","reservation":"recommended","elev_ft":338}},{"type":"Feature","geometry":{"type":"Point","coordinates":[-80.344394,36.83389]},"properties":{"kind":"campsite","src":"osm","osm":"way/685025870","name":"Rocky Knob Campground","fee":"yes","operator":"National Park Service","website":"https://www.recreation.gov/camping/campgrounds/233324","toilets":"yes","elev_ft":3025}},{"type":"Feature","geometry":{"type":"Point","coordinates":[-80.390113,36.776311]},"properties":{"kind":"campsite","src":"osm","osm":"way/688070011","operator":"National Park Service","elev_ft":3061}},{"type":"Feature","geometry":{"type":"Point","coordinates":[-78.670448,38.246189]},"properties":{"kind":"campsite","src":"osm","osm":"way/689553228","name":"Loft Mountain Campground","fee":"yes","access":"yes","operator":"National Park Service","website":"https://www.nps.gov/shen/planyourvisit/loft-mountain-campground.htm","drinking_water":"yes","toilets":"yes","reservation":"yes","elev_ft":3376}},{"type":"Feature","geometry":{"type":"Point","coordinates":[-80.212894,37.197268]},"properties":{"kind":"campsite","src":"osm","osm":"way/691178406","elev_ft":1509}},{"type":"Feature","geometry":{"type":"Point","coordinates":[-76.274403,37.48998]},"properties":{"kind":"campsite","src":"osm","osm":"way/691320097","name":"Sun Retreats Gwynn's Island","fee":"yes","website":"https://www.sunoutdoors.com/virginia/sun-retreats-gwynns-island","elev_ft":52}},{"type":"Feature","geometry":{"type":"Point","coordinates":[-79.363696,37.72812]},"properties":{"kind":"rv_park","src":"osm","osm":"way/697140593","elev_ft":804}},{"type":"Feature","geometry":{"type":"Point","coordinates":[-79.364239,37.728347]},"properties":{"kind":"rv_park","src":"osm","osm":"way/697140594","elev_ft":807}},{"type":"Feature","geometry":{"type":"Point","coordinates":[-77.861453,39.079445]},"properties":{"kind":"campsite","src":"osm","osm":"way/698768873","name":"Blue Ridge Regional Park","fee":"yes","access":"permit","operator":"Northern Virginia Regional Park Authority","elev_ft":1693}},{"type":"Feature","geometry":{"type":"Point","coordinates":[-78.179149,39.077213]},"properties":{"kind":"campsite","src":"osm","osm":"way/698927424","name":"White Oak Campground","elev_ft":735}},{"type":"Feature","geometry":{"type":"Point","coordinates":[-76.008879,36.557247]},"properties":{"kind":"rv_park","src":"osm","osm":"way/721241200","name":"North Landing Beach RV Resort","website":"https://northlandingbeach.com/","elev_ft":30}},{"type":"Feature","geometry":{"type":"Point","coordinates":[-78.383526,38.97843]},"properties":{"kind":"campsite","src":"osm","osm":"way/723890189","name":"Strasburg Riverlot","elev_ft":512}},{"type":"Feature","geometry":{"type":"Point","coordinates":[-78.797048,37.632434]},"properties":{"kind":"campsite","src":"osm","osm":"way/725032413","name":"Branch Pond","operator":"Virginia Department of Conservation and Recreation","website":"https://www.dcr.virginia.gov/state-parks/james-river#cabins_camping","capacity":"7","drinking_water":"no","toilets":"no","elev_ft":492}},{"type":"Feature","geometry":{"type":"Point","coordinates":[-79.823526,38.186637]},"properties":{"kind":"campsite","src":"osm","osm":"way/732503501","elev_ft":2031}},{"type":"Feature","geometry":{"type":"Point","coordinates":[-79.88548,38.068928]},"properties":{"kind":"campsite","src":"osm","osm":"way/733434056","name":"Blowing Springs Campground","fee":"yes","operator":"United States Forest Service","website":"https://www.fs.usda.gov/recarea/gwj/recarea/?recid=73595","capacity":"22","elev_ft":1677}},{"type":"Feature","geometry":{"type":"Point","coordinates":[-79.821853,38.099334]},"properties":{"kind":"campsite","src":"osm","osm":"way/734623991","name":"Hidden Valley Campground","fee":"yes","operator":"United States Forest Service","website":"https://www.fs.usda.gov/recarea/gwj/recarea/?recid=73743","capacity":"31","elev_ft":1827}},{"type":"Feature","geometry":{"type":"Point","coordinates":[-79.798216,37.90929]},"properties":{"kind":"campsite","src":"osm","osm":"way/739677335","name":"Lakeside Campground","fee":"yes","operator":"Virginia Department of Conservation and Recreation","capacity":"19","drinking_water":"yes","toilets":"yes","reservation":"recommended","elev_ft":1490}},{"type":"Feature","geometry":{"type":"Point","coordinates":[-76.011693,37.288455]},"properties":{"kind":"campsite","src":"osm","osm":"way/745080928","name":"Sun Outdoors Cape Charles","fee":"yes","website":"https://www.sunoutdoors.com/virginia/sun-outdoors-cape-charles","drinking_water":"yes","toilets":"yes","reservation":"yes","elev_ft":20}},{"type":"Feature","geometry":{"type":"Point","coordinates":[-75.969625,37.137204]},"properties":{"kind":"rv_park","src":"osm","osm":"way/745435315","name":"KOA Resort Cape Charles/Chesapeake Bay","website":"https://koa.com/campgrounds/chesapeake-bay","desc":"Cape Charles/Chesapeake Bay KOA sits right on the Chesapeake Bay with its own private beach and many campground amenities to make your stay as comfortable as possible.","elev_ft":23}},{"type":"Feature","geometry":{"type":"Point","coordinates":[-78.739448,38.037643]},"properties":{"kind":"campsite","src":"osm","osm":"way/750317042","name":"Misty Mountain Camp Resort","fee":"yes","access":"customers","website":"https://www.mistymountaincampresort.com/","elev_ft":702}},{"type":"Feature","geometry":{"type":"Point","coordinates":[-78.393207,39.205593]},"properties":{"kind":"campsite","src":"osm","osm":"way/753600770","name":"Camp Rock Enon","operator":"Boy Scouts of America","elev_ft":1138}},{"type":"Feature","geometry":{"type":"Point","coordinates":[-77.645344,37.44572]},"properties":{"kind":"rv_park","src":"osm","osm":"way/760186545","elev_ft":269}},{"type":"Feature","geometry":{"type":"Point","coordinates":[-81.519725,36.890228]},"properties":{"kind":"campsite","src":"osm","osm":"way/762870196","name":"Creekside Campground","operator":"Hungry Mother State Park","website":"https://www.dcr.virginia.gov/state-parks/hungry-mother#cabins_camping","reservation":"required","elev_ft":2247}},{"type":"Feature","geometry":{"type":"Point","coordinates":[-81.51966,36.89158]},"properties":{"kind":"campsite","src":"osm","osm":"way/762889316","name":"Royal Oak Campground","operator":"Hungry Mother State Park","website":"https://www.dcr.virginia.gov/state-parks/hungry-mother#cabins_camping","capacity":"12","elev_ft":2257}},{"type":"Feature","geometry":{"type":"Point","coordinates":[-81.525473,36.868878]},"properties":{"kind":"campsite","src":"osm","osm":"way/762913097","name":"Camp Burson","operator":"Hungry Mother State Park","website":"https://www.dcr.virginia.gov/state-parks/hungry-mother#camping","drinking_water":"yes","reservation":"recommended","elev_ft":2165}},{"type":"Feature","geometry":{"type":"Point","coordinates":[-78.279557,37.17683]},"properties":{"kind":"campsite","src":"osm","osm":"way/766273080","name":"Twin Lakes State Park Campground","fee":"yes","website":"https://www.dcr.virginia.gov/state-parks/twin-lakes#camping","drinking_water":"yes","reservation":"recommended","elev_ft":482}},{"type":"Feature","geometry":{"type":"Point","coordinates":[-78.273385,37.531229]},"properties":{"kind":"campsite","src":"osm","osm":"way/771692677","name":"Bear Creek Lake State Park - Acorn Loop","elev_ft":308}},{"type":"Feature","geometry":{"type":"Point","coordinates":[-78.270379,37.532292]},"properties":{"kind":"campsite","src":"osm","osm":"way/771692678","name":"Black Creek Lake State Park - Chestnut Loop","elev_ft":367}},{"type":"Feature","geometry":{"type":"Point","coordinates":[-78.272078,37.532128]},"properties":{"kind":"campsite","src":"osm","osm":"way/771692679","name":"Black Creek Lake State Park - Black Oak Loop","elev_ft":351}},{"type":"Feature","geometry":{"type":"Point","coordinates":[-77.575906,37.379143]},"properties":{"kind":"campsite","src":"osm","osm":"way/773654919","name":"Pocahontas State Park Campground","fee":"yes","operator":"Virginia Department of Conservation and Recreation","website":"https://www.dcr.virginia.gov/state-parks/pocahontas#camping","drinking_water":"yes","reservation":"yes","elev_ft":249}},{"type":"Feature","geometry":{"type":"Point","coordinates":[-77.56813,37.378167]},"properties":{"kind":"campsite","src":"osm","osm":"way/773678377","name":"Algonquian Ecology Camp","operator":"Virginia Department of Conservation and Recreation","website":"https://www.dcr.virginia.gov/state-parks/document/po-group-cabin-facilities.pdf","reservation":"required","elev_ft":243}},{"type":"Feature","geometry":{"type":"Point","coordinates":[-77.542807,37.38071]},"properties":{"kind":"campsite","src":"osm","osm":"way/773782485","name":"Swift Creek Camp","operator":"Virginia Department of Conservation and Recreation","website":"https://www.dcr.virginia.gov/state-parks/document/po-group-cabin-facilities.pdf","reservation":"required","elev_ft":220}},{"type":"Feature","geometry":{"type":"Point","coordinates":[-78.021021,37.538595]},"properties":{"kind":"campsite","src":"osm","osm":"way/788269484","name":"Cozy Acres Campground","website":"https://www.cozyacres.com/","elev_ft":295}},{"type":"Feature","geometry":{"type":"Point","coordinates":[-82.166375,37.243873]},"properties":{"kind":"campsite","src":"osm","osm":"way/795035111","elev_ft":2201}},{"type":"Feature","geometry":{"type":"Point","coordinates":[-82.043286,37.183989]},"properties":{"kind":"campsite","src":"osm","osm":"way/795035223","name":"Church of Christ Youth Camp","elev_ft":2510}},{"type":"Feature","geometry":{"type":"Point","coordinates":[-82.297635,37.297087]},"properties":{"kind":"campsite","src":"osm","osm":"way/796236042","elev_ft":1762}},{"type":"Feature","geometry":{"type":"Point","coordinates":[-81.370451,37.29087]},"properties":{"kind":"campsite","src":"osm","osm":"way/797526777","elev_ft":2497}},{"type":"Feature","geometry":{"type":"Point","coordinates":[-81.514929,37.171277]},"properties":{"kind":"campsite","src":"osm","osm":"way/797526801","elev_ft":2648}},{"type":"Feature","geometry":{"type":"Point","coordinates":[-77.593743,38.972403]},"properties":{"kind":"campsite","src":"osm","osm":"way/798014747","name":"Grant Family Campground","fee":"yes","access":"yes","operator":"Willowsford Conservancy","website":"https://willowsfordconservancy.org/rentals/","drinking_water":"yes","toilets":"yes","elev_ft":404}},{"type":"Feature","geometry":{"type":"Point","coordinates":[-82.312397,36.914138]},"properties":{"kind":"campsite","src":"osm","osm":"way/798872894","elev_ft":1798}},{"type":"Feature","geometry":{"type":"Point","coordinates":[-82.149243,36.945735]},"properties":{"kind":"campsite","src":"osm","osm":"way/798872929","elev_ft":1549}},{"type":"Feature","geometry":{"type":"Point","coordinates":[-82.737774,36.702322]},"properties":{"kind":"campsite","src":"osm","osm":"way/800043890","name":"Lovers Leap Campground","elev_ft":1798}},{"type":"Feature","geometry":{"type":"Point","coordinates":[-82.738242,36.704173]},"properties":{"kind":"campsite","src":"osm","osm":"way/800043891","name":"Cove View Campground","elev_ft":1867}},{"type":"Feature","geometry":{"type":"Point","coordinates":[-82.923064,36.800825]},"properties":{"kind":"campsite","src":"osm","osm":"way/801475590","name":"Cave Springs campground","fee":"yes","operator":"National Forest Service Clinch Ranger District: (276) 679-8370","desc":"The campground here has 37 campsites including 19 sites with electric hookups.","capacity":"37","elev_ft":1594}},{"type":"Feature","geometry":{"type":"Point","coordinates":[-82.676781,37.100404]},"properties":{"kind":"campsite","src":"osm","osm":"way/801475598","name":"Cane Patch Campground","fee":"yes","operator":"United States Department of Agriculture","website":"https://www.fs.usda.gov/recarea/gwj/recarea/?recid=73637","capacity":"35","drinking_water":"yes","toilets":"yes","elev_ft":1634}},{"type":"Feature","geometry":{"type":"Point","coordinates":[-76.969989,38.238698]},"properties":{"kind":"campsite","src":"osm","osm":"way/802007907","name":"Monroe Bay Campground","website":"https://monroebaymarina.com/","elev_ft":10}},{"type":"Feature","geometry":{"type":"Point","coordinates":[-82.632878,36.917265]},"properties":{"kind":"campsite","src":"osm","osm":"way/802700838","name":"Flag Rock Recreation Area Lower Campground","elev_ft":3130}},{"type":"Feature","geometry":{"type":"Point","coordinates":[-82.623212,36.890699]},"properties":{"kind":"campsite","src":"osm","osm":"way/802700932","name":"High Knob Campground","fee":"yes","capacity":"13","elev_ft":3701}},{"type":"Feature","geometry":{"type":"Point","coordinates":[-80.884046,37.203184]},"properties":{"kind":"campsite","src":"osm","osm":"way/803517626","name":"White Cedar Horse Camp","fee":"yes","operator":"United States Department of Agriculture","website":"https://www.fs.usda.gov/recarea/gwj/recarea/?recid=74021","capacity":"8","drinking_water":"no","toilets":"yes","elev_ft":2559}},{"type":"Feature","geometry":{"type":"Point","coordinates":[-81.207429,37.023372]},"properties":{"kind":"campsite","src":"osm","osm":"way/803517642","name":"Dear Trail Park Campground","elev_ft":2392}},{"type":"Feature","geometry":{"type":"Point","coordinates":[-80.579245,36.992287]},"properties":{"kind":"campsite","src":"osm","osm":"way/804696387","name":"Camp Ottari BSA","access":"private","operator":"Boy Scouts of America","desc":"Boy Scout Camp","elev_ft":2208}},{"type":"Feature","geometry":{"type":"Point","coordinates":[-80.661643,36.964578]},"properties":{"kind":"campsite","src":"osm","osm":"way/804696623","name":"Camp Powhatan BSA","access":"private","operator":"Scouting America","desc":"Boy Scout Camp","elev_ft":2169}},{"type":"Feature","geometry":{"type":"Point","coordinates":[-81.183571,37.009613]},"properties":{"kind":"campsite","src":"osm","osm":"way/806097991","name":"Stony Fork Campground","fee":"yes","operator":"Mount Rogers National Recreation Area","desc":"Stony Fork is located in a natural forest setting at the foot of Big Walker Mountain and adjacent to the Big Walker Scenic Byway. The East Fork of Stony Fork Creek winds through the campground and provides water play and trout fishing.","capacity":"54","elev_ft":2369}},{"type":"Feature","geometry":{"type":"Point","coordinates":[-81.484657,36.63915]},"properties":{"kind":"campsite","src":"osm","osm":"way/806326800","name":"Hickory Ridge Campground","elev_ft":4324}},{"type":"Feature","geometry":{"type":"Point","coordinates":[-81.647812,36.684758]},"properties":{"kind":"campsite","src":"osm","osm":"way/808088640","name":"Beartree Campground - Individual Sites","fee":"yes","operator":"American Land and Leisure","desc":"Campsites are popular with tent campers since there are no hookups, but RVs are welcome and easily accommodated. Group sites and a large picnic shelter are available with reservations.","capacity":"55","elev_ft":3340}},{"type":"Feature","geometry":{"type":"Point","coordinates":[-81.680187,36.668351]},"properties":{"kind":"campsite","src":"osm","osm":"way/808088641","name":"Beartree Campground - Group Sites","fee":"yes","operator":"American Land and Leisure","desc":"Campsites are popular with tent campers since there are no hookups, but RVs are welcome and easily accommodated. Group sites and a large picnic shelter are available with reservations.","capacity":"29","elev_ft":3153}},{"type":"Feature","geometry":{"type":"Point","coordinates":[-82.023542,36.605871]},"properties":{"kind":"rv_park","src":"osm","osm":"way/808088700","elev_ft":1903}},{"type":"Feature","geometry":{"type":"Point","coordinates":[-82.078281,36.84845]},"properties":{"kind":"campsite","src":"osm","osm":"way/808088907","name":"Hidden Valley Campground","elev_ft":3619}},{"type":"Feature","geometry":{"type":"Point","coordinates":[-82.033453,36.785044]},"properties":{"kind":"rv_park","src":"osm","osm":"way/808088920","elev_ft":1529}},{"type":"Feature","geometry":{"type":"Point","coordinates":[-81.540875,36.685952]},"properties":{"kind":"campsite","src":"osm","osm":"way/808163402","name":"Grindstone Campground","fee":"yes","operator":"American Land and Leisure","capacity":"108","elev_ft":3789}},{"type":"Feature","geometry":{"type":"Point","coordinates":[-81.493269,36.724443]},"properties":{"kind":"campsite","src":"osm","osm":"way/808163406","name":"Hurricane Campground","fee":"yes","operator":"United States Department of Agriculture","website":"https://www.fs.usda.gov/recarea/gwj/recreation/camping-cabins/recarea/?recid=73771&actid=29","capacity":"30","drinking_water":"yes","toilets":"yes","elev_ft":2815}},{"type":"Feature","geometry":{"type":"Point","coordinates":[-80.713731,36.833528]},"properties":{"kind":"campsite","src":"osm","osm":"way/813180346","elev_ft":2526}},{"type":"Feature","geometry":{"type":"Point","coordinates":[-80.49256,37.430357]},"properties":{"kind":"campsite","src":"osm","osm":"way/814271661","name":"White Rocks Campground","fee":"yes","operator":"usfs","desc":"is in a secluded forest setting with cool summertime temperatures and great wildlife watching opportunities. A small creek meanders through several campsites and a nature trail traverses through the woods.","capacity":"35","elev_ft":3018}},{"type":"Feature","geometry":{"type":"Point","coordinates":[-79.97117,37.932347]},"properties":{"kind":"campsite","src":"osm","osm":"way/814665410","name":"Morris Hill Campground","fee":"yes","desc":"Flush toilets with warm water showers in family campground. Vault toilets in group campground.","capacity":"58","elev_ft":2073}},{"type":"Feature","geometry":{"type":"Point","coordinates":[-79.607701,37.521529]},"properties":{"kind":"campsite","src":"osm","osm":"way/820216835","name":"Middle Creek Campground","elev_ft":1243}},{"type":"Feature","geometry":{"type":"Point","coordinates":[-78.356419,38.832143]},"properties":{"kind":"campsite","src":"osm","osm":"way/826343948","name":"Hazard Mills Campground","operator":"United States Forest Service","elev_ft":699}},{"type":"Feature","geometry":{"type":"Point","coordinates":[-78.230347,38.888862]},"properties":{"kind":"rv_park","src":"osm","osm":"way/827131136","name":"Mountainview RV Campground","website":"https://www.frontroyalcamp.com/","elev_ft":725}},{"type":"Feature","geometry":{"type":"Point","coordinates":[-79.158294,38.392674]},"properties":{"kind":"campsite","src":"osm","osm":"way/831481677","name":"Camp Flamingo","elev_ft":1781}},{"type":"Feature","geometry":{"type":"Point","coordinates":[-77.424302,37.844987]},"properties":{"kind":"campsite","src":"osm","osm":"way/837626121","name":"South Campground","elev_ft":69}},{"type":"Feature","geometry":{"type":"Point","coordinates":[-77.425732,37.856535]},"properties":{"kind":"campsite","src":"osm","osm":"way/837626167","name":"North Campground - Meadow Event Park","elev_ft":72}},{"type":"Feature","geometry":{"type":"Point","coordinates":[-82.632868,36.91546]},"properties":{"kind":"campsite","src":"osm","osm":"way/847801784","name":"Flag Rock Recreation Area Upper Campground","elev_ft":3176}},{"type":"Feature","geometry":{"type":"Point","coordinates":[-77.514864,37.165082]},"properties":{"kind":"rv_park","src":"osm","osm":"way/857020557","elev_ft":194}},{"type":"Feature","geometry":{"type":"Point","coordinates":[-78.815359,37.614117]},"properties":{"kind":"campsite","src":"osm","osm":"way/857916490","name":"Canoe Landing Campground","operator":"Virginia Department of Conservation and Recreation","website":"https://www.dcr.virginia.gov/state-parks/james-river#cabins_camping","capacity":"13","drinking_water":"no","toilets":"no","elev_ft":351}},{"type":"Feature","geometry":{"type":"Point","coordinates":[-78.806117,37.622588]},"properties":{"kind":"campsite","src":"osm","osm":"way/857916491","name":"Horseshoe Campground","operator":"Virginia Department of Conservation and Recreation","website":"https://www.dcr.virginia.gov/state-parks/james-river#cabins_camping","drinking_water":"yes","reservation":"recommended","elev_ft":551}},{"type":"Feature","geometry":{"type":"Point","coordinates":[-78.813869,37.625638]},"properties":{"kind":"campsite","src":"osm","osm":"way/857916494","name":"Red Oak Campground","operator":"Virginia Department of Conservation and Recreation","website":"https://www.dcr.virginia.gov/state-parks/james-river#cabins_camping","capacity":"30","drinking_water":"yes","reservation":"recommended","elev_ft":482}},{"type":"Feature","geometry":{"type":"Point","coordinates":[-76.589696,37.648512]},"properties":{"kind":"campsite","src":"osm","osm":"way/878975446","name":"Bethpage Camp-Resort","website":"https://www.bethpagecamp.com","elev_ft":30}},{"type":"Feature","geometry":{"type":"Point","coordinates":[-76.8391,36.888683]},"properties":{"kind":"rv_park","src":"osm","osm":"way/880268681","name":"White Tail Resort","website":"https://whitetailresort.org/","elev_ft":52}},{"type":"Feature","geometry":{"type":"Point","coordinates":[-76.05009,36.921271]},"properties":{"kind":"campsite","src":"osm","osm":"way/885293597","name":"First Landing State Park Campground","fee":"yes","access":"yes","operator":"Virginia Department of Conservation and Recreation","website":"https://www.dcr.virginia.gov/state-parks/first-landing#cabins_camping","elev_ft":16}},{"type":"Feature","geometry":{"type":"Point","coordinates":[-76.713663,37.364618]},"properties":{"kind":"campsite","src":"osm","osm":"way/911071184","name":"Williamsburg Campground","elev_ft":72}},{"type":"Feature","geometry":{"type":"Point","coordinates":[-76.79308,36.907353]},"properties":{"kind":"campsite","src":"osm","osm":"way/913001952","name":"Isle of Wight Family Campground","website":"https://iowcamp.com/","drinking_water":"yes","toilets":"yes","elev_ft":102}},{"type":"Feature","geometry":{"type":"Point","coordinates":[-78.717932,38.234952]},"properties":{"kind":"campsite","src":"osm","osm":"way/930763910","name":"Dundo Campground","elev_ft":2769}},{"type":"Feature","geometry":{"type":"Point","coordinates":[-79.017122,37.919562]},"properties":{"kind":"rv_park","src":"osm","osm":"way/939057757","elev_ft":2021}},{"type":"Feature","geometry":{"type":"Point","coordinates":[-79.016318,37.918462]},"properties":{"kind":"rv_park","src":"osm","osm":"way/939057763","elev_ft":1949}},{"type":"Feature","geometry":{"type":"Point","coordinates":[-79.014781,37.917617]},"properties":{"kind":"rv_park","src":"osm","osm":"way/939057764","elev_ft":1916}},{"type":"Feature","geometry":{"type":"Point","coordinates":[-79.012583,37.917839]},"properties":{"kind":"rv_park","src":"osm","osm":"way/939062584","elev_ft":1906}},{"type":"Feature","geometry":{"type":"Point","coordinates":[-78.992787,37.925785]},"properties":{"kind":"dump","src":"osm","osm":"way/939107824","elev_ft":1749}},{"type":"Feature","geometry":{"type":"Point","coordinates":[-79.011944,37.970565]},"properties":{"kind":"campsite","src":"osm","osm":"way/939408615","name":"Kennedy Fields","access":"no","elev_ft":1791}},{"type":"Feature","geometry":{"type":"Point","coordinates":[-79.451295,37.960006]},"properties":{"kind":"campsite","src":"osm","osm":"way/957270372","name":"Camp Bowman","access":"private","operator":"National Capital Area Council","drinking_water":"yes","toilets":"yes","elev_ft":1460}},{"type":"Feature","geometry":{"type":"Point","coordinates":[-79.449561,37.959474]},"properties":{"kind":"campsite","src":"osm","osm":"way/963481944","name":"Site 6 - Haynes","access":"private","operator":"Goshen Scout Reservation","drinking_water":"yes","toilets":"yes","elev_ft":1496}},{"type":"Feature","geometry":{"type":"Point","coordinates":[-79.453241,37.959351]},"properties":{"kind":"campsite","src":"osm","osm":"way/964995973","name":"Site 1 - Westlake","access":"private","operator":"Goshen Scout Reservation","drinking_water":"yes","toilets":"yes","elev_ft":1430}},{"type":"Feature","geometry":{"type":"Point","coordinates":[-81.504155,36.698212]},"properties":{"kind":"campsite","src":"osm","osm":"way/971209770","name":"Fox Creek Horse Campground","elev_ft":3478}},{"type":"Feature","geometry":{"type":"Point","coordinates":[-81.424743,36.747318]},"properties":{"kind":"campsite","src":"osm","osm":"way/971791283","name":"Raccoon Branch Campground","fee":"yes","operator":"Mount Rogers National Recreation Area","desc":"this beautiful little campground is nestled at the base of Dickey Knob and adjacent to Raccoon Branch Wilderness. Raccoon Branch campground offers scenic mountain views, hiking from your campsite, and cold mountain streams.","capacity":"20","elev_ft":2762}},{"type":"Feature","geometry":{"type":"Point","coordinates":[-81.778444,36.628863]},"properties":{"kind":"rv_park","src":"osm","osm":"way/977583602","name":"Laurel Creek RV Park","elev_ft":2044}},{"type":"Feature","geometry":{"type":"Point","coordinates":[-79.489097,37.61403]},"properties":{"kind":"campsite","src":"osm","osm":"way/978586982","name":"Tent Camping","elev_ft":748}},{"type":"Feature","geometry":{"type":"Point","coordinates":[-79.487323,37.614671]},"properties":{"kind":"campsite","src":"osm","osm":"way/978586984","elev_ft":719}},{"type":"Feature","geometry":{"type":"Point","coordinates":[-79.486577,37.611985]},"properties":{"kind":"campsite","src":"osm","osm":"way/978587004","elev_ft":778}},{"type":"Feature","geometry":{"type":"Point","coordinates":[-79.48783,37.61069]},"properties":{"kind":"campsite","src":"osm","osm":"way/978587015","elev_ft":778}},{"type":"Feature","geometry":{"type":"Point","coordinates":[-79.486831,37.608811]},"properties":{"kind":"campsite","src":"osm","osm":"way/978587020","elev_ft":801}},{"type":"Feature","geometry":{"type":"Point","coordinates":[-79.485343,37.608499]},"properties":{"kind":"campsite","src":"osm","osm":"way/978587022","elev_ft":827}},{"type":"Feature","geometry":{"type":"Point","coordinates":[-79.484649,37.605963]},"properties":{"kind":"campsite","src":"osm","osm":"way/978587024","elev_ft":876}},{"type":"Feature","geometry":{"type":"Point","coordinates":[-78.392646,38.67087]},"properties":{"kind":"campsite","src":"osm","osm":"way/978746193","name":"Jellystone Park Luray","website":"https://campluray.com/","elev_ft":997}},{"type":"Feature","geometry":{"type":"Point","coordinates":[-76.885732,37.660842]},"properties":{"kind":"campsite","src":"osm","osm":"way/978746796","name":"Rainbow Acres Camprgound","fee":"yes","access":"customers","elev_ft":33}},{"type":"Feature","geometry":{"type":"Point","coordinates":[-76.296454,37.036645]},"properties":{"kind":"rv_park","src":"osm","osm":"way/995647421","name":"Bayside Mobile Home Village","operator":"Bloxoms","elev_ft":16}},{"type":"Feature","geometry":{"type":"Point","coordinates":[-80.640528,37.079233]},"properties":{"kind":"campsite","src":"osm","osm":"way/999668058","name":"McGuire Family Campgrounds","elev_ft":2024}},{"type":"Feature","geometry":{"type":"Point","coordinates":[-80.319983,37.145435]},"properties":{"kind":"campsite","src":"osm","osm":"way/1013622678","name":"Camp Christi","access":"private","operator":"Church of God Virginia","elev_ft":2228}},{"type":"Feature","geometry":{"type":"Point","coordinates":[-79.443595,37.968109]},"properties":{"kind":"campsite","src":"osm","osm":"way/1021307847","name":"Camp PMI","operator":"Goshen Scout Reservation, NCAC","elev_ft":1463}},{"type":"Feature","geometry":{"type":"Point","coordinates":[-78.310612,38.850022]},"properties":{"kind":"campsite","src":"osm","osm":"way/1023107527","name":"Shenandoah State Park Campground","fee":"yes","website":"https://www.dcr.virginia.gov/state-parks/shenandoah-river#cabins_camping","drinking_water":"yes","toilets":"yes","reservation":"yes","elev_ft":574}},{"type":"Feature","geometry":{"type":"Point","coordinates":[-78.164562,38.850963]},"properties":{"kind":"campsite","src":"osm","osm":"way/1031300157","name":"Tom Floyd Wayside","operator":"Potomac Appalachian Trail Club","elev_ft":1834}},{"type":"Feature","geometry":{"type":"Point","coordinates":[-79.233964,38.134819]},"properties":{"kind":"campsite","src":"osm","osm":"way/1042431259","name":"Barnett","elev_ft":1759}},{"type":"Feature","geometry":{"type":"Point","coordinates":[-79.232989,38.13474]},"properties":{"kind":"campsite","src":"osm","osm":"way/1042431260","name":"Forbes","elev_ft":1719}},{"type":"Feature","geometry":{"type":"Point","coordinates":[-79.232182,38.135469]},"properties":{"kind":"campsite","src":"osm","osm":"way/1042431261","name":"Ross","elev_ft":1719}},{"type":"Feature","geometry":{"type":"Point","coordinates":[-79.233532,38.133404]},"properties":{"kind":"campsite","src":"osm","osm":"way/1042431263","name":"Eaton","elev_ft":1759}},{"type":"Feature","geometry":{"type":"Point","coordinates":[-79.230959,38.132324]},"properties":{"kind":"campsite","src":"osm","osm":"way/1042431264","name":"Stewart","elev_ft":1709}},{"type":"Feature","geometry":{"type":"Point","coordinates":[-79.231979,38.131931]},"properties":{"kind":"campsite","src":"osm","osm":"way/1042431265","name":"Coty","elev_ft":1709}},{"type":"Feature","geometry":{"type":"Point","coordinates":[-79.232967,38.131717]},"properties":{"kind":"campsite","src":"osm","osm":"way/1042431266","name":"Wallenborn","elev_ft":1732}},{"type":"Feature","geometry":{"type":"Point","coordinates":[-79.231484,38.132796]},"properties":{"kind":"campsite","src":"osm","osm":"way/1042431267","name":"Gilkeson","elev_ft":1709}},{"type":"Feature","geometry":{"type":"Point","coordinates":[-79.235193,38.13281]},"properties":{"kind":"campsite","src":"osm","osm":"way/1042431270","name":"Gibbons","elev_ft":1772}},{"type":"Feature","geometry":{"type":"Point","coordinates":[-79.236187,38.133308]},"properties":{"kind":"campsite","src":"osm","osm":"way/1042431271","name":"Bosserman","elev_ft":1785}},{"type":"Feature","geometry":{"type":"Point","coordinates":[-79.237121,38.132629]},"properties":{"kind":"campsite","src":"osm","osm":"way/1042431272","name":"Morrison","elev_ft":1785}},{"type":"Feature","geometry":{"type":"Point","coordinates":[-79.236745,38.133001]},"properties":{"kind":"campsite","src":"osm","osm":"way/1042431273","name":"(SLL) St,. Laurent-La Follette","elev_ft":1785}},{"type":"Feature","geometry":{"type":"Point","coordinates":[-79.237838,38.134116]},"properties":{"kind":"campsite","src":"osm","osm":"way/1042431274","name":"Ridgway","elev_ft":1818}},{"type":"Feature","geometry":{"type":"Point","coordinates":[-79.234641,38.13171]},"properties":{"kind":"campsite","src":"osm","osm":"way/1042431276","name":"Fix","elev_ft":1755}},{"type":"Feature","geometry":{"type":"Point","coordinates":[-79.025449,37.998518]},"properties":{"kind":"campsite","src":"osm","osm":"way/1044358435","name":"Sun Retreats Shenandoah Valley","operator":"Sun Outdoors","website":"https://www.sunoutdoors.com/virginia/sun-retreats-shenandoah-valley","elev_ft":1535}},{"type":"Feature","geometry":{"type":"Point","coordinates":[-79.134725,38.461728]},"properties":{"kind":"campsite","src":"osm","osm":"way/1054056511","name":"Hone Quarry Campground","fee":"yes","operator":"United States Forest Service, George Washington & Jefferson National Forests, North River Ranger District","website":"https://www.fs.usda.gov/recarea/gwj/recarea/?recid=73759","desc":"Open year round No drinking water available Vault toilets","capacity":"10","elev_ft":1903}},{"type":"Feature","geometry":{"type":"Point","coordinates":[-77.351982,38.603201]},"properties":{"kind":"rv_park","src":"osm","osm":"way/1060399811","name":"Prince William Forest RV Campground","fee":"yes","website":"https://www.princewilliamforestrvcampground.com/","elev_ft":302}},{"type":"Feature","geometry":{"type":"Point","coordinates":[-78.80036,38.789298]},"properties":{"kind":"campsite","src":"osm","osm":"way/1069017731","name":"The Old Dominion Equestrian Endurance Organization","fee":"yes","access":"private","operator":"ODEEO","elev_ft":1375}},{"type":"Feature","geometry":{"type":"Point","coordinates":[-75.654546,37.932579]},"properties":{"kind":"campsite","src":"osm","osm":"way/1072860302","name":"Sun Outdoors","website":"https://www.sunoutdoors.com/virginia/sun-outdoors-chesapeake-bay","elev_ft":20}},{"type":"Feature","geometry":{"type":"Point","coordinates":[-76.618536,38.140463]},"properties":{"kind":"rv_park","src":"osm","osm":"way/1073725576","name":"Coles Point Marina and RV Resort","fee":"yes","website":"https://www.colespointmarina.com","reservation":"required","elev_ft":20}},{"type":"Feature","geometry":{"type":"Point","coordinates":[-79.970702,37.984863]},"properties":{"kind":"campsite","src":"osm","osm":"way/1085735832","name":"Bolar Mountain Campground #1","elev_ft":1631}},{"type":"Feature","geometry":{"type":"Point","coordinates":[-79.985482,37.979302]},"properties":{"kind":"campsite","src":"osm","osm":"way/1085735833","name":"Bolar Mountain Campground #2","elev_ft":1591}},{"type":"Feature","geometry":{"type":"Point","coordinates":[-79.984731,37.975901]},"properties":{"kind":"campsite","src":"osm","osm":"way/1085735834","name":"Bolar Mountain Campground #3","elev_ft":1631}},{"type":"Feature","geometry":{"type":"Point","coordinates":[-76.471216,37.2994]},"properties":{"kind":"campsite","src":"osm","osm":"way/1086556564","name":"Camp Cardinal RV Resort","fee":"yes","access":"customers","website":"https://campcardinalrvresort.com/","elev_ft":20}},{"type":"Feature","geometry":{"type":"Point","coordinates":[-77.885005,37.349051]},"properties":{"kind":"rv_park","src":"osm","osm":"way/1089532092","elev_ft":282}},{"type":"Feature","geometry":{"type":"Point","coordinates":[-76.549796,37.310049]},"properties":{"kind":"campsite","src":"osm","osm":"way/1090369390","elev_ft":39}},{"type":"Feature","geometry":{"type":"Point","coordinates":[-77.44595,37.710304]},"properties":{"kind":"rv_park","src":"osm","osm":"way/1090643055","name":"Americamps RV Resort","elev_ft":223}},{"type":"Feature","geometry":{"type":"Point","coordinates":[-79.33654,36.703588]},"properties":{"kind":"campsite","src":"osm","osm":"way/1092975939","name":"Paradise Lake and Campground","fee":"yes","website":"https://campinparadise.com/","elev_ft":673}},{"type":"Feature","geometry":{"type":"Point","coordinates":[-79.180987,36.832403]},"properties":{"kind":"campsite","src":"osm","osm":"way/1092976781","name":"Elkhorn Lake & Campground","fee":"yes","website":"https://goelkhorn.com/","elev_ft":535}},{"type":"Feature","geometry":{"type":"Point","coordinates":[-79.5948,36.978674]},"properties":{"kind":"campsite","src":"osm","osm":"way/1092977716","name":"Smith Mountain Campground","fee":"yes","website":"https://smithmountaincampground.com/","elev_ft":919}},{"type":"Feature","geometry":{"type":"Point","coordinates":[-79.581732,37.069877]},"properties":{"kind":"campsite","src":"osm","osm":"way/1092978500","name":"Eagle's Roost","website":"http://www.smleaglesroost.com/","elev_ft":863}},{"type":"Feature","geometry":{"type":"Point","coordinates":[-79.690723,37.058755]},"properties":{"kind":"campsite","src":"osm","osm":"way/1092981508","name":"Blue Ridge Campground","fee":"yes","website":"http://blueridgecampground.com/","elev_ft":860}},{"type":"Feature","geometry":{"type":"Point","coordinates":[-79.445557,37.985672]},"properties":{"kind":"campsite","src":"osm","osm":"way/1093002460","name":"Camp Ross","operator":"NCAC-BSA","drinking_water":"yes","elev_ft":1457}},{"type":"Feature","geometry":{"type":"Point","coordinates":[-79.508654,37.678967]},"properties":{"kind":"rv_park","src":"osm","osm":"way/1093733727","name":"Natural Bridge / Lexington KOA Holiday","website":"https://koa.com/campgrounds/natural-bridge/","elev_ft":1306}},{"type":"Feature","geometry":{"type":"Point","coordinates":[-79.430214,37.808307]},"properties":{"kind":"rv_park","src":"osm","osm":"way/1096462140","name":"South Campground","elev_ft":1112}},{"type":"Feature","geometry":{"type":"Point","coordinates":[-79.425258,37.811295]},"properties":{"kind":"rv_park","src":"osm","osm":"way/1096462151","elev_ft":1142}},{"type":"Feature","geometry":{"type":"Point","coordinates":[-79.424816,37.808401]},"properties":{"kind":"rv_park","src":"osm","osm":"way/1096462153","name":"North Campground","elev_ft":1112}},{"type":"Feature","geometry":{"type":"Point","coordinates":[-79.428327,37.812043]},"properties":{"kind":"rv_park","src":"osm","osm":"way/1096827267","name":"Hill Top Campground","elev_ft":1158}},{"type":"Feature","geometry":{"type":"Point","coordinates":[-75.386676,37.91099]},"properties":{"kind":"campsite","src":"osm","osm":"way/1098836110","name":"Tom's Cove Park","fee":"yes","website":"https://www.tomscovepark.com/","drinking_water":"yes","reservation":"required","elev_ft":10}},{"type":"Feature","geometry":{"type":"Point","coordinates":[-81.526653,36.870102]},"properties":{"kind":"campsite","src":"osm","osm":"way/1099832491","operator":"Hungry Mother State Park","elev_ft":2201}},{"type":"Feature","geometry":{"type":"Point","coordinates":[-78.193265,38.944228]},"properties":{"kind":"campsite","src":"osm","osm":"way/1106209409","name":"Twin Rivers Campground","fee":"yes","website":"https://www.twinriversrvcampground.com/","drinking_water":"yes","toilets":"yes","reservation":"no","elev_ft":463}},{"type":"Feature","geometry":{"type":"Point","coordinates":[-78.373803,38.792871]},"properties":{"kind":"campsite","src":"osm","osm":"way/1106210029","name":"River Run Campground","fee":"yes","website":"https://riverruncampgroundllc.com/","toilets":"yes","reservation":"yes","elev_ft":581}},{"type":"Feature","geometry":{"type":"Point","coordinates":[-78.329383,38.843703]},"properties":{"kind":"campsite","src":"osm","osm":"way/1106210030","name":"Low Water Bridge Campground","fee":"yes","operator":"Low Water Bridge Campground","website":"https://lowwaterbridgecampground.com/","drinking_water":"yes","toilets":"yes","reservation":"yes","elev_ft":561}},{"type":"Feature","geometry":{"type":"Point","coordinates":[-78.370676,38.784105]},"properties":{"kind":"campsite","src":"osm","osm":"way/1106306309","name":"Golden Rock Campground","elev_ft":643}},{"type":"Feature","geometry":{"type":"Point","coordinates":[-78.436525,38.702272]},"properties":{"kind":"campsite","src":"osm","osm":"way/1106306314","name":"Spacious Skies Campgrounds - Shenandoah Valley","website":"https://campatshenandoahvalley.com","desc":"Spacious Skies Shenandoah Valley sits up on an evergreen hill in the Shenandoah Valley.","elev_ft":787}},{"type":"Feature","geometry":{"type":"Point","coordinates":[-78.843707,38.127832]},"properties":{"kind":"rv_park","src":"osm","osm":"way/1106311928","name":"Waynesboro 340 N Campground","elev_ft":1306}},{"type":"Feature","geometry":{"type":"Point","coordinates":[-78.924936,37.871412]},"properties":{"kind":"rv_park","src":"osm","osm":"way/1106311937","name":"Devils Backbone Camp","elev_ft":902}},{"type":"Feature","geometry":{"type":"Point","coordinates":[-79.337974,37.575567]},"properties":{"kind":"campsite","src":"osm","osm":"way/1106311940","name":"Otter Creek Campground","elev_ft":814}},{"type":"Feature","geometry":{"type":"Point","coordinates":[-78.535797,38.641902]},"properties":{"kind":"rv_park","src":"osm","osm":"way/1106482192","name":"Luray RV Resort on Shenandoah River","elev_ft":794}},{"type":"Feature","geometry":{"type":"Point","coordinates":[-78.327875,38.492028]},"properties":{"kind":"campsite","src":"osm","osm":"way/1106632033","name":"Graves Mountain Farm Campground","elev_ft":696}},{"type":"Feature","geometry":{"type":"Point","coordinates":[-78.566125,37.932846]},"properties":{"kind":"rv_park","src":"osm","osm":"way/1106699019","name":"Charlottesville KOA Holiday","elev_ft":538}},{"type":"Feature","geometry":{"type":"Point","coordinates":[-78.70357,38.533472]},"properties":{"kind":"rv_park","src":"osm","osm":"way/1106715693","name":"Harrisonburg / Shenandoah Valley KOA Holiday","fee":"yes","website":"https://koa.com/campgrounds/harrisonburg/","reservation":"yes","elev_ft":1257}},{"type":"Feature","geometry":{"type":"Point","coordinates":[-79.325049,37.574514]},"properties":{"kind":"rv_park","src":"osm","osm":"way/1106718058","name":"Lynchburg / Blue Ridge Parkway KOA Holiday","elev_ft":1033}},{"type":"Feature","geometry":{"type":"Point","coordinates":[-80.696489,36.664618]},"properties":{"kind":"rv_park","src":"osm","osm":"way/1106718068","name":"Fancy Gap / Blue Ridge Parkway KOA Journey","elev_ft":2923}},{"type":"Feature","geometry":{"type":"Point","coordinates":[-81.00594,36.931321]},"properties":{"kind":"rv_park","src":"osm","osm":"way/1106719605","name":"Wytheville KOA Holiday","elev_ft":2369}},{"type":"Feature","geometry":{"type":"Point","coordinates":[-80.943221,36.567842]},"properties":{"kind":"rv_park","src":"osm","osm":"way/1106847694","name":"Cool Breeze Campground","elev_ft":2687}},{"type":"Feature","geometry":{"type":"Point","coordinates":[-80.943637,36.566133]},"properties":{"kind":"rv_park","src":"osm","osm":"way/1106847707","name":"Deer Creek Motorcoach Resort","elev_ft":2684}},{"type":"Feature","geometry":{"type":"Point","coordinates":[-80.348812,36.813512]},"properties":{"kind":"campsite","src":"osm","osm":"way/1106847710","name":"Rocky Knob Campground","elev_ft":3199}},{"type":"Feature","geometry":{"type":"Point","coordinates":[-78.330801,38.924861]},"properties":{"kind":"campsite","src":"osm","osm":"way/1106969204","name":"Elizabeth Furnace Family Campground","fee":"yes","operator":"George Washington National Forest, Lee Ranger District","website":"https://www.recreation.gov/camping/campgrounds/10158475","toilets":"yes","reservation":"recommended","elev_ft":755}},{"type":"Feature","geometry":{"type":"Point","coordinates":[-79.015763,38.222636]},"properties":{"kind":"campsite","src":"osm","osm":"way/1107114562","name":"Shenandoah Valley Campground","elev_ft":1247}},{"type":"Feature","geometry":{"type":"Point","coordinates":[-79.152365,38.351866]},"properties":{"kind":"campsite","src":"osm","osm":"way/1107114582","name":"Stokesville Campground","elev_ft":1598}},{"type":"Feature","geometry":{"type":"Point","coordinates":[-78.443941,38.867336]},"properties":{"kind":"campsite","src":"osm","osm":"way/1107124460","name":"Little Fort Campground","fee":"no","operator":"United States Forest Service Lee Ranger District","website":"https://www.fs.usda.gov/recarea/gwj/recarea/?recid=73807","drinking_water":"no","toilets":"yes","elev_ft":1342}},{"type":"Feature","geometry":{"type":"Point","coordinates":[-78.517213,38.730934]},"properties":{"kind":"campsite","src":"osm","osm":"way/1107124461","name":"Camp Roosevelt Campground","fee":"yes","operator":"George Washington & Jefferson National Forests","desc":"the site of the first Civilian Conservation Corps Camp in the Nation. Follow the path through the CCC camp and view the foundations where the actual buildings once stood.","drinking_water":"yes","toilets":"yes","elev_ft":1280}},{"type":"Feature","geometry":{"type":"Point","coordinates":[-78.35336,37.928811]},"properties":{"kind":"campsite","src":"osm","osm":"way/1111804043","name":"Lake Monticello Owners Association Campground","elev_ft":410}},{"type":"Feature","geometry":{"type":"Point","coordinates":[-78.281517,38.354369]},"properties":{"kind":"rv_park","src":"osm","osm":"way/1111804065","name":"Madison Vines RV Resort & Cottages","elev_ft":663}},{"type":"Feature","geometry":{"type":"Point","coordinates":[-80.886758,37.198261]},"properties":{"kind":"campsite","src":"osm","osm":"way/1116336566","name":"Walnut Flats Campground","operator":"United States Department of Agriculture","website":"https://www.fs.usda.gov/recarea/gwj/recreation/camping-cabins/recarea/?recid=74007&actid=29","drinking_water":"yes","toilets":"yes","elev_ft":2470}},{"type":"Feature","geometry":{"type":"Point","coordinates":[-79.097874,38.047493]},"properties":{"kind":"campsite","src":"osm","osm":"way/1119993316","name":"Walnut Hills Campground & RV Park","elev_ft":1398}},{"type":"Feature","geometry":{"type":"Point","coordinates":[-79.116535,37.988986]},"properties":{"kind":"campsite","src":"osm","osm":"way/1119993327","name":"Stoney Creek Resort & Campground","operator":"Stoney Creek Resort Campground","website":"https://stoneycreekresort.net/","elev_ft":1719}},{"type":"Feature","geometry":{"type":"Point","coordinates":[-76.710872,37.361909]},"properties":{"kind":"campsite","src":"osm","osm":"way/1120138270","name":"Williamsburg / Busch Gardens Area Campground","elev_ft":112}},{"type":"Feature","geometry":{"type":"Point","coordinates":[-76.615619,37.291288]},"properties":{"kind":"campsite","src":"osm","osm":"way/1120138277","name":"Kings Creek RV Park","fee":"yes","access":"permissive","elev_ft":39}},{"type":"Feature","geometry":{"type":"Point","coordinates":[-78.661584,38.713501]},"properties":{"kind":"rv_park","src":"osm","osm":"way/1120767965","name":"Shenandoah Valley Campground LLC","elev_ft":928}},{"type":"Feature","geometry":{"type":"Point","coordinates":[-77.854684,39.109757]},"properties":{"kind":"campsite","src":"osm","osm":"way/1123181794","elev_ft":1312}},{"type":"Feature","geometry":{"type":"Point","coordinates":[-78.588049,38.37328]},"properties":{"kind":"campsite","src":"osm","osm":"way/1123929059","name":"Swift Run Campground","elev_ft":1276}},{"type":"Feature","geometry":{"type":"Point","coordinates":[-78.109363,38.426083]},"properties":{"kind":"campsite","src":"osm","osm":"way/1155097978","name":"Cedar Mountain Campgrounds","elev_ft":522}},{"type":"Feature","geometry":{"type":"Point","coordinates":[-80.662352,36.966984]},"properties":{"kind":"campsite","src":"osm","osm":"way/1160496248","name":"Cherokee","elev_ft":2185}},{"type":"Feature","geometry":{"type":"Point","coordinates":[-80.663098,36.967001]},"properties":{"kind":"campsite","src":"osm","osm":"way/1160496250","name":"Tipi","elev_ft":2136}},{"type":"Feature","geometry":{"type":"Point","coordinates":[-80.663709,36.96683]},"properties":{"kind":"campsite","src":"osm","osm":"way/1160698366","name":"Rock Ridge B","elev_ft":2136}},{"type":"Feature","geometry":{"type":"Point","coordinates":[-80.66354,36.9664]},"properties":{"kind":"campsite","src":"osm","osm":"way/1160698367","name":"Rock Ridge A","elev_ft":2136}},{"type":"Feature","geometry":{"type":"Point","coordinates":[-80.664108,36.966324]},"properties":{"kind":"campsite","src":"osm","osm":"way/1160698368","name":"Rock Ridge E","elev_ft":2133}},{"type":"Feature","geometry":{"type":"Point","coordinates":[-80.664512,36.966527]},"properties":{"kind":"campsite","src":"osm","osm":"way/1160698369","name":"Rock Ridge D","elev_ft":2159}},{"type":"Feature","geometry":{"type":"Point","coordinates":[-80.664315,36.966872]},"properties":{"kind":"campsite","src":"osm","osm":"way/1160698370","name":"Rock Ridge C","elev_ft":2136}},{"type":"Feature","geometry":{"type":"Point","coordinates":[-80.661423,36.966411]},"properties":{"kind":"campsite","src":"osm","osm":"way/1160698372","name":"Hilltop","elev_ft":2231}},{"type":"Feature","geometry":{"type":"Point","coordinates":[-80.66191,36.96235]},"properties":{"kind":"campsite","src":"osm","osm":"way/1160758317","name":"Little Max A","elev_ft":2162}},{"type":"Feature","geometry":{"type":"Point","coordinates":[-80.661787,36.961874]},"properties":{"kind":"campsite","src":"osm","osm":"way/1160758318","name":"Little Max B","elev_ft":2208}},{"type":"Feature","geometry":{"type":"Point","coordinates":[-80.661563,36.96145]},"properties":{"kind":"campsite","src":"osm","osm":"way/1160758319","name":"Little Max C","elev_ft":2218}},{"type":"Feature","geometry":{"type":"Point","coordinates":[-80.661248,36.961112]},"properties":{"kind":"campsite","src":"osm","osm":"way/1160758320","name":"Big Max","elev_ft":2218}},{"type":"Feature","geometry":{"type":"Point","coordinates":[-80.661447,36.965529]},"properties":{"kind":"campsite","src":"osm","osm":"way/1160760419","name":"Chopto A","elev_ft":2238}},{"type":"Feature","geometry":{"type":"Point","coordinates":[-80.661278,36.9651]},"properties":{"kind":"campsite","src":"osm","osm":"way/1160760420","name":"Chopto B","elev_ft":2238}},{"type":"Feature","geometry":{"type":"Point","coordinates":[-80.660653,36.965813]},"properties":{"kind":"campsite","src":"osm","osm":"way/1160760421","name":"Shawnee","elev_ft":2238}},{"type":"Feature","geometry":{"type":"Point","coordinates":[-80.659227,36.965382]},"properties":{"kind":"campsite","src":"osm","osm":"way/1160760422","name":"Trail's End","elev_ft":2290}},{"type":"Feature","geometry":{"type":"Point","coordinates":[-80.66011,36.965087]},"properties":{"kind":"campsite","src":"osm","osm":"way/1160760424","name":"Crow's Nest","elev_ft":2316}},{"type":"Feature","geometry":{"type":"Point","coordinates":[-77.354415,38.590755]},"properties":{"kind":"campsite","src":"osm","osm":"way/1175111615","name":"Cabin Camp 4","fee":"yes","access":"permit","operator":"National Park Service","website":"https://www.nps.gov/prwi/planyourvisit/cabincamp4.htm","drinking_water":"yes","toilets":"yes","reservation":"required","elev_ft":236}},{"type":"Feature","geometry":{"type":"Point","coordinates":[-77.357469,38.596026]},"properties":{"kind":"campsite","src":"osm","osm":"way/1175111617","name":"Cabin Camp 1","fee":"yes","access":"permit","operator":"National Park Service","website":"https://www.nps.gov/prwi/planyourvisit/cabincamp1.htm","reservation":"required","elev_ft":266}},{"type":"Feature","geometry":{"type":"Point","coordinates":[-77.361104,38.566108]},"properties":{"kind":"campsite","src":"osm","osm":"way/1175125857","name":"Cabin Camp 3 Unit C","fee":"yes","access":"permit","operator":"National Park Service","reservation":"required","elev_ft":171}},{"type":"Feature","geometry":{"type":"Point","coordinates":[-77.359135,38.562644]},"properties":{"kind":"campsite","src":"osm","osm":"way/1175125858","name":"Cabin Camp 3","fee":"yes","access":"permit","operator":"National Park Service","website":"https://www.recreation.gov/camping/campgrounds/10007130?tab=campsites","reservation":"required","elev_ft":207}},{"type":"Feature","geometry":{"type":"Point","coordinates":[-81.142623,36.771391]},"properties":{"kind":"campsite","src":"osm","osm":"way/1202562839","name":"Hussy Mountain Horse Campground","elev_ft":2953}},{"type":"Feature","geometry":{"type":"Point","coordinates":[-77.716119,38.805513]},"properties":{"kind":"campsite","src":"osm","osm":"way/1212473855","name":"Fauna Tent Area","access":"private","elev_ft":591}},{"type":"Feature","geometry":{"type":"Point","coordinates":[-77.654272,38.307049]},"properties":{"kind":"campsite","src":"osm","osm":"way/1212605490","name":"Glen 2","operator":"Wilderness Presidential Resort","elev_ft":354}},{"type":"Feature","geometry":{"type":"Point","coordinates":[-77.656138,38.305414]},"properties":{"kind":"campsite","src":"osm","osm":"way/1212605492","name":"Glen 3","elev_ft":344}},{"type":"Feature","geometry":{"type":"Point","coordinates":[-77.655667,38.302556]},"properties":{"kind":"campsite","src":"osm","osm":"way/1212605499","name":"Glen 27","elev_ft":312}},{"type":"Feature","geometry":{"type":"Point","coordinates":[-77.66187,38.299529]},"properties":{"kind":"campsite","src":"osm","osm":"way/1212605504","name":"Glen 14","elev_ft":322}},{"type":"Feature","geometry":{"type":"Point","coordinates":[-77.890458,38.098711]},"properties":{"kind":"campsite","src":"osm","osm":"way/1216635376","name":"Christopher Run Campground","fee":"yes","website":"https://www.christopherruncampground.com/","elev_ft":328}},{"type":"Feature","geometry":{"type":"Point","coordinates":[-77.891676,38.101013]},"properties":{"kind":"campsite","src":"osm","osm":"way/1216635391","name":"Christopher Run Field Sites","elev_ft":305}},{"type":"Feature","geometry":{"type":"Point","coordinates":[-79.463149,37.963742]},"properties":{"kind":"campsite","src":"osm","osm":"way/1227041705","name":"Site 18","elev_ft":1444}},{"type":"Feature","geometry":{"type":"Point","coordinates":[-79.374982,37.830428]},"properties":{"kind":"rv_park","src":"osm","osm":"way/1227357644","elev_ft":1250}},{"type":"Feature","geometry":{"type":"Point","coordinates":[-76.286769,37.843305]},"properties":{"kind":"rv_park","src":"osm","osm":"way/1253398446","name":"Buzzard Point Campground","elev_ft":13}},{"type":"Feature","geometry":{"type":"Point","coordinates":[-77.716079,38.805276]},"properties":{"kind":"campsite","src":"osm","osm":"way/1272224045","name":"Flora Tent Area","access":"private","elev_ft":574}},{"type":"Feature","geometry":{"type":"Point","coordinates":[-77.71561,38.805251]},"properties":{"kind":"campsite","src":"osm","osm":"way/1272225120","name":"New Tent Area","access":"private","elev_ft":531}},{"type":"Feature","geometry":{"type":"Point","coordinates":[-79.449802,37.961707]},"properties":{"kind":"campsite","src":"osm","osm":"way/1298249666","name":"Site 7 - Dudley","access":"private","operator":"Goshen Scout Reservation","drinking_water":"yes","toilets":"yes","elev_ft":1470}},{"type":"Feature","geometry":{"type":"Point","coordinates":[-79.551141,37.620808]},"properties":{"kind":"campsite","src":"osm","osm":"way/1303177564","name":"Blue Hollow Campground","fee":"yes","access":"yes","website":"https://www.dcr.virginia.gov/state-parks/natural-bridge#cabins_camping","drinking_water":"no","toilets":"yes","reservation":"required","elev_ft":1227}},{"type":"Feature","geometry":{"type":"Point","coordinates":[-80.915757,36.696007]},"properties":{"kind":"campsite","src":"osm","osm":"way/1303194201","name":"Cliffview Campground","fee":"yes","access":"yes","website":"https://www.dcr.virginia.gov/state-parks/new-river-trail#cabins_camping","drinking_water":"yes","toilets":"yes","reservation":"required","elev_ft":2349}},{"type":"Feature","geometry":{"type":"Point","coordinates":[-81.224192,36.607966]},"properties":{"kind":"campsite","src":"osm","osm":"way/1308462369","name":"Tommy Cox Memorial Scout Camp","fee":"yes","access":"private","operator":"Old Hickory Council","website":"https://www.ravenknob.com/tommycox","drinking_water":"yes","reservation":"required","elev_ft":2480}},{"type":"Feature","geometry":{"type":"Point","coordinates":[-80.625708,37.057326]},"properties":{"kind":"campsite","src":"osm","osm":"way/1310003123","name":"Claytor Lake State Park Campground D","fee":"yes","access":"yes","operator":"Virginia State Parks","website":"https://www.dcr.virginia.gov/state-parks/claytor-lake#camping","drinking_water":"yes","toilets":"yes","reservation":"recommended","elev_ft":1955}},{"type":"Feature","geometry":{"type":"Point","coordinates":[-77.798274,39.18932]},"properties":{"kind":"campsite","src":"osm","osm":"way/1310488053","elev_ft":1440}},{"type":"Feature","geometry":{"type":"Point","coordinates":[-80.663608,36.967631]},"properties":{"kind":"campsite","src":"osm","osm":"way/1315106705","name":"Achgetum","elev_ft":2142}},{"type":"Feature","geometry":{"type":"Point","coordinates":[-79.447695,37.985215]},"properties":{"kind":"campsite","src":"osm","osm":"way/1319627962","name":"Site 11","elev_ft":1453}},{"type":"Feature","geometry":{"type":"Point","coordinates":[-79.446653,37.984739]},"properties":{"kind":"campsite","src":"osm","osm":"way/1319627973","name":"Site 9","elev_ft":1453}},{"type":"Feature","geometry":{"type":"Point","coordinates":[-79.444146,37.98354]},"properties":{"kind":"campsite","src":"osm","osm":"way/1319634826","name":"Site 4","elev_ft":1476}},{"type":"Feature","geometry":{"type":"Point","coordinates":[-79.445498,37.983444]},"properties":{"kind":"campsite","src":"osm","osm":"way/1319634829","name":"Site 6","elev_ft":1473}},{"type":"Feature","geometry":{"type":"Point","coordinates":[-79.447369,37.983435]},"properties":{"kind":"campsite","src":"osm","osm":"way/1319634830","name":"Site 10","elev_ft":1463}},{"type":"Feature","geometry":{"type":"Point","coordinates":[-80.176804,37.253473]},"properties":{"kind":"rv_park","src":"osm","osm":"way/1319950123","elev_ft":1214}},{"type":"Feature","geometry":{"type":"Point","coordinates":[-79.463107,37.967005]},"properties":{"kind":"campsite","src":"osm","osm":"way/1321427713","name":"Camp Olmsted","elev_ft":1417}},{"type":"Feature","geometry":{"type":"Point","coordinates":[-75.991518,36.797378]},"properties":{"kind":"campsite","src":"osm","osm":"way/1332949988","name":"Virginia Beach KOA Holiday","fee":"yes","access":"customers","operator":"KOA","website":"https://koa.com/campgrounds/virginia-beach/#campgroundFooter","desc":"For reservations call: 1-800-562-4150","drinking_water":"yes","elev_ft":20}},{"type":"Feature","geometry":{"type":"Point","coordinates":[-77.401148,38.471023]},"properties":{"kind":"campsite","src":"osm","osm":"way/1337478860","name":"Aquia Pines Campground","website":"https://aquiapines.com/","elev_ft":102}},{"type":"Feature","geometry":{"type":"Point","coordinates":[-83.434331,36.645661]},"properties":{"kind":"campsite","src":"osm","osm":"way/1343903537","name":"Rock Bottom Horse Camp","fee":"yes","access":"customers","elev_ft":1496}},{"type":"Feature","geometry":{"type":"Point","coordinates":[-79.436308,37.97782]},"properties":{"kind":"campsite","src":"osm","osm":"way/1356273373","name":"Camp Mariott","operator":"Goshen Scout Reservation, NCAC","elev_ft":1411}},{"type":"Feature","geometry":{"type":"Point","coordinates":[-78.170685,39.216925]},"properties":{"kind":"rv_park","src":"osm","osm":"way/1364902652","elev_ft":840}},{"type":"Feature","geometry":{"type":"Point","coordinates":[-79.396175,37.089723]},"properties":{"kind":"campsite","src":"osm","osm":"way/1365649057","name":"Leesville Lake Campground","operator":"Leesville Lake Campground, LLC","website":"https://llcampground.com","elev_ft":679}},{"type":"Feature","geometry":{"type":"Point","coordinates":[-78.506701,36.618732]},"properties":{"kind":"rv_park","src":"osm","osm":"way/1378094179","name":"Equestrian Campground","fee":"yes","operator":"Virginia Department of Conservation and Recreation","website":"https://www.dcr.virginia.gov/state-parks/occoneechee#equestrian","capacity":"11","elev_ft":354}},{"type":"Feature","geometry":{"type":"Point","coordinates":[-78.533473,36.626952]},"properties":{"kind":"campsite","src":"osm","osm":"way/1378094183","name":"Iron Bow Campground","operator":"Virginia Department of Conservation and Recreation","elev_ft":377}},{"type":"Feature","geometry":{"type":"Point","coordinates":[-78.52985,36.626458]},"properties":{"kind":"campsite","src":"osm","osm":"way/1378094186","name":"Atlatl Campground","operator":"Virginia Department of Conservation and Recreation","elev_ft":348}},{"type":"Feature","geometry":{"type":"Point","coordinates":[-78.921429,38.749579]},"properties":{"kind":"campsite","src":"osm","osm":"way/1384925240","name":"Rivers Edge Campground","website":"https://www.campriversedgeva.com/","elev_ft":1329}},{"type":"Feature","geometry":{"type":"Point","coordinates":[-79.700915,37.517461]},"properties":{"kind":"campsite","src":"osm","osm":"way/1390044769","elev_ft":833}},{"type":"Feature","geometry":{"type":"Point","coordinates":[-79.46552,37.966035]},"properties":{"kind":"campsite","src":"osm","osm":"way/1390989443","name":"Site 16","elev_ft":1453}},{"type":"Feature","geometry":{"type":"Point","coordinates":[-78.31886,36.586568]},"properties":{"kind":"campsite","src":"osm","osm":"way/1393013226","name":"Camping Area B","elev_ft":361}},{"type":"Feature","geometry":{"type":"Point","coordinates":[-78.326583,36.587135]},"properties":{"kind":"campsite","src":"osm","osm":"way/1393046314","name":"Camping Area C","elev_ft":351}},{"type":"Feature","geometry":{"type":"Point","coordinates":[-78.30619,36.584257]},"properties":{"kind":"campsite","src":"osm","osm":"way/1393046315","name":"Camping Area A","elev_ft":338}},{"type":"Feature","geometry":{"type":"Point","coordinates":[-78.334629,36.588712]},"properties":{"kind":"campsite","src":"osm","osm":"way/1393047934","name":"Camping Area D","elev_ft":331}},{"type":"Feature","geometry":{"type":"Point","coordinates":[-79.448647,37.962362]},"properties":{"kind":"campsite","src":"osm","osm":"way/1409600184","name":"Site 8 - Robinson","access":"private","operator":"Goshen Scout Reservation","drinking_water":"yes","toilets":"yes","elev_ft":1493}},{"type":"Feature","geometry":{"type":"Point","coordinates":[-79.45021,37.962988]},"properties":{"kind":"campsite","src":"osm","osm":"way/1409600185","name":"Site 3 - Leggett","access":"private","operator":"Goshen Scout Reservation","drinking_water":"yes","toilets":"yes","elev_ft":1463}},{"type":"Feature","geometry":{"type":"Point","coordinates":[-79.448749,37.961275]},"properties":{"kind":"campsite","src":"osm","osm":"way/1409600186","name":"Site 12 - Knadle","access":"private","operator":"Goshen Scout Reservation","drinking_water":"yes","toilets":"yes","elev_ft":1509}},{"type":"Feature","geometry":{"type":"Point","coordinates":[-79.45024,37.957308]},"properties":{"kind":"campsite","src":"osm","osm":"way/1410465269","name":"Site 9 - Barbash","access":"private","operator":"Goshen Scout Reservation","drinking_water":"yes","toilets":"yes","elev_ft":1562}},{"type":"Feature","geometry":{"type":"Point","coordinates":[-79.448571,37.957666]},"properties":{"kind":"campsite","src":"osm","osm":"way/1410465270","name":"Site 10 - Paschalides","access":"private","operator":"Goshen Scout Reservation","drinking_water":"yes","toilets":"yes","elev_ft":1578}},{"type":"Feature","geometry":{"type":"Point","coordinates":[-79.448176,37.958868]},"properties":{"kind":"campsite","src":"osm","osm":"way/1410465271","name":"Site 11 - Eaton","access":"private","operator":"Goshen Scout Reservation","drinking_water":"yes","toilets":"yes","elev_ft":1552}},{"type":"Feature","geometry":{"type":"Point","coordinates":[-78.642852,37.40059]},"properties":{"kind":"campsite","src":"osm","osm":"way/1415276072","name":"Laurel Ridge Campground","elev_ft":561}},{"type":"Feature","geometry":{"type":"Point","coordinates":[-76.769917,37.388523]},"properties":{"kind":"campsite","src":"osm","osm":"way/1420984408","elev_ft":125}},{"type":"Feature","geometry":{"type":"Point","coordinates":[-79.5359,37.388389]},"properties":{"kind":"campsite","src":"osm","osm":"way/1430008732","elev_ft":850}},{"type":"Feature","geometry":{"type":"Point","coordinates":[-75.352165,37.938685]},"properties":{"kind":"campsite","src":"osm","osm":"way/1430430371","name":"Pine Grove Campground","fee":"yes","elev_ft":20}},{"type":"Feature","geometry":{"type":"Point","coordinates":[-79.672987,36.643024]},"properties":{"kind":"rv_park","src":"osm","osm":"way/1430705455","name":"H & M RV Park","elev_ft":988}},{"type":"Feature","geometry":{"type":"Point","coordinates":[-76.157691,36.584905]},"properties":{"kind":"campsite","src":"osm","osm":"way/1432253099","name":"Northwest River Park Campground","fee":"yes","access":"yes","operator":"City of Chesapeake","website":"https://www.cityofchesapeake.net/562/Camping-Cabins-Rentals","drinking_water":"yes","toilets":"yes","reservation":"yes","elev_ft":39}},{"type":"Feature","geometry":{"type":"Point","coordinates":[-82.770018,36.866679]},"properties":{"kind":"rv_park","src":"osm","osm":"way/1436267419","elev_ft":1499}},{"type":"Feature","geometry":{"type":"Point","coordinates":[-79.797064,37.915482]},"properties":{"kind":"campsite","src":"osm","osm":"way/1437146977","name":"Beaver Dam Campground","fee":"yes","operator":"Virginia Department of Conservation and Recreation","capacity":"14","drinking_water":"yes","toilets":"yes","reservation":"recommended","elev_ft":1532}},{"type":"Feature","geometry":{"type":"Point","coordinates":[-79.803969,37.89735]},"properties":{"kind":"campsite","src":"osm","osm":"way/1442037037","name":"White Oak Campground","fee":"yes","operator":"Virginia Department of Conservation and Recreation","capacity":"31","drinking_water":"yes","toilets":"yes","reservation":"recommended","elev_ft":1440}},{"type":"Feature","geometry":{"type":"Point","coordinates":[-79.811615,37.855782]},"properties":{"kind":"campsite","src":"osm","osm":"way/1442037044","name":"Whispering Pines Campground","fee":"yes","operator":"Virginia Department of Conservation and Recreation","capacity":"23","drinking_water":"yes","toilets":"yes","reservation":"recommended","elev_ft":1224}},{"type":"Feature","geometry":{"type":"Point","coordinates":[-78.32061,38.931738]},"properties":{"kind":"campsite","src":"osm","osm":"way/1443544006","name":"Elizabeth Group Campground","access":"permit","elev_ft":774}},{"type":"Feature","geometry":{"type":"Point","coordinates":[-77.150082,38.679277]},"properties":{"kind":"rv_park","src":"osm","osm":"way/1464446979","name":"Fort Belvoir Travel Camp","elev_ft":72}},{"type":"Feature","geometry":{"type":"Point","coordinates":[-79.464865,37.969665]},"properties":{"kind":"campsite","src":"osm","osm":"way/1474503745","elev_ft":1440}},{"type":"Feature","geometry":{"type":"Point","coordinates":[-79.464564,37.969688]},"properties":{"kind":"campsite","src":"osm","osm":"way/1474503746","elev_ft":1440}},{"type":"Feature","geometry":{"type":"Point","coordinates":[-79.465089,37.968354]},"properties":{"kind":"campsite","src":"osm","osm":"way/1474503747","elev_ft":1430}},{"type":"Feature","geometry":{"type":"Point","coordinates":[-78.256383,38.36311]},"properties":{"kind":"campsite","src":"osm","osm":"way/1479073980","name":"Hoover Ridge Campground","elev_ft":623}},{"type":"Feature","geometry":{"type":"Point","coordinates":[-79.101152,38.048181]},"properties":{"kind":"rv_park","src":"osm","osm":"way/1482022323","name":"The Meadow","elev_ft":1407}},{"type":"Feature","geometry":{"type":"Point","coordinates":[-79.095006,38.048997]},"properties":{"kind":"rv_park","src":"osm","osm":"way/1482034275","name":"The Nook","elev_ft":1411}},{"type":"Feature","geometry":{"type":"Point","coordinates":[-79.094515,38.047925]},"properties":{"kind":"campsite","src":"osm","osm":"way/1482054305","name":"Hillside","elev_ft":1421}},{"type":"Feature","geometry":{"type":"Point","coordinates":[-79.095892,38.047278]},"properties":{"kind":"campsite","src":"osm","osm":"way/1482054306","name":"Cabin Row","elev_ft":1417}},{"type":"Feature","geometry":{"type":"Point","coordinates":[-79.096088,38.046708]},"properties":{"kind":"campsite","src":"osm","osm":"way/1482054307","name":"Hilltop","elev_ft":1424}},{"type":"Feature","geometry":{"type":"Point","coordinates":[-79.095795,38.046033]},"properties":{"kind":"campsite","src":"osm","osm":"way/1482054308","name":"Rustic Road","elev_ft":1434}},{"type":"Feature","geometry":{"type":"Point","coordinates":[-79.438492,37.97422]},"properties":{"kind":"campsite","src":"osm","osm":"way/1499197174","name":"Site 1","elev_ft":1411}},{"type":"Feature","geometry":{"type":"Point","coordinates":[-79.435546,37.977314]},"properties":{"kind":"campsite","src":"osm","osm":"way/1499197177","name":"Site 8","elev_ft":1411}},{"type":"Feature","geometry":{"type":"Point","coordinates":[-79.437031,37.975444]},"properties":{"kind":"campsite","src":"osm","osm":"way/1499197178","name":"Site 14","elev_ft":1417}},{"type":"Feature","geometry":{"type":"Point","coordinates":[-79.43621,37.97532]},"properties":{"kind":"campsite","src":"osm","osm":"way/1499197179","name":"Site 7","elev_ft":1447}},{"type":"Feature","geometry":{"type":"Point","coordinates":[-79.43842,37.975516]},"properties":{"kind":"campsite","src":"osm","osm":"way/1499197180","name":"Site 2","elev_ft":1394}},{"type":"Feature","geometry":{"type":"Point","coordinates":[-79.437673,37.974881]},"properties":{"kind":"campsite","src":"osm","osm":"way/1499197181","name":"Site 6","elev_ft":1417}},{"type":"Feature","geometry":{"type":"Point","coordinates":[-79.43695,37.980074]},"properties":{"kind":"campsite","src":"osm","osm":"way/1499197184","name":"Site 5","elev_ft":1394}},{"type":"Feature","geometry":{"type":"Point","coordinates":[-79.4368,37.979689]},"properties":{"kind":"campsite","src":"osm","osm":"way/1499197185","name":"Site 10","elev_ft":1391}},{"type":"Feature","geometry":{"type":"Point","coordinates":[-79.436028,37.9801]},"properties":{"kind":"campsite","src":"osm","osm":"way/1499197186","elev_ft":1421}},{"type":"Feature","geometry":{"type":"Point","coordinates":[-79.437236,37.979055]},"properties":{"kind":"campsite","src":"osm","osm":"way/1499197187","name":"Site 4","elev_ft":1391}},{"type":"Feature","geometry":{"type":"Point","coordinates":[-79.436134,37.978514]},"properties":{"kind":"campsite","src":"osm","osm":"way/1499197188","name":"Site 9","elev_ft":1411}},{"type":"Feature","geometry":{"type":"Point","coordinates":[-79.850476,36.634152]},"properties":{"kind":"campsite","src":"osm","osm":"relation/6502092","name":"Champions Overlook Camping Area","elev_ft":748}},{"type":"Feature","geometry":{"type":"Point","coordinates":[-76.790468,37.22863]},"properties":{"kind":"campsite","src":"osm","osm":"relation/8010556","name":"Jamestown 4-H Camp","elev_ft":33}},{"type":"Feature","geometry":{"type":"Point","coordinates":[-76.274881,37.342323]},"properties":{"kind":"campsite","src":"osm","osm":"relation/14462970","name":"Sun Retreats New Point","fee":"yes","access":"customers","operator":"Sun Outdoors","website":"https://www.sunoutdoors.com/virginia/sun-retreats-new-point","elev_ft":16}},{"type":"Feature","geometry":{"type":"Point","coordinates":[-79.085376,38.357901]},"properties":{"kind":"rv_park","src":"osm","osm":"relation/14592188","name":"Natural Chimneys Campground","elev_ft":1348}},{"type":"Feature","geometry":{"type":"Point","coordinates":[-78.229265,38.95973]},"properties":{"kind":"rv_park","src":"osm","osm":"relation/14721575","name":"North Fork Resort Associates","elev_ft":486}},{"type":"Feature","geometry":{"type":"Point","coordinates":[-78.59518,38.578188]},"properties":{"kind":"rv_park","src":"osm","osm":"relation/14725954","name":"Riverside camping","elev_ft":814}},{"type":"Feature","geometry":{"type":"Point","coordinates":[-76.936121,37.408336]},"properties":{"kind":"rv_park","src":"osm","osm":"relation/14980709","name":"Rockahock Campground","website":"https://www.rockahockcampground.com/","elev_ft":10}},{"type":"Feature","geometry":{"type":"Point","coordinates":[-77.396854,38.554225]},"properties":{"kind":"campsite","src":"osm","osm":"relation/15898080","name":"Chopawamsic Backcountry Area","fee":"yes","access":"permit","operator":"National Park Service","website":"https://www.nps.gov/prwi/planyourvisit/backcountrycamping.htm","drinking_water":"no","elev_ft":253}},{"type":"Feature","geometry":{"type":"Point","coordinates":[-77.658772,38.305503]},"properties":{"kind":"campsite","src":"osm","osm":"relation/16411780","name":"Glen 4","elev_ft":335}},{"type":"Feature","geometry":{"type":"Point","coordinates":[-77.662842,38.306499]},"properties":{"kind":"campsite","src":"osm","osm":"relation/16411781","name":"Glen 5","elev_ft":322}},{"type":"Feature","geometry":{"type":"Point","coordinates":[-77.66177,38.301141]},"properties":{"kind":"campsite","src":"osm","osm":"relation/16411782","name":"Glen 6","elev_ft":335}},{"type":"Feature","geometry":{"type":"Point","coordinates":[-77.04899,38.352773]},"properties":{"kind":"trailhead","src":"osm","osm":"node/153279032","name":"Dahlgren Railroad Heritage Trail","elev_ft":23}},{"type":"Feature","geometry":{"type":"Point","coordinates":[-82.3085,36.70401]},"properties":{"kind":"trailhead","src":"osm","osm":"node/154170738","name":"Mendota Trail Trailhead","elev_ft":1362}},{"type":"Feature","geometry":{"type":"Point","coordinates":[-79.975348,37.878386]},"properties":{"kind":"trailhead","src":"osm","osm":"node/205683961","name":"Smith Bridge","fee":"no","access":"yes","operator":"Alleghany County Parks & Recreation","elev_ft":1378}},{"type":"Feature","geometry":{"type":"Point","coordinates":[-79.965814,37.919147]},"properties":{"kind":"trailhead","src":"osm","osm":"node/205753901","name":"Natural Well","fee":"no","access":"yes","operator":"Alleghany County Parks & Recreation","elev_ft":1414}},{"type":"Feature","geometry":{"type":"Point","coordinates":[-79.428538,37.530864]},"properties":{"kind":"trailhead","src":"osm","osm":"node/206589361","name":"Terrapin Mountain","elev_ft":1348}},{"type":"Feature","geometry":{"type":"Point","coordinates":[-79.669606,37.510537]},"properties":{"kind":"trailhead","src":"osm","osm":"node/207167742","elev_ft":1276}},{"type":"Feature","geometry":{"type":"Point","coordinates":[-79.164441,38.367109]},"properties":{"kind":"trailhead","src":"osm","osm":"node/208013653","elev_ft":1634}},{"type":"Feature","geometry":{"type":"Point","coordinates":[-77.717274,38.805909]},"properties":{"kind":"trailhead","src":"osm","osm":"node/210531710","name":"Trailhead Pond Loop (WEST)","elev_ft":591}},{"type":"Feature","geometry":{"type":"Point","coordinates":[-77.717192,38.805732]},"properties":{"kind":"trailhead","src":"osm","osm":"node/210531716","name":"TrailHead Martin Trail (BASE)","elev_ft":591}},{"type":"Feature","geometry":{"type":"Point","coordinates":[-76.528482,37.822653]},"properties":{"kind":"trailhead","src":"osm","osm":"node/215785160","name":"Log trail head","elev_ft":125}},{"type":"Feature","geometry":{"type":"Point","coordinates":[-76.982238,37.548117]},"properties":{"kind":"trailhead","src":"osm","osm":"node/216462953","elev_ft":23}},{"type":"Feature","geometry":{"type":"Point","coordinates":[-78.2594,37.227327]},"properties":{"kind":"trailhead","src":"osm","osm":"node/217766629","name":"Moran","fee":"no","access":"yes","operator":"Virginia Department of Conservation and Recreation","elev_ft":528}},{"type":"Feature","geometry":{"type":"Point","coordinates":[-77.338049,37.309752]},"properties":{"kind":"trailhead","src":"osm","osm":"node/217989443","elev_ft":85}},{"type":"Feature","geometry":{"type":"Point","coordinates":[-80.090244,37.380336]},"properties":{"kind":"trailhead","src":"osm","osm":"node/218368576","name":"McAfee's Knob Trailhead","elev_ft":1982}},{"type":"Feature","geometry":{"type":"Point","coordinates":[-79.540348,37.641529]},"properties":{"kind":"trailhead","src":"osm","osm":"node/218826796","name":"Blue Ridge Trailhead","fee":"no","access":"yes","operator":"Virginia Department of Conservation and Recreation","elev_ft":1243}},{"type":"Feature","geometry":{"type":"Point","coordinates":[-77.342168,38.362051]},"properties":{"kind":"trailhead","src":"osm","osm":"node/219698992","elev_ft":197}},{"type":"Feature","geometry":{"type":"Point","coordinates":[-79.361943,37.729655]},"properties":{"kind":"trailhead","src":"osm","osm":"node/220597281","elev_ft":814}},{"type":"Feature","geometry":{"type":"Point","coordinates":[-79.361508,37.736882]},"properties":{"kind":"trailhead","src":"osm","osm":"node/220597400","elev_ft":1024}},{"type":"Feature","geometry":{"type":"Point","coordinates":[-79.365382,37.734314]},"properties":{"kind":"trailhead","src":"osm","osm":"node/220599697","elev_ft":1047}},{"type":"Feature","geometry":{"type":"Point","coordinates":[-76.547021,36.644266]},"properties":{"kind":"trailhead","src":"osm","osm":"node/221313393","access":"private","elev_ft":79}},{"type":"Feature","geometry":{"type":"Point","coordinates":[-79.172484,37.426235]},"properties":{"kind":"trailhead","src":"osm","osm":"node/329789583","name":"Blackwater Creek Trail East Randolph Place Entrance","elev_ft":620}},{"type":"Feature","geometry":{"type":"Point","coordinates":[-77.567877,38.813777]},"properties":{"kind":"trailhead","src":"osm","osm":"node/595248198","name":"Brawner's Farm","elev_ft":302}},{"type":"Feature","geometry":{"type":"Point","coordinates":[-77.273394,38.826956]},"properties":{"kind":"trailhead","src":"osm","osm":"node/616340810","name":"P 1 Starto","elev_ft":361}},{"type":"Feature","geometry":{"type":"Point","coordinates":[-79.634735,37.818787]},"properties":{"kind":"trailhead","src":"osm","osm":"node/763687333","name":"Pete's Cave Trail AKA North Mountain Trail","fee":"no","elev_ft":2907}},{"type":"Feature","geometry":{"type":"Point","coordinates":[-77.211874,38.839213]},"properties":{"kind":"trailhead","src":"osm","osm":"node/1117961529","name":"O B Trlhd","elev_ft":341}},{"type":"Feature","geometry":{"type":"Point","coordinates":[-77.298653,38.267541]},"properties":{"kind":"trailhead","src":"osm","osm":"node/1157145105","name":"Dahlgren Railroad Heritage Trail","elev_ft":82}},{"type":"Feature","geometry":{"type":"Point","coordinates":[-77.330497,38.725017]},"properties":{"kind":"trailhead","src":"osm","osm":"node/1271663617","name":"Bull Run Occoquan Trail","elev_ft":269}},{"type":"Feature","geometry":{"type":"Point","coordinates":[-78.526744,38.02686]},"properties":{"kind":"trailhead","src":"osm","osm":"node/1549870990","name":"RTF Fontaine Ave Trailhead","elev_ft":541}},{"type":"Feature","geometry":{"type":"Point","coordinates":[-78.337589,37.323948]},"properties":{"kind":"trailhead","src":"osm","osm":"node/1801169338","name":"River Road","fee":"no","access":"yes","operator":"Virginia Department of Conservation and Recreation","elev_ft":387}},{"type":"Feature","geometry":{"type":"Point","coordinates":[-79.987106,37.820039]},"properties":{"kind":"trailhead","src":"osm","osm":"node/1809444188","name":"Intervale","fee":"no","access":"yes","operator":"Alleghany County Parks & Recreation","elev_ft":1332}},{"type":"Feature","geometry":{"type":"Point","coordinates":[-79.988959,37.840461]},"properties":{"kind":"trailhead","src":"osm","osm":"node/1809444386","name":"Petticoat Junction","fee":"no","access":"yes","operator":"Alleghany County Parks & Recreation","elev_ft":1309}},{"type":"Feature","geometry":{"type":"Point","coordinates":[-79.899503,36.697397]},"properties":{"kind":"trailhead","src":"osm","osm":"node/1810477315","name":"Virginia Avenue Trailhead","fee":"no","access":"yes","elev_ft":745}},{"type":"Feature","geometry":{"type":"Point","coordinates":[-78.229533,36.996254]},"properties":{"kind":"trailhead","src":"osm","osm":"node/1810481297","name":"Tobacco Heritage Trail - Access Point, 10th St, Victoria","elev_ft":558}},{"type":"Feature","geometry":{"type":"Point","coordinates":[-80.105727,37.277405]},"properties":{"kind":"trailhead","src":"osm","osm":"node/2376675317","name":"Green Hill Park Trailhead","elev_ft":1047}},{"type":"Feature","geometry":{"type":"Point","coordinates":[-80.466528,36.794189]},"properties":{"kind":"trailhead","src":"osm","osm":"node/2507759024","name":"Buffalo Mountain Trailhead","fee":"no","access":"yes","elev_ft":3389}},{"type":"Feature","geometry":{"type":"Point","coordinates":[-79.079121,37.850796]},"properties":{"kind":"trailhead","src":"osm","osm":"node/2868034678","elev_ft":1693}},{"type":"Feature","geometry":{"type":"Point","coordinates":[-80.082277,37.28508]},"properties":{"kind":"trailhead","src":"osm","osm":"node/2923614027","elev_ft":1017}},{"type":"Feature","geometry":{"type":"Point","coordinates":[-79.98822,37.254629]},"properties":{"kind":"trailhead","src":"osm","osm":"node/2957442398","name":"Murray Run Greenway Trailhead","elev_ft":1073}},{"type":"Feature","geometry":{"type":"Point","coordinates":[-76.693922,37.268505]},"properties":{"kind":"trailhead","src":"osm","osm":"node/2994555094","name":"Trailhead Bassett Trace Nature Trail","elev_ft":115}},{"type":"Feature","geometry":{"type":"Point","coordinates":[-77.34254,38.362004]},"properties":{"kind":"trailhead","src":"osm","osm":"node/3235487354","elev_ft":184}},{"type":"Feature","geometry":{"type":"Point","coordinates":[-79.670698,37.769129]},"properties":{"kind":"trailhead","src":"osm","osm":"node/3677015894","elev_ft":2972}},{"type":"Feature","geometry":{"type":"Point","coordinates":[-79.187694,37.418579]},"properties":{"kind":"trailhead","src":"osm","osm":"node/3791698866","name":"Blackwater Creek Trail Ed Page Entrance","elev_ft":643}},{"type":"Feature","geometry":{"type":"Point","coordinates":[-77.407125,38.766277]},"properties":{"kind":"trailhead","src":"osm","osm":"node/3838323764","elev_ft":325}},{"type":"Feature","geometry":{"type":"Point","coordinates":[-80.765408,37.043971]},"properties":{"kind":"trailhead","src":"osm","osm":"node/3867597902","name":"Cool Springs","elev_ft":1896}},{"type":"Feature","geometry":{"type":"Point","coordinates":[-77.570964,38.984032]},"properties":{"kind":"trailhead","src":"osm","osm":"node/4045021441","name":"Grant Loop Trailhead","access":"private","elev_ft":430}},{"type":"Feature","geometry":{"type":"Point","coordinates":[-79.87615,36.703397]},"properties":{"kind":"trailhead","src":"osm","osm":"node/4107840822","name":"Liberty Street Trailhead","fee":"no","access":"yes","operator":"Henry County Parks & Recreation","elev_ft":748}},{"type":"Feature","geometry":{"type":"Point","coordinates":[-77.520696,39.070545]},"properties":{"kind":"trailhead","src":"osm","osm":"node/4976375204","elev_ft":233}},{"type":"Feature","geometry":{"type":"Point","coordinates":[-77.549699,38.820638]},"properties":{"kind":"trailhead","src":"osm","osm":"node/5043337550","name":"Deep Cut","elev_ft":282}},{"type":"Feature","geometry":{"type":"Point","coordinates":[-79.872011,37.95835]},"properties":{"kind":"trailhead","src":"osm","osm":"node/5126759526","name":"Cascade Gorge Trail","access":"private","operator":"Omni Homestead","elev_ft":2169}},{"type":"Feature","geometry":{"type":"Point","coordinates":[-79.883369,37.966205]},"properties":{"kind":"trailhead","src":"osm","osm":"node/5126780322","name":"Cascade Gorge Trail","access":"private","operator":"Omni Homestead","elev_ft":1844}},{"type":"Feature","geometry":{"type":"Point","coordinates":[-77.433801,38.438363]},"properties":{"kind":"trailhead","src":"osm","osm":"node/5869281395","name":"Rocky Run Park Mine Road Trailhead","elev_ft":200}},{"type":"Feature","geometry":{"type":"Point","coordinates":[-76.548976,36.620621]},"properties":{"kind":"trailhead","src":"osm","osm":"node/6007426309","elev_ft":85}},{"type":"Feature","geometry":{"type":"Point","coordinates":[-77.426057,38.440643]},"properties":{"kind":"trailhead","src":"osm","osm":"node/6053276655","name":"Rocky Run Park Pear Blossom Trail Head","elev_ft":157}},{"type":"Feature","geometry":{"type":"Point","coordinates":[-76.546956,36.644629]},"properties":{"kind":"trailhead","src":"osm","osm":"node/6312239655","elev_ft":79}},{"type":"Feature","geometry":{"type":"Point","coordinates":[-79.36517,37.726811]},"properties":{"kind":"trailhead","src":"osm","osm":"node/6547615312","elev_ft":807}},{"type":"Feature","geometry":{"type":"Point","coordinates":[-80.748861,37.365829]},"properties":{"kind":"trailhead","src":"osm","osm":"node/6767482998","name":"Rice Fields Trailhead","elev_ft":2192}},{"type":"Feature","geometry":{"type":"Point","coordinates":[-79.335943,37.308367]},"properties":{"kind":"trailhead","src":"osm","osm":"node/6770391451","name":"#1","elev_ft":902}},{"type":"Feature","geometry":{"type":"Point","coordinates":[-80.619336,37.437794]},"properties":{"kind":"trailhead","src":"osm","osm":"node/7034475909","name":"Allegheny Trailhead","elev_ft":3727}},{"type":"Feature","geometry":{"type":"Point","coordinates":[-76.560235,36.619573]},"properties":{"kind":"trailhead","src":"osm","osm":"node/7741501544","elev_ft":95}},{"type":"Feature","geometry":{"type":"Point","coordinates":[-76.524085,36.609373]},"properties":{"kind":"trailhead","src":"osm","osm":"node/7741501553","elev_ft":59}},{"type":"Feature","geometry":{"type":"Point","coordinates":[-80.460302,37.247437]},"properties":{"kind":"trailhead","src":"osm","osm":"node/7821144348","elev_ft":1965}},{"type":"Feature","geometry":{"type":"Point","coordinates":[-83.496373,36.653844]},"properties":{"kind":"trailhead","src":"osm","osm":"node/7906216171","name":"Chadwell Gap Trailhead","fee":"no","access":"yes","operator":"National Park Service","toilets":"no","elev_ft":1532}},{"type":"Feature","geometry":{"type":"Point","coordinates":[-83.435994,36.652851]},"properties":{"kind":"trailhead","src":"osm","osm":"node/7906231661","name":"Ewing Trail","fee":"no","access":"yes","operator":"National Park Service","toilets":"vault","elev_ft":1703}},{"type":"Feature","geometry":{"type":"Point","coordinates":[-78.733361,38.223043]},"properties":{"kind":"trailhead","src":"osm","osm":"node/8180522501","name":"Blackrock Summit","website":"https://www.nps.gov/places/000/blackrock-summit.htm","elev_ft":2940}},{"type":"Feature","geometry":{"type":"Point","coordinates":[-78.682891,38.254196]},"properties":{"kind":"trailhead","src":"osm","osm":"node/8185794297","name":"Doyles River Falls","elev_ft":2881}},{"type":"Feature","geometry":{"type":"Point","coordinates":[-77.502401,38.825006]},"properties":{"kind":"trailhead","src":"osm","osm":"node/8552055124","name":"Stone Bridge","elev_ft":200}},{"type":"Feature","geometry":{"type":"Point","coordinates":[-77.726073,39.293138]},"properties":{"kind":"trailhead","src":"osm","osm":"node/8789545142","elev_ft":518}},{"type":"Feature","geometry":{"type":"Point","coordinates":[-78.391119,37.304443]},"properties":{"kind":"trailhead","src":"osm","osm":"node/8981918422","fee":"no","access":"yes","operator":"Virginia Department of Conservation and Recreation","elev_ft":312}},{"type":"Feature","geometry":{"type":"Point","coordinates":[-79.360994,38.308254]},"properties":{"kind":"trailhead","src":"osm","osm":"node/9108106140","elev_ft":2379}},{"type":"Feature","geometry":{"type":"Point","coordinates":[-81.971309,36.709011]},"properties":{"kind":"trailhead","src":"osm","osm":"node/9187182791","name":"Virginia Creeper Trail: Abingdon Trail Head","elev_ft":2047}},{"type":"Feature","geometry":{"type":"Point","coordinates":[-77.933543,38.652141]},"properties":{"kind":"trailhead","src":"osm","osm":"node/9514859710","name":"Spilman Loop Trail","access":"yes","operator":"Culpeper County","elev_ft":466}},{"type":"Feature","geometry":{"type":"Point","coordinates":[-79.670489,37.759158]},"properties":{"kind":"trailhead","src":"osm","osm":"node/9669450984","name":"Junction Blacks Gap Trail","elev_ft":2618}},{"type":"Feature","geometry":{"type":"Point","coordinates":[-76.518799,36.961638]},"properties":{"kind":"trailhead","src":"osm","osm":"node/9866104951","elev_ft":16}},{"type":"Feature","geometry":{"type":"Point","coordinates":[-77.417375,37.232174]},"properties":{"kind":"trailhead","src":"osm","osm":"node/9894091990","name":"Appomattox River Trail: University Blvd/Petersburg Patton Park Trailhead","elev_ft":30}},{"type":"Feature","geometry":{"type":"Point","coordinates":[-77.430178,37.230274]},"properties":{"kind":"trailhead","src":"osm","osm":"node/9894174468","name":"Appomattox River Trail: Ettrick/VSU Trailhead","fee":"no","access":"yes","elev_ft":85}},{"type":"Feature","geometry":{"type":"Point","coordinates":[-79.333365,37.305425]},"properties":{"kind":"trailhead","src":"osm","osm":"node/9934681856","name":"#3","elev_ft":853}},{"type":"Feature","geometry":{"type":"Point","coordinates":[-77.058095,38.847268]},"properties":{"kind":"trailhead","src":"osm","osm":"node/10062532868","fee":"no","access":"yes","elev_ft":131}},{"type":"Feature","geometry":{"type":"Point","coordinates":[-79.367848,37.730005]},"properties":{"kind":"trailhead","src":"osm","osm":"node/10168876356","elev_ft":958}},{"type":"Feature","geometry":{"type":"Point","coordinates":[-79.361703,37.739314]},"properties":{"kind":"trailhead","src":"osm","osm":"node/10168959476","elev_ft":968}},{"type":"Feature","geometry":{"type":"Point","coordinates":[-79.36297,37.740862]},"properties":{"kind":"trailhead","src":"osm","osm":"node/10168959487","elev_ft":935}},{"type":"Feature","geometry":{"type":"Point","coordinates":[-80.088363,37.229387]},"properties":{"kind":"trailhead","src":"osm","osm":"node/10238222968","fee":"no","access":"yes","elev_ft":2320}},{"type":"Feature","geometry":{"type":"Point","coordinates":[-79.36668,37.728562]},"properties":{"kind":"trailhead","src":"osm","osm":"node/10309415906","elev_ft":896}},{"type":"Feature","geometry":{"type":"Point","coordinates":[-78.663617,37.26078]},"properties":{"kind":"trailhead","src":"osm","osm":"node/10722082312","name":"Pamplin","fee":"no","access":"yes","operator":"Virginia Department of Conservation and Recreation","elev_ft":709}},{"type":"Feature","geometry":{"type":"Point","coordinates":[-77.715873,38.805912]},"properties":{"kind":"trailhead","src":"osm","osm":"node/10832454868","name":"TrailHead Biscuit Mountain (EAST)","elev_ft":564}},{"type":"Feature","geometry":{"type":"Point","coordinates":[-77.724051,38.805902]},"properties":{"kind":"trailhead","src":"osm","osm":"node/10832454872","name":"TrailHead Pine Mountain (WEST)","elev_ft":614}},{"type":"Feature","geometry":{"type":"Point","coordinates":[-79.344399,37.310572]},"properties":{"kind":"trailhead","src":"osm","osm":"node/10885517639","name":"#2","elev_ft":928}},{"type":"Feature","geometry":{"type":"Point","coordinates":[-80.901575,37.185149]},"properties":{"kind":"trailhead","src":"osm","osm":"node/11090627897","elev_ft":2303}},{"type":"Feature","geometry":{"type":"Point","coordinates":[-77.719992,38.806116]},"properties":{"kind":"trailhead","src":"osm","osm":"node/11232637980","name":"Trailhead Martin Trail (TOP)","elev_ft":630}},{"type":"Feature","geometry":{"type":"Point","coordinates":[-77.720298,38.807331]},"properties":{"kind":"trailhead","src":"osm","osm":"node/11232665308","name":"TrailHead Biscuit Mountain (WEST)","elev_ft":610}},{"type":"Feature","geometry":{"type":"Point","coordinates":[-77.720157,38.807159]},"properties":{"kind":"trailhead","src":"osm","osm":"node/11232665309","name":"TrailHead Susquehannock Trail (WEST)","elev_ft":610}},{"type":"Feature","geometry":{"type":"Point","coordinates":[-77.722052,38.806981]},"properties":{"kind":"trailhead","src":"osm","osm":"node/11232665333","name":"TrailHead Susquehannock Trail (WEST)","elev_ft":600}},{"type":"Feature","geometry":{"type":"Point","coordinates":[-77.720742,38.806153]},"properties":{"kind":"trailhead","src":"osm","osm":"node/11232714847","name":"TrailHead Pine Mountain (Meadow)","elev_ft":627}},{"type":"Feature","geometry":{"type":"Point","coordinates":[-78.294423,37.269776]},"properties":{"kind":"trailhead","src":"osm","osm":"node/11348908803","name":"Rice","fee":"no","access":"yes","operator":"Virginia Department of Conservation and Recreation","elev_ft":456}},{"type":"Feature","geometry":{"type":"Point","coordinates":[-78.240467,37.223752]},"properties":{"kind":"trailhead","src":"osm","osm":"node/11348908806","name":"Orchard Road","fee":"no","access":"yes","operator":"Virginia Department of Conservation and Recreation","elev_ft":538}},{"type":"Feature","geometry":{"type":"Point","coordinates":[-78.558905,37.302871]},"properties":{"kind":"trailhead","src":"osm","osm":"node/11348908844","name":"Prospect","fee":"no","access":"yes","operator":"Virginia Department of Conservation and Recreation","elev_ft":561}},{"type":"Feature","geometry":{"type":"Point","coordinates":[-78.396123,37.304421]},"properties":{"kind":"trailhead","src":"osm","osm":"node/11348908850","name":"Farmville","fee":"no","access":"yes","operator":"Virginia Department of Conservation and Recreation","elev_ft":338}},{"type":"Feature","geometry":{"type":"Point","coordinates":[-78.382065,37.308918]},"properties":{"kind":"trailhead","src":"osm","osm":"node/11348908853","fee":"no","access":"yes","operator":"Virginia Department of Conservation and Recreation","elev_ft":318}},{"type":"Feature","geometry":{"type":"Point","coordinates":[-77.548588,38.825697]},"properties":{"kind":"trailhead","src":"osm","osm":"node/11429136103","name":"Unfinished Railroad","elev_ft":295}},{"type":"Feature","geometry":{"type":"Point","coordinates":[-80.013954,37.453095]},"properties":{"kind":"trailhead","src":"osm","osm":"node/11461328316","name":"Andy Layne Trail","fee":"no","access":"yes","operator":"Roanoke Appalachian Trail Club","elev_ft":1407}},{"type":"Feature","geometry":{"type":"Point","coordinates":[-78.466882,38.45233]},"properties":{"kind":"trailhead","src":"osm","osm":"node/11526382627","name":"Bearfence Rock Scramble","elev_ft":3369}},{"type":"Feature","geometry":{"type":"Point","coordinates":[-77.713923,38.804646]},"properties":{"kind":"trailhead","src":"osm","osm":"node/11717317752","name":"Trailhead Pond Loop (EAST)","elev_ft":515}},{"type":"Feature","geometry":{"type":"Point","coordinates":[-77.723137,38.807357]},"properties":{"kind":"trailhead","src":"osm","osm":"node/11813772304","elev_ft":604}},{"type":"Feature","geometry":{"type":"Point","coordinates":[-77.722215,38.807198]},"properties":{"kind":"trailhead","src":"osm","osm":"node/11813772305","elev_ft":600}},{"type":"Feature","geometry":{"type":"Point","coordinates":[-77.72217,38.80699]},"properties":{"kind":"trailhead","src":"osm","osm":"node/11813772306","elev_ft":600}},{"type":"Feature","geometry":{"type":"Point","coordinates":[-78.382773,38.585859]},"properties":{"kind":"trailhead","src":"osm","osm":"node/11829110700","name":"Whiteoak Canyon Trail","elev_ft":3507}},{"type":"Feature","geometry":{"type":"Point","coordinates":[-78.282308,38.761081]},"properties":{"kind":"trailhead","src":"osm","osm":"node/11910540399","name":"Overall Run Falls","elev_ft":3366}},{"type":"Feature","geometry":{"type":"Point","coordinates":[-78.210816,38.77503]},"properties":{"kind":"trailhead","src":"osm","osm":"node/11956730602","name":"Mount Marshall","elev_ft":3071}},{"type":"Feature","geometry":{"type":"Point","coordinates":[-79.542162,37.634915]},"properties":{"kind":"trailhead","src":"osm","osm":"node/12069125829","name":"Buck Hill Trailhead","fee":"no","access":"yes","operator":"Virginia Department of Conservation and Recreation","elev_ft":1214}},{"type":"Feature","geometry":{"type":"Point","coordinates":[-80.100107,37.509768]},"properties":{"kind":"trailhead","src":"osm","osm":"node/12070817407","access":"yes","elev_ft":1263}},{"type":"Feature","geometry":{"type":"Point","coordinates":[-79.912764,37.436514]},"properties":{"kind":"trailhead","src":"osm","osm":"node/12070927475","elev_ft":1312}},{"type":"Feature","geometry":{"type":"Point","coordinates":[-79.906934,37.438449]},"properties":{"kind":"trailhead","src":"osm","osm":"node/12070927504","elev_ft":1342}},{"type":"Feature","geometry":{"type":"Point","coordinates":[-79.871487,36.692646]},"properties":{"kind":"trailhead","src":"osm","osm":"node/12133297584","name":"Depot Street Trailhead","elev_ft":981}},{"type":"Feature","geometry":{"type":"Point","coordinates":[-79.851142,36.68828]},"properties":{"kind":"trailhead","src":"osm","osm":"node/12133732456","name":"Fisher Street Trailhead","fee":"no","access":"yes","operator":"Henry County Parks & Recreation","elev_ft":958}},{"type":"Feature","geometry":{"type":"Point","coordinates":[-79.862048,36.687848]},"properties":{"kind":"trailhead","src":"osm","osm":"node/12133792917","name":"Silverbell Trailhead","fee":"no","access":"yes","elev_ft":1010}},{"type":"Feature","geometry":{"type":"Point","coordinates":[-79.857717,36.691726]},"properties":{"kind":"trailhead","src":"osm","osm":"node/12133792926","name":"Doyle Street Trailhead","fee":"no","access":"yes","operator":"Henry County Parks & Recreation","elev_ft":1004}},{"type":"Feature","geometry":{"type":"Point","coordinates":[-79.830941,36.661033]},"properties":{"kind":"trailhead","src":"osm","osm":"node/12135441018","name":"Spruce Street Trailhead","fee":"no","access":"yes","operator":"Henry County Parks & Recreation","elev_ft":709}},{"type":"Feature","geometry":{"type":"Point","coordinates":[-77.706334,38.824805]},"properties":{"kind":"trailhead","src":"osm","osm":"node/12141381504","elev_ft":443}},{"type":"Feature","geometry":{"type":"Point","coordinates":[-77.181055,36.866273]},"properties":{"kind":"trailhead","src":"osm","osm":"node/12141484670","name":"Garland Gray Tree Nursery Trailhead","fee":"no","access":"permissive","operator":"Virginia Department of Conservation and Recreation","elev_ft":69}},{"type":"Feature","geometry":{"type":"Point","coordinates":[-77.183757,36.864991]},"properties":{"kind":"trailhead","src":"osm","osm":"node/12141514849","fee":"no","access":"permissive","operator":"Virginia Department of Conservation and Recreation","elev_ft":75}},{"type":"Feature","geometry":{"type":"Point","coordinates":[-77.18578,36.863135]},"properties":{"kind":"trailhead","src":"osm","osm":"node/12141514861","fee":"no","access":"permissive","operator":"Virginia Department of Conservation and Recreation","elev_ft":62}},{"type":"Feature","geometry":{"type":"Point","coordinates":[-77.332759,38.3692]},"properties":{"kind":"trailhead","src":"osm","osm":"node/12142732092","name":"Crow\u2019s Nest Water Trail Trailhead","elev_ft":-10}},{"type":"Feature","geometry":{"type":"Point","coordinates":[-79.893916,37.015158]},"properties":{"kind":"trailhead","src":"osm","osm":"node/12150713231","elev_ft":1214}},{"type":"Feature","geometry":{"type":"Point","coordinates":[-80.779375,37.045589]},"properties":{"kind":"trailhead","src":"osm","osm":"node/12154615305","name":"Dora Highway Park","elev_ft":1909}},{"type":"Feature","geometry":{"type":"Point","coordinates":[-80.761961,37.04419]},"properties":{"kind":"trailhead","src":"osm","osm":"node/12154640201","name":"Heritage Park","elev_ft":1893}},{"type":"Feature","geometry":{"type":"Point","coordinates":[-78.313587,37.30669]},"properties":{"kind":"trailhead","src":"osm","osm":"node/12174171619","name":"Camp Paradise","fee":"no","access":"yes","operator":"Virginia Department of Conservation and Recreation","elev_ft":413}},{"type":"Feature","geometry":{"type":"Point","coordinates":[-78.616987,37.284084]},"properties":{"kind":"trailhead","src":"osm","osm":"node/12175962717","name":"Elam","fee":"no","access":"yes","operator":"Virginia Department of Conservation and Recreation","elev_ft":696}},{"type":"Feature","geometry":{"type":"Point","coordinates":[-78.488325,37.306499]},"properties":{"kind":"trailhead","src":"osm","osm":"node/12175994697","name":"Tuggle","fee":"no","access":"yes","operator":"Virginia Department of Conservation and Recreation","elev_ft":492}},{"type":"Feature","geometry":{"type":"Point","coordinates":[-79.748719,37.408857]},"properties":{"kind":"trailhead","src":"osm","osm":"node/12176060859","name":"Day Creek","operator":"United States Forest Service","elev_ft":1247}},{"type":"Feature","geometry":{"type":"Point","coordinates":[-77.411775,38.784015]},"properties":{"kind":"trailhead","src":"osm","osm":"node/12219854858","elev_ft":240}},{"type":"Feature","geometry":{"type":"Point","coordinates":[-77.475787,38.8032]},"properties":{"kind":"trailhead","src":"osm","osm":"node/12230703374","name":"Bull Run Occoquan Trail","elev_ft":184}},{"type":"Feature","geometry":{"type":"Point","coordinates":[-78.386586,38.55599]},"properties":{"kind":"trailhead","src":"osm","osm":"node/12272466181","name":"Cedar Run Trailhead","elev_ft":3386}},{"type":"Feature","geometry":{"type":"Point","coordinates":[-78.386763,38.556302]},"properties":{"kind":"trailhead","src":"osm","osm":"node/12272466188","name":"Hawksbill Gap Trailhead","elev_ft":3386}},{"type":"Feature","geometry":{"type":"Point","coordinates":[-79.597344,37.442507]},"properties":{"kind":"trailhead","src":"osm","osm":"node/12319598503","name":"Flat Top","elev_ft":2448}},{"type":"Feature","geometry":{"type":"Point","coordinates":[-79.580437,37.468347]},"properties":{"kind":"trailhead","src":"osm","osm":"node/12321357809","name":"Flat Top Mountain","elev_ft":2536}},{"type":"Feature","geometry":{"type":"Point","coordinates":[-79.480782,37.608072]},"properties":{"kind":"trailhead","src":"osm","osm":"node/12335339190","name":"Glenwood Horse Trail","elev_ft":873}},{"type":"Feature","geometry":{"type":"Point","coordinates":[-77.342213,38.362044]},"properties":{"kind":"trailhead","src":"osm","osm":"node/12351624295","elev_ft":197}},{"type":"Feature","geometry":{"type":"Point","coordinates":[-79.603643,37.567264]},"properties":{"kind":"trailhead","src":"osm","osm":"node/12517269371","elev_ft":804}},{"type":"Feature","geometry":{"type":"Point","coordinates":[-83.521509,36.63023]},"properties":{"kind":"trailhead","src":"osm","osm":"node/12549787996","name":"Fisherman's Loop Trailhead","fee":"yes","access":"yes","operator":"Virginia Department of Conservation and Recreation","elev_ft":1322}},{"type":"Feature","geometry":{"type":"Point","coordinates":[-83.524414,36.633983]},"properties":{"kind":"trailhead","src":"osm","osm":"node/12550208084","name":"Indian Ridge Trailhead","fee":"yes","operator":"Virginia Department of Conservation and Recreation","elev_ft":1365}},{"type":"Feature","geometry":{"type":"Point","coordinates":[-77.17138,38.673614]},"properties":{"kind":"trailhead","src":"osm","osm":"node/12607443318","elev_ft":154}},{"type":"Feature","geometry":{"type":"Point","coordinates":[-77.353419,38.840702]},"properties":{"kind":"trailhead","src":"osm","osm":"node/12763413596","name":"Pumping Station Trailhead","elev_ft":443}},{"type":"Feature","geometry":{"type":"Point","coordinates":[-77.357301,38.842441]},"properties":{"kind":"trailhead","src":"osm","osm":"node/12763425868","elev_ft":440}},{"type":"Feature","geometry":{"type":"Point","coordinates":[-78.679897,37.261797]},"properties":{"kind":"trailhead","src":"osm","osm":"node/12767801661","name":"Pamplin","fee":"no","access":"yes","operator":"Virginia Department of Conservation and Recreation","elev_ft":686}},{"type":"Feature","geometry":{"type":"Point","coordinates":[-77.359471,38.841358]},"properties":{"kind":"trailhead","src":"osm","osm":"node/12867055817","elev_ft":427}},{"type":"Feature","geometry":{"type":"Point","coordinates":[-77.357301,38.842441]},"properties":{"kind":"trailhead","src":"osm","osm":"node/12912621897","elev_ft":440}},{"type":"Feature","geometry":{"type":"Point","coordinates":[-77.358195,38.839693]},"properties":{"kind":"trailhead","src":"osm","osm":"node/12912655444","elev_ft":440}},{"type":"Feature","geometry":{"type":"Point","coordinates":[-77.361195,38.835917]},"properties":{"kind":"trailhead","src":"osm","osm":"node/12912877198","name":"Appling Valley Trailhead","access":"yes","elev_ft":410}},{"type":"Feature","geometry":{"type":"Point","coordinates":[-77.362778,38.834148]},"properties":{"kind":"trailhead","src":"osm","osm":"node/12912877199","name":"Goodwood Drive Trailhead","elev_ft":394}},{"type":"Feature","geometry":{"type":"Point","coordinates":[-83.433683,36.654353]},"properties":{"kind":"trailhead","src":"osm","osm":"node/13037758334","name":"Ewing Trail (Horseback)","access":"yes","operator":"National Park Service","toilets":"no","elev_ft":1795}},{"type":"Feature","geometry":{"type":"Point","coordinates":[-80.793537,37.316532]},"properties":{"kind":"trailhead","src":"osm","osm":"node/13037860691","name":"Mill Creek Nature Park Trailhead","access":"yes","operator":"Town of Narrows","website":"https://townofnarrows.org/mill-creek-nature-park-bike-rides/","elev_ft":1955}},{"type":"Feature","geometry":{"type":"Point","coordinates":[-77.362754,38.834029]},"properties":{"kind":"trailhead","src":"osm","osm":"node/13065385392","elev_ft":394}},{"type":"Feature","geometry":{"type":"Point","coordinates":[-77.35702,38.83558]},"properties":{"kind":"trailhead","src":"osm","osm":"node/13065438137","elev_ft":417}},{"type":"Feature","geometry":{"type":"Point","coordinates":[-80.156095,37.378479]},"properties":{"kind":"trailhead","src":"osm","osm":"node/13088209443","name":"Dragons Tooth Trailhead","elev_ft":1814}},{"type":"Feature","geometry":{"type":"Point","coordinates":[-77.366041,38.837728]},"properties":{"kind":"trailhead","src":"osm","osm":"node/13226733815","name":"Brentwood Farms Trailhead","elev_ft":413}},{"type":"Feature","geometry":{"type":"Point","coordinates":[-78.458124,38.057905]},"properties":{"kind":"trailhead","src":"osm","osm":"node/13243220310","name":"Dunlora Forest Trail Head","elev_ft":430}},{"type":"Feature","geometry":{"type":"Point","coordinates":[-80.094931,37.281213]},"properties":{"kind":"trailhead","src":"osm","osm":"node/13375315645","name":"West Riverside Drive","fee":"no","access":"yes","elev_ft":1066}},{"type":"Feature","geometry":{"type":"Point","coordinates":[-81.934998,36.677979]},"properties":{"kind":"trailhead","src":"osm","osm":"node/13578408236","name":"Virginia Creeper Trail: Watauga Trail Head","elev_ft":1919}},{"type":"Feature","geometry":{"type":"Point","coordinates":[-77.371128,38.8424]},"properties":{"kind":"trailhead","src":"osm","osm":"node/13612164553","elev_ft":453}},{"type":"Feature","geometry":{"type":"Point","coordinates":[-78.052797,38.911343]},"properties":{"kind":"trailhead","src":"osm","osm":"node/13683002198","elev_ft":830}},{"type":"Feature","geometry":{"type":"Point","coordinates":[-75.783409,37.492626]},"properties":{"kind":"campsite","src":"overture:meta","name":"Thousand Trails Virginia Landing","website":"https://thousandtrails.com/virginia/virginia-landing-rv-campground/?utm_source=yext&utm_medium=directory&utm_campaign=Yext+Directory+Listing","addr":"40226 Upshur Neck Rd, Painter","elev_ft":10}},{"type":"Feature","geometry":{"type":"Point","coordinates":[-75.987442,36.800911]},"properties":{"kind":"campsite","src":"overture:meta","name":"YMCA at JT's Camp Grom","website":"https://www.ymcashr.org/camps/ymca-jts-camp-grom?type=camps&amenities","addr":"1181 Prosperity Rd, Virginia Beach","elev_ft":59}},{"type":"Feature","geometry":{"type":"Point","coordinates":[-77.525085,37.385262]},"properties":{"kind":"campsite","src":"overture:meta","name":"YMCA Camp Thunderbird","website":"https://www.ymcarichmond.org/locations/ymca-camp-thunderbird","addr":"9300 Shawonodasee Rd, Chesterfield","elev_ft":200}},{"type":"Feature","geometry":{"type":"Point","coordinates":[-77.004921,36.768887]},"properties":{"kind":"campsite","src":"overture:meta","name":"Camp Darden","website":"http://www.campnavigator.com/summer-camp/Camp_Darden_1697.html","addr":"18406 Darden Scout Rd, Courtland","elev_ft":102}},{"type":"Feature","geometry":{"type":"Point","coordinates":[-78.558441,38.024986]},"properties":{"kind":"campsite","src":"overture:meta","name":"Camp Holiday Trails","website":"http://www.campholidaytrails.org/","addr":"400 Holiday Trails Ln, Charlottesville","elev_ft":610}},{"type":"Feature","geometry":{"type":"Point","coordinates":[-76.595558,37.160397]},"properties":{"kind":"campsite","src":"overture:meta","name":"Fort Eustis Campgrounds","elev_ft":56}},{"type":"Feature","geometry":{"type":"Point","coordinates":[-78.727791,38.487434]},"properties":{"kind":"campsite","src":"overture:meta","name":"Brethren Woods Camp & Retreat Center","website":"https://www.acacamps.org/","addr":"4896 Armentrout Path, Keezletown","elev_ft":1588}},{"type":"Feature","geometry":{"type":"Point","coordinates":[-80.630028,37.063934]},"properties":{"kind":"campsite","src":"overture:meta","name":"Hidden Valley Camping Club","website":"http://www.hiddenvalleycampingclub.com/","addr":"4640 Rakes Dr, Dublin","elev_ft":1893}},{"type":"Feature","geometry":{"type":"Point","coordinates":[-77.867607,36.562561]},"properties":{"kind":"campsite","src":"overture:meta","name":"The Club - Lake Gaston Resort","website":"http://www.LakeGastonResort.com/","addr":"300 Lake Resort Dr, Valentines","elev_ft":240}},{"type":"Feature","geometry":{"type":"Point","coordinates":[-76.593155,37.641628]},"properties":{"kind":"rv_park","src":"overture:meta","name":"Bethpage Camp-Resort","website":"https://thousandtrails.com/virginia/bethpage-camp-resort/?utm_source=yext&utm_medium=directory&utm_campaign=Yext+Directory+Listing","addr":"679 Browns Ln, Urbanna","elev_ft":46}},{"type":"Feature","geometry":{"type":"Point","coordinates":[-76.766731,37.376099]},"properties":{"kind":"campsite","src":"overture:meta","name":"American Heritage RV Park","website":"http://americanheritagervpark.com/","addr":"146 Maxton Ln, Williamsburg","elev_ft":115}},{"type":"Feature","geometry":{"type":"Point","coordinates":[-76.614838,38.14259]},"properties":{"kind":"rv_park","src":"overture:meta","name":"Cole's Point Plantation","website":"http://www.colespointmarina.com/","addr":"307 Plantation Dr, Hague","elev_ft":10}},{"type":"Feature","geometry":{"type":"Point","coordinates":[-76.150475,36.820877]},"properties":{"kind":"rv_park","src":"overture:meta","name":"Kempsville Masonic Lodge No. 196","website":"http://www.kempsvillelodge.org/","addr":"4869 Princess Anne Rd, Virginia Beach","elev_ft":23}},{"type":"Feature","geometry":{"type":"Point","coordinates":[-79.582069,37.069031]},"properties":{"kind":"rv_park","src":"overture:meta","name":"Eagle's Roost","website":"http://www.smleaglesroost.com/","addr":"15335 Smith Mountain Lake Pkwy, Huddleston","elev_ft":853}},{"type":"Feature","geometry":{"type":"Point","coordinates":[-75.357025,37.925621]},"properties":{"kind":"campsite","src":"overture:meta","name":"Jellystone Park Chincoteague Island","website":"https://www.sunoutdoors.com/virginia/jellystone-park-chincoteague-island?utm_campaign=blw014&utm_medium=social&utm_source=facebook&utm_content=22feb18","addr":"6742 Maddox Blvd, Chincoteague","elev_ft":13}},{"type":"Feature","geometry":{"type":"Point","coordinates":[-76.885635,37.659466]},"properties":{"kind":"campsite","src":"overture:meta","name":"Rainbow Acres Campground","website":"http://www.rainbowacrescampground.com/","addr":"514 James Rd S, King and Queen Court House","elev_ft":33}},{"type":"Feature","geometry":{"type":"Point","coordinates":[-80.22641,36.934711]},"properties":{"kind":"campsite","src":"overture:meta","name":"Floyd / Blue Ridge Parkway KOA","website":"https://koa.com/campgrounds/floyd/","addr":"2697 Franklin Pike, Floyd","elev_ft":2444}},{"type":"Feature","geometry":{"type":"Point","coordinates":[-78.511307,38.74062]},"properties":{"kind":"campsite","src":"overture:meta","name":"Caroline Furnace Lutheran Camp & Retreat Center","website":"http://www.CarolineFurnace.org/","addr":"2239 Camp Roosevelt Rd, Fort Valley","elev_ft":1168}},{"type":"Feature","geometry":{"type":"Point","coordinates":[-78.391624,38.673294]},"properties":{"kind":"campsite","src":"overture:meta","name":"Jellystone Park Recreation Center","website":"http://www.campluray.com/","addr":"2250 US Highway 211 E, Luray","elev_ft":951}},{"type":"Feature","geometry":{"type":"Point","coordinates":[-79.375381,37.82975]},"properties":{"kind":"campsite","src":"overture:meta","name":"Campground At Lee Hi Travel Plaza","website":"www.leehi.com","addr":"2516 N Lee Hwy, Lexington","elev_ft":1247}},{"type":"Feature","geometry":{"type":"Point","coordinates":[-77.353645,37.075489]},"properties":{"kind":"campsite","src":"overture:meta","name":"South 40 Campground","website":"http://www.south40camping.com/","addr":"2809 Courtland Rd, Petersburg","elev_ft":157}},{"type":"Feature","geometry":{"type":"Point","coordinates":[-80.609543,37.234978]},"properties":{"kind":"campsite","src":"overture:meta","name":"New River Junction","website":"http://www.newriverjunction.com/","addr":"2591 Big Falls Rd, Blacksburg","elev_ft":1650}},{"type":"Feature","geometry":{"type":"Point","coordinates":[-80.350945,37.137337]},"properties":{"kind":"rv_park","src":"overture:meta","name":"Interstate RV Overnight Park","website":"http://interstateovernightpark.placeweb.site","addr":"2705 Roanoke St, Christiansburg","elev_ft":2162}},{"type":"Feature","geometry":{"type":"Point","coordinates":[-79.640717,36.571781]},"properties":{"kind":"rv_park","src":"overture:meta","name":"Loblolly Lake RV Park","addr":"1680 Huntington Trl, Cascade","elev_ft":679}},{"type":"Feature","geometry":{"type":"Point","coordinates":[-79.855553,37.238598]},"properties":{"kind":"campsite","src":"overture:meta","name":"Don's Cab-Inns Campground","website":"https://www.roanokecountyparks.com/375/Camping","addr":"55 Chestnut Ridge Rd, Roanoke","elev_ft":1027}},{"type":"Feature","geometry":{"type":"Point","coordinates":[-78.982986,37.928425]},"properties":{"kind":"campsite","src":"overture:meta","name":"Sherando Lake Recreation Area","website":"http://www.recreation.gov/camping/sherando-lake-recreation-area-family-camping/r/campgroundDetails.do","addr":"96 Sherando Lake Rd, Lyndhurst","elev_ft":1699}},{"type":"Feature","geometry":{"type":"Point","coordinates":[-77.647812,37.259693]},"properties":{"kind":"campsite","src":"overture:Foursquare","name":"Cozy Cove Campground","website":"http://cozycovecampground.placeweb.site","addr":"713 Sutherland Rd, Church Road","elev_ft":177}},{"type":"Feature","geometry":{"type":"Point","coordinates":[-77.515961,37.165119]},"properties":{"kind":"campsite","src":"overture:meta","name":"Picture Lake Campground","website":"http://www.picturelakecampgrounds.com/","addr":"7818 Boydton Plank Rd, Petersburg","elev_ft":177}},{"type":"Feature","geometry":{"type":"Point","coordinates":[-77.489182,36.749374]},"properties":{"kind":"campsite","src":"overture:meta","name":"Emporia I-95 KOA Holiday","website":"https://koa.com/campgrounds/emporia/","addr":"2940 Sussex Dr, Emporia","elev_ft":128}},{"type":"Feature","geometry":{"type":"Point","coordinates":[-77.466972,37.710407]},"properties":{"kind":"rv_park","src":"overture:meta","name":"Kosmo Village","website":"http://www.kosmovillage.com","addr":"11197 Washington Hwy, Glen Allen","elev_ft":217}},{"type":"Feature","geometry":{"type":"Point","coordinates":[-77.439552,37.849167]},"properties":{"kind":"campsite","src":"overture:Microsoft","name":"Richmond North / Kings Dominion KOA Holiday","website":"https://koa.com/campgrounds/richmond-north/","addr":"10061 Kings Dominion Blvd, Doswell","elev_ft":115}},{"type":"Feature","geometry":{"type":"Point","coordinates":[-77.350891,38.603951]},"properties":{"kind":"campsite","src":"overture:meta","name":"Prince William Forest RV Campground","website":"http://www.princewilliamforestrvcampground.com","addr":"16058 Dumfries Rd, Dumfries","elev_ft":302}},{"type":"Feature","geometry":{"type":"Point","coordinates":[-77.263718,38.232315]},"properties":{"kind":"campsite","src":"overture:meta","name":"Four Winds Campgrounds","website":"https://www.clubfourwinds.com/","addr":"2350 Skinkers Neck Rd, Rappahannock Academy","elev_ft":112}},{"type":"Feature","geometry":{"type":"Point","coordinates":[-78.22966,38.957275]},"properties":{"kind":"campsite","src":"overture:Foursquare","name":"North Fork Resort","website":"http://www.nfra.com","addr":"301 N Fork Rd, Front Royal","elev_ft":584}},{"type":"Feature","geometry":{"type":"Point","coordinates":[-77.232773,38.972874]},"properties":{"kind":"campsite","src":"overture:meta","name":"Camp Greenway","website":"http://madeira.org","addr":"8328 Georgetown Pike, McLean","elev_ft":348}},{"type":"Feature","geometry":{"type":"Point","coordinates":[-77.854218,39.111107]},"properties":{"kind":"campsite","src":"overture:meta","name":"Bears Den","website":"http://www.bearsdencenter.org/","addr":"18393 Blue Ridge Mountain Rd, Bluemont","elev_ft":1342}},{"type":"Feature","geometry":{"type":"Point","coordinates":[-76.351524,36.713261]},"properties":{"kind":"campsite","src":"overture:meta","name":"Chesapeake Campground","website":"http://www.chesapeakecampgroundva.com/","addr":"693 George Washington Hwy S, Chesapeake","elev_ft":10}},{"type":"Feature","geometry":{"type":"Point","coordinates":[-76.558273,37.188377]},"properties":{"kind":"campsite","src":"overture:meta","name":"Newport News Parks Campsite Office","website":"http://www.virginiacampgrounds.org/search.php","addr":"13564 Jefferson Ave, Newport News","elev_ft":56}},{"type":"Feature","geometry":{"type":"Point","coordinates":[-78.484756,38.715839]},"properties":{"kind":"campsite","src":"overture:meta","name":"Rock Tavern River Kamp","website":"http://www.massanuttensprings.com/rock-tavern-river-kamp.html","addr":"1420 S Page Valley Rd, Luray","elev_ft":705}},{"type":"Feature","geometry":{"type":"Point","coordinates":[-79.086166,37.875099]},"properties":{"kind":"rv_park","src":"overture:meta","name":"4 Mile Rock Meadows","website":"https://www.hipcamp.com/en-US/land/virginia-4-mile-rock-meadow-dw9hnj29?adults=1&children=0","addr":"2986 Fork Mountain Ln, Montebello","elev_ft":3127}},{"type":"Feature","geometry":{"type":"Point","coordinates":[-80.797226,37.337109]},"properties":{"kind":"campsite","src":"overture:meta","name":"Riverview Campground","website":"http://www.virginia.org/Listings/PlacesToStay/RiverviewCampground","addr":"2779 Virginia Ave, Narrows","elev_ft":1526}},{"type":"Feature","geometry":{"type":"Point","coordinates":[-78.805984,38.559319]},"properties":{"kind":"campsite","src":"overture:meta","name":"Traveler's Meadow","website":"https://travelersmeadow.net/","addr":"6067 W Donnagail Dr, Penn Laird","elev_ft":1250}},{"type":"Feature","geometry":{"type":"Point","coordinates":[-78.661407,38.71376]},"properties":{"kind":"campsite","src":"overture:Foursquare","name":"shenandoah valley campground","website":"http://www.shenandoahfamilycampground.com","addr":"168 Industrial Park Rd, Mount Jackson","elev_ft":928}},{"type":"Feature","geometry":{"type":"Point","coordinates":[-76.587135,37.652012]},"properties":{"kind":"campsite","src":"overture:Foursquare","name":"Bethpage Camp-Resort","website":"https://rvonthego.com/virginia/bethpage-camp-resort/","addr":"679 Browns Ln, Urbanna","elev_ft":23}},{"type":"Feature","geometry":{"type":"Point","coordinates":[-78.927086,37.102058]},"properties":{"kind":"campsite","src":"overture:meta","name":"Hat Creek Camp","website":"http://hatcreekcamp.org/","addr":"7145 Hat Creek Rd, Brookneal","elev_ft":623}},{"type":"Feature","geometry":{"type":"Point","coordinates":[-77.467087,37.601021]},"properties":{"kind":"campsite","src":"overture:meta","name":"Crabtree Falls Campground","website":"http://www.CrabtreeFallsCampground.com/","addr":"11039 Crabtree Falls Hwy, Henrico","elev_ft":144}},{"type":"Feature","geometry":{"type":"Point","coordinates":[-81.081398,36.781868]},"properties":{"kind":"campsite","src":"overture:meta","name":"Iron Mountain Horse Camp","website":"http://www.ironmountainhorsecamp.com/","addr":"4449 Arrowhead Dr, Ivanhoe","elev_ft":2543}},{"type":"Feature","geometry":{"type":"Point","coordinates":[-79.468185,37.965603]},"properties":{"kind":"campsite","src":"overture:meta","name":"Goshen Scout Reservation","website":"http://www.gotogoshen.org/","addr":"340 Millard Burke Memorial Hwy, Goshen","elev_ft":1424}},{"type":"Feature","geometry":{"type":"Point","coordinates":[-79.903664,37.537926]},"properties":{"kind":"rv_park","src":"overture:meta","name":"Camp Eagle Virginia","website":"http://www.campeagleva.org/","addr":"411 Camp Eagle Rd, Fincastle","elev_ft":1155}},{"type":"Feature","geometry":{"type":"Point","coordinates":[-75.653923,37.930145]},"properties":{"kind":"campsite","src":"overture:meta","name":"Tall Pines / Chesapeake Bay KOA","website":"https://koa.com/campgrounds/tall-pines/?utm_source=facebook&utm_medium=social&utm_campaign=tph-facebook-page","addr":"8107 Tall Pines Ln, Temperanceville","elev_ft":-3}},{"type":"Feature","geometry":{"type":"Point","coordinates":[-77.191208,38.675991]},"properties":{"kind":"campsite","src":"overture:meta","name":"Camp Wilson","website":"https://www.novaparks.com/parks/pohick-bay-regional-park","addr":"6501 Pohick Bay Dr, Lorton","elev_ft":167}},{"type":"Feature","geometry":{"type":"Point","coordinates":[-79.923531,36.583267]},"properties":{"kind":"campsite","src":"overture:meta","name":"Camp Lee Ford","website":"http://www.anchor-services.org/","addr":"4248 Lee Ford Camp Rd, Ridgeway","elev_ft":919}},{"type":"Feature","geometry":{"type":"Point","coordinates":[-78.844154,38.128422]},"properties":{"kind":"campsite","src":"overture:meta","name":"Waynesboro North 340 Campground","website":"http://www.waynesboro340campground.com/","addr":"1125 East Side Hwy, Waynesboro","elev_ft":1309}},{"type":"Feature","geometry":{"type":"Point","coordinates":[-78.295197,38.764503]},"properties":{"kind":"campsite","src":"overture:Foursquare","name":"Mathews Arm Campground","website":"http://www.recreation.gov/camping/Mathews_Arm_Campground/r/campgroundSeasonDates.do?contractCode=NRSO&parkId=70851","addr":"Shenandoah NP, Rileyville","elev_ft":2861}},{"type":"Feature","geometry":{"type":"Point","coordinates":[-79.861076,36.639507]},"properties":{"kind":"rv_park","src":"overture:meta","name":"Vaughn's Martinsville Campground","addr":"3988 Greensboro Rd, Ridgeway","elev_ft":774}},{"type":"Feature","geometry":{"type":"Point","coordinates":[-78.718498,38.514347]},"properties":{"kind":"campsite","src":"overture:meta","name":"Camp Horizons","website":"http://camphorizonsva.com/","addr":"3586 Horizons Way, Harrisonburg","elev_ft":1362}},{"type":"Feature","geometry":{"type":"Point","coordinates":[-81.370331,37.291424]},"properties":{"kind":"rv_park","src":"overture:meta","name":"Trailhead ATV Resort","website":"http://www.trailheadatvresort.com","addr":"465 Miners Park Ln, Bluefield","elev_ft":2497}},{"type":"Feature","geometry":{"type":"Point","coordinates":[-76.011086,37.289227]},"properties":{"kind":"rv_park","src":"overture:meta","name":"Sun Outdoors Cape Charles","website":"https://www.sunoutdoors.com/virginia/sun-outdoors-cape-charles?utm_source=facebook&utm_medium=organic&utm_campaign=facebook_listing","addr":"1511 Townfield Dr, Cape Charles","elev_ft":13}},{"type":"Feature","geometry":{"type":"Point","coordinates":[-81.526253,36.881538]},"properties":{"kind":"campsite","src":"overture:meta","name":"Camp Burson Campground - Hungry Mother State Park","website":"http://www.virginia.org/Listings/PlacesToStay/CampBursonHungryMotherStatePark/","addr":"2854 Park Blvd, Marion","elev_ft":2300}},{"type":"Feature","geometry":{"type":"Point","coordinates":[-79.486732,37.612747]},"properties":{"kind":"rv_park","src":"overture:meta","name":"Jellystone Park Natural Bridge","website":"https://www.sunoutdoors.com/virginia/jellystone-park-natural-bridge?utm_source=facebook&utm_medium=organic&utm_campaign=facebook_listing","addr":"16 Recreation Ln, Natural Bridge Station","elev_ft":761}},{"type":"Feature","geometry":{"type":"Point","coordinates":[-78.595848,38.578602]},"properties":{"kind":"campsite","src":"overture:meta","name":"Riverside camping","website":"http://www.riversidecampingcanoeing.com","addr":"4298 US Hwy 340, Stanley","elev_ft":807}},{"type":"Feature","geometry":{"type":"Point","coordinates":[-77.477829,38.803951]},"properties":{"kind":"campsite","src":"overture:meta","name":"Bull Run Campground","addr":"7700 Bull Run Dr, Centreville","elev_ft":190}},{"type":"Feature","geometry":{"type":"Point","coordinates":[-76.76989,37.388302]},"properties":{"kind":"rv_park","src":"overture:meta","name":"Thousand Trails","website":"https://thousandtrails.com/virginia/williamsburg-rv-camping-resort","addr":"4301 Rochambeau Dr, Williamsburg","elev_ft":125}},{"type":"Feature","geometry":{"type":"Point","coordinates":[-80.619957,37.081478]},"properties":{"kind":"campsite","src":"overture:meta","name":"Covey's Family Campground @ Claytor Lake","addr":"5050 Covey Campground Rd, Dublin","elev_ft":1883}},{"type":"Feature","geometry":{"type":"Point","coordinates":[-76.983589,37.172089]},"properties":{"kind":"campsite","src":"overture:meta","name":"Skyanchor Campground","website":"http://skyanchororg.godaddysites.com/","addr":"8627 Colonial Trl W, Spring Grove","elev_ft":115}},{"type":"Feature","geometry":{"type":"Point","coordinates":[-76.28759,37.842876]},"properties":{"kind":"campsite","src":"overture:meta","name":"Buzzards Point Marina & Campground","website":"http://buzzard-point.com/","addr":"468 Buzzards Point Rd, Reedville","elev_ft":13}},{"type":"Feature","geometry":{"type":"Point","coordinates":[-78.548973,36.574989]},"properties":{"kind":"rv_park","src":"overture:meta","name":"Longwood Campground Kerr Lake","website":"https://www.recreation.gov/camping/longwood-park/r/campground...","addr":"13500 Highway Fifteen, Clarksville","elev_ft":325}},{"type":"Feature","geometry":{"type":"Point","coordinates":[-78.438011,38.70137]},"properties":{"kind":"campsite","src":"overture:meta","name":"Spacious Skies Campgrounds - Shenandoah Views","website":"https://spaciousskiescampgrounds.com/shenandoah-views/","addr":"3402 Kimball Rd, Luray","elev_ft":758}},{"type":"Feature","geometry":{"type":"Point","coordinates":[-77.476868,38.165512]},"properties":{"kind":"campsite","src":"overture:meta","name":"Fredericksburg / Washington DC South KOA","website":"https://koa.com/campgrounds/fredericksburg-washington-dc/","addr":"7400 Brookside Ln, Fredericksburg","elev_ft":177}},{"type":"Feature","geometry":{"type":"Point","coordinates":[-77.337112,37.802509]},"properties":{"kind":"campsite","src":"overture:meta","name":"Pamunkey Ridge Girl Scout Camp","website":"https://comgirlscouts.org","addr":"34009 Discovery Ln, Hanover","elev_ft":220}},{"type":"Feature","geometry":{"type":"Point","coordinates":[-79.804688,36.87962]},"properties":{"kind":"campsite","src":"overture:meta","name":"Timber Ridge Bible Camp","website":"http://camptimberridge.org/","addr":"759 Bear Ridge Rd, High View","elev_ft":1214}},{"type":"Feature","geometry":{"type":"Point","coordinates":[-82.523651,36.865658]},"properties":{"kind":"campsite","src":"overture:meta","name":"Bark Camp Lake","website":"http://www.fs.usda.gov/recarea/gwj/null/recarea/?recid=73559&actid=33","elev_ft":2762}},{"type":"Feature","geometry":{"type":"Point","coordinates":[-82.167969,37.245152]},"properties":{"kind":"campsite","src":"overture:meta","name":"Southern Gap Outdoor Adventure","website":"http://www.breakspark.com/southerngap","addr":"1124 Chipping Sparrow Rd, Grundy","elev_ft":2221}},{"type":"Feature","geometry":{"type":"Point","coordinates":[-81.693016,36.654419]},"properties":{"kind":"campsite","src":"overture:meta","name":"Bear Tree Gap Campground","website":"http://www.virginia.org/Listings/PlacesToStay/BeartreeCampground/","addr":"20993 Bear Tree Gap Rd, Damascus","elev_ft":3022}},{"type":"Feature","geometry":{"type":"Point","coordinates":[-80.871475,37.044003]},"properties":{"kind":"campsite","src":"overture:meta","name":"Gatewood Park Campground","website":"http://Gatewoodpark.com/","addr":"198 Campground Rd, Pulaski","elev_ft":1686}},{"type":"Feature","geometry":{"type":"Point","coordinates":[-79.856537,36.633678]},"properties":{"kind":"campsite","src":"overture:meta","name":"Lee's place","addr":"151 Brass Shop Rd, Ridgeway","elev_ft":764}},{"type":"Feature","geometry":{"type":"Point","coordinates":[-79.848557,36.634262]},"properties":{"kind":"campsite","src":"overture:meta","name":"Martinsville Speedway Campground","elev_ft":787}},{"type":"Feature","geometry":{"type":"Point","coordinates":[-79.169441,36.840866]},"properties":{"kind":"campsite","src":"overture:meta","name":"Elkhorn Lake & Campground","website":"http://www.goelkhorn.com/","addr":"2500 Elkhorn Rd, Java","elev_ft":581}},{"type":"Feature","geometry":{"type":"Point","coordinates":[-80.219032,37.601166]},"properties":{"kind":"campsite","src":"overture:meta","name":"Steel Bridge Campground","elev_ft":1752}},{"type":"Feature","geometry":{"type":"Point","coordinates":[-79.917458,37.313057]},"properties":{"kind":"rv_park","src":"overture:meta","name":"Roanoke","website":"http://www.roanokeva.gov/","elev_ft":1047}},{"type":"Feature","geometry":{"type":"Point","coordinates":[-78.420258,38.491314]},"properties":{"kind":"campsite","src":"overture:meta","name":"Rapidan Camp","website":"http://www.nps.gov/shen/learn/historyculture/rapidancamp.htm","elev_ft":2533}},{"type":"Feature","geometry":{"type":"Point","coordinates":[-78.309113,36.594276]},"properties":{"kind":"rv_park","src":"overture:meta","name":"John H. Kerr Reservoir (Buggs Island Lake), U.S. Army Corps of Engineers","website":"https://www.saw.usace.army.mil/Locations/District-Lakes-and-Dams/John-H-Kerr/","addr":"1930 Mays Chapel Rd, Boydton","elev_ft":312}},{"type":"Feature","geometry":{"type":"Point","coordinates":[-77.863586,37.675102]},"properties":{"kind":"campsite","src":"overture:meta","name":"Camp T. Brady Saunders, Scouting America","website":"http://bradysaunders.net/camp/index.html","addr":"1723 Maidens Rd, Maidens","elev_ft":240}},{"type":"Feature","geometry":{"type":"Point","coordinates":[-76.653175,36.727093]},"properties":{"kind":"campsite","src":"overture:meta","name":"YMCA Camp Arrowhead","website":"https://www.ymcashr.org/camps/ymca-camp-arrowhead","addr":"275 Kenyon Rd, Suffolk","elev_ft":72}},{"type":"Feature","geometry":{"type":"Point","coordinates":[-76.92469,37.436104]},"properties":{"kind":"rv_park","src":"overture:meta","name":"TooFine Lakehouse","website":"http://airbnb.com/h/toofine","addr":"3201 E Vaidens Pond Rd, Lanexa","elev_ft":62}},{"type":"Feature","geometry":{"type":"Point","coordinates":[-76.728539,37.306995]},"properties":{"kind":"campsite","src":"overture:meta","name":"Anvil Campground","website":"http://www.anvilcampground.com/","addr":"5243 Mooretown Rd, Williamsburg","elev_ft":108}},{"type":"Feature","geometry":{"type":"Point","coordinates":[-77.555733,38.15134]},"properties":{"kind":"campsite","src":"overture:meta","name":"Indian Acres Club of Thornburg","website":"www.indianacres.org","elev_ft":282}},{"type":"Feature","geometry":{"type":"Point","coordinates":[-77.450562,37.840904]},"properties":{"kind":"campsite","src":"overture:meta","name":"Kings Dominion - Camp Wilderness","website":"kingsdominion.com","addr":"16001 Theme Park Way, Doswell","elev_ft":164}},{"type":"Feature","geometry":{"type":"Point","coordinates":[-77.665947,38.828018]},"properties":{"kind":"campsite","src":"overture:meta","name":"Michael\u2019s Woodshop at Camp Snyder","website":"https://www.gotosnyder.org/rentals/michaels-wood-shop/","elev_ft":413}},{"type":"Feature","geometry":{"type":"Point","coordinates":[-77.686737,39.034073]},"properties":{"kind":"campsite","src":"overture:meta","name":"Camp Highroad","website":"https://camphighroad.campbrainregistration.com/","addr":"21164 Steptoe Hill Rd, Middleburg","elev_ft":440}},{"type":"Feature","geometry":{"type":"Point","coordinates":[-76.535202,37.536118]},"properties":{"kind":"campsite","src":"overture:meta","name":"Thousand Trails Chesapeake Bay","website":"https://thousandtrails.com/virginia/chesapeake-bay-rv-resort/?utm_source=yext&utm_medium=directory&utm_campaign=Yext+Directory+Listing","addr":"12014 Trails Ln, Gloucester","elev_ft":89}},{"type":"Feature","geometry":{"type":"Point","coordinates":[-76.008232,36.557182]},"properties":{"kind":"campsite","src":"overture:meta","name":"North Landing Beach RV Resort & Cottages","website":"http://www.northlandingbeach.com/","addr":"161 Princess Anne Rd, Virginia Beach","elev_ft":30}},{"type":"Feature","geometry":{"type":"Point","coordinates":[-75.996155,36.804676]},"properties":{"kind":"campsite","src":"overture:meta","name":"Holiday Trav-L Park","website":"http://www.campingvb.com","addr":"1075 General Booth Blvd, Virginia Beach","elev_ft":16}},{"type":"Feature","geometry":{"type":"Point","coordinates":[-75.457687,37.957474]},"properties":{"kind":"campsite","src":"overture:meta","name":"Chincoteague Bay Trails End Assoc","website":"http://trailsendassoc.com","addr":"240 Trails End Dr, Horntown","elev_ft":49}},{"type":"Feature","geometry":{"type":"Point","coordinates":[-80.713585,36.833366]},"properties":{"kind":"rv_park","src":"overture:meta","name":"Lake Ridge RV Resort","website":"http://www.lakeridgervresort.com/","addr":"8736 Double Cabin Rd, Hillsville","elev_ft":2513}},{"type":"Feature","geometry":{"type":"Point","coordinates":[-76.276276,37.344849]},"properties":{"kind":"rv_park","src":"overture:meta","name":"Sun Retreats New Point","website":"https://www.sunoutdoors.com/virginia/sun-retreats-new-point?utm_source=facebook&utm_medium=organic&utm_campaign=facebook_listing","addr":"846 Sand Bank Rd, New Point","elev_ft":20}},{"type":"Feature","geometry":{"type":"Point","coordinates":[-78.538033,37.775845]},"properties":{"kind":"campsite","src":"overture:meta","name":"Watermarks Camp","website":"http://www.watermarkscamp.com","addr":"1145 James River Rd, Scottsville","elev_ft":407}},{"type":"Feature","geometry":{"type":"Point","coordinates":[-80.051605,36.803196]},"properties":{"kind":"campsite","src":"overture:meta","name":"Goose Point Beach","website":"https://www.recreation.gov/camping/goose-point/r/campgroundDetails.do?contractCode=NRSO&parkId=73500","addr":"Goose Point Rd, Bassett","elev_ft":994}},{"type":"Feature","geometry":{"type":"Point","coordinates":[-78.252594,38.498539]},"properties":{"kind":"campsite","src":"overture:meta","name":"Whippoorwill Manor Farm","website":"https://www.vrbo.com/288123","addr":"1827 Whippoorwill Rd, Madison","elev_ft":761}},{"type":"Feature","geometry":{"type":"Point","coordinates":[-76.006149,36.557343]},"properties":{"kind":"campsite","src":"overture:Microsoft","name":"North Landing Beach Campground & RV Resort","website":"http://www.northlandingbeach.com/","addr":"161 Princess Anne Rd, Virginia Beach","elev_ft":10}},{"type":"Feature","geometry":{"type":"Point","coordinates":[-80.853851,36.883911]},"properties":{"kind":"campsite","src":"overture:meta","name":"Cliffview Campground","website":"http://www.dcr.virginia.gov/state_parks/new.shtml","addr":"176 Orphanage Dr, Max Meadows","elev_ft":1975}},{"type":"Feature","geometry":{"type":"Point","coordinates":[-82.409668,37.150047]},"properties":{"kind":"campsite","src":"overture:meta","name":"Cranesnest Campground","website":"www.recreation.gov/camping/cranesnest-campground-va/r/campground...","addr":"Cranesnest River Campground Rd, Dickenson County","elev_ft":1453}},{"type":"Feature","geometry":{"type":"Point","coordinates":[-78.566322,37.932076]},"properties":{"kind":"campsite","src":"overture:meta","name":"Charlottesville KOA Holiday","website":"https://koa.com/campgrounds/charlottesville/","addr":"3825 Red Hill Rd, Charlottesville","elev_ft":548}},{"type":"Feature","geometry":{"type":"Point","coordinates":[-77.551422,39.229191]},"properties":{"kind":"campsite","src":"overture:meta","name":"Furnace Mountain Camp","website":"https://furnacemountaincamp.org/","addr":"13951 Freedom Center Ln, Leesburg","elev_ft":456}},{"type":"Feature","geometry":{"type":"Point","coordinates":[-78.372093,38.663254]},"properties":{"kind":"campsite","src":"overture:meta","name":"Loft Mountain Campground","website":"http://www.recreation.gov/camping/Loft_Mountain_Campground/r/campgroundDetails.do?contractCode=NRSO&parkId=70852","addr":"3655 Lee Hwy, Luray","elev_ft":1135}},{"type":"Feature","geometry":{"type":"Point","coordinates":[-75.407158,37.904572]},"properties":{"kind":"rv_park","src":"overture:meta","name":"Chincoteague Bay RV Resort & Cottages","website":"https://chincoteaguebayrvresort.com/?utm_source=facebook&utm_medium=social&utm_campaign=ctb-facebook-page","addr":"2305 Main St, Chincoteague","elev_ft":3}},{"type":"Feature","geometry":{"type":"Point","coordinates":[-79.123817,37.98872]},"properties":{"kind":"campsite","src":"overture:meta","name":"Stoney Creek Resort and Campground","website":"http://www.stoneycreekresort.net/","addr":"277 Lake Dr, Greenville","elev_ft":1647}},{"type":"Feature","geometry":{"type":"Point","coordinates":[-79.212288,37.177437]},"properties":{"kind":"campsite","src":"overture:meta","name":"The Masters Inn","website":"http://www.themastersinn.com/","addr":"445 Mitchell Springs Dr, Altavista","elev_ft":797}},{"type":"Feature","geometry":{"type":"Point","coordinates":[-81.021416,36.777912]},"properties":{"kind":"campsite","src":"overture:meta","name":"Hungry Horse East","website":"http://www.hungryhorseeast.com","addr":"2255 Brush Creek Rd, Ivanhoe","elev_ft":2369}},{"type":"Feature","geometry":{"type":"Point","coordinates":[-76.992546,37.170609]},"properties":{"kind":"campsite","src":"overture:meta","name":"Camp Idlewild","website":"http://www.campidlewild.org/","addr":"71 Idlewild Ln, Spring Grove","elev_ft":95}},{"type":"Feature","geometry":{"type":"Point","coordinates":[-80.913803,36.948959]},"properties":{"kind":"campsite","src":"overture:Foursquare","name":"Pioneer Village Campground","website":"http://pioneervillagecampground.com","addr":"3627 East Lee Highway, Max Meadows","elev_ft":2014}},{"type":"Feature","geometry":{"type":"Point","coordinates":[-82.03318,36.785011]},"properties":{"kind":"campsite","src":"overture:meta","name":"Riverside Campground","website":"http://riversidecampground.org","addr":"18496 N Fork River Rd, Abingdon","elev_ft":1529}},{"type":"Feature","geometry":{"type":"Point","coordinates":[-79.588188,37.142082]},"properties":{"kind":"rv_park","src":"overture:meta","name":"Sweet Water RV Park","website":"https://www.sweetwaterrvpark.com","addr":"4474 White House Rd, Moneta","elev_ft":919}},{"type":"Feature","geometry":{"type":"Point","coordinates":[-79.026306,37.996616]},"properties":{"kind":"campsite","src":"overture:meta","name":"Shenandoah Acres Campground","website":"http://en.wikipedia.org/wiki/Shenandoah_Acres","addr":"348 Lake Rd, Stuarts Draft","elev_ft":1558}},{"type":"Feature","geometry":{"type":"Point","coordinates":[-79.804306,37.848785]},"properties":{"kind":"campsite","src":"overture:meta","name":"Buckhorne Country Store and Campground","website":"http://www.Buckhorne.com/","addr":"3508 Douthat Rd, Clifton Forge","elev_ft":1152}},{"type":"Feature","geometry":{"type":"Point","coordinates":[-78.090721,38.01997]},"properties":{"kind":"campsite","src":"overture:meta","name":"Small Country Campground","website":"http://Smallcountry.com/","addr":"4400 Byrd Mill Rd, Louisa","elev_ft":479}},{"type":"Feature","geometry":{"type":"Point","coordinates":[-78.513504,38.753174]},"properties":{"kind":"rv_park","src":"overture:meta","name":"Fort Valley Ranch & Campground","website":"http://www.fortvalleyranch.com/","addr":"299 S Fort Valley Rd, Fort Valley","elev_ft":1204}},{"type":"Feature","geometry":{"type":"Point","coordinates":[-82.789436,36.859909]},"properties":{"kind":"rv_park","src":"overture:meta","name":"Jessie Lea RV Park & Campground","website":"http://Jessielearv.com/","addr":"900 Wood Ave W, Big Stone Gap","elev_ft":1467}},{"type":"Feature","geometry":{"type":"Point","coordinates":[-77.207649,37.606808]},"properties":{"kind":"campsite","src":"overture:meta","name":"Camp Hanover","website":"http://www.CampHanover.org/","addr":"3163 Parsleys Mill Rd, Hanover County","elev_ft":144}},{"type":"Feature","geometry":{"type":"Point","coordinates":[-81.154129,36.571693]},"properties":{"kind":"campsite","src":"overture:meta","name":"New River Campground and Canoe","website":"http://www.canoeingthenew.com","addr":"3745 New River Pkwy, Independence","elev_ft":2326}},{"type":"Feature","geometry":{"type":"Point","coordinates":[-76.274323,37.49094]},"properties":{"kind":"rv_park","src":"overture:meta","name":"Sun Retreats Gwynn's Island","website":"https://www.sunoutdoors.com/virginia/sun-retreats-gwynns-island","addr":"551 Buckschase Rd, Gwynn","elev_ft":39}},{"type":"Feature","geometry":{"type":"Point","coordinates":[-76.607231,36.702599]},"properties":{"kind":"campsite","src":"overture:meta","name":"Davis Lakes and Campgrounds","website":"http://www.davislakescampground.net","addr":"200 Byrd St, Suffolk","elev_ft":75}},{"type":"Feature","geometry":{"type":"Point","coordinates":[-76.250854,37.883095]},"properties":{"kind":"campsite","src":"overture:meta","name":"Little River Campground","website":"http://littlerivercampgroundllc.com/","addr":"925 Smith Point Rd, Reedville","elev_ft":13}},{"type":"Feature","geometry":{"type":"Point","coordinates":[-76.004822,36.92149]},"properties":{"kind":"campsite","src":"overture:meta","name":"Fort Story Campground","website":"http://militarycampgrounds.us/virginia/cape-henry-rv-park","addr":"601 Atlantic Ave, Virginia Beach","elev_ft":49}},{"type":"Feature","geometry":{"type":"Point","coordinates":[-81.199303,36.681808]},"properties":{"kind":"campsite","src":"overture:meta","name":"Big Ridge Campground","addr":"300 Big Ridge Rd, Independence","elev_ft":3215}},{"type":"Feature","geometry":{"type":"Point","coordinates":[-78.56369,38.820103]},"properties":{"kind":"campsite","src":"overture:meta","name":"Creekside Campground","website":"https://www.creeksidecampgroundva.com/","addr":"108 Palmyra Rd, Edinburg","elev_ft":817}},{"type":"Feature","geometry":{"type":"Point","coordinates":[-76.526978,37.54454]},"properties":{"kind":"rv_park","src":"overture:meta","name":"Chesapeake Bay RV Resort","website":"http://www.rvonthego.com/virginia/chesapeake-bay-rv-resort/","addr":"12014 Trails Ln, Gloucester","elev_ft":46}},{"type":"Feature","geometry":{"type":"Point","coordinates":[-79.043922,37.209381]},"properties":{"kind":"rv_park","src":"overture:meta","name":"Thousand Trails Lynchburg","website":"https://thousandtrails.com/virginia/lynchburg-rv-resort/?utm_source=yext&utm_medium=directory&utm_campaign=Yext+Directory+Listing","addr":"405 Mollies Creek Rd, Gladys","elev_ft":732}},{"type":"Feature","geometry":{"type":"Point","coordinates":[-78.195587,38.944748]},"properties":{"kind":"campsite","src":"overture:meta","name":"Poe's Southfork Rv Park","website":"http://poesouthforkcampground.com/index.html","addr":"203 Riverside Dr, Front Royal","elev_ft":495}},{"type":"Feature","geometry":{"type":"Point","coordinates":[-78.499001,38.684994]},"properties":{"kind":"campsite","src":"overture:Microsoft","name":"Lazy River Cabins","addr":"804 Riverview Dr, Luray","elev_ft":814}},{"type":"Feature","geometry":{"type":"Point","coordinates":[-80.917992,36.703125]},"properties":{"kind":"campsite","src":"overture:Foursquare","name":"Chestnut Creek Cabins","website":"http://www.chestnutcreekcabins.com","addr":"1000 Revere Rd, Galax","elev_ft":2388}},{"type":"Feature","geometry":{"type":"Point","coordinates":[-81.074791,36.840519]},"properties":{"kind":"campsite","src":"overture:meta","name":"Raven Cliff campground","addr":"1017 Gleaves Rd, Ivanhoe","elev_ft":2205}},{"type":"Feature","geometry":{"type":"Point","coordinates":[-76.745094,37.349098]},"properties":{"kind":"campsite","src":"overture:Foursquare","name":"Williamsburg Pottery Campground","website":"http://www.williamsburgcampark.com","addr":"901 Lightfoot Rd, Williamsburg","elev_ft":128}},{"type":"Feature","geometry":{"type":"Point","coordinates":[-79.912666,37.365932]},"properties":{"kind":"rv_park","src":"overture:meta","name":"Economy Overnight Park","addr":"1180 Lee Hwy, Roanoke","elev_ft":1145}},{"type":"Feature","geometry":{"type":"Point","coordinates":[-77.447311,37.709961]},"properties":{"kind":"campsite","src":"overture:meta","name":"Americamps RV Resort & Cottages","website":"http://americamps.com/","addr":"11322 Air Park Rd, Ashland","elev_ft":230}},{"type":"Feature","geometry":{"type":"Point","coordinates":[-80.973518,36.71685]},"properties":{"kind":"rv_park","src":"overture:meta","name":"Fries New River RV Park","website":"http://friesrvpark.com/","addr":"100 Dalton Rd, Fries","elev_ft":2244}},{"type":"Feature","geometry":{"type":"Point","coordinates":[-76.936539,37.4072]},"properties":{"kind":"campsite","src":"overture:meta","name":"Rockahock Campground","website":"https://www.rockahockcampground.com/","addr":"1428 Outpost Rd, Lanexa","elev_ft":7}},{"type":"Feature","geometry":{"type":"Point","coordinates":[-80.038742,36.81356]},"properties":{"kind":"campsite","src":"overture:meta","name":"Salthouse Branch Park","website":"http://www.recreation.gov/camping/salthouse-branch/r/campgroundDetails.do?contractCode=NRSO&parkId=73384","addr":"630 Salthouse Branch Rd, Henry","elev_ft":1063}},{"type":"Feature","geometry":{"type":"Point","coordinates":[-79.005257,38.222816]},"properties":{"kind":"campsite","src":"overture:meta","name":"Shenandoah Valley Campground","website":"http://www.campingisfun.com","addr":"467 Bald Rock Rd, Verona","elev_ft":1476}},{"type":"Feature","geometry":{"type":"Point","coordinates":[-78.071632,36.562141]},"properties":{"kind":"campsite","src":"overture:meta","name":"Lake Gaston Americamps","website":"http://lakegastonamericamps.com/","addr":"9 Lakeside Ln, Bracey","elev_ft":243}},{"type":"Feature","geometry":{"type":"Point","coordinates":[-79.50882,37.679592]},"properties":{"kind":"campsite","src":"overture:meta","name":"Natural Bridge","website":"https://koa.com/campgrounds/natural-bridge/","addr":"214 Killdeer Ln, Natural Bridge","elev_ft":1325}},{"type":"Feature","geometry":{"type":"Point","coordinates":[-77.610191,38.87867]},"properties":{"kind":"campsite","src":"overture:meta","name":"Greenville Farm Family Campground","website":"http://www.greenvillecampground.com/","addr":"14004 Shelter Ln, Haymarket","elev_ft":358}},{"type":"Feature","geometry":{"type":"Point","coordinates":[-78.555382,37.758942]},"properties":{"kind":"campsite","src":"overture:meta","name":"Warren Ferry Landing","website":"https://www.hipcamp.com/en-US/discover/virginia/warren-ferry-landing-cabin","addr":"TBD Warren Ferry Road, Scottsville","elev_ft":397}},{"type":"Feature","geometry":{"type":"Point","coordinates":[-80.625465,37.066803]},"properties":{"kind":"campsite","src":"overture:meta","name":"Little Sunbeam Campground","website":"www.rvparkstore.com/rv-parks/99517-little-sunbeam-campground-inc...","elev_ft":1873}},{"type":"Feature","geometry":{"type":"Point","coordinates":[-77.37989,37.072853]},"properties":{"kind":"campsite","src":"overture:meta","name":"Camp Kehukee","website":"http://www.petersburgbaptist.org","addr":"17414 Shands Rd, Petersburg","elev_ft":141}},{"type":"Feature","geometry":{"type":"Point","coordinates":[-79.392242,37.940357]},"properties":{"kind":"campsite","src":"overture:meta","name":"Camp Maxwelton-Camp Lachlan","website":"https://59398-camp-lachlan-apparel-store-2025.itemorder.com/shop/home/","addr":"1629 Walkers Creek Rd, Rockbridge Baths","elev_ft":1329}},{"type":"Feature","geometry":{"type":"Point","coordinates":[-81.985443,36.82457]},"properties":{"kind":"campsite","src":"overture:meta","name":"Brumley Cove Baptist Camp","website":"https://www.louisianaenergyequipment.com","addr":"21551 Brumley Gap Rd, Abingdon","elev_ft":1890}},{"type":"Feature","geometry":{"type":"Point","coordinates":[-79.007187,37.921886]},"properties":{"kind":"campsite","src":"overture:meta","name":"Sherando Lake Campground","website":"https://www.recreation.gov/camping/sherando-lake-recreation-area...","elev_ft":1939}},{"type":"Feature","geometry":{"type":"Point","coordinates":[-78.368561,38.796108]},"properties":{"kind":"campsite","src":"overture:meta","name":"River Run Campground","website":"http://riverruncampgroundllc.com/","addr":"741 Carvell Rd, Rileyville","elev_ft":748}},{"type":"Feature","geometry":{"type":"Point","coordinates":[-78.280388,36.578499]},"properties":{"kind":"campsite","src":"overture:meta","name":"Marten's Campground","addr":"451 Sunset Blvd, Boydton","elev_ft":335}},{"type":"Feature","geometry":{"type":"Point","coordinates":[-77.337837,38.019493]},"properties":{"kind":"campsite","src":"overture:meta","name":"Hidden Acres Family Campground","website":"http://www.hiddenacresva.com/Home/Location.aspx","addr":"17391 Richmond Tpke, Milford","elev_ft":217}},{"type":"Feature","geometry":{"type":"Point","coordinates":[-78.25013,38.869545]},"properties":{"kind":"campsite","src":"overture:meta","name":"Gooney Creek Campgrounds","website":"http://Www.gooneycreekcampground.com/","addr":"7122 Stonewall Jackson Hwy, Front Royal","elev_ft":538}},{"type":"Feature","geometry":{"type":"Point","coordinates":[-79.566162,37.194279]},"properties":{"kind":"campsite","src":"overture:meta","name":"Camp Karma","website":"http://www.campkarmavirginia.com/","addr":"2056 Stone Mountain Rd, Bedford","elev_ft":738}},{"type":"Feature","geometry":{"type":"Point","coordinates":[-79.480904,37.61657]},"properties":{"kind":"campsite","src":"overture:Foursquare","name":"Wilderness  Camp Ground","website":"http://www.wildernesscanoecompany.com","addr":"631 James River Rd, Natural Bridge Station","elev_ft":722}},{"type":"Feature","geometry":{"type":"Point","coordinates":[-80.696938,36.665482]},"properties":{"kind":"campsite","src":"overture:meta","name":"Fancy Gap / Blue Ridge Parkway KOA Journey","website":"https://koa.com/campgrounds/fancy-gap/","addr":"47 Fox Trail Loop, Fancy Gap","elev_ft":2900}},{"type":"Feature","geometry":{"type":"Point","coordinates":[-81.005112,36.932236]},"properties":{"kind":"campsite","src":"overture:meta","name":"Wytheville KOA Holiday","website":"https://koa.com/campgrounds/wytheville/","addr":"231 Koa Rd, Wytheville","elev_ft":2369}},{"type":"Feature","geometry":{"type":"Point","coordinates":[-79.325706,37.573547]},"properties":{"kind":"campsite","src":"overture:Microsoft","name":"Lynchburg / Blue Ridge Parkway KOA Holiday","website":"https://koa.com/campgrounds/lynchburg/","addr":"6252 Elon Rd, Monroe","elev_ft":1017}},{"type":"Feature","geometry":{"type":"Point","coordinates":[-78.704636,38.533875]},"properties":{"kind":"campsite","src":"overture:Foursquare","name":"Harrisonburg / Shenandoah Valley KOA","website":"https://koa.com/campgrounds/harrisonburg/","addr":"12480 Mountain Valley Rd, Broadway","elev_ft":1257}},{"type":"Feature","geometry":{"type":"Point","coordinates":[-79.952782,36.734276]},"properties":{"kind":"rv_park","src":"overture:meta","name":"Smith River RV Park","website":"http://smithriverrv.com/","addr":"319 T B Stanley Hwy, Bassett","elev_ft":732}},{"type":"Feature","geometry":{"type":"Point","coordinates":[-79.469627,37.967258]},"properties":{"kind":"rv_park","src":"overture:meta","name":"Goshen Camp Post - COPE and Climbing","website":"http://www.ncacbsa.org/council-committees/outdoor-adventuring/climbing-and-cope/","addr":"340 Millard Burke Memorial Hwy, Goshen","elev_ft":1430}},{"type":"Feature","geometry":{"type":"Point","coordinates":[-76.277611,36.598934]},"properties":{"kind":"campsite","src":"overture:meta","name":"Triple R Ranch","website":"http://www.triplerranch.org/","addr":"3531 Bunch Walnuts Rd, Chesapeake","elev_ft":26}},{"type":"Feature","geometry":{"type":"Point","coordinates":[-76.991196,38.177898]},"properties":{"kind":"campsite","src":"overture:Microsoft","name":"Oak Grove Campground, Colonial Beach, VA","website":"http://oakgrove.online/","addr":"3330 Kings Highway, Oak Grove","elev_ft":92}},{"type":"Feature","geometry":{"type":"Point","coordinates":[-77.151413,38.679256]},"properties":{"kind":"campsite","src":"overture:meta","name":"Fort Belvoir Travel Camp","website":"https://belvoir.armymwr.com/programs/recreational-lodging-travel-camp","addr":"6100 Johnston Rd, Fort Belvoir","elev_ft":52}},{"type":"Feature","geometry":{"type":"Point","coordinates":[-77.005516,38.111115]},"properties":{"kind":"campsite","src":"overture:meta","name":"Leedstown Campground","website":"https://www.camping.org/campgrounds/virginia/colonial-beach/harbor-view-rv-camping-resort","addr":"2195 Leedstown Rd, Colonial Beach","elev_ft":20}},{"type":"Feature","geometry":{"type":"Point","coordinates":[-78.139343,36.578312]},"properties":{"kind":"campsite","src":"overture:meta","name":"River Ridge Campground Lake Gaston Va","website":"www.riverridgebracey.com","elev_ft":315}},{"type":"Feature","geometry":{"type":"Point","coordinates":[-79.801437,37.896179]},"properties":{"kind":"campsite","src":"overture:meta","name":"Douthat State Park","website":"http://www.dcr.virginia.gov/state-parks/douthat","addr":"14239 Douthat State Park Rd, Millboro","elev_ft":1404}},{"type":"Feature","geometry":{"type":"Point","coordinates":[-79.534584,37.575703]},"properties":{"kind":"campsite","src":"overture:meta","name":"Cave Mountain Lake Campground","website":"http://www.recreation.gov/camping/cave-mountain-lake-family-camp/r/campgroundDetails.do?contractCode=NRSO&parkId=72768","addr":"811 Cave Mountain Lake Rd, Natural Bridge Station","elev_ft":1230}},{"type":"Feature","geometry":{"type":"Point","coordinates":[-78.937042,37.338242]},"properties":{"kind":"campsite","src":"overture:meta","name":"Paradise Lake Family Campground","website":"http://WWW.Paradise-Lake.com/","addr":"1105 West Lake Rd, Spout Spring","elev_ft":774}},{"type":"Feature","geometry":{"type":"Point","coordinates":[-77.609314,39.276993]},"properties":{"kind":"rv_park","src":"overture:meta","name":"Camp Loudoun","website":"https://www.hipcamp.com/virginia/josh-s-s-land-2/camp-loudoun","addr":"40371 Quarter Branch Rd, Lovettsville","elev_ft":489}},{"type":"Feature","geometry":{"type":"Point","coordinates":[-75.386772,37.91119]},"properties":{"kind":"rv_park","src":"overture:meta","name":"Tom's Cove Park","website":"https://tomscovepark.com/","addr":"8128 Beebe Rd, Chincoteague","elev_ft":10}},{"type":"Feature","geometry":{"type":"Point","coordinates":[-77.367378,37.214333]},"properties":{"kind":"rv_park","src":"overture:meta","name":"Spring Gardens","website":"http://springgardens.placeweb.site","addr":"2178 County Dr, Petersburg","elev_ft":141}},{"type":"Feature","geometry":{"type":"Point","coordinates":[-75.980186,36.714813]},"properties":{"kind":"campsite","src":"overture:meta","name":"North Bay Shore Campground","website":"https://www.campspot.com/book/northbayshorecampground","addr":"3257 Colechester Rd, Virginia Beach","elev_ft":30}},{"type":"Feature","geometry":{"type":"Point","coordinates":[-80.056259,36.803837]},"properties":{"kind":"campsite","src":"overture:meta","name":"Goose Point Campground","website":"http://www.recreation.gov/camping/Goose_Point/r/campgroundBookingWindow.do?contractCode=NRSO&parkId=73500","addr":"4870 Goose Point Rd, Bassett","elev_ft":1070}},{"type":"Feature","geometry":{"type":"Point","coordinates":[-81.6203,36.591824]},"properties":{"kind":"campsite","src":"overture:meta","name":"Creeper Trail Campground","website":"http://www.creepertrailcampground.com","addr":"2248 Whitetop Gap Rd, Whitetop","elev_ft":3550}},{"type":"Feature","geometry":{"type":"Point","coordinates":[-78.668343,36.699169]},"properties":{"kind":"campsite","src":"overture:meta","name":"Staunton River State Park","website":"http://www.dcr.virginia.gov/state-parks/staunton-river","addr":"1170 Staunton Trl, Scottsburg","elev_ft":394}},{"type":"Feature","geometry":{"type":"Point","coordinates":[-77.977676,39.036308]},"properties":{"kind":"campsite","src":"overture:meta","name":"Mountain Lake Campground","website":"http://mountainlakecampground.com","addr":"127 Mountain Lake Ln, Boyce","elev_ft":686}},{"type":"Feature","geometry":{"type":"Point","coordinates":[-78.442276,36.65749]},"properties":{"kind":"campsite","src":"overture:meta","name":"Rudds Creek Campground","website":"http://www.saw.usace.army.mil/Portals/59/docs/recreation/johnhkerrlake/Rudds.pdf","addr":"16064 Highway Fifty Eight, Boydton","elev_ft":341}},{"type":"Feature","geometry":{"type":"Point","coordinates":[-77.26619,37.988979]},"properties":{"kind":"campsite","src":"overture:Foursquare","name":"R&D Family Campground","website":"http://rdfamilycampground.homestead.com","addr":"22085 Sparta Rd, Milford","elev_ft":194}},{"type":"Feature","geometry":{"type":"Point","coordinates":[-83.152306,36.621433]},"properties":{"kind":"campsite","src":"overture:meta","name":"Covenant Mountain Mission Bible Camp","website":"http://www.cmmbc.org/","addr":"2390 Horse Hollow Rd, Jonesville","elev_ft":1578}},{"type":"Feature","geometry":{"type":"Point","coordinates":[-83.029747,36.769657]},"properties":{"kind":"rv_park","src":"overture:meta","name":"Leeman Field RV Park and Campgrounds","website":"https://www.townofpenningtonva.gov/parks-recreation/page/leeman-field-rv-park-and-campground-information","addr":"335 Fairground Rd, Pennington Gap","elev_ft":1358}},{"type":"Feature","geometry":{"type":"Point","coordinates":[-82.856972,36.60577]},"properties":{"kind":"campsite","src":"overture:meta","name":"Clinch River Family Campground","website":"http://campclinch.com/","addr":"7237 Anglers Way Rd, Duffield","elev_ft":1247}},{"type":"Feature","geometry":{"type":"Point","coordinates":[-82.735512,36.759445]},"properties":{"kind":"campsite","src":"overture:meta","name":"High Rock Bible Camp","website":"http://highrockbiblecamp.org/","addr":"2710 Mabe Stanleytown Rd, Duffield","elev_ft":1621}},{"type":"Feature","geometry":{"type":"Point","coordinates":[-82.729759,36.681969]},"properties":{"kind":"rv_park","src":"overture:meta","name":"Squatchy Adventures RV Campground","website":"https://www.squatchyadventures.com/","addr":"1750 Clinch River Hwy, Duffield","elev_ft":1243}},{"type":"Feature","geometry":{"type":"Point","coordinates":[-82.59745,36.791862]},"properties":{"kind":"campsite","src":"overture:meta","name":"Camp Fort Blackmore UMC","website":"https://campfortblackmore.com/","addr":"464 Methodist Camp Ln, Fort Blackmore","elev_ft":1568}},{"type":"Feature","geometry":{"type":"Point","coordinates":[-82.618401,36.822151]},"properties":{"kind":"campsite","src":"overture:meta","name":"Devils Fork Campground","website":"http://devilsforkcampground.com/","addr":"323 Greens Chapel Ln, Dungannon","elev_ft":1578}},{"type":"Feature","geometry":{"type":"Point","coordinates":[-82.57196,36.993969]},"properties":{"kind":"campsite","src":"overture:meta","name":"Camp Bethel Ministries & The Outpost in Wise","website":"http://www.campbethel.com/","addr":"9050 Camp Bethel Rd, Wise","elev_ft":2497}},{"type":"Feature","geometry":{"type":"Point","coordinates":[-82.55027,37.18243]},"properties":{"kind":"campsite","src":"overture:meta","name":"Camp Jacob","website":"http://www.campjacob.com/","addr":"2723 Camp Jacob Rd, Clintwood","elev_ft":1742}},{"type":"Feature","geometry":{"type":"Point","coordinates":[-82.378723,37.235294]},"properties":{"kind":"campsite","src":"overture:meta","name":"Lower Twin Campground","addr":"547 Corps Lower Twins Ln, Haysi","elev_ft":1568}},{"type":"Feature","geometry":{"type":"Point","coordinates":[-82.308617,37.220314]},"properties":{"kind":"campsite","src":"overture:meta","name":"Thunder River Campground","website":"https://www.thunderrivercg.com/","addr":"1558 Splashdam Rd, Haysi","elev_ft":1253}},{"type":"Feature","geometry":{"type":"Point","coordinates":[-82.332565,36.934231]},"properties":{"kind":"campsite","src":"overture:meta","name":"Hippie Trails Campground","website":"https://hippietrailscampground.com/","addr":"4111 Russell Creek Rd, St Paul","elev_ft":1834}},{"type":"Feature","geometry":{"type":"Point","coordinates":[-82.147308,36.622948]},"properties":{"kind":"campsite","src":"overture:meta","name":"YMCA of Bristol Camp Adventure","website":"http://www.bristolymca.net/","addr":"527 Spring Lake Rd, Bristol","elev_ft":1775}},{"type":"Feature","geometry":{"type":"Point","coordinates":[-82.016464,36.601906]},"properties":{"kind":"campsite","src":"overture:meta","name":"Lake Shore Campgrounds","website":"http://home.naxs.com/lakeshore/page1.htm","addr":"19417 County Park Rd, Abingdon","elev_ft":1742}},{"type":"Feature","geometry":{"type":"Point","coordinates":[-82.02359,36.605644]},"properties":{"kind":"campsite","src":"overture:meta","name":"Wolf Lair Campground","website":"http://Wolflaircampground.com/","addr":"19091 County Park Rd, Abingdon","elev_ft":1903}},{"type":"Feature","geometry":{"type":"Point","coordinates":[-81.923943,36.643227]},"properties":{"kind":"campsite","src":"overture:meta","name":"Callebs Cove Camp Ground","website":"http://www.callebscovecampground.com","addr":"25136 Whitaker Hollow Rd, Abingdon","elev_ft":1775}},{"type":"Feature","geometry":{"type":"Point","coordinates":[-81.969948,36.713314]},"properties":{"kind":"campsite","src":"overture:Foursquare","name":"Callebs Cove Campground","website":"http://www.callebscove.com","addr":"138 Court St NE, Abingdon","elev_ft":2087}},{"type":"Feature","geometry":{"type":"Point","coordinates":[-81.953339,36.861607]},"properties":{"kind":"campsite","src":"overture:Foursquare","name":"Raven Ridge Camp Ground and B & B","website":"http://www.ravenridgecampground.com","addr":"21705 Ravens Rdg, Saltville","elev_ft":3064}},{"type":"Feature","geometry":{"type":"Point","coordinates":[-81.665871,37.072029]},"properties":{"kind":"campsite","src":"overture:meta","name":"Camp Evangel","website":"http://www.campevangel.org/","addr":"105 Camp Evangel Rd, Pounding Mill","elev_ft":2795}},{"type":"Feature","geometry":{"type":"Point","coordinates":[-81.840698,36.881573]},"properties":{"kind":"campsite","src":"overture:meta","name":"Rainbow Campground","website":"http://rainbowcampground.net/","addr":"4372 Tumbling Creek Rd, Saltville","elev_ft":1821}},{"type":"Feature","geometry":{"type":"Point","coordinates":[-81.784943,36.633389]},"properties":{"kind":"rv_park","src":"overture:meta","name":"Damascus Creekside RV Park","website":"http://www.damascuscreeksiderv.com/","addr":"111 S Railroad Ave, Damascus","elev_ft":1932}},{"type":"Feature","geometry":{"type":"Point","coordinates":[-81.603065,36.664783]},"properties":{"kind":"campsite","src":"overture:meta","name":"High Country Campground","website":"http://www.highcountryhorsecampground.com/","addr":"6866 Whitetop Rd, Troutdale","elev_ft":3314}},{"type":"Feature","geometry":{"type":"Point","coordinates":[-81.047165,36.612133]},"properties":{"kind":"campsite","src":"overture:meta","name":"New River Bridge Family Campground","website":"http://www.newriverbridgefamilycampground.com/","addr":"4762 Pleasant Grove Rd, Independence","elev_ft":2254}},{"type":"Feature","geometry":{"type":"Point","coordinates":[-80.975479,36.678932]},"properties":{"kind":"campsite","src":"overture:meta","name":"River Views Campground","website":"http://www.riverviewscampground.com","addr":"450 Sarasota Ln, Galax","elev_ft":2201}},{"type":"Feature","geometry":{"type":"Point","coordinates":[-80.987076,36.675255]},"properties":{"kind":"campsite","src":"overture:meta","name":"Camp Dickenson","website":"http://campdickenson.com/","addr":"801 Camp Dickenson Ln, Fries","elev_ft":2287}},{"type":"Feature","geometry":{"type":"Point","coordinates":[-80.89521,36.641438]},"properties":{"kind":"campsite","src":"overture:meta","name":"Froggy Mountain Adventures ","addr":"166 Old Quaker Rd, Galax","elev_ft":2464}},{"type":"Feature","geometry":{"type":"Point","coordinates":[-80.942825,36.567581]},"properties":{"kind":"campsite","src":"overture:meta","name":"Cool Breeze Campground","website":"https://www.coolbreezecampground.com/","addr":"2330 Edmonds Rd, Galax","elev_ft":2684}},{"type":"Feature","geometry":{"type":"Point","coordinates":[-80.943001,36.565315]},"properties":{"kind":"campsite","src":"overture:Foursquare","name":"Deer Creek Class A Motorcoach Resort Galax Virginia HOA","website":"http://www.deercreekmotorcoachresortgalax.com","addr":"2524 Edmonds Rd, Galax","elev_ft":2687}},{"type":"Feature","geometry":{"type":"Point","coordinates":[-80.846336,36.702824]},"properties":{"kind":"rv_park","src":"overture:meta","name":"Country Manor Estates","addr":"3519 Cranberry Rd, Woodlawn","elev_ft":2546}},{"type":"Feature","geometry":{"type":"Point","coordinates":[-80.337898,36.712929]},"properties":{"kind":"campsite","src":"overture:meta","name":"The Oaks RV Resort","website":"https://www.theoaksrvresort.us/","addr":"7530 Jeb Stuart Hwy, Meadows of Dan","elev_ft":2920}},{"type":"Feature","geometry":{"type":"Point","coordinates":[-81.618271,36.809319]},"properties":{"kind":"campsite","src":"overture:meta","name":"Interstate Campground","website":"http://www.rvparkreviews.com/regions/Virginia/Marion.html","addr":"124 Jenna Ln, Marion","elev_ft":1975}},{"type":"Feature","geometry":{"type":"Point","coordinates":[-81.175041,37.241066]},"properties":{"kind":"campsite","src":"overture:meta","name":"Camp Laurel","website":"http://camplaurel.com","addr":"4694 Laurel Fork Rd, Rocky Gap","elev_ft":2290}},{"type":"Feature","geometry":{"type":"Point","coordinates":[-80.941902,36.940636]},"properties":{"kind":"rv_park","src":"overture:meta","name":"Fort Chiswell RV Park","website":"http://www.fcrvpark.com","addr":"312 Fort Chiswell Rd, Max Meadows","elev_ft":2067}},{"type":"Feature","geometry":{"type":"Point","coordinates":[-80.838593,36.932274]},"properties":{"kind":"campsite","src":"overture:meta","name":"Paddlers Creekside Campground","website":"http://paddlerscamping.com/","addr":"1683 Reed Creek Dr, Draper","elev_ft":1952}},{"type":"Feature","geometry":{"type":"Point","coordinates":[-80.822456,36.925652]},"properties":{"kind":"campsite","src":"overture:meta","name":"River Junction Campground and Canoeing","addr":"2257 Reed Creek Dr, Draper","elev_ft":1867}},{"type":"Feature","geometry":{"type":"Point","coordinates":[-80.783142,36.742329]},"properties":{"kind":"campsite","src":"overture:Foursquare","name":"Carrollwood Campground & Fish Lakes","website":"http://www.virginia.org/listings/placestostay/carrollwoodcampgroundandfishlakes","addr":"86 Carrollwood Dr, Woodlawn","elev_ft":2513}},{"type":"Feature","geometry":{"type":"Point","coordinates":[-80.623657,36.851868]},"properties":{"kind":"campsite","src":"overture:meta","name":"Panther Creek Campground","addr":"961 Panther Creek Rd, Dugspur","elev_ft":2566}},{"type":"Feature","geometry":{"type":"Point","coordinates":[-80.671768,37.329407]},"properties":{"kind":"campsite","src":"overture:meta","name":"Sawmill Sonny's Campground","website":"https://sawmillsonnys.com/","addr":"246 Big Stony Creek Rd, Ripplemead","elev_ft":1775}},{"type":"Feature","geometry":{"type":"Point","coordinates":[-80.614227,37.290604]},"properties":{"kind":"campsite","src":"overture:meta","name":"Eggleston Springs Campground","website":"http://egglestonspringscampground.net/","addr":"346 Cliffview St, Pembroke","elev_ft":1631}},{"type":"Feature","geometry":{"type":"Point","coordinates":[-80.606491,37.262539]},"properties":{"kind":"campsite","src":"overture:meta","name":"New River Park Campground","website":"http://www.newrivercamping.com/","addr":"115 New River Park Ln, Newport","elev_ft":1654}},{"type":"Feature","geometry":{"type":"Point","coordinates":[-80.586784,37.212116]},"properties":{"kind":"campsite","src":"overture:meta","name":"Blue Ridge Christian Camp","website":"http://www.blueridgechristian.org","addr":"1751 Sterling Dr, Blacksburg","elev_ft":1860}},{"type":"Feature","geometry":{"type":"Point","coordinates":[-80.458801,37.015701]},"properties":{"kind":"campsite","src":"overture:meta","name":"Camp Carysbrook","website":"http://www.campcarysbrook.com/","addr":"3500 Camp Carysbrook Rd, Riner","elev_ft":2133}},{"type":"Feature","geometry":{"type":"Point","coordinates":[-80.29203,36.772865]},"properties":{"kind":"campsite","src":"overture:meta","name":"Dragon's Beard Farm & Camp","website":"https://linktr.ee/dragontraininggrounds","addr":"2714 Mill House Rd, Woolwine","elev_ft":1424}},{"type":"Feature","geometry":{"type":"Point","coordinates":[-80.259628,36.906143]},"properties":{"kind":"campsite","src":"overture:meta","name":"Crooked Mountain","website":"https://www.hipcamp.com/en-US/u/crookedmountain","addr":"1378 Shooting Creek Rd, Floyd","elev_ft":2359}},{"type":"Feature","geometry":{"type":"Point","coordinates":[-80.249969,37.096279]},"properties":{"kind":"campsite","src":"overture:meta","name":"Alta Mons","website":"http://www.altamons.org/","addr":"2842 Crockett Springs Rd, Shawsville","elev_ft":1476}},{"type":"Feature","geometry":{"type":"Point","coordinates":[-80.198532,36.831936]},"properties":{"kind":"campsite","src":"overture:meta","name":"Deer Run Campgrounds","website":"http://www.deerruncampground.net/","addr":"28 Fawn Rd, Ferrum","elev_ft":1398}},{"type":"Feature","geometry":{"type":"Point","coordinates":[-80.192665,37.0509]},"properties":{"kind":"campsite","src":"overture:meta","name":"Virginia Highland Haven Airstream Park","website":"http://vahighlandhaven.com/","addr":"6517 Highland Haven Rd NE, Copper Hill","elev_ft":2753}},{"type":"Feature","geometry":{"type":"Point","coordinates":[-80.171883,37.015076]},"properties":{"kind":"campsite","src":"overture:meta","name":"Festview Camping, LLC","addr":"5896 Floyd Hwy, Check","elev_ft":2595}},{"type":"Feature","geometry":{"type":"Point","coordinates":[-80.181061,36.677963]},"properties":{"kind":"campsite","src":"overture:meta","name":"Springs of Life Camp","website":"http://www.springsoflifecamp.org/","addr":"3443 Spring Rd, Patrick Springs","elev_ft":1332}},{"type":"Feature","geometry":{"type":"Point","coordinates":[-80.153099,36.558392]},"properties":{"kind":"campsite","src":"overture:meta","name":"Dominion Valley Park","website":"http://dominionvalleyllc.com/","addr":"415 Dominion Valley Ln, Stuart","elev_ft":1050}},{"type":"Feature","geometry":{"type":"Point","coordinates":[-80.142509,37.060486]},"properties":{"kind":"campsite","src":"overture:meta","name":"Blue Ridge Holiness Campgrounds","website":"http://blueridgeholinesscamp.org/","addr":"8040 Bear Ridge Rd SE, Copper Hill","elev_ft":2631}},{"type":"Feature","geometry":{"type":"Point","coordinates":[-80.058731,36.804466]},"properties":{"kind":"campsite","src":"overture:meta","name":"Goose Point Park","website":"https://www.recreation.gov/camping/campgrounds/233687","addr":"4780 Goosepoint Rd, Bassett","elev_ft":1115}},{"type":"Feature","geometry":{"type":"Point","coordinates":[-79.957634,36.735989]},"properties":{"kind":"rv_park","src":"overture:Microsoft","name":"Smith River RV Park","website":"https://smithriverrv.com/","addr":"319 T B Stanley Hwy, Bassett","elev_ft":732}},{"type":"Feature","geometry":{"type":"Point","coordinates":[-79.912102,36.71542]},"properties":{"kind":"rv_park","src":"overture:meta","name":"Creekside RV Park","addr":"98 Branch Rd, Collinsville","elev_ft":820}},{"type":"Feature","geometry":{"type":"Point","coordinates":[-79.866089,37.130653]},"properties":{"kind":"rv_park","src":"overture:meta","name":"Red Valley RV park","addr":"575 Red Valley Rd, Boones Mill","elev_ft":1178}},{"type":"Feature","geometry":{"type":"Point","coordinates":[-79.878441,36.658115]},"properties":{"kind":"campsite","src":"overture:Foursquare","name":"Indian Heritage Rv Park","website":"http://www.indianheritagervpark.net","addr":"184 Tensbury Dr, Martinsville","elev_ft":666}},{"type":"Feature","geometry":{"type":"Point","coordinates":[-79.631248,37.014328]},"properties":{"kind":"campsite","src":"overture:Foursquare","name":"Palmers Trailer Park & Marina","website":"https://palmers-trailer-park-marina.hub.biz","addr":"2600 Morgans Fork Rd, Penhook","elev_ft":820}},{"type":"Feature","geometry":{"type":"Point","coordinates":[-79.628952,37.007328]},"properties":{"kind":"campsite","src":"overture:meta","name":"Lazy Cove Campground","website":"http://www.campgroundpenhook.com","addr":"25 Plantation Dr, Penhook","elev_ft":850}},{"type":"Feature","geometry":{"type":"Point","coordinates":[-79.595749,37.026218]},"properties":{"kind":"campsite","src":"overture:meta","name":"Arrowhead Campground","website":"http://www.arrowheadsml.com","addr":"5625 Smith Mountain Rd, Penhook","elev_ft":827}},{"type":"Feature","geometry":{"type":"Point","coordinates":[-79.516037,36.903374]},"properties":{"kind":"campsite","src":"overture:meta","name":"Camp Pitt","website":"http://www.camppitt.org/","addr":"1232 Oxford Rd, Chatham","elev_ft":817}},{"type":"Feature","geometry":{"type":"Point","coordinates":[-79.200165,36.69112]},"properties":{"kind":"campsite","src":"overture:Foursquare","name":"Camp Selah","website":"http://www.campselahministries.com","addr":"620 E Hightower Rd, Sutherlin","elev_ft":551}},{"type":"Feature","geometry":{"type":"Point","coordinates":[-79.166031,36.674625]},"properties":{"kind":"campsite","src":"overture:meta","name":"Indian Cave Youth Camp","website":"https://indiancave.camp/","addr":"2032 Brooklyn Rd, Sutherlin","elev_ft":558}},{"type":"Feature","geometry":{"type":"Point","coordinates":[-78.917496,36.623127]},"properties":{"kind":"rv_park","src":"overture:meta","name":"Cluster Springs RV Park","website":"http://Www.clusterspringspark.com/","addr":"6027 Huell Matthews Hwy, South Boston","elev_ft":479}},{"type":"Feature","geometry":{"type":"Point","coordinates":[-80.291771,37.484585]},"properties":{"kind":"campsite","src":"overture:meta","name":"Craig Springs Camp and Retreat Center","website":"http://youtube.com/watch?v=Dlumbpmd3zs","addr":"30 Craig Springs Cir, New Castle","elev_ft":1985}},{"type":"Feature","geometry":{"type":"Point","coordinates":[-80.22406,37.502064]},"properties":{"kind":"campsite","src":"overture:meta","name":"The Country","addr":"17267 Johns Creek Rd, New Castle","elev_ft":1670}},{"type":"Feature","geometry":{"type":"Point","coordinates":[-80.235283,37.232986]},"properties":{"kind":"campsite","src":"overture:Microsoft","name":"Love's RV Hookup","website":"https://www.camplife.com/campground/Love%2527s+RV+Hookup-Elliston+VA+574","addr":"5275 N Fork Rd, Elliston","elev_ft":1217}},{"type":"Feature","geometry":{"type":"Point","coordinates":[-79.784805,37.445183]},"properties":{"kind":"campsite","src":"overture:meta","name":"Camp Bethel Summer Camp and Event Center","website":"http://www.CampBethelVirginia.org/","addr":"328 Bethel Rd, Fincastle","elev_ft":1194}},{"type":"Feature","geometry":{"type":"Point","coordinates":[-79.810745,37.687637]},"properties":{"kind":"campsite","src":"overture:meta","name":"Gala River Front Campground","website":"http://canoevirginia.net/","addr":"80 Thompson Dr, Eagle Rock","elev_ft":948}},{"type":"Feature","geometry":{"type":"Point","coordinates":[-79.634811,38.355484]},"properties":{"kind":"campsite","src":"overture:meta","name":"Monterey Campground","website":"https://montereycampground.com/rates-reservations/","addr":"5026 Jackson River Rd, Monterey","elev_ft":2644}},{"type":"Feature","geometry":{"type":"Point","coordinates":[-79.6119,37.907425]},"properties":{"kind":"campsite","src":"overture:meta","name":"Rockbridge Alum Springs - A Young Life Camp","website":"http://sites.younglife.org/camps/Rockbridge/default.aspx","addr":"170 Spring House Rd, Goshen","elev_ft":1834}},{"type":"Feature","geometry":{"type":"Point","coordinates":[-79.589569,37.916416]},"properties":{"kind":"campsite","src":"overture:meta","name":"Grace Bible Camp","website":"http://www.gracebiblecamp.com/","addr":"111 Bible Camp Ln, Goshen","elev_ft":1693}},{"type":"Feature","geometry":{"type":"Point","coordinates":[-79.644447,38.020634]},"properties":{"kind":"campsite","src":"overture:meta","name":"Peaceful River Campground","website":"http://www.virginia.org/Listings/PlacesToStay/PeacefulRiverCampground","addr":"42 Peacefull River Rd, Millboro","elev_ft":1424}},{"type":"Feature","geometry":{"type":"Point","coordinates":[-79.693062,37.970989]},"properties":{"kind":"campsite","src":"overture:meta","name":"Camp Rivers Bend","addr":"626 Nimrod Dr, Millboro","elev_ft":1362}},{"type":"Feature","geometry":{"type":"Point","coordinates":[-79.699821,37.154232]},"properties":{"kind":"campsite","src":"overture:meta","name":"Hannabass Campground","addr":"1241 Hannabass Dr, Goodview","elev_ft":827}},{"type":"Feature","geometry":{"type":"Point","coordinates":[-79.505608,37.525188]},"properties":{"kind":"campsite","src":"overture:meta","name":"Otter Creek Campground","addr":"85919 Blue Ridge Pkwy, Bedford","elev_ft":3862}},{"type":"Feature","geometry":{"type":"Point","coordinates":[-79.469627,37.967258]},"properties":{"kind":"campsite","src":"overture:meta","name":"Camp Ross","website":"https://www.gotogoshen.org/Ross","addr":"340 Millard Burke Memorial Hwy, Goshen","elev_ft":1430}},{"type":"Feature","geometry":{"type":"Point","coordinates":[-79.362099,37.730488]},"properties":{"kind":"campsite","src":"overture:meta","name":"Glen Maury Park","website":"http://www.glenmauryparkva.com/","addr":"101 Maury River Rd, Buena Vista","elev_ft":814}},{"type":"Feature","geometry":{"type":"Point","coordinates":[-79.305283,37.817497]},"properties":{"kind":"campsite","src":"overture:Foursquare","name":"Mallard Duck Campground","website":"http://www.mallardduckcampground.com","addr":"2741 S River Rd, Vesuvius","elev_ft":1043}},{"type":"Feature","geometry":{"type":"Point","coordinates":[-79.190887,37.47036]},"properties":{"kind":"campsite","src":"overture:meta","name":"Camp Sacajawea","website":"http://campsacajaweava.org","addr":"2124 Fox Hill Rd, Lynchburg","elev_ft":709}},{"type":"Feature","geometry":{"type":"Point","coordinates":[-79.049698,37.210804]},"properties":{"kind":"campsite","src":"overture:meta","name":"Thousand Trails","website":"http://www.thousandtrails.com/getaways/virginia/lynchburg.asp","addr":"405 Mollies Creek Rd, Gladys","elev_ft":692}},{"type":"Feature","geometry":{"type":"Point","coordinates":[-79.043793,37.209373]},"properties":{"kind":"campsite","src":"overture:Foursquare","name":"Lynchburg RV Resort","website":"http://www.rvonthego.com/virginia/lynchburg-rv-resort/","addr":"405 Mollies Creek Rd, Gladys","elev_ft":725}},{"type":"Feature","geometry":{"type":"Point","coordinates":[-79.136269,37.761696]},"properties":{"kind":"campsite","src":"overture:meta","name":"CrossRoads Camp & Conference Center","website":"http://www.crossroadscamp.com/","addr":"2247 Little Piney Rd, Roseland","elev_ft":1808}},{"type":"Feature","geometry":{"type":"Point","coordinates":[-78.924606,37.872139]},"properties":{"kind":"campsite","src":"overture:meta","name":"Devils Backbone Camp","website":"https://www.dbbrewingcompany.com/camp-at-basecamp-2","addr":"30 Three Ridges Ln, Roseland","elev_ft":879}},{"type":"Feature","geometry":{"type":"Point","coordinates":[-79.163605,38.364422]},"properties":{"kind":"rv_park","src":"overture:meta","name":"Camp May Flather Girl Scouts of America","addr":"23 Camp Mayflather Ln, Mt Solon","elev_ft":1608}},{"type":"Feature","geometry":{"type":"Point","coordinates":[-78.977097,38.237621]},"properties":{"kind":"campsite","src":"overture:meta","name":"Virginia District Campgrounds","website":"http://vaupci.com","addr":"1640 Lee Hwy, Fort Defiance","elev_ft":1309}},{"type":"Feature","geometry":{"type":"Point","coordinates":[-78.907127,38.770115]},"properties":{"kind":"campsite","src":"overture:meta","name":"Highland Retreat","website":"http://www.highlandretreat.org/","addr":"14783 Upper Highland Dr, Bergton","elev_ft":1480}},{"type":"Feature","geometry":{"type":"Point","coordinates":[-78.860962,38.64119]},"properties":{"kind":"campsite","src":"overture:meta","name":"Bennies Beach Campground","website":"https://campnative.com/campgrounds/usa/va/broadway/bennies-beach...","addr":"8399 Brocks Gap Rd, Broadway","elev_ft":1043}},{"type":"Feature","geometry":{"type":"Point","coordinates":[-78.835358,38.401814]},"properties":{"kind":"campsite","src":"overture:meta","name":"Massanetta Springs Camp and Conference Center","website":"http://www.massanettasprings.org/","addr":"712 Massanetta Springs Rd, Harrisonburg","elev_ft":1407}},{"type":"Feature","geometry":{"type":"Point","coordinates":[-78.82193,37.368763]},"properties":{"kind":"rv_park","src":"overture:meta","name":"Parkview RV Park","website":"http://parkviewrvpark.com/","addr":"174 Clover Ln, Appomattox","elev_ft":817}},{"type":"Feature","geometry":{"type":"Point","coordinates":[-78.819344,38.473831]},"properties":{"kind":"campsite","src":"overture:Foursquare","name":"Horizons at Valley Pike","website":"http://www.horizonsvalleypike.com","addr":"297 Cornerstone Ln, Harrisonburg","elev_ft":1283}},{"type":"Feature","geometry":{"type":"Point","coordinates":[-78.72496,38.494236]},"properties":{"kind":"campsite","src":"overture:meta","name":"Camp Overlook","website":"http://www.overlookretreatandcampministries.weebly.com","addr":"3014 Camp Overlook Ln, Keezletown","elev_ft":1473}},{"type":"Feature","geometry":{"type":"Point","coordinates":[-78.706619,38.535965]},"properties":{"kind":"campsite","src":"overture:Microsoft","name":"Kampgrounds Of America","website":"http://koa.com/campgrounds/harrisonburg/","addr":"12480 Mountain Valley Rd, Broadway","elev_ft":1227}},{"type":"Feature","geometry":{"type":"Point","coordinates":[-78.571442,38.07523]},"properties":{"kind":"campsite","src":"overture:meta","name":"Central Virginia Burn Camp","website":"http://www.vaburncamp.org/","addr":"1960 Candlewyck Dr, Charlottesville","elev_ft":587}},{"type":"Feature","geometry":{"type":"Point","coordinates":[-78.557114,38.139297]},"properties":{"kind":"campsite","src":"overture:meta","name":"Camp Albemarle","website":"http://www.campalbemarleva.org/","addr":"1675 4-H Way, Charlottesville","elev_ft":463}},{"type":"Feature","geometry":{"type":"Point","coordinates":[-78.536522,38.643524]},"properties":{"kind":"rv_park","src":"overture:meta","name":"Outlanders","addr":"4253 US Highway 211 W, Luray","elev_ft":791}},{"type":"Feature","geometry":{"type":"Point","coordinates":[-78.55162,36.555122]},"properties":{"kind":"campsite","src":"overture:meta","name":"Camp Concord","website":"http://campconcordva.com/","addr":"99 State Line Rd, Clarksville","elev_ft":354}},{"type":"Feature","geometry":{"type":"Point","coordinates":[-78.492386,37.795334]},"properties":{"kind":"campsite","src":"overture:meta","name":"Horseshoe Flats Campground","website":"https://www.scottsville.org/visit/outdoor-recreation","addr":"125 Snowden Rd, Scottsville","elev_ft":269}},{"type":"Feature","geometry":{"type":"Point","coordinates":[-78.480377,38.717491]},"properties":{"kind":"campsite","src":"overture:Foursquare","name":"Hook-Line-Sinker Cabins","website":"http://www.shenandoahriver.com","addr":"107 Fish Tale Ln, Luray","elev_ft":689}},{"type":"Feature","geometry":{"type":"Point","coordinates":[-78.443329,38.728306]},"properties":{"kind":"campsite","src":"overture:meta","name":"Ruffner Campground","addr":"1506 Kibler Hill Rd, Luray","elev_ft":705}},{"type":"Feature","geometry":{"type":"Point","coordinates":[-78.433922,38.757122]},"properties":{"kind":"rv_park","src":"overture:meta","name":"Mountain Whisper Cabins","website":"http://www.mountainwhispercabins.com/index.html","addr":"307 Riverview Dr, Luray","elev_ft":873}},{"type":"Feature","geometry":{"type":"Point","coordinates":[-78.423981,38.384483]},"properties":{"kind":"campsite","src":"overture:meta","name":"Shiloh Quaker Camp","website":"http://bymcamps.org/programs/shiloh-quaker-camp","addr":"4774 Middle River Rd, Stanardsville","elev_ft":886}},{"type":"Feature","geometry":{"type":"Point","coordinates":[-78.446251,36.803009]},"properties":{"kind":"rv_park","src":"overture:meta","name":"Newby's RV Park","website":"http://www.newbysrvpark.com/","addr":"1035 Roark St, Chase City","elev_ft":453}},{"type":"Feature","geometry":{"type":"Point","coordinates":[-78.338966,36.793884]},"properties":{"kind":"campsite","src":"overture:meta","name":"Virginia Christadelphian Youth Camp","website":"http://www.christadelphians.net/vyc","addr":"8386 Old Cox Rd, Chase City","elev_ft":486}},{"type":"Feature","geometry":{"type":"Point","coordinates":[-78.331657,37.255329]},"properties":{"kind":"campsite","src":"overture:meta","name":"Sandy River Retreat Log Cabin Farm Stay","website":"http://www.sandyriveroutdooradventures.com","addr":"185 Monroe Church Rd, Rice","elev_ft":466}},{"type":"Feature","geometry":{"type":"Point","coordinates":[-78.098831,36.748669]},"properties":{"kind":"campsite","src":"overture:Microsoft","name":"Love's RV Hookup","website":"https://www.camplife.com/campground/Love%2527s+RV+Hookup-South+Hill+VA+469","addr":"1850 N Mecklenburg Ave, South Hill","elev_ft":423}},{"type":"Feature","geometry":{"type":"Point","coordinates":[-78.032417,37.24361]},"properties":{"kind":"campsite","src":"overture:meta","name":"Daybreak Enterprise LLC","website":"http://daybreakenterprise.com/","addr":"791 Namozine Rd, Crewe","elev_ft":381}},{"type":"Feature","geometry":{"type":"Point","coordinates":[-77.883842,37.350983]},"properties":{"kind":"campsite","src":"overture:meta","name":"Amelia Family Campground","website":"http://www.ameliafamilycampground.com/","addr":"9720 Military Rd, Amelia Court House","elev_ft":292}},{"type":"Feature","geometry":{"type":"Point","coordinates":[-77.834061,37.252911]},"properties":{"kind":"campsite","src":"overture:meta","name":"Camp Weag","website":"https://weag.church/locations/camp-weag/","addr":"9340 Namozine Rd, Amelia Court House","elev_ft":328}},{"type":"Feature","geometry":{"type":"Point","coordinates":[-78.271049,37.877708]},"properties":{"kind":"campsite","src":"overture:meta","name":"Camp Friendship","website":"http://www.campfriendship.com","addr":"573 Friendship Way, Palmyra","elev_ft":387}},{"type":"Feature","geometry":{"type":"Point","coordinates":[-78.301277,38.285908]},"properties":{"kind":"rv_park","src":"overture:meta","name":"Rapidan Baptist Camp","website":"http://www.camprapidan.com","addr":"559 Baptist Camp Dr, Rochelle","elev_ft":505}},{"type":"Feature","geometry":{"type":"Point","coordinates":[-78.281227,38.42831]},"properties":{"kind":"campsite","src":"overture:meta","name":"Camp Varsity","website":"http://www.campvarsity.net/","addr":"1344 Beamers Head Rd, Madison","elev_ft":627}},{"type":"Feature","geometry":{"type":"Point","coordinates":[-78.393745,38.768211]},"properties":{"kind":"campsite","src":"overture:meta","name":"JR Campground","website":"http://www.jrcampground.com","addr":"258 Johnnys Rd, Rileyville","elev_ft":633}},{"type":"Feature","geometry":{"type":"Point","coordinates":[-77.846558,38.44136]},"properties":{"kind":"campsite","src":"overture:meta","name":"Camp Red Arrow","website":"http://www.campredarrow.com/","addr":"22338 Arrowhead Trl, Stevensburg","elev_ft":331}},{"type":"Feature","geometry":{"type":"Point","coordinates":[-78.000977,37.644863]},"properties":{"kind":"campsite","src":"overture:meta","name":"Westview on the James","website":"http://www.westviewonthejames.org/","addr":"1231 W View Rd, Goochland","elev_ft":233}},{"type":"Feature","geometry":{"type":"Point","coordinates":[-77.860199,37.712936]},"properties":{"kind":"campsite","src":"overture:meta","name":"Camp Hilbert","website":"http://www.weinsteinjcc.org","addr":"2240 Maidens Rd, Maidens","elev_ft":331}},{"type":"Feature","geometry":{"type":"Point","coordinates":[-77.867538,37.683979]},"properties":{"kind":"campsite","src":"overture:Foursquare","name":"Cub Webelos Adventure Camp","website":"http://www.cubadventurecamp.net","addr":"1723 Maidens Rd, Maidens","elev_ft":325}},{"type":"Feature","geometry":{"type":"Point","coordinates":[-77.765862,38.352058]},"properties":{"kind":"campsite","src":"overture:meta","name":"Lake Of The Woods Campground","addr":"302 Seven Pines Dr, Locust Grove","elev_ft":341}},{"type":"Feature","geometry":{"type":"Point","coordinates":[-77.706772,38.401894]},"properties":{"kind":"campsite","src":"overture:meta","name":"Rappahannock Camp and Retreat Center","website":"http://www.camprappahannock.org/","addr":"21457 Happyland Dr, Richardsville","elev_ft":374}},{"type":"Feature","geometry":{"type":"Point","coordinates":[-77.662674,38.416164]},"properties":{"kind":"campsite","src":"overture:meta","name":"Rappahannock River Campground","website":"http://www.rappahannockrivercampground.com/","addr":"33017 River Mill Rd, Richardsville","elev_ft":276}},{"type":"Feature","geometry":{"type":"Point","coordinates":[-77.584221,37.26577]},"properties":{"kind":"campsite","src":"overture:Foursquare","name":"Albright Scout Reservation","website":"http://hovc.org/camping/albright","addr":"11301 Trents Bridge Rd, Chesterfield","elev_ft":230}},{"type":"Feature","geometry":{"type":"Point","coordinates":[-77.579903,36.572823]},"properties":{"kind":"campsite","src":"overture:meta","name":"Cattail Creek Campground","website":"http://Cattailcreekcampground.com/","addr":"3901 Moores Ferry Rd, Skippers","elev_ft":121}},{"type":"Feature","geometry":{"type":"Point","coordinates":[-77.517105,37.369541]},"properties":{"kind":"campsite","src":"overture:Foursquare","name":"Camp Baker","website":"http://www.richmondarc.org/services/developmental-services/camp-baker-services","addr":"7600 Beach Rd, Chesterfield","elev_ft":167}},{"type":"Feature","geometry":{"type":"Point","coordinates":[-77.51091,37.1334]},"properties":{"kind":"campsite","src":"overture:meta","name":"Camptown Campground","website":"http://www.camptowncampground.webs.com","addr":"22802 Camptown Dr, Petersburg","elev_ft":190}},{"type":"Feature","geometry":{"type":"Point","coordinates":[-77.436432,37.420258]},"properties":{"kind":"campsite","src":"overture:Foursquare","name":"Bellwood Mobile Home & Rv Park","website":"http://www.ponderosamobilehome.com","addr":"7611 Route 1, North Chesterfield","elev_ft":112}},{"type":"Feature","geometry":{"type":"Point","coordinates":[-77.475388,37.55127]},"properties":{"kind":"campsite","src":"overture:meta","name":"Richmond Young Writers","website":"http://www.richmondyoungwriters.com/","addr":"2707 W Cary St, Richmond","elev_ft":230}},{"type":"Feature","geometry":{"type":"Point","coordinates":[-77.293655,36.821884]},"properties":{"kind":"campsite","src":"overture:meta","name":"Camp Rudolph","website":"http://www.camprudolph.org/","addr":"19320 Darling Dr, Yale","elev_ft":121}},{"type":"Feature","geometry":{"type":"Point","coordinates":[-77.365059,37.215149]},"properties":{"kind":"rv_park","src":"overture:meta","name":"Sunset","website":"https://www.sunset.com","addr":"2178 County Dr, Petersburg","elev_ft":144}},{"type":"Feature","geometry":{"type":"Point","coordinates":[-77.364815,37.214581]},"properties":{"kind":"campsite","src":"overture:Foursquare","name":"Shodon Properties","website":"https://www.sunset.com","addr":"2178 County Dr, Petersburg","elev_ft":148}},{"type":"Feature","geometry":{"type":"Point","coordinates":[-77.206505,37.603104]},"properties":{"kind":"campsite","src":"overture:Foursquare","name":"Camp Hanover","website":"https://www.camphanover.org","addr":"3163 Parsleys Mill Rd, Hanover","elev_ft":157}},{"type":"Feature","geometry":{"type":"Point","coordinates":[-76.987671,36.979942]},"properties":{"kind":"campsite","src":"overture:meta","name":"Wakefield Friends Center Camp","website":"https://www.wakefieldcamp.com","addr":"37481 Old Wakefield Rd, Wakefield","elev_ft":121}},{"type":"Feature","geometry":{"type":"Point","coordinates":[-76.976753,36.926876]},"properties":{"kind":"campsite","src":"overture:meta","name":"Heavenly Waters Youth Camp","website":"http://www.heavenlywaters.org","addr":"30585 Boothe Rd, Wakefield","elev_ft":118}},{"type":"Feature","geometry":{"type":"Point","coordinates":[-76.878387,37.185513]},"properties":{"kind":"campsite","src":"overture:meta","name":"Pipsico Scout Reservation","website":"http://www.PipsicoBSA.com/","addr":"57 Pipsico Rd, Spring Grove","elev_ft":108}},{"type":"Feature","geometry":{"type":"Point","coordinates":[-76.892471,37.193836]},"properties":{"kind":"campsite","src":"overture:meta","name":"The Edge Christian Camp","website":"http://www.theedge.camp/","addr":"702 Eastover Dr, Spring Grove","elev_ft":115}},{"type":"Feature","geometry":{"type":"Point","coordinates":[-76.843262,37.420013]},"properties":{"kind":"campsite","src":"overture:Microsoft","name":"Williamsburg Christian Retreat Center","website":"https://www.wcrc.info/","addr":"9275 Barnes Rd, Toano","elev_ft":128}},{"type":"Feature","geometry":{"type":"Point","coordinates":[-76.737709,37.367802]},"properties":{"kind":"campsite","src":"overture:meta","name":"Camp Skimino","website":"http://www.gsccc.org/camp-skimino.aspx","addr":"448 Fenton Mill Rd, Williamsburg","elev_ft":108}},{"type":"Feature","geometry":{"type":"Point","coordinates":[-77.332092,37.797562]},"properties":{"kind":"campsite","src":"overture:Foursquare","name":"Pamunkey Ridge Girl Scout Camp","website":"https://comgirlscouts.org","addr":"34009 Discovery Ln, Hanover","elev_ft":197}},{"type":"Feature","geometry":{"type":"Point","coordinates":[-77.237617,37.637497]},"properties":{"kind":"campsite","src":"overture:meta","name":"Oak Hill Christian Camp","website":"http://www.oakhillcamp.org/","addr":"8451 Oak Hill Camp Rd, Mechanicsville","elev_ft":151}},{"type":"Feature","geometry":{"type":"Point","coordinates":[-77.087578,38.233036]},"properties":{"kind":"campsite","src":"overture:meta","name":"Big Timber Campground","website":"http://www.bigtimbercampground.com","addr":"15045 Big Timber Rd, King George","elev_ft":98}},{"type":"Feature","geometry":{"type":"Point","coordinates":[-76.861786,37.978489]},"properties":{"kind":"campsite","src":"overture:meta","name":"Naylor's Beach Campground","website":"http://www.naylorsbeach.com/","addr":"4011 Naylors Beach Rd, Warsaw","elev_ft":20}},{"type":"Feature","geometry":{"type":"Point","coordinates":[-76.977776,38.203026]},"properties":{"kind":"campsite","src":"overture:meta","name":"Thousand Trails Harbor View","website":"https://thousandtrails.com/virginia/harbor-view-rv-camping-resort/?utm_source=yext&utm_medium=directory&utm_campaign=Yext+Directory+Listing","addr":"15 Harbor View Cir, Colonial Beach","elev_ft":26}},{"type":"Feature","geometry":{"type":"Point","coordinates":[-76.977219,38.201843]},"properties":{"kind":"rv_park","src":"overture:meta","name":"Harbor View RV & Camping Resort","website":"http://www.rvonthego.com/virginia/harbor-view-rv-camping-resort/","addr":"15 Harbor View Cir , Colonial Beach","elev_ft":30}},{"type":"Feature","geometry":{"type":"Point","coordinates":[-76.965912,38.243774]},"properties":{"kind":"campsite","src":"overture:meta","name":"Monroe Bay Campground","website":"http://monroebaycampground.com","addr":"551 Lafayette St, Colonial Beach","elev_ft":3}},{"type":"Feature","geometry":{"type":"Point","coordinates":[-78.684967,38.878361]},"properties":{"kind":"campsite","src":"overture:meta","name":"Camp Strawderman","website":"http://www.campstrawderman.com/","addr":"2494 Dellinger Acres, Edinburg","elev_ft":1089}},{"type":"Feature","geometry":{"type":"Point","coordinates":[-78.103645,38.92828]},"properties":{"kind":"campsite","src":"overture:meta","name":"Camp Wamava Inc","website":"http://www.wamava.com/","addr":"1042 Oregon Hollow Rd, Linden","elev_ft":830}},{"type":"Feature","geometry":{"type":"Point","coordinates":[-78.033463,38.885857]},"properties":{"kind":"campsite","src":"overture:meta","name":"Camp Moss Hollow","website":"http://www.campmosshollow.com/","addr":"12494 Moss Hollow Rd, Markham","elev_ft":889}},{"type":"Feature","geometry":{"type":"Point","coordinates":[-77.664162,38.829891]},"properties":{"kind":"campsite","src":"overture:meta","name":"Camp William B. Snyder","website":"http://www.GoToSnyder.org/","addr":"6100 Antioch Rd, Haymarket","elev_ft":430}},{"type":"Feature","geometry":{"type":"Point","coordinates":[-77.621819,38.797676]},"properties":{"kind":"campsite","src":"overture:meta","name":"Hillwood Camping Park","website":"http://www.hillwoodcamping.com","addr":"14280 Gardner Manor Pl, Gainesville","elev_ft":358}},{"type":"Feature","geometry":{"type":"Point","coordinates":[-77.32209,38.908188]},"properties":{"kind":"campsite","src":"overture:Foursquare","name":"Camp Crowell","website":"http://www.gscnc.org/en/camp/troop-camping/aboutourcamps.html#c","elev_ft":341}},{"type":"Feature","geometry":{"type":"Point","coordinates":[-78.438644,38.966526]},"properties":{"kind":"campsite","src":"overture:Foursquare","name":"Wilco Hess Truck Stop - Tom's Brook","website":"http://www.wilcohess.com","addr":"1014 Mount Olive Rd, Toms Brook","elev_ft":876}},{"type":"Feature","geometry":{"type":"Point","coordinates":[-78.229355,38.961483]},"properties":{"kind":"campsite","src":"overture:meta","name":"North Fork Resort Associates","website":"http://www.nfra.com/","addr":"301 N Fork Rd, Front Royal","elev_ft":469}},{"type":"Feature","geometry":{"type":"Point","coordinates":[-78.467415,39.040615]},"properties":{"kind":"campsite","src":"overture:Foursquare","name":"Camp Paddy Run","website":"http://www.camppaddyrun.org","addr":"221 Camp Ln, Star Tannery","elev_ft":1175}},{"type":"Feature","geometry":{"type":"Point","coordinates":[-78.016884,39.003719]},"properties":{"kind":"campsite","src":"overture:meta","name":"Northern Virginia Lions Youth Camp","addr":"1520 Lions Ln, Boyce","elev_ft":794}},{"type":"Feature","geometry":{"type":"Point","coordinates":[-77.104263,38.871227]},"properties":{"kind":"campsite","src":"overture:meta","name":"Steve and Kate's Camp","website":"https://steveandkatescamp.com/arlington/","addr":"105 N Thomas St, Arlington","elev_ft":266}},{"type":"Feature","geometry":{"type":"Point","coordinates":[-77.108414,38.901535]},"properties":{"kind":"campsite","src":"overture:meta","name":"Camp Kids Place","website":"http://campkidsplace.com/","addr":"3910 Lorcom Ln, Arlington","elev_ft":282}},{"type":"Feature","geometry":{"type":"Point","coordinates":[-78.42514,39.077171]},"properties":{"kind":"campsite","src":"overture:meta","name":"The Bluffs at Cedar Creek Campground","website":"http://www.bluffsatcedarcreek.com/","addr":"2011 Star Tannery Rd, Star Tannery","elev_ft":820}},{"type":"Feature","geometry":{"type":"Point","coordinates":[-78.340034,39.098885]},"properties":{"kind":"campsite","src":"overture:meta","name":"Cedar Creek Christian Camp","website":"http://cedarcreek.camp/","addr":"2757 Coal Mine Rd, Strasburg","elev_ft":758}},{"type":"Feature","geometry":{"type":"Point","coordinates":[-78.386848,39.211674]},"properties":{"kind":"campsite","src":"overture:meta","name":"Camp Rock Enon","website":"http://camprockenon.org/","addr":"292 Rock Enon Springs Rd, Gore","elev_ft":1027}},{"type":"Feature","geometry":{"type":"Point","coordinates":[-78.274551,39.385902]},"properties":{"kind":"campsite","src":"overture:Foursquare","name":"Thor's Hollow Retreat","website":"http://thorshollow.com","addr":"2058 Morgan Frederick Grade, Gainesboro","elev_ft":978}},{"type":"Feature","geometry":{"type":"Point","coordinates":[-78.045891,39.243279]},"properties":{"kind":"campsite","src":"overture:Foursquare","name":"Opequon Quaker Camp","website":"http://www.bymcamps.org/programs/opequon-quaker-camp","addr":"2710 Brucetown Rd, Clear Brook","elev_ft":531}},{"type":"Feature","geometry":{"type":"Point","coordinates":[-77.478981,39.230247]},"properties":{"kind":"campsite","src":"overture:Foursquare","name":"Camp Potomac Woods","website":"http://www.camppotomacwoods.org","elev_ft":367}},{"type":"Feature","geometry":{"type":"Point","coordinates":[-76.337265,36.786861]},"properties":{"kind":"campsite","src":"overture:Foursquare","name":"Geneva Mobile Home Park","website":"http://www.unitedproperty.org/geneva-mobile-home-park","addr":"1401 Deep Creek Blvd, Chesapeake","elev_ft":20}},{"type":"Feature","geometry":{"type":"Point","coordinates":[-76.333183,36.626816]},"properties":{"kind":"campsite","src":"overture:Foursquare","name":"Jim's Mobile Home Moving & Service","website":"http://jimmarrs.net","addr":"3117 Douglas Rd, Chesapeake","elev_ft":13}},{"type":"Feature","geometry":{"type":"Point","coordinates":[-76.435524,37.531826]},"properties":{"kind":"campsite","src":"overture:meta","name":"Camp Piankatank","website":"http://www.camppiankatank.com/","addr":"1586 Stampers Bay Rd, Hartfield","elev_ft":59}},{"type":"Feature","geometry":{"type":"Point","coordinates":[-76.392822,37.567863]},"properties":{"kind":"campsite","src":"overture:meta","name":"Bush Park Camping Resort","website":"http://www.bushparkcampingresort.com/","addr":"724 Bushy Park Rd, Wake","elev_ft":49}},{"type":"Feature","geometry":{"type":"Point","coordinates":[-76.352509,37.696198]},"properties":{"kind":"campsite","src":"overture:meta","name":"YMCA Camp Kekoka","website":"http://www.YMCACampKekoka.org/","addr":"1083 Boys Camp Rd, Kilmarnock","elev_ft":16}},{"type":"Feature","geometry":{"type":"Point","coordinates":[-76.309982,37.548382]},"properties":{"kind":"campsite","src":"overture:meta","name":"Cross Rip Campground","website":"http://www.crossripcamp.com/","addr":"503 Cross Rip Rd, Deltaville","elev_ft":20}},{"type":"Feature","geometry":{"type":"Point","coordinates":[-76.432487,37.091782]},"properties":{"kind":"campsite","src":"overture:Foursquare","name":"Famcamp","website":"https://famcamp-hampton-va.hub.biz","addr":"123 Saunders Rd, Hampton","elev_ft":59}},{"type":"Feature","geometry":{"type":"Point","coordinates":[-76.276596,37.343235]},"properties":{"kind":"campsite","src":"overture:meta","name":"New Point Camping Grounds","website":"https://www.sunoutdoors.com/virginia/sun-retreats-new-point","addr":"846 Sand Bank Rd, New Point","elev_ft":20}},{"type":"Feature","geometry":{"type":"Point","coordinates":[-76.258072,37.883595]},"properties":{"kind":"campsite","src":"overture:meta","name":"Chesapeake Bay Camp Ground","website":"http://smithislandandchesapeakebaycruise.com/","addr":"382 Campground Rd, Reedville","elev_ft":36}},{"type":"Feature","geometry":{"type":"Point","coordinates":[-76.183746,36.87249]},"properties":{"kind":"campsite","src":"overture:meta","name":"Camp Red Feather","website":"http://www.campredfeather.org/","addr":"5817 Wesleyan Dr, Virginia Beach","elev_ft":39}},{"type":"Feature","geometry":{"type":"Point","coordinates":[-76.160416,36.909058]},"properties":{"kind":"rv_park","src":"overture:meta","name":"Little Creek JEB Campground","website":"http://get.dodlodging.net/propertys/little-creek-jeb-campground","addr":"2112 Amphibious Dr, Virginia Beach","elev_ft":39}},{"type":"Feature","geometry":{"type":"Point","coordinates":[-75.967621,37.137421]},"properties":{"kind":"campsite","src":"overture:meta","name":"Cape Charles / Chesapeake Bay KOA Resort","website":"https://koa.com/campgrounds/chesapeake-bay/","addr":"32246 Lankford Hwy, Cape Charles","elev_ft":30}},{"type":"Feature","geometry":{"type":"Point","coordinates":[-75.957138,37.493946]},"properties":{"kind":"campsite","src":"overture:meta","name":"YMCA Camp Silver Beach","website":"http://campsilverbeach.org/","addr":"6272 YMCA Ln, Exmore","elev_ft":16}},{"type":"Feature","geometry":{"type":"Point","coordinates":[-75.455162,37.960747]},"properties":{"kind":"campsite","src":"overture:meta","name":"Chincoteague Bay","website":"http://www.chincoteague.com","addr":"5360 Trails End Dr, Horntown","elev_ft":39}},{"type":"Feature","geometry":{"type":"Point","coordinates":[-75.408066,37.904858]},"properties":{"kind":"campsite","src":"overture:meta","name":"Inlet View Campground","website":"http://inletviewcampground.00server.com","addr":"2272 Main St, Chincoteague","elev_ft":3}},{"type":"Feature","geometry":{"type":"Point","coordinates":[-75.40329,37.906116]},"properties":{"kind":"campsite","src":"overture:Microsoft","name":"Sun Outdoors Chincoteague Bay","website":"https://www.sunoutdoors.com/virginia/sun-outdoors-chincoteague-bay?utm_source=bing&utm_medium=organic&utm_campaign=bing_listing","addr":"2272 Main St, Chincoteague Island","elev_ft":3}},{"type":"Feature","geometry":{"type":"Point","coordinates":[-77.032913,36.910702]},"properties":{"kind":"campsite","src":"overture:meta","name":"Airfield 4-H Conference Center","website":"http://www.airfield4hcenter.org/","addr":"15189 Airfield Rd, Wakefield","elev_ft":82}},{"type":"Feature","geometry":{"type":"Point","coordinates":[-76.855324,37.424946]},"properties":{"kind":"campsite","src":"overture:Microsoft","name":"Williamsburg Christian Retreat Center","website":"http://www.wcrc.info/","addr":"9275 Barnes Rd, Toano","elev_ft":108}},{"type":"Feature","geometry":{"type":"Point","coordinates":[-79.123627,37.85091]},"properties":{"kind":"campsite","src":"overture:meta","name":"Camp Blue Ridge","website":"http://www.campblueridge.org/","addr":"529 Old Mill Rd, Montebello","elev_ft":2605}},{"type":"Feature","geometry":{"type":"Point","coordinates":[-78.142548,36.59676]},"properties":{"kind":"campsite","src":"overture:meta","name":"River Ridge Campground Lake Gaston Va","addr":"3652 VA-903, Bracey","elev_ft":384}},{"type":"Feature","geometry":{"type":"Point","coordinates":[-78.090652,38.019917]},"properties":{"kind":"rv_park","src":"overture:meta","name":"Virginia Campgrounds","website":"http://virginiacampgrounds.com/","addr":"4400 Byrd Mill Rd, Louisa","elev_ft":476}},{"type":"Feature","geometry":{"type":"Point","coordinates":[-81.469795,36.619354]},"properties":{"kind":"campsite","src":"overture:meta","name":"Mill Creek Campground","addr":"245 Mill Creek Ln, Mouth of Wilson","elev_ft":3402}},{"type":"Feature","geometry":{"type":"Point","coordinates":[-78.579987,38.368504]},"properties":{"kind":"campsite","src":"overture:meta","name":"Swift Run Campground and Pool","addr":"20131 Spotswood Trl, Elkton","elev_ft":1371}},{"type":"Feature","geometry":{"type":"Point","coordinates":[-78.845787,38.159855]},"properties":{"kind":"rv_park","src":"overture:meta","name":"Blue Ridge MHC","website":"http://www.blueridgemhc.com/","addr":"10 Colby Ave, Crimora","elev_ft":1293}},{"type":"Feature","geometry":{"type":"Point","coordinates":[-76.442802,37.013748]},"properties":{"kind":"rv_park","src":"overture:meta","name":"Davis Mobile Home & Rv Park","website":"https://davis-mobile-home-rv-park.hub.biz/","addr":"78 Dean Ray Ct, Newport News","elev_ft":16}},{"type":"Feature","geometry":{"type":"Point","coordinates":[-78.332962,38.676266]},"properties":{"kind":"campsite","src":"overture:meta","name":"Dundo Group Campground","addr":"Skyline Dr, Luray","elev_ft":2431}},{"type":"Feature","geometry":{"type":"Point","coordinates":[-82.115532,36.650417]},"properties":{"kind":"campsite","src":"overture:meta","name":"Bristol RV Park","website":"https://bristolrvpark.com/","addr":"1798 SWEET KNOBS TRAIL, Bristol","elev_ft":2021}},{"type":"Feature","geometry":{"type":"Point","coordinates":[-77.304588,38.942036]},"properties":{"kind":"campsite","src":"overture:meta","name":"Camp Twin Creeks","website":"http://www.camptwincreeks.com/","addr":"9235 Huntersville Rd, Marlinton","elev_ft":302}},{"type":"Feature","geometry":{"type":"Point","coordinates":[-82.03244,36.596256]},"properties":{"kind":"campsite","src":"overture:meta","name":"Woodland Cove","website":"https://search.yahoo.com/local/s?p=Campgrounds&addr=Abingdon,+VA&...","elev_ft":1749}},{"type":"Feature","geometry":{"type":"Point","coordinates":[-75.367401,37.935047]},"properties":{"kind":"campsite","src":"overture:meta","name":"Toms Cove Campground, Chincoteague Island","website":"tomscovepark.com","elev_ft":7}},{"type":"Feature","geometry":{"type":"Point","coordinates":[-77.54921,37.60141]},"properties":{"kind":"rv_park","src":"overture:meta","name":"Comfort Zone Camp","website":"www.comfortzonecamp.org","addr":"8100 Three Chopt Rd, Henrico","elev_ft":282}},{"type":"Feature","geometry":{"type":"Point","coordinates":[-77.154488,38.683838]},"properties":{"kind":"campsite","src":"overture:meta","name":"Fort Belvoir Travel Camp","website":"http://www.belvoir.armymwr.com/us/belvoir/programs/recreational-lodging-travel-camp","addr":"10155 Johnston Rd, Fort Belvoir","elev_ft":46}},{"type":"Feature","geometry":{"type":"Point","coordinates":[-77.937988,39.09647]},"properties":{"kind":"campsite","src":"overture:meta","name":"Watermelon Park and RV Campground","website":"http://www.watermelonpark.com/","addr":"3322 Lockes Mill Rd, Berryville","elev_ft":367}},{"type":"Feature","geometry":{"type":"Point","coordinates":[-78.421822,38.595379]},"properties":{"kind":"rv_park","src":"overture:meta","name":"Shenandoah Woods Vacation Cabins","website":"http://www.shenandoahwoods.com/","addr":"6045 IDA Rd , Luray","elev_ft":1201}},{"type":"Feature","geometry":{"type":"Point","coordinates":[-80.619041,37.069298]},"properties":{"kind":"campsite","src":"overture:meta","name":"Roseberry Campground","addr":"Lakeland Road, Dublin","elev_ft":1860}},{"type":"Feature","geometry":{"type":"Point","coordinates":[-78.629135,36.661907]},"properties":{"kind":"campsite","src":"overture:meta","name":"Buffalo Park and Campground","website":"www.reserveamerica.com/camping/buffalo-park/r/campgroundDetails.do?...","addr":"5199 Carters Point Rd, Buffalo Junction","elev_ft":344}},{"type":"Feature","geometry":{"type":"Point","coordinates":[-80.790352,36.925514]},"properties":{"kind":"rv_park","src":"overture:meta","name":"Rivers Edge Trail Camp RV sites","addr":"131 Park Dr, Barren Springs","elev_ft":2110}},{"type":"Feature","geometry":{"type":"Point","coordinates":[-78.885681,38.576557]},"properties":{"kind":"campsite","src":"overture:meta","name":"Camp Still Meadows","website":"http://www.campstillmeadows.org","addr":"11912 Hollar School Rd, Linville","elev_ft":1663}},{"type":"Feature","geometry":{"type":"Point","coordinates":[-82.23407,36.604774]},"properties":{"kind":"campsite","src":"overture:meta","name":"Buck Rock Farm","website":"http://buckrockfarm.com/","addr":"Gate City Hwy, Bristol, VA 24202, United States, Bristol","elev_ft":1765}},{"type":"Feature","geometry":{"type":"Point","coordinates":[-82.301224,37.218876]},"properties":{"kind":"campsite","src":"overture:meta","name":"Mountain Top Campground","website":"https://app.fireflyreservations.com/reserve/property/MountainTopCampground","addr":"100 Kiwanis Park Rd, Haysi","elev_ft":1312}},{"type":"Feature","geometry":{"type":"Point","coordinates":[-77.334862,38.09074]},"properties":{"kind":"rv_park","src":"overture:meta","name":"Ft Ap Hill Champs Rv Park","addr":"Ap Hill, Bowling Green","elev_ft":230}},{"type":"Feature","geometry":{"type":"Point","coordinates":[-80.9776,36.740894]},"properties":{"kind":"campsite","src":"overture:Microsoft","name":"Riversong Cabins","website":"http://www.riversongcabins.com/","addr":"916 State Road 737, Fries","elev_ft":2513}},{"type":"Feature","geometry":{"type":"Point","coordinates":[-79.488747,37.608948]},"properties":{"kind":"campsite","src":"overture:Microsoft","name":"Jellystone Park\u2122 Natural Bridge","website":"https://www.sunoutdoors.com/virginia/jellystone-park-natural-bridge?utm_source=bing&utm_medium=organic&utm_campaign=bing_listing","addr":"16 Recreation Ln, Natural Bridge Station","elev_ft":794}},{"type":"Feature","geometry":{"type":"Point","coordinates":[-78.677803,38.598488]},"properties":{"kind":"campsite","src":"overture:Microsoft","name":"Endless Caverns RV Resort & Cavern Tours","website":"https://endlesscaverns.com/","addr":"1800 Endless Caverns Rd, New Market","elev_ft":1050}},{"type":"Feature","geometry":{"type":"Point","coordinates":[-77.422379,38.93198]},"properties":{"kind":"campsite","src":"overture:Microsoft","name":"ACE RV Sales and Rentals","website":"http://www.acervsales.com/","addr":"2875 Towerview Rd Ste A1, Herndon","elev_ft":325}},{"type":"Feature","geometry":{"type":"Point","coordinates":[-75.355499,37.929291]},"properties":{"kind":"campsite","src":"overture:Microsoft","name":"Jellystone Park\u2122 Chincoteague Island","website":"https://www.sunoutdoors.com/virginia/jellystone-park-chincoteague-island?utm_source=bing&utm_medium=organic&utm_campaign=bing_listing","addr":"6742 Maddox Blvd, Chincoteague Island","elev_ft":-3}},{"type":"Feature","geometry":{"type":"Point","coordinates":[-76.473457,37.297718]},"properties":{"kind":"rv_park","src":"overture:meta","name":"Yogi Bear's Jellystone Park","website":"http://www.jellystonegp.com","addr":"3149 Campground Rd, Hayes","elev_ft":33}},{"type":"Feature","geometry":{"type":"Point","coordinates":[-79.733841,37.867504]},"properties":{"kind":"campsite","src":"overture:meta","name":"Green Acres Va Camping","website":"https://www.hipcamp.com/en-US/land/virginia-green-acres-3-1xmhvw7n?shareid=1i7e715hrwt","addr":"303 Carter Cir, Clifton Forge","elev_ft":1129}},{"type":"Feature","geometry":{"type":"Point","coordinates":[-79.822662,38.188236]},"properties":{"kind":"campsite","src":"overture:meta","name":"Bath Co. Pump Storage Recreation Area ","addr":"7305 Big Back Creek Rd, Warm Springs","elev_ft":2067}},{"type":"Feature","geometry":{"type":"Point","coordinates":[-79.617752,37.523293]},"properties":{"kind":"campsite","src":"overture:meta","name":"North Creek Campground, Buchanan Virginia","website":"http://northcreekcampground.placeweb.site","elev_ft":1181}},{"type":"Feature","geometry":{"type":"Point","coordinates":[-77.869957,37.682194]},"properties":{"kind":"campsite","src":"overture:meta","name":"HOVC Scout Reservation","addr":"1700 Maidens Rd, Maidens","elev_ft":318}},{"type":"Feature","geometry":{"type":"Point","coordinates":[-79.149742,37.339211]},"properties":{"kind":"campsite","src":"overture:meta","name":"Camp Hydaway Lake","website":"https://runsignup.com/Race/VA/Lynchburg/FishingDerbyCampHydawayLake","elev_ft":817}},{"type":"Feature","geometry":{"type":"Point","coordinates":[-78.521034,37.999321]},"properties":{"kind":"campsite","src":"overture:meta","name":"Southwood Charlottesville","website":"https://www.cvillehabitat.org/who-we-are/contact.html","addr":"387 Hickory St, Charlottesville","elev_ft":443}},{"type":"Feature","geometry":{"type":"Point","coordinates":[-82.106201,36.648621]},"properties":{"kind":"campsite","src":"overture:meta","name":"Sugar Hollow Campground","website":"www.bristolva.org/index.aspx?NID=149","elev_ft":1982}},{"type":"Feature","geometry":{"type":"Point","coordinates":[-78.530144,38.303387]},"properties":{"kind":"campsite","src":"overture:meta","name":"Dave's Camp Site","addr":"2084 Snow Mountain Rd, Stanardsville","elev_ft":1332}},{"type":"Feature","geometry":{"type":"Point","coordinates":[-80.212486,37.222988]},"properties":{"kind":"rv_park","src":"overture:meta","name":"Hales Mobile Home Park","addr":"5215 Brookman Dr, Elliston","elev_ft":1289}},{"type":"Feature","geometry":{"type":"Point","coordinates":[-77.903221,38.100647]},"properties":{"kind":"campsite","src":"overture:meta","name":"Christopher Run Campground","website":"http://www.christopherruncampground.com","addr":"7149 Zachary Taylor Hwy, Mineral","elev_ft":338}},{"type":"Feature","geometry":{"type":"Point","coordinates":[-78.95192,38.603249]},"properties":{"kind":"campsite","src":"overture:meta","name":"Slate Lick Campground","addr":"Hog Pen Rd, Rockingham County","elev_ft":1332}},{"type":"Feature","geometry":{"type":"Point","coordinates":[-78.935341,36.586288]},"properties":{"kind":"campsite","src":"overture:meta","name":"Paradise Farm","website":"https://www.airbnb.com/h/primitivecampsite4","addr":"2238 Paradise Rd, Alton","elev_ft":394}},{"type":"Feature","geometry":{"type":"Point","coordinates":[-78.137131,38.087368]},"properties":{"kind":"rv_park","src":"overture:meta","name":"Shenandoah Crossing Resort","elev_ft":489}},{"type":"Feature","geometry":{"type":"Point","coordinates":[-79.723732,37.035851]},"properties":{"kind":"campsite","src":"overture:meta","name":"Smith Mountain Lake 4-H Educational Conference Center","website":"http://www.skelton4hcenter.org","addr":"775 Hermitage Rd, Wirtz","elev_ft":922}},{"type":"Feature","geometry":{"type":"Point","coordinates":[-75.781204,37.488853]},"properties":{"kind":"campsite","src":"overture:meta","name":"Virginia Landing Campground","website":"www.rvonthego.com/virginia/virginia-landing-rv-campground","elev_ft":10}},{"type":"Feature","geometry":{"type":"Point","coordinates":[-76.519592,37.545048]},"properties":{"kind":"campsite","src":"overture:meta","name":"Thousand Trails Campground","website":"thousandtrails.com","addr":"12014 Trails Ln, Gloucester","elev_ft":26}},{"type":"Feature","geometry":{"type":"Point","coordinates":[-77.882477,38.099751]},"properties":{"kind":"rv_park","src":"overture:meta","name":"Knotty Pines at Lake Anna","website":"http://www.knottypines.net/","addr":"291 S Bluewater Blvd, Mineral","elev_ft":328}},{"type":"Feature","geometry":{"type":"Point","coordinates":[-80.276611,36.992699]},"properties":{"kind":"campsite","src":"overture:meta","name":"Camp Creek at Little River Farm","website":"https://camp-creek-at-little-river-farm.business.site/","addr":"Bethlehem Church Rd NE, Floyd, VA 24091, United States, Floyd","elev_ft":2536}},{"type":"Feature","geometry":{"type":"Point","coordinates":[-77.467239,37.710392]},"properties":{"kind":"campsite","src":"overture:meta","name":"Stoney Run Village","website":"https://stoneyrunvillage.com/?utm_source=rvparkreviews.com&utm_campaign=RVLife_Campgrounds&utm_medium=referral","addr":"11197 Washington Hwy, Glen Allen","elev_ft":217}},{"type":"Feature","geometry":{"type":"Point","coordinates":[-78.26635,38.486568]},"properties":{"kind":"campsite","src":"overture:meta","name":"Bundokin","website":"http://WWW.BUNDOKIN.COM/","addr":"DULANEY MOUNTAIN ROAD, Madison","elev_ft":705}},{"type":"Feature","geometry":{"type":"Point","coordinates":[-76.391075,37.568317]},"properties":{"kind":"campsite","src":"overture:meta","name":"Bush Park Mobile Home Park","website":"http://www.bushparkcampingresort.com","elev_ft":49}},{"type":"Feature","geometry":{"type":"Point","coordinates":[-79.531265,37.647846]},"properties":{"kind":"campsite","src":"overture:meta","name":"Craig & Paula's Fire Pit in the Field","addr":"26 S Dry Well Rd, Natural Bridge","elev_ft":1289}},{"type":"Feature","geometry":{"type":"Point","coordinates":[-75.393127,37.912613]},"properties":{"kind":"campsite","src":"overture:meta","name":"Mire Pond","addr":"8027 Mire Pond One, Chincoteague","elev_ft":13}},{"type":"Feature","geometry":{"type":"Point","coordinates":[-81.606544,36.680283]},"properties":{"kind":"campsite","src":"overture:Foursquare","name":"Wilderness Trail","website":"http://www.wtrail.com","addr":"301 Wilderness Trl, Troutdale","elev_ft":3245}},{"type":"Feature","geometry":{"type":"Point","coordinates":[-81.189713,37.010445]},"properties":{"kind":"campsite","src":"overture:Foursquare","name":"Stony Fork Campground","website":"http://www.firstgov.gov","elev_ft":2431}},{"type":"Feature","geometry":{"type":"Point","coordinates":[-80.684898,36.980183]},"properties":{"kind":"campsite","src":"overture:Foursquare","name":"Camp Powhatan","website":"http://www.bsa-brmc.org","addr":"2600 Max Creek Rd, Hiwassee","elev_ft":1919}},{"type":"Feature","geometry":{"type":"Point","coordinates":[-80.415016,37.256973]},"properties":{"kind":"campsite","src":"overture:Foursquare","name":"Camp Tuk-a-Way","website":"http://www.camptukaway.com","addr":"2262 Craig Creek Rd, Blacksburg","elev_ft":2267}},{"type":"Feature","geometry":{"type":"Point","coordinates":[-80.239494,36.596813]},"properties":{"kind":"campsite","src":"overture:Foursquare","name":"Wayside Bluegrass Festival","website":"http://www.waysidepark.com","addr":"332 Wayside Park Rd, Stuart","elev_ft":1250}},{"type":"Feature","geometry":{"type":"Point","coordinates":[-80.072388,36.834023]},"properties":{"kind":"campsite","src":"overture:Foursquare","name":"Horseshoe Point","website":"http://www.recreation.gov/camping/horseshoe-point/r/campgroundDetails.do?contractCode=NRSO&parkId=73211","addr":"3950 Horseshoe Point Rd, Henry","elev_ft":1027}},{"type":"Feature","geometry":{"type":"Point","coordinates":[-78.930244,37.108467]},"properties":{"kind":"campsite","src":"overture:Foursquare","name":"Camp Hat Creek","website":"http://www.hatcreekcamps.org","elev_ft":558}},{"type":"Feature","geometry":{"type":"Point","coordinates":[-80.008278,37.543961]},"properties":{"kind":"campsite","src":"overture:Foursquare","name":"Camp Easter Seals","website":"http://www.campeastersealsucp.com","elev_ft":1237}},{"type":"Feature","geometry":{"type":"Point","coordinates":[-79.903099,37.53867]},"properties":{"kind":"campsite","src":"overture:Foursquare","name":"Camp Eagle","website":"http://www.campeagleva.org","addr":"291-415 Camp Eagle Rd, Fincastle","elev_ft":1175}},{"type":"Feature","geometry":{"type":"Point","coordinates":[-79.635956,37.555679]},"properties":{"kind":"campsite","src":"overture:Foursquare","name":"Breeden Bottom Campground","website":"http://canoevirginia.net","elev_ft":774}},{"type":"Feature","geometry":{"type":"Point","coordinates":[-79.528091,37.60294]},"properties":{"kind":"campsite","src":"overture:Foursquare","name":"River Front Campground","website":"http://www.canoevirginia.net","elev_ft":719}},{"type":"Feature","geometry":{"type":"Point","coordinates":[-78.016159,37.540077]},"properties":{"kind":"campsite","src":"overture:Foursquare","name":"Cozy Acres","website":"http://www.cozyacres.com","addr":"2177 Ridge Rd, Powhatan","elev_ft":361}},{"type":"Feature","geometry":{"type":"Point","coordinates":[-77.65699,38.30851]},"properties":{"kind":"campsite","src":"overture:Foursquare","name":"Wilderness Presidential Resorts","addr":"9220 Plank Rd, Spotsylvania","elev_ft":351}},{"type":"Feature","geometry":{"type":"Point","coordinates":[-77.552437,38.144203]},"properties":{"kind":"campsite","src":"overture:Foursquare","name":"Indian Acres Club of Thornburg","website":"http://www.indianacres.org","addr":"Morris Rd., Thornburg","elev_ft":249}},{"type":"Feature","geometry":{"type":"Point","coordinates":[-77.496979,37.738804]},"properties":{"kind":"campsite","src":"overture:Foursquare","name":"Calvary Campground","website":"http://calvarycampground.org","addr":"Heflin lane, Ashland","elev_ft":233}},{"type":"Feature","geometry":{"type":"Point","coordinates":[-77.519539,38.759144]},"properties":{"kind":"campsite","src":"overture:Foursquare","name":"The EDGE at Mason","website":"http://www.edgeatmason.com","addr":"9100 Freedom Center Blvd, Manassas","elev_ft":249}},{"type":"Feature","geometry":{"type":"Point","coordinates":[-77.461563,38.758617]},"properties":{"kind":"campsite","src":"overture:Foursquare","name":"Manassas Mobile Home Park","website":"http://manassas.virginia.com","addr":"9011 Centreville Rd Trlr 49, Manassas","elev_ft":299}},{"type":"Feature","geometry":{"type":"Point","coordinates":[-78.454315,38.815529]},"properties":{"kind":"campsite","src":"overture:Foursquare","name":"Shenandoah Meadows","website":"https://shenmeadows.com/contact-us","addr":"443 Meadow View Ln, Fort Valley","elev_ft":991}},{"type":"Feature","geometry":{"type":"Point","coordinates":[-78.311958,39.00856]},"properties":{"kind":"campsite","src":"overture:Foursquare","name":"Battle Of Cedar Creek Campground","website":"http://www.battlecampvirginia.com","addr":"Valley Pike, Middletown","elev_ft":548}},{"type":"Feature","geometry":{"type":"Point","coordinates":[-76.609352,36.703423]},"properties":{"kind":"campsite","src":"overture:Foursquare","name":"Davis Lakes & Campgrounds","website":"http://www.davislakescampground.net","addr":"200 Byrd St, Suffolk","elev_ft":59}},{"type":"Feature","geometry":{"type":"Point","coordinates":[-75.956871,36.767799]},"properties":{"kind":"campsite","src":"overture:Foursquare","name":"Dam Neck Campground","website":"https://www.militarycampgrounds.us/virginia/sea-mist-rv-campground","addr":"2076 Regulus Ave, Virginia Beach","elev_ft":13}},{"type":"Feature","geometry":{"type":"Point","coordinates":[-76.077789,36.749855]},"properties":{"kind":"campsite","src":"overture:Foursquare","name":"hope haven","website":"https://www.unionmissionministries.org/get-involved/camp-hope-haven","addr":"3000 North Landing Rd, Virginia Beach","elev_ft":26}},{"type":"Feature","geometry":{"type":"Point","coordinates":[-80.855812,36.872364]},"properties":{"kind":"rv_park","src":"overture:meta","name":"Rivers Edge Trail Camp","website":"https://www.hipcamp.com/en-US/discover/virginia/rivers-edge-trail-camp","elev_ft":2139}},{"type":"Feature","geometry":{"type":"Point","coordinates":[-75.451202,37.955605]},"properties":{"kind":"campsite","src":"overture:meta","name":"Trails End Resort Campground","website":"www.TrailsEndAssoc.com","elev_ft":49}},{"type":"Feature","geometry":{"type":"Point","coordinates":[-80.859528,36.884796]},"properties":{"kind":"campsite","src":"overture:meta","name":"Millrace Campground","elev_ft":1877}},{"type":"Feature","geometry":{"type":"Point","coordinates":[-78.072449,36.565197]},"properties":{"kind":"campsite","src":"overture:meta","name":"Americamps Lake Gaston","addr":"263 Edgewood Dr, Bracey","elev_ft":240}},{"type":"Feature","geometry":{"type":"Point","coordinates":[-77.419022,37.605389]},"properties":{"kind":"campsite","src":"overture:meta","name":"Chickahominy Ridge","addr":"5202 Richmond Henrico Tpke, Richmond","elev_ft":184}},{"type":"Feature","geometry":{"type":"Point","coordinates":[-75.688026,37.604828]},"properties":{"kind":"campsite","src":"overture:meta","name":"Camp FLM","website":"http://www.campflm.com/","addr":"26 Atlantic Ave, Wachapreague","elev_ft":3}},{"type":"Feature","geometry":{"type":"Point","coordinates":[-78.654381,38.738506]},"properties":{"kind":"campsite","src":"overture:meta","name":"Endless Caverns Campground","website":"http://endlesscaverns.com/","addr":"1798 Endless Caverns Rd, Timberville","elev_ft":974}},{"type":"Feature","geometry":{"type":"Point","coordinates":[-79.911987,37.272255]},"properties":{"kind":"campsite","src":"overture:meta","name":"Izaak Walton Campground, Clayton Lake","addr":"6215 Izaak Walton League Rd, Hiwassee","elev_ft":958}},{"type":"Feature","geometry":{"type":"Point","coordinates":[-79.914062,37.367611]},"properties":{"kind":"campsite","src":"overture:meta","name":"McFarland RV Park","website":"http://mcfarlandrvpark.placeweb.site","addr":"203 McFarland Rd, Roanoke","elev_ft":1181}},{"type":"Feature","geometry":{"type":"Point","coordinates":[-79.43692,37.393734]},"properties":{"kind":"rv_park","src":"overture:meta","name":"Rose Cottage at Oldenacres","website":"https://www.homeaway.com/vacation-rental/p4568263","addr":"2932 Hawkins Ridge Rd, Goode","elev_ft":876}},{"type":"Feature","geometry":{"type":"Point","coordinates":[-80.856857,37.371506]},"properties":{"kind":"campsite","src":"overture:meta","name":"Glen Lyn Camp Ground","elev_ft":1483}},{"type":"Feature","geometry":{"type":"Point","coordinates":[-82.449959,37.15308]},"properties":{"kind":"campsite","src":"overture:meta","name":"Pound River Campground","addr":"Chase St, Clintwood","elev_ft":1762}},{"type":"Feature","geometry":{"type":"Point","coordinates":[-78.500267,38.131344]},"properties":{"kind":"campsite","src":"overture:meta","name":"ARC Natural History Day Camp","website":"http://www.arcnaturalhistorydaycamp.com/","addr":"3550 Reas Ford Ln, Earlysville","elev_ft":512}},{"type":"Feature","geometry":{"type":"Point","coordinates":[-76.014183,37.287029]},"properties":{"kind":"campsite","src":"overture:meta","name":"Cherry Stone Campground.","elev_ft":3}},{"type":"Feature","geometry":{"type":"Point","coordinates":[-76.485786,37.899853]},"properties":{"kind":"campsite","src":"overture:meta","name":"Kirkland Campground","elev_ft":112}},{"type":"Feature","geometry":{"type":"Point","coordinates":[-79.945877,37.520504]},"properties":{"kind":"campsite","src":"overture:meta","name":"Camp Creed","website":"http://www.alliancepestpro.com/","addr":"2136 Lees Gap Rd, Fincastle","elev_ft":1342}},{"type":"Feature","geometry":{"type":"Point","coordinates":[-76.246887,36.569519]},"properties":{"kind":"campsite","src":"overture:meta","name":"Stewart Campgrounds","website":"http://www.ngis.dodlodging.net/","addr":"237 Relay Rd, Chesapeake","elev_ft":26}},{"type":"Feature","geometry":{"type":"Point","coordinates":[-77.006378,36.76004]},"properties":{"kind":"campsite","src":"overture:meta","name":"Camp Darden","website":"http://www.campnavigator.com/summer-camp/Camp_Darden_1697.html","addr":"18406 Darden Scout Rd, Southampton County","elev_ft":112}},{"type":"Feature","geometry":{"type":"Point","coordinates":[-78.459984,38.665726]},"properties":{"kind":"campsite","src":"overture:meta","name":"Lewis Mountain Campground","website":"http://www.nps.gov/shen/planyourvisit/campgrounds.htm","addr":"26 N Broad St, Luray","elev_ft":810}},{"type":"Feature","geometry":{"type":"Point","coordinates":[-80.087799,36.783638]},"properties":{"kind":"campsite","src":"overture:meta","name":"Goose Point Campgrounds","elev_ft":1421}},{"type":"Feature","geometry":{"type":"Point","coordinates":[-77.439041,37.847462]},"properties":{"kind":"campsite","src":"overture:meta","name":"Kings Domimion Camp Wilderness Camp Ground","website":"http://www.kingsdominion.com/accommodations/Kings-Dominion-Camp-Wilderness","addr":"10061 Kings Dominion Blvd, Doswell","elev_ft":115}},{"type":"Feature","geometry":{"type":"Point","coordinates":[-78.716812,38.8475]},"properties":{"kind":"campsite","src":"overture:meta","name":"Camp Horizons","elev_ft":1394}},{"type":"Feature","geometry":{"type":"Point","coordinates":[-78.664803,38.253414]},"properties":{"kind":"campsite","src":"overture:meta","name":"Loft Mountain Campground","addr":"Loft Mountain Rd, Albemarle County","elev_ft":3104}},{"type":"Feature","geometry":{"type":"Point","coordinates":[-75.450386,37.958755]},"properties":{"kind":"campsite","src":"overture:meta","name":"Trails End Horn-Town VA","website":"https://www.trails-end.com/","addr":"5360 Trails End Dr, Horntown","elev_ft":46}},{"type":"Feature","geometry":{"type":"Point","coordinates":[-80.430412,36.880547]},"properties":{"kind":"campsite","src":"overture:meta","name":"Indigo Mountain Farm","website":"http://Indigomountain.farm/","addr":"564 Indigomountain Rd, Floyd","elev_ft":2628}},{"type":"Feature","geometry":{"type":"Point","coordinates":[-80.790382,36.739559]},"properties":{"kind":"campsite","src":"overture:meta","name":"Carrollwood Campground & Fish Lakes","website":"http://www.virginia.org/Listings/PlacesToStay/CarrollwoodCampgroundandFishLakes/","addr":"86 Carrollwood Dr, Woodlawn","elev_ft":2579}},{"type":"Feature","geometry":{"type":"Point","coordinates":[-81.115585,36.935516]},"properties":{"kind":"campsite","src":"overture:meta","name":"Rural Retreat Fishing Lake & Campgrounds","website":"http://www.wytheco.org","addr":"250 Lakeview Dr, Wytheville","elev_ft":2333}},{"type":"Feature","geometry":{"type":"Point","coordinates":[-78.237633,38.563744]},"properties":{"kind":"campsite","src":"overture:meta","name":"Belle Meade Day Camp","website":"http://www.bellemeade.net/","addr":"353 F T Valley Rd, Sperryville","elev_ft":653}},{"type":"Feature","geometry":{"type":"Point","coordinates":[-78.88131,37.691036]},"properties":{"kind":"campsite","src":"overture:meta","name":"Lake Nelson Campground","addr":"801 Lake Nelson Ln, Arrington","elev_ft":617}},{"type":"Feature","geometry":{"type":"Point","coordinates":[-81.369987,36.736607]},"properties":{"kind":"campsite","src":"overture:meta","name":"Houndshell Camp Ground","website":"http://www.graysoncountyva.com","addr":"12749 Flatridge Rd, Troutdale","elev_ft":3465}},{"type":"Feature","geometry":{"type":"Point","coordinates":[-78.761589,38.247772]},"properties":{"kind":"campsite","src":"overture:meta","name":"Furnace Mountain Sumit","elev_ft":2582}},{"type":"Feature","geometry":{"type":"Point","coordinates":[-79.407181,37.834888]},"properties":{"kind":"campsite","src":"overture:meta","name":"Long's Campground","addr":"82 Campground Ln, Lexington","elev_ft":1365}},{"type":"Feature","geometry":{"type":"Point","coordinates":[-79.912445,37.075214]},"properties":{"kind":"rv_park","src":"overture:meta","name":"Fleetwood Homes","website":"http://fleetwoodhomes.com","addr":"21231 Virgil H Goode Hwy, Rocky Mount","elev_ft":1152}},{"type":"Feature","geometry":{"type":"Point","coordinates":[-78.241814,38.484203]},"properties":{"kind":"campsite","src":"overture:meta","name":"Camp Shenandoah Springs","website":"https://campshenandoahsprings.org/","addr":"544 Stage Coach Ln, Madison","elev_ft":630}},{"type":"Feature","geometry":{"type":"Point","coordinates":[-77.331154,37.629257]},"properties":{"kind":"campsite","src":"overture:meta","name":"Mathews Arm Campground","website":"http://www.nps.gov/shen/planyourvisit/campgrounds.htm","elev_ft":180}},{"type":"Feature","geometry":{"type":"Point","coordinates":[-78.033661,37.785782]},"properties":{"kind":"campsite","src":"overture:meta","name":"Honeysuckle Hideaway","addr":"5370 Matthews Rd, Goochland","elev_ft":371}},{"type":"Feature","geometry":{"type":"Point","coordinates":[-75.383987,37.909996]},"properties":{"kind":"rv_park","src":"overture:meta","name":"Tom's Cove Quarter Horses","website":"http://www.tomscovepark.com","addr":"8229 Beebe Rd, Chincoteague","elev_ft":20}},{"type":"Feature","geometry":{"type":"Point","coordinates":[-80.353165,37.212978]},"properties":{"kind":"campsite","src":"overture:meta","name":"New River Junction Campground","website":"http://www.newriverjunction.com","addr":"1115 Arrington Rd, Blacksburg","elev_ft":1555}},{"type":"Feature","geometry":{"type":"Point","coordinates":[-78.443001,36.659782]},"properties":{"kind":"campsite","src":"overture:meta","name":"Rudd's Creek Rec. Area. Campground","elev_ft":315}},{"type":"Feature","geometry":{"type":"Point","coordinates":[-78.155365,39.12534]},"properties":{"kind":"rv_park","src":"overture:meta","name":"Shenandoah Mobile Court","website":"http://www.shentel.com","addr":"1405 Front Royal Pike, Winchester","elev_ft":719}},{"type":"Feature","geometry":{"type":"Point","coordinates":[-79.495491,37.613297]},"properties":{"kind":"campsite","src":"overture:meta","name":"Elk Creek Campground","elev_ft":735}},{"type":"Feature","geometry":{"type":"Point","coordinates":[-77.491936,37.487839]},"properties":{"kind":"rv_park","src":"overture:meta","name":"Worsham Mobile Home Park","website":"http://www.wmhp.com","addr":"5510 Linwood Ave, Richmond","elev_ft":233}},{"type":"Feature","geometry":{"type":"Point","coordinates":[-78.421028,38.53389]},"properties":{"kind":"campsite","src":"overture:meta","name":"Shenandoah Mountains","elev_ft":3077}},{"type":"Feature","geometry":{"type":"Point","coordinates":[-79.815628,38.092091]},"properties":{"kind":"campsite","src":"overture:meta","name":"Hidden Valley Campground","elev_ft":1913}},{"type":"Feature","geometry":{"type":"Point","coordinates":[-76.332153,37.490578]},"properties":{"kind":"campsite","src":"overture:meta","name":"Burkes Pond","elev_ft":23}},{"type":"Feature","geometry":{"type":"Point","coordinates":[-79.987572,37.434654]},"properties":{"kind":"campsite","src":"overture:meta","name":"Lamberts Meadow Shelter","website":"http://lambertsmeadowshelter.placeweb.site/","elev_ft":2175}},{"type":"Feature","geometry":{"type":"Point","coordinates":[-77.194801,38.955204]},"properties":{"kind":"campsite","src":"overture:meta","name":"Beaufort Park","elev_ft":315}},{"type":"Feature","geometry":{"type":"Point","coordinates":[-79.152153,38.312084]},"properties":{"kind":"campsite","src":"overture:meta","name":"Buck Hill Camp Inc","addr":"310 Oak Hill School Rd, Mt Solon","elev_ft":1627}},{"type":"Feature","geometry":{"type":"Point","coordinates":[-79.752472,37.47884]},"properties":{"kind":"campsite","src":"overture:meta","name":"Crouch's Creek","addr":"138 Swartz Rd, Buchanan","elev_ft":965}},{"type":"Feature","geometry":{"type":"Point","coordinates":[-77.818512,37.521893]},"properties":{"kind":"campsite","src":"overture:meta","name":"Powhatan Woods","elev_ft":404}},{"type":"Feature","geometry":{"type":"Point","coordinates":[-77.477402,37.552109]},"properties":{"kind":"campsite","src":"overture:meta","name":"Sai Sen","website":"https://www.saisenco.com/","addr":"2820 W Cary St, Richmond","elev_ft":236}},{"type":"Feature","geometry":{"type":"Point","coordinates":[-75.964317,37.287899]},"properties":{"kind":"campsite","src":"overture:meta","name":"Koa Chesapeake Resort","elev_ft":46}},{"type":"Feature","geometry":{"type":"Point","coordinates":[-76.731102,37.220234]},"properties":{"kind":"campsite","src":"overture:meta","name":"Camp Lightfoot","website":"http://camplightfoot.org","addr":"1811 Treasure Island Rd, Williamsburg","elev_ft":23}},{"type":"Feature","geometry":{"type":"Point","coordinates":[-78.445618,38.674736]},"properties":{"kind":"campsite","src":"overture:meta","name":"Elkwallow Wayside","elev_ft":787}},{"type":"Feature","geometry":{"type":"Point","coordinates":[-82.534035,36.937706]},"properties":{"kind":"rv_park","src":"overture:meta","name":"Riverside Campground","addr":"10106 Washington Rd, Coeburn","elev_ft":1988}},{"type":"Feature","geometry":{"type":"Point","coordinates":[-78.238518,38.947903]},"properties":{"kind":"campsite","src":"overture:meta","name":"Elizabeth's Furnace Campground","elev_ft":653}},{"type":"Feature","geometry":{"type":"Point","coordinates":[-75.374992,37.917179]},"properties":{"kind":"rv_park","src":"overture:meta","name":"Tom's Cove","website":"tomscovepark.com","elev_ft":7}},{"type":"Feature","geometry":{"type":"Point","coordinates":[-80.6903,37.084694]},"properties":{"kind":"campsite","src":"overture:meta","name":"Millrace Campground","elev_ft":2096}},{"type":"Feature","geometry":{"type":"Point","coordinates":[-78.033371,38.930618]},"properties":{"kind":"campsite","src":"overture:meta","name":"Manassas Gap Shelter On The AT","elev_ft":1693}},{"type":"Feature","geometry":{"type":"Point","coordinates":[-78.373573,36.560558]},"properties":{"kind":"campsite","src":"overture:meta","name":"Camp W.D. Campbell","elev_ft":354}},{"type":"Feature","geometry":{"type":"Point","coordinates":[-76.754448,36.991856]},"properties":{"kind":"rv_park","src":"overture:meta","name":"Timberline Ranch LLC","website":"https://www.airbnb.com/h/timberlineranch","addr":"9590 Stallings Creek Dr, Smithfield","elev_ft":79}},{"type":"Feature","geometry":{"type":"Point","coordinates":[-78.296753,38.844158]},"properties":{"kind":"campsite","src":"overture:meta","name":"Massanutten Canoe Company","addr":"4028 Stonewall Jackson Hwy, Bentonville","elev_ft":748}},{"type":"Feature","geometry":{"type":"Point","coordinates":[-80.358398,36.805832]},"properties":{"kind":"campsite","src":"overture:meta","name":"Rocky Knob National Campground On The Blue Ridge Parkway","addr":"Floyd","elev_ft":3317}},{"type":"Feature","geometry":{"type":"Point","coordinates":[-79.971024,37.277588]},"properties":{"kind":"campsite","src":"overture:meta","name":"Crazy Horse Marina & Campgrounds","addr":"400 Crazy Horse Dr, Moneta","elev_ft":1017}},{"type":"Feature","geometry":{"type":"Point","coordinates":[-81.39801,36.667625]},"properties":{"kind":"campsite","src":"overture:meta","name":"Houndshell Campground","addr":"601 Flat Ridge Rd, Troutdale","elev_ft":2661}},{"type":"Feature","geometry":{"type":"Point","coordinates":[-78.104622,37.917507]},"properties":{"kind":"campsite","src":"overture:meta","name":"CampOut","website":"http://campout.com/","elev_ft":443}},{"type":"Feature","geometry":{"type":"Point","coordinates":[-81.645035,37.157314]},"properties":{"kind":"campsite","src":"overture:meta","name":"Lazy K Ranch","addr":"383 Hobo Camp Rd, Bandy","elev_ft":2100}},{"type":"Feature","geometry":{"type":"Point","coordinates":[-78.549019,36.574974]},"properties":{"kind":"campsite","src":"overture:meta","name":"Longwood Park Campground","website":"http://www.recreation.gov","addr":"13500 Highway Fifteen, Clarksville","elev_ft":325}},{"type":"Feature","geometry":{"type":"Point","coordinates":[-76.543053,37.427547]},"properties":{"kind":"campsite","src":"overture:meta","name":"Melvin's Woodhouse","addr":"6093 Beaver Spring Rd, Gloucester","elev_ft":112}},{"type":"Feature","geometry":{"type":"Point","coordinates":[-77.538971,37.574116]},"properties":{"kind":"campsite","src":"overture:meta","name":"Kesem at University of Richmond","website":"https://linktr.ee/kesem.urichmond","addr":"University of Richmond, 410 Westhampton Way, Richmond","elev_ft":171}},{"type":"Feature","geometry":{"type":"Point","coordinates":[-78.8255,38.473583]},"properties":{"kind":"campsite","src":"overture:meta","name":"Camp Horizons","website":"http://www.pureenvironmentalsolutions.com","addr":"3060 N Valley Pike, Harrisonburg","elev_ft":1296}},{"type":"Feature","geometry":{"type":"Point","coordinates":[-79.8713,37.150089]},"properties":{"kind":"campsite","src":"overture:meta","name":"Ponderosa Camp Ground","addr":"4381 Jubal Early Hwy, Boones Mill","elev_ft":1125}},{"type":"Feature","geometry":{"type":"Point","coordinates":[-78.244766,39.293148]},"properties":{"kind":"campsite","src":"overture:meta","name":"Laurel Brigade ANV","website":"http://www.n-ssa.org/","addr":"480 Chalybeate Springs Rd, Winchester","elev_ft":630}},{"type":"Feature","geometry":{"type":"Point","coordinates":[-79.062271,38.473129]},"properties":{"kind":"campsite","src":"overture:meta","name":"Union Springs Mud Pond Ride","elev_ft":1627}},{"type":"Feature","geometry":{"type":"Point","coordinates":[-78.580803,38.565975]},"properties":{"kind":"campsite","src":"overture:meta","name":"Dam Acres Campgrounds","addr":"1299 Dam Acres Rd, Stanley","elev_ft":932}},{"type":"Feature","geometry":{"type":"Point","coordinates":[-75.958588,37.29398]},"properties":{"kind":"rv_park","src":"overture:meta","name":"Cherry Stone Creek Virginia","website":"http://www.cherrystoneva.com/","addr":"21131 Webster Rd, Cape Charles","elev_ft":43}},{"type":"Feature","geometry":{"type":"Point","coordinates":[-80.675903,37.340038]},"properties":{"kind":"campsite","src":"overture:meta","name":"Buzzo Family Campground","elev_ft":1627}},{"type":"Feature","geometry":{"type":"Point","coordinates":[-77.384575,38.492992]},"properties":{"kind":"campsite","src":"overture:meta","name":"Po'dung","elev_ft":154}},{"type":"Feature","geometry":{"type":"Point","coordinates":[-78.363571,37.522923]},"properties":{"kind":"campsite","src":"overture:meta","name":"Lionheart Resorts","website":"http://www.espva.org/","addr":"433 New Dominion Ln, Cumberland","elev_ft":459}},{"type":"Feature","geometry":{"type":"Point","coordinates":[-80.954742,37.186588]},"properties":{"kind":"campsite","src":"overture:meta","name":"Nuthouse Farms","addr":"Holly Brook,, Bland","elev_ft":2159}},{"type":"Feature","geometry":{"type":"Point","coordinates":[-80.700912,36.669899]},"properties":{"kind":"campsite","src":"overture:meta","name":"Utt's Fancy Gap Mountaintop Campground","website":"http://www.uttscampground.net/","addr":"574 Campground Road, Fancy Gap","elev_ft":2969}},{"type":"Feature","geometry":{"type":"Point","coordinates":[-77.338737,38.396732]},"properties":{"kind":"campsite","src":"overture:meta","name":"Camp Coles Trip","elev_ft":148}},{"type":"Feature","geometry":{"type":"Point","coordinates":[-81.486259,36.639759]},"properties":{"kind":"campsite","src":"overture:meta","name":"Grayson Highlands Campground","addr":"Grayson Highlands State Park Visitors Center, VA-362, Grayson County","elev_ft":4314}},{"type":"Feature","geometry":{"type":"Point","coordinates":[-80.314079,36.908024]},"properties":{"kind":"campsite","src":"overture:meta","name":"Green Acres Resort Floyd","website":"http://greenacresresortfloyd.com/","addr":"400 Baker St SE, Floyd","elev_ft":2497}},{"type":"Feature","geometry":{"type":"Point","coordinates":[-80.021362,36.749161]},"properties":{"kind":"rv_park","src":"overture:meta","name":"Ralphs Trailer Court","addr":"970 Crestview Dr, Bassett","elev_ft":935}},{"type":"Feature","geometry":{"type":"Point","coordinates":[-76.794159,36.784065]},"properties":{"kind":"rv_park","src":"overture:meta","name":"Oaks Mobile Estates","addr":"26135 Woodview Ln, Windsor","elev_ft":69}},{"type":"Feature","geometry":{"type":"Point","coordinates":[-77.217979,38.880981]},"properties":{"kind":"campsite","src":"overture:meta","name":"Fish and Explore","website":"http://www.fishandexplore.com/","addr":"2717 Pioneer Ln, Falls Church","elev_ft":384}},{"type":"Feature","geometry":{"type":"Point","coordinates":[-77.261391,38.898441]},"properties":{"kind":"campsite","src":"overture:meta","name":"Hoop Campus","website":"https://web1.vermontsystems.com/wbwsc/vaviennawt.wsc/search.html","addr":"120 Cherry St SE, Vienna","elev_ft":387}},{"type":"Feature","geometry":{"type":"Point","coordinates":[-80.330704,36.929905]},"properties":{"kind":"campsite","src":"overture:meta","name":"Hippie Hollow","website":"https://www.hipcamp.com/en-US/land/virginia-hippie-hollow-1-zwjh25v2","addr":"709 Webbs Mill Rd N, Floyd","elev_ft":2205}},{"type":"Feature","geometry":{"type":"Point","coordinates":[-79.017746,37.91909]},"properties":{"kind":"campsite","src":"overture:meta","name":"Sherando Lake Group Camp","addr":"27 Ranger Ln, Augusta County","elev_ft":1965}},{"type":"Feature","geometry":{"type":"Point","coordinates":[-77.144089,38.690517]},"properties":{"kind":"campsite","src":"overture:meta","name":"Fort Belvoir RV Storage Area","addr":"Dalrymple Rd, Fort Belvoir","elev_ft":128}},{"type":"Feature","geometry":{"type":"Point","coordinates":[-78.61438,38.427315]},"properties":{"kind":"rv_park","src":"overture:meta","name":"Kite's Trailer Parks","addr":"16670 Kites Dr, Elkton","elev_ft":997}},{"type":"Feature","geometry":{"type":"Point","coordinates":[-83.345451,36.654854]},"properties":{"kind":"campsite","src":"overture:meta","name":"Mountain Top Tipi Rentals ","addr":"848 Balls Chapel Rd, Rose Hill","elev_ft":1677}},{"type":"Feature","geometry":{"type":"Point","coordinates":[-79.123779,37.988125]},"properties":{"kind":"rv_park","src":"overture:meta","name":"Sipapu","website":"http://stoneycreekresort.net","addr":"277 Lake Dr, Greenville","elev_ft":1644}},{"type":"Feature","geometry":{"type":"Point","coordinates":[-80.146423,36.76479]},"properties":{"kind":"campsite","src":"overture:meta","name":"Goblin Fairy Farms","website":"http://goblinfairyfarms.com/","addr":"1467 Indian Hollow Cir, Stuart","elev_ft":1243}},{"type":"Feature","geometry":{"type":"Point","coordinates":[-80.918686,36.948494]},"properties":{"kind":"campsite","src":"overture:meta","name":"Pioneer Village Campground","website":"https://pioneervillagecampground.com/","addr":"3627 E Lee Hwy, Max Meadows","elev_ft":2103}},{"type":"Feature","geometry":{"type":"Point","coordinates":[-76.892532,37.871178]},"properties":{"kind":"rv_park","src":"overture:meta","name":"Archa Liles Country Mobile Home","addr":"124 Liles Ct, Tappahannock","elev_ft":131}},{"type":"Feature","geometry":{"type":"Point","coordinates":[-76.697426,37.825642]},"properties":{"kind":"campsite","src":"overture:meta","name":"Maggie's Farm Productions LLC.","website":"http://Maggiesfarmllc.com/","addr":"5751 Sharps Rd, Warsaw","elev_ft":20}},{"type":"Feature","geometry":{"type":"Point","coordinates":[-79.072952,38.150177]},"properties":{"kind":"campsite","src":"overture:meta","name":"Camp Quest","website":"http://www.campquest.org/","elev_ft":1421}},{"type":"Feature","geometry":{"type":"Point","coordinates":[-80.739365,36.757545]},"properties":{"kind":"rv_park","src":"overture:meta","name":"Tickles Oak Ridge Labor Day/ Memorial Day camping and vending.","addr":"115 Veteran St, Hillsville","elev_ft":2425}},{"type":"Feature","geometry":{"type":"Point","coordinates":[-78.280533,37.635277]},"properties":{"kind":"campsite","src":"overture:meta","name":"Martins Landing Camp","website":"http://www.martinslandingcamp.com/","addr":"1294 Randolph Creek Rd, New Canton","elev_ft":289}},{"type":"Feature","geometry":{"type":"Point","coordinates":[-76.385986,37.870617]},"properties":{"kind":"campsite","src":"overture:meta","name":"Camp Kittamaquad","elev_ft":230}},{"type":"Feature","geometry":{"type":"Point","coordinates":[-79.271332,36.580296]},"properties":{"kind":"rv_park","src":"overture:meta","name":"Virginia-Carolina Mobile Sales","website":"http://www.thevirginiacarolinahomes.com","addr":"4358 South Boston Hwy, Ringgold","elev_ft":492}},{"type":"Feature","geometry":{"type":"Point","coordinates":[-79.681183,37.033119]},"properties":{"kind":"campsite","src":"overture:meta","name":"Camp Kilowatt","elev_ft":817}},{"type":"Feature","geometry":{"type":"Point","coordinates":[-80.816681,36.914669]},"properties":{"kind":"campsite","src":"overture:meta","name":"Dragon Riders Retreat","website":"http://dragonridersretreat.com/","addr":"357 Lone Ash Rd, Barren Springs","elev_ft":2073}},{"type":"Feature","geometry":{"type":"Point","coordinates":[-81.346519,37.29879]},"properties":{"kind":"rv_park","src":"overture:meta","name":"Two Hundred Acre Woods","addr":"144 Bethel Dr, Pocahontas","elev_ft":2533}},{"type":"Feature","geometry":{"type":"Point","coordinates":[-78.187508,37.605644]},"properties":{"kind":"campsite","src":"overture:meta","name":"Sportsman Campground","addr":"266 Game Farm Rd, Cumberland","elev_ft":322}},{"type":"Feature","geometry":{"type":"Point","coordinates":[-77.377876,37.518009]},"properties":{"kind":"campsite","src":"overture:meta","name":"CDL Camper Rentals & Transport","elev_ft":174}},{"type":"Feature","geometry":{"type":"Point","coordinates":[-80.05444,37.569168]},"properties":{"kind":"campsite","src":"ridb","name":"Fenwick Mines Pavilion","reservation":"yes","addr":"Blacksburg","elev_ft":1503}},{"type":"Feature","geometry":{"type":"Point","coordinates":[-78.305261,36.599138]},"properties":{"kind":"campsite","src":"ridb","name":"Old Picnic Area (John H Kerr)","reservation":"yes","addr":"Boydton","elev_ft":325}},{"type":"Feature","geometry":{"type":"Point","coordinates":[-81.04278,36.833332]},"properties":{"kind":"campsite","src":"ridb","name":"Collins Cove Horse Campground","reservation":"yes","addr":"Ivanhoe","elev_ft":2241}},{"type":"Feature","geometry":{"type":"Point","coordinates":[-78.548927,36.576814]},"properties":{"kind":"campsite","src":"ridb","name":"Longwood Park Picnic Shelter","reservation":"yes","addr":"Clarksville","elev_ft":338}},{"type":"Feature","geometry":{"type":"Point","coordinates":[-80.336415,36.806412]},"properties":{"kind":"campsite","src":"ridb","name":"Rock Castle Gorge Backcountry Camping","reservation":"yes","addr":"Floyd","elev_ft":1850}},{"type":"Feature","geometry":{"type":"Point","coordinates":[-78.297869,38.76005]},"properties":{"kind":"campsite","src":"ridb","name":"Mathews Arm Campground","reservation":"yes","addr":"Luray","elev_ft":2736}},{"type":"Feature","geometry":{"type":"Point","coordinates":[-77.053333,38.714722]},"properties":{"kind":"campsite","src":"ridb","name":"Fort Hunt Picnic Areas","reservation":"yes","addr":"Alexandria","elev_ft":56}},{"type":"Feature","geometry":{"type":"Point","coordinates":[-78.979722,37.929722]},"properties":{"kind":"campsite","src":"ridb","name":"Sherando Lake Group Camp","reservation":"yes","addr":"Natural Bridge","elev_ft":1686}},{"type":"Feature","geometry":{"type":"Point","coordinates":[-79.962222,37.950278]},"properties":{"kind":"campsite","src":"ridb","name":"Coles Point","reservation":"yes","addr":"Covington","elev_ft":1680}},{"type":"Feature","geometry":{"type":"Point","coordinates":[-81.488343,36.722682]},"properties":{"kind":"campsite","src":"ridb","name":"Hurricane Campground","reservation":"yes","addr":"Sugar Grove","elev_ft":2822}},{"type":"Feature","geometry":{"type":"Point","coordinates":[-77.414299,38.601799]},"properties":{"kind":"campsite","src":"ridb","name":"Oak Ridge Campground","reservation":"yes","addr":"Triangle","elev_ft":417}},{"type":"Feature","geometry":{"type":"Point","coordinates":[-80.063333,36.833056]},"properties":{"kind":"campsite","src":"ridb","name":"Horseshoe Point","reservation":"yes","addr":"Henry","elev_ft":1024}},{"type":"Feature","geometry":{"type":"Point","coordinates":[-80.036944,36.776111]},"properties":{"kind":"campsite","src":"ridb","name":"Philpott Park","reservation":"yes","addr":"Bassett","elev_ft":1027}},{"type":"Feature","geometry":{"type":"Point","coordinates":[-78.440278,36.655278]},"properties":{"kind":"campsite","src":"ridb","name":"Rudds Creek Rec. Area","reservation":"yes","addr":"Boydton","elev_ft":354}},{"type":"Feature","geometry":{"type":"Point","coordinates":[-81.4875,36.695833]},"properties":{"kind":"campsite","src":"ridb","name":"Old Virginia Group Horse Camp","reservation":"yes","addr":"Marion","elev_ft":3488}},{"type":"Feature","geometry":{"type":"Point","coordinates":[-82.344472,37.236528]},"properties":{"kind":"campsite","src":"ridb","name":"John W. Flannagan Day Use","reservation":"yes","addr":"Haysi","elev_ft":1280}},{"type":"Feature","geometry":{"type":"Point","coordinates":[-81.270556,36.758056]},"properties":{"kind":"campsite","src":"ridb","name":"Blue Springs Gap Cabin","reservation":"yes","addr":"Rural Retreat","elev_ft":3711}},{"type":"Feature","geometry":{"type":"Point","coordinates":[-81.181404,37.01]},"properties":{"kind":"campsite","src":"ridb","name":"Stony Fork Cabin","reservation":"yes","addr":"Wytheville","elev_ft":2388}},{"type":"Feature","geometry":{"type":"Point","coordinates":[-80.99676,36.803785]},"properties":{"kind":"campsite","src":"ridb","name":"Sunrise Cabin","reservation":"yes","addr":"Ivanhoe","elev_ft":2631}},{"type":"Feature","geometry":{"type":"Point","coordinates":[-79.966944,37.983611]},"properties":{"kind":"campsite","src":"ridb","name":"Bolar Mountain Recreation Area","reservation":"yes","addr":"Warm Springs","elev_ft":1621}},{"type":"Feature","geometry":{"type":"Point","coordinates":[-79.010056,37.919778]},"properties":{"kind":"campsite","src":"ridb","name":"Sherando Lake Recreation Area Family Camping","reservation":"yes","addr":"Natural Bridge Station","elev_ft":1903}},{"type":"Feature","geometry":{"type":"Point","coordinates":[-77.342778,38.558333]},"properties":{"kind":"campsite","src":"ridb","name":"Telegraph Picnic Pavilion","reservation":"yes","addr":"Triangle","elev_ft":236}},{"type":"Feature","geometry":{"type":"Point","coordinates":[-76.914444,38.189444]},"properties":{"kind":"campsite","src":"ridb","name":"George Washington Birthplace National Monument Picnic Pavilion","reservation":"yes","addr":"Colonial Beach","elev_ft":30}},{"type":"Feature","geometry":{"type":"Point","coordinates":[-82.462617,36.913533]},"properties":{"kind":"campsite","src":"ridb","name":"Flatwoods Group Picnic Area","reservation":"yes","addr":"Norton","elev_ft":2379}},{"type":"Feature","geometry":{"type":"Point","coordinates":[-82.671,37.108208]},"properties":{"kind":"campsite","src":"ridb","name":"Phillip'S Creek Group Picnic Area","reservation":"yes","addr":"Norton","elev_ft":1736}},{"type":"Feature","geometry":{"type":"Point","coordinates":[-79.97641,37.62042]},"properties":{"kind":"campsite","src":"ridb","name":"Craig Creek Recreation Area","reservation":"yes","addr":"Blacksburg","elev_ft":1188}},{"type":"Feature","geometry":{"type":"Point","coordinates":[-82.44171,37.194085]},"properties":{"kind":"campsite","src":"ridb","name":"Pound River Campground (Va)","reservation":"yes","addr":"Haysi","elev_ft":1460}},{"type":"Feature","geometry":{"type":"Point","coordinates":[-81.064547,36.835847]},"properties":{"kind":"campsite","src":"ridb","name":"Raven Cliff Recreation Area","reservation":"yes","addr":"Ivanhoe","elev_ft":2185}},{"type":"Feature","geometry":{"type":"Point","coordinates":[-77.40691,38.558761]},"properties":{"kind":"campsite","src":"ridb","name":"Chopawamsic Backcountry Camping Permits","reservation":"yes","addr":"Triangle","elev_ft":295}}]}