{"type":"FeatureCollection","attribution":"(c) OpenStreetMap contributors, ODbL 1.0 \u2014 extracted via Overpass API 2026-07-11","features":[{"type":"Feature","geometry":{"type":"Point","coordinates":[-122.670488,45.77861]},"properties":{"kind":"dump","osm":"node/249208150"}},{"type":"Feature","geometry":{"type":"Point","coordinates":[-121.660022,46.911291]},"properties":{"kind":"campsite","osm":"node/331235942","name":"Sunrise Camp","fee":"no","access":"yes","operator":"National Park Service","capacity":"7","toilets":"yes","reservation":"required","backcountry":"yes"}},{"type":"Feature","geometry":{"type":"Point","coordinates":[-121.167191,48.462965]},"properties":{"kind":"campsite","osm":"node/356547079","name":"Mineral Park Campground","fee":"yes","operator":"National Forest Service"}},{"type":"Feature","geometry":{"type":"Point","coordinates":[-123.333142,45.706523]},"properties":{"kind":"campsite","osm":"node/357286616","name":"Reeher Forest Park"}},{"type":"Feature","geometry":{"type":"Point","coordinates":[-123.465925,45.608975]},"properties":{"kind":"campsite","osm":"node/357330905","name":"Elk Creek Campground"}},{"type":"Feature","geometry":{"type":"Point","coordinates":[-120.694134,48.346528]},"properties":{"kind":"campsite","osm":"node/412202252","name":"Rainbow Bridge Camp","access":"permit","operator":"North Cascades National Park","toilets":"yes","backcountry":"yes"}},{"type":"Feature","geometry":{"type":"Point","coordinates":[-122.21555,47.901383]},"properties":{"kind":"dump","osm":"node/436946517"}},{"type":"Feature","geometry":{"type":"Point","coordinates":[-122.030891,47.536481]},"properties":{"kind":"rv_park","osm":"node/663312834","name":"Issaquah Village RV Park","website":"https://ivrvpark.com/"}},{"type":"Feature","geometry":{"type":"Point","coordinates":[-122.314891,47.269949]},"properties":{"kind":"dump","osm":"node/684328656"}},{"type":"Feature","geometry":{"type":"Point","coordinates":[-120.846546,47.160871]},"properties":{"kind":"dump","osm":"node/722514556","access":"yes"}},{"type":"Feature","geometry":{"type":"Point","coordinates":[-120.844887,47.161297]},"properties":{"kind":"dump","osm":"node/722514577","access":"yes"}},{"type":"Feature","geometry":{"type":"Point","coordinates":[-122.002721,49.033112]},"properties":{"kind":"dump","osm":"node/740239477","fee":"yes","access":"yes","operator":"BC Parks"}},{"type":"Feature","geometry":{"type":"Point","coordinates":[-121.985524,49.042368]},"properties":{"kind":"campsite","osm":"node/740239605","name":"Honeymoon Bay Group Campground","operator":"BC Parks"}},{"type":"Feature","geometry":{"type":"Point","coordinates":[-120.793787,47.76688]},"properties":{"kind":"dump","osm":"node/759897044"}},{"type":"Feature","geometry":{"type":"Point","coordinates":[-120.771951,46.80364]},"properties":{"kind":"campsite","osm":"node/761675670","name":"Dispersed Camping","access":"yes","drinking_water":"no"}},{"type":"Feature","geometry":{"type":"Point","coordinates":[-120.780879,46.800184]},"properties":{"kind":"campsite","osm":"node/761675839","name":"Dispersed Camping","access":"yes","drinking_water":"no"}},{"type":"Feature","geometry":{"type":"Point","coordinates":[-120.690099,47.456948]},"properties":{"kind":"campsite","osm":"node/804667487","backcountry":"yes"}},{"type":"Feature","geometry":{"type":"Point","coordinates":[-120.746534,47.456997]},"properties":{"kind":"campsite","osm":"node/804667535","backcountry":"yes"}},{"type":"Feature","geometry":{"type":"Point","coordinates":[-120.77195,47.451749]},"properties":{"kind":"campsite","osm":"node/804667643","backcountry":"yes"}},{"type":"Feature","geometry":{"type":"Point","coordinates":[-120.713839,47.450827]},"properties":{"kind":"campsite","osm":"node/804667925","backcountry":"yes"}},{"type":"Feature","geometry":{"type":"Point","coordinates":[-120.735522,47.456511]},"properties":{"kind":"campsite","osm":"node/804667961","backcountry":"yes"}},{"type":"Feature","geometry":{"type":"Point","coordinates":[-120.702361,47.451915]},"properties":{"kind":"campsite","osm":"node/804668033","backcountry":"yes"}},{"type":"Feature","geometry":{"type":"Point","coordinates":[-121.332929,47.732873]},"properties":{"kind":"campsite","osm":"node/823624860","name":"Beckler River Campground","fee":"yes","operator":"United States Forest Service","website":"https://www.fs.usda.gov/r06/mbs/recreation/beckler-river-campground","drinking_water":"yes","toilets":"yes","reservation":"recommended","backcountry":"no"}},{"type":"Feature","geometry":{"type":"Point","coordinates":[-118.033436,47.291073]},"properties":{"kind":"dump","osm":"node/829234848"}},{"type":"Feature","geometry":{"type":"Point","coordinates":[-117.967706,45.831966]},"properties":{"kind":"campsite","osm":"node/863575801","name":"Jubilee Lake Camp Ground"}},{"type":"Feature","geometry":{"type":"Point","coordinates":[-119.291027,47.617031]},"properties":{"kind":"rv_park","osm":"node/879450284","name":"Coulee City Campground","fee":"yes"}},{"type":"Feature","geometry":{"type":"Point","coordinates":[-118.460699,45.539044]},"properties":{"kind":"campsite","osm":"node/917878372","name":"Emigrant Springs Campground","operator":"Oregon State Park"}},{"type":"Feature","geometry":{"type":"Point","coordinates":[-123.946877,48.395765]},"properties":{"kind":"campsite","osm":"node/919351197","name":"French Beach Provincial Park Group Site","fee":"yes","operator":"R.L.C. Enterprize Ltd.","website":"https://www.env.gov.bc.ca/bcparks/explore/parkpgs/french_bch/","capacity":"50"}},{"type":"Feature","geometry":{"type":"Point","coordinates":[-122.79957,47.973264]},"properties":{"kind":"campsite","osm":"node/948850046","name":"NW Kiwanis Camp","website":"https://kiwaniscamp.com/"}},{"type":"Feature","geometry":{"type":"Point","coordinates":[-123.514539,48.853881]},"properties":{"kind":"campsite","osm":"node/1044301777","name":"Garden Faire","fee":"yes","website":"https://gardenfaire.ca/"}},{"type":"Feature","geometry":{"type":"Point","coordinates":[-123.543401,48.744309]},"properties":{"kind":"campsite","osm":"node/1192125884","fee":"no","website":"https://www.sitesandtrailsbc.ca/resource/REC107043"}},{"type":"Feature","geometry":{"type":"Point","coordinates":[-123.544079,48.937829]},"properties":{"kind":"campsite","osm":"node/1243460286","name":"Conovoer Cove Campsite (BCMT)","fee":"yes","website":"https://www.env.gov.bc.ca/bcparks/explore/parkpgs/wallace/","desc":"Numbered site each with a picnic table plus possible additional random sites in open grass field. Less suited for hammocks. Pit, vault toilets. No fires permitted. Food cache. Dining shelter.","capacity":"8"}},{"type":"Feature","geometry":{"type":"Point","coordinates":[-123.56566,48.95193]},"properties":{"kind":"campsite","osm":"node/1243460290","name":"Cabin Bay Campsite (BCMT)","fee":"yes","website":"https://www.env.gov.bc.ca/bcparks/explore/parkpgs/wallace/","desc":"Tent pads for 2 tents, placed close together. Camp only on designated sites. 2 picnic tables. Pit toilet at Chivers Point site 10 min walk away.. No fires permitted. Stairs lead up steep bank to trail.","capacity":"2"}},{"type":"Feature","geometry":{"type":"Point","coordinates":[-123.573161,48.955616]},"properties":{"kind":"campsite","osm":"node/1243460293","name":"Chivers Point Campsite (BCMT)","fee":"yes","website":"https://www.env.gov.bc.ca/bcparks/explore/parkpgs/wallace/","desc":"9 tent pads of gravel, wood. Vault toilet, picnic table at each tent pad, food cache. No fires permitted.","capacity":"9"}},{"type":"Feature","geometry":{"type":"Point","coordinates":[-123.127982,46.941835]},"properties":{"kind":"campsite","osm":"node/1269853520","name":"Fall Creek Campground","operator":"Washington Department of Natural Resources"}},{"type":"Feature","geometry":{"type":"Point","coordinates":[-123.984993,45.942802]},"properties":{"kind":"campsite","osm":"node/1305641801","name":"Ecola Park Hiker's Camp","fee":"yes","drinking_water":"no","toilets":"yes","backcountry":"yes"}},{"type":"Feature","geometry":{"type":"Point","coordinates":[-121.019102,48.855764]},"properties":{"kind":"campsite","osm":"node/1350998598","name":"Dry Creek","operator":"North Cascades National Park","backcountry":"yes"}},{"type":"Feature","geometry":{"type":"Point","coordinates":[-123.162354,45.932582]},"properties":{"kind":"campsite","osm":"node/1352782648","name":"Big Eddy County Park"}},{"type":"Feature","geometry":{"type":"Point","coordinates":[-123.098576,48.773925]},"properties":{"kind":"campsite","osm":"node/1368097902","name":"Narvaez Bay Campsite (BCMT)","website":"https://parks.canada.ca/pn-np/bc/gulf/activ/camping/campinglarrierepays-backcountrycamping#Saturna","desc":"Walk in campsites. No potable water.","drinking_water":"no"}},{"type":"Feature","geometry":{"type":"Point","coordinates":[-124.115202,48.439022]},"properties":{"kind":"campsite","osm":"node/1385018493","name":"Mystic Beach Campsite","fee":"yes","website":"https://bcparks.ca/juan-de-fuca-park/"}},{"type":"Feature","geometry":{"type":"Point","coordinates":[-124.166138,48.451228]},"properties":{"kind":"campsite","osm":"node/1434682075","name":"Bear Beach","fee":"yes","website":"https://bcparks.ca/juan-de-fuca-park/"}},{"type":"Feature","geometry":{"type":"Point","coordinates":[-124.254326,48.472268]},"properties":{"kind":"campsite","osm":"node/1434682077","name":"Chin Beach Campsite","fee":"yes","website":"https://bcparks.ca/juan-de-fuca-park/"}},{"type":"Feature","geometry":{"type":"Point","coordinates":[-122.053247,45.594203]},"properties":{"kind":"campsite","osm":"node/1596375040","name":"Ainsworth Campground"}},{"type":"Feature","geometry":{"type":"Point","coordinates":[-121.924895,45.642548]},"properties":{"kind":"campsite","osm":"node/1596375042","name":"Eagle Creek Campground"}},{"type":"Feature","geometry":{"type":"Point","coordinates":[-121.756047,46.047303]},"properties":{"kind":"campsite","osm":"node/1604520323","name":"Cultus Creek Campground"}},{"type":"Feature","geometry":{"type":"Point","coordinates":[-123.0872,48.797632]},"properties":{"kind":"campsite","osm":"node/1635990176","name":"Cabbage Island Campsite (BCMT) [CLOSED]","access":"no","website":"https://www.bcmarinetrails.org/map_site/cabbage-island/","desc":"NOTE: No camping or day use from 04/2025: https://parks.canada.ca/pn-np/bc/gulf/bulletins/d2577df1-257d-4acf-8c5e-b6e46e92834a Picnic tables. Composting toilet. Food cache bin. Fee charged May - Sept. No fires, including below high tide mark. No water.","drinking_water":"no"}},{"type":"Feature","geometry":{"type":"Point","coordinates":[-123.925244,45.9649]},"properties":{"kind":"campsite","osm":"node/1700549477","name":"Circle Creek Campground"}},{"type":"Feature","geometry":{"type":"Point","coordinates":[-123.909387,45.557653]},"properties":{"kind":"rv_park","osm":"node/1700561958"}},{"type":"Feature","geometry":{"type":"Point","coordinates":[-123.553715,48.662518]},"properties":{"kind":"rv_park","osm":"node/1702244908","name":"Beehive RV Park & Campground"}},{"type":"Feature","geometry":{"type":"Point","coordinates":[-123.553962,48.661979]},"properties":{"kind":"campsite","osm":"node/1702246955"}},{"type":"Feature","geometry":{"type":"Point","coordinates":[-124.39673,48.519288]},"properties":{"kind":"campsite","osm":"node/1706583928","name":"Payzant Creek","fee":"yes","website":"https://bcparks.ca/juan-de-fuca-park/"}},{"type":"Feature","geometry":{"type":"Point","coordinates":[-121.985625,46.430827]},"properties":{"kind":"campsite","osm":"node/1891129106","name":"Iron Creek Campground","fee":"yes"}},{"type":"Feature","geometry":{"type":"Point","coordinates":[-121.347399,47.711948]},"properties":{"kind":"campsite","osm":"node/1899290106","name":"Skykomish Ballpark","fee":"10","website":"https://skykomishwa.gov/parks"}},{"type":"Feature","geometry":{"type":"Point","coordinates":[-121.830258,46.976158]},"properties":{"kind":"campsite","osm":"node/1901177595","name":"Ipsut Creek Campground","fee":"no","access":"permit","operator":"National Park Service","drinking_water":"no","toilets":"yes","reservation":"required","backcountry":"yes"}},{"type":"Feature","geometry":{"type":"Point","coordinates":[-121.344576,46.806316]},"properties":{"kind":"campsite","osm":"node/1905022747","name":"Granite Lake Camping Area","fee":"no","access":"yes","operator":"USDA Forest Service","website":"https://www.fs.usda.gov/r06/okanogan-wenatchee/recreation/granite-lake-camping-area","drinking_water":"no","toilets":"no","reservation":"no","backcountry":"yes"}},{"type":"Feature","geometry":{"type":"Point","coordinates":[-121.732846,46.835436]},"properties":{"kind":"campsite","osm":"node/1905075018","name":"Camp Muir","fee":"no","access":"yes","operator":"National Park Service","toilets":"yes","reservation":"required","backcountry":"yes"}},{"type":"Feature","geometry":{"type":"Point","coordinates":[-121.785901,48.092344]},"properties":{"kind":"campsite","osm":"node/1906207918","name":"Turlo Campground","fee":"yes","access":"yes","operator":"USDA Forest Service","website":"https://www.fs.usda.gov/recarea/mbs/recreation/recarea/?recid=17844&actid=29","drinking_water":"no","toilets":"yes","reservation":"recommended","backcountry":"no"}},{"type":"Feature","geometry":{"type":"Point","coordinates":[-121.653596,48.07047]},"properties":{"kind":"campsite","osm":"node/1906209920","name":"Redbridge Campground","fee":"yes","access":"yes","operator":"USDA Forest Service","website":"https://www.fs.usda.gov/recarea/mbs/recarea/?recid=17840","drinking_water":"no","toilets":"yes","reservation":"recommended","backcountry":"no"}},{"type":"Feature","geometry":{"type":"Point","coordinates":[-121.523925,48.887487]},"properties":{"kind":"campsite","osm":"node/1907973030","name":"Boundary Camp","access":"permit","operator":"North Cascades National Park","toilets":"yes","backcountry":"yes"}},{"type":"Feature","geometry":{"type":"Point","coordinates":[-121.482807,48.894486]},"properties":{"kind":"campsite","osm":"node/1907973050","name":"Silesia Camp","access":"permit","operator":"North Cascades National Park","toilets":"yes","backcountry":"yes"}},{"type":"Feature","geometry":{"type":"Point","coordinates":[-121.481386,46.704133]},"properties":{"kind":"campsite","osm":"node/1910778704","name":"Soda Springs Campground","fee":"yes","access":"yes","operator":"USDA Forest Service","website":"https://www.fs.usda.gov/recarea/okawen/recarea/?recid=58543","drinking_water":"yes","toilets":"yes","reservation":"recommended","backcountry":"no"}},{"type":"Feature","geometry":{"type":"Point","coordinates":[-121.677551,48.671434]},"properties":{"kind":"campsite","osm":"node/1916450859","name":"Horseshoe Cove Campground","fee":"yes","access":"yes","operator":"USDA Forest Service","website":"https://www.fs.usda.gov/recarea/mbs/recarea/?recid=17636","drinking_water":"yes","toilets":"yes","reservation":"recommended","backcountry":"no"}},{"type":"Feature","geometry":{"type":"Point","coordinates":[-121.670785,48.722592]},"properties":{"kind":"campsite","osm":"node/1916527774","name":"Panorama Point Campground","fee":"yes","access":"yes","operator":"USDA Forest Service","website":"https://www.fs.usda.gov/recarea/mbs/recarea/?recid=17638","drinking_water":"yes","toilets":"yes","reservation":"recommended","backcountry":"no"}},{"type":"Feature","geometry":{"type":"Point","coordinates":[-124.768889,48.628522]},"properties":{"kind":"campsite","osm":"node/1919398455","name":"Cribs Creek Camp","fee":"yes","website":"https://parks.canada.ca/pn-np/bc/pacificrim/activ/camping","desc":"A nice campsite with bear boxes, and an outhouse."}},{"type":"Feature","geometry":{"type":"Point","coordinates":[-124.598325,48.565266]},"properties":{"kind":"campsite","osm":"node/1919398459","name":"Cullite Creek Camp","fee":"yes","website":"https://parks.canada.ca/pn-np/bc/pacificrim/activ/camping","desc":"A nice campsite with bear boxes, and an outhouse.","backcountry":"yes"}},{"type":"Feature","geometry":{"type":"Point","coordinates":[-124.472527,48.55829]},"properties":{"kind":"campsite","osm":"node/1919398472","name":"Thrasher Cove Camp","fee":"yes","website":"https://parks.canada.ca/pn-np/bc/pacificrim/activ/camping","desc":"Park rangers report there is very little beach remaining here at high tide, so camping as high as possible is recomended."}},{"type":"Feature","geometry":{"type":"Point","coordinates":[-121.821198,48.906057]},"properties":{"kind":"campsite","osm":"node/1926164464","name":"Excelsior Group Campground","drinking_water":"yes","toilets":"yes","reservation":"required"}},{"type":"Feature","geometry":{"type":"Point","coordinates":[-121.592141,48.909704]},"properties":{"kind":"campsite","osm":"node/1928163691","backcountry":"no"}},{"type":"Feature","geometry":{"type":"Point","coordinates":[-121.599737,48.739014]},"properties":{"kind":"campsite","osm":"node/1931439544","name":"Shannon Creek Campground","fee":"yes","access":"yes","operator":"USDA Forest Service","website":"https://www.fs.usda.gov/recarea/mbs/recarea/?recid=17642","drinking_water":"yes","toilets":"yes","reservation":"recommended","backcountry":"no"}},{"type":"Feature","geometry":{"type":"Point","coordinates":[-121.656481,48.729723]},"properties":{"kind":"campsite","osm":"node/1933011837","name":"Swift Creek Campground","fee":"yes","access":"yes","operator":"USDA Forest Service","website":"https://www.fs.usda.gov/recarea/mbs/recarea/?recid=74986","drinking_water":"yes","toilets":"yes","reservation":"recommended","backcountry":"no"}},{"type":"Feature","geometry":{"type":"Point","coordinates":[-121.692343,48.71355]},"properties":{"kind":"campsite","osm":"node/1933011838","name":"Boulder Creek Campground","fee":"yes","access":"yes","operator":"USDA Forest Service","website":"https://www.fs.usda.gov/recarea/mbs/recarea/?recid=17634","drinking_water":"no","toilets":"yes","reservation":"recommended","backcountry":"no"}},{"type":"Feature","geometry":{"type":"Point","coordinates":[-121.666416,48.73486]},"properties":{"kind":"campsite","osm":"node/1933011839","name":"Park Creek Campground","fee":"yes","access":"yes","operator":"USDA Forest Service","website":"https://www.fs.usda.gov/recarea/mbs/recarea/?recid=17640","capacity":"12","drinking_water":"no","toilets":"yes","reservation":"recommended","backcountry":"no"}},{"type":"Feature","geometry":{"type":"Point","coordinates":[-121.058825,48.774917]},"properties":{"kind":"campsite","osm":"node/1943591423","name":"Big Beaver Boat Camp","access":"permit","operator":"North Cascades National Park","toilets":"yes","backcountry":"no"}},{"type":"Feature","geometry":{"type":"Point","coordinates":[-121.028496,48.752487]},"properties":{"kind":"campsite","osm":"node/1943591425","name":"Cougar Island","operator":"North Cascades National Park","backcountry":"yes"}},{"type":"Feature","geometry":{"type":"Point","coordinates":[-121.023915,48.835244]},"properties":{"kind":"campsite","osm":"node/1943591428","name":"Devil's Junction Campground","access":"boat","operator":"North Cascades National Park","backcountry":"yes"}},{"type":"Feature","geometry":{"type":"Point","coordinates":[-121.019932,48.838214]},"properties":{"kind":"campsite","osm":"node/1943591429","name":"Devil's Creek Campground","access":"foot","operator":"North Cascades National Park","backcountry":"yes"}},{"type":"Feature","geometry":{"type":"Point","coordinates":[-121.018626,48.872799]},"properties":{"kind":"campsite","osm":"node/1943591431","name":"Lightning Creek Stock Camp","operator":"North Cascades National Park","backcountry":"yes"}},{"type":"Feature","geometry":{"type":"Point","coordinates":[-121.017522,48.868132]},"properties":{"kind":"campsite","osm":"node/1943591432","name":"Lodgepole Campground","operator":"North Cascades National Park","backcountry":"yes"}},{"type":"Feature","geometry":{"type":"Point","coordinates":[-121.065072,48.773874]},"properties":{"kind":"campsite","osm":"node/1943591433","name":"Pumpkin Mountain Camp","access":"permit","operator":"North Cascades National Park","toilets":"yes","backcountry":"yes"}},{"type":"Feature","geometry":{"type":"Point","coordinates":[-121.018607,48.848502]},"properties":{"kind":"campsite","osm":"node/1943591434","name":"Tenmile Island Campground","operator":"North Cascades National Park","backcountry":"yes"}},{"type":"Feature","geometry":{"type":"Point","coordinates":[-121.03033,48.78652]},"properties":{"kind":"campsite","osm":"node/1944866409","name":"May Creek Boat Campground","operator":"North Cascades National Park","backcountry":"yes"}},{"type":"Feature","geometry":{"type":"Point","coordinates":[-121.031556,48.776722]},"properties":{"kind":"campsite","osm":"node/1944866418","name":"Spencer's Campground","operator":"North Cascades National Park","backcountry":"yes"}},{"type":"Feature","geometry":{"type":"Point","coordinates":[-121.063866,48.776106]},"properties":{"kind":"campsite","osm":"node/1945438894","name":"Big Beaver Stock Camp","access":"permit","operator":"North Cascades National Park","toilets":"yes"}},{"type":"Feature","geometry":{"type":"Point","coordinates":[-121.011123,48.901681]},"properties":{"kind":"campsite","osm":"node/1948280385","name":"Desolation Campground","operator":"North Cascades National Park","backcountry":"yes"}},{"type":"Feature","geometry":{"type":"Point","coordinates":[-121.071414,48.984421]},"properties":{"kind":"campsite","osm":"node/1948387145","name":"Hozomeen 2","backcountry":"no"}},{"type":"Feature","geometry":{"type":"Point","coordinates":[-121.104842,48.969858]},"properties":{"kind":"campsite","osm":"node/1948387147","name":"Silver Creek Camp","access":"permit","operator":"North Cascades National Park","toilets":"yes","backcountry":"no"}},{"type":"Feature","geometry":{"type":"Point","coordinates":[-121.067205,48.994948]},"properties":{"kind":"campsite","osm":"node/1948388517","name":"Hozomeen","backcountry":"no"}},{"type":"Feature","geometry":{"type":"Point","coordinates":[-121.038481,48.884013]},"properties":{"kind":"campsite","osm":"node/1949295825","name":"Cat Island Campground","operator":"North Cascades National Park","backcountry":"yes"}},{"type":"Feature","geometry":{"type":"Point","coordinates":[-121.022315,48.877054]},"properties":{"kind":"campsite","osm":"node/1949295830","name":"Lightning Creek Boat Camp","operator":"North Cascades National Park","backcountry":"yes"}},{"type":"Feature","geometry":{"type":"Point","coordinates":[-121.260676,48.671433]},"properties":{"kind":"dump","osm":"node/1952123228"}},{"type":"Feature","geometry":{"type":"Point","coordinates":[-121.272489,48.677936]},"properties":{"kind":"campsite","osm":"node/1957658120","name":"Lower Goodell Creek Campground"}},{"type":"Feature","geometry":{"type":"Point","coordinates":[-121.095927,48.688603]},"properties":{"kind":"dump","osm":"node/1967550960"}},{"type":"Feature","geometry":{"type":"Point","coordinates":[-121.591597,47.409864]},"properties":{"kind":"campsite","osm":"node/1996606019","name":"Alice Creek Campsite","fee":"yes","drinking_water":"no","backcountry":"yes"}},{"type":"Feature","geometry":{"type":"Point","coordinates":[-123.560307,48.46254]},"properties":{"kind":"dump","osm":"node/1997886634","fee":"yes"}},{"type":"Feature","geometry":{"type":"Point","coordinates":[-122.691365,48.498358]},"properties":{"kind":"dump","osm":"node/2240120024"}},{"type":"Feature","geometry":{"type":"Point","coordinates":[-122.404926,48.631505]},"properties":{"kind":"campsite","osm":"node/2302080653","name":"Lizard Lake Camp","operator":"Washington Department of Natural Resources","website":"https://www.dnr.wa.gov/Blanchard","desc":"Primitive campground as part of the Blanchard Forest","toilets":"no","backcountry":"yes"}},{"type":"Feature","geometry":{"type":"Point","coordinates":[-122.92801,46.948549]},"properties":{"kind":"campsite","osm":"node/2352569299","name":"American Heritage Campground","fee":"yes","operator":"Heck Enterprises LLC","website":"https://www.americanheritagecampground.com/ah_frontpage.htm","drinking_water":"yes","toilets":"yes","backcountry":"no"}},{"type":"Feature","geometry":{"type":"Point","coordinates":[-121.846081,45.966513]},"properties":{"kind":"campsite","osm":"node/2379859220","name":"Falls Creek Horse Camp"}},{"type":"Feature","geometry":{"type":"Point","coordinates":[-121.756156,45.963797]},"properties":{"kind":"campsite","osm":"node/2382606016"}},{"type":"Feature","geometry":{"type":"Point","coordinates":[-121.758302,45.962007]},"properties":{"kind":"campsite","osm":"node/2382606017","name":"Forlorn Lakes Campground"}},{"type":"Feature","geometry":{"type":"Point","coordinates":[-121.754676,45.960336]},"properties":{"kind":"campsite","osm":"node/2382606018"}},{"type":"Feature","geometry":{"type":"Point","coordinates":[-121.760405,45.954817]},"properties":{"kind":"campsite","osm":"node/2382606019"}},{"type":"Feature","geometry":{"type":"Point","coordinates":[-121.755534,45.954235]},"properties":{"kind":"campsite","osm":"node/2382606020"}},{"type":"Feature","geometry":{"type":"Point","coordinates":[-121.697561,46.758341]},"properties":{"kind":"campsite","osm":"node/2390188028","name":"Snow Lake Camp","fee":"no","access":"yes","operator":"National Park Service","drinking_water":"no","toilets":"yes","reservation":"required","backcountry":"yes"}},{"type":"Feature","geometry":{"type":"Point","coordinates":[-123.048355,46.847558]},"properties":{"kind":"dump","osm":"node/2393510885"}},{"type":"Feature","geometry":{"type":"Point","coordinates":[-124.032971,48.531866]},"properties":{"kind":"campsite","osm":"node/2398657342","name":"Wye Lake Campsite","website":"https://www.sitesandtrailsbc.ca/resource/REC6605","backcountry":"yes"}},{"type":"Feature","geometry":{"type":"Point","coordinates":[-121.439522,46.14086]},"properties":{"kind":"campsite","osm":"node/2405695651","name":"Bird Lake Campground"}},{"type":"Feature","geometry":{"type":"Point","coordinates":[-124.298095,48.545675]},"properties":{"kind":"campsite","osm":"node/2409159844","name":"Old tent site","website":"https://www.sitesandtrailsbc.ca/resource/REC6605","backcountry":"yes"}},{"type":"Feature","geometry":{"type":"Point","coordinates":[-123.274607,48.77616]},"properties":{"kind":"campsite","osm":"node/2414080188"}},{"type":"Feature","geometry":{"type":"Point","coordinates":[-121.364895,47.888695]},"properties":{"kind":"campsite","osm":"node/2418079825","name":"San Juan Campground","fee":"yes","access":"permit","operator":"US Forest Service","capacity":">= 9"}},{"type":"Feature","geometry":{"type":"Point","coordinates":[-121.84817,46.915281]},"properties":{"kind":"campsite","osm":"node/2424832081","name":"Eagle's Roost Camp","fee":"no","access":"yes","operator":"National Park Service","toilets":"yes","reservation":"required","backcountry":"yes"}},{"type":"Feature","geometry":{"type":"Point","coordinates":[-123.714353,46.891159]},"properties":{"kind":"rv_park","osm":"node/2452123272","name":"Artic Park RV Park"}},{"type":"Feature","geometry":{"type":"Point","coordinates":[-122.448716,48.678006]},"properties":{"kind":"campsite","osm":"node/2454234331","name":"Cedar Lake Camp","operator":"Washington Department of Fish and Wildlife","website":"https://wdfw.wa.gov/places-to-go/wildlife-areas/pine-lake-wildlife-area-unit","desc":"Primitive campground","toilets":"no"}},{"type":"Feature","geometry":{"type":"Point","coordinates":[-123.15721,46.895873]},"properties":{"kind":"campsite","osm":"node/2458645618","name":"Sherman Valley Campground"}},{"type":"Feature","geometry":{"type":"Point","coordinates":[-123.202855,46.889473]},"properties":{"kind":"campsite","osm":"node/2458645631","name":"North Creek Campground"}},{"type":"Feature","geometry":{"type":"Point","coordinates":[-118.73118,48.640204]},"properties":{"kind":"rv_park","osm":"node/2493209911"}},{"type":"Feature","geometry":{"type":"Point","coordinates":[-119.454742,48.696148]},"properties":{"kind":"rv_park","osm":"node/2494527469"}},{"type":"Feature","geometry":{"type":"Point","coordinates":[-119.442911,48.937063]},"properties":{"kind":"rv_park","osm":"node/2495235190","name":"River Oaks RV Resort"}},{"type":"Feature","geometry":{"type":"Point","coordinates":[-120.134651,48.390486]},"properties":{"kind":"rv_park","osm":"node/2508594249","name":"Riverbend RV Park"}},{"type":"Feature","geometry":{"type":"Point","coordinates":[-121.761014,46.091317]},"properties":{"kind":"campsite","osm":"node/2522855256","access":"private"}},{"type":"Feature","geometry":{"type":"Point","coordinates":[-121.759101,46.090611]},"properties":{"kind":"campsite","osm":"node/2522855262","access":"private"}},{"type":"Feature","geometry":{"type":"Point","coordinates":[-121.250791,47.62568]},"properties":{"kind":"campsite","osm":"node/2523619144","backcountry":"yes"}},{"type":"Feature","geometry":{"type":"Point","coordinates":[-122.402847,46.532187]},"properties":{"kind":"campsite","osm":"node/2523636959","backcountry":"yes"}},{"type":"Feature","geometry":{"type":"Point","coordinates":[-122.241568,46.459539]},"properties":{"kind":"campsite","osm":"node/2523654393","backcountry":"yes"}},{"type":"Feature","geometry":{"type":"Point","coordinates":[-121.648,47.849493]},"properties":{"kind":"campsite","osm":"node/2527696012","name":"Gold Bar Nature Trails","access":"private","website":"https://www.gbntone.org/","desc":"Private camping club"}},{"type":"Feature","geometry":{"type":"Point","coordinates":[-121.364044,47.326951]},"properties":{"kind":"campsite","osm":"node/2531361953","name":"Roaring Creek Campground","fee":"no","operator":"Washington State Parks and Recreation Commission","website":"https://www.parks.wa.gov/521/Palouse-to-Cascades-Trail"}},{"type":"Feature","geometry":{"type":"Point","coordinates":[-123.957978,46.173401]},"properties":{"kind":"rv_park","osm":"node/2550266719","name":"Loop O"}},{"type":"Feature","geometry":{"type":"Point","coordinates":[-123.95888,46.174459]},"properties":{"kind":"rv_park","osm":"node/2550285757","name":"Loop N"}},{"type":"Feature","geometry":{"type":"Point","coordinates":[-123.960402,46.176234]},"properties":{"kind":"rv_park","osm":"node/2550285758","name":"Loop M"}},{"type":"Feature","geometry":{"type":"Point","coordinates":[-123.963224,46.180614]},"properties":{"kind":"rv_park","osm":"node/2550285759","name":"Loop K"}},{"type":"Feature","geometry":{"type":"Point","coordinates":[-123.962249,46.178367]},"properties":{"kind":"rv_park","osm":"node/2550285760","name":"Loop L"}},{"type":"Feature","geometry":{"type":"Point","coordinates":[-123.965536,46.185661]},"properties":{"kind":"rv_park","osm":"node/2550366430","name":"Loop E"}},{"type":"Feature","geometry":{"type":"Point","coordinates":[-123.964861,46.18197]},"properties":{"kind":"rv_park","osm":"node/2550366482","name":"Loop H"}},{"type":"Feature","geometry":{"type":"Point","coordinates":[-123.965612,46.183077]},"properties":{"kind":"rv_park","osm":"node/2550366484","name":"Loop I"}},{"type":"Feature","geometry":{"type":"Point","coordinates":[-123.966523,46.184443]},"properties":{"kind":"rv_park","osm":"node/2550366576","name":"Loop J"}},{"type":"Feature","geometry":{"type":"Point","coordinates":[-123.960907,46.183507]},"properties":{"kind":"dump","osm":"node/2550366585"}},{"type":"Feature","geometry":{"type":"Point","coordinates":[-123.966985,46.187789]},"properties":{"kind":"rv_park","osm":"node/2550366590","name":"Loop G"}},{"type":"Feature","geometry":{"type":"Point","coordinates":[-123.966319,46.186868]},"properties":{"kind":"rv_park","osm":"node/2550366592","name":"Loop F"}},{"type":"Feature","geometry":{"type":"Point","coordinates":[-123.964042,46.183396]},"properties":{"kind":"rv_park","osm":"node/2550366605","name":"Loop C"}},{"type":"Feature","geometry":{"type":"Point","coordinates":[-123.964785,46.184493]},"properties":{"kind":"rv_park","osm":"node/2550366621","name":"Loop D"}},{"type":"Feature","geometry":{"type":"Point","coordinates":[-123.111608,47.97487]},"properties":{"kind":"campsite","osm":"node/2557985693","name":"Dungeness Forks Campground","operator":"United States Forest Service","website":"https://www.recreation.gov/camping/poi/238901"}},{"type":"Feature","geometry":{"type":"Point","coordinates":[-123.934187,47.857361]},"properties":{"kind":"campsite","osm":"node/2608949131","name":"Hoh Rainforest Campground","fee":"yes","access":"yes","operator":"Olympic National Park","drinking_water":"yes","toilets":"yes","backcountry":"no"}},{"type":"Feature","geometry":{"type":"Point","coordinates":[-117.755965,46.620436]},"properties":{"kind":"rv_park","osm":"node/2640101804"}},{"type":"Feature","geometry":{"type":"Point","coordinates":[-122.242275,48.914794]},"properties":{"kind":"campsite","osm":"node/2664137317","name":"Cocoa Crossroads"}},{"type":"Feature","geometry":{"type":"Point","coordinates":[-122.2488,48.919089]},"properties":{"kind":"campsite","osm":"node/2664256242","name":"Sumas Mtn. Outpost Cabin"}},{"type":"Feature","geometry":{"type":"Point","coordinates":[-123.225543,45.877136]},"properties":{"kind":"rv_park","osm":"node/2669008757"}},{"type":"Feature","geometry":{"type":"Point","coordinates":[-117.080913,46.9097]},"properties":{"kind":"rv_park","osm":"node/2685416463","name":"Palouse RV Park"}},{"type":"Feature","geometry":{"type":"Point","coordinates":[-117.972584,47.299864]},"properties":{"kind":"rv_park","osm":"node/2687167225","name":"Sprague RV Park","fee":"yes","capacity":"10"}},{"type":"Feature","geometry":{"type":"Point","coordinates":[-117.245779,48.833109]},"properties":{"kind":"campsite","osm":"node/2689125077","name":"Sullivan Creek Campground 7","fee":"no","access":"yes","operator":"Colville National Forest","website":"https://www.fs.usda.gov/r06/colville/recreation/sullivan-creek-dispersed-sites"}},{"type":"Feature","geometry":{"type":"Point","coordinates":[-117.222278,48.836603]},"properties":{"kind":"campsite","osm":"node/2689125086","name":"Sullivan Creek Campground 12","fee":"no","access":"yes","operator":"Colville National Forest","website":"https://www.fs.usda.gov/r06/colville/recreation/sullivan-creek-dispersed-sites"}},{"type":"Feature","geometry":{"type":"Point","coordinates":[-118.064779,48.60787]},"properties":{"kind":"rv_park","osm":"node/2690458709","name":"Panorama RV Park"}},{"type":"Feature","geometry":{"type":"Point","coordinates":[-118.077535,48.606869]},"properties":{"kind":"rv_park","osm":"node/2690509337","name":"Grandview Inn RV Park"}},{"type":"Feature","geometry":{"type":"Point","coordinates":[-121.122506,48.420352]},"properties":{"kind":"campsite","osm":"node/2699057309"}},{"type":"Feature","geometry":{"type":"Point","coordinates":[-123.155852,47.838038]},"properties":{"kind":"campsite","osm":"node/2748868247","name":"Camp Handy","backcountry":"yes"}},{"type":"Feature","geometry":{"type":"Point","coordinates":[-122.905966,48.753302]},"properties":{"kind":"campsite","osm":"node/2793527352","name":"Fossil Bay Camp","website":"https://www.parks.wa.gov/594/Sucia-Island"}},{"type":"Feature","geometry":{"type":"Point","coordinates":[-122.908681,48.751227]},"properties":{"kind":"campsite","osm":"node/2793527354","name":"Fox Cove Camp","website":"https://www.parks.wa.gov/594/Sucia-Island"}},{"type":"Feature","geometry":{"type":"Point","coordinates":[-122.893947,48.75076]},"properties":{"kind":"campsite","osm":"node/2793527357","name":"Snoring Bay Camp"}},{"type":"Feature","geometry":{"type":"Point","coordinates":[-122.915333,48.759081]},"properties":{"kind":"campsite","osm":"node/2793527358","name":"Shallow Bay South","website":"https://www.parks.wa.gov/594/Sucia-Island"}},{"type":"Feature","geometry":{"type":"Point","coordinates":[-122.912518,48.763099]},"properties":{"kind":"campsite","osm":"node/2793527359","name":"Echo Bay Camp","website":"https://www.parks.wa.gov/594/Sucia-Island","desc":"Water May through September"}},{"type":"Feature","geometry":{"type":"Point","coordinates":[-122.912346,48.76155]},"properties":{"kind":"campsite","osm":"node/2793527360","name":"Echo Bay South Camp","website":"https://www.parks.wa.gov/594/Sucia-Island"}},{"type":"Feature","geometry":{"type":"Point","coordinates":[-122.910748,48.764549]},"properties":{"kind":"campsite","osm":"node/2793527361","name":"Echo Bay East Camp"}},{"type":"Feature","geometry":{"type":"Point","coordinates":[-122.911713,48.766585]},"properties":{"kind":"campsite","osm":"node/2793527362","name":"Echo Bay North Camp","website":"https://www.parks.wa.gov/594/Sucia-Island"}},{"type":"Feature","geometry":{"type":"Point","coordinates":[-122.915728,48.766078]},"properties":{"kind":"campsite","osm":"node/2793527363","name":"Shallow Bay North Camp"}},{"type":"Feature","geometry":{"type":"Point","coordinates":[-123.170377,45.854718]},"properties":{"kind":"campsite","osm":"node/2840924313","name":"Vernonia Lake Primative Campground","operator":"City of Vernonia"}},{"type":"Feature","geometry":{"type":"Point","coordinates":[-124.467849,47.770858]},"properties":{"kind":"campsite","osm":"node/2845323610","name":"Established Campsite","access":"yes","operator":"National Park Service","toilets":"no","backcountry":"yes"}},{"type":"Feature","geometry":{"type":"Point","coordinates":[-124.480751,47.798762]},"properties":{"kind":"campsite","osm":"node/2845372306","name":"Mosquito Creek Camping Area","access":"yes","operator":"National Park Service","toilets":"no","backcountry":"yes"}},{"type":"Feature","geometry":{"type":"Point","coordinates":[-123.735327,47.926944]},"properties":{"kind":"campsite","osm":"node/2850703000","name":"Upper Sol Duc","fee":"no","operator":"Olympic National Park","drinking_water":"no","toilets":"yes","reservation":"no","backcountry":"yes"}},{"type":"Feature","geometry":{"type":"Point","coordinates":[-123.716884,47.937779]},"properties":{"kind":"campsite","osm":"node/2850706780","name":"Appleton Pass","access":"yes","operator":"Olympic National Park","drinking_water":"no","backcountry":"yes"}},{"type":"Feature","geometry":{"type":"Point","coordinates":[-123.692217,47.858038]},"properties":{"kind":"campsite","osm":"node/2872824003","name":"Elk Lake Campground","access":"yes","operator":"Olympic National Park","drinking_water":"no","toilets":"yes","backcountry":"yes"}},{"type":"Feature","geometry":{"type":"Point","coordinates":[-123.388017,47.671533]},"properties":{"kind":"campsite","osm":"node/2876968455","name":"Enchanted Valley","operator":"Olympic National Park","drinking_water":"no","toilets":"yes","reservation":"no","backcountry":"yes"}},{"type":"Feature","geometry":{"type":"Point","coordinates":[-123.930257,45.660013]},"properties":{"kind":"rv_park","osm":"node/2890595940"}},{"type":"Feature","geometry":{"type":"Point","coordinates":[-123.924869,45.669464]},"properties":{"kind":"rv_park","osm":"node/2890595941"}},{"type":"Feature","geometry":{"type":"Point","coordinates":[-122.019601,48.721478]},"properties":{"kind":"campsite","osm":"node/2903469889","backcountry":"yes"}},{"type":"Feature","geometry":{"type":"Point","coordinates":[-121.060044,47.506895]},"properties":{"kind":"campsite","osm":"node/2928757109"}},{"type":"Feature","geometry":{"type":"Point","coordinates":[-121.052776,47.495279]},"properties":{"kind":"campsite","osm":"node/2928824092"}},{"type":"Feature","geometry":{"type":"Point","coordinates":[-119.432633,48.322705]},"properties":{"kind":"campsite","osm":"node/2968204026","name":"Omak Lake - Mission End Campground","operator":"Confederated Tribes Of The Colville Reservation"}},{"type":"Feature","geometry":{"type":"Point","coordinates":[-119.121256,48.238197]},"properties":{"kind":"campsite","osm":"node/2968205920","name":"Coyote Creek Campground","operator":"Confederated Tribes Of The Colville Reservation"}},{"type":"Feature","geometry":{"type":"Point","coordinates":[-122.036657,45.930051]},"properties":{"kind":"campsite","osm":"node/2988180324","name":"Berry Camp"}},{"type":"Feature","geometry":{"type":"Point","coordinates":[-121.489378,46.176809]},"properties":{"kind":"campsite","osm":"node/2999477893","backcountry":"yes"}},{"type":"Feature","geometry":{"type":"Point","coordinates":[-121.480956,46.176954]},"properties":{"kind":"campsite","osm":"node/2999477896","backcountry":"yes"}},{"type":"Feature","geometry":{"type":"Point","coordinates":[-121.484803,46.177349]},"properties":{"kind":"campsite","osm":"node/2999477903","backcountry":"yes"}},{"type":"Feature","geometry":{"type":"Point","coordinates":[-121.483477,46.178632]},"properties":{"kind":"campsite","osm":"node/2999477919","backcountry":"yes"}},{"type":"Feature","geometry":{"type":"Point","coordinates":[-121.485401,46.179543]},"properties":{"kind":"campsite","osm":"node/2999477932","backcountry":"yes"}},{"type":"Feature","geometry":{"type":"Point","coordinates":[-121.482258,46.180188]},"properties":{"kind":"campsite","osm":"node/2999477939","backcountry":"yes"}},{"type":"Feature","geometry":{"type":"Point","coordinates":[-121.48365,46.180996]},"properties":{"kind":"campsite","osm":"node/2999477946","backcountry":"yes"}},{"type":"Feature","geometry":{"type":"Point","coordinates":[-122.662905,48.747093]},"properties":{"kind":"rv_park","osm":"node/3047736806","name":"Eagle Haven RV Park"}},{"type":"Feature","geometry":{"type":"Point","coordinates":[-121.105462,48.07707]},"properties":{"kind":"campsite","osm":"node/3048638291","name":"Glacier Gap Camp","fee":"no","access":"yes","operator":"U.S. Forest Service","backcountry":"yes"}},{"type":"Feature","geometry":{"type":"Point","coordinates":[-124.729218,48.605708]},"properties":{"kind":"campsite","osm":"node/3049416632","name":"Carmanah Creek Camp","fee":"yes","website":"https://parks.canada.ca/pn-np/bc/pacificrim/activ/camping","backcountry":"yes"}},{"type":"Feature","geometry":{"type":"Point","coordinates":[-124.550557,48.557814]},"properties":{"kind":"campsite","osm":"node/3049680519","name":"Camper Bay Camp","fee":"yes","website":"https://parks.canada.ca/pn-np/bc/pacificrim/activ/camping","desc":"A nice campsite with bear boxes, and an outhouse.","backcountry":"yes"}},{"type":"Feature","geometry":{"type":"Point","coordinates":[-124.656101,48.580043]},"properties":{"kind":"campsite","osm":"node/3049694357","name":"Walbran Creek Camp","fee":"yes","website":"https://parks.canada.ca/pn-np/bc/pacificrim/activ/camping","desc":"A nice campsite with bear boxes, and an outhouse.","backcountry":"yes"}},{"type":"Feature","geometry":{"type":"Point","coordinates":[-122.086327,46.758673]},"properties":{"kind":"campsite","osm":"node/3049845076","name":"Sahara Creek Horse Camp","fee":"yes","website":"https://www.dnr.wa.gov/ElbeHillsTahoma","capacity":"20"}},{"type":"Feature","geometry":{"type":"Point","coordinates":[-118.176603,47.895898]},"properties":{"kind":"campsite","osm":"node/3061388643","name":"Porcupine Bay Campground"}},{"type":"Feature","geometry":{"type":"Point","coordinates":[-118.339673,47.855999]},"properties":{"kind":"campsite","osm":"node/3061769861","name":"Seven Bays Campground & RV Park"}},{"type":"Feature","geometry":{"type":"Point","coordinates":[-117.71872,48.456968]},"properties":{"kind":"campsite","osm":"node/3068805279"}},{"type":"Feature","geometry":{"type":"Point","coordinates":[-117.685676,48.476001]},"properties":{"kind":"campsite","osm":"node/3069300185"}},{"type":"Feature","geometry":{"type":"Point","coordinates":[-117.874695,48.453314]},"properties":{"kind":"rv_park","osm":"node/3069345490","name":"Country Villa Mobile Estate"}},{"type":"Feature","geometry":{"type":"Point","coordinates":[-118.144812,48.515651]},"properties":{"kind":"campsite","osm":"node/3072069633","name":"Bradbury Campground"}},{"type":"Feature","geometry":{"type":"Point","coordinates":[-124.177829,48.452829]},"properties":{"kind":"campsite","osm":"node/3076017609"}},{"type":"Feature","geometry":{"type":"Point","coordinates":[-124.18391,48.454207]},"properties":{"kind":"campsite","osm":"node/3076017610"}},{"type":"Feature","geometry":{"type":"Point","coordinates":[-119.733547,48.848977]},"properties":{"kind":"campsite","osm":"node/3083452357","name":"South Fork Junction campground"}},{"type":"Feature","geometry":{"type":"Point","coordinates":[-123.934753,47.790335]},"properties":{"kind":"campsite","osm":"node/3083717715","name":"Big Flat","backcountry":"yes"}},{"type":"Feature","geometry":{"type":"Point","coordinates":[-123.55944,47.951178]},"properties":{"kind":"campsite","osm":"node/3083781198","name":"Krause Bottom Trail Backcountry Camping","fee":"no","drinking_water":"no","reservation":"no","backcountry":"yes"}},{"type":"Feature","geometry":{"type":"Point","coordinates":[-123.566598,47.953143]},"properties":{"kind":"campsite","osm":"node/3083781199","name":"Geyser Valley Trail Backcountry Camping","fee":"no","drinking_water":"no","reservation":"no","backcountry":"yes"}},{"type":"Feature","geometry":{"type":"Point","coordinates":[-124.56921,47.86749]},"properties":{"kind":"campsite","osm":"node/3083849195","name":"Established Campsites","access":"yes","operator":"National Park Service","toilets":"no","backcountry":"yes"}},{"type":"Feature","geometry":{"type":"Point","coordinates":[-118.58314,47.918274]},"properties":{"kind":"campsite","osm":"node/3087783909","name":"Jones Bay Campground"}},{"type":"Feature","geometry":{"type":"Point","coordinates":[-118.02198,47.287716]},"properties":{"kind":"campsite","osm":"node/3089509538","name":"Sprague Lake Resort"}},{"type":"Feature","geometry":{"type":"Point","coordinates":[-118.086161,47.254542]},"properties":{"kind":"campsite","osm":"node/3089509572","name":"Four Seasons Campground and Resort"}},{"type":"Feature","geometry":{"type":"Point","coordinates":[-119.771102,48.593824]},"properties":{"kind":"campsite","osm":"node/3091372725","name":"Oriole Campground","fee":"yes","website":"https://www.fs.usda.gov/recarea/colville/recarea/?recid=83253","capacity":"10","drinking_water":"no"}},{"type":"Feature","geometry":{"type":"Point","coordinates":[-119.763849,48.587097]},"properties":{"kind":"campsite","osm":"node/3091375369","name":"Cottonwood Campground","fee":"yes","access":"no","website":"https://www.fs.usda.gov/recarea/colville/recarea/?recid=83248","desc":"Closed due to wildfire recovery","capacity":"3","drinking_water":"no"}},{"type":"Feature","geometry":{"type":"Point","coordinates":[-119.695207,48.587139]},"properties":{"kind":"campsite","osm":"node/3091658786","name":"Kootenai Camp"}},{"type":"Feature","geometry":{"type":"Point","coordinates":[-119.697321,48.594499]},"properties":{"kind":"campsite","osm":"node/3091658910","name":"Sugarloaf Campground"}},{"type":"Feature","geometry":{"type":"Point","coordinates":[-117.307605,48.337342]},"properties":{"kind":"campsite","osm":"node/3094932156","name":"County Fair Campground"}},{"type":"Feature","geometry":{"type":"Point","coordinates":[-121.804863,46.940486]},"properties":{"kind":"campsite","osm":"node/3131031019","name":"Cataract Valley Camp","fee":"no","access":"yes","operator":"National Park Service","toilets":"yes","reservation":"required","backcountry":"yes"}},{"type":"Feature","geometry":{"type":"Point","coordinates":[-120.793704,47.478887]},"properties":{"kind":"campsite","osm":"node/3160872727","name":"Sprite Lake Backcountry Camping","drinking_water":"no","toilets":"no","backcountry":"yes"}},{"type":"Feature","geometry":{"type":"Point","coordinates":[-120.786157,47.479673]},"properties":{"kind":"campsite","osm":"node/3160872955","name":"Leprechaun Lake Backcountry Camping","access":"yes","drinking_water":"no","toilets":"yes","backcountry":"yes"}},{"type":"Feature","geometry":{"type":"Point","coordinates":[-120.734571,47.497872]},"properties":{"kind":"campsite","osm":"node/3160874697","name":"Nada Lake Backcountry Camping","drinking_water":"no","toilets":"yes","backcountry":"yes"}},{"type":"Feature","geometry":{"type":"Point","coordinates":[-120.815717,47.53363]},"properties":{"kind":"campsite","osm":"node/3160876320"}},{"type":"Feature","geometry":{"type":"Point","coordinates":[-120.786316,47.565837]},"properties":{"kind":"campsite","osm":"node/3160877862"}},{"type":"Feature","geometry":{"type":"Point","coordinates":[-121.332397,48.267239]},"properties":{"kind":"campsite","osm":"node/3181704883","name":"Buck Creek Campground","operator":"USFS","website":"https://www.fs.usda.gov/r06/mbs/recreation/buck-creek-campground","drinking_water":"no","toilets":"yes"}},{"type":"Feature","geometry":{"type":"Point","coordinates":[-120.175497,48.578894]},"properties":{"kind":"campsite","osm":"node/3204336174","name":"Memorial Campground"}},{"type":"Feature","geometry":{"type":"Point","coordinates":[-118.188056,45.725477]},"properties":{"kind":"campsite","osm":"node/3208054238","name":"Umatilla Forks Campground","operator":"US Forest Service"}},{"type":"Feature","geometry":{"type":"Point","coordinates":[-117.032875,45.852468]},"properties":{"kind":"campsite","osm":"node/3231693038"}},{"type":"Feature","geometry":{"type":"Point","coordinates":[-123.366387,48.734654]},"properties":{"kind":"campsite","osm":"node/3236911976","name":"Arbutus Point Campsite / BCMT","website":"https://www.bcmarinetrails.org/map_site/12173","desc":"Tent pads in trees. Composting toilets. Picnic tables. Fee charged May - Sept. No fires, including below high tide mark. Sensitive areas have been damaged by trampling, so avoid overflow camping. Large parties should use Princess Bay instead."}},{"type":"Feature","geometry":{"type":"Point","coordinates":[-123.38433,48.721877]},"properties":{"kind":"campsite","osm":"node/3236911977","name":"Shell Beach Campsite (BCMT)","website":"https://www.bcmarinetrails.org/map_site/12170","desc":"Gravel tent pads. Hammock opportunities. Pit toilets. 5 picnic tables, food cache bin. Sunny SW aspect. Fee charged May - Sept. No fires, including below high tide mark. Sensitive areas have been damaged by trampling, so avoid overflow camping. Large part"}},{"type":"Feature","geometry":{"type":"Point","coordinates":[-123.370197,48.721016]},"properties":{"kind":"campsite","osm":"node/3236911978","name":"Princess Bay Campsite / BCMT","website":"https://www.bcmarinetrails.org/map_site/12237","desc":"Camp in damp mown open field, an old orchard. Composting toilet. 5 picnic tables. Food cache. Short concrete steps give access up bank. Fee charged May - Sept. No fires, including below high tide mark. Suited to groups or overflow from Portland Island"}},{"type":"Feature","geometry":{"type":"Point","coordinates":[-121.996051,45.88237]},"properties":{"kind":"campsite","osm":"node/3250205912","name":"Government Mineral Springs Campground","fee":"yes","website":"https://www.fs.usda.gov/recarea/giffordpinchot/recarea/?recid=31772"}},{"type":"Feature","geometry":{"type":"Point","coordinates":[-121.79393,45.579433]},"properties":{"kind":"campsite","osm":"node/3264589189","name":"Wahtum Lake Camground"}},{"type":"Feature","geometry":{"type":"Point","coordinates":[-120.983877,49.040938]},"properties":{"kind":"campsite","osm":"node/3335113714","name":"Mowich Campground","fee":"yes","access":"yes","operator":"BC Parks","website":"https://bcparks.ca/ec-manning-park/backcountry-camping/","backcountry":"yes"}},{"type":"Feature","geometry":{"type":"Point","coordinates":[-122.489013,48.124307]},"properties":{"kind":"dump","osm":"node/3355118164","fee":"yes"}},{"type":"Feature","geometry":{"type":"Point","coordinates":[-123.425597,46.114285]},"properties":{"kind":"campsite","osm":"node/3360804532","name":"nicoli mnt ohv ( lookout rock quarry )","operator":"odf"}},{"type":"Feature","geometry":{"type":"Point","coordinates":[-121.171566,47.037029]},"properties":{"kind":"campsite","osm":"node/3369727137"}},{"type":"Feature","geometry":{"type":"Point","coordinates":[-124.262732,48.887718]},"properties":{"kind":"campsite","osm":"node/3385463547"}},{"type":"Feature","geometry":{"type":"Point","coordinates":[-124.384417,48.900767]},"properties":{"kind":"campsite","osm":"node/3385463548"}},{"type":"Feature","geometry":{"type":"Point","coordinates":[-117.984931,49.018345]},"properties":{"kind":"campsite","osm":"node/3391831247","fee":"no","website":"https://www.sitesandtrailsbc.ca/resource/REC2144"}},{"type":"Feature","geometry":{"type":"Point","coordinates":[-121.045064,48.661531]},"properties":{"kind":"campsite","osm":"node/3444324773","name":"Fourth of July Camp","access":"permit","operator":"North Cascades National Park","toilets":"yes","backcountry":"yes"}},{"type":"Feature","geometry":{"type":"Point","coordinates":[-121.448778,48.918746]},"properties":{"kind":"campsite","osm":"node/3444361679","name":"Copper Lake Camp","access":"permit","operator":"North Cascades National Park","toilets":"yes","backcountry":"yes"}},{"type":"Feature","geometry":{"type":"Point","coordinates":[-121.483757,48.899606]},"properties":{"kind":"campsite","osm":"node/3444361690","name":"Egg Lake Camp","access":"permit","operator":"North Cascades National Park","toilets":"yes","backcountry":"yes"}},{"type":"Feature","geometry":{"type":"Point","coordinates":[-124.732554,48.161708]},"properties":{"kind":"campsite","osm":"node/3460814838","name":"Cape Alava Quota Camping Area","fee":"yes","access":"yes","operator":"National Park Service","drinking_water":"no","reservation":"no","backcountry":"yes"}},{"type":"Feature","geometry":{"type":"Point","coordinates":[-124.709283,48.126165]},"properties":{"kind":"campsite","osm":"node/3460860864","name":"Sand Point Quota Camping Area","fee":"yes","access":"yes","operator":"National Park Service","drinking_water":"no","toilets":"yes","reservation":"no","backcountry":"yes"}},{"type":"Feature","geometry":{"type":"Point","coordinates":[-117.259408,48.838716]},"properties":{"kind":"campsite","osm":"node/3466581553","name":"Sullivan Creek Campground 4","fee":"no","access":"yes","operator":"Colville National Forest","website":"https://www.fs.usda.gov/r06/colville/recreation/sullivan-creek-dispersed-sites"}},{"type":"Feature","geometry":{"type":"Point","coordinates":[-121.489037,48.88086]},"properties":{"kind":"campsite","osm":"node/3466926506","name":"Copper Creek Camp","access":"permit","operator":"North Cascades National Park","toilets":"yes","backcountry":"yes"}},{"type":"Feature","geometry":{"type":"Point","coordinates":[-121.447028,48.897977]},"properties":{"kind":"campsite","osm":"node/3466926555","name":"US Cabin Camp","access":"permit","operator":"North Cascades National Park","toilets":"yes","backcountry":"yes"}},{"type":"Feature","geometry":{"type":"Point","coordinates":[-121.310406,48.88267]},"properties":{"kind":"campsite","osm":"node/3467075050","name":"Twin Rocks Camp","access":"permit","operator":"North Cascades National Park","toilets":"yes","backcountry":"yes"}},{"type":"Feature","geometry":{"type":"Point","coordinates":[-121.144775,48.921628]},"properties":{"kind":"campsite","osm":"node/3467075277","name":"Perry Creek Shelter","access":"permit","operator":"North Cascades National Park","website":"https://www.nps.gov/noca/planyourvisit/upload/Backcountry-Camp-List-2013-public.pdf","toilets":"yes","backcountry":"yes"}},{"type":"Feature","geometry":{"type":"Point","coordinates":[-121.363943,48.876009]},"properties":{"kind":"campsite","osm":"node/3467075544","name":"Whatcom Camp","access":"permit","operator":"North Cascades National Park","website":"https://www.nps.gov/noca/planyourvisit/upload/Backcountry-Camp-List-2013-public.pdf","toilets":"yes","backcountry":"yes"}},{"type":"Feature","geometry":{"type":"Point","coordinates":[-121.268371,48.891784]},"properties":{"kind":"campsite","osm":"node/3467075640","name":"Stillwell Camp","access":"permit","operator":"North Cascades National Park","toilets":"yes","backcountry":"yes"}},{"type":"Feature","geometry":{"type":"Point","coordinates":[-121.410786,48.879001]},"properties":{"kind":"campsite","osm":"node/3467075820","name":"Graybeal Camp","access":"permit","operator":"North Cascades National Park","website":"https://www.nps.gov/noca/planyourvisit/upload/Backcountry-Camp-List-2013-public.pdf","toilets":"yes","backcountry":"yes"}},{"type":"Feature","geometry":{"type":"Point","coordinates":[-121.251548,48.878817]},"properties":{"kind":"campsite","osm":"node/3467093946","name":"Beaver Pass Camp","access":"permit","operator":"North Cascades National Park","toilets":"yes","backcountry":"yes"}},{"type":"Feature","geometry":{"type":"Point","coordinates":[-121.143327,48.803691]},"properties":{"kind":"campsite","osm":"node/3467093979","name":"39 Mile Camp","access":"permit","operator":"North Cascades National Park","backcountry":"yes"}},{"type":"Feature","geometry":{"type":"Point","coordinates":[-120.976016,48.507351]},"properties":{"kind":"campsite","osm":"node/3468588914","name":"Thunder Basin Hiker Camp","access":"permit","operator":"North Cascades National Park","toilets":"yes","backcountry":"yes"}},{"type":"Feature","geometry":{"type":"Point","coordinates":[-121.06825,48.668584]},"properties":{"kind":"campsite","osm":"node/3468588915","name":"Neve Camp","access":"permit","operator":"North Cascades National Park","toilets":"yes","backcountry":"yes"}},{"type":"Feature","geometry":{"type":"Point","coordinates":[-120.858487,48.568436]},"properties":{"kind":"campsite","osm":"node/3468588916","name":"Fisher Camp","access":"permit","operator":"North Cascades National Park","toilets":"yes","backcountry":"yes"}},{"type":"Feature","geometry":{"type":"Point","coordinates":[-120.76964,48.464187]},"properties":{"kind":"campsite","osm":"node/3468588917","name":"South Fork Camp","access":"permit","operator":"North Cascades National Park","toilets":"yes","backcountry":"yes"}},{"type":"Feature","geometry":{"type":"Point","coordinates":[-120.736214,48.465674]},"properties":{"kind":"campsite","osm":"node/3468588919","name":"Hideaway Camp","access":"permit","operator":"North Cascades National Park","toilets":"yes","backcountry":"yes"}},{"type":"Feature","geometry":{"type":"Point","coordinates":[-120.843127,48.389655]},"properties":{"kind":"campsite","osm":"node/3468588920","name":"Tumwater Camp","access":"permit","operator":"North Cascades National Park","toilets":"yes","backcountry":"yes"}},{"type":"Feature","geometry":{"type":"Point","coordinates":[-121.07104,48.671446]},"properties":{"kind":"campsite","osm":"node/3468588921","name":"Thunder Camp","access":"permit","operator":"North Cascades National Park","toilets":"yes","backcountry":"yes"}},{"type":"Feature","geometry":{"type":"Point","coordinates":[-120.864081,48.416479]},"properties":{"kind":"campsite","osm":"node/3468588922","name":"Shady Camp","access":"permit","operator":"North Cascades National Park","toilets":"yes","backcountry":"yes"}},{"type":"Feature","geometry":{"type":"Point","coordinates":[-120.839474,48.380954]},"properties":{"kind":"campsite","osm":"node/3468588924","name":"High Bridge Campground","operator":"North Cascades National Park","backcountry":"no"}},{"type":"Feature","geometry":{"type":"Point","coordinates":[-120.986852,48.522091]},"properties":{"kind":"campsite","osm":"node/3468588926","name":"Thunder Basin Stock Camp","access":"permit","operator":"North Cascades National Park","toilets":"yes","backcountry":"yes"}},{"type":"Feature","geometry":{"type":"Point","coordinates":[-121.019091,48.584367]},"properties":{"kind":"campsite","osm":"node/3468588927","name":"Junction Camp","access":"permit","operator":"North Cascades National Park","toilets":"yes","backcountry":"yes"}},{"type":"Feature","geometry":{"type":"Point","coordinates":[-120.924162,48.568168]},"properties":{"kind":"campsite","osm":"node/3468588928","name":"Cosho Camp","access":"permit","operator":"North Cascades National Park","toilets":"yes","backcountry":"yes"}},{"type":"Feature","geometry":{"type":"Point","coordinates":[-121.048285,48.602155]},"properties":{"kind":"campsite","osm":"node/3468588929","name":"Tricouni Camp","access":"permit","operator":"North Cascades National Park","toilets":"yes","backcountry":"yes"}},{"type":"Feature","geometry":{"type":"Point","coordinates":[-120.721079,48.467519]},"properties":{"kind":"campsite","osm":"node/3468588931","name":"Fireweed Camps","access":"permit","operator":"North Cascades National Park","toilets":"yes","backcountry":"yes"}},{"type":"Feature","geometry":{"type":"Point","coordinates":[-120.782897,48.46319]},"properties":{"kind":"campsite","osm":"node/3468588932","name":"Six Mile Camp","access":"permit","operator":"North Cascades National Park","toilets":"yes","backcountry":"yes"}},{"type":"Feature","geometry":{"type":"Point","coordinates":[-121.100921,48.711512]},"properties":{"kind":"campsite","osm":"node/3468588933","name":"Hidden Cove","operator":"North Cascades National Park","backcountry":"yes"}},{"type":"Feature","geometry":{"type":"Point","coordinates":[-120.916637,48.428796]},"properties":{"kind":"campsite","osm":"node/3468588934","name":"Park Creek Camp","operator":"North Cascades National Park","backcountry":"yes"}},{"type":"Feature","geometry":{"type":"Point","coordinates":[-120.906278,48.441187]},"properties":{"kind":"campsite","osm":"node/3468588935","name":"Two Mile Camp","operator":"North Cascades National Park","backcountry":"yes"}},{"type":"Feature","geometry":{"type":"Point","coordinates":[-120.84391,48.456454]},"properties":{"kind":"campsite","osm":"node/3468588936","name":"North Fork Camp","access":"permit","operator":"North Cascades National Park","toilets":"yes","backcountry":"yes"}},{"type":"Feature","geometry":{"type":"Point","coordinates":[-121.048768,48.462679]},"properties":{"kind":"campsite","osm":"node/3468588937","name":"Pelton Basin Camp","access":"permit","operator":"North Cascades National Park","toilets":"yes","backcountry":"yes"}},{"type":"Feature","geometry":{"type":"Point","coordinates":[-121.098655,48.71734]},"properties":{"kind":"campsite","osm":"node/3468588938","name":"Buster Brown","operator":"North Cascades National Park","backcountry":"yes"}},{"type":"Feature","geometry":{"type":"Point","coordinates":[-120.991858,48.451921]},"properties":{"kind":"campsite","osm":"node/3468588939","name":"Cottonwood Camp","access":"permit","operator":"North Cascades National Park","toilets":"yes","backcountry":"yes"}},{"type":"Feature","geometry":{"type":"Point","coordinates":[-120.944568,48.470654]},"properties":{"kind":"campsite","osm":"node/3468588940","name":"Five Mile Camp","operator":"North Cascades National Park","backcountry":"yes"}},{"type":"Feature","geometry":{"type":"Point","coordinates":[-121.103445,48.708042]},"properties":{"kind":"campsite","osm":"node/3468588941","name":"Thunder Point","operator":"North Cascades National Park","backcountry":"yes"}},{"type":"Feature","geometry":{"type":"Point","coordinates":[-121.05338,48.739346]},"properties":{"kind":"campsite","osm":"node/3468588942","name":"Green Point","operator":"North Cascades National Park","backcountry":"yes"}},{"type":"Feature","geometry":{"type":"Point","coordinates":[-120.86702,48.430348]},"properties":{"kind":"campsite","osm":"node/3468588943","name":"Bridge Creek Camp","access":"permit","operator":"North Cascades National Park","toilets":"yes","backcountry":"yes"}},{"type":"Feature","geometry":{"type":"Point","coordinates":[-121.013555,48.542418]},"properties":{"kind":"campsite","osm":"node/3468588944","name":"Skagit Queen Camp","access":"permit","operator":"North Cascades National Park","toilets":"yes","backcountry":"yes"}},{"type":"Feature","geometry":{"type":"Point","coordinates":[-121.07825,48.479587]},"properties":{"kind":"campsite","osm":"node/3468588947","name":"Johannesburg Camp","operator":"North Cascades National Park","backcountry":"yes"}},{"type":"Feature","geometry":{"type":"Point","coordinates":[-120.999178,48.683348]},"properties":{"kind":"campsite","osm":"node/3468588948","name":"Panther Camp","access":"permit","operator":"North Cascades National Park","toilets":"yes","backcountry":"yes"}},{"type":"Feature","geometry":{"type":"Point","coordinates":[-121.018104,48.463426]},"properties":{"kind":"campsite","osm":"node/3468588952","name":"Basin Creek Camp","access":"permit","operator":"North Cascades National Park","toilets":"yes","backcountry":"yes"}},{"type":"Feature","geometry":{"type":"Point","coordinates":[-121.036105,48.772058]},"properties":{"kind":"campsite","osm":"node/3468946560","name":"McMillan Campground","operator":"North Cascades National Park","backcountry":"yes"}},{"type":"Feature","geometry":{"type":"Point","coordinates":[-121.019852,48.858201]},"properties":{"kind":"campsite","osm":"node/3468946566","name":"Ponderosa Campground","operator":"North Cascades National Park","backcountry":"yes"}},{"type":"Feature","geometry":{"type":"Point","coordinates":[-120.979735,48.903207]},"properties":{"kind":"campsite","osm":"node/3468946583","name":"Deerlick Camp","access":"permit","operator":"North Cascades National Park","toilets":"yes","backcountry":"yes"}},{"type":"Feature","geometry":{"type":"Point","coordinates":[-121.042692,48.79952]},"properties":{"kind":"campsite","osm":"node/3468946586","name":"Rainbow Point Campground","operator":"North Cascades National Park","backcountry":"yes"}},{"type":"Feature","geometry":{"type":"Point","coordinates":[-121.014325,48.72834]},"properties":{"kind":"campsite","osm":"node/3468946816","name":"Hidden Hand Campground","operator":"North Cascades National Park","backcountry":"yes"}},{"type":"Feature","geometry":{"type":"Point","coordinates":[-121.03795,48.955734]},"properties":{"kind":"campsite","osm":"node/3468946833","name":"Hozomeen Lake","operator":"North Cascades National Park","backcountry":"yes"}},{"type":"Feature","geometry":{"type":"Point","coordinates":[-121.013595,48.728114]},"properties":{"kind":"campsite","osm":"node/3468946836","name":"Ruby Pasture Campground","operator":"North Cascades National Park","backcountry":"yes"}},{"type":"Feature","geometry":{"type":"Point","coordinates":[-121.047876,48.926222]},"properties":{"kind":"campsite","osm":"node/3468946880","name":"Boundary Bay","operator":"North Cascades National Park","backcountry":"yes"}},{"type":"Feature","geometry":{"type":"Point","coordinates":[-121.02941,48.78795]},"properties":{"kind":"campsite","osm":"node/3468946916","name":"May Creek Hiker Campground","operator":"North Cascades National Park","backcountry":"yes"}},{"type":"Feature","geometry":{"type":"Point","coordinates":[-121.028036,48.766457]},"properties":{"kind":"campsite","osm":"node/3468946919","name":"Roland Point","operator":"North Cascades National Park","backcountry":"yes"}},{"type":"Feature","geometry":{"type":"Point","coordinates":[-120.985501,48.933164]},"properties":{"kind":"campsite","osm":"node/3468946973","name":"Nightmare","operator":"North Cascades National Park","backcountry":"yes"}},{"type":"Feature","geometry":{"type":"Point","coordinates":[-121.02363,48.773059]},"properties":{"kind":"campsite","osm":"node/3468946987","name":"Roland Creek Campground","operator":"North Cascades National Park","backcountry":"yes"}},{"type":"Feature","geometry":{"type":"Point","coordinates":[-121.016471,48.944009]},"properties":{"kind":"campsite","osm":"node/3468946989","name":"Willow Lake","operator":"North Cascades National Park","backcountry":"yes"}},{"type":"Feature","geometry":{"type":"Point","coordinates":[-121.330736,48.681506]},"properties":{"kind":"campsite","osm":"node/3474406156","name":"Thornton Lake Camp","access":"permit","operator":"North Cascades National Park","toilets":"yes","backcountry":"yes"}},{"type":"Feature","geometry":{"type":"Point","coordinates":[-121.283642,48.556528]},"properties":{"kind":"campsite","osm":"node/3474431500","name":"Monogram Lake Camp","access":"permit","operator":"North Cascades National Park","website":"https://www.nps.gov/noca/planyourvisit/monogram-lake-trail.htm","drinking_water":"yes","toilets":"yes","backcountry":"yes"}},{"type":"Feature","geometry":{"type":"Point","coordinates":[-121.098467,48.743811]},"properties":{"kind":"campsite","osm":"node/3474434778","name":"Pierce Mountain Camp","operator":"North Cascades National Park","backcountry":"yes"}},{"type":"Feature","geometry":{"type":"Point","coordinates":[-121.128977,48.744455]},"properties":{"kind":"campsite","osm":"node/3474434779","name":"Sourdough Camp","operator":"North Cascades National Park","backcountry":"yes"}},{"type":"Feature","geometry":{"type":"Point","coordinates":[-120.685656,48.398082]},"properties":{"kind":"campsite","osm":"node/3474533652","name":"Bowan Camp","access":"permit","operator":"North Cascades National Park","toilets":"yes","backcountry":"yes"}},{"type":"Feature","geometry":{"type":"Point","coordinates":[-120.75698,48.432013]},"properties":{"kind":"campsite","osm":"node/3474533668","name":"Dan's Camp","access":"permit","operator":"North Cascades National Park","toilets":"yes","backcountry":"yes"}},{"type":"Feature","geometry":{"type":"Point","coordinates":[-120.723135,48.387884]},"properties":{"kind":"campsite","osm":"node/3474535873","name":"Rainbow Meadows Stock Camp","access":"permit","operator":"North Cascades National Park","toilets":"yes","backcountry":"yes"}},{"type":"Feature","geometry":{"type":"Point","coordinates":[-120.665677,48.434694]},"properties":{"kind":"campsite","osm":"node/3474535901","name":"Hidden Meadows Stock Camp","access":"permit","operator":"North Cascades National Park","toilets":"yes","backcountry":"yes"}},{"type":"Feature","geometry":{"type":"Point","coordinates":[-120.675829,48.429996]},"properties":{"kind":"campsite","osm":"node/3474535917","name":"McAlester Lake Camp","access":"permit","operator":"North Cascades National Park","toilets":"yes","backcountry":"yes"}},{"type":"Feature","geometry":{"type":"Point","coordinates":[-120.688441,48.367927]},"properties":{"kind":"campsite","osm":"node/3474535933","name":"Rainbow Ford Camp","access":"permit","operator":"North Cascades National Park","toilets":"yes","backcountry":"yes"}},{"type":"Feature","geometry":{"type":"Point","coordinates":[-120.68707,48.378001]},"properties":{"kind":"campsite","osm":"node/3474535961","name":"Bench Creek Camp","access":"permit","operator":"North Cascades National Park","toilets":"yes","backcountry":"yes"}},{"type":"Feature","geometry":{"type":"Point","coordinates":[-120.737498,48.401245]},"properties":{"kind":"campsite","osm":"node/3474535965","name":"Rainbow Lake Camp","access":"permit","operator":"North Cascades National Park","toilets":"yes","backcountry":"yes"}},{"type":"Feature","geometry":{"type":"Point","coordinates":[-120.665039,48.425177]},"properties":{"kind":"campsite","osm":"node/3474536050","name":"High Camp","operator":"North Cascades National Park","backcountry":"yes"}},{"type":"Feature","geometry":{"type":"Point","coordinates":[-120.732979,48.394504]},"properties":{"kind":"campsite","osm":"node/3474536058","name":"Rainbow Meadows Group Camp","access":"permit","operator":"North Cascades National Park","toilets":"yes","backcountry":"yes"}},{"type":"Feature","geometry":{"type":"Point","coordinates":[-120.715611,48.385543]},"properties":{"kind":"campsite","osm":"node/3474536097","name":"Rainbow Meadows Camp","access":"permit","operator":"North Cascades National Park","toilets":"yes","backcountry":"yes"}},{"type":"Feature","geometry":{"type":"Point","coordinates":[-120.714481,48.347955]},"properties":{"kind":"campsite","osm":"node/3474536099","name":"Harlequin Campground","operator":"North Cascades National Park","website":"https://www.recreation.gov/camping/campgrounds/10101324","drinking_water":"no","reservation":"recommended","backcountry":"no"}},{"type":"Feature","geometry":{"type":"Point","coordinates":[-121.689545,48.949231]},"properties":{"kind":"campsite","osm":"node/3475965307","backcountry":"yes"}},{"type":"Feature","geometry":{"type":"Point","coordinates":[-120.853538,48.485409]},"properties":{"kind":"campsite","osm":"node/3477921052","name":"Walker Park Camp","access":"permit","operator":"North Cascades National Park","toilets":"yes","backcountry":"yes"}},{"type":"Feature","geometry":{"type":"Point","coordinates":[-120.863402,48.492903]},"properties":{"kind":"campsite","osm":"node/3477921070","name":"Grizzly Creek Camp","access":"permit","operator":"North Cascades National Park","toilets":"yes","backcountry":"yes"}},{"type":"Feature","geometry":{"type":"Point","coordinates":[-120.923931,48.429276]},"properties":{"kind":"campsite","osm":"node/3477924943","name":"Flat Creek Camp","operator":"North Cascades National Park","backcountry":"yes"}},{"type":"Feature","geometry":{"type":"Point","coordinates":[-120.589759,48.32011]},"properties":{"kind":"campsite","osm":"node/3477983942","name":"Juanita Lake Camp","access":"permit","operator":"North Cascades National Park","toilets":"yes","backcountry":"yes"}},{"type":"Feature","geometry":{"type":"Point","coordinates":[-120.676369,48.315872]},"properties":{"kind":"campsite","osm":"node/3477984047","name":"Weaver Point","access":"yes","operator":"NPS","website":"https://www.nps.gov/noca/planyourvisit/boat-in-camping.htm","drinking_water":"no","toilets":"yes","reservation":"no","backcountry":"yes"}},{"type":"Feature","geometry":{"type":"Point","coordinates":[-120.65343,48.307609]},"properties":{"kind":"campsite","osm":"node/3477984240","name":"Lakeview Campground","operator":"North Cascades National Park","website":"https://www.nps.gov/noca/planyourvisit/lakeview-campground.htm","drinking_water":"yes","toilets":"yes","reservation":"recommended","backcountry":"no"}},{"type":"Feature","geometry":{"type":"Point","coordinates":[-120.801692,48.406609]},"properties":{"kind":"campsite","osm":"node/3480453469","name":"Heaton Camp","operator":"North Cascades National Park","toilets":"yes","backcountry":"yes"}},{"type":"Feature","geometry":{"type":"Point","coordinates":[-118.811007,48.500708]},"properties":{"kind":"campsite","osm":"node/3532017906","name":"Long Lake Campground"}},{"type":"Feature","geometry":{"type":"Point","coordinates":[-118.834936,48.513067]},"properties":{"kind":"campsite","osm":"node/3532017907","name":"Swan Lake Campground"}},{"type":"Feature","geometry":{"type":"Point","coordinates":[-117.094999,48.292274]},"properties":{"kind":"campsite","osm":"node/3532349963","name":"Enchantment Camp"}},{"type":"Feature","geometry":{"type":"Point","coordinates":[-117.098167,48.319709]},"properties":{"kind":"campsite","osm":"node/3532349964","name":"Lodge Creek Camp","fee":"no","backcountry":"yes"}},{"type":"Feature","geometry":{"type":"Point","coordinates":[-117.101577,48.289356]},"properties":{"kind":"campsite","osm":"node/3532349965","fee":"no","backcountry":"yes"}},{"type":"Feature","geometry":{"type":"Point","coordinates":[-121.00907,48.205509]},"properties":{"kind":"campsite","osm":"node/3540595375","name":"Image Lake Group Campground","drinking_water":"no","toilets":"yes","reservation":"no","backcountry":"yes"}},{"type":"Feature","geometry":{"type":"Point","coordinates":[-121.555136,46.312344]},"properties":{"kind":"campsite","osm":"node/3546394023","name":"Spring Creek Campground"}},{"type":"Feature","geometry":{"type":"Point","coordinates":[-121.547083,46.309138]},"properties":{"kind":"campsite","osm":"node/3546394025","name":"Keenes Horse Camp","toilets":"yes"}},{"type":"Feature","geometry":{"type":"Point","coordinates":[-121.780201,46.123526]},"properties":{"kind":"campsite","osm":"node/3546394027","name":"Tillicum Campground","fee":"yes","operator":"US Forest Service","website":"https://www.fs.usda.gov/recarea/giffordpinchot/recarea/?recid=31672","capacity":"5"}},{"type":"Feature","geometry":{"type":"Point","coordinates":[-120.773777,48.912134]},"properties":{"kind":"campsite","osm":"node/3573649458","name":"Mountain Home","backcountry":"yes"}},{"type":"Feature","geometry":{"type":"Point","coordinates":[-122.769363,48.225548]},"properties":{"kind":"campsite","osm":"node/3599580120","name":"Cascadia Marine Trail Campsite - Fort Ebey State Park","access":"yes","operator":"WA State Parks","website":"https://www.wwta.org/sites/fort-ebey-sp/","desc":"Cascade Marine Trail, campsite for human powered boats. No fires, $14/night","drinking_water":"yes","toilets":"yes","reservation":"no"}},{"type":"Feature","geometry":{"type":"Point","coordinates":[-124.167524,47.07655]},"properties":{"kind":"rv_park","osm":"node/3605131698","name":"Ocean City RV Resort","website":"https://www.secampground.com/"}},{"type":"Feature","geometry":{"type":"Point","coordinates":[-121.736687,46.403636]},"properties":{"kind":"campsite","osm":"node/3610063943","name":"Blue Lake Creek Campground","fee":"yes","website":"https://www.fs.usda.gov/recarea/giffordpinchot/recarea/?recid=31210"}},{"type":"Feature","geometry":{"type":"Point","coordinates":[-121.786672,46.451078]},"properties":{"kind":"campsite","osm":"node/3610063944","name":"North Fork Campground","fee":"yes","website":"https://www.fs.usda.gov/recarea/giffordpinchot/recarea/?recid=31366"}},{"type":"Feature","geometry":{"type":"Point","coordinates":[-121.255815,47.579627]},"properties":{"kind":"campsite","osm":"node/3612160740","name":"Emerald Lake Camping Area","drinking_water":"no","toilets":"yes","backcountry":"yes"}},{"type":"Feature","geometry":{"type":"Point","coordinates":[-121.256823,47.58344]},"properties":{"kind":"campsite","osm":"node/3612160756","name":"Jade Lake Camping Area","drinking_water":"no","backcountry":"yes"}},{"type":"Feature","geometry":{"type":"Point","coordinates":[-121.261271,47.600221]},"properties":{"kind":"campsite","osm":"node/3612160758","backcountry":"yes"}},{"type":"Feature","geometry":{"type":"Point","coordinates":[-121.24402,47.611117]},"properties":{"kind":"campsite","osm":"node/3612160759","backcountry":"yes"}},{"type":"Feature","geometry":{"type":"Point","coordinates":[-121.244954,47.61459]},"properties":{"kind":"campsite","osm":"node/3612160761","backcountry":"yes"}},{"type":"Feature","geometry":{"type":"Point","coordinates":[-121.250966,47.623276]},"properties":{"kind":"campsite","osm":"node/3612160763","backcountry":"yes"}},{"type":"Feature","geometry":{"type":"Point","coordinates":[-121.281109,47.654576]},"properties":{"kind":"campsite","osm":"node/3612160764","backcountry":"yes"}},{"type":"Feature","geometry":{"type":"Point","coordinates":[-123.189722,45.732443]},"properties":{"kind":"campsite","osm":"node/3638045805","name":"Brooke Creek Hike-in Camp","operator":"Oregon State Parks","drinking_water":"yes","toilets":"yes"}},{"type":"Feature","geometry":{"type":"Point","coordinates":[-123.278937,48.662226]},"properties":{"kind":"campsite","osm":"node/3638119188","name":"Rum Island","fee":"yes","operator":"Parks Canada","website":"https://www.bcmarinetrails.org/map_site/12235","desc":"3 tent pads 150 m above beach. 2 pit toilets. Hammock opportunities. Fee charged May - Sept. No fires, including below high tide mark. Possible overflow site on tombolo.","backcountry":"yes"}},{"type":"Feature","geometry":{"type":"Point","coordinates":[-123.321792,47.698129]},"properties":{"kind":"campsite","osm":"node/3651905396","name":"Camp Siberia (shelter)","access":"yes","operator":"Olympic National Park","drinking_water":"no","toilets":"yes","reservation":"no","backcountry":"yes"}},{"type":"Feature","geometry":{"type":"Point","coordinates":[-123.43248,47.64041]},"properties":{"kind":"campsite","osm":"node/3651905399","name":"Pyrites Creek Camp","operator":"Olympic National Park","drinking_water":"no","reservation":"no","backcountry":"yes"}},{"type":"Feature","geometry":{"type":"Point","coordinates":[-123.377488,47.567678]},"properties":{"kind":"campsite","osm":"node/3652055790","name":"Big Log Camp","operator":"National Park Service","toilets":"yes","backcountry":"yes"}},{"type":"Feature","geometry":{"type":"Point","coordinates":[-123.366147,47.580252]},"properties":{"kind":"campsite","osm":"node/3652055791","name":"Camp Pleasant","toilets":"yes","backcountry":"yes"}},{"type":"Feature","geometry":{"type":"Point","coordinates":[-123.34232,47.562009]},"properties":{"kind":"campsite","osm":"node/3652055792","name":"Flapjack Lakes Campground","toilets":"yes","backcountry":"yes"}},{"type":"Feature","geometry":{"type":"Point","coordinates":[-123.304984,47.638446]},"properties":{"kind":"campsite","osm":"node/3652055793","name":"Home Sweet Home Camp","toilets":"yes","backcountry":"yes"}},{"type":"Feature","geometry":{"type":"Point","coordinates":[-123.363746,47.649056]},"properties":{"kind":"campsite","osm":"node/3652055794","name":"Marmot Lake Camp","access":"yes","operator":"Olympic National Park","drinking_water":"no","toilets":"yes","reservation":"no","backcountry":"yes"}},{"type":"Feature","geometry":{"type":"Point","coordinates":[-123.344132,47.613025]},"properties":{"kind":"campsite","osm":"node/3652055795","name":"Nine Stream Camp","toilets":"yes","backcountry":"yes"}},{"type":"Feature","geometry":{"type":"Point","coordinates":[-123.541362,47.596189]},"properties":{"kind":"campsite","osm":"node/3652055796","name":"Pony Bridge Camp","operator":"Olympic National Park","drinking_water":"no","toilets":"yes","reservation":"no","backcountry":"yes"}},{"type":"Feature","geometry":{"type":"Point","coordinates":[-123.376107,47.546206]},"properties":{"kind":"campsite","osm":"node/3652055797","name":"Spike Camp","operator":"National Park Service","toilets":"yes","backcountry":"yes"}},{"type":"Feature","geometry":{"type":"Point","coordinates":[-123.321878,47.625924]},"properties":{"kind":"campsite","osm":"node/3652055798","name":"Two Bear Camp","toilets":"no","backcountry":"yes"}},{"type":"Feature","geometry":{"type":"Point","coordinates":[-123.319442,47.654828]},"properties":{"kind":"campsite","osm":"node/3652055799","name":"Upper Duckabush Camp","access":"yes","operator":"Olympic National Park","drinking_water":"no","toilets":"yes","reservation":"no","backcountry":"yes"}},{"type":"Feature","geometry":{"type":"Point","coordinates":[-123.299799,47.533217]},"properties":{"kind":"campsite","osm":"node/3652055800","name":"Wagonwheel Camp","backcountry":"yes"}},{"type":"Feature","geometry":{"type":"Point","coordinates":[-123.445001,47.557112]},"properties":{"kind":"campsite","osm":"node/3654198527","name":"Belview Camp","access":"yes","operator":"Olympic National Park","drinking_water":"no","reservation":"no","backcountry":"yes"}},{"type":"Feature","geometry":{"type":"Point","coordinates":[-123.510461,47.565859]},"properties":{"kind":"campsite","osm":"node/3654198529","name":"Success Creek Campsites","access":"yes","operator":"Olympic National Park","drinking_water":"no","reservation":"no","backcountry":"yes"}},{"type":"Feature","geometry":{"type":"Point","coordinates":[-122.526986,47.582032]},"properties":{"kind":"campsite","osm":"node/3656047319","name":"Cascadia Marine Trail Campsite -  Fort Ward Park","fee":"no","website":"https://www.wwta.org/sites/fort-ward-sp/","desc":"Primitive camping available for those arriving via human powered boat.","drinking_water":"no","toilets":"yes","reservation":"no"}},{"type":"Feature","geometry":{"type":"Point","coordinates":[-122.549956,47.578776]},"properties":{"kind":"campsite","osm":"node/3656047802","name":"Cascadia Marine Trail - Manchester","fee":"yes","website":"https://www.wwta.org/sites/manchester-sp/","toilets":"yes","reservation":"no"}},{"type":"Feature","geometry":{"type":"Point","coordinates":[-122.521599,47.405804]},"properties":{"kind":"campsite","osm":"node/3656047804","name":"Lisabuela Campground","fee":"yes","access":"yes","website":"https://www.vashonadventures.com/camping","desc":"Primitive camping available for those arriving via bicycle or human powered boat. No drinking water, chemical toilet available. reservations required"}},{"type":"Feature","geometry":{"type":"Point","coordinates":[-122.746151,47.259377]},"properties":{"kind":"campsite","osm":"node/3656047806","name":"Cascadia Marine Trail Campsite - Penrose Point","fee":"yes","access":"yes","operator":"Washington State Parks and Recreation Commission","website":"https://www.wwta.org/sites/penrose-point-sp/","toilets":"yes","reservation":"no"}},{"type":"Feature","geometry":{"type":"Point","coordinates":[-122.732392,47.146491]},"properties":{"kind":"campsite","osm":"node/3656047807","name":"Cascadia Marine Trail Campsite -  Anderson Island","fee":"no","access":"permit","operator":"Washington Water Trails Association","website":"https://www.wwta.org/sites/andrew-anderson-marine-park/","desc":"(members only, by reservation)","drinking_water":"no","toilets":"yes","reservation":"yes"}},{"type":"Feature","geometry":{"type":"Point","coordinates":[-123.525425,47.46995]},"properties":{"kind":"campsite","osm":"node/3660673218","name":"Wynoochee Falls Campground"}},{"type":"Feature","geometry":{"type":"Point","coordinates":[-121.656854,47.1572]},"properties":{"kind":"campsite","osm":"node/3665212031","name":"Greenwater Campground","toilets":"yes","backcountry":"no"}},{"type":"Feature","geometry":{"type":"Point","coordinates":[-121.698131,48.904666]},"properties":{"kind":"campsite","osm":"node/3678205642","name":"Silver Fir Campground","fee":"yes","drinking_water":"yes","toilets":"yes","reservation":"yes"}},{"type":"Feature","geometry":{"type":"Point","coordinates":[-124.401216,48.561709]},"properties":{"kind":"campsite","osm":"node/3683130204","name":"Pacheedaht Campground","fee":"yes","operator":"Pacheedaht First Nation","website":"https://www.visitpacheedaht.ca/campground","desc":"During off-season, registration and payment is at main campground in Pacheedaht village.","drinking_water":"no"}},{"type":"Feature","geometry":{"type":"Point","coordinates":[-120.198975,48.44797]},"properties":{"kind":"rv_park","osm":"node/3686164061","name":"Big Twin Lake Campground","fee":"yes"}},{"type":"Feature","geometry":{"type":"Point","coordinates":[-122.704258,45.866676]},"properties":{"kind":"dump","osm":"node/3690768159"}},{"type":"Feature","geometry":{"type":"Point","coordinates":[-119.684951,48.610223]},"properties":{"kind":"campsite","osm":"node/3693855524","name":"Fish Lake Campground #1","operator":"Washington Department of Fish and Wildlife"}},{"type":"Feature","geometry":{"type":"Point","coordinates":[-119.392473,47.594263]},"properties":{"kind":"dump","osm":"node/3712271995","name":"RV Dump Station"}},{"type":"Feature","geometry":{"type":"Point","coordinates":[-120.896867,48.142482]},"properties":{"kind":"campsite","osm":"node/3720381423","name":"Chiwawa Basin Camping Area","backcountry":"yes"}},{"type":"Feature","geometry":{"type":"Point","coordinates":[-121.390433,47.378484]},"properties":{"kind":"campsite","osm":"node/3742214777"}},{"type":"Feature","geometry":{"type":"Point","coordinates":[-121.389944,47.383945]},"properties":{"kind":"campsite","osm":"node/3742214781"}},{"type":"Feature","geometry":{"type":"Point","coordinates":[-122.30163,47.182519]},"properties":{"kind":"rv_park","osm":"node/3744950742","name":"Orange RV Parking"}},{"type":"Feature","geometry":{"type":"Point","coordinates":[-122.300614,47.178523]},"properties":{"kind":"rv_park","osm":"node/3744970642","name":"RV Parking"}},{"type":"Feature","geometry":{"type":"Point","coordinates":[-123.398962,48.840098]},"properties":{"kind":"campsite","osm":"node/3749505185","backcountry":"yes"}},{"type":"Feature","geometry":{"type":"Point","coordinates":[-123.048731,48.617432]},"properties":{"kind":"campsite","osm":"node/3759715994","name":"Jones Island North Camp","website":"https://www.parks.wa.gov/525/Jones-Island","desc":"Water at South Camp, May - September."}},{"type":"Feature","geometry":{"type":"Point","coordinates":[-121.214454,48.042491]},"properties":{"kind":"campsite","osm":"node/3760540019","name":"Red Creek Camp","toilets":"yes","backcountry":"yes"}},{"type":"Feature","geometry":{"type":"Point","coordinates":[-121.193407,48.030881]},"properties":{"kind":"campsite","osm":"node/3760540087","name":"Mackinaw Shelter","backcountry":"yes"}},{"type":"Feature","geometry":{"type":"Point","coordinates":[-121.760114,48.815129]},"properties":{"kind":"campsite","osm":"node/3764588795","name":"Camp Kiser","backcountry":"yes"}},{"type":"Feature","geometry":{"type":"Point","coordinates":[-123.869362,47.947263]},"properties":{"kind":"campsite","osm":"node/3768001552","name":"Mink Lake Campground","access":"yes","operator":"Olympic National Park","drinking_water":"no","toilets":"no","backcountry":"yes"}},{"type":"Feature","geometry":{"type":"Point","coordinates":[-121.392144,47.690859]},"properties":{"kind":"campsite","osm":"node/3782455808","name":"Miller River Campground"}},{"type":"Feature","geometry":{"type":"Point","coordinates":[-120.871328,47.788852]},"properties":{"kind":"campsite","osm":"node/3782455987","name":"White Pine Campground"}},{"type":"Feature","geometry":{"type":"Point","coordinates":[-120.819396,47.416099]},"properties":{"kind":"campsite","osm":"node/3793681186","access":"yes","backcountry":"yes"}},{"type":"Feature","geometry":{"type":"Point","coordinates":[-120.715954,47.897993]},"properties":{"kind":"campsite","osm":"node/3804553235","name":"Huckleberry Ford Campground"}},{"type":"Feature","geometry":{"type":"Point","coordinates":[-120.768457,47.951178]},"properties":{"kind":"campsite","osm":"node/3809520896","name":"Finner Creek Campground","fee":"yes","operator":"USFS","website":"https://www.fs.usda.gov/r06/okanogan-wenatchee/recreation/finner-creek-campground","drinking_water":"yes","toilets":"yes"}},{"type":"Feature","geometry":{"type":"Point","coordinates":[-120.593828,47.807726]},"properties":{"kind":"campsite","osm":"node/3826126122","name":"Deer Camp","backcountry":"yes"}},{"type":"Feature","geometry":{"type":"Point","coordinates":[-121.624793,45.871632]},"properties":{"kind":"campsite","osm":"node/3827236124","name":"Oklahoma Campground","fee":"yes","website":"https://www.fs.usda.gov/recarea/giffordpinchot/recarea/?recid=31860"}},{"type":"Feature","geometry":{"type":"Point","coordinates":[-121.227997,46.589815]},"properties":{"kind":"campsite","osm":"node/3830488792","name":"Grey Creek Dispersed Camping Area","website":"https://www.fs.usda.gov/recarea/okawen/recarea/?recid=58555"}},{"type":"Feature","geometry":{"type":"Point","coordinates":[-120.65348,47.952823]},"properties":{"kind":"campsite","osm":"node/3832080068","name":"Marble Creek Camp","backcountry":"yes"}},{"type":"Feature","geometry":{"type":"Point","coordinates":[-121.358059,46.577054]},"properties":{"kind":"campsite","osm":"node/3836267328","name":"Scatter Creek Trailhead Camping","fee":"yes","access":"yes","operator":"USDA Forest Service","website":"https://www.fs.usda.gov/recarea/okawen/recreation/recarea/?recid=58531","drinking_water":"no","toilets":"yes","reservation":"no"}},{"type":"Feature","geometry":{"type":"Point","coordinates":[-116.904343,46.924273]},"properties":{"kind":"rv_park","osm":"node/3857855904","name":"Scenic 6 Park"}},{"type":"Feature","geometry":{"type":"Point","coordinates":[-122.591917,48.056065]},"properties":{"kind":"dump","osm":"node/3858049973"}},{"type":"Feature","geometry":{"type":"Point","coordinates":[-120.561275,48.20877]},"properties":{"kind":"campsite","osm":"node/3902488729","name":"Meadow Creek Shelter"}},{"type":"Feature","geometry":{"type":"Point","coordinates":[-120.588806,48.173153]},"properties":{"kind":"campsite","osm":"node/3902566156","name":"Hatchery Campground","fee":"no","access":"no","operator":"Okanogan-Wenatchee National Forest","backcountry":"yes"}},{"type":"Feature","geometry":{"type":"Point","coordinates":[-120.587641,48.199321]},"properties":{"kind":"campsite","osm":"node/3902568461","name":"Lucerne Campground","fee":"yes","operator":"Okanogan-Wenatchee National Forest","website":"https://www.fs.usda.gov/r06/okanogan-wenatchee/recreation/refrigerator-harbor-campground","drinking_water":"no","toilets":"yes"}},{"type":"Feature","geometry":{"type":"Point","coordinates":[-120.58961,48.181924]},"properties":{"kind":"campsite","osm":"node/3902568462","name":"Domke Lake Campground","fee":"no","access":"yes","operator":"Okanogan-Wenatchee National Forest","website":"https://www.fs.usda.gov/recarea/okawen/recreation/camping-cabins/recarea/?recid=57187","backcountry":"yes"}},{"type":"Feature","geometry":{"type":"Point","coordinates":[-120.589421,48.201605]},"properties":{"kind":"campsite","osm":"node/3902568473","name":"Lucerne Campground","fee":"yes","operator":"Okanogan-Wenatchee National Forest","website":"https://www.fs.usda.gov/r06/okanogan-wenatchee/recreation/lucerne-campground","drinking_water":"no","toilets":"yes"}},{"type":"Feature","geometry":{"type":"Point","coordinates":[-120.604128,47.84091]},"properties":{"kind":"campsite","osm":"node/3905795727","name":"Maverick Saddle Campground","backcountry":"yes"}},{"type":"Feature","geometry":{"type":"Point","coordinates":[-120.485195,47.995453]},"properties":{"kind":"campsite","osm":"node/3907692770","name":"Shady Pass Campground"}},{"type":"Feature","geometry":{"type":"Point","coordinates":[-120.803355,49.002833]},"properties":{"kind":"campsite","osm":"node/3928001586","name":"Monument 78 Campground","fee":"yes","access":"yes","website":"https://bcparks.ca/ec-manning-park/backcountry-camping/"}},{"type":"Feature","geometry":{"type":"Point","coordinates":[-117.494033,47.696117]},"properties":{"kind":"dump","osm":"node/3938830976","operator":"Riverside State Park"}},{"type":"Feature","geometry":{"type":"Point","coordinates":[-119.616045,47.104856]},"properties":{"kind":"dump","osm":"node/3975430295","access":"yes"}},{"type":"Feature","geometry":{"type":"Point","coordinates":[-119.624705,47.103395]},"properties":{"kind":"dump","osm":"node/3975430302","access":"yes"}},{"type":"Feature","geometry":{"type":"Point","coordinates":[-118.847712,47.087045]},"properties":{"kind":"dump","osm":"node/3975430496"}},{"type":"Feature","geometry":{"type":"Point","coordinates":[-119.731211,46.637343]},"properties":{"kind":"dump","osm":"node/3975548865","access":"yes"}},{"type":"Feature","geometry":{"type":"Point","coordinates":[-119.790776,46.220955]},"properties":{"kind":"dump","osm":"node/3975589604","fee":"no","access":"yes"}},{"type":"Feature","geometry":{"type":"Point","coordinates":[-121.461533,47.518137]},"properties":{"kind":"campsite","osm":"node/4044963169","name":"Middle Fork Backcountry Camping","access":"yes","backcountry":"yes"}},{"type":"Feature","geometry":{"type":"Point","coordinates":[-121.982701,46.758291]},"properties":{"kind":"campsite","osm":"node/4068201572","name":"Mount Rainier National Park Lodging","access":"private"}},{"type":"Feature","geometry":{"type":"Point","coordinates":[-121.921294,46.994511]},"properties":{"kind":"campsite","osm":"node/4110733490","name":"Carbon River Dispersed Roadside Camping","access":"permissive"}},{"type":"Feature","geometry":{"type":"Point","coordinates":[-121.761943,46.836207]},"properties":{"kind":"campsite","osm":"node/4179662452","name":"Camp Hazard","fee":"no","access":"yes","operator":"National Park Service","reservation":"required","backcountry":"yes"}},{"type":"Feature","geometry":{"type":"Point","coordinates":[-118.460474,49.026725]},"properties":{"kind":"dump","osm":"node/4193080931","fee":"no"}},{"type":"Feature","geometry":{"type":"Point","coordinates":[-118.460437,49.026752]},"properties":{"kind":"water","osm":"node/4193080932"}},{"type":"Feature","geometry":{"type":"Point","coordinates":[-122.710011,48.092274]},"properties":{"kind":"dump","osm":"node/4216697526"}},{"type":"Feature","geometry":{"type":"Point","coordinates":[-123.687245,47.480146]},"properties":{"kind":"campsite","osm":"node/4216736459","name":"Campbell Tree Grove Campground","operator":"US Forest Service"}},{"type":"Feature","geometry":{"type":"Point","coordinates":[-117.112194,47.91343]},"properties":{"kind":"water","osm":"node/4218564514","fee":"no","drinking_water":"yes"}},{"type":"Feature","geometry":{"type":"Point","coordinates":[-120.721436,47.812005]},"properties":{"kind":"dump","osm":"node/4236878374","name":"Trailer Dump Area"}},{"type":"Feature","geometry":{"type":"Point","coordinates":[-117.074483,47.222096]},"properties":{"kind":"dump","osm":"node/4247961469"}},{"type":"Feature","geometry":{"type":"Point","coordinates":[-124.663562,48.10996]},"properties":{"kind":"campsite","osm":"node/4253773424","access":"yes","operator":"National Park Service","toilets":"no","backcountry":"yes"}},{"type":"Feature","geometry":{"type":"Point","coordinates":[-121.867771,48.7893]},"properties":{"kind":"campsite","osm":"node/4259623457","name":"Hogsback Camp","backcountry":"yes"}},{"type":"Feature","geometry":{"type":"Point","coordinates":[-121.862286,48.787982]},"properties":{"kind":"campsite","osm":"node/4259623458","name":"Gargoyle Rocks","backcountry":"yes"}},{"type":"Feature","geometry":{"type":"Point","coordinates":[-122.383438,45.966717]},"properties":{"kind":"campsite","osm":"node/4279699059","name":"Cresap Bay Park Group Camp","fee":"yes","toilets":"yes","backcountry":"no"}},{"type":"Feature","geometry":{"type":"Point","coordinates":[-122.384662,45.970186]},"properties":{"kind":"campsite","osm":"node/4279699268","name":"Cresap Bay Park Campground","fee":"yes","toilets":"yes","backcountry":"no"}},{"type":"Feature","geometry":{"type":"Point","coordinates":[-123.38868,46.207229]},"properties":{"kind":"campsite","osm":"node/4293861734","name":"Elochoman Marina","fee":"yes"}},{"type":"Feature","geometry":{"type":"Point","coordinates":[-121.191667,47.650305]},"properties":{"kind":"campsite","osm":"node/4306823784","backcountry":"yes"}},{"type":"Feature","geometry":{"type":"Point","coordinates":[-121.180955,47.677682]},"properties":{"kind":"campsite","osm":"node/4306823803","backcountry":"yes"}},{"type":"Feature","geometry":{"type":"Point","coordinates":[-123.194144,47.743077]},"properties":{"kind":"campsite","osm":"node/4313214779","name":"Dose Forks","access":"yes","operator":"Olympic National Park","drinking_water":"no","reservation":"no","backcountry":"yes"}},{"type":"Feature","geometry":{"type":"Point","coordinates":[-118.240988,48.577134]},"properties":{"kind":"campsite","osm":"node/4314812259","name":"Canyon Creek Campground"}},{"type":"Feature","geometry":{"type":"Point","coordinates":[-121.151617,48.715635]},"properties":{"kind":"campsite","osm":"node/4319048323","name":"Gorge Campground","fee":"yes","access":"yes"}},{"type":"Feature","geometry":{"type":"Point","coordinates":[-121.617352,48.831826]},"properties":{"kind":"campsite","osm":"node/4319054587","name":"Winnie's Slide Base","backcountry":"yes"}},{"type":"Feature","geometry":{"type":"Point","coordinates":[-121.615223,48.831317]},"properties":{"kind":"campsite","osm":"node/4319054776","name":"Winnie's Slide Top","backcountry":"yes"}},{"type":"Feature","geometry":{"type":"Point","coordinates":[-123.779197,48.957668]},"properties":{"kind":"campsite","osm":"node/4328232094","name":"Campers Corner"}},{"type":"Feature","geometry":{"type":"Point","coordinates":[-124.098483,47.803839]},"properties":{"kind":"campsite","osm":"node/4338948790","name":"Hoh River Trust Campground","fee":"no","access":"permissive","operator":"Hoh River Trust","drinking_water":"no","toilets":"no"}},{"type":"Feature","geometry":{"type":"Point","coordinates":[-124.555288,47.91702]},"properties":{"kind":"campsite","osm":"node/4339196489","name":"Cycle Camp","operator":"Cycle Camp Inc.","website":"www.rainforestrun.com/about.html","drinking_water":"yes","toilets":"yes","reservation":"no","backcountry":"no"}},{"type":"Feature","geometry":{"type":"Point","coordinates":[-123.711511,48.159359]},"properties":{"kind":"rv_park","osm":"node/4343010495","name":"Crescent Beach RV","website":"https://www.crescentbeachrv.com/"}},{"type":"Feature","geometry":{"type":"Point","coordinates":[-121.93974,46.939865]},"properties":{"kind":"campsite","osm":"node/4357649182","name":"Evans Creek Campground","fee":"yes","operator":"United States Forest Service","website":"https://www.fs.usda.gov/recarea/mbs/recarea/?recid=18094","toilets":"yes","reservation":"no","backcountry":"no"}},{"type":"Feature","geometry":{"type":"Point","coordinates":[-121.969249,46.73454]},"properties":{"kind":"campsite","osm":"node/4357681867","name":"Big Creek Campground","fee":"yes","access":"yes","operator":"United States Forest Service","website":"https://www.fs.usda.gov/r06/giffordpinchot/recreation/campground-big-creek","capacity":"29","drinking_water":"yes","toilets":"yes","reservation":"recommended","backcountry":"no"}},{"type":"Feature","geometry":{"type":"Point","coordinates":[-121.129046,46.64197]},"properties":{"kind":"campsite","osm":"node/4357681881","name":"Peninsula Campground","fee":"yes","access":"yes","operator":"USDA Forest Service","website":"https://www.fs.usda.gov/r06/okanogan-wenatchee/recreation/peninsula-campgroundhttps://www.fs.usda.gov/r06/okanogan-wenatchee/recreation/peninsula-campground","drinking_water":"yes","toilets":"yes","reservation":"no","backcountry":"no"}},{"type":"Feature","geometry":{"type":"Point","coordinates":[-117.795582,47.808813]},"properties":{"kind":"campsite","osm":"node/4359910537","name":"South Shore Hike-In/Bike-In Campsite","fee":"yes","operator":"Riverside State Park","desc":"Campsite 10","capacity":"1","backcountry":"yes"}},{"type":"Feature","geometry":{"type":"Point","coordinates":[-121.599916,48.484138]},"properties":{"kind":"campsite","osm":"node/4360829121","name":"Howard Miller Steelhead Park","website":"https://www.skagitcounty.net/Departments/ParksAndRecreation/parks/howardmiller.htm"}},{"type":"Feature","geometry":{"type":"Point","coordinates":[-121.595027,48.485049]},"properties":{"kind":"dump","osm":"node/4360829136"}},{"type":"Feature","geometry":{"type":"Point","coordinates":[-121.068469,46.639793]},"properties":{"kind":"campsite","osm":"node/4361363896","name":"Lost Lake Campground","fee":"yes","access":"yes","operator":"USDA Forest Service","website":"https://www.fs.usda.gov/recarea/okawen/recarea/?recid=59603","drinking_water":"yes","toilets":"yes","reservation":"recommended","backcountry":"no"}},{"type":"Feature","geometry":{"type":"Point","coordinates":[-121.596321,46.293095]},"properties":{"kind":"campsite","osm":"node/4361627159","name":"Chain of Lakes Campground"}},{"type":"Feature","geometry":{"type":"Point","coordinates":[-121.631542,46.263073]},"properties":{"kind":"campsite","osm":"node/4361642534","name":"Council Lake Campground"}},{"type":"Feature","geometry":{"type":"Point","coordinates":[-121.619685,47.047464]},"properties":{"kind":"campsite","osm":"node/4362317747","name":"Huckleberry Creek Dispersed Camping","access":"yes"}},{"type":"Feature","geometry":{"type":"Point","coordinates":[-122.20299,45.915979]},"properties":{"kind":"campsite","osm":"node/4362402862","name":"Canyon Creek Campground"}},{"type":"Feature","geometry":{"type":"Point","coordinates":[-120.89914,49.03482]},"properties":{"kind":"campsite","osm":"node/4378504989","name":"Strike Lake Campground","fee":"yes","access":"yes","website":"https://bcparks.ca/ec-manning-park/backcountry-camping/","backcountry":"yes"}},{"type":"Feature","geometry":{"type":"Point","coordinates":[-122.491552,48.654477]},"properties":{"kind":"dump","osm":"node/4393117423"}},{"type":"Feature","geometry":{"type":"Point","coordinates":[-121.819558,47.031786]},"properties":{"kind":"campsite","osm":"node/4396786290","name":"Twin Lake Backcountry Camp","fee":"no","access":"yes","operator":"United States Forest Service","drinking_water":"no","reservation":"no","backcountry":"yes"}},{"type":"Feature","geometry":{"type":"Point","coordinates":[-120.315412,45.718836]},"properties":{"kind":"campsite","osm":"node/4403145124"}},{"type":"Feature","geometry":{"type":"Point","coordinates":[-119.119675,45.922273]},"properties":{"kind":"campsite","osm":"node/4403229288"}},{"type":"Feature","geometry":{"type":"Point","coordinates":[-124.267014,48.094141]},"properties":{"kind":"campsite","osm":"node/4407599789","name":"Beaver Creek Dispersed Camping"}},{"type":"Feature","geometry":{"type":"Point","coordinates":[-121.694473,48.073045]},"properties":{"kind":"campsite","osm":"node/4413975090","name":"Mountain Loop Dispersed Camping","fee":"no","access":"yes","drinking_water":"no"}},{"type":"Feature","geometry":{"type":"Point","coordinates":[-124.299181,48.498902]},"properties":{"kind":"campsite","osm":"node/4415800799","name":"West Sombrio Beach Campsite","fee":"yes","website":"https://bcparks.ca/juan-de-fuca-park/"}},{"type":"Feature","geometry":{"type":"Point","coordinates":[-124.301982,48.500745]},"properties":{"kind":"campsite","osm":"node/4415802130","name":"West - West Sombrio Beach Campsite","fee":"yes","website":"https://bcparks.ca/juan-de-fuca-park/"}},{"type":"Feature","geometry":{"type":"Point","coordinates":[-124.296378,48.494024]},"properties":{"kind":"campsite","osm":"node/4415802332","name":"East Sombrio Beach Campsite","fee":"yes","website":"https://bcparks.ca/juan-de-fuca-park/"}},{"type":"Feature","geometry":{"type":"Point","coordinates":[-121.447306,47.788485]},"properties":{"kind":"campsite","osm":"node/4417030912","backcountry":"yes"}},{"type":"Feature","geometry":{"type":"Point","coordinates":[-117.168783,46.079069]},"properties":{"kind":"water","osm":"node/4430214337","drinking_water":"yes"}},{"type":"Feature","geometry":{"type":"Point","coordinates":[-117.168325,46.079436]},"properties":{"kind":"water","osm":"node/4430214342","drinking_water":"yes"}},{"type":"Feature","geometry":{"type":"Point","coordinates":[-117.16874,46.079548]},"properties":{"kind":"campsite","osm":"node/4430214344","fee":"yes","operator":"Fields Spring State Park","capacity":"20"}},{"type":"Feature","geometry":{"type":"Point","coordinates":[-117.169085,46.079574]},"properties":{"kind":"water","osm":"node/4430214345","drinking_water":"yes"}},{"type":"Feature","geometry":{"type":"Point","coordinates":[-117.167152,46.081055]},"properties":{"kind":"dump","osm":"node/4430214386","access":"customers"}},{"type":"Feature","geometry":{"type":"Point","coordinates":[-117.372181,47.232499]},"properties":{"kind":"rv_park","osm":"node/4439924669","fee":"yes","operator":"City of Rosalia"}},{"type":"Feature","geometry":{"type":"Point","coordinates":[-118.499778,47.868104]},"properties":{"kind":"campsite","osm":"node/4449934925","name":"Halverson Canyon Campground"}},{"type":"Feature","geometry":{"type":"Point","coordinates":[-121.903173,47.314166]},"properties":{"kind":"dump","osm":"node/4461363965"}},{"type":"Feature","geometry":{"type":"Point","coordinates":[-121.724251,46.873126]},"properties":{"kind":"campsite","osm":"node/4470204026","name":"Camp Curtis","fee":"no","access":"yes","operator":"National Park Service","capacity":"5","toilets":"no","reservation":"required","backcountry":"yes"}},{"type":"Feature","geometry":{"type":"Point","coordinates":[-118.940724,47.919143]},"properties":{"kind":"rv_park","osm":"node/4474708109","name":"Lakeview Terrace"}},{"type":"Feature","geometry":{"type":"Point","coordinates":[-121.941223,48.222809]},"properties":{"kind":"campsite","osm":"node/4485946300","name":"Grouse Camp Site","access":"private"}},{"type":"Feature","geometry":{"type":"Point","coordinates":[-121.944175,48.224138]},"properties":{"kind":"campsite","osm":"node/4485946301","name":"Steelhead Group Camp","access":"private"}},{"type":"Feature","geometry":{"type":"Point","coordinates":[-121.941274,48.220881]},"properties":{"kind":"campsite","osm":"node/4485946302","name":"Meadow Fields Camp Site","access":"private"}},{"type":"Feature","geometry":{"type":"Point","coordinates":[-121.939784,48.219233]},"properties":{"kind":"campsite","osm":"node/4485946303","name":"Bear Group Camp","access":"private"}},{"type":"Feature","geometry":{"type":"Point","coordinates":[-121.939551,48.220531]},"properties":{"kind":"campsite","osm":"node/4485946304","name":"Cougar Group Camp","access":"private"}},{"type":"Feature","geometry":{"type":"Point","coordinates":[-121.938149,48.218496]},"properties":{"kind":"campsite","osm":"node/4485946305","name":"Doe Camp","access":"private"}},{"type":"Feature","geometry":{"type":"Point","coordinates":[-121.933244,48.213005]},"properties":{"kind":"campsite","osm":"node/4489705993","name":"Cobo Camp","access":"private"}},{"type":"Feature","geometry":{"type":"Point","coordinates":[-121.936835,48.212785]},"properties":{"kind":"campsite","osm":"node/4489705994","name":"Coyote Camp","access":"private"}},{"type":"Feature","geometry":{"type":"Point","coordinates":[-121.937513,48.212016]},"properties":{"kind":"campsite","osm":"node/4489705995","name":"Cub Camp","access":"private"}},{"type":"Feature","geometry":{"type":"Point","coordinates":[-121.588324,46.77572]},"properties":{"kind":"campsite","osm":"node/4499324199","name":"Olallie Creek Camp","fee":"no","access":"yes","operator":"National Park Service","toilets":"yes","reservation":"required","backcountry":"yes"}},{"type":"Feature","geometry":{"type":"Point","coordinates":[-121.268302,46.631183]},"properties":{"kind":"campsite","osm":"node/4499946233","name":"Group Campground","fee":"yes","access":"yes","operator":"USDA Forest Service","website":"https://www.fs.usda.gov/recarea/okawen/recreation/recarea/?recid=58175","drinking_water":"no","toilets":"yes","reservation":"no","backcountry":"no"}},{"type":"Feature","geometry":{"type":"Point","coordinates":[-121.328977,47.607841]},"properties":{"kind":"campsite","osm":"node/4510023259","name":"Copper Lake Camping Area","drinking_water":"no","toilets":"yes","backcountry":"yes"}},{"type":"Feature","geometry":{"type":"Point","coordinates":[-121.536187,48.778191]},"properties":{"kind":"campsite","osm":"node/4525430411","name":"Sulphide Creek Camp","operator":"North Cascades National Park","toilets":"yes","backcountry":"yes"}},{"type":"Feature","geometry":{"type":"Point","coordinates":[-122.066819,47.555444]},"properties":{"kind":"dump","osm":"node/4542078101","fee":"yes","access":"yes","operator":"Washington State Parks"}},{"type":"Feature","geometry":{"type":"Point","coordinates":[-121.700672,48.662006]},"properties":{"kind":"campsite","osm":"node/4606186393"}},{"type":"Feature","geometry":{"type":"Point","coordinates":[-123.962224,45.88304]},"properties":{"kind":"rv_park","osm":"node/4773331222","name":"cannon beach park"}},{"type":"Feature","geometry":{"type":"Point","coordinates":[-117.567445,47.792824]},"properties":{"kind":"dump","osm":"node/4826424536","fee":"yes","access":"yes","operator":"Washington State Parks"}},{"type":"Feature","geometry":{"type":"Point","coordinates":[-118.505463,47.531122]},"properties":{"kind":"campsite","osm":"node/4845578511","operator":"Bureau of Land Management"}},{"type":"Feature","geometry":{"type":"Point","coordinates":[-121.541277,48.085557]},"properties":{"kind":"campsite","osm":"node/4875358608","name":"Coal Creek Bar Group Campground","fee":"yes","access":"yes","operator":"USDA Forest Service","website":"https://www.fs.usda.gov/recarea/mbs/recarea/?recid=17832","drinking_water":"no","toilets":"yes","reservation":"recommended","backcountry":"no"}},{"type":"Feature","geometry":{"type":"Point","coordinates":[-121.526927,48.078918]},"properties":{"kind":"campsite","osm":"node/4875359533","name":"Beaver Creek Group Campground","fee":"yes","access":"yes","operator":"USDA Forest Service","website":"https://www.fs.usda.gov/recarea/mbs/recreation/recarea/?recid=17824&actid=33","drinking_water":"no","toilets":"yes","reservation":"recommended","backcountry":"no"}},{"type":"Feature","geometry":{"type":"Point","coordinates":[-121.715039,48.073914]},"properties":{"kind":"campsite","osm":"node/4875503337","name":"Wiley Creek Group Campground","fee":"yes","access":"yes","operator":"USDA Forest Service","website":"https://www.fs.usda.gov/recarea/mbs/recreation/recarea/?recid=17848&actid=33","drinking_water":"no","toilets":"yes","reservation":"recommended","backcountry":"no"}},{"type":"Feature","geometry":{"type":"Point","coordinates":[-121.689732,48.072967]},"properties":{"kind":"campsite","osm":"node/4875503338","name":"Esswine Group Campground","fee":"yes","access":"yes","operator":"USDA Forest Service","website":"https://www.fs.usda.gov/recarea/mbs/recreation/recarea/?recid=17834&actid=33","drinking_water":"no","toilets":"yes","reservation":"recommended","backcountry":"no"}},{"type":"Feature","geometry":{"type":"Point","coordinates":[-121.67935,48.069758]},"properties":{"kind":"campsite","osm":"node/4875503339","name":"Boardman Creek Group Campground","fee":"yes","access":"yes","operator":"USDA Forest Service","website":"https://www.fs.usda.gov/recarea/mbs/recreation/recarea/?recid=17828&actid=33","drinking_water":"no","toilets":"yes","reservation":"recommended","backcountry":"no"}},{"type":"Feature","geometry":{"type":"Point","coordinates":[-121.631231,48.06509]},"properties":{"kind":"campsite","osm":"node/4875503340","name":"Tulalip Group Campground","fee":"yes","access":"yes","operator":"USDA Forest Service","website":"https://www.fs.usda.gov/recarea/mbs/recarea/?recid=17842","drinking_water":"no","toilets":"yes","reservation":"recommended","backcountry":"no"}},{"type":"Feature","geometry":{"type":"Point","coordinates":[-124.014931,48.07661]},"properties":{"kind":"campsite","osm":"node/4884787215","name":"Littleton Horse Camp","fee":"yes","operator":"US Forest Service","drinking_water":"no","toilets":"yes","reservation":"no"}},{"type":"Feature","geometry":{"type":"Point","coordinates":[-121.552908,47.425082]},"properties":{"kind":"campsite","osm":"node/4909886722","name":"Mason Lake Backcountry Camping","access":"yes","toilets":"yes","backcountry":"yes"}},{"type":"Feature","geometry":{"type":"Point","coordinates":[-121.355618,48.022224]},"properties":{"kind":"campsite","osm":"node/4911656969","name":"Goat Lake Camping Area","capacity":"6","toilets":"yes","backcountry":"yes"}},{"type":"Feature","geometry":{"type":"Point","coordinates":[-122.584562,48.428229]},"properties":{"kind":"campsite","osm":"node/4927803896","name":"Quaker Cove Retreat","desc":"Christian retreat camp"}},{"type":"Feature","geometry":{"type":"Point","coordinates":[-121.508617,46.906237]},"properties":{"kind":"campsite","osm":"node/4947193528","name":"Upper Crystal Lake Camp","fee":"no","access":"yes","operator":"National Park Service","capacity":"2","backcountry":"yes"}},{"type":"Feature","geometry":{"type":"Point","coordinates":[-121.513748,46.911672]},"properties":{"kind":"campsite","osm":"node/4947193568","name":"Lower Crystal Lake Camp","fee":"no","access":"yes","operator":"National Park Service","capacity":"2","backcountry":"yes"}},{"type":"Feature","geometry":{"type":"Point","coordinates":[-121.571431,48.220271]},"properties":{"kind":"campsite","osm":"node/4951424034","name":"Clear Creek Campground","fee":"no","operator":"United States Forest Service","website":"https://www.fs.usda.gov/recarea/mbs/recreation/recarea/?recid=17830","capacity":"13"}},{"type":"Feature","geometry":{"type":"Point","coordinates":[-123.772239,45.728783]},"properties":{"kind":"campsite","osm":"node/4958762113","name":"Nehalem Falls Campground","operator":"Oregon Department of Forestry"}},{"type":"Feature","geometry":{"type":"Point","coordinates":[-123.942618,45.608404]},"properties":{"kind":"rv_park","osm":"node/4958890563","name":"Rockaway Beach RV Park"}},{"type":"Feature","geometry":{"type":"Point","coordinates":[-121.393126,47.669778]},"properties":{"kind":"campsite","osm":"node/4964877870","name":"West Fork Campground"}},{"type":"Feature","geometry":{"type":"Point","coordinates":[-118.146382,48.297173]},"properties":{"kind":"campsite","osm":"node/4969328098","name":"Cloverleaf Beach Campground"}},{"type":"Feature","geometry":{"type":"Point","coordinates":[-118.00299,48.786538]},"properties":{"kind":"campsite","osm":"node/4969353621","name":"North Gorge Campground","website":"https://www.nps.gov/laro/planyourvisit/cg-northgorge.htm","toilets":"yes"}},{"type":"Feature","geometry":{"type":"Point","coordinates":[-121.792634,46.767218]},"properties":{"kind":"dump","osm":"node/4988522170","name":"Dump Station"}},{"type":"Feature","geometry":{"type":"Point","coordinates":[-118.462009,48.605234]},"properties":{"kind":"campsite","osm":"node/4991098811","name":"Sherman Pass Campground"}},{"type":"Feature","geometry":{"type":"Point","coordinates":[-121.443053,48.008088]},"properties":{"kind":"campsite","osm":"node/4998287653","name":"Twin Bridge Campground","backcountry":"yes"}},{"type":"Feature","geometry":{"type":"Point","coordinates":[-121.421503,47.998806]},"properties":{"kind":"campsite","osm":"node/4998287654","name":"Hops Hill Campground","backcountry":"yes"}},{"type":"Feature","geometry":{"type":"Point","coordinates":[-121.412349,47.99538]},"properties":{"kind":"campsite","osm":"node/4998287655","name":"Sauk River Campground","backcountry":"yes"}},{"type":"Feature","geometry":{"type":"Point","coordinates":[-121.394443,47.987594]},"properties":{"kind":"campsite","osm":"node/4998287656","name":"Monte Cristo","fee":"no","access":"yes","operator":"Northwest Forest Service"}},{"type":"Feature","geometry":{"type":"Point","coordinates":[-124.306193,47.963183]},"properties":{"kind":"campsite","osm":"node/5024837421","name":"Klahanie Campground","fee":"yes","website":"https://www.recreation.gov/camping/poi/238878","drinking_water":"no","toilets":"yes"}},{"type":"Feature","geometry":{"type":"Point","coordinates":[-124.249537,47.810388]},"properties":{"kind":"campsite","osm":"node/5025569042","name":"Hoh Oxbow Campground","fee":"no","access":"yes","operator":"Washington State Department of Natural Resources","website":"https://www.dnr.wa.gov/OlympicPeninsula","toilets":"yes","backcountry":"no"}},{"type":"Feature","geometry":{"type":"Point","coordinates":[-123.773167,48.631648]},"properties":{"kind":"campsite","osm":"node/5027084121","name":"Sunny Daze Campground"}},{"type":"Feature","geometry":{"type":"Point","coordinates":[-118.381273,45.920823]},"properties":{"kind":"rv_park","osm":"node/5029703704","name":"Trails West RV Park-Campground"}},{"type":"Feature","geometry":{"type":"Point","coordinates":[-123.287542,48.042748]},"properties":{"kind":"campsite","osm":"node/5047018125","name":"Backcountry Camping","fee":"no","backcountry":"yes"}},{"type":"Feature","geometry":{"type":"Point","coordinates":[-122.165112,45.952574]},"properties":{"kind":"campsite","osm":"node/5047970223","name":"Dispersed Camping","access":"yes","operator":"USFS","drinking_water":"no","backcountry":"yes"}},{"type":"Feature","geometry":{"type":"Point","coordinates":[-122.174172,45.948819]},"properties":{"kind":"campsite","osm":"node/5047973722","name":"Dispersed Camping","access":"yes","operator":"USFS","drinking_water":"no","backcountry":"yes"}},{"type":"Feature","geometry":{"type":"Point","coordinates":[-121.179135,47.985243]},"properties":{"kind":"campsite","osm":"node/5049674035","name":"Lower Blue Lake Camping Area","backcountry":"yes"}},{"type":"Feature","geometry":{"type":"Point","coordinates":[-122.943202,47.467503]},"properties":{"kind":"campsite","osm":"node/5056939239","name":"Tahuya River Horse Camp","operator":"Washington State Department of Natural Resources","website":"https://www.dnr.wa.gov/GreenMountainTahuya","desc":"This campground is open on weekends through Labor Day."}},{"type":"Feature","geometry":{"type":"Point","coordinates":[-123.708383,47.909253]},"properties":{"kind":"campsite","osm":"node/5060528145","name":"Cat Basin Stock Camp","access":"yes","operator":"Olympic National Park","drinking_water":"no","backcountry":"yes"}},{"type":"Feature","geometry":{"type":"Point","coordinates":[-123.723427,47.907144]},"properties":{"kind":"campsite","osm":"node/5060543669","name":"Bruce's Roost","backcountry":"yes"}},{"type":"Feature","geometry":{"type":"Point","coordinates":[-123.778078,47.918808]},"properties":{"kind":"campsite","osm":"node/5060782023","name":"Clear Lake Tent Site","fee":"no","access":"yes","operator":"Olympic National Park","drinking_water":"no","reservation":"no","backcountry":"yes"}},{"type":"Feature","geometry":{"type":"Point","coordinates":[-121.610735,47.055764]},"properties":{"kind":"campsite","osm":"node/5061196829","name":"Huckleberry Creek Dispersed Camping","access":"yes"}},{"type":"Feature","geometry":{"type":"Point","coordinates":[-121.120138,47.985215]},"properties":{"kind":"campsite","osm":"node/5069646246","backcountry":"yes"}},{"type":"Feature","geometry":{"type":"Point","coordinates":[-121.116803,47.980491]},"properties":{"kind":"campsite","osm":"node/5069983850"}},{"type":"Feature","geometry":{"type":"Point","coordinates":[-124.338724,48.50731]},"properties":{"kind":"campsite","osm":"node/5070410355","name":"Little Kuitshe Creek","fee":"yes","website":"https://bcparks.ca/juan-de-fuca-park/"}},{"type":"Feature","geometry":{"type":"Point","coordinates":[-123.515129,47.873779]},"properties":{"kind":"campsite","osm":"node/5070543474","name":"Dodger Point Camp","operator":"Olympic National Park","drinking_water":"no","reservation":"no","backcountry":"yes"}},{"type":"Feature","geometry":{"type":"Point","coordinates":[-123.88222,47.866923]},"properties":{"kind":"campsite","osm":"node/5073679021","name":"Mount Tom Creek Campsites","access":"yes","operator":"Olympic National Park","drinking_water":"no","toilets":"no","backcountry":"yes"}},{"type":"Feature","geometry":{"type":"Point","coordinates":[-124.720976,48.151847]},"properties":{"kind":"campsite","osm":"node/5074671821","name":"Wedding Rocks Quota Campsite","fee":"yes","access":"yes","operator":"National Park Service","drinking_water":"no","toilets":"no","reservation":"no","backcountry":"yes"}},{"type":"Feature","geometry":{"type":"Point","coordinates":[-123.915785,47.864909]},"properties":{"kind":"campsite","osm":"node/5076428521","name":"Hoh River Dispersed Camping","access":"yes","operator":"Olympic National Park","drinking_water":"no","toilets":"no","backcountry":"yes"}},{"type":"Feature","geometry":{"type":"Point","coordinates":[-121.740724,46.196093]},"properties":{"kind":"campsite","osm":"node/5079792246","name":"Island Shelter","backcountry":"yes"}},{"type":"Feature","geometry":{"type":"Point","coordinates":[-123.236293,47.732563]},"properties":{"kind":"campsite","osm":"node/5083035339","name":"Big Timber","access":"yes","operator":"Olympic National Park","drinking_water":"no","reservation":"no","backcountry":"yes"}},{"type":"Feature","geometry":{"type":"Point","coordinates":[-123.279354,47.720256]},"properties":{"kind":"campsite","osm":"node/5083051336","name":"Diamond Meadows","access":"yes","operator":"Olympic National Park","drinking_water":"no","reservation":"no","backcountry":"yes"}},{"type":"Feature","geometry":{"type":"Point","coordinates":[-123.31464,47.70378]},"properties":{"kind":"campsite","osm":"node/5083080875","name":"LaCrosse Pass Campsite","access":"yes","operator":"Olympic National Park","drinking_water":"no","reservation":"no","backcountry":"yes"}},{"type":"Feature","geometry":{"type":"Point","coordinates":[-120.026932,48.432324]},"properties":{"kind":"campsite","osm":"node/5091091016","name":"Beaver Creek Campground","operator":"Washington Department of Fish and Wildlife"}},{"type":"Feature","geometry":{"type":"Point","coordinates":[-123.314731,45.652577]},"properties":{"kind":"campsite","osm":"node/5099414481","name":"Camp R&R"}},{"type":"Feature","geometry":{"type":"Point","coordinates":[-120.969912,47.857468]},"properties":{"kind":"campsite","osm":"node/5110158591","name":"Soda Springs Campground","operator":"USFS"}},{"type":"Feature","geometry":{"type":"Point","coordinates":[-120.512103,47.965653]},"properties":{"kind":"campsite","osm":"node/5112187500","name":"Halfway Springs Camping Area","fee":"no","operator":"USFS","website":"https://www.fs.usda.gov/r06/okanogan-wenatchee/recreation/halfway-springs-camping-area","drinking_water":"no","toilets":"no","backcountry":"yes"}},{"type":"Feature","geometry":{"type":"Point","coordinates":[-117.769202,46.235291]},"properties":{"kind":"campsite","osm":"node/5122744674","name":"Midway Campground"}},{"type":"Feature","geometry":{"type":"Point","coordinates":[-123.610488,47.375702]},"properties":{"kind":"campsite","osm":"node/5130460137","name":"Hunter Camp","backcountry":"yes"}},{"type":"Feature","geometry":{"type":"Point","coordinates":[-123.598752,47.396896]},"properties":{"kind":"campsite","osm":"node/5130460138","name":"Chetwoot","backcountry":"yes"}},{"type":"Feature","geometry":{"type":"Point","coordinates":[-122.121595,46.316496]},"properties":{"kind":"campsite","osm":"node/5136931667","name":"Bear Camp","backcountry":"yes"}},{"type":"Feature","geometry":{"type":"Point","coordinates":[-122.112737,46.332483]},"properties":{"kind":"campsite","osm":"node/5136931688","name":"Obscurity Camp","backcountry":"yes"}},{"type":"Feature","geometry":{"type":"Point","coordinates":[-122.120277,46.332294]},"properties":{"kind":"campsite","osm":"node/5136931689","name":"Panhandle Camp","backcountry":"yes"}},{"type":"Feature","geometry":{"type":"Point","coordinates":[-122.147897,46.312802]},"properties":{"kind":"campsite","osm":"node/5143975693","name":"Margaret Camp","backcountry":"yes"}},{"type":"Feature","geometry":{"type":"Point","coordinates":[-122.134625,46.332768]},"properties":{"kind":"campsite","osm":"node/5143975699","name":"Shovel Lake","backcountry":"yes"}},{"type":"Feature","geometry":{"type":"Point","coordinates":[-122.151909,46.332547]},"properties":{"kind":"campsite","osm":"node/5143975700","name":"Snow Camp","backcountry":"yes"}},{"type":"Feature","geometry":{"type":"Point","coordinates":[-122.206955,46.307053]},"properties":{"kind":"campsite","osm":"node/5143975702","name":"Ridge Camp","backcountry":"yes"}},{"type":"Feature","geometry":{"type":"Point","coordinates":[-122.153289,46.312405]},"properties":{"kind":"campsite","osm":"node/5143975704","name":"Dome Camp","backcountry":"yes"}},{"type":"Feature","geometry":{"type":"Point","coordinates":[-120.581546,47.251128]},"properties":{"kind":"campsite","osm":"node/5144446737","name":"Lion Rock Spring Campground","fee":"no","website":"https://www.fs.usda.gov/recarea/okawen/recarea/?recid=57629","drinking_water":"no"}},{"type":"Feature","geometry":{"type":"Point","coordinates":[-120.657632,48.468539]},"properties":{"kind":"campsite","osm":"node/5167657507","name":"Dagger Lake Camp","access":"permit","operator":"North Cascades National Park","drinking_water":"no","toilets":"yes","backcountry":"yes"}},{"type":"Feature","geometry":{"type":"Point","coordinates":[-123.943077,48.39565]},"properties":{"kind":"dump","osm":"node/5196222010","fee":"yes"}},{"type":"Feature","geometry":{"type":"Point","coordinates":[-123.54602,47.948623]},"properties":{"kind":"campsite","osm":"node/5197422185","name":"Humes Ranch Campsites","fee":"no","drinking_water":"no","reservation":"no","backcountry":"yes"}},{"type":"Feature","geometry":{"type":"Point","coordinates":[-123.572198,47.955326]},"properties":{"kind":"campsite","osm":"node/5197422186","name":"Geyser Valley Trail Backcountry Camping","fee":"no","drinking_water":"no","reservation":"no","backcountry":"yes"}},{"type":"Feature","geometry":{"type":"Point","coordinates":[-117.961297,45.868227]},"properties":{"kind":"campsite","osm":"node/5200935152","name":"Mottet Campground"}},{"type":"Feature","geometry":{"type":"Point","coordinates":[-122.90995,46.911859]},"properties":{"kind":"dump","osm":"node/5222320386","access":"customers","operator":"Washington State Parks"}},{"type":"Feature","geometry":{"type":"Point","coordinates":[-122.264841,48.988067]},"properties":{"kind":"rv_park","osm":"node/5301308105","name":"Sumas RV Park"}},{"type":"Feature","geometry":{"type":"Point","coordinates":[-118.67048,48.652771]},"properties":{"kind":"rv_park","osm":"node/5304086364","name":"Gold Mountain RV Park","capacity":"20"}},{"type":"Feature","geometry":{"type":"Point","coordinates":[-121.386028,48.964256]},"properties":{"kind":"campsite","osm":"node/5309382023","name":"Bear Creek Camp","access":"permit","operator":"North Cascades National Park","toilets":"yes","backcountry":"yes"}},{"type":"Feature","geometry":{"type":"Point","coordinates":[-121.39463,48.934969]},"properties":{"kind":"campsite","osm":"node/5309382024","name":"Indian Creek Camp","access":"permit","operator":"North Cascades National Park","toilets":"yes","backcountry":"yes"}},{"type":"Feature","geometry":{"type":"Point","coordinates":[-121.802008,45.9089]},"properties":{"kind":"campsite","osm":"node/5335556307","name":"Crest Horse Camp"}},{"type":"Feature","geometry":{"type":"Point","coordinates":[-123.611861,45.543017]},"properties":{"kind":"campsite","osm":"node/5338544586","name":"Keenig Creek Campground"}},{"type":"Feature","geometry":{"type":"Point","coordinates":[-124.238791,47.292507]},"properties":{"kind":"campsite","osm":"node/5351926423","name":"Tahola Beach Shack"}},{"type":"Feature","geometry":{"type":"Point","coordinates":[-117.825777,47.834019]},"properties":{"kind":"campsite","osm":"node/5354209318","name":"North Shore Campsite #1","operator":"Riverside State Park","capacity":"1","backcountry":"yes"}},{"type":"Feature","geometry":{"type":"Point","coordinates":[-117.821198,47.830882]},"properties":{"kind":"campsite","osm":"node/5354210553","name":"North Shore Campsite #3","operator":"Riverside State Park","capacity":"1","backcountry":"yes"}},{"type":"Feature","geometry":{"type":"Point","coordinates":[-117.821677,47.831066]},"properties":{"kind":"campsite","osm":"node/5354210556","name":"North Shore Campsite #2","operator":"Riverside State Park","capacity":"1","backcountry":"yes"}},{"type":"Feature","geometry":{"type":"Point","coordinates":[-123.810072,48.473343]},"properties":{"kind":"campsite","osm":"node/5357257421"}},{"type":"Feature","geometry":{"type":"Point","coordinates":[-119.572023,48.370942]},"properties":{"kind":"campsite","osm":"node/5359471792","name":"Legion Park Campsite","fee":"yes","website":"https://www.okanogancity.com/parksrec/park/legion-park","reservation":"no"}},{"type":"Feature","geometry":{"type":"Point","coordinates":[-121.672973,48.272091]},"properties":{"kind":"campsite","osm":"node/5361032323","name":"Squire Creek Campground","access":"yes","operator":"Snohomish County"}},{"type":"Feature","geometry":{"type":"Point","coordinates":[-119.903137,48.385743]},"properties":{"kind":"campsite","osm":"node/5361204090","name":"J R Campground"}},{"type":"Feature","geometry":{"type":"Point","coordinates":[-117.82569,47.357026]},"properties":{"kind":"campsite","osm":"node/5366146989"}},{"type":"Feature","geometry":{"type":"Point","coordinates":[-119.057413,48.795127]},"properties":{"kind":"campsite","osm":"node/5386931191","name":"Bonaparte Lake Campground"}},{"type":"Feature","geometry":{"type":"Point","coordinates":[-121.345142,45.696869]},"properties":{"kind":"campsite","osm":"node/5401723215","name":"Memaloose State Park Campground"}},{"type":"Feature","geometry":{"type":"Point","coordinates":[-121.417536,48.52664]},"properties":{"kind":"campsite","osm":"node/5417226958","name":"Cascade Wagon Road Campground"}},{"type":"Feature","geometry":{"type":"Point","coordinates":[-124.698655,48.661395]},"properties":{"kind":"campsite","osm":"node/5418905181","fee":"yes","website":"https://bcparks.ca/carmanah-walbran-park/"}},{"type":"Feature","geometry":{"type":"Point","coordinates":[-121.27586,48.529456]},"properties":{"kind":"campsite","osm":"node/5434584353","name":"Marble Creek Campground","operator":"Mt. Baker-Snoqualmie National Forest","website":"https://www.fs.usda.gov/r06/mbs/recreation/marble-creek-campground"}},{"type":"Feature","geometry":{"type":"Point","coordinates":[-123.738209,47.879251]},"properties":{"kind":"campsite","osm":"node/5460630521","name":"Lewis Campsite","access":"yes","operator":"Olympic National Park","drinking_water":"no","toilets":"no","backcountry":"yes"}},{"type":"Feature","geometry":{"type":"Point","coordinates":[-118.146727,48.563638]},"properties":{"kind":"campsite","osm":"node/5469682499","name":"Haag Cove Campgrounds"}},{"type":"Feature","geometry":{"type":"Point","coordinates":[-120.845681,45.518293]},"properties":{"kind":"campsite","osm":"node/5470534926","name":"Green Light Hole Camp","backcountry":"yes"}},{"type":"Feature","geometry":{"type":"Point","coordinates":[-120.848263,45.520277]},"properties":{"kind":"campsite","osm":"node/5470534931","name":"Fall Canyon Camp","backcountry":"yes"}},{"type":"Feature","geometry":{"type":"Point","coordinates":[-120.89965,45.596346]},"properties":{"kind":"campsite","osm":"node/5470534932","backcountry":"yes"}},{"type":"Feature","geometry":{"type":"Point","coordinates":[-120.854377,45.52161]},"properties":{"kind":"campsite","osm":"node/5470534935","backcountry":"yes"}},{"type":"Feature","geometry":{"type":"Point","coordinates":[-120.8613,45.526917]},"properties":{"kind":"campsite","osm":"node/5470534936","backcountry":"yes"}},{"type":"Feature","geometry":{"type":"Point","coordinates":[-120.877366,45.526286]},"properties":{"kind":"campsite","osm":"node/5470534937","backcountry":"yes"}},{"type":"Feature","geometry":{"type":"Point","coordinates":[-120.876107,45.527728]},"properties":{"kind":"campsite","osm":"node/5470534942","name":"Deer Spot Camp","backcountry":"yes"}},{"type":"Feature","geometry":{"type":"Point","coordinates":[-120.883358,45.535104]},"properties":{"kind":"campsite","osm":"node/5470534943","name":"Bedsprings Camp","backcountry":"yes"}},{"type":"Feature","geometry":{"type":"Point","coordinates":[-120.887772,45.541115]},"properties":{"kind":"campsite","osm":"node/5470535045","name":"Hot Rocks Camp","backcountry":"yes"}},{"type":"Feature","geometry":{"type":"Point","coordinates":[-120.89683,45.541775]},"properties":{"kind":"campsite","osm":"node/5470535048","name":"Deschutes Camp","backcountry":"yes"}},{"type":"Feature","geometry":{"type":"Point","coordinates":[-120.898933,45.543439]},"properties":{"kind":"campsite","osm":"node/5470535049","name":"Free Bridge Camp","backcountry":"yes"}},{"type":"Feature","geometry":{"type":"Point","coordinates":[-120.900997,45.550284]},"properties":{"kind":"campsite","osm":"node/5470535057","name":"Kloan Camp","backcountry":"yes"}},{"type":"Feature","geometry":{"type":"Point","coordinates":[-120.901551,45.552765]},"properties":{"kind":"campsite","osm":"node/5470535060","name":"Bathtub Camp","backcountry":"yes"}},{"type":"Feature","geometry":{"type":"Point","coordinates":[-120.908417,45.565188]},"properties":{"kind":"campsite","osm":"node/5470535061","name":"Lower Sharps Bar Camp","backcountry":"yes"}},{"type":"Feature","geometry":{"type":"Point","coordinates":[-120.909034,45.563728]},"properties":{"kind":"campsite","osm":"node/5470535062","name":"Upper Sharps Bar Camp","backcountry":"yes"}},{"type":"Feature","geometry":{"type":"Point","coordinates":[-120.908576,45.562571]},"properties":{"kind":"campsite","osm":"node/5470535067","name":"Game Commission Camp","backcountry":"yes"}},{"type":"Feature","geometry":{"type":"Point","coordinates":[-120.906641,45.565132]},"properties":{"kind":"campsite","osm":"node/5470535068","name":"Gordon Ridge Camp","backcountry":"yes"}},{"type":"Feature","geometry":{"type":"Point","coordinates":[-120.899552,45.581771]},"properties":{"kind":"campsite","osm":"node/5470535087","name":"Miller Camp","backcountry":"yes"}},{"type":"Feature","geometry":{"type":"Point","coordinates":[-120.900995,45.580241]},"properties":{"kind":"campsite","osm":"node/5470535088","name":"Five Trees Camp","backcountry":"yes"}},{"type":"Feature","geometry":{"type":"Point","coordinates":[-120.901708,45.581574]},"properties":{"kind":"campsite","osm":"node/5470535093","name":"Wagonblast Camp","backcountry":"yes"}},{"type":"Feature","geometry":{"type":"Point","coordinates":[-120.900799,45.598607]},"properties":{"kind":"campsite","osm":"node/5470535102","name":"Last Ditch Camp","backcountry":"yes"}},{"type":"Feature","geometry":{"type":"Point","coordinates":[-120.894196,45.588174]},"properties":{"kind":"campsite","osm":"node/5470535103","name":"Colorado Camp","backcountry":"yes"}},{"type":"Feature","geometry":{"type":"Point","coordinates":[-120.826485,45.513737]},"properties":{"kind":"campsite","osm":"node/5473654499","name":"Harris Camp","backcountry":"yes"}},{"type":"Feature","geometry":{"type":"Point","coordinates":[-121.52375,46.242236]},"properties":{"kind":"campsite","osm":"node/5481820778","name":"High Camp","backcountry":"yes"}},{"type":"Feature","geometry":{"type":"Point","coordinates":[-121.350973,46.759939]},"properties":{"kind":"campsite","osm":"node/5497640084","name":"Deep Creek Horse Camp","access":"yes","website":"https://www.fs.usda.gov/recarea/okawen/recarea/?recid=58219","drinking_water":"no","reservation":"no"}},{"type":"Feature","geometry":{"type":"Point","coordinates":[-121.36153,46.752384]},"properties":{"kind":"campsite","osm":"node/5497640092","name":"Deep Creek Campground","fee":"no","access":"yes","website":"https://www.fs.usda.gov/recarea/okawen/recarea/?recid=58215","drinking_water":"no","toilets":"yes","reservation":"no","backcountry":"yes"}},{"type":"Feature","geometry":{"type":"Point","coordinates":[-121.529715,47.391963]},"properties":{"kind":"campsite","osm":"node/5585868421"}},{"type":"Feature","geometry":{"type":"Point","coordinates":[-122.537861,47.216153]},"properties":{"kind":"dump","osm":"node/5599474386"}},{"type":"Feature","geometry":{"type":"Point","coordinates":[-122.538257,47.214284]},"properties":{"kind":"dump","osm":"node/5599475334"}},{"type":"Feature","geometry":{"type":"Point","coordinates":[-121.930652,45.642255]},"properties":{"kind":"campsite","osm":"node/5610127797","name":"Eagle Creek Overlook Group Campground","fee":"yes","operator":"US Forest Service","website":"https://www.fs.usda.gov/recarea/crgnsa/recarea/?recid=29908","reservation":"required"}},{"type":"Feature","geometry":{"type":"Point","coordinates":[-123.823533,47.931914]},"properties":{"kind":"campsite","osm":"node/5631276424","name":"Canyon Creek Campsite #3","access":"yes","operator":"Olympic National Park","drinking_water":"no","toilets":"no","backcountry":"yes"}},{"type":"Feature","geometry":{"type":"Point","coordinates":[-123.766491,47.877683]},"properties":{"kind":"campsite","osm":"node/5633448526","name":"Olympus Ranger Station Camp","access":"yes","operator":"Olympic National Park","drinking_water":"no","backcountry":"yes"}},{"type":"Feature","geometry":{"type":"Point","coordinates":[-124.179687,48.453152]},"properties":{"kind":"campsite","osm":"node/5642888821"}},{"type":"Feature","geometry":{"type":"Point","coordinates":[-122.827811,48.601875]},"properties":{"kind":"campsite","osm":"node/5665016779","name":"Cascadia Marine Trail Campsite - Obstruction Pass","fee":"yes","operator":"Washington State Parks","website":"https://www.parks.wa.gov/553/Obstruction-Pass","desc":"Hazards: Currents in Obstruction and Peavine passes up to 3-7 knots. Current flows east on the flood. Tide rips east of Obstruction Island. Contact ranger if unable to locate a campsite. No drinking water.","drinking_water":"no","toilets":"yes","reservation":"no"}},{"type":"Feature","geometry":{"type":"Point","coordinates":[-123.165155,47.737433]},"properties":{"kind":"campsite","osm":"node/5700973727","name":"Dosewallips Campground","fee":"no","access":"yes","operator":"National Park Service","drinking_water":"no","toilets":"yes","reservation":"no","backcountry":"yes"}},{"type":"Feature","geometry":{"type":"Point","coordinates":[-121.547358,47.386284]},"properties":{"kind":"campsite","osm":"node/5712281502","name":"Carter Creek Campsite","fee":"yes","drinking_water":"no","backcountry":"yes"}},{"type":"Feature","geometry":{"type":"Point","coordinates":[-120.377602,48.048657]},"properties":{"kind":"campsite","osm":"node/5715810405","name":"Safety Harbor Campground","operator":"USFS","website":"https://www.fs.usda.gov/r06/okanogan-wenatchee/recreation/safety-harbor-campground","drinking_water":"no","toilets":"yes"}},{"type":"Feature","geometry":{"type":"Point","coordinates":[-120.54366,48.163844]},"properties":{"kind":"campsite","osm":"node/5715852182","name":"Domke Falls Campground","fee":"yes","operator":"USFS","website":"https://www.fs.usda.gov/r06/okanogan-wenatchee/recreation/domke-falls-campground","drinking_water":"no","toilets":"yes"}},{"type":"Feature","geometry":{"type":"Point","coordinates":[-120.492423,48.084667]},"properties":{"kind":"campsite","osm":"node/5715852185","name":"Graham Harbor Creek Campground","fee":"yes","operator":"USFS","website":"https://www.fs.usda.gov/r06/okanogan-wenatchee/recreation/graham-harbor-creek-campground","drinking_water":"no","toilets":"yes"}},{"type":"Feature","geometry":{"type":"Point","coordinates":[-120.439235,48.045626]},"properties":{"kind":"campsite","osm":"node/5715866312","name":"Corral Creek Campground","fee":"yes","operator":"USFS","website":"https://www.fs.usda.gov/r06/okanogan-wenatchee/recreation/corral-creek-campground","drinking_water":"no","toilets":"yes"}},{"type":"Feature","geometry":{"type":"Point","coordinates":[-120.489195,48.081711]},"properties":{"kind":"campsite","osm":"node/5715866313","name":"Graham Harbor Campground","fee":"yes","operator":"USFS","website":"https://www.fs.usda.gov/r06/okanogan-wenatchee/recreation/graham-harbor-campground","drinking_water":"no","toilets":"yes"}},{"type":"Feature","geometry":{"type":"Point","coordinates":[-120.309991,47.988332]},"properties":{"kind":"campsite","osm":"node/5715866836","name":"Grouse Mountain Campground","fee":"no","operator":"USFS","website":"https://www.fs.usda.gov/r06/okanogan-wenatchee/recreation/grouse-mountain-campground","drinking_water":"no","toilets":"yes"}},{"type":"Feature","geometry":{"type":"Point","coordinates":[-120.33162,47.901538]},"properties":{"kind":"campsite","osm":"node/5715872938","name":"Windy Camp Campground","fee":"no","access":"yes","operator":"USFS","website":"https://www.fs.usda.gov/r06/okanogan-wenatchee/recreation/windy-camp-campground","drinking_water":"no","toilets":"yes","reservation":"no","backcountry":"no"}},{"type":"Feature","geometry":{"type":"Point","coordinates":[-116.903823,48.561223]},"properties":{"kind":"campsite","osm":"node/5724167560","name":"Schneider Campsites","fee":"yes","access":"yes","operator":"Idaho Panhandle National Forests","website":"https://www.fs.usda.gov/r01/idahopanhandle/recreation/kalispell-island-group-site-and-other-campgrounds","toilets":"vault"}},{"type":"Feature","geometry":{"type":"Point","coordinates":[-116.900542,48.563356]},"properties":{"kind":"campsite","osm":"node/5724167561","name":"Silver Campsites","fee":"yes","access":"yes","operator":"Idaho Panhandle National Forests","website":"https://www.fs.usda.gov/r01/idahopanhandle/recreation/kalispell-island-group-site-and-other-campgrounds","toilets":"vault"}},{"type":"Feature","geometry":{"type":"Point","coordinates":[-116.909019,48.793735]},"properties":{"kind":"campsite","osm":"node/5724167566","name":"Navigation Campground","fee":"no","access":"yes","operator":"Idaho Panhandle National Forests","backcountry":"yes"}},{"type":"Feature","geometry":{"type":"Point","coordinates":[-120.858462,47.412704]},"properties":{"kind":"campsite","osm":"node/5724391870","name":"Bean Creek Basin Backcountry Camping","fee":"no","access":"yes","operator":"Okanogan-Wenatchee National Forest","backcountry":"yes"}},{"type":"Feature","geometry":{"type":"Point","coordinates":[-123.84645,47.469867]},"properties":{"kind":"campsite","osm":"node/5725489021","name":"Falls Creek Campground","website":"https://www.recreation.gov/camping/falls-creek-campground/r/campgroundDetails.do?contractCode=NRSO&parkId=124990"}},{"type":"Feature","geometry":{"type":"Point","coordinates":[-121.283376,46.879276]},"properties":{"kind":"campsite","osm":"node/5746375834","name":"Bumping Crossing Campground","fee":"no"}},{"type":"Feature","geometry":{"type":"Point","coordinates":[-121.444185,47.082674]},"properties":{"kind":"campsite","osm":"node/5747999821","name":"Lost Creek Backpacking Site","backcountry":"yes"}},{"type":"Feature","geometry":{"type":"Point","coordinates":[-121.460307,47.048991]},"properties":{"kind":"campsite","osm":"node/5747999822","name":"Lost Lake Backpacking Site","access":"yes","drinking_water":"no","backcountry":"yes"}},{"type":"Feature","geometry":{"type":"Point","coordinates":[-119.702158,48.91338]},"properties":{"kind":"campsite","osm":"node/5752763673","name":"Chopaka Lake Campground","operator":"Washington State Department of Natural Resources","website":"https://www.dnr.wa.gov/LoomisLoupLoup#chopaka"}},{"type":"Feature","geometry":{"type":"Point","coordinates":[-118.099052,45.777911]},"properties":{"kind":"campsite","osm":"node/5760995058","name":"Woodward Campground"}},{"type":"Feature","geometry":{"type":"Point","coordinates":[-121.784306,46.940718]},"properties":{"kind":"campsite","osm":"node/5788119855","name":"Dick Creek Camp","fee":"no","access":"yes","operator":"National Park Service","capacity":"2","toilets":"no","reservation":"required","backcountry":"yes"}},{"type":"Feature","geometry":{"type":"Point","coordinates":[-121.732767,46.966017]},"properties":{"kind":"campsite","osm":"node/5788121054","name":"James Camp","fee":"no","access":"permit","operator":"National Park Service","drinking_water":"no","toilets":"yes","reservation":"required","backcountry":"yes"}},{"type":"Feature","geometry":{"type":"Point","coordinates":[-121.694053,46.968333]},"properties":{"kind":"campsite","osm":"node/5788121055","name":"Fire Creek Camp","fee":"no","access":"permit","operator":"National Park Service","drinking_water":"no","toilets":"yes","reservation":"required","backcountry":"yes"}},{"type":"Feature","geometry":{"type":"Point","coordinates":[-121.707673,46.920213]},"properties":{"kind":"campsite","osm":"node/5788129753","name":"Granite Creek Camp","fee":"no","access":"yes","operator":"National Park Service","toilets":"yes","reservation":"required","backcountry":"yes"}},{"type":"Feature","geometry":{"type":"Point","coordinates":[-121.765749,46.958304]},"properties":{"kind":"campsite","osm":"node/5791153362","name":"Yellowstone Cliffs Camp","fee":"no","access":"permit","operator":"National Park Service","toilets":"yes","reservation":"required","backcountry":"yes"}},{"type":"Feature","geometry":{"type":"Point","coordinates":[-121.750442,46.915698]},"properties":{"kind":"campsite","osm":"node/5791153753","name":"Mystic Camp","fee":"no","access":"yes","operator":"National Park Service","toilets":"yes","reservation":"required","backcountry":"yes"}},{"type":"Feature","geometry":{"type":"Point","coordinates":[-121.657631,46.75744]},"properties":{"kind":"campsite","osm":"node/5794234354","name":"Maple Creek Camp","fee":"no","access":"yes","operator":"National Park Service","toilets":"no","reservation":"required","backcountry":"yes"}},{"type":"Feature","geometry":{"type":"Point","coordinates":[-117.938791,45.928191]},"properties":{"kind":"campsite","osm":"node/5796588469","name":"Win\u00e1ha\u2019ay Spring Camp"}},{"type":"Feature","geometry":{"type":"Point","coordinates":[-120.578251,48.461544]},"properties":{"kind":"campsite","osm":"node/5797052419","name":"Road's End Campground","fee":"yes","operator":"Okanogan-Wenatchee National Forest","website":"https://www.fs.usda.gov/recarea/okawen/recarea/?recid=59401","drinking_water":"no","toilets":"yes","reservation":"no","backcountry":"no"}},{"type":"Feature","geometry":{"type":"Point","coordinates":[-121.686624,46.663976]},"properties":{"kind":"campsite","osm":"node/5809537656","name":"Butter Creek Site","access":"yes","drinking_water":"no","backcountry":"yes"}},{"type":"Feature","geometry":{"type":"Point","coordinates":[-121.846279,47.981922]},"properties":{"kind":"campsite","osm":"node/5809648374"}},{"type":"Feature","geometry":{"type":"Point","coordinates":[-123.0486,48.099453]},"properties":{"kind":"campsite","osm":"node/5821646828","name":"Camp Tapawingo","access":"private"}},{"type":"Feature","geometry":{"type":"Point","coordinates":[-121.398048,47.57463]},"properties":{"kind":"campsite","osm":"node/5828351694","name":"Bear Lake Camping Area","drinking_water":"no","backcountry":"yes"}},{"type":"Feature","geometry":{"type":"Point","coordinates":[-122.402776,48.029877]},"properties":{"kind":"campsite","osm":"node/5845088333","name":"Island County Fairgrounds","fee":"yes","website":"https://portofsouthwhidbey.com/facilities/fairgrounds-campground-south-whidbey/","desc":"30 RV 20 Tent pump station first come first serve open all year around"}},{"type":"Feature","geometry":{"type":"Point","coordinates":[-123.69461,47.876669]},"properties":{"kind":"campsite","osm":"node/5846660586","name":"13.2 Miles Camp","fee":"no","access":"yes","operator":"Olympic National Park","drinking_water":"no","reservation":"no","backcountry":"yes"}},{"type":"Feature","geometry":{"type":"Point","coordinates":[-123.458118,48.011522]},"properties":{"kind":"campsite","osm":"node/5846661685","name":"Heather Park Trail Backcountry Camping","drinking_water":"no","reservation":"no","backcountry":"yes"}},{"type":"Feature","geometry":{"type":"Point","coordinates":[-123.693668,47.875675]},"properties":{"kind":"campsite","osm":"node/5846661785","name":"13.3 Miles Camp","fee":"no","access":"yes","operator":"Olympic National Park","drinking_water":"no","reservation":"no","backcountry":"yes"}},{"type":"Feature","geometry":{"type":"Point","coordinates":[-123.70698,47.878571]},"properties":{"kind":"campsite","osm":"node/5846661985","name":"12.4 Miles Camp","fee":"no","access":"yes","operator":"Olympic National Park","drinking_water":"no","reservation":"no","backcountry":"yes"}},{"type":"Feature","geometry":{"type":"Point","coordinates":[-121.88703,47.976094]},"properties":{"kind":"campsite","osm":"node/5864733707","name":"Camp Edward","access":"private","operator":"Boy Scouts of America","website":"https://seattlebsa.org/camp-edward/"}},{"type":"Feature","geometry":{"type":"Point","coordinates":[-121.894158,47.968967]},"properties":{"kind":"campsite","osm":"node/5864733708","name":"Camp Pigott","access":"private"}},{"type":"Feature","geometry":{"type":"Point","coordinates":[-124.019475,47.676013]},"properties":{"kind":"campsite","osm":"node/5883859586","name":"Yahoo Lake Campground","access":"yes","operator":"Washington State Department of Natural Resources","website":"https://www.dnr.wa.gov/OlympicPeninsula","reservation":"no","backcountry":"yes"}},{"type":"Feature","geometry":{"type":"Point","coordinates":[-123.5776,47.573429]},"properties":{"kind":"campsite","osm":"node/5883859886","name":"Graves Creek Campground","access":"yes","operator":"Olympic National Park","drinking_water":"no","toilets":"yes","reservation":"no","backcountry":"no"}},{"type":"Feature","geometry":{"type":"Point","coordinates":[-121.578442,49.037516]},"properties":{"kind":"campsite","osm":"node/5886142432","fee":"no","access":"yes","backcountry":"yes"}},{"type":"Feature","geometry":{"type":"Point","coordinates":[-124.287107,48.257191]},"properties":{"kind":"campsite","osm":"node/5895708976","name":"Surfside Campland"}},{"type":"Feature","geometry":{"type":"Point","coordinates":[-124.282193,48.256591]},"properties":{"kind":"rv_park","osm":"node/5895708979","name":"Coho Estates RV Park"}},{"type":"Feature","geometry":{"type":"Point","coordinates":[-124.259684,48.250348]},"properties":{"kind":"rv_park","osm":"node/5895717888","name":"Sam's RV Park"}},{"type":"Feature","geometry":{"type":"Point","coordinates":[-121.293174,47.452717]},"properties":{"kind":"campsite","osm":"node/5897361588","backcountry":"yes"}},{"type":"Feature","geometry":{"type":"Point","coordinates":[-121.291828,47.454805]},"properties":{"kind":"campsite","osm":"node/5897361589","backcountry":"yes"}},{"type":"Feature","geometry":{"type":"Point","coordinates":[-117.76315,46.166332]},"properties":{"kind":"campsite","osm":"node/5906615295","name":"Midway Campground","website":"https://www.fs.usda.gov/recarea/umatilla/recarea/?recid=56791"}},{"type":"Feature","geometry":{"type":"Point","coordinates":[-122.283699,48.136373]},"properties":{"kind":"dump","osm":"node/5907160470"}},{"type":"Feature","geometry":{"type":"Point","coordinates":[-117.558092,46.292841]},"properties":{"kind":"campsite","osm":"node/5907182580","name":"Forest Boundary Campground","fee":"no","operator":"US Forest Service","website":"https://www.fs.usda.gov/recarea/umatilla/recarea/?recid=56739","drinking_water":"no"}},{"type":"Feature","geometry":{"type":"Point","coordinates":[-117.56728,46.258865]},"properties":{"kind":"campsite","osm":"node/5907182581","name":"Alder Thicket Campground","fee":"no","website":"https://www.fs.usda.gov/recarea/umatilla/recarea/?recid=56675","drinking_water":"no"}},{"type":"Feature","geometry":{"type":"Point","coordinates":[-117.436823,46.136449]},"properties":{"kind":"campsite","osm":"node/5907346676","name":"Wickiup Campground","fee":"no","website":"https://www.fs.usda.gov/recarea/umatilla/recarea/?recid=56905"}},{"type":"Feature","geometry":{"type":"Point","coordinates":[-121.374709,47.768883]},"properties":{"kind":"campsite","osm":"node/5923252787"}},{"type":"Feature","geometry":{"type":"Point","coordinates":[-117.782994,47.814253]},"properties":{"kind":"campsite","osm":"node/5923426059","name":"Muley Canyon Boat-In Campground","fee":"yes","operator":"Washington State Parks","desc":"Boat-in campsites 7, 8, 9","capacity":"3","backcountry":"yes"}},{"type":"Feature","geometry":{"type":"Point","coordinates":[-121.852498,46.186029]},"properties":{"kind":"campsite","osm":"node/5925775418","name":"Lewis River Horse Camp"}},{"type":"Feature","geometry":{"type":"Point","coordinates":[-123.840278,47.867356]},"properties":{"kind":"campsite","osm":"node/5984141332","name":"Five Mile Island Campsites","access":"yes","operator":"Olympic National Park","drinking_water":"no","toilets":"yes","backcountry":"yes"}},{"type":"Feature","geometry":{"type":"Point","coordinates":[-121.409899,47.789274]},"properties":{"kind":"campsite","osm":"node/6003750245","name":"Stone Lake Camping Area","backcountry":"yes"}},{"type":"Feature","geometry":{"type":"Point","coordinates":[-122.183871,48.394366]},"properties":{"kind":"campsite","osm":"node/6013778467","name":"Denali","access":"private"}},{"type":"Feature","geometry":{"type":"Point","coordinates":[-122.185815,48.395108]},"properties":{"kind":"campsite","osm":"node/6013778468","name":"Salish (Black Hawk)","access":"private"}},{"type":"Feature","geometry":{"type":"Point","coordinates":[-122.186984,48.395571]},"properties":{"kind":"campsite","osm":"node/6013778469","name":"Duckett","access":"private"}},{"type":"Feature","geometry":{"type":"Point","coordinates":[-122.188509,48.394152]},"properties":{"kind":"campsite","osm":"node/6013778470","name":"War Eagle","access":"private","capacity":"52"}},{"type":"Feature","geometry":{"type":"Point","coordinates":[-117.032725,45.849911]},"properties":{"kind":"campsite","osm":"node/6030760317"}},{"type":"Feature","geometry":{"type":"Point","coordinates":[-117.729335,45.637142]},"properties":{"kind":"campsite","osm":"node/6034755088","name":"Minam State Park"}},{"type":"Feature","geometry":{"type":"Point","coordinates":[-117.081397,47.771377]},"properties":{"kind":"rv_park","osm":"node/6038669633","name":"Newman Lake Marina and Resort"}},{"type":"Feature","geometry":{"type":"Point","coordinates":[-122.646451,48.39583]},"properties":{"kind":"dump","osm":"node/6172497280"}},{"type":"Feature","geometry":{"type":"Point","coordinates":[-122.648749,48.391908]},"properties":{"kind":"campsite","osm":"node/6172497500","name":"Group Camp"}},{"type":"Feature","geometry":{"type":"Point","coordinates":[-121.826738,45.55704]},"properties":{"kind":"campsite","osm":"node/6184642219","name":"Indian Springs Campground (not maintained)","operator":"USFS"}},{"type":"Feature","geometry":{"type":"Point","coordinates":[-123.951981,45.57385]},"properties":{"kind":"campsite","osm":"node/6196264754","name":"Barview Jetty County Campground"}},{"type":"Feature","geometry":{"type":"Point","coordinates":[-121.34632,47.510099]},"properties":{"kind":"campsite","osm":"node/6196962224","name":"Hardscrabble Horse Camp","backcountry":"yes"}},{"type":"Feature","geometry":{"type":"Point","coordinates":[-121.758578,45.625862]},"properties":{"kind":"campsite","osm":"node/6217893676","name":"Rainy Lake Campground","fee":"yes","website":"https://www.fs.usda.gov/recarea/mthood/recarea/?recid=53280"}},{"type":"Feature","geometry":{"type":"Point","coordinates":[-122.154724,45.956099]},"properties":{"kind":"campsite","osm":"node/6245225303","name":"Dispersed Camping","access":"yes","operator":"USFS","drinking_water":"no","backcountry":"yes"}},{"type":"Feature","geometry":{"type":"Point","coordinates":[-122.233466,46.204066]},"properties":{"kind":"campsite","osm":"node/6245296031","name":"Loowit Trail Camping Area","backcountry":"yes"}},{"type":"Feature","geometry":{"type":"Point","coordinates":[-120.970356,47.193433]},"properties":{"kind":"dump","osm":"node/6248080294","name":"RV Sanitation Station"}},{"type":"Feature","geometry":{"type":"Point","coordinates":[-122.197232,46.008946]},"properties":{"kind":"campsite","osm":"node/6259103815","name":"Dispersed Camping","access":"yes","operator":"USFS","drinking_water":"no","backcountry":"yes"}},{"type":"Feature","geometry":{"type":"Point","coordinates":[-123.127603,47.639933]},"properties":{"kind":"campsite","osm":"node/6374482534","name":"Brothers Base Camp","operator":"U.S. Forest Service","backcountry":"yes"}},{"type":"Feature","geometry":{"type":"Point","coordinates":[-121.597473,48.727037]},"properties":{"kind":"campsite","osm":"node/6374812053","name":"Noisy Creek Campsites","fee":"no","access":"yes","operator":"U.S. Forest Service","drinking_water":"no","backcountry":"yes"}},{"type":"Feature","geometry":{"type":"Point","coordinates":[-121.67255,48.665374]},"properties":{"kind":"campsite","osm":"node/6374812058","name":"Anderson Point Campsites","fee":"no","access":"yes","operator":"U.S. Forest Service","drinking_water":"no","backcountry":"yes"}},{"type":"Feature","geometry":{"type":"Point","coordinates":[-121.661459,48.686324]},"properties":{"kind":"campsite","osm":"node/6374812059","name":"Maple Grove Campsites","fee":"no","access":"yes","operator":"USDA Forest Service","drinking_water":"no","toilets":"no","reservation":"no","backcountry":"yes"}},{"type":"Feature","geometry":{"type":"Point","coordinates":[-123.971862,46.480472]},"properties":{"kind":"campsite","osm":"node/6376987044","name":"Lewis Campground","desc":"Boat accessible campsite. ","backcountry":"yes"}},{"type":"Feature","geometry":{"type":"Point","coordinates":[-123.989922,46.446795]},"properties":{"kind":"campsite","osm":"node/6376987053","name":"Sand Spit Campground","backcountry":"yes"}},{"type":"Feature","geometry":{"type":"Point","coordinates":[-123.957285,46.449501]},"properties":{"kind":"campsite","osm":"node/6376987054","name":"Sawlog Campground","backcountry":"yes"}},{"type":"Feature","geometry":{"type":"Point","coordinates":[-123.968228,46.436856]},"properties":{"kind":"campsite","osm":"node/6376987055","name":"Smokey Hollow Campground","backcountry":"yes"}},{"type":"Feature","geometry":{"type":"Point","coordinates":[-118.994888,46.197309]},"properties":{"kind":"rv_park","osm":"node/6407316897"}},{"type":"Feature","geometry":{"type":"Point","coordinates":[-118.508009,45.600764]},"properties":{"kind":"dump","osm":"node/6417160559","fee":"no"}},{"type":"Feature","geometry":{"type":"Point","coordinates":[-121.115832,45.936278]},"properties":{"kind":"campsite","osm":"node/6427468154","name":"Leidl South Campground","fee":"no","website":"https://wdfw.wa.gov/places-to-go/water-access-sites/30293"}},{"type":"Feature","geometry":{"type":"Point","coordinates":[-121.119365,45.938348]},"properties":{"kind":"campsite","osm":"node/6427468155","name":"Leidl North Campground","fee":"no","website":"https://wdfw.wa.gov/places-to-go/water-access-sites/30293"}},{"type":"Feature","geometry":{"type":"Point","coordinates":[-121.114586,45.891627]},"properties":{"kind":"campsite","osm":"node/6427468521","name":"Soda Springs Campground"}},{"type":"Feature","geometry":{"type":"Point","coordinates":[-121.111256,45.923879]},"properties":{"kind":"campsite","osm":"node/6427468736","name":"Stinson Flat Campground","fee":"no","website":"https://wdfw.wa.gov/places-to-go/water-access-sites/30296"}},{"type":"Feature","geometry":{"type":"Point","coordinates":[-120.810158,47.158256]},"properties":{"kind":"campsite","osm":"node/6436889946","name":"Ponderosa Campground","fee":"yes","access":"yes","operator":"Washington State Parks"}},{"type":"Feature","geometry":{"type":"Point","coordinates":[-123.085042,47.684149]},"properties":{"kind":"campsite","osm":"node/6441984132","name":"Two Mile Camp","backcountry":"yes"}},{"type":"Feature","geometry":{"type":"Point","coordinates":[-123.109105,47.692535]},"properties":{"kind":"campsite","osm":"node/6441984133","name":"Five Mile Camp","access":"yes","backcountry":"yes"}},{"type":"Feature","geometry":{"type":"Point","coordinates":[-119.617652,47.697579]},"properties":{"kind":"rv_park","osm":"node/6454091824","name":"Jameson Lake Resort & RV Park"}},{"type":"Feature","geometry":{"type":"Point","coordinates":[-122.37659,47.389569]},"properties":{"kind":"campsite","osm":"node/6462485891","name":"Cascadia Marine Trail Campsite - Point Robinson","fee":"yes","access":"yes","website":"https://www.wwta.org/sites/point-robinson/","desc":"Primitive camping available for those arriving via bicycle or human powered boat. No drinking water. Chemical toilet in day use area.","toilets":"yes","reservation":"required"}},{"type":"Feature","geometry":{"type":"Point","coordinates":[-122.616198,47.652698]},"properties":{"kind":"campsite","osm":"node/6462497706","name":"Cascadia Marine Trail Campsite - Port of Brownsville","fee":"yes","website":"https://www.wwta.org/sites/port-of-brownsville/","desc":"bathroom, water, showers, marina store and restaurant available.","drinking_water":"yes","toilets":"yes","reservation":"no"}},{"type":"Feature","geometry":{"type":"Point","coordinates":[-122.60827,47.855794]},"properties":{"kind":"campsite","osm":"node/6462607850","name":"Salsbury Point Park CMT site","website":"https://www.wwta.org/sites/salsbury-point/","desc":"Cascade Marine Trail - Human powered boat campsite. Restrooms and pay shower available.  camp sites located at the South edge of the park in the woods. Water at sink at the bottom of the upland.","drinking_water":"yes"}},{"type":"Feature","geometry":{"type":"Point","coordinates":[-122.690228,48.009218]},"properties":{"kind":"campsite","osm":"node/6463034917","name":"Cascade Marine Trail Campsite - Kinney Point","fee":"yes","website":"https://www.wwta.org/sites/kinney-point/","desc":"$12/night. No campfires, no sleeping on the beach (it disappears at high tide). Use kayak racks to store boats.","capacity":"2","drinking_water":"no","toilets":"yes","reservation":"no"}},{"type":"Feature","geometry":{"type":"Point","coordinates":[-122.376606,47.908242]},"properties":{"kind":"campsite","osm":"node/6463043372","name":"Possession Point State Park (Cascadia Marine Trail)","fee":"yes","website":"https://www.wwta.org/sites/possession-point/","desc":"Cascade Marine Trail human powered boat campsite. Chemical toilet available.  Possibly no water available. No fires.","drinking_water":"no","toilets":"yes","reservation":"no"}},{"type":"Feature","geometry":{"type":"Point","coordinates":[-122.238187,45.798104]},"properties":{"kind":"campsite","osm":"node/6463192148","name":"Copper City Campsite","fee":"no","access":"yes","operator":"USFS"}},{"type":"Feature","geometry":{"type":"Point","coordinates":[-122.099542,45.807554]},"properties":{"kind":"campsite","osm":"node/6463229687","name":"Lookout Mountain Camp","fee":"no","access":"yes","operator":"USFS","backcountry":"yes"}},{"type":"Feature","geometry":{"type":"Point","coordinates":[-122.490764,48.121237]},"properties":{"kind":"campsite","osm":"node/6465890467","name":"Cascade Marine Trail - Camano Island State Park","fee":"yes","access":"yes","operator":"Washington State Parks","website":"https://www.wwta.org/sites/camano-island-sp/","desc":"Cascade Marine Trail, campsite for human powered boats. Water year round, in winter at restroom 0.5 mile up the hill.","capacity":"5","drinking_water":"yes","toilets":"yes","reservation":"no","backcountry":"no"}},{"type":"Feature","geometry":{"type":"Point","coordinates":[-122.650307,48.415284]},"properties":{"kind":"campsite","osm":"node/6465899234","name":"Cascadia Marine Trail Campsite -  Deception Pass State Park","fee":"yes","access":"yes","operator":"WA State Parks","website":"https://www.wwta.org/sites/deception-pass-sp/","desc":"$14/night, no fires. Flush toilets, showers, water available.","capacity":"8","drinking_water":"yes","toilets":"yes","reservation":"no"}},{"type":"Feature","geometry":{"type":"Point","coordinates":[-122.762234,48.135078]},"properties":{"kind":"campsite","osm":"node/6465904364","name":"Cascadia Marine Trail Campsite - Fort Worden","fee":"yes","access":"yes","operator":"Washington Water Trails Association","website":"https://www.wwta.org/sites/fort-worden-sp/","drinking_water":"yes","toilets":"yes","reservation":"no"}},{"type":"Feature","geometry":{"type":"Point","coordinates":[-122.71375,48.309106]},"properties":{"kind":"campsite","osm":"node/6465905609","name":"Cascadia Marine Trail Campsite - Joseph Whidbey","fee":"yes","access":"yes","operator":"WA State Parks","website":"https://www.wwta.org/sites/joseph-whidbey-sp/","desc":"Cascade Marine Trail, campsite for human powered boats. NOTE: noise from planes can be deafening (nearby army base). $12/night, no fires (BBQ stands available in day use area)","capacity":"1","drinking_water":"yes","toilets":"yes","reservation":"no"}},{"type":"Feature","geometry":{"type":"Point","coordinates":[-122.365402,48.138631]},"properties":{"kind":"campsite","osm":"node/6465908260","name":"Cascadia Marine Trail Campsite - Kayak Point","fee":"yes","operator":"Snohomish County Parks","website":"https://www.wwta.org/sites/kayak-point/","desc":"$10/boat paid to ranger, one night only. Camping by reservation only 3 days in advance. Toilets and water available. Firewood available at main office.","toilets":"yes","reservation":"required"}},{"type":"Feature","geometry":{"type":"Point","coordinates":[-123.081482,48.972545]},"properties":{"kind":"campsite","osm":"node/6465913885","name":"Cascadia Marine Trail Campsite - Lighthouse Park","fee":"yes","access":"yes","operator":"Whatcom County Parks","website":"https://www.wwta.org/sites/lighthouse-park/","desc":"$3/tent. Fire Rings available.","capacity":"4","drinking_water":"yes","toilets":"yes","reservation":"no"}},{"type":"Feature","geometry":{"type":"Point","coordinates":[-122.704104,48.603081]},"properties":{"kind":"campsite","osm":"node/6465926078","name":"Cascadia Marine Trail Campsite - Pelican Beach","fee":"no","access":"yes","operator":"DNR","website":"https://www.wwta.org/sites/pelican-beach/","desc":"NO DRINKING WATER.  Pit toilet to the south","drinking_water":"no","toilets":"yes","reservation":"no","backcountry":"yes"}},{"type":"Feature","geometry":{"type":"Point","coordinates":[-122.556564,48.535513]},"properties":{"kind":"campsite","osm":"node/6465929616","name":"Cascadia Marine Trail - Saddlebag Island","fee":"yes","operator":"Washington State Parks","website":"https://www.wwta.org/sites/saddlebag-island-sp/","desc":"$12/night. Often many day use visitors from Anacortes, especially on weekends. Guemes Channel west of Saddlebag can see 3-4 knot currents, turbulence, standing and breaking waves. The entrance to Guemes Channel can be treacherous.","capacity":"2","toilets":"yes","reservation":"no"}},{"type":"Feature","geometry":{"type":"Point","coordinates":[-122.577198,48.415157]},"properties":{"kind":"campsite","osm":"node/6465935176","name":"Cascadia Marine Trail Campsite - Skagit Island","fee":"yes","operator":"WA State Parks","website":"https://www.wwta.org/sites/skagit-island/","desc":"$12/night. Make sure to pull boats up to high ground, beach disappears at high tide. NO DRINKING WATER available.","capacity":"4","drinking_water":"no","toilets":"yes","reservation":"no","backcountry":"yes"}},{"type":"Feature","geometry":{"type":"Point","coordinates":[-120.108941,49.030128]},"properties":{"kind":"campsite","osm":"node/6474392955","name":"Haystack Lakes"}},{"type":"Feature","geometry":{"type":"Point","coordinates":[-122.662759,49.035146]},"properties":{"kind":"campsite","osm":"node/6486331169","name":"Camp Coyote Outdoor Group Campsite","fee":"yes","access":"yes","operator":"Metro Vancouver","website":"https://metrovancouver.org/services/regional-parks/facility/camp-coyote-group-campsite","drinking_water":"no","toilets":"yes","reservation":"required","backcountry":"no"}},{"type":"Feature","geometry":{"type":"Point","coordinates":[-122.689815,48.48087]},"properties":{"kind":"campsite","osm":"node/6524936070","name":"Cascadia Marine Trail Campsite -  Burrows Island","fee":"yes","operator":"Washington State Parks","website":"https://www.wwta.org/sites/burrows-island/","desc":"3 sites","toilets":"yes","reservation":"no"}},{"type":"Feature","geometry":{"type":"Point","coordinates":[-122.156022,45.673747]},"properties":{"kind":"campsite","osm":"node/6551554881","name":"Dougan Creek Campground","operator":"Washington DNR","website":"https://www.dnr.wa.gov/Campsites"}},{"type":"Feature","geometry":{"type":"Point","coordinates":[-122.925993,48.557854]},"properties":{"kind":"campsite","osm":"node/6553590038","name":"Canoe Island French Camp","access":"customers","website":"https://www.canoeisland.org/","desc":"Summer camp, camping only for program participants."}},{"type":"Feature","geometry":{"type":"Point","coordinates":[-124.502285,48.751747]},"properties":{"kind":"campsite","osm":"node/6556746937"}},{"type":"Feature","geometry":{"type":"Point","coordinates":[-120.807772,47.407994]},"properties":{"kind":"campsite","osm":"node/6561709783","access":"yes","backcountry":"yes"}},{"type":"Feature","geometry":{"type":"Point","coordinates":[-117.415636,48.74794]},"properties":{"kind":"rv_park","osm":"node/6568738695","name":"Cedar RV Park"}},{"type":"Feature","geometry":{"type":"Point","coordinates":[-120.988439,48.201993]},"properties":{"kind":"campsite","osm":"node/6582329221","name":"Wayne's Camp","drinking_water":"no","toilets":"yes","reservation":"no","backcountry":"yes"}},{"type":"Feature","geometry":{"type":"Point","coordinates":[-120.982736,48.196438]},"properties":{"kind":"campsite","osm":"node/6582341193","desc":"unmaintained","drinking_water":"no","reservation":"no","backcountry":"yes"}},{"type":"Feature","geometry":{"type":"Point","coordinates":[-120.985648,48.201389]},"properties":{"kind":"campsite","osm":"node/6582347667","name":"Lady Camp","drinking_water":"no","toilets":"yes","reservation":"no","backcountry":"yes"}},{"type":"Feature","geometry":{"type":"Point","coordinates":[-121.152147,48.215406]},"properties":{"kind":"campsite","osm":"node/6582348139","name":"Suiattle River Trail Camping Area","drinking_water":"no","reservation":"no","backcountry":"yes"}},{"type":"Feature","geometry":{"type":"Point","coordinates":[-121.103665,48.212325]},"properties":{"kind":"campsite","osm":"node/6582353511","name":"Suiattle River Trail Camping Area","drinking_water":"no","reservation":"no","backcountry":"yes"}},{"type":"Feature","geometry":{"type":"Point","coordinates":[-121.087881,48.212284]},"properties":{"kind":"campsite","osm":"node/6582356906","name":"Suiattle River Trail Camping Area","drinking_water":"no","reservation":"no","backcountry":"yes"}},{"type":"Feature","geometry":{"type":"Point","coordinates":[-121.044846,48.196499]},"properties":{"kind":"campsite","osm":"node/6582358109","name":"Suiattle River Trail Camping Area","drinking_water":"no","reservation":"no","backcountry":"yes"}},{"type":"Feature","geometry":{"type":"Point","coordinates":[-121.131669,48.213499]},"properties":{"kind":"campsite","osm":"node/6582359875","name":"Suiattle River Trail Camping Area","drinking_water":"no","toilets":"yes","reservation":"no","backcountry":"yes"}},{"type":"Feature","geometry":{"type":"Point","coordinates":[-121.021477,48.198723]},"properties":{"kind":"campsite","osm":"node/6582359999","drinking_water":"no","toilets":"yes","reservation":"no","backcountry":"yes"}},{"type":"Feature","geometry":{"type":"Point","coordinates":[-121.088875,48.2122]},"properties":{"kind":"campsite","osm":"node/6582363201","name":"Suiattle River Trail Camping Area","drinking_water":"no","toilets":"yes","reservation":"no","backcountry":"yes"}},{"type":"Feature","geometry":{"type":"Point","coordinates":[-124.681476,48.037036]},"properties":{"kind":"campsite","osm":"node/6584540017","name":"Norwegian Memorial","access":"yes","operator":"National Park Service","toilets":"no","backcountry":"yes"}},{"type":"Feature","geometry":{"type":"Point","coordinates":[-124.663835,47.962626]},"properties":{"kind":"campsite","osm":"node/6584546452","name":"Dispersed Camping","access":"yes","operator":"National Park Service","toilets":"no","backcountry":"yes"}},{"type":"Feature","geometry":{"type":"Point","coordinates":[-124.680378,48.029373]},"properties":{"kind":"campsite","osm":"node/6584549183","name":"Dispersed Camping","access":"yes","operator":"National Park Service","toilets":"yes","backcountry":"yes"}},{"type":"Feature","geometry":{"type":"Point","coordinates":[-120.962211,48.167122]},"properties":{"kind":"campsite","osm":"node/6601113579","name":"Sheep Camp","backcountry":"yes"}},{"type":"Feature","geometry":{"type":"Point","coordinates":[-119.972463,47.807002]},"properties":{"kind":"dump","osm":"node/6617409986"}},{"type":"Feature","geometry":{"type":"Point","coordinates":[-117.491381,49.040309]},"properties":{"kind":"campsite","osm":"node/6620850996","name":"Buckley Campground (BC Hydro)","website":"https://www.bchydro.com/community/recreation_areas/pend_d_oreille_recreation_area.html"}},{"type":"Feature","geometry":{"type":"Point","coordinates":[-121.16363,47.498887]},"properties":{"kind":"campsite","osm":"node/6638693162","name":"Waptus Lake Camp","fee":"no","backcountry":"yes"}},{"type":"Feature","geometry":{"type":"Point","coordinates":[-124.173357,47.819202]},"properties":{"kind":"campsite","osm":"node/6641131635","name":"Minnie Peterson Campground","access":"yes","operator":"Washington State Department of Natural Resources","website":"https://www.dnr.wa.gov/OlympicPeninsula","reservation":"no","backcountry":"no"}},{"type":"Feature","geometry":{"type":"Point","coordinates":[-121.613209,47.974426]},"properties":{"kind":"campsite","osm":"node/6654445514","name":"South Shore"}},{"type":"Feature","geometry":{"type":"Point","coordinates":[-123.788614,47.897532]},"properties":{"kind":"campsite","osm":"node/6719963104","name":"Hoh Lake Campground","access":"yes","operator":"Olympic National Park","drinking_water":"no","backcountry":"yes"}},{"type":"Feature","geometry":{"type":"Point","coordinates":[-123.196036,48.131802]},"properties":{"kind":"dump","osm":"node/6719980873"}},{"type":"Feature","geometry":{"type":"Point","coordinates":[-121.20174,48.834423]},"properties":{"kind":"campsite","osm":"node/6724581234","name":"Luna Camp","access":"permit","operator":"North Cascades National Park","toilets":"yes","backcountry":"yes"}},{"type":"Feature","geometry":{"type":"Point","coordinates":[-121.788254,46.454416]},"properties":{"kind":"campsite","osm":"node/6733243575","name":"North Fork Group Camp","fee":"yes","website":"https://www.fs.usda.gov/recarea/giffordpinchot/recarea/?recid=32098"}},{"type":"Feature","geometry":{"type":"Point","coordinates":[-120.902508,48.184988]},"properties":{"kind":"campsite","osm":"node/6736976029","name":"Upper Lyman Lakes Campsites","backcountry":"yes"}},{"type":"Feature","geometry":{"type":"Point","coordinates":[-120.91149,48.197873]},"properties":{"kind":"campsite","osm":"node/6736976034","name":"Lyman Lake Camp","backcountry":"yes"}},{"type":"Feature","geometry":{"type":"Point","coordinates":[-123.124211,47.817141]},"properties":{"kind":"campsite","osm":"node/6743232076","name":"Camp Mystery","fee":"no","operator":"U.S. Forest Service","backcountry":"yes"}},{"type":"Feature","geometry":{"type":"Point","coordinates":[-121.612784,46.056109]},"properties":{"kind":"campsite","osm":"node/6760408016","name":"Trout Lake Creek Campground","fee":"yes","website":"https://www.fs.usda.gov/recarea/giffordpinchot/recarea/?recid=31960"}},{"type":"Feature","geometry":{"type":"Point","coordinates":[-121.394766,47.367959]},"properties":{"kind":"campsite","osm":"node/6761806440","name":"Cold Creek Campground","toilets":"yes","backcountry":"yes"}},{"type":"Feature","geometry":{"type":"Point","coordinates":[-121.21668,47.463557]},"properties":{"kind":"campsite","osm":"node/6768556168","backcountry":"yes"}},{"type":"Feature","geometry":{"type":"Point","coordinates":[-121.252522,47.47665]},"properties":{"kind":"campsite","osm":"node/6768556171","backcountry":"yes"}},{"type":"Feature","geometry":{"type":"Point","coordinates":[-121.723898,48.849824]},"properties":{"kind":"campsite","osm":"node/6781431353","name":"Mazama Camp","fee":"no","operator":"US Forest Service","drinking_water":"no","toilets":"no","backcountry":"yes"}},{"type":"Feature","geometry":{"type":"Point","coordinates":[-122.143679,45.961458]},"properties":{"kind":"campsite","osm":"node/6877061231","name":"Dispersed Camping","access":"yes","operator":"USFS","drinking_water":"no","backcountry":"yes"}},{"type":"Feature","geometry":{"type":"Point","coordinates":[-122.131115,45.961383]},"properties":{"kind":"campsite","osm":"node/6877061232","name":"Dispersed Camping","access":"yes","operator":"USFS","drinking_water":"no","backcountry":"yes"}},{"type":"Feature","geometry":{"type":"Point","coordinates":[-122.168484,45.950691]},"properties":{"kind":"campsite","osm":"node/6877061237","name":"Dispersed Camping","access":"yes","operator":"USFS","drinking_water":"no","backcountry":"yes"}},{"type":"Feature","geometry":{"type":"Point","coordinates":[-121.223159,47.311576]},"properties":{"kind":"campsite","osm":"node/6887736184","name":"East Kachess Group Site","operator":"Okanogan-Wenatchee National Forest","website":"https://www.fs.usda.gov/r06/okanogan-wenatchee/recreation/east-kachess-group-site","drinking_water":"no","toilets":"yes"}},{"type":"Feature","geometry":{"type":"Point","coordinates":[-122.03714,48.02215]},"properties":{"kind":"rv_park","osm":"node/6916864695","name":"Lake Connor Park","access":"no","website":"https://lakeconnorpark.org/","toilets":"yes"}},{"type":"Feature","geometry":{"type":"Point","coordinates":[-122.406129,47.316995]},"properties":{"kind":"dump","osm":"node/6925246617"}},{"type":"Feature","geometry":{"type":"Point","coordinates":[-123.929363,47.66639]},"properties":{"kind":"campsite","osm":"node/6926063273","name":"Backcountry Camping","drinking_water":"no","reservation":"no","backcountry":"yes"}},{"type":"Feature","geometry":{"type":"Point","coordinates":[-123.942129,47.651124]},"properties":{"kind":"campsite","osm":"node/6926063274","name":"Backcountry Camping","operator":"Olympic National Park","drinking_water":"no","reservation":"no","backcountry":"yes"}},{"type":"Feature","geometry":{"type":"Point","coordinates":[-122.406505,47.316933]},"properties":{"kind":"campsite","osm":"node/6929443537","name":"Dash Point Campground","fee":"yes","access":"yes","operator":"Washington State Parks and Recreation Commission","website":"https://parks.state.wa.us/496/Dash-Point","capacity":"141","drinking_water":"yes","toilets":"yes","reservation":"recommended","backcountry":"no"}},{"type":"Feature","geometry":{"type":"Point","coordinates":[-122.189103,48.390783]},"properties":{"kind":"campsite","osm":"node/6940140114","name":"Chief Joseph","access":"private","operator":"Fire Mountain Scout Camp","capacity":"52"}},{"type":"Feature","geometry":{"type":"Point","coordinates":[-122.187302,48.388983]},"properties":{"kind":"campsite","osm":"node/6940229568","name":"Snohomish","access":"private","capacity":"52"}},{"type":"Feature","geometry":{"type":"Point","coordinates":[-122.186868,48.388534]},"properties":{"kind":"campsite","osm":"node/6940229569","name":"Skagit","access":"private","capacity":"38"}},{"type":"Feature","geometry":{"type":"Point","coordinates":[-122.1844,48.393117]},"properties":{"kind":"campsite","osm":"node/6940229570","name":"Nooksack","access":"private","capacity":"36"}},{"type":"Feature","geometry":{"type":"Point","coordinates":[-122.18351,48.392753]},"properties":{"kind":"campsite","osm":"node/6940229571","name":"Enumclaw","access":"private","capacity":"36"}},{"type":"Feature","geometry":{"type":"Point","coordinates":[-122.185934,48.393755]},"properties":{"kind":"campsite","osm":"node/6940229572","name":"Little Beaver","access":"private","capacity":"36"}},{"type":"Feature","geometry":{"type":"Point","coordinates":[-122.187321,48.396073]},"properties":{"kind":"campsite","osm":"node/6940229575","name":"Pilchuck","access":"private","capacity":"36"}},{"type":"Feature","geometry":{"type":"Point","coordinates":[-122.185582,48.39659]},"properties":{"kind":"campsite","osm":"node/6940229577","name":"Sauk","access":"private"}},{"type":"Feature","geometry":{"type":"Point","coordinates":[-122.186163,48.397385]},"properties":{"kind":"campsite","osm":"node/6940229579","name":"Dull Knife Outpost","access":"private"}},{"type":"Feature","geometry":{"type":"Point","coordinates":[-122.187536,48.396864]},"properties":{"kind":"campsite","osm":"node/6940229580","name":"Mt. Baker","access":"private","capacity":"28"}},{"type":"Feature","geometry":{"type":"Point","coordinates":[-121.774728,45.651546]},"properties":{"kind":"campsite","osm":"node/6952829759","name":"Ridge Camp"}},{"type":"Feature","geometry":{"type":"Point","coordinates":[-121.757166,45.641423]},"properties":{"kind":"campsite","osm":"node/6952829760","name":"North Lake Campsite"}},{"type":"Feature","geometry":{"type":"Point","coordinates":[-121.788885,45.674488]},"properties":{"kind":"campsite","osm":"node/6952829761","name":"Deadwood Camp"}},{"type":"Feature","geometry":{"type":"Point","coordinates":[-121.861193,45.635675]},"properties":{"kind":"campsite","osm":"node/6952829762","name":"Hunters Camp"}},{"type":"Feature","geometry":{"type":"Point","coordinates":[-121.852334,45.631757]},"properties":{"kind":"campsite","osm":"node/6952829763","name":"Benson Camp"}},{"type":"Feature","geometry":{"type":"Point","coordinates":[-121.788928,45.615112]},"properties":{"kind":"campsite","osm":"node/6952829765","name":"Noble Camp"}},{"type":"Feature","geometry":{"type":"Point","coordinates":[-121.788752,45.623127]},"properties":{"kind":"campsite","osm":"node/6952829766","name":"Cedar Swamp Camp"}},{"type":"Feature","geometry":{"type":"Point","coordinates":[-121.868128,45.594778]},"properties":{"kind":"campsite","osm":"node/6955990658","name":"Wy'East Camp","access":"yes"}},{"type":"Feature","geometry":{"type":"Point","coordinates":[-121.860935,45.589076]},"properties":{"kind":"campsite","osm":"node/6955990659","name":"Blue Grouse Campsite"}},{"type":"Feature","geometry":{"type":"Point","coordinates":[-121.852285,45.575861]},"properties":{"kind":"campsite","osm":"node/6955990660","name":"7\u00bd Mile Camp"}},{"type":"Feature","geometry":{"type":"Point","coordinates":[-121.829324,45.680414]},"properties":{"kind":"campsite","osm":"node/6956008006","name":"Herman Creek Camp"}},{"type":"Feature","geometry":{"type":"Point","coordinates":[-122.00065,49.022131]},"properties":{"kind":"campsite","osm":"node/6958393151","name":"Camp Linley","operator":"Scouts Canada"}},{"type":"Feature","geometry":{"type":"Point","coordinates":[-121.880612,45.604237]},"properties":{"kind":"campsite","osm":"node/6958826362","name":"Tenas Camp"}},{"type":"Feature","geometry":{"type":"Point","coordinates":[-120.762463,49.037031]},"properties":{"kind":"campsite","osm":"node/6988603174","name":"Pacific Crest Campground","fee":"yes","access":"yes","website":"https://bcparks.ca/ec-manning-park/backcountry-camping/","backcountry":"yes"}},{"type":"Feature","geometry":{"type":"Point","coordinates":[-120.743817,48.85876]},"properties":{"kind":"campsite","osm":"node/7007488324","backcountry":"yes"}},{"type":"Feature","geometry":{"type":"Point","coordinates":[-120.731356,48.663734]},"properties":{"kind":"campsite","osm":"node/7007488325","backcountry":"yes"}},{"type":"Feature","geometry":{"type":"Point","coordinates":[-122.818785,46.297611]},"properties":{"kind":"dump","osm":"node/7022877852","name":"Dump Station","desc":"$5 if you have not paid to camp. Closed during the Winter."}},{"type":"Feature","geometry":{"type":"Point","coordinates":[-122.985425,46.834715]},"properties":{"kind":"dump","osm":"node/7022920981","name":"Dump Station"}},{"type":"Feature","geometry":{"type":"Point","coordinates":[-121.259347,47.485104]},"properties":{"kind":"campsite","osm":"node/7043653302","name":"Lemah Meadows","toilets":"no","backcountry":"yes"}},{"type":"Feature","geometry":{"type":"Point","coordinates":[-122.777216,48.509831]},"properties":{"kind":"campsite","osm":"node/7078801620","name":"Cascadia Marine Trail Campsite - James Island","fee":"yes","operator":"Washington State Parks","website":"https://www.wwta.org/sites/james-island-sp/","desc":"3 CMT sites. No water. Access via wooden stairs on the south of the western cove. High rock bluffs provide excellent bird and whale watching. The western cove, facing Decatur Island, has a dock and is more popular than the eastern side.","drinking_water":"no","toilets":"yes","reservation":"no","backcountry":"yes"}},{"type":"Feature","geometry":{"type":"Point","coordinates":[-123.838726,47.47341]},"properties":{"kind":"campsite","osm":"node/7080483151","name":"Gatton Creek Campground","fee":"yes","operator":"National Forest Service","website":"https://www.fs.usda.gov/recarea/olympic/recreation/camping-cabins/recarea/?recid=47749&actid=29","capacity":"5"}},{"type":"Feature","geometry":{"type":"Point","coordinates":[-122.445216,48.675442]},"properties":{"kind":"campsite","osm":"node/7152477653","name":"Pine Lake Camp","operator":"Washington Department of Fish and Wildlife","website":"https://wdfw.wa.gov/places-to-go/wildlife-areas/pine-lake-wildlife-area-unit","desc":"Primitive campground","toilets":"no"}},{"type":"Feature","geometry":{"type":"Point","coordinates":[-119.662678,48.750242]},"properties":{"kind":"campsite","osm":"node/7217949040","name":"Conners Lake Campground","operator":"Washington Department of Fish and Wildlife"}},{"type":"Feature","geometry":{"type":"Point","coordinates":[-119.666924,48.726636]},"properties":{"kind":"campsite","osm":"node/7217949110","name":"Sinlahekin Wildlife Area","operator":"Washington Department of Fish and Wildlife"}},{"type":"Feature","geometry":{"type":"Point","coordinates":[-119.671599,48.737268]},"properties":{"kind":"campsite","osm":"node/7217949229","name":"Forde Lake Campground","operator":"Washington Department of Fish and Wildlife"}},{"type":"Feature","geometry":{"type":"Point","coordinates":[-119.692569,48.696952]},"properties":{"kind":"campsite","osm":"node/7217949316","name":"Sinlahekin Creek Campground","operator":"Washington Department of Fish and Wildlife"}},{"type":"Feature","geometry":{"type":"Point","coordinates":[-122.228689,46.16878]},"properties":{"kind":"campsite","osm":"node/7229143107","name":"Butte Camp","backcountry":"yes"}},{"type":"Feature","geometry":{"type":"Point","coordinates":[-121.118038,45.81893]},"properties":{"kind":"campsite","osm":"node/7294843727","name":"Mineral Springs Campground","operator":"Washington Department of Fish and Wildlife"}},{"type":"Feature","geometry":{"type":"Point","coordinates":[-120.09667,48.475531]},"properties":{"kind":"campsite","osm":"node/7333423800","name":"Cougar Lake Campground","operator":"Washington Department of Fish and Wildlife"}},{"type":"Feature","geometry":{"type":"Point","coordinates":[-120.115942,48.488257]},"properties":{"kind":"campsite","osm":"node/7333423869","name":"Lower Bear Creek Campground","operator":"Washington Department of Fish and Wildlife"}},{"type":"Feature","geometry":{"type":"Point","coordinates":[-120.116368,48.489796]},"properties":{"kind":"campsite","osm":"node/7333423871","name":"Upper Bear Creek Campground","operator":"Washington Department of Fish and Wildlife"}},{"type":"Feature","geometry":{"type":"Point","coordinates":[-120.14569,48.542175]},"properties":{"kind":"campsite","osm":"node/7340489136","name":"Ramsey Creek Campground","operator":"Washington Department of Fish and Wildlife"}},{"type":"Feature","geometry":{"type":"Point","coordinates":[-124.273375,48.548505]},"properties":{"kind":"campsite","osm":"node/7436037523","name":"Tent Lake Campsite","fee":"no","access":"yes","website":"https://www.sitesandtrailsbc.ca/resource/REC6605","backcountry":"yes"}},{"type":"Feature","geometry":{"type":"Point","coordinates":[-123.636836,48.329954]},"properties":{"kind":"campsite","osm":"node/7516190721","name":"Becher Bay Campground"}},{"type":"Feature","geometry":{"type":"Point","coordinates":[-118.605647,45.53335]},"properties":{"kind":"campsite","osm":"node/7546564332","name":"Marshall Camp","access":"private","operator":"Boy Scouts of America","backcountry":"yes"}},{"type":"Feature","geometry":{"type":"Point","coordinates":[-118.59089,45.509517]},"properties":{"kind":"campsite","osm":"node/7546566602","name":"Pinchot Peak Camp","access":"private","operator":"Boy Scouts of America","backcountry":"yes"}},{"type":"Feature","geometry":{"type":"Point","coordinates":[-118.592816,45.516787]},"properties":{"kind":"campsite","osm":"node/7546567209","name":"Douglas Camp","access":"private","operator":"Boy Scouts of America","backcountry":"yes"}},{"type":"Feature","geometry":{"type":"Point","coordinates":[-118.621543,45.535006]},"properties":{"kind":"campsite","osm":"node/7546597233","name":"High Divide Camp","access":"private","operator":"Boy Scouts of America","backcountry":"yes"}},{"type":"Feature","geometry":{"type":"Point","coordinates":[-118.602306,45.521254]},"properties":{"kind":"campsite","osm":"node/7549586550","name":"Confluence Camp","access":"private","operator":"Martin Scout Ranch","backcountry":"yes"}},{"type":"Feature","geometry":{"type":"Point","coordinates":[-118.602473,45.520834]},"properties":{"kind":"campsite","osm":"node/7549586551","name":"Elk Camp","access":"private","operator":"Martin Scout Ranch","backcountry":"yes"}},{"type":"Feature","geometry":{"type":"Point","coordinates":[-118.593976,45.517091]},"properties":{"kind":"campsite","osm":"node/7549740686","name":"Rendevous Camp 1","access":"private","operator":"Martin Scout Ranch","backcountry":"yes"}},{"type":"Feature","geometry":{"type":"Point","coordinates":[-118.59154,45.515551]},"properties":{"kind":"campsite","osm":"node/7549740687","name":"Rendevous Camp 2","access":"private","operator":"Martin Scout Ranch","backcountry":"yes"}},{"type":"Feature","geometry":{"type":"Point","coordinates":[-121.714672,46.132481]},"properties":{"kind":"campsite","osm":"node/7598325095","name":"Steamboat Lake Campground","operator":"National Forest Service","desc":"A dispersed site is at the end of the road above the lake; there are dispersed hike-in only sites at the lake. Unmaintained; no amenities available."}},{"type":"Feature","geometry":{"type":"Point","coordinates":[-121.119523,47.440384]},"properties":{"kind":"campsite","osm":"node/7610028705","backcountry":"yes"}},{"type":"Feature","geometry":{"type":"Point","coordinates":[-122.975646,47.377437]},"properties":{"kind":"campsite","osm":"node/7616073338","name":"Cascadia Marine Trail Campsite - Twanoh","fee":"yes","website":"https://www.wwta.org/sites/twanoh-sp/","desc":"Cascadia Marine Trail / hiker biker camping","drinking_water":"yes","toilets":"yes","reservation":"no"}},{"type":"Feature","geometry":{"type":"Point","coordinates":[-123.359631,45.643133]},"properties":{"kind":"campsite","osm":"node/7634349560","name":"Gales Creek Campground"}},{"type":"Feature","geometry":{"type":"Point","coordinates":[-123.319115,47.415718]},"properties":{"kind":"campsite","osm":"node/7641782612","name":"Brown Creek Horse Campground","operator":"U.S. Forest Service"}},{"type":"Feature","geometry":{"type":"Point","coordinates":[-117.186487,48.393118]},"properties":{"kind":"campsite","osm":"node/7644844388","name":"South Skookum Campground","fee":"yes","operator":"Scenic Canyons Inc.","website":"https://www.fs.usda.gov/recarea/colville/recarea/?recid=67840"}},{"type":"Feature","geometry":{"type":"Point","coordinates":[-121.690085,46.031989]},"properties":{"kind":"campsite","osm":"node/7663138393","name":"Smoky Creek Campground"}},{"type":"Feature","geometry":{"type":"Point","coordinates":[-121.714273,46.037679]},"properties":{"kind":"campsite","osm":"node/7663138415","name":"Little Goose Campground"}},{"type":"Feature","geometry":{"type":"Point","coordinates":[-121.716119,46.034171]},"properties":{"kind":"campsite","osm":"node/7663138433","name":"Little Goose Horse Camp"}},{"type":"Feature","geometry":{"type":"Point","coordinates":[-121.65794,45.968606]},"properties":{"kind":"campsite","osm":"node/7663138434","name":"Peterson Prairie Campground","website":"https://www.fs.usda.gov/recarea/giffordpinchot/recarea/?recid=31878"}},{"type":"Feature","geometry":{"type":"Point","coordinates":[-121.755805,46.069409]},"properties":{"kind":"campsite","osm":"node/7667662726","name":"Meadow Creek Indian Campground"}},{"type":"Feature","geometry":{"type":"Point","coordinates":[-121.767452,46.111813]},"properties":{"kind":"campsite","osm":"node/7667662731","name":"South Campground"}},{"type":"Feature","geometry":{"type":"Point","coordinates":[-121.051387,48.199044]},"properties":{"kind":"campsite","osm":"node/7688279237","name":"Suiattle River Trail Camping Area","drinking_water":"no","reservation":"no","backcountry":"yes"}},{"type":"Feature","geometry":{"type":"Point","coordinates":[-120.967463,48.188673]},"properties":{"kind":"campsite","osm":"node/7688279238","name":"Miners Creek Camping Area","drinking_water":"no","reservation":"no","backcountry":"yes"}},{"type":"Feature","geometry":{"type":"Point","coordinates":[-121.298809,47.447656]},"properties":{"kind":"campsite","osm":"node/7688364607","name":"Park Lakes Camping Area","backcountry":"yes"}},{"type":"Feature","geometry":{"type":"Point","coordinates":[-117.572252,46.118746]},"properties":{"kind":"campsite","osm":"node/7693030284","backcountry":"yes"}},{"type":"Feature","geometry":{"type":"Point","coordinates":[-117.610649,46.150568]},"properties":{"kind":"campsite","osm":"node/7693060294","backcountry":"yes"}},{"type":"Feature","geometry":{"type":"Point","coordinates":[-117.60438,46.13774]},"properties":{"kind":"campsite","osm":"node/7693060295","backcountry":"yes"}},{"type":"Feature","geometry":{"type":"Point","coordinates":[-117.586229,46.124271]},"properties":{"kind":"campsite","osm":"node/7693060297","backcountry":"yes"}},{"type":"Feature","geometry":{"type":"Point","coordinates":[-117.484647,46.120402]},"properties":{"kind":"campsite","osm":"node/7693074530","name":"Misery Campground","fee":"no","website":"https://www.fs.usda.gov/recarea/umatilla/recarea/?recid=56795","drinking_water":"no"}},{"type":"Feature","geometry":{"type":"Point","coordinates":[-122.719116,48.096336]},"properties":{"kind":"campsite","osm":"node/7707466497","name":"Cascadia Marine Trail Campsite -  Fort Flagler State Park","fee":"yes","access":"yes","operator":"Washington Water Trails Association","website":"https://www.wwta.org/sites/fort-flagler-sp/","desc":"A campsite for human powered boats, $12/night, no fires","drinking_water":"yes","toilets":"yes","reservation":"no"}},{"type":"Feature","geometry":{"type":"Point","coordinates":[-121.123141,47.676031]},"properties":{"kind":"campsite","osm":"node/7722979899","name":"Trap Lake Camping Area","fee":"no","toilets":"no","backcountry":"yes"}},{"type":"Feature","geometry":{"type":"Point","coordinates":[-121.605913,46.104948]},"properties":{"kind":"campsite","osm":"node/7727438885"}},{"type":"Feature","geometry":{"type":"Point","coordinates":[-121.211578,46.596143]},"properties":{"kind":"campsite","osm":"node/7737862349","name":"Lower Bakeoven Dispersed Camping Area","website":"https://www.fs.usda.gov/recarea/okawen/recarea/?recid=58555"}},{"type":"Feature","geometry":{"type":"Point","coordinates":[-121.214722,46.595365]},"properties":{"kind":"campsite","osm":"node/7738026472","name":"Upper Bakeoven Dispersed Camping Area","website":"https://www.fs.usda.gov/recarea/okawen/recarea/?recid=58555"}},{"type":"Feature","geometry":{"type":"Point","coordinates":[-121.251213,46.559972]},"properties":{"kind":"campsite","osm":"node/7738026473","name":"Minnie Meadows Dispersed Camping Area","website":"https://www.fs.usda.gov/recarea/okawen/recarea/?recid=58555"}},{"type":"Feature","geometry":{"type":"Point","coordinates":[-121.917099,46.2112]},"properties":{"kind":"campsite","osm":"node/7752783885"}},{"type":"Feature","geometry":{"type":"Point","coordinates":[-123.556808,47.444557]},"properties":{"kind":"campsite","osm":"node/7755044885","name":"Dispersed Camping Area"}},{"type":"Feature","geometry":{"type":"Point","coordinates":[-123.553368,47.444928]},"properties":{"kind":"campsite","osm":"node/7755045185","name":"Dispersed Camping Area"}},{"type":"Feature","geometry":{"type":"Point","coordinates":[-123.554718,47.448463]},"properties":{"kind":"campsite","osm":"node/7755045285","name":"Dispersed Camping Area"}},{"type":"Feature","geometry":{"type":"Point","coordinates":[-123.560607,47.436847]},"properties":{"kind":"campsite","osm":"node/7755049485","name":"Dispersed Camping Area"}},{"type":"Feature","geometry":{"type":"Point","coordinates":[-124.106952,46.856422]},"properties":{"kind":"dump","osm":"node/7757268234","fee":"no"}},{"type":"Feature","geometry":{"type":"Point","coordinates":[-123.057851,47.857442]},"properties":{"kind":"campsite","osm":"node/7757286456","name":"Camp Windy","backcountry":"yes"}},{"type":"Feature","geometry":{"type":"Point","coordinates":[-124.090896,46.792316]},"properties":{"kind":"dump","osm":"node/7757317931"}},{"type":"Feature","geometry":{"type":"Point","coordinates":[-123.833398,48.149323]},"properties":{"kind":"campsite","osm":"node/7760075814","name":"Lyre River Campground","fee":"no","access":"yes","operator":"Washington State Department of Natural Resources","website":"https://www.dnr.wa.gov/OlympicPeninsula","drinking_water":"yes","toilets":"yes"}},{"type":"Feature","geometry":{"type":"Point","coordinates":[-122.133744,46.194454]},"properties":{"kind":"campsite","osm":"node/7781638508","backcountry":"yes"}},{"type":"Feature","geometry":{"type":"Point","coordinates":[-122.135574,46.200389]},"properties":{"kind":"campsite","osm":"node/7781638509","backcountry":"yes"}},{"type":"Feature","geometry":{"type":"Point","coordinates":[-122.134903,46.200542]},"properties":{"kind":"campsite","osm":"node/7781638510","backcountry":"yes"}},{"type":"Feature","geometry":{"type":"Point","coordinates":[-122.236961,46.205281]},"properties":{"kind":"campsite","osm":"node/7781638514","name":"Loowit Trail Camping Area","backcountry":"yes"}},{"type":"Feature","geometry":{"type":"Point","coordinates":[-122.219437,46.176394]},"properties":{"kind":"campsite","osm":"node/7781638515","name":"Loowit Trail Camping Area","backcountry":"yes"}},{"type":"Feature","geometry":{"type":"Point","coordinates":[-122.159723,46.151403]},"properties":{"kind":"campsite","osm":"node/7781638518","backcountry":"yes"}},{"type":"Feature","geometry":{"type":"Point","coordinates":[-121.196108,47.96711]},"properties":{"kind":"campsite","osm":"node/7786619398","backcountry":"yes"}},{"type":"Feature","geometry":{"type":"Point","coordinates":[-121.793017,45.577262]},"properties":{"kind":"campsite","osm":"node/7797378898","name":"Wahtum Lake Campground","operator":"USFS","desc":"5 primative campsites.  No potable water."}},{"type":"Feature","geometry":{"type":"Point","coordinates":[-121.798658,45.580646]},"properties":{"kind":"campsite","osm":"node/7797398042","backcountry":"yes"}},{"type":"Feature","geometry":{"type":"Point","coordinates":[-121.801418,45.580928]},"properties":{"kind":"campsite","osm":"node/7797398043","backcountry":"yes"}},{"type":"Feature","geometry":{"type":"Point","coordinates":[-121.800333,45.582219]},"properties":{"kind":"campsite","osm":"node/7797398044","backcountry":"yes"}},{"type":"Feature","geometry":{"type":"Point","coordinates":[-121.801146,45.582117]},"properties":{"kind":"campsite","osm":"node/7797398045","backcountry":"yes"}},{"type":"Feature","geometry":{"type":"Point","coordinates":[-121.910781,45.59925]},"properties":{"kind":"campsite","osm":"node/7797418228","backcountry":"yes"}},{"type":"Feature","geometry":{"type":"Point","coordinates":[-122.681562,45.799976]},"properties":{"kind":"dump","osm":"node/7808883085","name":"Gee Creek Rest Area Southbound Dump Station"}},{"type":"Feature","geometry":{"type":"Point","coordinates":[-120.649844,48.40469]},"properties":{"kind":"campsite","osm":"node/7824244582","name":"Dee Dee Lakes","backcountry":"yes"}},{"type":"Feature","geometry":{"type":"Point","coordinates":[-120.947941,48.474647]},"properties":{"kind":"campsite","osm":"node/7830813689","name":"Buckner Camp","operator":"North Cascades National Park","backcountry":"yes"}},{"type":"Feature","geometry":{"type":"Point","coordinates":[-123.906347,47.865273]},"properties":{"kind":"campsite","osm":"node/7847434529","name":"Hoh River Dispersed Camping","access":"yes","operator":"Olympic National Park","drinking_water":"no","toilets":"no","backcountry":"yes"}},{"type":"Feature","geometry":{"type":"Point","coordinates":[-121.557725,46.244443]},"properties":{"kind":"campsite","osm":"node/7851210120","name":"Divide Camp","backcountry":"yes"}},{"type":"Feature","geometry":{"type":"Point","coordinates":[-121.580101,47.528503]},"properties":{"kind":"campsite","osm":"node/7862858261","name":"Pratt River Backcountry Camping","access":"yes","backcountry":"yes"}},{"type":"Feature","geometry":{"type":"Point","coordinates":[-122.454633,46.838626]},"properties":{"kind":"campsite","osm":"node/7863881377","name":"Brightwood Train Cars","access":"private"}},{"type":"Feature","geometry":{"type":"Point","coordinates":[-121.586188,48.666987]},"properties":{"kind":"campsite","osm":"node/7888296475","name":"Watson Lakes Campsites","fee":"no","access":"yes","drinking_water":"no","backcountry":"yes"}},{"type":"Feature","geometry":{"type":"Point","coordinates":[-121.589782,48.659424]},"properties":{"kind":"campsite","osm":"node/7888296476","name":"Upper Anderson Lake Campsites","fee":"no","access":"yes","drinking_water":"no","backcountry":"yes"}},{"type":"Feature","geometry":{"type":"Point","coordinates":[-121.121598,48.058468]},"properties":{"kind":"campsite","osm":"node/7892186353","backcountry":"yes"}},{"type":"Feature","geometry":{"type":"Point","coordinates":[-121.110546,48.073709]},"properties":{"kind":"campsite","osm":"node/7892186354","backcountry":"yes"}},{"type":"Feature","geometry":{"type":"Point","coordinates":[-121.902153,48.51732]},"properties":{"kind":"dump","osm":"node/7895762120"}},{"type":"Feature","geometry":{"type":"Point","coordinates":[-121.089635,47.698889]},"properties":{"kind":"campsite","osm":"node/7900432009","name":"Hope Lake Camping Area","fee":"no","backcountry":"yes"}},{"type":"Feature","geometry":{"type":"Point","coordinates":[-121.832982,46.781963]},"properties":{"kind":"campsite","osm":"node/7900774785","name":"Devil's Dream Camp","fee":"no","access":"yes","operator":"National Park Service","reservation":"required","backcountry":"yes"}},{"type":"Feature","geometry":{"type":"Point","coordinates":[-120.817971,47.598238]},"properties":{"kind":"water","osm":"node/7903179878","access":"yes","drinking_water":"yes"}},{"type":"Feature","geometry":{"type":"Point","coordinates":[-121.554333,47.0216]},"properties":{"kind":"campsite","osm":"node/7990827658","name":"Black Diamond Adventure Camps","access":"private"}},{"type":"Feature","geometry":{"type":"Point","coordinates":[-122.040837,46.053187]},"properties":{"kind":"campsite","osm":"node/8012446891","name":"Swift Forest Camp","operator":"PacifiCorp"}},{"type":"Feature","geometry":{"type":"Point","coordinates":[-122.844512,47.647416]},"properties":{"kind":"dump","osm":"node/8023210468","fee":"yes","operator":"Washington State Parks and Recreation Commission"}},{"type":"Feature","geometry":{"type":"Point","coordinates":[-123.307675,47.485342]},"properties":{"kind":"campsite","osm":"node/8044828187","name":"Backcountry Camping","operator":"National Forest Service","drinking_water":"no","reservation":"no","backcountry":"yes"}},{"type":"Feature","geometry":{"type":"Point","coordinates":[-122.861971,48.657547]},"properties":{"kind":"campsite","osm":"node/8063484612","name":"Moran State Park Campground","website":"https://www.parks.state.wa.us/547/Moran"}},{"type":"Feature","geometry":{"type":"Point","coordinates":[-121.984579,47.866889]},"properties":{"kind":"dump","osm":"node/8066424039"}},{"type":"Feature","geometry":{"type":"Point","coordinates":[-122.742436,48.925763]},"properties":{"kind":"rv_park","osm":"node/8066755363","name":"Beachcomber RV Park"}},{"type":"Feature","geometry":{"type":"Point","coordinates":[-122.778803,46.623907]},"properties":{"kind":"dump","osm":"node/8133807913","name":"Lower Dump Station","fee":"yes","access":"customers","operator":"Thousans Trails"}},{"type":"Feature","geometry":{"type":"Point","coordinates":[-122.779736,46.620976]},"properties":{"kind":"dump","osm":"node/8133810419","name":"Upper Dumpstation","fee":"yes","access":"customers","operator":"Thousand Trails"}},{"type":"Feature","geometry":{"type":"Point","coordinates":[-121.476116,48.138515]},"properties":{"kind":"campsite","osm":"node/8140583786","name":"Peek-a-boo Lake Campsites","access":"yes","capacity":"15","backcountry":"yes"}},{"type":"Feature","geometry":{"type":"Point","coordinates":[-123.20066,48.78388]},"properties":{"kind":"campsite","osm":"node/8198763430","name":"Breezy Bay Clifftop Camping","fee":"yes","website":"https://breezybaybb.ca/"}},{"type":"Feature","geometry":{"type":"Point","coordinates":[-116.955493,46.07163]},"properties":{"kind":"campsite","osm":"node/8206862153","name":"Lime Hill Campsite"}},{"type":"Feature","geometry":{"type":"Point","coordinates":[-116.930838,46.034748]},"properties":{"kind":"campsite","osm":"node/8206862154","name":"Wild Goose Campsite"}},{"type":"Feature","geometry":{"type":"Point","coordinates":[-116.919905,46.013513]},"properties":{"kind":"campsite","osm":"node/8206862155","name":"Below Corral Creek Campsite"}},{"type":"Feature","geometry":{"type":"Point","coordinates":[-116.920484,46.003885]},"properties":{"kind":"campsite","osm":"node/8206862156","name":"Across Corral Creek Campsite"}},{"type":"Feature","geometry":{"type":"Point","coordinates":[-116.918027,45.999973]},"properties":{"kind":"campsite","osm":"node/8206862157","name":"Lower China Garden Campsite"}},{"type":"Feature","geometry":{"type":"Point","coordinates":[-116.914766,45.995754]},"properties":{"kind":"campsite","osm":"node/8206862158","name":"China Garden Campsite"}},{"type":"Feature","geometry":{"type":"Point","coordinates":[-116.913521,45.994189]},"properties":{"kind":"campsite","osm":"node/8206862159","name":"Upper China Garden Campsite"}},{"type":"Feature","geometry":{"type":"Point","coordinates":[-123.43306,48.008716]},"properties":{"kind":"campsite","osm":"node/8261140409","name":"Lake Angeles Campground","operator":"NPS","backcountry":"yes"}},{"type":"Feature","geometry":{"type":"Point","coordinates":[-121.893129,46.911466]},"properties":{"kind":"campsite","osm":"node/8274973710","name":"South Mowich River Camp","fee":"no","access":"yes","operator":"National Park Service","reservation":"required","backcountry":"yes"}},{"type":"Feature","geometry":{"type":"Point","coordinates":[-121.899185,46.883261]},"properties":{"kind":"campsite","osm":"node/8274973711","name":"Golden Lakes Camp","fee":"yes","access":"yes","operator":"National Park Service","reservation":"required","backcountry":"yes"}},{"type":"Feature","geometry":{"type":"Point","coordinates":[-121.870306,46.846142]},"properties":{"kind":"campsite","osm":"node/8274973712","name":"North Puyallup River Group Camp","fee":"no","access":"permit","operator":"National Park Service","reservation":"required","backcountry":"yes"}},{"type":"Feature","geometry":{"type":"Point","coordinates":[-121.86446,46.8133]},"properties":{"kind":"campsite","osm":"node/8274973714","name":"South Puyallup River Camp","fee":"no","access":"yes","operator":"National Park Service","reservation":"required","backcountry":"yes"}},{"type":"Feature","geometry":{"type":"Point","coordinates":[-121.473623,46.76292]},"properties":{"kind":"campsite","osm":"node/8274987764","name":"Three Lakes Camp","fee":"no","access":"yes","operator":"National Park Service","capacity":"3","toilets":"yes","reservation":"required","backcountry":"yes"}},{"type":"Feature","geometry":{"type":"Point","coordinates":[-121.639428,46.825938]},"properties":{"kind":"campsite","osm":"node/8274987765","name":"Indian Bar Camp","fee":"no","access":"permit","operator":"National Park Service","toilets":"yes","reservation":"required","backcountry":"yes"}},{"type":"Feature","geometry":{"type":"Point","coordinates":[-121.539013,46.83406]},"properties":{"kind":"campsite","osm":"node/8274987766","name":"Deer Creek Camp","fee":"no","access":"yes","operator":"National Park Service","reservation":"required","backcountry":"yes"}},{"type":"Feature","geometry":{"type":"Point","coordinates":[-121.502784,46.896005]},"properties":{"kind":"campsite","osm":"node/8274987770","name":"Sheep Lake Camp","access":"yes","backcountry":"yes"}},{"type":"Feature","geometry":{"type":"Point","coordinates":[-121.592852,46.940852]},"properties":{"kind":"campsite","osm":"node/8274987771","name":"Dick's Lake Camp","fee":"no","access":"yes","operator":"National Park Service","reservation":"required","backcountry":"yes"}},{"type":"Feature","geometry":{"type":"Point","coordinates":[-121.592939,46.949756]},"properties":{"kind":"campsite","osm":"node/8274987772","name":"Upper Palisades Lake Camp","fee":"no","access":"yes","operator":"National Park Service","reservation":"required","backcountry":"yes"}},{"type":"Feature","geometry":{"type":"Point","coordinates":[-121.652058,46.93256]},"properties":{"kind":"campsite","osm":"node/8274987780","name":"Forest Lake Camp","fee":"no","access":"yes","operator":"National Park Service","toilets":"yes","reservation":"required","backcountry":"yes"}},{"type":"Feature","geometry":{"type":"Point","coordinates":[-121.500041,47.440111]},"properties":{"kind":"campsite","osm":"node/8274991501","name":"Lower Tuscohatchie Lake Backcountry Camping","access":"yes","toilets":"yes","backcountry":"yes"}},{"type":"Feature","geometry":{"type":"Point","coordinates":[-120.856252,47.359813]},"properties":{"kind":"campsite","osm":"node/8275046605","name":"North Fork Teanaway River Dispersed Camping","access":"yes"}},{"type":"Feature","geometry":{"type":"Point","coordinates":[-121.678539,48.674879]},"properties":{"kind":"campsite","osm":"node/8282374024","name":"Bayview Campground","fee":"yes","access":"yes","operator":"USDA Forest Service","website":"https://www.fs.usda.gov/recarea/mbs/recarea/?recid=17632","drinking_water":"no","toilets":"yes","reservation":"recommended","backcountry":"no"}},{"type":"Feature","geometry":{"type":"Point","coordinates":[-121.297218,46.860842]},"properties":{"kind":"dump","osm":"node/8282469271","fee":"yes","access":"yes","operator":"U.S. Forest Service"}},{"type":"Feature","geometry":{"type":"Point","coordinates":[-117.040543,46.046036]},"properties":{"kind":"campsite","osm":"node/8317125161"}},{"type":"Feature","geometry":{"type":"Point","coordinates":[-117.068853,46.043801]},"properties":{"kind":"campsite","osm":"node/8317125162"}},{"type":"Feature","geometry":{"type":"Point","coordinates":[-117.071782,46.036651]},"properties":{"kind":"campsite","osm":"node/8317125163"}},{"type":"Feature","geometry":{"type":"Point","coordinates":[-117.074175,46.038144]},"properties":{"kind":"campsite","osm":"node/8317125164"}},{"type":"Feature","geometry":{"type":"Point","coordinates":[-117.085075,46.041425]},"properties":{"kind":"campsite","osm":"node/8317125165"}},{"type":"Feature","geometry":{"type":"Point","coordinates":[-117.14204,46.028096]},"properties":{"kind":"campsite","osm":"node/8317125166"}},{"type":"Feature","geometry":{"type":"Point","coordinates":[-117.143022,46.026443]},"properties":{"kind":"campsite","osm":"node/8317125167","name":"Snyder Bar Campground","operator":"Washington Department of Fish and Wildlife"}},{"type":"Feature","geometry":{"type":"Point","coordinates":[-117.16633,46.024323]},"properties":{"kind":"campsite","osm":"node/8317125170"}},{"type":"Feature","geometry":{"type":"Point","coordinates":[-117.169216,46.021958]},"properties":{"kind":"campsite","osm":"node/8317125171"}},{"type":"Feature","geometry":{"type":"Point","coordinates":[-117.189424,46.03]},"properties":{"kind":"campsite","osm":"node/8317125172"}},{"type":"Feature","geometry":{"type":"Point","coordinates":[-117.223134,46.032491]},"properties":{"kind":"campsite","osm":"node/8317125173"}},{"type":"Feature","geometry":{"type":"Point","coordinates":[-117.226975,46.032041]},"properties":{"kind":"campsite","osm":"node/8317125174"}},{"type":"Feature","geometry":{"type":"Point","coordinates":[-117.229089,46.034353]},"properties":{"kind":"campsite","osm":"node/8317125175"}},{"type":"Feature","geometry":{"type":"Point","coordinates":[-117.227796,46.038081]},"properties":{"kind":"campsite","osm":"node/8317125176"}},{"type":"Feature","geometry":{"type":"Point","coordinates":[-117.287577,46.03839]},"properties":{"kind":"campsite","osm":"node/8317125177"}},{"type":"Feature","geometry":{"type":"Point","coordinates":[-117.363194,46.006374]},"properties":{"kind":"campsite","osm":"node/8317125178"}},{"type":"Feature","geometry":{"type":"Point","coordinates":[-117.365484,45.997342]},"properties":{"kind":"campsite","osm":"node/8317125179"}},{"type":"Feature","geometry":{"type":"Point","coordinates":[-117.381492,45.997647]},"properties":{"kind":"campsite","osm":"node/8317125180"}},{"type":"Feature","geometry":{"type":"Point","coordinates":[-117.549924,45.888806]},"properties":{"kind":"campsite","osm":"node/8317160264"}},{"type":"Feature","geometry":{"type":"Point","coordinates":[-117.57092,45.883787]},"properties":{"kind":"campsite","osm":"node/8317160265"}},{"type":"Feature","geometry":{"type":"Point","coordinates":[-117.575126,45.885512]},"properties":{"kind":"campsite","osm":"node/8317160266"}},{"type":"Feature","geometry":{"type":"Point","coordinates":[-117.584074,45.880718]},"properties":{"kind":"campsite","osm":"node/8317160267"}},{"type":"Feature","geometry":{"type":"Point","coordinates":[-117.586305,45.876527]},"properties":{"kind":"campsite","osm":"node/8317160268"}},{"type":"Feature","geometry":{"type":"Point","coordinates":[-117.594363,45.873517]},"properties":{"kind":"campsite","osm":"node/8317160269"}},{"type":"Feature","geometry":{"type":"Point","coordinates":[-117.597957,45.872912]},"properties":{"kind":"campsite","osm":"node/8317160270"}},{"type":"Feature","geometry":{"type":"Point","coordinates":[-117.598708,45.866458]},"properties":{"kind":"campsite","osm":"node/8317160271"}},{"type":"Feature","geometry":{"type":"Point","coordinates":[-117.599684,45.864254]},"properties":{"kind":"campsite","osm":"node/8317160272"}},{"type":"Feature","geometry":{"type":"Point","coordinates":[-117.606593,45.867817]},"properties":{"kind":"campsite","osm":"node/8317160273"}},{"type":"Feature","geometry":{"type":"Point","coordinates":[-117.619393,45.860936]},"properties":{"kind":"campsite","osm":"node/8317160274"}},{"type":"Feature","geometry":{"type":"Point","coordinates":[-117.634435,45.863297]},"properties":{"kind":"campsite","osm":"node/8317160275"}},{"type":"Feature","geometry":{"type":"Point","coordinates":[-117.652277,45.872464]},"properties":{"kind":"campsite","osm":"node/8317160276"}},{"type":"Feature","geometry":{"type":"Point","coordinates":[-117.657319,45.873793]},"properties":{"kind":"campsite","osm":"node/8317160277"}},{"type":"Feature","geometry":{"type":"Point","coordinates":[-117.659411,45.876968]},"properties":{"kind":"campsite","osm":"node/8317160278"}},{"type":"Feature","geometry":{"type":"Point","coordinates":[-117.672822,45.880337]},"properties":{"kind":"campsite","osm":"node/8317160279"}},{"type":"Feature","geometry":{"type":"Point","coordinates":[-117.678176,45.878492]},"properties":{"kind":"campsite","osm":"node/8317160280"}},{"type":"Feature","geometry":{"type":"Point","coordinates":[-117.682586,45.874062]},"properties":{"kind":"campsite","osm":"node/8317160281"}},{"type":"Feature","geometry":{"type":"Point","coordinates":[-117.685214,45.875243]},"properties":{"kind":"campsite","osm":"node/8317160282"}},{"type":"Feature","geometry":{"type":"Point","coordinates":[-117.687575,45.874884]},"properties":{"kind":"campsite","osm":"node/8317160283"}},{"type":"Feature","geometry":{"type":"Point","coordinates":[-117.694918,45.871134]},"properties":{"kind":"campsite","osm":"node/8317160284"}},{"type":"Feature","geometry":{"type":"Point","coordinates":[-117.698336,45.868056]},"properties":{"kind":"campsite","osm":"node/8317160285"}},{"type":"Feature","geometry":{"type":"Point","coordinates":[-117.708002,45.862774]},"properties":{"kind":"campsite","osm":"node/8317160286"}},{"type":"Feature","geometry":{"type":"Point","coordinates":[-117.712787,45.86184]},"properties":{"kind":"campsite","osm":"node/8317160287"}},{"type":"Feature","geometry":{"type":"Point","coordinates":[-117.718527,45.855885]},"properties":{"kind":"campsite","osm":"node/8317160288"}},{"type":"Feature","geometry":{"type":"Point","coordinates":[-117.733076,45.849765]},"properties":{"kind":"campsite","osm":"node/8317160289"}},{"type":"Feature","geometry":{"type":"Point","coordinates":[-117.732518,45.848532]},"properties":{"kind":"campsite","osm":"node/8317160290"}},{"type":"Feature","geometry":{"type":"Point","coordinates":[-117.735651,45.845453]},"properties":{"kind":"campsite","osm":"node/8317160291"}},{"type":"Feature","geometry":{"type":"Point","coordinates":[-117.736691,45.847045]},"properties":{"kind":"campsite","osm":"node/8317160292"}},{"type":"Feature","geometry":{"type":"Point","coordinates":[-117.74183,45.846679]},"properties":{"kind":"campsite","osm":"node/8317160293"}},{"type":"Feature","geometry":{"type":"Point","coordinates":[-117.743118,45.845759]},"properties":{"kind":"campsite","osm":"node/8317160294"}},{"type":"Feature","geometry":{"type":"Point","coordinates":[-117.744942,45.839511]},"properties":{"kind":"campsite","osm":"node/8317160295"}},{"type":"Feature","geometry":{"type":"Point","coordinates":[-117.745231,45.833838]},"properties":{"kind":"campsite","osm":"node/8317160296"}},{"type":"Feature","geometry":{"type":"Point","coordinates":[-117.749105,45.833128]},"properties":{"kind":"campsite","osm":"node/8317160297"}},{"type":"Feature","geometry":{"type":"Point","coordinates":[-117.75051,45.829382]},"properties":{"kind":"campsite","osm":"node/8317160298"}},{"type":"Feature","geometry":{"type":"Point","coordinates":[-117.753053,45.81819]},"properties":{"kind":"campsite","osm":"node/8317160299"}},{"type":"Feature","geometry":{"type":"Point","coordinates":[-117.750574,45.816081]},"properties":{"kind":"campsite","osm":"node/8317160300"}},{"type":"Feature","geometry":{"type":"Point","coordinates":[-117.749748,45.813958]},"properties":{"kind":"campsite","osm":"node/8317160301"}},{"type":"Feature","geometry":{"type":"Point","coordinates":[-117.748665,45.811359]},"properties":{"kind":"campsite","osm":"node/8317160302"}},{"type":"Feature","geometry":{"type":"Point","coordinates":[-117.741283,45.801558]},"properties":{"kind":"campsite","osm":"node/8317160303"}},{"type":"Feature","geometry":{"type":"Point","coordinates":[-117.74109,45.799815]},"properties":{"kind":"campsite","osm":"node/8317160304"}},{"type":"Feature","geometry":{"type":"Point","coordinates":[-117.747774,45.798192]},"properties":{"kind":"campsite","osm":"node/8317160305"}},{"type":"Feature","geometry":{"type":"Point","coordinates":[-117.744931,45.792398]},"properties":{"kind":"campsite","osm":"node/8317160306"}},{"type":"Feature","geometry":{"type":"Point","coordinates":[-117.743896,45.79324]},"properties":{"kind":"campsite","osm":"node/8317160307"}},{"type":"Feature","geometry":{"type":"Point","coordinates":[-117.759034,45.774348]},"properties":{"kind":"campsite","osm":"node/8317160308"}},{"type":"Feature","geometry":{"type":"Point","coordinates":[-117.75809,45.772028]},"properties":{"kind":"campsite","osm":"node/8317160309"}},{"type":"Feature","geometry":{"type":"Point","coordinates":[-117.757387,45.767987]},"properties":{"kind":"campsite","osm":"node/8317160310"}},{"type":"Feature","geometry":{"type":"Point","coordinates":[-117.774795,45.747481]},"properties":{"kind":"campsite","osm":"node/8317160311"}},{"type":"Feature","geometry":{"type":"Point","coordinates":[-117.779301,45.748031]},"properties":{"kind":"campsite","osm":"node/8317160312"}},{"type":"Feature","geometry":{"type":"Point","coordinates":[-117.787015,45.708764]},"properties":{"kind":"campsite","osm":"node/8317160313"}},{"type":"Feature","geometry":{"type":"Point","coordinates":[-117.756915,45.659452]},"properties":{"kind":"campsite","osm":"node/8317160314"}},{"type":"Feature","geometry":{"type":"Point","coordinates":[-121.511893,47.4209]},"properties":{"kind":"campsite","osm":"node/8584543704","name":"Olallie Lake Camping Area","toilets":"yes","backcountry":"yes"}},{"type":"Feature","geometry":{"type":"Point","coordinates":[-121.109328,45.925912]},"properties":{"kind":"campsite","osm":"node/8604292415","fee":"no"}},{"type":"Feature","geometry":{"type":"Point","coordinates":[-121.079328,45.888663]},"properties":{"kind":"campsite","osm":"node/8604292468","fee":"no","drinking_water":"no"}},{"type":"Feature","geometry":{"type":"Point","coordinates":[-121.076295,45.878148]},"properties":{"kind":"campsite","osm":"node/8604292473","fee":"no","drinking_water":"no"}},{"type":"Feature","geometry":{"type":"Point","coordinates":[-121.029704,45.887706]},"properties":{"kind":"campsite","osm":"node/8604292476","name":"Canyon Creek Campground","fee":"no","drinking_water":"no"}},{"type":"Feature","geometry":{"type":"Point","coordinates":[-121.110998,45.644345]},"properties":{"kind":"dump","osm":"node/8616216030","fee":"yes","operator":"Washington State Parks"}},{"type":"Feature","geometry":{"type":"Point","coordinates":[-122.075739,48.968367]},"properties":{"kind":"dump","osm":"node/8740153264"}},{"type":"Feature","geometry":{"type":"Point","coordinates":[-117.4887,47.688201]},"properties":{"kind":"water","osm":"node/8756966658"}},{"type":"Feature","geometry":{"type":"Point","coordinates":[-120.567261,47.460173]},"properties":{"kind":"campsite","osm":"node/8759489822","name":"Camas Meadows Bible Camp","access":"private"}},{"type":"Feature","geometry":{"type":"Point","coordinates":[-124.372831,47.601995]},"properties":{"kind":"campsite","osm":"node/8766552129","name":"Kalaloch Lodge Group Campsite","fee":"yes","access":"customers","operator":"Kalaloch Lodge","website":"https://www.thekalalochlodge.com/stay/group-campsite"}},{"type":"Feature","geometry":{"type":"Point","coordinates":[-117.195163,47.721778]},"properties":{"kind":"water","osm":"node/8784389702"}},{"type":"Feature","geometry":{"type":"Point","coordinates":[-120.339399,48.211897]},"properties":{"kind":"campsite","osm":"node/8897026447","name":"Motorcycle camp","backcountry":"yes"}},{"type":"Feature","geometry":{"type":"Point","coordinates":[-120.344094,48.213948]},"properties":{"kind":"campsite","osm":"node/8897026448","name":"Horse camp","backcountry":"yes"}},{"type":"Feature","geometry":{"type":"Point","coordinates":[-120.354807,48.204482]},"properties":{"kind":"campsite","osm":"node/8897026450","backcountry":"yes"}},{"type":"Feature","geometry":{"type":"Point","coordinates":[-120.362741,48.203924]},"properties":{"kind":"campsite","osm":"node/8897026488","backcountry":"yes"}},{"type":"Feature","geometry":{"type":"Point","coordinates":[-120.348498,48.178832]},"properties":{"kind":"campsite","osm":"node/8897026489","backcountry":"yes"}},{"type":"Feature","geometry":{"type":"Point","coordinates":[-120.346799,48.179101]},"properties":{"kind":"campsite","osm":"node/8897026490","backcountry":"yes"}},{"type":"Feature","geometry":{"type":"Point","coordinates":[-121.359239,48.177936]},"properties":{"kind":"campsite","osm":"node/8901678931","access":"yes"}},{"type":"Feature","geometry":{"type":"Point","coordinates":[-121.899154,46.285225]},"properties":{"kind":"campsite","osm":"node/8903154195","backcountry":"yes"}},{"type":"Feature","geometry":{"type":"Point","coordinates":[-123.141564,47.751779]},"properties":{"kind":"campsite","osm":"node/8927349633","name":"Lake Constance Campsites","access":"yes","operator":"Olympic National Park","drinking_water":"no","reservation":"no","backcountry":"yes"}},{"type":"Feature","geometry":{"type":"Point","coordinates":[-123.327216,47.927954]},"properties":{"kind":"campsite","osm":"node/8928006517","name":"Roaring Winds Primitive Campground","backcountry":"yes"}},{"type":"Feature","geometry":{"type":"Point","coordinates":[-123.247744,47.915419]},"properties":{"kind":"campsite","osm":"node/8928008817","name":"Three Forks Primitive Camping","backcountry":"yes"}},{"type":"Feature","geometry":{"type":"Point","coordinates":[-123.315538,47.877253]},"properties":{"kind":"campsite","osm":"node/8928018117","name":"Lower Cameron Primitive Camping","backcountry":"yes"}},{"type":"Feature","geometry":{"type":"Point","coordinates":[-123.358141,47.877975]},"properties":{"kind":"campsite","osm":"node/8928018118","name":"Gladys Lake Primitive Camping","backcountry":"yes"}},{"type":"Feature","geometry":{"type":"Point","coordinates":[-123.094109,47.72855]},"properties":{"kind":"campsite","osm":"node/8929106191","name":"Elkhorn Dispersed Campground","fee":"no","website":"https://www.fs.usda.gov/recarea/olympic/recarea/?recid=47827","drinking_water":"no","backcountry":"yes"}},{"type":"Feature","geometry":{"type":"Point","coordinates":[-121.578447,46.711976]},"properties":{"kind":"campsite","osm":"node/8930931917","name":"Dispersed Camping","fee":"no","drinking_water":"no","reservation":"no"}},{"type":"Feature","geometry":{"type":"Point","coordinates":[-123.273554,48.56763]},"properties":{"kind":"campsite","osm":"node/8934715499","name":"D'Arcy Island Campground / BC Marine Trail","website":"https://www.bcmarinetrails.org/map_site/12239","desc":"Gravel tent pads near beach with some shelter in mature forest. Pit toilet. 7 picnic tables. Hammock opportunities. Fee charged May - Sept. No fires, including below high tide mark. No water."}},{"type":"Feature","geometry":{"type":"Point","coordinates":[-122.595495,47.340532]},"properties":{"kind":"campsite","osm":"node/8935164416","name":"Gig Harbor RV Resort","website":"http://gigharborrvresort.com/"}},{"type":"Feature","geometry":{"type":"Point","coordinates":[-123.06551,45.715488]},"properties":{"kind":"campsite","osm":"node/8936787748","name":"Mountindale Sun Resort","access":"customers"}},{"type":"Feature","geometry":{"type":"Point","coordinates":[-121.246219,47.500048]},"properties":{"kind":"campsite","osm":"node/8942324356","toilets":"no","backcountry":"yes"}},{"type":"Feature","geometry":{"type":"Point","coordinates":[-121.171794,47.504042]},"properties":{"kind":"campsite","osm":"node/8942337157","fee":"no","backcountry":"yes"}},{"type":"Feature","geometry":{"type":"Point","coordinates":[-121.214154,47.498999]},"properties":{"kind":"campsite","osm":"node/8942371924","backcountry":"yes"}},{"type":"Feature","geometry":{"type":"Point","coordinates":[-122.980418,47.809118]},"properties":{"kind":"campsite","osm":"node/8956020928","name":"Bark Shanty Camp","backcountry":"yes"}},{"type":"Feature","geometry":{"type":"Point","coordinates":[-123.01957,47.682639]},"properties":{"kind":"campsite","osm":"node/8956025082","name":"Collins Campground","fee":"yes","operator":"US Forest Service","website":"https://www.fs.usda.gov/recarea/olympic/recarea/?recid=47809","capacity":"16","drinking_water":"no"}},{"type":"Feature","geometry":{"type":"Point","coordinates":[-121.785738,48.772371]},"properties":{"kind":"campsite","osm":"node/8964694048","backcountry":"yes"}},{"type":"Feature","geometry":{"type":"Point","coordinates":[-121.872037,48.796754]},"properties":{"kind":"campsite","osm":"node/8975948769","backcountry":"yes"}},{"type":"Feature","geometry":{"type":"Point","coordinates":[-121.860647,48.778849]},"properties":{"kind":"campsite","osm":"node/8976475565","name":"Black Buttes camp","backcountry":"yes"}},{"type":"Feature","geometry":{"type":"Point","coordinates":[-121.864386,48.796396]},"properties":{"kind":"campsite","osm":"node/8976476554","name":"Harrison Camp","backcountry":"yes"}},{"type":"Feature","geometry":{"type":"Point","coordinates":[-121.797094,48.9394]},"properties":{"kind":"campsite","osm":"node/9007276791","backcountry":"yes"}},{"type":"Feature","geometry":{"type":"Point","coordinates":[-121.795811,48.93566]},"properties":{"kind":"campsite","osm":"node/9007276804","fee":"no","backcountry":"yes"}},{"type":"Feature","geometry":{"type":"Point","coordinates":[-123.473763,47.615699]},"properties":{"kind":"campsite","osm":"node/9023274322","name":"O'Neil Creek","operator":"Olympic National Park","drinking_water":"no","toilets":"yes","reservation":"no","backcountry":"yes"}},{"type":"Feature","geometry":{"type":"Point","coordinates":[-123.31109,47.707998]},"properties":{"kind":"campsite","osm":"node/9023420914","name":"Honeymoon Meadows Camp","access":"yes","operator":"Olympic National Park","drinking_water":"no","toilets":"yes","reservation":"no","backcountry":"yes"}},{"type":"Feature","geometry":{"type":"Point","coordinates":[-123.20179,47.676343]},"properties":{"kind":"campsite","osm":"node/9023889565","name":"10-Mile Camp","access":"yes","operator":"Olympic National Park","drinking_water":"no","reservation":"no","backcountry":"yes"}},{"type":"Feature","geometry":{"type":"Point","coordinates":[-120.903661,48.344395]},"properties":{"kind":"campsite","osm":"node/9023990415","name":"Fivemile Camp","backcountry":"yes"}},{"type":"Feature","geometry":{"type":"Point","coordinates":[-120.92048,48.309709]},"properties":{"kind":"campsite","osm":"node/9023990416","name":"Swamp Creek Camp","backcountry":"yes"}},{"type":"Feature","geometry":{"type":"Point","coordinates":[-120.929993,48.293203]},"properties":{"kind":"campsite","osm":"node/9024022517","backcountry":"yes"}},{"type":"Feature","geometry":{"type":"Point","coordinates":[-120.927693,48.257007]},"properties":{"kind":"campsite","osm":"node/9024022518","name":"Hemlock Camp","backcountry":"yes"}},{"type":"Feature","geometry":{"type":"Point","coordinates":[-120.955662,48.242667]},"properties":{"kind":"campsite","osm":"node/9024022520","backcountry":"yes"}},{"type":"Feature","geometry":{"type":"Point","coordinates":[-123.691442,47.832351]},"properties":{"kind":"campsite","osm":"node/9054366417","name":"Glacier Meadows","access":"yes","operator":"Olympic National Park","drinking_water":"no","backcountry":"yes"}},{"type":"Feature","geometry":{"type":"Point","coordinates":[-123.523215,47.597502]},"properties":{"kind":"campsite","osm":"node/9063091217","name":"Fire Creek Campground","operator":"Olympic National Park","drinking_water":"no","reservation":"no","backcountry":"yes"}},{"type":"Feature","geometry":{"type":"Point","coordinates":[-123.530664,47.597727]},"properties":{"kind":"campsite","osm":"node/9063091317","name":"Backcountry Camping","operator":"Olympic National Park","drinking_water":"no","reservation":"no","backcountry":"yes"}},{"type":"Feature","geometry":{"type":"Point","coordinates":[-121.484475,46.520244]},"properties":{"kind":"campsite","osm":"node/9068818173","name":"Goat Lake","fee":"no","operator":"United States Forest Service","drinking_water":"no","reservation":"no","backcountry":"yes"}},{"type":"Feature","geometry":{"type":"Point","coordinates":[-120.939424,48.071417]},"properties":{"kind":"campsite","osm":"node/9071232592","name":"Louis Creek Falls Camp","backcountry":"yes"}},{"type":"Feature","geometry":{"type":"Point","coordinates":[-120.962086,48.143424]},"properties":{"kind":"campsite","osm":"node/9071232593","name":"Buck Creek Pass Camp","backcountry":"yes"}},{"type":"Feature","geometry":{"type":"Point","coordinates":[-122.929613,48.701754]},"properties":{"kind":"campsite","osm":"node/9080496147","name":"Hoursemaster Village","access":"permit","operator":"YMCA of Greatter Seattle"}},{"type":"Feature","geometry":{"type":"Point","coordinates":[-123.619537,47.599348]},"properties":{"kind":"campsite","osm":"node/9083260320","name":"Wolf Bar","operator":"Olympic National Park","backcountry":"yes"}},{"type":"Feature","geometry":{"type":"Point","coordinates":[-123.632112,47.627773]},"properties":{"kind":"campsite","osm":"node/9083260321","name":"Halfway House","operator":"Olympic National Park","backcountry":"yes"}},{"type":"Feature","geometry":{"type":"Point","coordinates":[-123.651445,47.639492]},"properties":{"kind":"campsite","osm":"node/9083260322","name":"Elip Creek","operator":"Olympic National Park","backcountry":"yes"}},{"type":"Feature","geometry":{"type":"Point","coordinates":[-123.590905,47.688444]},"properties":{"kind":"campsite","osm":"node/9083494829","name":"Sixteen Mile Camp","operator":"Olympic National Park","backcountry":"yes"}},{"type":"Feature","geometry":{"type":"Point","coordinates":[-123.555851,47.724693]},"properties":{"kind":"campsite","osm":"node/9085208655","name":"Low Divide Camp","operator":"Olympic National Park","backcountry":"yes"}},{"type":"Feature","geometry":{"type":"Point","coordinates":[-123.558887,47.723325]},"properties":{"kind":"campsite","osm":"node/9085208656","name":"Low Divide Camp","operator":"Olympic National Park","backcountry":"yes"}},{"type":"Feature","geometry":{"type":"Point","coordinates":[-121.074175,48.914977]},"properties":{"kind":"campsite","osm":"node/9106681273","name":"Little Beaver Campground","access":"permit","operator":"North Cascades National Park","capacity":"5","toilets":"yes","backcountry":"yes"}},{"type":"Feature","geometry":{"type":"Point","coordinates":[-121.142244,48.803691]},"properties":{"kind":"campsite","osm":"node/9106684594","name":"39 Mile Stock Camp","access":"permit","operator":"North Cascades National Park","backcountry":"yes"}},{"type":"Feature","geometry":{"type":"Point","coordinates":[-121.053543,48.621009]},"properties":{"kind":"campsite","osm":"node/9106720193","name":"McAllister Camp","access":"permit","operator":"North Cascades National Park","toilets":"yes","backcountry":"yes"}},{"type":"Feature","geometry":{"type":"Point","coordinates":[-121.053178,48.623272]},"properties":{"kind":"campsite","osm":"node/9106720194","name":"McAllister Stock Camp","access":"permit","operator":"North Cascades National Park","toilets":"yes","backcountry":"yes"}},{"type":"Feature","geometry":{"type":"Point","coordinates":[-123.717754,47.646972]},"properties":{"kind":"campsite","osm":"node/9115499108","name":"Three Prune Lakes","operator":"Olympic National Park","backcountry":"yes"}},{"type":"Feature","geometry":{"type":"Point","coordinates":[-123.724465,47.600976]},"properties":{"kind":"campsite","osm":"node/9115502935","name":"Three Lakes","operator":"Olympic National Park","backcountry":"yes"}},{"type":"Feature","geometry":{"type":"Point","coordinates":[-123.854606,47.692273]},"properties":{"kind":"campsite","osm":"node/9125558686","name":"Bob Creek","operator":"Olympic National Park","drinking_water":"no","reservation":"no","backcountry":"yes"}},{"type":"Feature","geometry":{"type":"Point","coordinates":[-123.944492,47.648289]},"properties":{"kind":"campsite","osm":"node/9125619978","name":"Spruce Bottom","operator":"Olympic National Park","drinking_water":"no","reservation":"no","backcountry":"yes"}},{"type":"Feature","geometry":{"type":"Point","coordinates":[-123.936177,47.657323]},"properties":{"kind":"campsite","osm":"node/9125619979","name":"Smith Place","operator":"Olympic National Park","drinking_water":"no","reservation":"no","backcountry":"yes"}},{"type":"Feature","geometry":{"type":"Point","coordinates":[-120.883617,47.623564]},"properties":{"kind":"campsite","osm":"node/9128133118","backcountry":"yes"}},{"type":"Feature","geometry":{"type":"Point","coordinates":[-123.673251,47.567539]},"properties":{"kind":"campsite","osm":"node/9128349819","name":"Irely Lake","operator":"Olympic National Park","backcountry":"yes"}},{"type":"Feature","geometry":{"type":"Point","coordinates":[-122.118709,45.799657]},"properties":{"kind":"campsite","osm":"node/9133168729","name":"Fourth of July Camp","fee":"no","access":"yes","operator":"USFS","backcountry":"yes"}},{"type":"Feature","geometry":{"type":"Point","coordinates":[-122.084795,45.80817]},"properties":{"kind":"campsite","osm":"node/9133175424","name":"Spring Camp","fee":"no","operator":"USFS","backcountry":"yes"}},{"type":"Feature","geometry":{"type":"Point","coordinates":[-124.198476,47.656311]},"properties":{"kind":"campsite","osm":"node/9133549202","name":"Coppermine Bottom Campground","access":"yes","operator":"Washington State Department of Natural Resources","website":"https://www.dnr.wa.gov/OlympicPeninsula","drinking_water":"no","backcountry":"no"}},{"type":"Feature","geometry":{"type":"Point","coordinates":[-120.408534,47.484331]},"properties":{"kind":"dump","osm":"node/9156284007"}},{"type":"Feature","geometry":{"type":"Point","coordinates":[-121.166655,47.497777]},"properties":{"kind":"campsite","osm":"node/9159661759","name":"Quick Creek Camp","fee":"no","backcountry":"yes"}},{"type":"Feature","geometry":{"type":"Point","coordinates":[-120.807422,48.110415]},"properties":{"kind":"campsite","osm":"node/9175145861","backcountry":"yes"}},{"type":"Feature","geometry":{"type":"Point","coordinates":[-120.802332,48.100295]},"properties":{"kind":"campsite","osm":"node/9175145862","backcountry":"yes"}},{"type":"Feature","geometry":{"type":"Point","coordinates":[-120.807631,48.084862]},"properties":{"kind":"campsite","osm":"node/9175150429","name":"Carne Basin Camp","backcountry":"yes"}},{"type":"Feature","geometry":{"type":"Point","coordinates":[-120.656916,48.469596]},"properties":{"kind":"campsite","osm":"node/9181549793","name":"Dagger Lake Stock Camp","drinking_water":"no","toilets":"yes","backcountry":"yes"}},{"type":"Feature","geometry":{"type":"Point","coordinates":[-121.749871,46.018765]},"properties":{"kind":"campsite","osm":"node/9212445430","name":"Lake Wapiki Camping Area","backcountry":"yes"}},{"type":"Feature","geometry":{"type":"Point","coordinates":[-123.345762,47.889227]},"properties":{"kind":"campsite","osm":"node/9365043541","name":"Grand Lake Camp","backcountry":"yes"}},{"type":"Feature","geometry":{"type":"Point","coordinates":[-123.351361,47.883213]},"properties":{"kind":"campsite","osm":"node/9365043577","name":"Moose Lake Primitive Camping","backcountry":"yes"}},{"type":"Feature","geometry":{"type":"Point","coordinates":[-123.242325,47.915891]},"properties":{"kind":"campsite","osm":"node/9366808759","name":"Graywolf Primitive Camping","backcountry":"yes"}},{"type":"Feature","geometry":{"type":"Point","coordinates":[-123.249401,47.881419]},"properties":{"kind":"campsite","osm":"node/9366808760","name":"Camp Ellis Primitive Camping","backcountry":"yes"}},{"type":"Feature","geometry":{"type":"Point","coordinates":[-123.278652,47.856341]},"properties":{"kind":"campsite","osm":"node/9366808761","name":"Falls Camp Primitive Camping","backcountry":"yes"}},{"type":"Feature","geometry":{"type":"Point","coordinates":[-123.213102,47.830518]},"properties":{"kind":"campsite","osm":"node/9369376459","name":"Royal Lake","backcountry":"yes"}},{"type":"Feature","geometry":{"type":"Point","coordinates":[-119.051156,48.852913]},"properties":{"kind":"campsite","osm":"node/9384516118","name":"Lost Lake Campground"}},{"type":"Feature","geometry":{"type":"Point","coordinates":[-119.954387,48.70054]},"properties":{"kind":"campsite","osm":"node/9384678312","name":"Tiffany Springs Campground","fee":"no","operator":"US Forest Service","website":"https://www.fs.usda.gov/recarea/colville/recarea/?recid=83256","capacity":"6"}},{"type":"Feature","geometry":{"type":"Point","coordinates":[-119.842185,48.65857]},"properties":{"kind":"campsite","osm":"node/9384678419","name":"Salmon Meadows Lower Campground","website":"https://www.fs.usda.gov/recarea/colville/recarea/?recid=83254"}},{"type":"Feature","geometry":{"type":"Point","coordinates":[-122.670973,45.522272]},"properties":{"kind":"water","osm":"node/9402424150"}},{"type":"Feature","geometry":{"type":"Point","coordinates":[-124.08977,47.884277]},"properties":{"kind":"campsite","osm":"node/9426963974","name":"Flapjack","backcountry":"yes"}},{"type":"Feature","geometry":{"type":"Point","coordinates":[-124.023334,47.901684]},"properties":{"kind":"campsite","osm":"node/9426963989","name":"Fifteenmile","backcountry":"yes"}},{"type":"Feature","geometry":{"type":"Point","coordinates":[-123.968662,47.923936]},"properties":{"kind":"campsite","osm":"node/9426963990","name":"Hyak","backcountry":"yes"}},{"type":"Feature","geometry":{"type":"Point","coordinates":[-123.983009,47.992245]},"properties":{"kind":"campsite","osm":"node/9440481607","name":"Backcountry Camping","backcountry":"yes"}},{"type":"Feature","geometry":{"type":"Point","coordinates":[-123.664591,47.890988]},"properties":{"kind":"campsite","osm":"node/9469530574","name":"Boston Charlie's Camp","backcountry":"yes"}},{"type":"Feature","geometry":{"type":"Point","coordinates":[-123.641263,47.882274]},"properties":{"kind":"campsite","osm":"node/9470690746","name":"Eleven Bull Basin","backcountry":"yes"}},{"type":"Feature","geometry":{"type":"Point","coordinates":[-123.686117,48.008726]},"properties":{"kind":"campsite","osm":"node/9484563357","name":"Happy Lake","backcountry":"yes"}},{"type":"Feature","geometry":{"type":"Point","coordinates":[-120.328397,47.460365]},"properties":{"kind":"dump","osm":"node/9520109231","fee":"yes","access":"customers","operator":"Washington State Park"}},{"type":"Feature","geometry":{"type":"Point","coordinates":[-123.136188,47.878227]},"properties":{"kind":"campsite","osm":"node/9654535988","name":"Lower Dungeness Trail Campsite","access":"yes","drinking_water":"no","reservation":"no","backcountry":"yes"}},{"type":"Feature","geometry":{"type":"Point","coordinates":[-124.04669,48.463287]},"properties":{"kind":"campsite","osm":"node/9673857917","name":"Tansky","website":"https://www.sitesandtrailsbc.ca/resource/REC160879"}},{"type":"Feature","geometry":{"type":"Point","coordinates":[-119.85588,47.160942]},"properties":{"kind":"dump","osm":"node/9680580235"}},{"type":"Feature","geometry":{"type":"Point","coordinates":[-120.412706,48.958729]},"properties":{"kind":"campsite","osm":"node/9720221209","name":"Quartz Lake Campground","backcountry":"yes"}},{"type":"Feature","geometry":{"type":"Point","coordinates":[-124.539376,47.836297]},"properties":{"kind":"campsite","osm":"node/9721737662","name":"Toleak Point Camping Area","access":"yes","operator":"National Park Service","toilets":"no","backcountry":"yes"}},{"type":"Feature","geometry":{"type":"Point","coordinates":[-124.550001,47.846184]},"properties":{"kind":"campsite","osm":"node/9721737664","name":"Strawberry Point Camping Area","access":"yes","operator":"National Park Service","toilets":"no","backcountry":"yes"}},{"type":"Feature","geometry":{"type":"Point","coordinates":[-124.539,47.839051]},"properties":{"kind":"campsite","osm":"node/9721737665","name":"Toleak Point Camping Area","access":"yes","operator":"National Park Service","toilets":"no","backcountry":"yes"}},{"type":"Feature","geometry":{"type":"Point","coordinates":[-123.311043,48.784239]},"properties":{"kind":"campsite","osm":"node/9733456580","name":"Shingle Bay Campground (BCMT)","fee":"yes","access":"yes","operator":"Parks Canada","website":"https://www.bcmarinetrails.org/map_site/11925","desc":"Large gravel tent pads, picnic tables, mostly in shaded orchard, vault toilet, kiosk, food lockers. No potable water. Hammock opportunities but may not use fruit trees, oaks or arbutus trees. Limit 5 persons per site, 2 tents/site.","backcountry":"yes"}},{"type":"Feature","geometry":{"type":"Point","coordinates":[-122.459726,47.497094]},"properties":{"kind":"campsite","osm":"node/9752616613","name":"Cascadia Marine Trail Campsite - Wingehaven","fee":"no","website":"https://www.wwta.org/sites/wingehaven/","desc":"Primitive camping available for those arriving via human powered boat.","drinking_water":"no","toilets":"yes","reservation":"no"}},{"type":"Feature","geometry":{"type":"Point","coordinates":[-124.677721,48.679902]},"properties":{"kind":"campsite","osm":"node/9771188369","name":"Grunt's Grove","fee":"yes","website":"https://bcparks.ca/carmanah-walbran-park/"}},{"type":"Feature","geometry":{"type":"Point","coordinates":[-120.370549,45.538046]},"properties":{"kind":"campsite","osm":"node/9776317314","operator":"Bureau of Land Management","backcountry":"yes"}},{"type":"Feature","geometry":{"type":"Point","coordinates":[-120.362973,45.513716]},"properties":{"kind":"campsite","osm":"node/9776362144","operator":"Bureau of Land Management","backcountry":"yes"}},{"type":"Feature","geometry":{"type":"Point","coordinates":[-120.364189,45.513731]},"properties":{"kind":"campsite","osm":"node/9776362147","operator":"Bureau of Land Management","backcountry":"yes"}},{"type":"Feature","geometry":{"type":"Point","coordinates":[-120.361082,45.512527]},"properties":{"kind":"campsite","osm":"node/9776362173","operator":"Bureau of Land Management","backcountry":"yes"}},{"type":"Feature","geometry":{"type":"Point","coordinates":[-122.949148,48.711342]},"properties":{"kind":"campsite","osm":"node/9788678839","name":"Cascadia Marine Trail Campsite - Point Doughty","fee":"no","access":"yes","website":"https://www.wwta.org/sites/point-doughty/","desc":"Small beach on the S side of the point. Gravel and pebbles at high tide. Rocks at low tide. Significant rips. Stairs to 5 upland sites within a Natural Area Preserve closed to the public. Views. Wildlife. Sunsets. No water.","drinking_water":"no","toilets":"yes","reservation":"no","backcountry":"yes"}},{"type":"Feature","geometry":{"type":"Point","coordinates":[-122.935575,48.564751]},"properties":{"kind":"campsite","osm":"node/9789393725","name":"Cascadia Marine Trail Campsite -  Shaw County Park","fee":"yes","website":"https://www.wwta.org/sites/shaw-island/","desc":"This site is reserved for those arriving by human-powered, beachable watercraft only. Shared site.","drinking_water":"yes","toilets":"yes","reservation":"no"}},{"type":"Feature","geometry":{"type":"Point","coordinates":[-123.167837,48.618381]},"properties":{"kind":"campsite","osm":"node/9789412042","name":"Cascadia Marine Trail - Posey Island","fee":"no","website":"https://parks.wa.gov/find-parks/state-parks/posey-island-state-park","desc":"No water. Whole island is CMT campsite (human / wind powered only), but also a popular stop for lunch with tour groups. The two designated Cascadia Marine Trail campsites are close together, near toilet.","capacity":"2","toilets":"yes","reservation":"required","backcountry":"yes"}},{"type":"Feature","geometry":{"type":"Point","coordinates":[-122.937625,48.585263]},"properties":{"kind":"campsite","osm":"node/9789414317","name":"Cascadia Marine Trail Campsite - Blind Island","fee":"yes","operator":"Washington State Parks","website":"https://www.wwta.org/sites/blind-island-sp/","desc":"$12/night. No water. Be careful not to disturb nesting birds. Notice cherry, apple and filbert trees from old homestead. Very exposed to wind.","capacity":"4","drinking_water":"no","toilets":"yes","reservation":"no","backcountry":"yes"}},{"type":"Feature","geometry":{"type":"Point","coordinates":[-123.204565,48.67648]},"properties":{"kind":"campsite","osm":"node/9789424182","name":"Cascadia Marine Trail Campsite - Stuart Island","fee":"yes","website":"https://www.wwta.org/sites/stuart-island-sp/","desc":"Water available May 15-Sept. 4. Excellent clamming for littlenecks and butter clams on the gravel beach. 5 CMT sites; 14 total camp sites. Time your arrival and departure to the tides to avoid a long haul to the campsite.","drinking_water":"yes","toilets":"yes","reservation":"no"}},{"type":"Feature","geometry":{"type":"Point","coordinates":[-122.042705,45.792868]},"properties":{"kind":"campsite","osm":"node/9802589393","name":"Mowich Camp","fee":"no","access":"yes","operator":"USFS","backcountry":"yes"}},{"type":"Feature","geometry":{"type":"Point","coordinates":[-121.854183,45.571003]},"properties":{"kind":"campsite","osm":"node/9809868917","backcountry":"yes"}},{"type":"Feature","geometry":{"type":"Point","coordinates":[-121.848601,45.571441]},"properties":{"kind":"campsite","osm":"node/9809868918","backcountry":"yes"}},{"type":"Feature","geometry":{"type":"Point","coordinates":[-121.824472,45.571435]},"properties":{"kind":"campsite","osm":"node/9809868919","name":"Upper Eagle Creek Camp","backcountry":"yes"}},{"type":"Feature","geometry":{"type":"Point","coordinates":[-121.825002,45.572119]},"properties":{"kind":"campsite","osm":"node/9809868920","backcountry":"yes"}},{"type":"Feature","geometry":{"type":"Point","coordinates":[-121.812855,45.568453]},"properties":{"kind":"campsite","osm":"node/9809868948","backcountry":"yes"}},{"type":"Feature","geometry":{"type":"Point","coordinates":[-122.156535,45.787202]},"properties":{"kind":"campsite","osm":"node/9809869163","name":"Doughgob Camp","fee":"no","access":"yes","operator":"USFS","backcountry":"yes"}},{"type":"Feature","geometry":{"type":"Point","coordinates":[-119.594966,48.844911]},"properties":{"kind":"campsite","osm":"node/9813459695","fee":"no","access":"yes","operator":"Bureau of Land Management","backcountry":"yes"}},{"type":"Feature","geometry":{"type":"Point","coordinates":[-123.908985,46.014146]},"properties":{"kind":"rv_park","osm":"node/9835112524","name":"Four Winds Mobile Estates"}},{"type":"Feature","geometry":{"type":"Point","coordinates":[-122.083237,45.567133]},"properties":{"kind":"campsite","osm":"node/9843228117"}},{"type":"Feature","geometry":{"type":"Point","coordinates":[-121.812602,48.740856]},"properties":{"kind":"campsite","osm":"node/9854763937","desc":"At edge of glacier. Views to the south and east. Relatively exposed.","backcountry":"yes"}},{"type":"Feature","geometry":{"type":"Point","coordinates":[-121.441437,46.953552]},"properties":{"kind":"campsite","osm":"node/9871061309","name":"Basin Lake","access":"yes","operator":"USFS","toilets":"no","backcountry":"yes"}},{"type":"Feature","geometry":{"type":"Point","coordinates":[-122.787511,48.632614]},"properties":{"kind":"campsite","osm":"node/9874647027","name":"Doe Island Campground","access":"yes","website":"https://parks.wa.gov/find-parks/state-parks/doe-island-marine-state-park","desc":"No drinking water."}},{"type":"Feature","geometry":{"type":"Point","coordinates":[-122.893816,48.556382]},"properties":{"kind":"campsite","osm":"node/9875612105","name":"Cascadia Marine Trail Campsite - Odlin County Park","fee":"yes","website":"https://www.wwta.org/sites/odlin-co-park/","desc":"Water is on seasonally. April 1st \u2013 October 31st.","drinking_water":"yes","toilets":"yes","reservation":"no"}},{"type":"Feature","geometry":{"type":"Point","coordinates":[-122.974204,48.532479]},"properties":{"kind":"campsite","osm":"node/9888646599","name":"Turn Island Campground","fee":"yes","operator":"Washington State Parks","website":"https://www.parks.wa.gov/295/Turn-Island","desc":"12 primitive campsites, no drinking water. No pets or fires. Good landing on gravel beach in NW cove.","drinking_water":"no","toilets":"yes","backcountry":"yes"}},{"type":"Feature","geometry":{"type":"Point","coordinates":[-119.787229,48.610058]},"properties":{"kind":"campsite","osm":"node/9896421885","name":"Kerr Campground","fee":"yes","website":"https://www.fs.usda.gov/recarea/colville/recarea/?recid=83250","capacity":"12","drinking_water":"no"}},{"type":"Feature","geometry":{"type":"Point","coordinates":[-124.604806,47.9172]},"properties":{"kind":"dump","osm":"node/9897609022","fee":"yes"}},{"type":"Feature","geometry":{"type":"Point","coordinates":[-118.325079,47.905652]},"properties":{"kind":"campsite","osm":"node/9902415293","name":"Two Rivers Resort","access":"customers"}},{"type":"Feature","geometry":{"type":"Point","coordinates":[-119.85742,48.662179]},"properties":{"kind":"campsite","osm":"node/9908145321","name":"Campground","fee":"no","capacity":"3","drinking_water":"no"}},{"type":"Feature","geometry":{"type":"Point","coordinates":[-119.938081,48.718588]},"properties":{"kind":"campsite","osm":"node/9908145332","fee":"no","drinking_water":"no"}},{"type":"Feature","geometry":{"type":"Point","coordinates":[-119.840123,48.658853]},"properties":{"kind":"campsite","osm":"node/9908145615","name":"Salmon Meadows Upper Campground","website":"https://www.fs.usda.gov/recarea/colville/recarea/?recid=83254"}},{"type":"Feature","geometry":{"type":"Point","coordinates":[-121.288854,48.058482]},"properties":{"kind":"campsite","osm":"node/9919709820"}},{"type":"Feature","geometry":{"type":"Point","coordinates":[-120.783659,48.132389]},"properties":{"kind":"campsite","osm":"node/9930878179","name":"Ice Lakes Camping Area","fee":"no","toilets":"no","backcountry":"yes"}},{"type":"Feature","geometry":{"type":"Point","coordinates":[-121.256597,47.630918]},"properties":{"kind":"campsite","osm":"node/9945544687","backcountry":"yes"}},{"type":"Feature","geometry":{"type":"Point","coordinates":[-121.260581,47.602353]},"properties":{"kind":"campsite","osm":"node/9945544688","backcountry":"yes"}},{"type":"Feature","geometry":{"type":"Point","coordinates":[-121.249376,47.571528]},"properties":{"kind":"campsite","osm":"node/9945544690","backcountry":"yes"}},{"type":"Feature","geometry":{"type":"Point","coordinates":[-121.107891,47.218158]},"properties":{"kind":"campsite","osm":"node/9950812242","name":"Grotto","access":"private"}},{"type":"Feature","geometry":{"type":"Point","coordinates":[-121.314493,47.562851]},"properties":{"kind":"campsite","osm":"node/9955622566","drinking_water":"no","backcountry":"yes"}},{"type":"Feature","geometry":{"type":"Point","coordinates":[-121.264835,47.559771]},"properties":{"kind":"campsite","osm":"node/9955651893","backcountry":"yes"}},{"type":"Feature","geometry":{"type":"Point","coordinates":[-121.290151,47.44105]},"properties":{"kind":"campsite","osm":"node/9955823603","backcountry":"yes"}},{"type":"Feature","geometry":{"type":"Point","coordinates":[-123.275171,47.50763]},"properties":{"kind":"campsite","osm":"node/9958153603","name":"Horse Camp","operator":"US Forest Service","backcountry":"yes"}},{"type":"Feature","geometry":{"type":"Point","coordinates":[-124.717079,48.595241]},"properties":{"kind":"campsite","osm":"node/9961931217","name":"Bonilla Creek","fee":"yes","website":"https://parks.canada.ca/pn-np/bc/pacificrim/activ/camping","desc":"A nice campsite with bear boxes, and an outhouse.","backcountry":"yes"}},{"type":"Feature","geometry":{"type":"Point","coordinates":[-121.48822,46.856453]},"properties":{"kind":"campsite","osm":"node/9966969623","name":"Dewey Lake Camp","access":"yes","backcountry":"yes"}},{"type":"Feature","geometry":{"type":"Point","coordinates":[-121.446472,49.000085]},"properties":{"kind":"campsite","osm":"node/9980709955","fee":"no","access":"yes","desc":"Abandoned forestry campsite. Log shelter may or may not still exist (last checked 2013)","drinking_water":"no","toilets":"no","reservation":"no","backcountry":"yes"}},{"type":"Feature","geometry":{"type":"Point","coordinates":[-121.583051,47.631993]},"properties":{"kind":"campsite","osm":"node/10003066150","name":"Sunday Creek Camping Area","backcountry":"yes"}},{"type":"Feature","geometry":{"type":"Point","coordinates":[-121.582357,47.626708]},"properties":{"kind":"campsite","osm":"node/10003066151","name":"Sunday Lake Camping Area","backcountry":"yes"}},{"type":"Feature","geometry":{"type":"Point","coordinates":[-124.292394,47.779598]},"properties":{"kind":"campsite","osm":"node/10007979888","name":"Cottonwood Campground","fee":"no","access":"yes","operator":"Washington State Department of National Resources","website":"https://www.dnr.wa.gov/OlympicPeninsula","toilets":"yes"}},{"type":"Feature","geometry":{"type":"Point","coordinates":[-124.552536,47.915399]},"properties":{"kind":"campsite","osm":"node/10008054507","name":"Prior Homestead Campground","fee":"yes"}},{"type":"Feature","geometry":{"type":"Point","coordinates":[-122.159001,46.403826]},"properties":{"kind":"campsite","osm":"node/10032563918","backcountry":"yes"}},{"type":"Feature","geometry":{"type":"Point","coordinates":[-122.155072,46.374076]},"properties":{"kind":"campsite","osm":"node/10032563919","backcountry":"yes"}},{"type":"Feature","geometry":{"type":"Point","coordinates":[-122.156079,46.374311]},"properties":{"kind":"campsite","osm":"node/10032563920","backcountry":"yes"}},{"type":"Feature","geometry":{"type":"Point","coordinates":[-122.161225,46.403952]},"properties":{"kind":"campsite","osm":"node/10032563921","backcountry":"yes"}},{"type":"Feature","geometry":{"type":"Point","coordinates":[-122.16084,46.403957]},"properties":{"kind":"campsite","osm":"node/10032563922","backcountry":"yes"}},{"type":"Feature","geometry":{"type":"Point","coordinates":[-122.160085,46.403991]},"properties":{"kind":"campsite","osm":"node/10032563923","backcountry":"yes"}},{"type":"Feature","geometry":{"type":"Point","coordinates":[-122.139877,46.362783]},"properties":{"kind":"campsite","osm":"node/10032563924","backcountry":"yes"}},{"type":"Feature","geometry":{"type":"Point","coordinates":[-120.261046,47.992466]},"properties":{"kind":"dump","osm":"node/10034230474"}},{"type":"Feature","geometry":{"type":"Point","coordinates":[-122.12864,46.376926]},"properties":{"kind":"campsite","osm":"node/10035203247","backcountry":"yes"}},{"type":"Feature","geometry":{"type":"Point","coordinates":[-122.133049,46.377964]},"properties":{"kind":"campsite","osm":"node/10035203248","backcountry":"yes"}},{"type":"Feature","geometry":{"type":"Point","coordinates":[-122.322479,47.375714]},"properties":{"kind":"dump","osm":"node/10035303817"}},{"type":"Feature","geometry":{"type":"Point","coordinates":[-117.518157,47.734734]},"properties":{"kind":"water","osm":"node/10052400847"}},{"type":"Feature","geometry":{"type":"Point","coordinates":[-121.387913,48.097443]},"properties":{"kind":"campsite","osm":"node/10057461268","name":"Bedal Campground","operator":"United States Forest Service","website":"https://www.fs.usda.gov/recarea/mbs/recreation/camping-cabins/recarea/?recid=17826&actid=29"}},{"type":"Feature","geometry":{"type":"Point","coordinates":[-121.558308,46.169234]},"properties":{"kind":"campsite","osm":"node/10059715847","backcountry":"yes"}},{"type":"Feature","geometry":{"type":"Point","coordinates":[-123.750048,47.932062]},"properties":{"kind":"campsite","osm":"node/10059846112","name":"Appleton Pass JCT Campsite","fee":"no","access":"yes","operator":"Olympic National Park","drinking_water":"no","reservation":"no","backcountry":"yes"}},{"type":"Feature","geometry":{"type":"Point","coordinates":[-123.748658,47.931991]},"properties":{"kind":"campsite","osm":"node/10059846113","name":"Rocky Creek Campsite","fee":"no","access":"yes","operator":"Olympic National Park","drinking_water":"no","reservation":"no","backcountry":"yes"}},{"type":"Feature","geometry":{"type":"Point","coordinates":[-123.738488,47.930423]},"properties":{"kind":"campsite","osm":"node/10059846114","name":"Sol Duc Crossing Campsite","access":"yes","operator":"Olympic National Park","drinking_water":"no","toilets":"no","backcountry":"yes"}},{"type":"Feature","geometry":{"type":"Point","coordinates":[-123.734696,47.924401]},"properties":{"kind":"campsite","osm":"node/10059846115","name":"Lower Bridge Creek Campsites","fee":"no","drinking_water":"no","reservation":"no","backcountry":"yes"}},{"type":"Feature","geometry":{"type":"Point","coordinates":[-120.476128,48.268337]},"properties":{"kind":"campsite","osm":"node/10076000439","name":"Trail Camp","backcountry":"yes"}},{"type":"Feature","geometry":{"type":"Point","coordinates":[-120.451806,48.300886]},"properties":{"kind":"campsite","osm":"node/10076024606","name":"Silver Lake","backcountry":"yes"}},{"type":"Feature","geometry":{"type":"Point","coordinates":[-120.48221,48.291513]},"properties":{"kind":"campsite","osm":"node/10076024607","backcountry":"yes"}},{"type":"Feature","geometry":{"type":"Point","coordinates":[-120.541789,48.659743]},"properties":{"kind":"campsite","osm":"node/10086029869"}},{"type":"Feature","geometry":{"type":"Point","coordinates":[-121.25194,47.360394]},"properties":{"kind":"campsite","osm":"node/10088197517","name":"Dispersed Camping"}},{"type":"Feature","geometry":{"type":"Point","coordinates":[-121.261697,47.381469]},"properties":{"kind":"campsite","osm":"node/10088198017","name":"Dispersed Camping"}},{"type":"Feature","geometry":{"type":"Point","coordinates":[-121.277173,47.394407]},"properties":{"kind":"campsite","osm":"node/10088198417","name":"Dispersed Camping"}},{"type":"Feature","geometry":{"type":"Point","coordinates":[-120.335156,48.814097]},"properties":{"kind":"campsite","osm":"node/10103173127","backcountry":"yes"}},{"type":"Feature","geometry":{"type":"Point","coordinates":[-120.33615,48.820206]},"properties":{"kind":"campsite","osm":"node/10103173135","name":"2 tents","backcountry":"yes"}},{"type":"Feature","geometry":{"type":"Point","coordinates":[-120.343946,48.826879]},"properties":{"kind":"campsite","osm":"node/10103173141","name":"1 tent","backcountry":"yes"}},{"type":"Feature","geometry":{"type":"Point","coordinates":[-120.356759,48.843477]},"properties":{"kind":"campsite","osm":"node/10103173147","name":"1-2 tents","backcountry":"yes"}},{"type":"Feature","geometry":{"type":"Point","coordinates":[-120.355227,48.849925]},"properties":{"kind":"campsite","osm":"node/10103173148","name":"2 tents","backcountry":"yes"}},{"type":"Feature","geometry":{"type":"Point","coordinates":[-120.353133,48.890006]},"properties":{"kind":"campsite","osm":"node/10103173171","name":"2 tents","backcountry":"yes"}},{"type":"Feature","geometry":{"type":"Point","coordinates":[-120.369974,48.931492]},"properties":{"kind":"campsite","osm":"node/10103173190","backcountry":"yes"}},{"type":"Feature","geometry":{"type":"Point","coordinates":[-120.3828,48.952664]},"properties":{"kind":"campsite","osm":"node/10103173619","name":"1 tent","backcountry":"yes"}},{"type":"Feature","geometry":{"type":"Point","coordinates":[-121.312124,48.121336]},"properties":{"kind":"campsite","osm":"node/10112965982","name":"Round Lake Camping Area","fee":"no","access":"yes","operator":"Mt. Baker-Snoqualmie National Forest","toilets":"yes","reservation":"no","backcountry":"yes"}},{"type":"Feature","geometry":{"type":"Point","coordinates":[-121.063487,48.494755]},"properties":{"kind":"campsite","osm":"node/10155858899","name":"Boston Basin Low Camp","access":"permit","operator":"North Cascades National Park","toilets":"yes","backcountry":"yes"}},{"type":"Feature","geometry":{"type":"Point","coordinates":[-121.062561,48.501315]},"properties":{"kind":"campsite","osm":"node/10155858900","name":"Boston Basin High Camp","access":"permit","operator":"North Cascades National Park","toilets":"yes","backcountry":"yes"}},{"type":"Feature","geometry":{"type":"Point","coordinates":[-121.624022,46.772034]},"properties":{"kind":"campsite","osm":"node/10156062926","name":"Nickel Creek","backcountry":"yes"}},{"type":"Feature","geometry":{"type":"Point","coordinates":[-120.80789,46.903288]},"properties":{"kind":"campsite","osm":"node/10164032458","name":"Cascade Camp","toilets":"yes","backcountry":"no"}},{"type":"Feature","geometry":{"type":"Point","coordinates":[-118.395081,48.864802]},"properties":{"kind":"campsite","osm":"node/10240940314","name":"Deer Creek Campground","operator":"Forest Service"}},{"type":"Feature","geometry":{"type":"Point","coordinates":[-122.519585,47.626035]},"properties":{"kind":"water","osm":"node/10580958121"}},{"type":"Feature","geometry":{"type":"Point","coordinates":[-120.78173,47.610424]},"properties":{"kind":"campsite","osm":"node/10694410912","backcountry":"yes"}},{"type":"Feature","geometry":{"type":"Point","coordinates":[-124.587078,47.878264]},"properties":{"kind":"campsite","osm":"node/10721848356","name":"Third Beach Camping Area","access":"yes","operator":"National Park Service","toilets":"no","backcountry":"yes"}},{"type":"Feature","geometry":{"type":"Point","coordinates":[-124.626497,47.890904]},"properties":{"kind":"campsite","osm":"node/10721848357","name":"Second Beach Camping Area","access":"yes","operator":"National Park Service","toilets":"no","backcountry":"yes"}},{"type":"Feature","geometry":{"type":"Point","coordinates":[-123.907699,48.133899]},"properties":{"kind":"campsite","osm":"node/10721972637","name":"Sadie Creek Campground","fee":"no","access":"yes","operator":"Washington State Department of Natural Resources","website":"https://www.dnr.wa.gov/OlympicPeninsula","backcountry":"no"}},{"type":"Feature","geometry":{"type":"Point","coordinates":[-123.995378,47.806581]},"properties":{"kind":"campsite","osm":"node/10722051231","name":"South Fork Hoh Campground","access":"yes","operator":"Washington State Department of Natural Resources","website":"https://www.dnr.wa.gov/OlympicPeninsula","reservation":"no","backcountry":"no"}},{"type":"Feature","geometry":{"type":"Point","coordinates":[-124.118061,47.678827]},"properties":{"kind":"campsite","osm":"node/10722066666","name":"Upper Clearwater Campground","access":"yes","operator":"Washington State Department of Natural Resources","website":"https://www.dnr.wa.gov/OlympicPeninsula","reservation":"no","backcountry":"no"}},{"type":"Feature","geometry":{"type":"Point","coordinates":[-124.68436,48.25543]},"properties":{"kind":"campsite","osm":"node/10731324888","name":"Shi Shi Beach Camping","fee":"yes","access":"yes","operator":"National Park Service","website":"https://www.nps.gov/olym/planyourvisit/shi-shi-beach-olympic-wilderness.htm","drinking_water":"no","toilets":"yes","reservation":"no","backcountry":"yes"}},{"type":"Feature","geometry":{"type":"Point","coordinates":[-119.248119,46.262101]},"properties":{"kind":"dump","osm":"node/10734994123"}},{"type":"Feature","geometry":{"type":"Point","coordinates":[-120.492607,48.016306]},"properties":{"kind":"campsite","osm":"node/10738665592","name":"Big Hill Campsite","website":"https://www.fs.usda.gov/r06/okanogan-wenatchee/recreation/big-hill-campsite","toilets":"yes","backcountry":"yes"}},{"type":"Feature","geometry":{"type":"Point","coordinates":[-121.414104,47.57241]},"properties":{"kind":"campsite","osm":"node/10754689353","name":"Snoqualmie Lake Camping Area","drinking_water":"no","backcountry":"yes"}},{"type":"Feature","geometry":{"type":"Point","coordinates":[-120.739538,47.816093]},"properties":{"kind":"campsite","osm":"node/10765147743","name":"Lake Wenatchee YMCA Camp","access":"private"}},{"type":"Feature","geometry":{"type":"Point","coordinates":[-121.558587,48.410291]},"properties":{"kind":"campsite","osm":"node/10786390507","name":"Sauk Park Campground","website":"https://www.skagitcounty.net/Departments/ParksAndRecreation/parks/sauk.htm","reservation":"no"}},{"type":"Feature","geometry":{"type":"Point","coordinates":[-121.220613,46.015927]},"properties":{"kind":"campsite","osm":"node/10876278465","name":"Mill Pond Campground","operator":"Mt. Adams Resource Stewards"}},{"type":"Feature","geometry":{"type":"Point","coordinates":[-120.446817,48.222392]},"properties":{"kind":"campsite","osm":"node/10879943096","name":"Surprise Lake Camp","operator":"Okanogan-Wenatchee National Forest","backcountry":"yes"}},{"type":"Feature","geometry":{"type":"Point","coordinates":[-120.458287,48.224921]},"properties":{"kind":"campsite","osm":"node/10879943097","operator":"Okanogan-Wenatchee National Forest","backcountry":"yes"}},{"type":"Feature","geometry":{"type":"Point","coordinates":[-123.19268,45.740683]},"properties":{"kind":"campsite","osm":"node/10905953066","desc":"Tent loop, walk in sites. Wheelbarrow available to borrow"}},{"type":"Feature","geometry":{"type":"Point","coordinates":[-121.123342,47.658807]},"properties":{"kind":"campsite","osm":"node/10917668294","name":"Thunder Mountain Lake Camping Area","fee":"no","toilets":"no","backcountry":"yes"}},{"type":"Feature","geometry":{"type":"Point","coordinates":[-123.952422,48.163989]},"properties":{"kind":"campsite","osm":"node/10940084662","name":"West Twin Campground"}},{"type":"Feature","geometry":{"type":"Point","coordinates":[-123.04625,48.612635]},"properties":{"kind":"campsite","osm":"node/10944782075","name":"Jones Island South Camp","website":"https://www.parks.wa.gov/525/Jones-Island","desc":"Water May - September.","drinking_water":"yes"}},{"type":"Feature","geometry":{"type":"Point","coordinates":[-122.494748,48.569806]},"properties":{"kind":"campsite","osm":"node/10951286156","name":"Samish Island Campground & Retreat Center","operator":"Community of Christ"}},{"type":"Feature","geometry":{"type":"Point","coordinates":[-123.859161,47.967672]},"properties":{"kind":"dump","osm":"node/10955826848"}},{"type":"Feature","geometry":{"type":"Point","coordinates":[-121.606282,46.103017]},"properties":{"kind":"campsite","osm":"node/10960940893"}},{"type":"Feature","geometry":{"type":"Point","coordinates":[-117.543722,46.23053]},"properties":{"kind":"campsite","osm":"node/10967385243","name":"Big Springs Campground","fee":"no","website":"https://www.fs.usda.gov/recarea/umatilla/recarea/?recid=56685","drinking_water":"no"}},{"type":"Feature","geometry":{"type":"Point","coordinates":[-117.572535,46.190036]},"properties":{"kind":"campsite","osm":"node/10967385252","name":"Teal Spring Campground","fee":"no","website":"https://www.fs.usda.gov/recarea/umatilla/recarea/?recid=56857","drinking_water":"no"}},{"type":"Feature","geometry":{"type":"Point","coordinates":[-121.510003,47.593533]},"properties":{"kind":"campsite","osm":"node/10972185032","name":"Marten Lake Camping Area","toilets":"yes","backcountry":"yes"}},{"type":"Feature","geometry":{"type":"Point","coordinates":[-122.270588,46.06119]},"properties":{"kind":"water","osm":"node/10980000758","drinking_water":"yes"}},{"type":"Feature","geometry":{"type":"Point","coordinates":[-122.268994,46.061944]},"properties":{"kind":"water","osm":"node/10980000760","drinking_water":"yes"}},{"type":"Feature","geometry":{"type":"Point","coordinates":[-122.270139,46.060926]},"properties":{"kind":"water","osm":"node/10980000762","drinking_water":"yes"}},{"type":"Feature","geometry":{"type":"Point","coordinates":[-122.270916,46.060931]},"properties":{"kind":"water","osm":"node/10980000770","drinking_water":"yes"}},{"type":"Feature","geometry":{"type":"Point","coordinates":[-122.271276,46.060533]},"properties":{"kind":"water","osm":"node/10980000778","drinking_water":"yes"}},{"type":"Feature","geometry":{"type":"Point","coordinates":[-122.269221,46.060944]},"properties":{"kind":"water","osm":"node/10981100491","drinking_water":"yes"}},{"type":"Feature","geometry":{"type":"Point","coordinates":[-122.268152,46.06092]},"properties":{"kind":"water","osm":"node/10981100503","drinking_water":"yes"}},{"type":"Feature","geometry":{"type":"Point","coordinates":[-122.268617,46.061212]},"properties":{"kind":"water","osm":"node/10981142407","drinking_water":"yes"}},{"type":"Feature","geometry":{"type":"Point","coordinates":[-123.914575,48.069393]},"properties":{"kind":"water","osm":"node/10984597545","drinking_water":"yes"}},{"type":"Feature","geometry":{"type":"Point","coordinates":[-123.914545,48.069825]},"properties":{"kind":"water","osm":"node/10984597567","drinking_water":"yes"}},{"type":"Feature","geometry":{"type":"Point","coordinates":[-123.9149,48.069281]},"properties":{"kind":"water","osm":"node/10984597568","drinking_water":"yes"}},{"type":"Feature","geometry":{"type":"Point","coordinates":[-124.250795,48.470897]},"properties":{"kind":"campsite","osm":"node/11009607452"}},{"type":"Feature","geometry":{"type":"Point","coordinates":[-124.072245,46.286964]},"properties":{"kind":"dump","osm":"node/11011271853"}},{"type":"Feature","geometry":{"type":"Point","coordinates":[-121.840289,48.739455]},"properties":{"kind":"campsite","osm":"node/11017359935","name":"Sandy Camp","backcountry":"yes"}},{"type":"Feature","geometry":{"type":"Point","coordinates":[-122.884698,47.284451]},"properties":{"kind":"campsite","osm":"node/11023478861","name":"Cascadia Marine Trail Campsite - Jarrell Cove","fee":"yes","website":"https://www.wwta.org/sites/jarrell-cove-sp/","drinking_water":"yes","toilets":"yes","reservation":"no"}},{"type":"Feature","geometry":{"type":"Point","coordinates":[-118.439841,48.663379]},"properties":{"kind":"campsite","osm":"node/11027146616","name":"Wapaloosie Campground","fee":"no","access":"yes","operator":"Colville National Forest"}},{"type":"Feature","geometry":{"type":"Point","coordinates":[-118.483167,48.6518]},"properties":{"kind":"campsite","osm":"node/11027146627","backcountry":"yes"}},{"type":"Feature","geometry":{"type":"Point","coordinates":[-118.467922,48.663031]},"properties":{"kind":"campsite","osm":"node/11027146632","backcountry":"yes"}},{"type":"Feature","geometry":{"type":"Point","coordinates":[-117.188883,46.735347]},"properties":{"kind":"dump","osm":"node/11028187759","fee":"no"}},{"type":"Feature","geometry":{"type":"Point","coordinates":[-122.053134,45.59474]},"properties":{"kind":"campsite","osm":"node/11031980356","name":"Hiker/Biker","operator":"Ainsworth State Park"}},{"type":"Feature","geometry":{"type":"Point","coordinates":[-123.963493,46.182642]},"properties":{"kind":"campsite","osm":"node/11032149416","name":"Hiker/Biker","fee":"yes","operator":"Fort Stevens State Park","reservation":"no"}},{"type":"Feature","geometry":{"type":"Point","coordinates":[-123.784924,45.538699]},"properties":{"kind":"campsite","osm":"node/11032149417","name":"Hiker/Biker","fee":"yes","operator":"Kilchis River County Campground"}},{"type":"Feature","geometry":{"type":"Point","coordinates":[-122.263001,46.173971]},"properties":{"kind":"campsite","osm":"node/11043628107","backcountry":"yes"}},{"type":"Feature","geometry":{"type":"Point","coordinates":[-122.262032,46.174458]},"properties":{"kind":"campsite","osm":"node/11043628108","backcountry":"yes"}},{"type":"Feature","geometry":{"type":"Point","coordinates":[-122.260638,46.171138]},"properties":{"kind":"campsite","osm":"node/11043628110","backcountry":"yes"}},{"type":"Feature","geometry":{"type":"Point","coordinates":[-122.227576,46.168271]},"properties":{"kind":"campsite","osm":"node/11043628111","backcountry":"yes"}},{"type":"Feature","geometry":{"type":"Point","coordinates":[-122.218024,46.174809]},"properties":{"kind":"campsite","osm":"node/11043628112","name":"Butte Camp Trail Camping Area","backcountry":"yes"}},{"type":"Feature","geometry":{"type":"Point","coordinates":[-121.539703,46.261401]},"properties":{"kind":"campsite","osm":"node/11043689005","backcountry":"yes"}},{"type":"Feature","geometry":{"type":"Point","coordinates":[-121.586545,46.199554]},"properties":{"kind":"campsite","osm":"node/11043689006","name":"Island","backcountry":"yes"}},{"type":"Feature","geometry":{"type":"Point","coordinates":[-121.592447,46.206285]},"properties":{"kind":"campsite","osm":"node/11043689007","name":"Luna Lake Camping Area","backcountry":"yes"}},{"type":"Feature","geometry":{"type":"Point","coordinates":[-121.490578,46.145942]},"properties":{"kind":"campsite","osm":"node/11043689009","name":"Timberline Camp","backcountry":"yes"}},{"type":"Feature","geometry":{"type":"Point","coordinates":[-122.238216,46.192456]},"properties":{"kind":"campsite","osm":"node/11043878429","name":"Loowit Trail Camping Area","backcountry":"yes"}},{"type":"Feature","geometry":{"type":"Point","coordinates":[-121.075786,46.69169]},"properties":{"kind":"campsite","osm":"node/11057243010","name":"Tieton Pond Campground","fee":"yes","operator":"USFS","website":"https://www.fs.usda.gov/r06/okanogan-wenatchee/recreation/tieton-pond-campground","drinking_water":"no","toilets":"no"}},{"type":"Feature","geometry":{"type":"Point","coordinates":[-124.059033,48.427281]},"properties":{"kind":"campsite","osm":"node/11062733838","name":"The Ledge Campground","fee":"yes","access":"customers","website":"https://theledgecampground.ovh/","drinking_water":"yes"}},{"type":"Feature","geometry":{"type":"Point","coordinates":[-123.087088,47.825901]},"properties":{"kind":"campsite","osm":"node/11074185452","name":"Shelter Rock Camp","fee":"no","operator":"U.S. Forest Service","backcountry":"yes"}},{"type":"Feature","geometry":{"type":"Point","coordinates":[-123.449653,47.460596]},"properties":{"kind":"campsite","osm":"node/11075150295","name":"Church Creek Shelter","operator":"National Forest Service","drinking_water":"no","reservation":"no","backcountry":"yes"}},{"type":"Feature","geometry":{"type":"Point","coordinates":[-123.447224,47.472304]},"properties":{"kind":"campsite","osm":"node/11075150335","name":"Laney Camp","operator":"National Forest Service","drinking_water":"no","reservation":"no","backcountry":"yes"}},{"type":"Feature","geometry":{"type":"Point","coordinates":[-123.449256,47.47583]},"properties":{"kind":"campsite","osm":"node/11075150336","name":"Harps Shelter","operator":"National Forest Service","drinking_water":"no","reservation":"no","backcountry":"yes"}},{"type":"Feature","geometry":{"type":"Point","coordinates":[-123.820837,48.99878]},"properties":{"kind":"dump","osm":"node/11084415217","fee":"yes","access":"customers"}},{"type":"Feature","geometry":{"type":"Point","coordinates":[-121.519447,45.713552]},"properties":{"kind":"dump","osm":"node/11086839331","fee":"no","access":"yes"}},{"type":"Feature","geometry":{"type":"Point","coordinates":[-121.519597,45.713471]},"properties":{"kind":"water","osm":"node/11086839332","name":"Potable water","access":"yes","drinking_water":"yes"}},{"type":"Feature","geometry":{"type":"Point","coordinates":[-121.091032,47.458472]},"properties":{"kind":"campsite","osm":"node/11094299914","name":"Lake Terence Camping Area","backcountry":"yes"}},{"type":"Feature","geometry":{"type":"Point","coordinates":[-121.080255,47.47213]},"properties":{"kind":"campsite","osm":"node/11094299920","name":"Lake Michael Horse Camp","backcountry":"yes"}},{"type":"Feature","geometry":{"type":"Point","coordinates":[-121.109308,47.51288]},"properties":{"kind":"campsite","osm":"node/11100298138","backcountry":"yes"}},{"type":"Feature","geometry":{"type":"Point","coordinates":[-121.0832,47.498554]},"properties":{"kind":"campsite","osm":"node/11100298147","name":"Moonshine Lake Camping Area","backcountry":"yes"}},{"type":"Feature","geometry":{"type":"Point","coordinates":[-121.510596,46.235053]},"properties":{"kind":"campsite","osm":"node/11115469727","backcountry":"yes"}},{"type":"Feature","geometry":{"type":"Point","coordinates":[-123.159809,48.542647]},"properties":{"kind":"campsite","osm":"node/11119842955","name":"San Juan County Park Campground","fee":"yes","access":"yes","operator":"San Juan County","website":"https://www.sanjuancountywa.gov/2184/San-Juan-County-Park-Campground"}},{"type":"Feature","geometry":{"type":"Point","coordinates":[-120.199347,47.873672]},"properties":{"kind":"dump","osm":"node/11139741594","access":"customers"}},{"type":"Feature","geometry":{"type":"Point","coordinates":[-120.954378,48.197618]},"properties":{"kind":"campsite","osm":"node/11141615456","drinking_water":"no","reservation":"no","backcountry":"yes"}},{"type":"Feature","geometry":{"type":"Point","coordinates":[-120.551951,49.015721]},"properties":{"kind":"campsite","osm":"node/11142717815","name":"Pasayten River Trail Campsite","fee":"no","operator":"Recreation Sites and Trails BC","drinking_water":"no","toilets":"yes","reservation":"no","backcountry":"yes"}},{"type":"Feature","geometry":{"type":"Point","coordinates":[-121.870054,46.84751]},"properties":{"kind":"campsite","osm":"node/11155045054","name":"North Puyallup River Camp","access":"permit","operator":"National Park Service","backcountry":"yes"}},{"type":"Feature","geometry":{"type":"Point","coordinates":[-121.708011,46.920581]},"properties":{"kind":"campsite","osm":"node/11155274843","name":"Granite Creek Group Camp","access":"permit"}},{"type":"Feature","geometry":{"type":"Point","coordinates":[-121.582794,47.963904]},"properties":{"kind":"campsite","osm":"node/11159953019","name":"Little Greider Lake Camp","operator":"Washington State Department of Natural Resources","backcountry":"yes"}},{"type":"Feature","geometry":{"type":"Point","coordinates":[-121.583872,47.959299]},"properties":{"kind":"campsite","osm":"node/11159960238","name":"Big Greider Lake Camp","operator":"Washington State Department of Natural Resources","backcountry":"yes"}},{"type":"Feature","geometry":{"type":"Point","coordinates":[-120.192702,49.045051]},"properties":{"kind":"water","osm":"node/11160162943"}},{"type":"Feature","geometry":{"type":"Point","coordinates":[-123.479171,47.430241]},"properties":{"kind":"campsite","osm":"node/11162526990","name":"Pine Lake","operator":"National Forest Service","drinking_water":"no","reservation":"no","backcountry":"yes"}},{"type":"Feature","geometry":{"type":"Point","coordinates":[-123.432275,47.408485]},"properties":{"kind":"campsite","osm":"node/11163097714","name":"Spider Lake","operator":"National Forest Service","drinking_water":"no","reservation":"no","backcountry":"yes"}},{"type":"Feature","geometry":{"type":"Point","coordinates":[-123.493118,47.606386]},"properties":{"kind":"campsite","osm":"node/11170733430","name":"Mouse Camp","operator":"ONP","backcountry":"yes"}},{"type":"Feature","geometry":{"type":"Point","coordinates":[-123.487094,47.6111]},"properties":{"kind":"campsite","osm":"node/11170951736","name":"Camp Penny","operator":"Olympic National Park","drinking_water":"no","reservation":"no","backcountry":"yes"}},{"type":"Feature","geometry":{"type":"Point","coordinates":[-123.448847,47.629706]},"properties":{"kind":"campsite","osm":"node/11170987559","name":"Hat Camp","operator":"Olympic National Park","drinking_water":"no","reservation":"no","backcountry":"yes"}},{"type":"Feature","geometry":{"type":"Point","coordinates":[-121.483666,46.262195]},"properties":{"kind":"campsite","osm":"node/11198729098","backcountry":"yes"}},{"type":"Feature","geometry":{"type":"Point","coordinates":[-121.489544,46.271473]},"properties":{"kind":"campsite","osm":"node/11198736443","name":"Green Timber Camp","backcountry":"yes"}},{"type":"Feature","geometry":{"type":"Point","coordinates":[-121.432788,46.205181]},"properties":{"kind":"campsite","osm":"node/11200545688","name":"Avalanche Valley Camp","backcountry":"yes"}},{"type":"Feature","geometry":{"type":"Point","coordinates":[-122.297233,46.79917]},"properties":{"kind":"dump","osm":"node/11215967931"}},{"type":"Feature","geometry":{"type":"Point","coordinates":[-123.600973,48.668364]},"properties":{"kind":"campsite","osm":"node/11249187363","name":"Sol Sante Club","fee":"yes","access":"customers","operator":"Sol Sante Club","website":"https://www.solsante.com/"}},{"type":"Feature","geometry":{"type":"Point","coordinates":[-122.903254,47.689267]},"properties":{"kind":"dump","osm":"node/11264991805"}},{"type":"Feature","geometry":{"type":"Point","coordinates":[-122.524701,47.629635]},"properties":{"kind":"water","osm":"node/11271417199"}},{"type":"Feature","geometry":{"type":"Point","coordinates":[-118.307182,47.909358]},"properties":{"kind":"dump","osm":"node/11278574763"}},{"type":"Feature","geometry":{"type":"Point","coordinates":[-122.45907,47.994923]},"properties":{"kind":"water","osm":"node/11282527215","drinking_water":"no"}},{"type":"Feature","geometry":{"type":"Point","coordinates":[-120.519266,48.654213]},"properties":{"kind":"campsite","osm":"node/11365104434"}},{"type":"Feature","geometry":{"type":"Point","coordinates":[-117.371806,47.234186]},"properties":{"kind":"dump","osm":"node/11380411243","operator":"Town Of Rosalia"}},{"type":"Feature","geometry":{"type":"Point","coordinates":[-123.350237,47.528053]},"properties":{"kind":"campsite","osm":"node/11385018082","name":"Slide Camp","website":"https://www.recreation.gov","toilets":"no","backcountry":"yes"}},{"type":"Feature","geometry":{"type":"Point","coordinates":[-122.899608,47.049209]},"properties":{"kind":"dump","osm":"node/11409698145","fee":"no","access":"yes","operator":"LOTT Clean Water Alliance","website":"https://www.lottcleanwater.org/rv-dump-station/"}},{"type":"Feature","geometry":{"type":"Point","coordinates":[-123.917642,48.068756]},"properties":{"kind":"dump","osm":"node/11421665251","fee":"yes","access":"yes","operator":"National Park Service"}},{"type":"Feature","geometry":{"type":"Point","coordinates":[-121.432562,47.322817]},"properties":{"kind":"campsite","osm":"node/11454172088","backcountry":"yes"}},{"type":"Feature","geometry":{"type":"Point","coordinates":[-121.434586,47.336266]},"properties":{"kind":"campsite","osm":"node/11454176243","name":"Twilight Lake Camping Area","backcountry":"yes"}},{"type":"Feature","geometry":{"type":"Point","coordinates":[-121.422798,47.295742]},"properties":{"kind":"campsite","osm":"node/11454178874","name":"Stirrup Lake Camping Area","backcountry":"yes"}},{"type":"Feature","geometry":{"type":"Point","coordinates":[-121.43579,47.361792]},"properties":{"kind":"campsite","osm":"node/11454185904","name":"Twin Lakes Camping Area","backcountry":"yes"}},{"type":"Feature","geometry":{"type":"Point","coordinates":[-122.838508,45.829952]},"properties":{"kind":"rv_park","osm":"node/11586018765","name":"Bayport RV Park","operator":"Port of Columbia County","website":"https://www.portofcolumbiacounty.org/recreation/page/scappoose-bay-marine-park"}},{"type":"Feature","geometry":{"type":"Point","coordinates":[-123.308715,48.850752]},"properties":{"kind":"campsite","osm":"node/11606361500","name":"Mayne Island Camping","fee":"yes","access":"customers","website":"www.mayneislandcamping.com","desc":"Private campground with beautiful sites and an open air shower. $25 adult, $40 min per site","drinking_water":"yes","toilets":"yes","reservation":"yes"}},{"type":"Feature","geometry":{"type":"Point","coordinates":[-121.671732,47.902682]},"properties":{"kind":"campsite","osm":"node/11737836869","name":"Wallace Lake Backcountry Camping"}},{"type":"Feature","geometry":{"type":"Point","coordinates":[-121.687289,47.915966]},"properties":{"kind":"campsite","osm":"node/11737836870","name":"Jay Lake Backcountry Camping"}},{"type":"Feature","geometry":{"type":"Point","coordinates":[-122.334807,47.859245]},"properties":{"kind":"campsite","osm":"node/11766231067","name":"Cascadia Marine Trail Campsite - Meadowdale","fee":"yes","access":"permit","operator":"Snohomish County Parks","website":"https://www.wwta.org/sites/meadowdale/","drinking_water":"yes","toilets":"yes","reservation":"required"}},{"type":"Feature","geometry":{"type":"Point","coordinates":[-121.733817,46.845031]},"properties":{"kind":"campsite","osm":"node/11779257285","name":"Ingraham Flats","backcountry":"yes"}},{"type":"Feature","geometry":{"type":"Point","coordinates":[-120.152185,48.492692]},"properties":{"kind":"dump","osm":"node/11923687288","fee":"yes"}},{"type":"Feature","geometry":{"type":"Point","coordinates":[-118.152802,48.272197]},"properties":{"kind":"campsite","osm":"node/11924608351","name":"Eagle Spirit Campground"}},{"type":"Feature","geometry":{"type":"Point","coordinates":[-121.536067,47.421557]},"properties":{"kind":"campsite","osm":"node/11968182633","name":"Island Lake Camping Area","toilets":"yes","backcountry":"yes"}},{"type":"Feature","geometry":{"type":"Point","coordinates":[-120.703434,48.057631]},"properties":{"kind":"campsite","osm":"node/12001090333","name":"Lower Myrtle Lake Camp","backcountry":"yes"}},{"type":"Feature","geometry":{"type":"Point","coordinates":[-120.702093,48.053674]},"properties":{"kind":"campsite","osm":"node/12001090355","name":"Upper Myrtle Lake Camp","backcountry":"yes"}},{"type":"Feature","geometry":{"type":"Point","coordinates":[-120.732704,48.064308]},"properties":{"kind":"campsite","osm":"node/12001094521","name":"Lower Larch Lake Camp","backcountry":"yes"}},{"type":"Feature","geometry":{"type":"Point","coordinates":[-120.720162,48.048836]},"properties":{"kind":"campsite","osm":"node/12001095285","name":"Cow Creek Meadows","backcountry":"yes"}},{"type":"Feature","geometry":{"type":"Point","coordinates":[-121.26806,46.633735]},"properties":{"kind":"campsite","osm":"node/12027165369","name":"Three Day","fee":"yes","operator":"USDA Forest Service"}},{"type":"Feature","geometry":{"type":"Point","coordinates":[-121.266272,46.633025]},"properties":{"kind":"campsite","osm":"node/12027165370","name":"Spring Campground","fee":"yes","operator":"USDA Forest Service"}},{"type":"Feature","geometry":{"type":"Point","coordinates":[-120.718852,48.14983]},"properties":{"kind":"campsite","osm":"node/12036012150","backcountry":"yes"}},{"type":"Feature","geometry":{"type":"Point","coordinates":[-120.719239,48.150345]},"properties":{"kind":"campsite","osm":"node/12036012151","backcountry":"yes"}},{"type":"Feature","geometry":{"type":"Point","coordinates":[-120.756592,48.150615]},"properties":{"kind":"campsite","osm":"node/12036024880","backcountry":"yes"}},{"type":"Feature","geometry":{"type":"Point","coordinates":[-121.538138,48.881013]},"properties":{"kind":"campsite","osm":"node/12037049351","name":"Hannegan Camp","fee":"no","operator":"Mt. Baker-Snoqualmie National Forest","backcountry":"yes"}},{"type":"Feature","geometry":{"type":"Point","coordinates":[-120.197582,47.708715]},"properties":{"kind":"dump","osm":"node/12048221379"}},{"type":"Feature","geometry":{"type":"Point","coordinates":[-122.037842,45.734083]},"properties":{"kind":"campsite","osm":"node/12053900740","fee":"no","drinking_water":"no","toilets":"no","backcountry":"yes"}},{"type":"Feature","geometry":{"type":"Point","coordinates":[-121.046231,48.439291]},"properties":{"kind":"campsite","osm":"node/12059706150","name":"Kool-Aid Lake Camp","toilets":"no","backcountry":"yes"}},{"type":"Feature","geometry":{"type":"Point","coordinates":[-121.056927,48.391773]},"properties":{"kind":"campsite","osm":"node/12059706151","name":"Yang Yang Lakes Camp","toilets":"no","backcountry":"yes"}},{"type":"Feature","geometry":{"type":"Point","coordinates":[-121.052078,48.339595]},"properties":{"kind":"campsite","osm":"node/12059706152","name":"White Rock Lakes Camp","toilets":"no","backcountry":"yes"}},{"type":"Feature","geometry":{"type":"Point","coordinates":[-120.853692,48.485747]},"properties":{"kind":"campsite","osm":"node/12068641359","name":"Walker Park Stock Camp","access":"permit","operator":"North Cascades National Park","backcountry":"yes"}},{"type":"Feature","geometry":{"type":"Point","coordinates":[-122.136927,48.911524]},"properties":{"kind":"campsite","osm":"node/12075845453","name":"Black Mountain Ranch","website":"https://blackmountainranch.us/"}},{"type":"Feature","geometry":{"type":"Point","coordinates":[-119.199406,49.017676]},"properties":{"kind":"rv_park","osm":"node/12098026560","name":"Summit RV Park"}},{"type":"Feature","geometry":{"type":"Point","coordinates":[-121.497054,46.136066]},"properties":{"kind":"campsite","osm":"node/12101391727","name":"Cold Springs Campground"}},{"type":"Feature","geometry":{"type":"Point","coordinates":[-124.252511,47.798113]},"properties":{"kind":"campsite","osm":"node/12113991501","name":"Allen's Bar"}},{"type":"Feature","geometry":{"type":"Point","coordinates":[-124.709464,48.181214]},"properties":{"kind":"campsite","osm":"node/12119445815","name":"South Ozette River","fee":"yes","access":"permit","operator":"Olympic National Park","drinking_water":"no","toilets":"yes","reservation":"no","backcountry":"yes"}},{"type":"Feature","geometry":{"type":"Point","coordinates":[-124.707001,48.182295]},"properties":{"kind":"campsite","osm":"node/12119445816","name":"North Ozette River","fee":"yes","access":"permit","operator":"Olympic National Park","drinking_water":"no","toilets":"yes","reservation":"no","backcountry":"yes"}},{"type":"Feature","geometry":{"type":"Point","coordinates":[-119.348345,45.933746]},"properties":{"kind":"dump","osm":"node/12120948762","fee":"no"}},{"type":"Feature","geometry":{"type":"Point","coordinates":[-122.78478,48.021478]},"properties":{"kind":"dump","osm":"node/12138200971"}},{"type":"Feature","geometry":{"type":"Point","coordinates":[-121.507518,46.601047]},"properties":{"kind":"campsite","osm":"node/12144519893","name":"Lost Lake Horse Camp","fee":"no","operator":"United States Forest Service","drinking_water":"no","reservation":"no","backcountry":"yes"}},{"type":"Feature","geometry":{"type":"Point","coordinates":[-121.268098,46.629757]},"properties":{"kind":"campsite","osm":"node/12145702192","name":"Clear Lake North Group Campground","fee":"yes","website":"https://www.fs.usda.gov/recarea/okawen/recarea/?recid=58175"}},{"type":"Feature","geometry":{"type":"Point","coordinates":[-121.163757,48.048826]},"properties":{"kind":"campsite","osm":"node/12154049947","fee":"no","access":"yes","operator":"U.S. Forest Service","backcountry":"yes"}},{"type":"Feature","geometry":{"type":"Point","coordinates":[-122.932536,48.088201]},"properties":{"kind":"dump","osm":"node/12164899330"}},{"type":"Feature","geometry":{"type":"Point","coordinates":[-120.79099,48.200402]},"properties":{"kind":"campsite","osm":"node/12185173379","name":"Holden Ballpark Campground","fee":"no","operator":"Okanogan-Wenatchee National Forest","website":"https://www.fs.usda.gov/r06/okanogan-wenatchee/recreation/holden-ballpark-campground","toilets":"no","backcountry":"yes"}},{"type":"Feature","geometry":{"type":"Point","coordinates":[-120.868449,48.209296]},"properties":{"kind":"campsite","osm":"node/12185206749","backcountry":"yes"}},{"type":"Feature","geometry":{"type":"Point","coordinates":[-120.857374,48.214657]},"properties":{"kind":"campsite","osm":"node/12185239231","name":"Hart Lake Camp","backcountry":"yes"}},{"type":"Feature","geometry":{"type":"Point","coordinates":[-117.140484,47.666746]},"properties":{"kind":"dump","osm":"node/12188506158","access":"customers"}},{"type":"Feature","geometry":{"type":"Point","coordinates":[-119.33023,45.924216]},"properties":{"kind":"dump","osm":"node/12193767635"}},{"type":"Feature","geometry":{"type":"Point","coordinates":[-123.93551,45.70248]},"properties":{"kind":"dump","osm":"node/12194850337","fee":"yes"}},{"type":"Feature","geometry":{"type":"Point","coordinates":[-120.940688,47.691924]},"properties":{"kind":"campsite","osm":"node/12195453970","backcountry":"yes"}},{"type":"Feature","geometry":{"type":"Point","coordinates":[-120.939945,47.693197]},"properties":{"kind":"campsite","osm":"node/12195453971","backcountry":"yes"}},{"type":"Feature","geometry":{"type":"Point","coordinates":[-122.445105,48.674329]},"properties":{"kind":"campsite","osm":"node/12197323434","name":"Pine Lake Camp","operator":"Washington Department of Fish and Wildlife","website":"https://wdfw.wa.gov/places-to-go/wildlife-areas/pine-lake-wildlife-area-unit","desc":"Primitive campground","toilets":"no"}},{"type":"Feature","geometry":{"type":"Point","coordinates":[-121.335282,47.609766]},"properties":{"kind":"campsite","osm":"node/12200612789","name":"Lake Malachite Camping Area","drinking_water":"no","toilets":"yes","backcountry":"yes"}},{"type":"Feature","geometry":{"type":"Point","coordinates":[-121.270767,47.553429]},"properties":{"kind":"campsite","osm":"node/12200712421","name":"Iron Cap Gap Camping Area","desc":"No water","drinking_water":"no","backcountry":"yes"}},{"type":"Feature","geometry":{"type":"Point","coordinates":[-121.773421,45.708691]},"properties":{"kind":"campsite","osm":"node/12207895408","name":"Home Valley Campground","fee":"yes","website":"https://www.skamaniacounty.org/Home/Components/FacilityDirectory/FacilityDirectory/10/258","drinking_water":"yes","toilets":"yes","reservation":"yes"}},{"type":"Feature","geometry":{"type":"Point","coordinates":[-121.495198,46.481367]},"properties":{"kind":"campsite","osm":"node/12208400161","name":"Goat Creekk Camping Area","backcountry":"yes"}},{"type":"Feature","geometry":{"type":"Point","coordinates":[-121.125288,47.574012]},"properties":{"kind":"campsite","osm":"node/12211999511"}},{"type":"Feature","geometry":{"type":"Point","coordinates":[-124.153471,47.817218]},"properties":{"kind":"campsite","osm":"node/12215336293","name":"Hard Rain","website":"http://www.hardraincafe.com/camping.htm","drinking_water":"yes"}},{"type":"Feature","geometry":{"type":"Point","coordinates":[-122.406193,47.316992]},"properties":{"kind":"dump","osm":"node/12219017345"}},{"type":"Feature","geometry":{"type":"Point","coordinates":[-123.777215,46.960501]},"properties":{"kind":"dump","osm":"node/12236204089","access":"customers"}},{"type":"Feature","geometry":{"type":"Point","coordinates":[-124.202013,47.205814]},"properties":{"kind":"dump","osm":"node/12239515669"}},{"type":"Feature","geometry":{"type":"Point","coordinates":[-124.659034,48.336683]},"properties":{"kind":"rv_park","osm":"node/12247222912","name":"The Hideaway RV Park"}},{"type":"Feature","geometry":{"type":"Point","coordinates":[-120.954549,47.522767]},"properties":{"kind":"campsite","osm":"node/12253396370","backcountry":"yes"}},{"type":"Feature","geometry":{"type":"Point","coordinates":[-120.964422,47.458438]},"properties":{"kind":"campsite","osm":"node/12253399436","backcountry":"yes"}},{"type":"Feature","geometry":{"type":"Point","coordinates":[-120.962881,47.452753]},"properties":{"kind":"campsite","osm":"node/12253399437","backcountry":"yes"}},{"type":"Feature","geometry":{"type":"Point","coordinates":[-120.942456,47.442844]},"properties":{"kind":"campsite","osm":"node/12253399438","backcountry":"yes"}},{"type":"Feature","geometry":{"type":"Point","coordinates":[-117.51826,48.905622]},"properties":{"kind":"campsite","osm":"node/12270356288","name":"Silver Creek Campground","access":"yes","operator":"Colville National Forest","website":"https://www.fs.usda.gov/recarea/colville/recreation/hiking/recarea/?recid=83771&actid=29"}},{"type":"Feature","geometry":{"type":"Point","coordinates":[-122.192449,48.16894]},"properties":{"kind":"dump","osm":"node/12299762960"}},{"type":"Feature","geometry":{"type":"Point","coordinates":[-122.191164,48.169885]},"properties":{"kind":"dump","osm":"node/12299762961"}},{"type":"Feature","geometry":{"type":"Point","coordinates":[-123.353253,47.016461]},"properties":{"kind":"dump","osm":"node/12299785040"}},{"type":"Feature","geometry":{"type":"Point","coordinates":[-120.445537,46.697423]},"properties":{"kind":"dump","osm":"node/12299785830"}},{"type":"Feature","geometry":{"type":"Point","coordinates":[-120.414749,46.712187]},"properties":{"kind":"dump","osm":"node/12299785831"}},{"type":"Feature","geometry":{"type":"Point","coordinates":[-118.743053,46.793533]},"properties":{"kind":"dump","osm":"node/12299834108"}},{"type":"Feature","geometry":{"type":"Point","coordinates":[-124.376425,47.615528]},"properties":{"kind":"dump","osm":"node/12345722836"}},{"type":"Feature","geometry":{"type":"Point","coordinates":[-121.549536,46.177442]},"properties":{"kind":"campsite","osm":"node/12361141600","name":"Cascade","backcountry":"yes"}},{"type":"Feature","geometry":{"type":"Point","coordinates":[-117.094571,48.309567]},"properties":{"kind":"campsite","osm":"node/12422347181","backcountry":"yes"}},{"type":"Feature","geometry":{"type":"Point","coordinates":[-124.170543,47.119181]},"properties":{"kind":"dump","osm":"node/12495509472"}},{"type":"Feature","geometry":{"type":"Point","coordinates":[-122.191238,48.170188]},"properties":{"kind":"dump","osm":"node/12513889603"}},{"type":"Feature","geometry":{"type":"Point","coordinates":[-122.191073,48.169825]},"properties":{"kind":"dump","osm":"node/12513889604"}},{"type":"Feature","geometry":{"type":"Point","coordinates":[-122.191264,48.169946]},"properties":{"kind":"dump","osm":"node/12513889605"}},{"type":"Feature","geometry":{"type":"Point","coordinates":[-122.192388,48.168692]},"properties":{"kind":"dump","osm":"node/12529856261"}},{"type":"Feature","geometry":{"type":"Point","coordinates":[-122.192358,48.168923]},"properties":{"kind":"dump","osm":"node/12529856262"}},{"type":"Feature","geometry":{"type":"Point","coordinates":[-122.192534,48.168981]},"properties":{"kind":"dump","osm":"node/12529856263"}},{"type":"Feature","geometry":{"type":"Point","coordinates":[-122.985773,46.834577]},"properties":{"kind":"dump","osm":"node/12532252827"}},{"type":"Feature","geometry":{"type":"Point","coordinates":[-122.985725,46.834538]},"properties":{"kind":"dump","osm":"node/12532252828"}},{"type":"Feature","geometry":{"type":"Point","coordinates":[-122.985677,46.834503]},"properties":{"kind":"dump","osm":"node/12532252829"}},{"type":"Feature","geometry":{"type":"Point","coordinates":[-122.985468,46.834761]},"properties":{"kind":"dump","osm":"node/12532252830"}},{"type":"Feature","geometry":{"type":"Point","coordinates":[-122.985364,46.834696]},"properties":{"kind":"dump","osm":"node/12532252831"}},{"type":"Feature","geometry":{"type":"Point","coordinates":[-122.314875,47.269907]},"properties":{"kind":"dump","osm":"node/12536823891"}},{"type":"Feature","geometry":{"type":"Point","coordinates":[-122.314912,47.269998]},"properties":{"kind":"dump","osm":"node/12536823892"}},{"type":"Feature","geometry":{"type":"Point","coordinates":[-121.104499,47.218173]},"properties":{"kind":"campsite","osm":"node/12537363058","name":"Lockamora","access":"private"}},{"type":"Feature","geometry":{"type":"Point","coordinates":[-121.106663,47.216179]},"properties":{"kind":"campsite","osm":"node/12537363059","name":"Ayatma","access":"private"}},{"type":"Feature","geometry":{"type":"Point","coordinates":[-121.120528,47.218054]},"properties":{"kind":"campsite","osm":"node/12537379022","name":"Far West","access":"private"}},{"type":"Feature","geometry":{"type":"Point","coordinates":[-121.109797,47.217717]},"properties":{"kind":"campsite","osm":"node/12537400752","name":"Trillium","access":"private"}},{"type":"Feature","geometry":{"type":"Point","coordinates":[-121.110308,47.218809]},"properties":{"kind":"campsite","osm":"node/12537400753","name":"Jacob's Grove","access":"private"}},{"type":"Feature","geometry":{"type":"Point","coordinates":[-121.111773,47.218404]},"properties":{"kind":"campsite","osm":"node/12537400754","name":"The Cedars","access":"private"}},{"type":"Feature","geometry":{"type":"Point","coordinates":[-119.790922,46.220855]},"properties":{"kind":"dump","osm":"node/12539635778","fee":"no","access":"yes"}},{"type":"Feature","geometry":{"type":"Point","coordinates":[-119.929025,46.686523]},"properties":{"kind":"dump","osm":"node/12539647640","access":"customers"}},{"type":"Feature","geometry":{"type":"Point","coordinates":[-122.022721,48.110461]},"properties":{"kind":"campsite","osm":"node/12540866815","name":"Brigham Heights"}},{"type":"Feature","geometry":{"type":"Point","coordinates":[-122.022771,48.109366]},"properties":{"kind":"campsite","osm":"node/12540866816","name":"Hinkley (Eagle Nest)"}},{"type":"Feature","geometry":{"type":"Point","coordinates":[-122.026227,48.112271]},"properties":{"kind":"campsite","osm":"node/12540866819","name":"McKay"}},{"type":"Feature","geometry":{"type":"Point","coordinates":[-122.023143,48.112486]},"properties":{"kind":"campsite","osm":"node/12540866820","name":"Monson"}},{"type":"Feature","geometry":{"type":"Point","coordinates":[-122.022579,48.11281]},"properties":{"kind":"campsite","osm":"node/12540866821","name":"Benson"}},{"type":"Feature","geometry":{"type":"Point","coordinates":[-122.022569,48.111674]},"properties":{"kind":"campsite","osm":"node/12540866822","name":"Kimball Terrace"}},{"type":"Feature","geometry":{"type":"Point","coordinates":[-122.024353,48.113161]},"properties":{"kind":"campsite","osm":"node/12540866823","name":"Snow Field"}},{"type":"Feature","geometry":{"type":"Point","coordinates":[-122.024626,48.112052]},"properties":{"kind":"campsite","osm":"node/12540866824","name":"Lee Field"}},{"type":"Feature","geometry":{"type":"Point","coordinates":[-121.115783,47.216346]},"properties":{"kind":"campsite","osm":"node/12540924072","name":"Sawmill Flats","access":"private"}},{"type":"Feature","geometry":{"type":"Point","coordinates":[-121.11102,47.219535]},"properties":{"kind":"campsite","osm":"node/12540930704","name":"Riverbend","access":"private"}},{"type":"Feature","geometry":{"type":"Point","coordinates":[-120.445549,46.697186]},"properties":{"kind":"dump","osm":"node/12547070120"}},{"type":"Feature","geometry":{"type":"Point","coordinates":[-120.414752,46.712409]},"properties":{"kind":"dump","osm":"node/12550862683"}},{"type":"Feature","geometry":{"type":"Point","coordinates":[-119.624523,47.103469]},"properties":{"kind":"dump","osm":"node/12570505496","access":"yes"}},{"type":"Feature","geometry":{"type":"Point","coordinates":[-121.460026,46.139482]},"properties":{"kind":"campsite","osm":"node/12570883111","name":"Gotchen Creek Meadow","backcountry":"yes"}},{"type":"Feature","geometry":{"type":"Point","coordinates":[-121.519339,46.163096]},"properties":{"kind":"campsite","osm":"node/12570883112","name":"Crofton","backcountry":"yes"}},{"type":"Feature","geometry":{"type":"Point","coordinates":[-121.518853,46.260431]},"properties":{"kind":"campsite","osm":"node/12570883191","backcountry":"yes"}},{"type":"Feature","geometry":{"type":"Point","coordinates":[-121.524574,46.258607]},"properties":{"kind":"campsite","osm":"node/12570883193","backcountry":"yes"}},{"type":"Feature","geometry":{"type":"Point","coordinates":[-121.555488,46.247272]},"properties":{"kind":"campsite","osm":"node/12570883204","backcountry":"yes"}},{"type":"Feature","geometry":{"type":"Point","coordinates":[-121.517582,46.304941]},"properties":{"kind":"campsite","osm":"node/12570883205","name":"Lava","backcountry":"yes"}},{"type":"Feature","geometry":{"type":"Point","coordinates":[-121.49471,46.144332]},"properties":{"kind":"campsite","osm":"node/12570883233","backcountry":"yes"}},{"type":"Feature","geometry":{"type":"Point","coordinates":[-121.510479,46.150707]},"properties":{"kind":"campsite","osm":"node/12570949250","name":"Shorthorn Meadow","backcountry":"yes"}},{"type":"Feature","geometry":{"type":"Point","coordinates":[-121.576539,46.185692]},"properties":{"kind":"campsite","osm":"node/12570949251","backcountry":"yes"}},{"type":"Feature","geometry":{"type":"Point","coordinates":[-121.569053,46.214083]},"properties":{"kind":"campsite","osm":"node/12570949252","backcountry":"yes"}},{"type":"Feature","geometry":{"type":"Point","coordinates":[-121.581715,46.191449]},"properties":{"kind":"campsite","osm":"node/12570986055","backcountry":"yes"}},{"type":"Feature","geometry":{"type":"Point","coordinates":[-119.616257,47.104849]},"properties":{"kind":"dump","osm":"node/12573393118","access":"yes"}},{"type":"Feature","geometry":{"type":"Point","coordinates":[-121.521563,46.256747]},"properties":{"kind":"campsite","osm":"node/12573598079","backcountry":"yes"}},{"type":"Feature","geometry":{"type":"Point","coordinates":[-121.523132,46.25805]},"properties":{"kind":"campsite","osm":"node/12573598096","backcountry":"yes"}},{"type":"Feature","geometry":{"type":"Point","coordinates":[-121.521346,46.256817]},"properties":{"kind":"campsite","osm":"node/12573609204","backcountry":"yes"}},{"type":"Feature","geometry":{"type":"Point","coordinates":[-121.520805,46.255887]},"properties":{"kind":"campsite","osm":"node/12573609205","backcountry":"yes"}},{"type":"Feature","geometry":{"type":"Point","coordinates":[-124.168837,47.069788]},"properties":{"kind":"dump","osm":"node/12579175181"}},{"type":"Feature","geometry":{"type":"Point","coordinates":[-118.033264,47.291348]},"properties":{"kind":"dump","osm":"node/12584425743"}},{"type":"Feature","geometry":{"type":"Point","coordinates":[-119.844368,45.860548]},"properties":{"kind":"dump","osm":"node/12588308113"}},{"type":"Feature","geometry":{"type":"Point","coordinates":[-120.793982,47.766948]},"properties":{"kind":"dump","osm":"node/12589577710"}},{"type":"Feature","geometry":{"type":"Point","coordinates":[-121.035798,45.662542]},"properties":{"kind":"campsite","osm":"node/12601488126","name":"Avery Recreation Area Camping"}},{"type":"Feature","geometry":{"type":"Point","coordinates":[-119.027467,47.934677]},"properties":{"kind":"dump","osm":"node/12607832931"}},{"type":"Feature","geometry":{"type":"Point","coordinates":[-118.309321,46.074311]},"properties":{"kind":"rv_park","osm":"node/12627040702"}},{"type":"Feature","geometry":{"type":"Point","coordinates":[-122.343698,48.168213]},"properties":{"kind":"rv_park","osm":"node/12638803830","name":"Lake Maryth Resort","website":"https://lakemartharesort.fun"}},{"type":"Feature","geometry":{"type":"Point","coordinates":[-122.297362,48.154648]},"properties":{"kind":"rv_park","osm":"node/12638820627","name":"Lake Goodwin Resort"}},{"type":"Feature","geometry":{"type":"Point","coordinates":[-117.242109,48.833508]},"properties":{"kind":"campsite","osm":"node/12646888004","name":"Sullivan Creek Campground 8","fee":"no","access":"yes","operator":"Colville National Forest","website":"https://www.fs.usda.gov/r06/colville/recreation/sullivan-creek-dispersed-sites"}},{"type":"Feature","geometry":{"type":"Point","coordinates":[-117.261141,48.837995]},"properties":{"kind":"campsite","osm":"node/12646888038","name":"Sullivan Creek Campground 3","fee":"no","access":"yes","operator":"Colville National Forest","website":"https://www.fs.usda.gov/r06/colville/recreation/sullivan-creek-dispersed-sites"}},{"type":"Feature","geometry":{"type":"Point","coordinates":[-117.243522,48.833726]},"properties":{"kind":"campsite","osm":"node/12646888049","name":"Conto Gulch","fee":"no","access":"yes","operator":"Colville National Forest","website":"https://www.fs.usda.gov/r06/colville/recreation/sullivan-creek-dispersed-sites"}},{"type":"Feature","geometry":{"type":"Point","coordinates":[-117.227769,48.836118]},"properties":{"kind":"campsite","osm":"node/12646888101","name":"Johns Creek Campsite","fee":"no","operator":"Colville National Forest","website":"https://www.fs.usda.gov/recarea/colville/recreation/recarea/?recid=67966"}},{"type":"Feature","geometry":{"type":"Point","coordinates":[-117.212401,48.839965]},"properties":{"kind":"campsite","osm":"node/12646888133","name":"Sullivan Creek Campground 13","fee":"no","operator":"Colville National Forest","website":"https://www.fs.usda.gov/r06/colville/recreation/sullivan-creek-dispersed-sites"}},{"type":"Feature","geometry":{"type":"Point","coordinates":[-117.143799,48.871388]},"properties":{"kind":"campsite","osm":"node/12646888144","name":"Sullivan Creek Campground 16","fee":"no","access":"yes","operator":"Colville National Forest","website":"https://www.fs.usda.gov/r06/colville/recreation/sullivan-creek-dispersed-sites"}},{"type":"Feature","geometry":{"type":"Point","coordinates":[-117.082167,48.900582]},"properties":{"kind":"campsite","osm":"node/12646888153","name":"Sullivan Creek Campground 18","fee":"no","access":"yes","operator":"Colville National Forest","website":"https://www.fs.usda.gov/r06/colville/recreation/sullivan-creek-dispersed-sites"}},{"type":"Feature","geometry":{"type":"Point","coordinates":[-117.082629,48.901349]},"properties":{"kind":"campsite","osm":"node/12646888154","name":"Gypsy Meadows Campsite","fee":"no","access":"yes","operator":"Colville National Forest","website":"https://www.fs.usda.gov/r06/colville/recreation/sullivan-creek-dispersed-sites"}},{"type":"Feature","geometry":{"type":"Point","coordinates":[-123.353473,47.016331]},"properties":{"kind":"dump","osm":"node/12646990063"}},{"type":"Feature","geometry":{"type":"Point","coordinates":[-123.353355,47.0164]},"properties":{"kind":"dump","osm":"node/12646990064"}},{"type":"Feature","geometry":{"type":"Point","coordinates":[-123.35313,47.016531]},"properties":{"kind":"dump","osm":"node/12646990065"}},{"type":"Feature","geometry":{"type":"Point","coordinates":[-122.215614,47.900897]},"properties":{"kind":"dump","osm":"node/12669458309"}},{"type":"Feature","geometry":{"type":"Point","coordinates":[-122.215628,47.901035]},"properties":{"kind":"dump","osm":"node/12669458310"}},{"type":"Feature","geometry":{"type":"Point","coordinates":[-122.215643,47.90117]},"properties":{"kind":"dump","osm":"node/12669458311"}},{"type":"Feature","geometry":{"type":"Point","coordinates":[-122.215518,47.901112]},"properties":{"kind":"dump","osm":"node/12669458328"}},{"type":"Feature","geometry":{"type":"Point","coordinates":[-122.215531,47.901252]},"properties":{"kind":"dump","osm":"node/12669458329"}},{"type":"Feature","geometry":{"type":"Point","coordinates":[-123.158203,47.361835]},"properties":{"kind":"dump","osm":"node/12679256971"}},{"type":"Feature","geometry":{"type":"Point","coordinates":[-122.921849,46.966819]},"properties":{"kind":"dump","osm":"node/12682639685","access":"customers"}},{"type":"Feature","geometry":{"type":"Point","coordinates":[-123.155838,47.734376]},"properties":{"kind":"campsite","osm":"node/12691826934","name":"Dosewallips Stock Camp","access":"yes","backcountry":"yes"}},{"type":"Feature","geometry":{"type":"Point","coordinates":[-120.827819,45.683034]},"properties":{"kind":"dump","osm":"node/12732197598"}},{"type":"Feature","geometry":{"type":"Point","coordinates":[-121.811924,45.655701]},"properties":{"kind":"campsite","osm":"node/12763313101","name":"Casey Creek Camp"}},{"type":"Feature","geometry":{"type":"Point","coordinates":[-119.348335,46.973261]},"properties":{"kind":"water","osm":"node/12769038037"}},{"type":"Feature","geometry":{"type":"Point","coordinates":[-119.348261,46.973433]},"properties":{"kind":"dump","osm":"node/12769038038"}},{"type":"Feature","geometry":{"type":"Point","coordinates":[-119.560194,46.885646]},"properties":{"kind":"rv_park","osm":"node/12771077512","name":"Royal City RV Park"}},{"type":"Feature","geometry":{"type":"Point","coordinates":[-121.337681,46.063636]},"properties":{"kind":"campsite","osm":"node/12843400482","name":"BIrd Creek Campground","fee":"no"}},{"type":"Feature","geometry":{"type":"Point","coordinates":[-121.379506,46.082528]},"properties":{"kind":"campsite","osm":"node/12843400483","name":"Island Camp Campground","fee":"no","access":"yes"}},{"type":"Feature","geometry":{"type":"Point","coordinates":[-122.421287,46.516179]},"properties":{"kind":"dump","osm":"node/12846343681"}},{"type":"Feature","geometry":{"type":"Point","coordinates":[-122.165759,46.46834]},"properties":{"kind":"dump","osm":"node/12846360190"}},{"type":"Feature","geometry":{"type":"Point","coordinates":[-116.918294,47.080391]},"properties":{"kind":"campsite","osm":"node/12847534327","name":"Fireplace Campground McCroskey State Park","fee":"no","access":"yes","operator":"Idaho Department of Parks and Recreation"}},{"type":"Feature","geometry":{"type":"Point","coordinates":[-116.944292,47.067169]},"properties":{"kind":"campsite","osm":"node/12847534391","name":"Mission Mountain Campground"}},{"type":"Feature","geometry":{"type":"Point","coordinates":[-116.970057,47.119975]},"properties":{"kind":"campsite","osm":"node/12847534522","name":"Iron Mountain Campground"}},{"type":"Feature","geometry":{"type":"Point","coordinates":[-116.943417,47.062666]},"properties":{"kind":"campsite","osm":"node/12847534589","name":"Redtail Campground McCroskey State Park","access":"yes","operator":"Idaho Department of Parks and Recreation"}},{"type":"Feature","geometry":{"type":"Point","coordinates":[-118.005186,46.585969]},"properties":{"kind":"campsite","osm":"node/12853613097","name":"Little Goose Landing Camping","access":"yes","operator":"USACE","website":"https://www.nww.usace.army.mil/Locations/District-Locks-and-Dams/Little-Goose-Lock-and-Dam/Little-Goose-Landing/","desc":"Highway Directions: 9 miles northeast of Starbuck, Washington, on Little Goose Dam Road, and 1 mile east of Little Goose Dam.\nSeason and Hours of Operation:\nYear round, with no specific hours of operation.","toilets":"yes","backcountry":"no"}},{"type":"Feature","geometry":{"type":"Point","coordinates":[-118.368963,46.587416]},"properties":{"kind":"campsite","osm":"node/12853666867","name":"Ayer Boat Basin Campground","fee":"no","access":"yes","operator":"Walla Walla District, U.S. Army Corps of Engineers","website":"https://www.nww.usace.army.mil/Locations/District-Locks-and-Dams/Lower-Monumental-Lock-and-Dam/Ayer-Boat-Basin/","drinking_water":"no","toilets":"yes","reservation":"no","backcountry":"no"}},{"type":"Feature","geometry":{"type":"Point","coordinates":[-118.578309,46.53389]},"properties":{"kind":"campsite","osm":"node/12853680766","name":"Windust Park Campground","fee":"no","access":"yes","operator":"Walla Walla District, U.S. Army Corps of Engineers","website":"https://www.nww.usace.army.mil/Locations/District-Locks-and-Dams/Ice-Harbor-Lock-and-Dam/Windust-Park/","capacity":"24","drinking_water":"no","toilets":"yes","reservation":"no","backcountry":"no"}},{"type":"Feature","geometry":{"type":"Point","coordinates":[-117.319413,48.856324]},"properties":{"kind":"campsite","osm":"node/12856802123","name":"Moon Flats","fee":"no","access":"yes","operator":"Colville National Forest","website":"https://www.fs.usda.gov/r06/colville/recreation/sullivan-creek-dispersed-sites"}},{"type":"Feature","geometry":{"type":"Point","coordinates":[-117.041854,48.692831]},"properties":{"kind":"campsite","osm":"node/12856859572","fee":"no","access":"yes","operator":"Idaho Panhandle National Forests","capacity":"5"}},{"type":"Feature","geometry":{"type":"Point","coordinates":[-120.574353,48.701618]},"properties":{"kind":"campsite","osm":"node/12865146686","name":"Robinson Creek Backcountry Camping","drinking_water":"no","backcountry":"yes"}},{"type":"Feature","geometry":{"type":"Point","coordinates":[-117.234418,48.83523]},"properties":{"kind":"campsite","osm":"node/12870119175","name":"Sullivan Creek Campground 10","fee":"no","access":"yes","operator":"Colville National Forest","website":"https://www.fs.usda.gov/r06/colville/recreation/sullivan-creek-dispersed-sites"}},{"type":"Feature","geometry":{"type":"Point","coordinates":[-117.234167,48.834652]},"properties":{"kind":"campsite","osm":"node/12870119178","name":"Sullivan Creek Campground 11","fee":"no","access":"yes","operator":"Colville National Forest","website":"https://www.fs.usda.gov/r06/colville/recreation/sullivan-creek-dispersed-sites"}},{"type":"Feature","geometry":{"type":"Point","coordinates":[-117.095989,48.890001]},"properties":{"kind":"campsite","osm":"node/12870119181","name":"Sullivan Creek Campground 17","fee":"no","access":"yes","operator":"Colville National Forest","website":"https://www.fs.usda.gov/r06/colville/recreation/sullivan-creek-dispersed-sites"}},{"type":"Feature","geometry":{"type":"Point","coordinates":[-117.188469,48.847123]},"properties":{"kind":"campsite","osm":"node/12870119269","name":"Sullivan Creek Campground 15","fee":"no","access":"yes","operator":"Colville National Forest","website":"https://www.fs.usda.gov/r06/colville/recreation/sullivan-creek-dispersed-sites"}},{"type":"Feature","geometry":{"type":"Point","coordinates":[-117.190703,48.845293]},"properties":{"kind":"campsite","osm":"node/12870119274","name":"Sullivan Creek Campground 14","fee":"no","access":"yes","operator":"Colville National Forest","website":"https://www.fs.usda.gov/r06/colville/recreation/sullivan-creek-dispersed-sites"}},{"type":"Feature","geometry":{"type":"Point","coordinates":[-117.238502,48.835186]},"properties":{"kind":"campsite","osm":"node/12870119289","name":"Sullivan Creek Campground 9","fee":"no","access":"yes","operator":"Colville National Forest","website":"https://www.fs.usda.gov/r06/colville/recreation/sullivan-creek-dispersed-sites"}},{"type":"Feature","geometry":{"type":"Point","coordinates":[-117.249608,48.832916]},"properties":{"kind":"campsite","osm":"node/12870119295","name":"Sullivan Creek Campground 5","fee":"no","access":"yes","operator":"Colville National Forest","website":"https://www.fs.usda.gov/r06/colville/recreation/sullivan-creek-dispersed-sites"}},{"type":"Feature","geometry":{"type":"Point","coordinates":[-117.256572,48.836866]},"properties":{"kind":"campsite","osm":"node/12870119301","name":"Sullivan Creek Campground 4","fee":"no","access":"yes","operator":"Colville National Forest","website":"https://www.fs.usda.gov/r06/colville/recreation/sullivan-creek-dispersed-sites"}},{"type":"Feature","geometry":{"type":"Point","coordinates":[-117.277765,48.84376]},"properties":{"kind":"campsite","osm":"node/12870119317","name":"Sullivan Creek 1","fee":"no","operator":"Colville National Forest"}},{"type":"Feature","geometry":{"type":"Point","coordinates":[-123.466397,47.096014]},"properties":{"kind":"dump","osm":"node/12873548717"}},{"type":"Feature","geometry":{"type":"Point","coordinates":[-121.763889,46.250535]},"properties":{"kind":"campsite","osm":"node/12890388123","backcountry":"yes"}},{"type":"Feature","geometry":{"type":"Point","coordinates":[-121.777124,46.243407]},"properties":{"kind":"campsite","osm":"node/12890388124","backcountry":"yes"}},{"type":"Feature","geometry":{"type":"Point","coordinates":[-121.778426,46.259394]},"properties":{"kind":"campsite","osm":"node/12890388125","backcountry":"yes"}},{"type":"Feature","geometry":{"type":"Point","coordinates":[-121.781601,46.239326]},"properties":{"kind":"campsite","osm":"node/12890388126","backcountry":"yes"}},{"type":"Feature","geometry":{"type":"Point","coordinates":[-121.791717,46.209742]},"properties":{"kind":"campsite","osm":"node/12890388127","backcountry":"yes"}},{"type":"Feature","geometry":{"type":"Point","coordinates":[-121.801369,46.206821]},"properties":{"kind":"campsite","osm":"node/12890388128","backcountry":"yes"}},{"type":"Feature","geometry":{"type":"Point","coordinates":[-121.826639,46.195434]},"properties":{"kind":"campsite","osm":"node/12890388129","backcountry":"yes"}},{"type":"Feature","geometry":{"type":"Point","coordinates":[-121.845061,46.187964]},"properties":{"kind":"campsite","osm":"node/12890388130","backcountry":"yes"}},{"type":"Feature","geometry":{"type":"Point","coordinates":[-116.938573,47.072942]},"properties":{"kind":"campsite","osm":"node/12901307378","name":"8 Mile Camp McCroskey State Park","access":"yes","operator":"Idaho Department of Parks and Recreation","backcountry":"yes"}},{"type":"Feature","geometry":{"type":"Point","coordinates":[-116.944664,47.067326]},"properties":{"kind":"campsite","osm":"node/12901337713","name":"Campsite 1 Mission Mountain McCroskey State Park","access":"yes","operator":"Idaho Department of Parks and Recreation","backcountry":"yes"}},{"type":"Feature","geometry":{"type":"Point","coordinates":[-116.944186,47.067389]},"properties":{"kind":"campsite","osm":"node/12901337714","name":"Group site Mission Mountain McCroskey State Park","operator":"Idaho Department of Parks and Recreation","backcountry":"yes"}},{"type":"Feature","geometry":{"type":"Point","coordinates":[-122.26971,45.721588]},"properties":{"kind":"campsite","osm":"node/12908193079","fee":"no"}},{"type":"Feature","geometry":{"type":"Point","coordinates":[-123.821179,47.935468]},"properties":{"kind":"campsite","osm":"node/12916855286","name":"Canyon Creek Campsite #2","access":"yes","operator":"Olympic National Park","drinking_water":"no","toilets":"no","backcountry":"yes"}},{"type":"Feature","geometry":{"type":"Point","coordinates":[-123.821166,47.941754]},"properties":{"kind":"campsite","osm":"node/12916855287","name":"Canyon Creek Campsite #1","access":"yes","operator":"Olympic National Park","drinking_water":"no","toilets":"no","backcountry":"yes"}},{"type":"Feature","geometry":{"type":"Point","coordinates":[-124.364595,47.89444]},"properties":{"kind":"dump","osm":"node/12918240069"}},{"type":"Feature","geometry":{"type":"Point","coordinates":[-123.743648,47.930858]},"properties":{"kind":"campsite","osm":"node/12920108021","name":"Seven Mile Group Camp","access":"yes","operator":"Olympic National Park","drinking_water":"no","toilets":"no","backcountry":"yes"}},{"type":"Feature","geometry":{"type":"Point","coordinates":[-123.690973,47.860312]},"properties":{"kind":"campsite","osm":"node/12920121358","name":"Martin Creek Camp","access":"yes","operator":"Olympic National Park","drinking_water":"no","toilets":"no","backcountry":"yes"}},{"type":"Feature","geometry":{"type":"Point","coordinates":[-123.817464,47.951278]},"properties":{"kind":"campsite","osm":"node/12920128403","name":"Sol Duc Falls Camp","access":"yes","operator":"Olympic National Park","drinking_water":"no","toilets":"no","backcountry":"yes"}},{"type":"Feature","geometry":{"type":"Point","coordinates":[-123.738208,47.929443]},"properties":{"kind":"campsite","osm":"node/12920140904","name":"Horse Head Stock Site","access":"yes","operator":"Olympic National Park","drinking_water":"no","toilets":"no","backcountry":"yes"}},{"type":"Feature","geometry":{"type":"Point","coordinates":[-123.789557,47.895077]},"properties":{"kind":"campsite","osm":"node/12920142196","name":"C.B. Flats Group Site","access":"yes","operator":"Olympic National Park","drinking_water":"no","toilets":"yes","backcountry":"yes"}},{"type":"Feature","geometry":{"type":"Point","coordinates":[-123.788078,48.094495]},"properties":{"kind":"dump","osm":"node/12921868316"}},{"type":"Feature","geometry":{"type":"Point","coordinates":[-120.024363,47.845497]},"properties":{"kind":"dump","osm":"node/12922228523"}},{"type":"Feature","geometry":{"type":"Point","coordinates":[-121.687021,48.025078]},"properties":{"kind":"campsite","osm":"node/12926875483"}},{"type":"Feature","geometry":{"type":"Point","coordinates":[-121.687082,48.025413]},"properties":{"kind":"campsite","osm":"node/12926875484"}},{"type":"Feature","geometry":{"type":"Point","coordinates":[-120.605092,48.716272]},"properties":{"kind":"campsite","osm":"node/12950478105","name":"Robinson Creek Backcountry Camping","drinking_water":"no","backcountry":"yes"}},{"type":"Feature","geometry":{"type":"Point","coordinates":[-120.60957,48.718497]},"properties":{"kind":"campsite","osm":"node/12950478144","name":"Porcupine Camp","drinking_water":"no","backcountry":"yes"}},{"type":"Feature","geometry":{"type":"Point","coordinates":[-120.554116,48.692523]},"properties":{"kind":"campsite","osm":"node/12950489322","name":"Robinson Creek Backcountry Camping","drinking_water":"no","backcountry":"yes"}},{"type":"Feature","geometry":{"type":"Point","coordinates":[-122.284484,48.137082]},"properties":{"kind":"campsite","osm":"node/12953299970","name":"Wenberg County Park Campground","fee":"yes","operator":"Snohomish County"}},{"type":"Feature","geometry":{"type":"Point","coordinates":[-122.861478,48.535054]},"properties":{"kind":"dump","osm":"node/12953415237"}},{"type":"Feature","geometry":{"type":"Point","coordinates":[-118.660862,48.719148]},"properties":{"kind":"dump","osm":"node/12953457343"}},{"type":"Feature","geometry":{"type":"Point","coordinates":[-117.016423,48.808158]},"properties":{"kind":"campsite","osm":"node/12953470539","name":"1013-017","fee":"no","access":"yes","operator":"Idaho Panhandle National Forests"}},{"type":"Feature","geometry":{"type":"Point","coordinates":[-117.016994,48.805553]},"properties":{"kind":"campsite","osm":"node/12953470546","name":"1013-018","fee":"no","access":"yes","operator":"Idaho Panhandle National Forests"}},{"type":"Feature","geometry":{"type":"Point","coordinates":[-116.976281,48.821194]},"properties":{"kind":"campsite","osm":"node/12953470547","name":"1013-016","fee":"no","access":"yes","operator":"Idaho Panhandle National Forests"}},{"type":"Feature","geometry":{"type":"Point","coordinates":[-116.963393,48.821212]},"properties":{"kind":"campsite","osm":"node/12953470548","name":"1013-015","fee":"no","operator":"Idaho Panhandle National Forests"}},{"type":"Feature","geometry":{"type":"Point","coordinates":[-116.949274,48.825324]},"properties":{"kind":"campsite","osm":"node/12953470549","name":"1013-013B","fee":"no","operator":"Idaho Panhandle National Forests"}},{"type":"Feature","geometry":{"type":"Point","coordinates":[-116.950021,48.831127]},"properties":{"kind":"campsite","osm":"node/12953470550","name":"1013-013A","fee":"no","operator":"Idaho Panhandle National Forests"}},{"type":"Feature","geometry":{"type":"Point","coordinates":[-116.955694,48.850656]},"properties":{"kind":"campsite","osm":"node/12953470565","name":"1013-009","fee":"no","operator":"Idaho Panhandle National Forests"}},{"type":"Feature","geometry":{"type":"Point","coordinates":[-116.956974,48.864021]},"properties":{"kind":"campsite","osm":"node/12953470566","name":"1013-008","fee":"no","operator":"Idaho Panhandle National Forests"}},{"type":"Feature","geometry":{"type":"Point","coordinates":[-116.954331,48.881718]},"properties":{"kind":"campsite","osm":"node/12953470595","name":"1013-007","fee":"no","operator":"Idaho Panhandle National Forests"}},{"type":"Feature","geometry":{"type":"Point","coordinates":[-116.954985,48.882585]},"properties":{"kind":"campsite","osm":"node/12953470596","name":"1013-006A","fee":"no","operator":"Idaho Panhandle National Forests"}},{"type":"Feature","geometry":{"type":"Point","coordinates":[-116.955717,48.882329]},"properties":{"kind":"campsite","osm":"node/12953470597","name":"1013-006B","fee":"no","operator":"Idaho Panhandle National Forests"}},{"type":"Feature","geometry":{"type":"Point","coordinates":[-116.966473,48.898412]},"properties":{"kind":"campsite","osm":"node/12953470601","name":"1013-005","fee":"no","operator":"Idaho Panhandle National Forests"}},{"type":"Feature","geometry":{"type":"Point","coordinates":[-116.951713,48.925046]},"properties":{"kind":"campsite","osm":"node/12953470606","name":"1013-004","fee":"no","operator":"Idaho Panhandle National Forests"}},{"type":"Feature","geometry":{"type":"Point","coordinates":[-116.955897,48.940665]},"properties":{"kind":"campsite","osm":"node/12953470609","name":"1013-003","fee":"no","operator":"Idaho Panhandle National Forests"}},{"type":"Feature","geometry":{"type":"Point","coordinates":[-116.96153,48.93425]},"properties":{"kind":"campsite","osm":"node/12953470610","name":"1013-002","fee":"no","operator":"Idaho Panhandle National Forests"}},{"type":"Feature","geometry":{"type":"Point","coordinates":[-116.930702,48.974897]},"properties":{"kind":"campsite","osm":"node/12953470616","name":"1013-001","fee":"no","operator":"Idaho Panhandle National Forests"}},{"type":"Feature","geometry":{"type":"Point","coordinates":[-116.95056,48.837089]},"properties":{"kind":"campsite","osm":"node/12953470618","name":"1013-011A","fee":"no","operator":"Idaho Panhandle National Forests"}},{"type":"Feature","geometry":{"type":"Point","coordinates":[-116.950875,48.836671]},"properties":{"kind":"campsite","osm":"node/12953470619","name":"1013-011B","fee":"no","operator":"Idaho Panhandle National Forests"}},{"type":"Feature","geometry":{"type":"Point","coordinates":[-116.950948,48.83465]},"properties":{"kind":"campsite","osm":"node/12953470620","name":"1013-012","fee":"no","operator":"Idaho Panhandle National Forests"}},{"type":"Feature","geometry":{"type":"Point","coordinates":[-120.644051,48.273182]},"properties":{"kind":"campsite","osm":"node/12955066984","name":"Manly Wham","access":"yes","operator":"NPS","website":"https://www.nps.gov/noca/planyourvisit/boat-in-camping.htm","drinking_water":"no","toilets":"yes","reservation":"no","backcountry":"yes"}},{"type":"Feature","geometry":{"type":"Point","coordinates":[-122.877445,47.431088]},"properties":{"kind":"dump","osm":"node/12955703756","fee":"yes"}},{"type":"Feature","geometry":{"type":"Point","coordinates":[-122.881216,47.428051]},"properties":{"kind":"campsite","osm":"node/12955717339","name":"Cascadia Marine Trail Campsite -  Belfair State Park","fee":"yes","website":"https://www.wwta.org/sites/belfair-sp/","drinking_water":"yes","toilets":"yes","reservation":"no"}},{"type":"Feature","geometry":{"type":"Point","coordinates":[-122.489698,45.802787]},"properties":{"kind":"dump","osm":"node/12955737445"}},{"type":"Feature","geometry":{"type":"Point","coordinates":[-122.478316,48.487847]},"properties":{"kind":"dump","osm":"node/12955751258"}},{"type":"Feature","geometry":{"type":"Point","coordinates":[-119.609878,48.015584]},"properties":{"kind":"dump","osm":"node/12955803098"}},{"type":"Feature","geometry":{"type":"Point","coordinates":[-122.599281,47.596445]},"properties":{"kind":"dump","osm":"node/12959861580","fee":"yes"}},{"type":"Feature","geometry":{"type":"Point","coordinates":[-122.809354,47.225874]},"properties":{"kind":"campsite","osm":"node/12959869647","name":"Cascadia Marine Trail Campsite - Joemma Beach","fee":"yes","website":"https://www.wwta.org/sites/joemma-beach-sp/","drinking_water":"yes","toilets":"yes","reservation":"no"}},{"type":"Feature","geometry":{"type":"Point","coordinates":[-122.686177,47.310285]},"properties":{"kind":"campsite","osm":"node/12959903932","name":"Cascadia Marine Trail Campsite - Kopachuck","fee":"yes","website":"https://www.wwta.org/sites/kopachuck-sp/","drinking_water":"yes","toilets":"yes","reservation":"no"}},{"type":"Feature","geometry":{"type":"Point","coordinates":[-121.390497,47.484145]},"properties":{"kind":"campsite","osm":"node/12967965236","name":"Goldmyer Hot Springs Campsites","fee":"yes","access":"permit","backcountry":"yes"}},{"type":"Feature","geometry":{"type":"Point","coordinates":[-120.641538,47.599417]},"properties":{"kind":"dump","osm":"node/12974938449"}},{"type":"Feature","geometry":{"type":"Point","coordinates":[-123.234138,46.633781]},"properties":{"kind":"dump","osm":"node/12978086634"}},{"type":"Feature","geometry":{"type":"Point","coordinates":[-119.036925,46.201822]},"properties":{"kind":"campsite","osm":"node/12978151348","name":"Discovery Water Trail Campsite"}},{"type":"Feature","geometry":{"type":"Point","coordinates":[-123.03021,48.038972]},"properties":{"kind":"dump","osm":"node/12978322997"}},{"type":"Feature","geometry":{"type":"Point","coordinates":[-120.45584,46.591803]},"properties":{"kind":"dump","osm":"node/12981459402"}},{"type":"Feature","geometry":{"type":"Point","coordinates":[-122.281454,48.135529]},"properties":{"kind":"campsite","osm":"node/12998396687","name":"Camp Killoqua","access":"private"}},{"type":"Feature","geometry":{"type":"Point","coordinates":[-121.037992,48.956131]},"properties":{"kind":"campsite","osm":"node/13003639996"}},{"type":"Feature","geometry":{"type":"Point","coordinates":[-120.723132,47.805924]},"properties":{"kind":"campsite","osm":"node/13004926628"}},{"type":"Feature","geometry":{"type":"Point","coordinates":[-116.904558,48.562127]},"properties":{"kind":"campsite","osm":"node/13036664408","name":"Peninsula Campsites","fee":"yes","access":"yes","operator":"Idaho Panhandle National Forests","website":"https://www.fs.usda.gov/r01/idahopanhandle/recreation/kalispell-island-group-site-and-other-campgrounds","toilets":"no"}},{"type":"Feature","geometry":{"type":"Point","coordinates":[-116.903466,48.565081]},"properties":{"kind":"campsite","osm":"node/13036664409","name":"West Shores Campsites","fee":"yes","access":"yes","operator":"Idaho Panhandle National Forests","website":"https://www.fs.usda.gov/r01/idahopanhandle/recreation/kalispell-island-group-site-and-other-campgrounds","toilets":"no"}},{"type":"Feature","geometry":{"type":"Point","coordinates":[-116.900979,48.573577]},"properties":{"kind":"campsite","osm":"node/13036664413","name":"Shady Campsite","fee":"yes","access":"yes","operator":"Idaho Panhandle National Forests","website":"https://www.fs.usda.gov/r01/idahopanhandle/recreation/kalispell-island-group-site-and-other-campgrounds","toilets":"no"}},{"type":"Feature","geometry":{"type":"Point","coordinates":[-116.907252,48.568664]},"properties":{"kind":"campsite","osm":"node/13036664414","name":"Kalispell Vista Campsites","fee":"yes","access":"yes","operator":"Idaho Panhandle National Forests","website":"https://www.fs.usda.gov/r01/idahopanhandle/recreation/kalispell-island-group-site-and-other-campgrounds","toilets":"no"}},{"type":"Feature","geometry":{"type":"Point","coordinates":[-123.268258,47.83637]},"properties":{"kind":"campsite","osm":"node/13046335194","backcountry":"yes"}},{"type":"Feature","geometry":{"type":"Point","coordinates":[-123.314188,47.809295]},"properties":{"kind":"campsite","osm":"node/13046335196","name":"Bear Camp","backcountry":"yes"}},{"type":"Feature","geometry":{"type":"Point","coordinates":[-123.344432,47.797043]},"properties":{"kind":"campsite","osm":"node/13046335199","name":"Dose Meadows Camp","backcountry":"yes"}},{"type":"Feature","geometry":{"type":"Point","coordinates":[-123.345203,47.817079]},"properties":{"kind":"campsite","osm":"node/13046335200","name":"Lost River Camping Area","backcountry":"yes"}},{"type":"Feature","geometry":{"type":"Point","coordinates":[-123.357071,47.834501]},"properties":{"kind":"campsite","osm":"node/13046356201","name":"Lower Cameron Camp","backcountry":"yes"}},{"type":"Feature","geometry":{"type":"Point","coordinates":[-123.35632,47.838405]},"properties":{"kind":"campsite","osm":"node/13046356202","name":"Upper Cameron Camp","backcountry":"yes"}},{"type":"Feature","geometry":{"type":"Point","coordinates":[-123.350363,47.852897]},"properties":{"kind":"campsite","osm":"node/13046356204","name":"Lower Cameron Camp","backcountry":"yes"}},{"type":"Feature","geometry":{"type":"Point","coordinates":[-121.129096,47.674202]},"properties":{"kind":"campsite","osm":"node/13048801441","name":"Trap Pass Camping Area","fee":"no","toilets":"no","backcountry":"yes"}},{"type":"Feature","geometry":{"type":"Point","coordinates":[-121.248027,48.872248]},"properties":{"kind":"campsite","osm":"node/13073482645","name":"Beaver Pass Horse Camp","fee":"yes","access":"permit","operator":"North Cascades National Park","backcountry":"yes"}},{"type":"Feature","geometry":{"type":"Point","coordinates":[-123.39873,48.428338]},"properties":{"kind":"water","osm":"node/13074857602"}},{"type":"Feature","geometry":{"type":"Point","coordinates":[-120.962905,47.627899]},"properties":{"kind":"campsite","osm":"node/13078348945","backcountry":"yes"}},{"type":"Feature","geometry":{"type":"Point","coordinates":[-121.009439,47.65571]},"properties":{"kind":"campsite","osm":"node/13078348951","backcountry":"yes"}},{"type":"Feature","geometry":{"type":"Point","coordinates":[-121.042,47.665067]},"properties":{"kind":"campsite","osm":"node/13078348960","fee":"no","access":"yes","backcountry":"yes"}},{"type":"Feature","geometry":{"type":"Point","coordinates":[-121.018026,47.689429]},"properties":{"kind":"campsite","osm":"node/13078348980","backcountry":"yes"}},{"type":"Feature","geometry":{"type":"Point","coordinates":[-121.0154,47.686566]},"properties":{"kind":"campsite","osm":"node/13078348982","backcountry":"yes"}},{"type":"Feature","geometry":{"type":"Point","coordinates":[-121.001678,47.693873]},"properties":{"kind":"campsite","osm":"node/13078348991","fee":"no","backcountry":"yes"}},{"type":"Feature","geometry":{"type":"Point","coordinates":[-121.004926,47.692483]},"properties":{"kind":"campsite","osm":"node/13078348992","backcountry":"yes"}},{"type":"Feature","geometry":{"type":"Point","coordinates":[-120.964375,47.676716]},"properties":{"kind":"campsite","osm":"node/13078604369","backcountry":"yes"}},{"type":"Feature","geometry":{"type":"Point","coordinates":[-120.883934,47.629465]},"properties":{"kind":"campsite","osm":"node/13078604370","backcountry":"yes"}},{"type":"Feature","geometry":{"type":"Point","coordinates":[-120.911922,47.656318]},"properties":{"kind":"campsite","osm":"node/13078604372","backcountry":"yes"}},{"type":"Feature","geometry":{"type":"Point","coordinates":[-120.936155,47.656888]},"properties":{"kind":"campsite","osm":"node/13078604373","backcountry":"yes"}},{"type":"Feature","geometry":{"type":"Point","coordinates":[-120.935713,47.656373]},"properties":{"kind":"campsite","osm":"node/13078604374","backcountry":"yes"}},{"type":"Feature","geometry":{"type":"Point","coordinates":[-121.664011,48.733125]},"properties":{"kind":"campsite","osm":"node/13095171680","fee":"no","capacity":"1","reservation":"no"}},{"type":"Feature","geometry":{"type":"Point","coordinates":[-122.948541,46.119391]},"properties":{"kind":"dump","osm":"node/13099648144","fee":"no","access":"yes","operator":"City of Longview"}},{"type":"Feature","geometry":{"type":"Point","coordinates":[-121.740339,45.503269]},"properties":{"kind":"campsite","osm":"node/13102762001"}},{"type":"Feature","geometry":{"type":"Point","coordinates":[-121.791816,45.514736]},"properties":{"kind":"campsite","osm":"node/13102773301","name":"Behind the Prius Barrier"}},{"type":"Feature","geometry":{"type":"Point","coordinates":[-121.15683,47.630765]},"properties":{"kind":"campsite","osm":"node/13104320862","fee":"no","access":"yes","backcountry":"yes"}},{"type":"Feature","geometry":{"type":"Point","coordinates":[-121.178727,47.653401]},"properties":{"kind":"campsite","osm":"node/13104320863","fee":"no","backcountry":"yes"}},{"type":"Feature","geometry":{"type":"Point","coordinates":[-121.137003,47.611934]},"properties":{"kind":"campsite","osm":"node/13104320864","fee":"no","backcountry":"yes"}},{"type":"Feature","geometry":{"type":"Point","coordinates":[-123.728859,46.682754]},"properties":{"kind":"rv_park","osm":"node/13107144989"}},{"type":"Feature","geometry":{"type":"Point","coordinates":[-122.607369,48.518905]},"properties":{"kind":"dump","osm":"node/13113488775","fee":"yes","access":"yes","operator":"City Of Anacortes"}},{"type":"Feature","geometry":{"type":"Point","coordinates":[-122.797673,46.296461]},"properties":{"kind":"campsite","osm":"node/13115051001","name":"Cowlitz Valley Wildlife League","website":"https://cvwleague.org/"}},{"type":"Feature","geometry":{"type":"Point","coordinates":[-121.179274,48.045543]},"properties":{"kind":"campsite","osm":"node/13115477544","toilets":"yes","backcountry":"yes"}},{"type":"Feature","geometry":{"type":"Point","coordinates":[-121.055335,47.691358]},"properties":{"kind":"campsite","osm":"node/13115771200","fee":"no","access":"yes","backcountry":"yes"}},{"type":"Feature","geometry":{"type":"Point","coordinates":[-121.021123,47.690631]},"properties":{"kind":"campsite","osm":"node/13115823180","fee":"no","backcountry":"yes"}},{"type":"Feature","geometry":{"type":"Point","coordinates":[-121.04952,47.713885]},"properties":{"kind":"campsite","osm":"node/13115823801","fee":"no","access":"yes","backcountry":"yes"}},{"type":"Feature","geometry":{"type":"Point","coordinates":[-120.869138,47.679468]},"properties":{"kind":"campsite","osm":"node/13115851306","fee":"no","backcountry":"yes"}},{"type":"Feature","geometry":{"type":"Point","coordinates":[-120.858023,47.687991]},"properties":{"kind":"campsite","osm":"node/13115851307","fee":"no","backcountry":"yes"}},{"type":"Feature","geometry":{"type":"Point","coordinates":[-118.221945,48.452787]},"properties":{"kind":"campsite","osm":"node/13121414093","name":"Barnaby Creek Campground","operator":"National Park Service","website":"https://www.nps.gov/laro/index.htm"}},{"type":"Feature","geometry":{"type":"Point","coordinates":[-118.218448,47.941129]},"properties":{"kind":"campsite","osm":"node/13121451781","name":"Ponderosa Campground","operator":"National Park Service","website":"https://www.nps.gov/laro/index.htm"}},{"type":"Feature","geometry":{"type":"Point","coordinates":[-118.354532,48.039415]},"properties":{"kind":"campsite","osm":"node/13121468686","name":"Camp Na-Bor-Lee","operator":"National Park Service","website":"https://campnaborlee.com/"}},{"type":"Feature","geometry":{"type":"Point","coordinates":[-118.244695,47.946411]},"properties":{"kind":"campsite","osm":"node/13121496544","name":"Pierre Campground","operator":"National Park Service","website":"https://www.nps.gov/laro/planyourvisit/maps.htm"}},{"type":"Feature","geometry":{"type":"Point","coordinates":[-118.866408,47.949036]},"properties":{"kind":"campsite","osm":"node/13121498064","name":"Plum Point Campground","operator":"National Park Service","website":"https://www.nps.gov/laro/"}},{"type":"Feature","geometry":{"type":"Point","coordinates":[-122.647013,48.198069]},"properties":{"kind":"campsite","osm":"node/13121525797","name":"Rhododendron County Park","operator":"Rhododendron County Park"}},{"type":"Feature","geometry":{"type":"Point","coordinates":[-118.670043,48.04016]},"properties":{"kind":"campsite","osm":"node/13121536362","name":"Sanpoil Campground","operator":"National Park Service"}},{"type":"Feature","geometry":{"type":"Point","coordinates":[-118.214563,48.445487]},"properties":{"kind":"campsite","osm":"node/13121551140","name":"Barnaby Island Campground","operator":"National Park Service"}},{"type":"Feature","geometry":{"type":"Point","coordinates":[-118.116542,48.678185]},"properties":{"kind":"campsite","osm":"node/13121562510","name":"Kamloops Island Campground","operator":"National Park Service","website":"https://www.nps.gov/laro/planyourvisit/cg-kamloopsisland.htm"}},{"type":"Feature","geometry":{"type":"Point","coordinates":[-120.883641,47.168699]},"properties":{"kind":"dump","osm":"node/13121745681","access":"private"}},{"type":"Feature","geometry":{"type":"Point","coordinates":[-123.566227,48.547394]},"properties":{"kind":"rv_park","osm":"node/13124270517","name":"Malahat Mountain Meadows RV Resort & Campground - Campsite","fee":"yes","desc":"Open year round. Hot showers, laundromat.","toilets":"yes"}},{"type":"Feature","geometry":{"type":"Point","coordinates":[-118.93968,47.933697]},"properties":{"kind":"campsite","osm":"node/13127426232","name":"Spring Canyon Campground","access":"yes","operator":"National Park Service","website":"https://www.recreation.gov/camping/campgrounds/234064","capacity":"78"}},{"type":"Feature","geometry":{"type":"Point","coordinates":[-118.254019,48.063938]},"properties":{"kind":"campsite","osm":"node/13128950188","name":"Rogers Bar Campground","access":"yes","operator":"National Parks Service","website":"https://www.nps.gov/laro/planyourvisit/park-brochure.htm"}},{"type":"Feature","geometry":{"type":"Point","coordinates":[-118.12263,48.71603]},"properties":{"kind":"campsite","osm":"node/13128979831","name":"Kettle River Campground","access":"yes","operator":"National Park Service","website":"https://www.nps.gov/laro/planyourvisit/cg-kettleriver.htm"}},{"type":"Feature","geometry":{"type":"Point","coordinates":[-118.300737,48.054648]},"properties":{"kind":"campsite","osm":"node/13128995856","name":"Wilmont Creek Campground","fee":"no","access":"yes","operator":"National Park Service"}},{"type":"Feature","geometry":{"type":"Point","coordinates":[-118.037461,48.686056]},"properties":{"kind":"campsite","osm":"node/13129000912","name":"Summer Island Campground","access":"yes","operator":"National Park Service","website":"https://www.nps.gov/laro/planyourvisit/boat-camping.htm","toilets":"yes"}},{"type":"Feature","geometry":{"type":"Point","coordinates":[-124.052754,48.421223]},"properties":{"kind":"rv_park","osm":"node/13135659598","name":"Jordan River Regional Park campground","fee":"yes","operator":"Capital Regional District","website":"https://www.crd.ca/parks-recreation/find-park-or-trail/jordan-river-regional-park","capacity":"23","toilets":"separate"}},{"type":"Feature","geometry":{"type":"Point","coordinates":[-124.262952,48.887794]},"properties":{"kind":"rv_park","osm":"node/13137614493","name":"Pine Point Campground","fee":"yes","operator":"Silvifor Resource Consultants Ltd.","website":"https://www.vicamping.com/campsites/pinepoint","desc":"Sites are available for reservations and on a First Come, First Served, basis. Direct access to the lake.","capacity":"60","toilets":"yes"}},{"type":"Feature","geometry":{"type":"Point","coordinates":[-117.186397,48.683377]},"properties":{"kind":"campsite","osm":"node/13179603835","fee":"no","access":"yes","backcountry":"yes"}},{"type":"Feature","geometry":{"type":"Point","coordinates":[-117.207658,48.690858]},"properties":{"kind":"campsite","osm":"node/13179610558","fee":"no","backcountry":"yes"}},{"type":"Feature","geometry":{"type":"Point","coordinates":[-120.709206,48.552057]},"properties":{"kind":"campsite","osm":"node/13181048971","name":"Porcupine Creek","fee":"no","access":"yes","operator":"United States Forest Service","backcountry":"yes"}},{"type":"Feature","geometry":{"type":"Point","coordinates":[-120.700452,48.555022]},"properties":{"kind":"campsite","osm":"node/13181048995","name":"Cutthroat Pass","fee":"no","access":"yes","operator":"United States Forest Servie","backcountry":"yes"}},{"type":"Feature","geometry":{"type":"Point","coordinates":[-120.719947,48.585226]},"properties":{"kind":"campsite","osm":"node/13181054270","fee":"no","access":"yes","operator":"United States Forest Service","backcountry":"yes"}},{"type":"Feature","geometry":{"type":"Point","coordinates":[-120.719494,48.589811]},"properties":{"kind":"campsite","osm":"node/13181054273","name":"Lower Snowy Lake","fee":"no","operator":"United States Forest Service","backcountry":"yes"}},{"type":"Feature","geometry":{"type":"Point","coordinates":[-120.721567,48.592667]},"properties":{"kind":"campsite","osm":"node/13181054277","name":"Upper Snowy Lake","fee":"no","access":"yes","operator":"United States Forest Service","drinking_water":"no","backcountry":"yes"}},{"type":"Feature","geometry":{"type":"Point","coordinates":[-121.377229,46.993162]},"properties":{"kind":"campsite","osm":"node/13188836730","name":"Crow Creek Camping Area","backcountry":"yes"}},{"type":"Feature","geometry":{"type":"Point","coordinates":[-121.362518,46.984691]},"properties":{"kind":"campsite","osm":"node/13188836731","name":"Sheepherder Lake Camping Area","backcountry":"yes"}},{"type":"Feature","geometry":{"type":"Point","coordinates":[-120.457921,48.277078]},"properties":{"kind":"campsite","osm":"node/13197948707","name":"West Oval Lake Camping Area","toilets":"yes","backcountry":"yes"}},{"type":"Feature","geometry":{"type":"Point","coordinates":[-120.439451,48.252952]},"properties":{"kind":"campsite","osm":"node/13197952519","name":"Star Lake Camping Area","backcountry":"yes"}},{"type":"Feature","geometry":{"type":"Point","coordinates":[-120.383521,48.284647]},"properties":{"kind":"campsite","osm":"node/13197952715","backcountry":"yes"}},{"type":"Feature","geometry":{"type":"Point","coordinates":[-122.516915,47.622635]},"properties":{"kind":"water","osm":"node/13236165242","drinking_water":"yes"}},{"type":"Feature","geometry":{"type":"Point","coordinates":[-121.796975,45.838403]},"properties":{"kind":"campsite","osm":"node/13269473953","backcountry":"yes"}},{"type":"Feature","geometry":{"type":"Point","coordinates":[-121.797151,45.843131]},"properties":{"kind":"campsite","osm":"node/13269473954","backcountry":"yes"}},{"type":"Feature","geometry":{"type":"Point","coordinates":[-121.769232,45.833917]},"properties":{"kind":"campsite","osm":"node/13269527495","name":"Cold Spring Camp","backcountry":"yes"}},{"type":"Feature","geometry":{"type":"Point","coordinates":[-121.533395,45.996987]},"properties":{"kind":"dump","osm":"node/13281591498"}},{"type":"Feature","geometry":{"type":"Point","coordinates":[-121.591285,47.133966]},"properties":{"kind":"campsite","osm":"node/13307325894","name":"Dispersed Camping"}},{"type":"Feature","geometry":{"type":"Point","coordinates":[-121.893816,45.691598]},"properties":{"kind":"campsite","osm":"node/13328937985","name":"Rock Creek Campground","fee":"yes","website":"https://www.skamaniacounty.org/Home/Components/FacilityDirectory/FacilityDirectory/16/258"}},{"type":"Feature","geometry":{"type":"Point","coordinates":[-121.643141,45.801315]},"properties":{"kind":"campsite","osm":"node/13328965334","name":"Big Cedars Campground","fee":"yes","website":"https://www.skamaniacounty.org/Home/Components/FacilityDirectory/FacilityDirectory/52/258"}},{"type":"Feature","geometry":{"type":"Point","coordinates":[-121.890091,45.693302]},"properties":{"kind":"dump","osm":"node/13328966500","name":"Stevenson Trailer Sewage Dump Station","fee":"yes","website":"https://www.skamaniacounty.org/Home/Components/FacilityDirectory/FacilityDirectory/94/258"}},{"type":"Feature","geometry":{"type":"Point","coordinates":[-122.036025,46.694955]},"properties":{"kind":"campsite","osm":"node/13329132167","name":"Anderson Lake Camp","reservation":"required"}},{"type":"Feature","geometry":{"type":"Point","coordinates":[-122.148972,46.213748]},"properties":{"kind":"campsite","osm":"node/13358620143","backcountry":"yes"}},{"type":"Feature","geometry":{"type":"Point","coordinates":[-122.198755,46.166419]},"properties":{"kind":"campsite","osm":"node/13358620144","backcountry":"yes"}},{"type":"Feature","geometry":{"type":"Point","coordinates":[-123.487711,45.621354]},"properties":{"kind":"campsite","osm":"node/13358620151","backcountry":"yes"}},{"type":"Feature","geometry":{"type":"Point","coordinates":[-119.349731,48.244058]},"properties":{"kind":"campsite","osm":"node/13411221152","name":"Kartar Rock Campground"}},{"type":"Feature","geometry":{"type":"Point","coordinates":[-119.373048,48.248996]},"properties":{"kind":"campsite","osm":"node/13411221153","name":"Baines Beach Campground"}},{"type":"Feature","geometry":{"type":"Point","coordinates":[-119.441438,48.315856]},"properties":{"kind":"campsite","osm":"node/13411221173","name":"Omak Lake - Nicholson Beach Campground","toilets":"yes"}},{"type":"Feature","geometry":{"type":"Point","coordinates":[-119.340547,48.168343]},"properties":{"kind":"campsite","osm":"node/13411265000","name":"Big Goose Lake Campground"}},{"type":"Feature","geometry":{"type":"Point","coordinates":[-119.517614,48.273961]},"properties":{"kind":"campsite","osm":"node/13411269306","name":"Little Goose Lake Campground"}},{"type":"Feature","geometry":{"type":"Point","coordinates":[-118.921957,48.369972]},"properties":{"kind":"campsite","osm":"node/13411288340","name":"Gold Lake Campground"}},{"type":"Feature","geometry":{"type":"Point","coordinates":[-119.149722,48.283122]},"properties":{"kind":"campsite","osm":"node/13411310462","name":"Summit Lake Campground"}},{"type":"Feature","geometry":{"type":"Point","coordinates":[-118.937838,48.055337]},"properties":{"kind":"campsite","osm":"node/13411366622","name":"Rebecca Lake Campground"}},{"type":"Feature","geometry":{"type":"Point","coordinates":[-121.692811,47.933637]},"properties":{"kind":"campsite","osm":"node/13424721380","backcountry":"yes"}},{"type":"Feature","geometry":{"type":"Point","coordinates":[-123.737538,47.484167]},"properties":{"kind":"campsite","osm":"node/13440460002","name":"Moonshine Flats","fee":"no","backcountry":"yes"}},{"type":"Feature","geometry":{"type":"Point","coordinates":[-119.437314,48.948765]},"properties":{"kind":"dump","osm":"node/13507378608"}},{"type":"Feature","geometry":{"type":"Point","coordinates":[-119.507152,48.676916]},"properties":{"kind":"campsite","osm":"node/13509986687","name":"Aeneas Lake Public Access Camping Area"}},{"type":"Feature","geometry":{"type":"Point","coordinates":[-122.729446,48.02305]},"properties":{"kind":"campsite","osm":"node/13513369163","name":"Cascadia Marine Trail Campsite - Oak Bay","fee":"yes","website":"https://www.wwta.org/sites/oak-bay-county-park/","drinking_water":"yes","toilets":"yes","reservation":"no"}},{"type":"Feature","geometry":{"type":"Point","coordinates":[-122.324036,48.477105]},"properties":{"kind":"dump","osm":"node/13547267134"}},{"type":"Feature","geometry":{"type":"Point","coordinates":[-121.182064,46.642309]},"properties":{"kind":"dump","osm":"node/13593690462"}},{"type":"Feature","geometry":{"type":"Point","coordinates":[-123.160085,46.825692]},"properties":{"kind":"dump","osm":"node/13596131007"}},{"type":"Feature","geometry":{"type":"Point","coordinates":[-124.056701,46.390132]},"properties":{"kind":"dump","osm":"node/13596329886"}},{"type":"Feature","geometry":{"type":"Point","coordinates":[-123.220061,46.173838]},"properties":{"kind":"dump","osm":"node/13596388957","fee":"yes"}},{"type":"Feature","geometry":{"type":"Point","coordinates":[-122.877133,46.306239]},"properties":{"kind":"dump","osm":"node/13596420210"}},{"type":"Feature","geometry":{"type":"Point","coordinates":[-123.305442,48.094628]},"properties":{"kind":"dump","osm":"node/13596656863"}},{"type":"Feature","geometry":{"type":"Point","coordinates":[-123.16095,48.078007]},"properties":{"kind":"dump","osm":"node/13596674766"}},{"type":"Feature","geometry":{"type":"Point","coordinates":[-120.818079,45.684751]},"properties":{"kind":"dump","osm":"node/13599045928"}},{"type":"Feature","geometry":{"type":"Point","coordinates":[-118.24004,48.624194]},"properties":{"kind":"campsite","osm":"node/13601407801","name":"Trout Lake"}},{"type":"Feature","geometry":{"type":"Point","coordinates":[-121.132943,47.017741]},"properties":{"kind":"campsite","osm":"node/13618549317","name":"Ponderosa Camp","fee":"yes","operator":"USFS","website":"https://www.fs.usda.gov/r06/okanogan-wenatchee/recreation/ponderosa-camp","drinking_water":"no","toilets":"yes","reservation":"no"}},{"type":"Feature","geometry":{"type":"Point","coordinates":[-120.587451,48.199584]},"properties":{"kind":"campsite","osm":"node/13618618549","name":"Refrigerator Harbor Campground","fee":"yes","operator":"Okanogan-Wenatchee National Forest","website":"https://www.fs.usda.gov/r06/okanogan-wenatchee/recreation/refrigerator-harbor-campground","drinking_water":"no","toilets":"yes"}},{"type":"Feature","geometry":{"type":"Point","coordinates":[-122.585961,48.391905]},"properties":{"kind":"campsite","osm":"node/13623589992","name":"Cascadia Marine Trail Campsite - Ala Spit","fee":"no","operator":"Washington Water Trails Association","website":"https://www.wwta.org/sites/ala-spit/","drinking_water":"no","reservation":"no"}},{"type":"Feature","geometry":{"type":"Point","coordinates":[-122.506746,47.702836]},"properties":{"kind":"campsite","osm":"node/13623604362","name":"Cascadia Marine Trail Campsite - Fay Bainbridge","fee":"yes","website":"https://www.wwta.org/sites/fay-bainbridge-sp/","drinking_water":"yes","toilets":"yes","reservation":"no"}},{"type":"Feature","geometry":{"type":"Point","coordinates":[-122.932235,47.183696]},"properties":{"kind":"campsite","osm":"node/13623628204","name":"Cascadia Marine Trail Campsite - Hope Island","fee":"yes","website":"https://www.wwta.org/sites/hope-island-sp/","toilets":"yes","reservation":"no"}},{"type":"Feature","geometry":{"type":"Point","coordinates":[-122.59067,47.228345]},"properties":{"kind":"campsite","osm":"node/13623671304","name":"Cascadia Marine Trail Campsite - Fox Island Fishing Pier","fee":"yes","website":"https://www.wwta.org/sites/fox-island-fishing-pier/","drinking_water":"yes","toilets":"yes","reservation":"no"}},{"type":"Feature","geometry":{"type":"Point","coordinates":[-122.746189,47.299675]},"properties":{"kind":"campsite","osm":"node/13623738786","name":"Cascadia Marine Trail Campsite - Maple Hollow","website":"https://www.wwta.org/sites/maple-hollow/","drinking_water":"yes","toilets":"yes","reservation":"no"}},{"type":"Feature","geometry":{"type":"Point","coordinates":[-122.521542,47.406053]},"properties":{"kind":"campsite","osm":"node/13623745156","name":"Cascadia Marine Trail Campsite - Lisabuela","fee":"yes","access":"yes","toilets":"yes","reservation":"recommended"}},{"type":"Feature","geometry":{"type":"Point","coordinates":[-122.564458,47.266516]},"properties":{"kind":"campsite","osm":"node/13623766853","name":"Cascadia Marine Trail Campsite -  Narrows Park","website":"https://www.wwta.org/sites/narrows-park/","drinking_water":"yes","toilets":"yes","reservation":"yes"}},{"type":"Feature","geometry":{"type":"Point","coordinates":[-122.657486,48.283226]},"properties":{"kind":"campsite","osm":"node/13623788409","name":"Cascadia Marine Trail Campsite - Oak Harbor - Windjammer Park","fee":"no","website":"https://www.wwta.org/sites/oak-harbor-city-park/","drinking_water":"no","toilets":"yes","reservation":"required"}},{"type":"Feature","geometry":{"type":"Point","coordinates":[-123.156223,47.362475]},"properties":{"kind":"campsite","osm":"node/13623861060","name":"Cascadia Marine Trail Campsite - Potlatch","website":"https://www.wwta.org/sites/potlatch-sp/","drinking_water":"yes","toilets":"yes","reservation":"no"}},{"type":"Feature","geometry":{"type":"Point","coordinates":[-122.501319,48.386126]},"properties":{"kind":"campsite","osm":"node/13623874740","name":"Cascadia Marine Trail Campsite - Pioneer Park","fee":"yes","website":"https://www.wwta.org/sites/pioneer-park/","drinking_water":"yes","toilets":"yes","reservation":"no"}},{"type":"Feature","geometry":{"type":"Point","coordinates":[-123.160603,48.542937]},"properties":{"kind":"campsite","osm":"node/13623880324","name":"Cascadia Marine Trail Campsite -  San Juan County Park","fee":"yes","website":"https://www.wwta.org/sites/san-juan-co-park/","drinking_water":"yes","toilets":"yes","reservation":"recommended"}},{"type":"Feature","geometry":{"type":"Point","coordinates":[-122.666412,47.27759]},"properties":{"kind":"campsite","osm":"node/13623901396","name":"Cascadia Marine Trail Campsite - Tacoma DeMolay Sandspit Nature Preserve","fee":"yes","website":"https://www.wwta.org/sites/tacoma-demolay-sandspit-nature-preserve/","drinking_water":"no","toilets":"yes"}},{"type":"Feature","geometry":{"type":"Point","coordinates":[-122.555947,47.350102]},"properties":{"kind":"campsite","osm":"node/13623905342","name":"Cascadia Marine Trail Campsite - Sunrise Beach Park","fee":"yes","website":"https://www.wwta.org/sites/sunrise-beach-park/","drinking_water":"no","toilets":"yes"}},{"type":"Feature","geometry":{"type":"Point","coordinates":[-122.985783,47.6083]},"properties":{"kind":"campsite","osm":"node/13623924228","name":"Cascadia Marine Trail Campsite - Triton Cove","fee":"yes","website":"https://www.wwta.org/sites/triton-cove-sp/","drinking_water":"no","toilets":"yes","reservation":"no"}},{"type":"Feature","geometry":{"type":"Point","coordinates":[-123.060927,47.202136]},"properties":{"kind":"campsite","osm":"node/13623928151","name":"Cascadia Marine Trail Campsite - Walker Park","fee":"no","website":"https://www.wwta.org/sites/walker-park/","drinking_water":"yes","toilets":"yes","reservation":"required"}},{"type":"Feature","geometry":{"type":"Point","coordinates":[-122.636569,47.889486]},"properties":{"kind":"campsite","osm":"node/13623928964","name":"Cascadia Marine Trail Campsite - Wolfe Property State Park","fee":"yes","website":"https://www.wwta.org/sites/wolfe-property/","drinking_water":"no","toilets":"yes","reservation":"no"}},{"type":"Feature","geometry":{"type":"Point","coordinates":[-124.678769,48.018057]},"properties":{"kind":"campsite","osm":"node/13626071742","name":"Cedar Creek","operator":"National Parks Service","backcountry":"yes"}},{"type":"Feature","geometry":{"type":"Point","coordinates":[-121.779263,46.537504]},"properties":{"kind":"dump","osm":"node/13648305134","access":"customers"}},{"type":"Feature","geometry":{"type":"Point","coordinates":[-121.778555,46.534499]},"properties":{"kind":"dump","osm":"node/13648305139","access":"customers"}},{"type":"Feature","geometry":{"type":"Point","coordinates":[-122.177857,46.717081]},"properties":{"kind":"dump","osm":"node/13676094790"}},{"type":"Feature","geometry":{"type":"Point","coordinates":[-122.403662,46.511964]},"properties":{"kind":"dump","osm":"node/13683322737"}},{"type":"Feature","geometry":{"type":"Point","coordinates":[-122.40242,46.512479]},"properties":{"kind":"dump","osm":"node/13683322752"}},{"type":"Feature","geometry":{"type":"Point","coordinates":[-124.173173,47.083168]},"properties":{"kind":"dump","osm":"node/13683399801"}},{"type":"Feature","geometry":{"type":"Point","coordinates":[-119.307708,47.145584]},"properties":{"kind":"campsite","osm":"node/13689038268","name":"Grant County Fairground","fee":"yes","access":"yes","operator":"Grant County Washington"}},{"type":"Feature","geometry":{"type":"Point","coordinates":[-118.766204,46.315787]},"properties":{"kind":"dump","osm":"node/13702964174"}},{"type":"Feature","geometry":{"type":"Point","coordinates":[-124.684878,48.667495]},"properties":{"kind":"campsite","osm":"node/13744096784","name":"Three Sisters Camp","fee":"yes","website":"https://bcparks.ca/carmanah-walbran-park/"}},{"type":"Feature","geometry":{"type":"Point","coordinates":[-120.283745,47.534865]},"properties":{"kind":"dump","osm":"node/13799511248"}},{"type":"Feature","geometry":{"type":"Point","coordinates":[-120.453352,48.174883]},"properties":{"kind":"campsite","osm":"node/13889418273","toilets":"no","backcountry":"yes"}},{"type":"Feature","geometry":{"type":"Point","coordinates":[-120.455062,48.181035]},"properties":{"kind":"campsite","osm":"node/13889951308","toilets":"no","backcountry":"yes"}},{"type":"Feature","geometry":{"type":"Point","coordinates":[-116.908328,46.754548]},"properties":{"kind":"campsite","osm":"node/13892743376","name":"Robinson Park Campground","fee":"yes","access":"yes","operator":"Moscow County","website":"https://latahcountyid.gov/parks_rec/","reservation":"no"}},{"type":"Feature","geometry":{"type":"Point","coordinates":[-120.408558,48.198549]},"properties":{"kind":"campsite","osm":"node/13894236499","name":"Cub Lake Camp","backcountry":"yes"}},{"type":"Feature","geometry":{"type":"Point","coordinates":[-123.384504,47.008058]},"properties":{"kind":"dump","osm":"node/13905502247","access":"customers"}},{"type":"Feature","geometry":{"type":"Point","coordinates":[-117.000042,48.176411]},"properties":{"kind":"campsite","osm":"node/13906068672","name":"Albeni Cove","fee":"yes","operator":"USACE","website":"https://www.recreation.gov/camping/campgrounds/233791","desc":"Albeni Cove is a small campground located just upstream from Albeni Falls Dam on the Pend Oreille. \n\nSituated amongst firs, cedars and pines, Albeni Cove provides a rustic, but incredibly beautiful location for camping and recreation on the river.","reservation":"required"}},{"type":"Feature","geometry":{"type":"Point","coordinates":[-117.749084,46.682027]},"properties":{"kind":"campsite","osm":"node/13906078976","name":"Willow Landing Campground","access":"yes","operator":"USACE","website":"https://www.nww.usace.army.mil/Locations/District-Locks-and-Dams/Little-Goose-Lock-and-Dam/Willow-Landing/","desc":"Camping Area: Tent/RV, Fire Pits/Grills, Picnic Tables, primitive camping is available. Location: Lake Bryan at Snake River Mile 88 on South River Bank.","reservation":"no"}},{"type":"Feature","geometry":{"type":"Point","coordinates":[-120.476086,48.268417]},"properties":{"kind":"campsite","osm":"node/13913421830","backcountry":"yes"}},{"type":"Feature","geometry":{"type":"Point","coordinates":[-121.112868,47.195271]},"properties":{"kind":"campsite","osm":"node/13913437504","name":"Lake Sena Campground"}},{"type":"Feature","geometry":{"type":"Point","coordinates":[-117.270983,46.559216]},"properties":{"kind":"campsite","osm":"node/13916565436","name":"Blyton Landing Campground","fee":"no","access":"yes","operator":"USACE","website":"https://www.nww.usace.army.mil/Locations/District-Locks-and-Dams/Lower-Granite-Lock-and-Dam/Blyton-Landing/","desc":"Facilities\nCamping Area: Tent/RV, Fire pits/grills, picnic tables\nDay-Use Area: Boat ramp (1-lane), handling dock, Fire pits/grills, picnic tables, vault toilets"}},{"type":"Feature","geometry":{"type":"Point","coordinates":[-117.417967,46.652766]},"properties":{"kind":"campsite","osm":"node/13916571595","name":"Offield Landing Recreation Area","fee":"no","access":"yes","operator":"USACE","website":"https://www.nww.usace.army.mil/Locations/District-Locks-and-Dams/Lower-Granite-Lock-and-Dam/Offield-Landing/","desc":"Pets must be kept on a leash. Horses and hunting are prohibited. No wood fires allowed from June 10 through October 10. Charcoal and propane fires are acceptable. The Park Ranger can be reached at 509-397-6413 ext. 262."}},{"type":"Feature","geometry":{"type":"Point","coordinates":[-120.640344,48.770079]},"properties":{"kind":"campsite","osm":"node/13944448392","name":"Robinson Creek Backcountry Camp (Stock use)","fee":"no","backcountry":"yes"}},{"type":"Feature","geometry":{"type":"Point","coordinates":[-120.2385,48.961042]},"properties":{"kind":"campsite","osm":"node/13944473715","name":"Spanish Camp","fee":"no","backcountry":"yes"}},{"type":"Feature","geometry":{"type":"Point","coordinates":[-120.217517,48.926257]},"properties":{"kind":"campsite","osm":"node/13944473716","name":"Andrew Pass backcountry camp area","fee":"no","backcountry":"yes"}},{"type":"Feature","geometry":{"type":"Point","coordinates":[-120.062144,48.923068]},"properties":{"kind":"campsite","osm":"node/13944473717","name":"Hiker and stock camp","fee":"no","backcountry":"yes"}},{"type":"Feature","geometry":{"type":"Point","coordinates":[-120.131641,48.977486]},"properties":{"kind":"campsite","osm":"node/13944473718","fee":"no","backcountry":"yes"}},{"type":"Feature","geometry":{"type":"Point","coordinates":[-120.080616,48.946132]},"properties":{"kind":"campsite","osm":"node/13944473719","fee":"no","backcountry":"yes"}},{"type":"Feature","geometry":{"type":"Point","coordinates":[-120.10209,48.967944]},"properties":{"kind":"campsite","osm":"node/13944473720","backcountry":"yes"}},{"type":"Feature","geometry":{"type":"Point","coordinates":[-120.050803,48.890647]},"properties":{"kind":"campsite","osm":"node/13944473721","fee":"no","backcountry":"yes"}},{"type":"Feature","geometry":{"type":"Point","coordinates":[-117.911051,45.562958]},"properties":{"kind":"rv_park","osm":"node/13950453064"}},{"type":"Feature","geometry":{"type":"Point","coordinates":[-123.900566,45.68598]},"properties":{"kind":"rv_park","osm":"node/13950594144"}},{"type":"Feature","geometry":{"type":"Point","coordinates":[-118.691662,47.925532]},"properties":{"kind":"dump","osm":"node/13962989367"}},{"type":"Feature","geometry":{"type":"Point","coordinates":[-122.223017,47.998193]},"properties":{"kind":"dump","osm":"node/13963396312"}},{"type":"Feature","geometry":{"type":"Point","coordinates":[-121.381783,46.735996]},"properties":{"kind":"campsite","osm":"node/13991049815","backcountry":"yes"}},{"type":"Feature","geometry":{"type":"Point","coordinates":[-121.437553,46.72443]},"properties":{"kind":"campsite","osm":"node/13991296098","backcountry":"yes"}},{"type":"Feature","geometry":{"type":"Point","coordinates":[-121.435371,46.724226]},"properties":{"kind":"campsite","osm":"node/13991296099","backcountry":"yes"}},{"type":"Feature","geometry":{"type":"Point","coordinates":[-122.014697,46.503526]},"properties":{"kind":"dump","osm":"node/13991685944"}},{"type":"Feature","geometry":{"type":"Point","coordinates":[-123.003605,45.547606]},"properties":{"kind":"campsite","osm":"way/30299745","name":"Camp Ireland","access":"private","operator":"Boy Scouts of America"}},{"type":"Feature","geometry":{"type":"Point","coordinates":[-119.925019,47.133352]},"properties":{"kind":"campsite","osm":"way/33261297","name":"Ancient Lakes Camping Area","drinking_water":"no","toilets":"yes","reservation":"no","backcountry":"no"}},{"type":"Feature","geometry":{"type":"Point","coordinates":[-123.274281,48.766642]},"properties":{"kind":"campsite","osm":"way/35173404","name":"Prior Centennial Campground","fee":"yes","website":"https://parks.canada.ca/pn-np/bc/gulf/activ/camping"}},{"type":"Feature","geometry":{"type":"Point","coordinates":[-123.625042,47.397099]},"properties":{"kind":"campsite","osm":"way/37750221","name":"Dispersed Camping Area"}},{"type":"Feature","geometry":{"type":"Point","coordinates":[-123.908279,45.557553]},"properties":{"kind":"rv_park","osm":"way/39996459"}},{"type":"Feature","geometry":{"type":"Point","coordinates":[-123.548313,48.466085]},"properties":{"kind":"campsite","osm":"way/47599122","name":"Goldstream Group Campsite - Prospector (Upper) Site","fee":"yes","website":"https://bcparks.ca/goldstream-park/"}},{"type":"Feature","geometry":{"type":"Point","coordinates":[-121.890707,47.636292]},"properties":{"kind":"campsite","osm":"way/57404570","name":"Camp River Ranch","operator":"Girl Scouts of Western Washington"}},{"type":"Feature","geometry":{"type":"Point","coordinates":[-122.673993,48.157276]},"properties":{"kind":"campsite","osm":"way/57819128","name":"Fort Casey State Park Campground","fee":"yes","access":"yes","operator":"Washington State Parks and Recreation Commission","backcountry":"no"}},{"type":"Feature","geometry":{"type":"Point","coordinates":[-121.978775,49.046307]},"properties":{"kind":"campsite","osm":"way/59668886","name":"Delta Grove Campground","fee":"yes","operator":"Sea to Sky Park Services Ltd.","website":"https://www.env.gov.bc.ca/bcparks/explore/parkpgs/cultus_lk/","capacity":"58"}},{"type":"Feature","geometry":{"type":"Point","coordinates":[-121.977068,49.045027]},"properties":{"kind":"campsite","osm":"way/59670900","name":"Clear Creek Campground","fee":"yes","operator":"Sea to Sky Park Services Ltd.","website":"https://www.env.gov.bc.ca/bcparks/explore/parkpgs/cultus_lk/","capacity":"82"}},{"type":"Feature","geometry":{"type":"Point","coordinates":[-121.92704,47.664198]},"properties":{"kind":"campsite","osm":"way/63057870","name":"Camp Gilead","access":"private","website":"https://www.campgilead.org/"}},{"type":"Feature","geometry":{"type":"Point","coordinates":[-124.240982,48.065791]},"properties":{"kind":"campsite","osm":"way/70906662","name":"Bear Creek Campground","access":"yes","operator":"Washington State Department of Natural Resources","website":"https://www.dnr.wa.gov/OlympicPeninsula","toilets":"yes","backcountry":"no"}},{"type":"Feature","geometry":{"type":"Point","coordinates":[-122.421781,48.957258]},"properties":{"kind":"campsite","osm":"way/75369470","name":"Lynden / Bellingham KOA","operator":"Kampgrounds of America, Inc.","website":"https://koa.com/where/wa/47157/"}},{"type":"Feature","geometry":{"type":"Point","coordinates":[-123.328573,47.514422]},"properties":{"kind":"campsite","osm":"way/85446244","name":"Staircase Campground","fee":"yes","operator":"U.S. National Park Service","toilets":"yes","backcountry":"yes"}},{"type":"Feature","geometry":{"type":"Point","coordinates":[-124.60742,47.917775]},"properties":{"kind":"campsite","osm":"way/85522715","name":"Mora Campground","fee":"yes","access":"yes","operator":"National Park Service","website":"https://www.nps.gov/olym/planyourvisit/visiting-mora-and-rialto.htm","capacity":"94","drinking_water":"yes","toilets":"yes","reservation":"yes","backcountry":"no"}},{"type":"Feature","geometry":{"type":"Point","coordinates":[-124.375293,47.612984]},"properties":{"kind":"campsite","osm":"way/85524532","name":"Kalaloch Campground","fee":"yes","operator":"National Park Service","toilets":"yes","backcountry":"no"}},{"type":"Feature","geometry":{"type":"Point","coordinates":[-123.093998,49.032823]},"properties":{"kind":"rv_park","osm":"way/95244662","name":"ParkCanada RV Park"}},{"type":"Feature","geometry":{"type":"Point","coordinates":[-123.715703,48.896078]},"properties":{"kind":"rv_park","osm":"way/127845081","name":"Country Maples RV Resort"}},{"type":"Feature","geometry":{"type":"Point","coordinates":[-123.368632,48.57531]},"properties":{"kind":"campsite","osm":"way/139815716","name":"Island View Beach Regional Park Campground","fee":"yes","operator":"CRD Parks","website":"https://www.crd.bc.ca/parks-recreation-culture/parks-trails/find-park-trail/island-view-beach","drinking_water":"yes","reservation":"no"}},{"type":"Feature","geometry":{"type":"Point","coordinates":[-123.363504,48.557863]},"properties":{"kind":"rv_park","osm":"way/139816052","name":"Beachcomber RV Park"}},{"type":"Feature","geometry":{"type":"Point","coordinates":[-118.357081,46.047659]},"properties":{"kind":"rv_park","osm":"way/141905705","name":"RV Resort Four Seasons","website":"https://4seasonsrvwa.com/"}},{"type":"Feature","geometry":{"type":"Point","coordinates":[-122.614523,45.806971]},"properties":{"kind":"rv_park","osm":"way/149642708","name":"Big Fir Campground & RV Park","access":"private","operator":"Private Ownership"}},{"type":"Feature","geometry":{"type":"Point","coordinates":[-122.048459,47.565179]},"properties":{"kind":"campsite","osm":"way/156126793","name":"Hans Jensen Youth Group Camp","website":"https://www.visitissaquahwa.com/places/hans-jensen-group-camping/"}},{"type":"Feature","geometry":{"type":"Point","coordinates":[-123.426379,48.673959]},"properties":{"kind":"campsite","osm":"way/156900831","name":"Smone\u0107ten (McDonald) Campground","fee":"yes","website":"https://parks.canada.ca/pn-np/bc/gulf/activ/camping/campinglavantpays-frontcountrycamping"}},{"type":"Feature","geometry":{"type":"Point","coordinates":[-123.954465,46.186477]},"properties":{"kind":"campsite","osm":"way/157344225","name":"KOA Camp Ground"}},{"type":"Feature","geometry":{"type":"Point","coordinates":[-123.563473,48.462195]},"properties":{"kind":"campsite","osm":"way/164113984","name":"Goldstream Campground","fee":"yes","website":"https://bcparks.ca/goldstream-park/"}},{"type":"Feature","geometry":{"type":"Point","coordinates":[-124.185171,48.588264]},"properties":{"kind":"campsite","osm":"way/168055393","name":"San Juan River Recreation Site","website":"https://www.sitesandtrailsbc.ca/resource/REC0270"}},{"type":"Feature","geometry":{"type":"Point","coordinates":[-123.573257,48.348949]},"properties":{"kind":"rv_park","osm":"way/169792105","name":"Pedder Bay RV Park","fee":"yes","website":"https://www.pedderbay.com/rv-resort/pedder-bay-rv-resort.htm"}},{"type":"Feature","geometry":{"type":"Point","coordinates":[-123.943055,48.777061]},"properties":{"kind":"campsite","osm":"way/170994137","name":"Horseshoe Bend Group Campsite","fee":"yes","website":"https://bcparks.ca/cowichan-river-park/"}},{"type":"Feature","geometry":{"type":"Point","coordinates":[-121.408226,47.72887]},"properties":{"kind":"campsite","osm":"way/179561687","name":"Money Creek Campground","fee":"yes","operator":"USFS","website":"https://www.fs.usda.gov/r06/mbs/recreation/money-creek-campground","drinking_water":"yes","toilets":"yes","reservation":"recommended"}},{"type":"Feature","geometry":{"type":"Point","coordinates":[-123.965256,46.184624]},"properties":{"kind":"campsite","osm":"way/185503895","name":"Fort Stevens State Park - North Campground"}},{"type":"Feature","geometry":{"type":"Point","coordinates":[-123.546459,48.464205]},"properties":{"kind":"campsite","osm":"way/189157243","name":"Goldstream Group Campsite - Goldminer (Lower) Site","fee":"yes","website":"https://bcparks.ca/goldstream-park/"}},{"type":"Feature","geometry":{"type":"Point","coordinates":[-123.529061,48.606405]},"properties":{"kind":"campsite","osm":"way/192169742","name":"Bamberton Provincial Park Campground","fee":"yes","operator":"K2 Cowichan Park Services Ltd.","website":"https://bcparks.ca/bamberton-park/","capacity":"53"}},{"type":"Feature","geometry":{"type":"Point","coordinates":[-121.538173,47.5531]},"properties":{"kind":"campsite","osm":"way/209687436","name":"Middle Fork Campground","website":"https://www.fs.usda.gov/recarea/mbs/recreation/camping-cabins/recarea/?recid=18034","backcountry":"no"}},{"type":"Feature","geometry":{"type":"Point","coordinates":[-119.329206,45.923893]},"properties":{"kind":"rv_park","osm":"way/230444200","name":"Umatilla Marina RV Park","fee":"yes","website":"https://www.umatilla-city.org/marina","reservation":"yes"}},{"type":"Feature","geometry":{"type":"Point","coordinates":[-123.156783,48.667492]},"properties":{"kind":"campsite","osm":"way/237972307","name":"Camp Nor'Wester","website":"https://norwester.org/"}},{"type":"Feature","geometry":{"type":"Point","coordinates":[-123.153758,48.66798]},"properties":{"kind":"campsite","osm":"way/240027833","name":"Islanders","operator":"Camp Nor'wester","drinking_water":"no","toilets":"no"}},{"type":"Feature","geometry":{"type":"Point","coordinates":[-123.162228,48.668283]},"properties":{"kind":"campsite","osm":"way/240028785","name":"Troubadours","operator":"Camp Nor'wester"}},{"type":"Feature","geometry":{"type":"Point","coordinates":[-120.892143,47.25567]},"properties":{"kind":"campsite","osm":"way/242565261","name":"Teanaway Campground","fee":"yes","website":"https://www.dnr.wa.gov/Teanaway","capacity":"64","drinking_water":"yes"}},{"type":"Feature","geometry":{"type":"Point","coordinates":[-122.025012,48.11118]},"properties":{"kind":"campsite","osm":"way/242997898","name":"Cascade Park","access":"private","operator":"The Church of Jesus Christ of Latter-Day Saints"}},{"type":"Feature","geometry":{"type":"Point","coordinates":[-122.410888,46.515178]},"properties":{"kind":"campsite","osm":"way/245117437","name":"Cascade Loop"}},{"type":"Feature","geometry":{"type":"Point","coordinates":[-123.859866,47.462243]},"properties":{"kind":"campsite","osm":"way/247873673","name":"Willaby Creek Campground","capacity":"21"}},{"type":"Feature","geometry":{"type":"Point","coordinates":[-123.959817,46.176929]},"properties":{"kind":"campsite","osm":"way/248186727","name":"Fort Stevens State Park - South Campground"}},{"type":"Feature","geometry":{"type":"Point","coordinates":[-117.04169,46.42423]},"properties":{"kind":"rv_park","osm":"way/254490190","name":"Premier RV Resort"}},{"type":"Feature","geometry":{"type":"Point","coordinates":[-117.070438,46.420743]},"properties":{"kind":"rv_park","osm":"way/254500207","name":"Hell Canyon RV Resort"}},{"type":"Feature","geometry":{"type":"Point","coordinates":[-117.055034,46.420829]},"properties":{"kind":"rv_park","osm":"way/256317284","name":"Hillview RV Park","fee":"yes"}},{"type":"Feature","geometry":{"type":"Point","coordinates":[-123.132143,47.420237]},"properties":{"kind":"rv_park","osm":"way/256503966","name":"The Glen Resort","website":"https://www.theglenresort.com/rv-sites","toilets":"yes"}},{"type":"Feature","geometry":{"type":"Point","coordinates":[-123.119171,47.441196]},"properties":{"kind":"rv_park","osm":"way/256769779","name":"Tidewater RV Park","website":"https://www.tidewaterrvpark.com/"}},{"type":"Feature","geometry":{"type":"Point","coordinates":[-120.85531,47.328947]},"properties":{"kind":"campsite","osm":"way/258382367","name":"Twenty-Nine Pines Campground","fee":"yes","website":"https://www.dnr.wa.gov/Teanaway","capacity":"59","drinking_water":"yes"}},{"type":"Feature","geometry":{"type":"Point","coordinates":[-123.192394,45.855629]},"properties":{"kind":"rv_park","osm":"way/260913177","name":"Anderson Park","fee":"no","drinking_water":"yes","toilets":"yes"}},{"type":"Feature","geometry":{"type":"Point","coordinates":[-123.949789,45.57769]},"properties":{"kind":"campsite","osm":"way/262746165","name":"Camp Magruder","access":"private","operator":"Oregon-Idaho Conference of The United Methodist Church;Episcopal Diocese of Oregon"}},{"type":"Feature","geometry":{"type":"Point","coordinates":[-123.710156,48.085974]},"properties":{"kind":"campsite","osm":"way/269696224","name":"Shadow Mountain Campground","fee":"yes","access":"customers","drinking_water":"yes","toilets":"yes","reservation":"recommended","backcountry":"no"}},{"type":"Feature","geometry":{"type":"Point","coordinates":[-124.408681,48.587126]},"properties":{"kind":"rv_park","osm":"way/274721281","name":"Port Renfrew RV Park"}},{"type":"Feature","geometry":{"type":"Point","coordinates":[-122.316743,47.374697]},"properties":{"kind":"campsite","osm":"way/279206722","name":"Saltwater State Park Campground","fee":"yes","access":"yes","operator":"Washington State Parks and Recreation Commission","capacity":"35"}},{"type":"Feature","geometry":{"type":"Point","coordinates":[-121.560978,45.651103]},"properties":{"kind":"campsite","osm":"way/280536467","name":"Tucker County Park and Campground","operator":"Hood River County","website":"http://www.co.hood-river.or.us/index.asp?Type=B_BASIC&SEC={23A363AA-6590-4D1E-97A9-1EABD8672BBE}","desc":"Tucker Park is located only a few miles south of the city of Hood River and also sits directly on the Hood River itself. This park is probably the most heavily used facility in Hood River County's parks system due to the overwhelming popularity of windsur","capacity":"90"}},{"type":"Feature","geometry":{"type":"Point","coordinates":[-122.222227,48.49128]},"properties":{"kind":"rv_park","osm":"way/285899675","name":"Riverfront RV Park","fee":"yes","website":"https://www.ci.sedro-woolley.wa.us/departments/parks_and_recreation/facilities.php","capacity":"27"}},{"type":"Feature","geometry":{"type":"Point","coordinates":[-120.952388,47.289526]},"properties":{"kind":"campsite","osm":"way/286530429","name":"Indian Camp Campground"}},{"type":"Feature","geometry":{"type":"Point","coordinates":[-117.156221,47.685003]},"properties":{"kind":"campsite","osm":"way/287412124","name":"Spokane KOA","operator":"KOA Campgrounds","website":"https://koa.com/campgrounds/spokane/"}},{"type":"Feature","geometry":{"type":"Point","coordinates":[-120.731848,47.681362]},"properties":{"kind":"campsite","osm":"way/290774794","name":"Tumwater Campground","access":"no","website":"https://www.fs.usda.gov/recarea/okawen/null/recarea/?recid=59041","desc":"Closed through 2016 and possibly beyond."}},{"type":"Feature","geometry":{"type":"Point","coordinates":[-123.404452,48.897717]},"properties":{"kind":"campsite","osm":"way/291402695","name":"Montague Harbour Campground - Walk-in","fee":"yes","website":"https://bcparks.ca/montague-harbour-marine-park/","drinking_water":"yes","toilets":"yes","reservation":"recommended"}},{"type":"Feature","geometry":{"type":"Point","coordinates":[-123.405062,48.899668]},"properties":{"kind":"campsite","osm":"way/291402696","name":"Montague Harbour Campground - Vehicle","fee":"yes","operator":"K2 Park Services Ltd.","website":"https://bcparks.ca/montague-harbour-marine-park/","capacity":"16","drinking_water":"yes","toilets":"yes"}},{"type":"Feature","geometry":{"type":"Point","coordinates":[-123.401799,48.898206]},"properties":{"kind":"campsite","osm":"way/291405572","name":"Montague Harbour Campground - First-come, first-served","fee":"yes","website":"https://bcparks.ca/montague-harbour-marine-park/","drinking_water":"yes","toilets":"yes","reservation":"no"}},{"type":"Feature","geometry":{"type":"Point","coordinates":[-122.011402,47.106803]},"properties":{"kind":"campsite","osm":"way/293107633","name":"Sunset Lake Camp","access":"private","operator":"Washington Conference of the Seventh Day Adventist Church","website":"https://www.sunsetlake.org/"}},{"type":"Feature","geometry":{"type":"Point","coordinates":[-123.043455,48.062059]},"properties":{"kind":"campsite","osm":"way/297890980","name":"John Wayne's Waterfront Resort","fee":"yes","website":"http://www.johnwaynewaterfrontresort.com/","drinking_water":"yes","reservation":"yes","backcountry":"no"}},{"type":"Feature","geometry":{"type":"Point","coordinates":[-119.024056,46.706013]},"properties":{"kind":"rv_park","osm":"way/299748072","name":"Scooteney Reservoir Campground"}},{"type":"Feature","geometry":{"type":"Point","coordinates":[-123.328411,48.634916]},"properties":{"kind":"campsite","osm":"way/299945751","name":"Sidney Spit Campsite / BC Marine Trail","fee":"yes","website":"https://www.bcmarinetrails.org/map_site/12236","desc":"Open grassy sites, tent pads. Picnic tables. Gear carts. Picnic shelter. Vault toilets. Fee charged May - Sept."}},{"type":"Feature","geometry":{"type":"Point","coordinates":[-123.326478,48.637285]},"properties":{"kind":"campsite","osm":"way/299945753","name":"Sidney Spit Group Campsite","fee":"yes","website":"https://parks.canada.ca/pn-np/bc/gulf/activ/camping"}},{"type":"Feature","geometry":{"type":"Point","coordinates":[-120.624152,48.580946]},"properties":{"kind":"campsite","osm":"way/301866359","name":"Lone Fir Campground","fee":"yes","access":"yes","operator":"USFS","website":"https://www.fs.usda.gov/r06/okanogan-wenatchee/recreation/lone-fir-campground","drinking_water":"no","toilets":"yes"}},{"type":"Feature","geometry":{"type":"Point","coordinates":[-119.497802,47.423485]},"properties":{"kind":"rv_park","osm":"way/302122499","name":"Smokiam RV Resort","website":"https://smokiamrvresort.com/"}},{"type":"Feature","geometry":{"type":"Point","coordinates":[-120.830183,49.030969]},"properties":{"kind":"campsite","osm":"way/307530428","name":"Frosty Creek Campground","fee":"yes","website":"https://bcparks.ca/ec-manning-park/backcountry-camping/","capacity":"10","backcountry":"yes"}},{"type":"Feature","geometry":{"type":"Point","coordinates":[-123.231827,48.42393]},"properties":{"kind":"campsite","osm":"way/310906490","fee":"yes","website":"https://bcparks.ca/explore/parkpgs/discovery_is/","desc":"Walk-in campsite, no reservations. Can pre-pay online.","drinking_water":"no","toilets":"yes"}},{"type":"Feature","geometry":{"type":"Point","coordinates":[-123.348859,45.610947]},"properties":{"kind":"campsite","osm":"way/311080271","name":"Browns Camp OHV Staging Area","access":"yes"}},{"type":"Feature","geometry":{"type":"Point","coordinates":[-123.574911,49.010846]},"properties":{"kind":"campsite","osm":"way/315404573","name":"Parry Lagoon Campground","fee":"yes","website":"https://bcparks.ca/explore/parkpgs/dionisio_pt/","desc":"Upland camping. Several sites on Perry Lagoon SE of tombolo, a few sites on Coon Bay proper. Pit toilets. Authorized camping at defined Sandstone and Perry Lagoon sites only. Resident camp host in summer. Food cache."}},{"type":"Feature","geometry":{"type":"Point","coordinates":[-123.56791,49.007252]},"properties":{"kind":"campsite","osm":"way/315404576","name":"Sandstone Campground","fee":"yes","website":"https://bcparks.ca/explore/parkpgs/dionisio_pt/","drinking_water":"no"}},{"type":"Feature","geometry":{"type":"Point","coordinates":[-123.219639,46.174012]},"properties":{"kind":"rv_park","osm":"way/318865900","name":"County Line Park","fee":"yes","website":"https://www.cathlametmarina.org/county-line-park"}},{"type":"Feature","geometry":{"type":"Point","coordinates":[-121.732901,46.870397]},"properties":{"kind":"campsite","osm":"way/330301486","name":"Camp Schurman","fee":"no","access":"yes","operator":"National Park Service","toilets":"yes","reservation":"required","backcountry":"yes"}},{"type":"Feature","geometry":{"type":"Point","coordinates":[-122.665008,45.751051]},"properties":{"kind":"rv_park","osm":"way/331951563","name":"Fairground Chevron RV Park"}},{"type":"Feature","geometry":{"type":"Point","coordinates":[-122.697821,48.095975]},"properties":{"kind":"campsite","osm":"way/336094007","name":"Wagon Wheel G1"}},{"type":"Feature","geometry":{"type":"Point","coordinates":[-122.352833,49.039493]},"properties":{"kind":"rv_park","osm":"way/336186667","name":"Maplewood Estates"}},{"type":"Feature","geometry":{"type":"Point","coordinates":[-122.784479,48.131926]},"properties":{"kind":"campsite","osm":"way/348017089","name":"Campgrounds, Jefferson County Fairgrounds","website":"https://jeffcofairgrounds.org/campround/"}},{"type":"Feature","geometry":{"type":"Point","coordinates":[-123.369749,48.773508]},"properties":{"kind":"rv_park","osm":"way/353558535","name":"Ruckle Provincial Park RV Sites 1-8"}},{"type":"Feature","geometry":{"type":"Point","coordinates":[-123.370728,48.770232]},"properties":{"kind":"campsite","osm":"way/353558536","name":"Group Campsite","fee":"yes","website":"https://bcparks.ca/ruckle-park/","drinking_water":"yes","toilets":"yes"}},{"type":"Feature","geometry":{"type":"Point","coordinates":[-123.370182,48.768995]},"properties":{"kind":"campsite","osm":"way/353558545","name":"Ruckle Park, Walk-in Camping","fee":"yes","website":"https://bcparks.ca/ruckle-park/","drinking_water":"yes","toilets":"yes"}},{"type":"Feature","geometry":{"type":"Point","coordinates":[-124.157808,47.057314]},"properties":{"kind":"rv_park","osm":"way/354861815","name":"Ocean Breeze Resort","website":"https://kmresorts.com/ocean-breeze/"}},{"type":"Feature","geometry":{"type":"Point","coordinates":[-124.168699,47.06967]},"properties":{"kind":"campsite","osm":"way/354861816","name":"Screamin' Eagle Campground","fee":"yes","access":"customers","website":"https://www.secampground.com/"}},{"type":"Feature","geometry":{"type":"Point","coordinates":[-119.423255,47.573862]},"properties":{"kind":"rv_park","osm":"way/358827940","name":"Sun Village Resort","website":"https://www.sunvillageresort.com/"}},{"type":"Feature","geometry":{"type":"Point","coordinates":[-119.428807,47.572164]},"properties":{"kind":"rv_park","osm":"way/358936127","name":"Soap Lake Rod and Gun Club","access":"private"}},{"type":"Feature","geometry":{"type":"Point","coordinates":[-119.435363,47.572005]},"properties":{"kind":"rv_park","osm":"way/358936128","name":"Coulee Lodge Resort","website":"http://couleelodgeresort.com/"}},{"type":"Feature","geometry":{"type":"Point","coordinates":[-123.1857,45.744438]},"properties":{"kind":"campsite","osm":"way/359031515","name":"Mountain Dale Cabin Village","operator":"Oregon State Parks"}},{"type":"Feature","geometry":{"type":"Point","coordinates":[-123.182828,45.747582]},"properties":{"kind":"campsite","osm":"way/359246254","name":"Hares Canyon Horse Camp","operator":"Oregon State Parks"}},{"type":"Feature","geometry":{"type":"Point","coordinates":[-123.189676,45.739351]},"properties":{"kind":"campsite","osm":"way/359675788","name":"Dairy Creek Campground East","operator":"Oregon State Parks"}},{"type":"Feature","geometry":{"type":"Point","coordinates":[-123.19234,45.739562]},"properties":{"kind":"campsite","osm":"way/359675789","name":"Dairy Creek Campground West","operator":"Oregon State Parks"}},{"type":"Feature","geometry":{"type":"Point","coordinates":[-122.132953,47.576922]},"properties":{"kind":"rv_park","osm":"way/363388158","name":"Trailer Inns of Bellevue","operator":"Trailer Inns RV Parks","website":"https://www.trailerinnsrv.com/seattle"}},{"type":"Feature","geometry":{"type":"Point","coordinates":[-122.738875,45.906516]},"properties":{"kind":"rv_park","osm":"way/364817944","name":"Woodland Shores RV Park","fee":"yes","drinking_water":"yes","toilets":"yes"}},{"type":"Feature","geometry":{"type":"Point","coordinates":[-122.262806,46.866946]},"properties":{"kind":"campsite","osm":"way/366555336","name":"Glacier Village RV Park","fee":"yes","access":"customers","website":"https://campnative.com/campgrounds/usa/wa/eatonville/mill-village-rv-park"}},{"type":"Feature","geometry":{"type":"Point","coordinates":[-122.775442,45.858377]},"properties":{"kind":"rv_park","osm":"way/366752105","name":"Steven's Moorage RV Park","website":"https://www.estuarypartnership.org/locations/launch-point/stevens-moorage-boat-launching-and-rv-park","toilets":"yes"}},{"type":"Feature","geometry":{"type":"Point","coordinates":[-122.672442,45.938297]},"properties":{"kind":"rv_park","osm":"way/366764339","name":"Lewis River RV Park"}},{"type":"Feature","geometry":{"type":"Point","coordinates":[-122.731478,45.867669]},"properties":{"kind":"rv_park","osm":"way/366897539","name":"Pekin Ferry","fee":"yes","drinking_water":"yes","toilets":"yes"}},{"type":"Feature","geometry":{"type":"Point","coordinates":[-122.855698,46.037457]},"properties":{"kind":"rv_park","osm":"way/366916330","name":"Camp Kalama"}},{"type":"Feature","geometry":{"type":"Point","coordinates":[-122.803012,45.912474]},"properties":{"kind":"rv_park","osm":"way/367154810","name":"Columbia Riverfront RV Park"}},{"type":"Feature","geometry":{"type":"Point","coordinates":[-122.645533,48.390214]},"properties":{"kind":"rv_park","osm":"way/367284613","name":"North Whidbey RV Park"}},{"type":"Feature","geometry":{"type":"Point","coordinates":[-122.587914,48.456718]},"properties":{"kind":"campsite","osm":"way/367289988","name":"Pioneer Trails RV Resort"}},{"type":"Feature","geometry":{"type":"Point","coordinates":[-122.65213,45.71311]},"properties":{"kind":"rv_park","osm":"way/368025248","name":"99 RV Park"}},{"type":"Feature","geometry":{"type":"Point","coordinates":[-121.879805,46.156547]},"properties":{"kind":"campsite","osm":"way/368378373","name":"Lower Falls Campground","fee":"yes","operator":"U.S. Forest Service","website":"https://www.fs.usda.gov/recarea/giffordpinchot/recarea/?recid=31590","capacity":"60","drinking_water":"yes","toilets":"yes"}},{"type":"Feature","geometry":{"type":"Point","coordinates":[-122.351364,48.422868]},"properties":{"kind":"rv_park","osm":"way/369554636","name":"Mount Vernon RV Park"}},{"type":"Feature","geometry":{"type":"Point","coordinates":[-122.452122,49.005093]},"properties":{"kind":"campsite","osm":"way/370785151","name":"Camp Elkgrove","operator":"BC Elks association","website":"https://bcelks.ca/childrens-camps/"}},{"type":"Feature","geometry":{"type":"Point","coordinates":[-121.56739,47.402629]},"properties":{"kind":"campsite","osm":"way/379309766","name":"Tinkham Campground","website":"https://www.fs.usda.gov/recarea/mbs/recreation/camping-cabins/recarea/?recid=18036"}},{"type":"Feature","geometry":{"type":"Point","coordinates":[-121.442592,47.410719]},"properties":{"kind":"campsite","osm":"way/379614279","name":"Denny Creek Campground","website":"https://www.fs.usda.gov/recarea/mbs/recreation/camping-cabins/recarea/?recid=18032"}},{"type":"Feature","geometry":{"type":"Point","coordinates":[-122.871613,46.545571]},"properties":{"kind":"rv_park","osm":"way/381498015","name":"Oak RV Park","website":"http://oakrvpark.com/"}},{"type":"Feature","geometry":{"type":"Point","coordinates":[-122.687972,45.616368]},"properties":{"kind":"rv_park","osm":"way/388345676","name":"Janzen Beach RV Park"}},{"type":"Feature","geometry":{"type":"Point","coordinates":[-121.063861,49.003731]},"properties":{"kind":"campsite","osm":"way/389300155","name":"Ross Lake Campground","fee":"yes","operator":"Sea to Sky Park Services Ltd.","website":"https://www.env.gov.bc.ca/bcparks/explore/parkpgs/skagit/","capacity":"88"}},{"type":"Feature","geometry":{"type":"Point","coordinates":[-124.076763,48.81899]},"properties":{"kind":"campsite","osm":"way/389302929","name":"Lakeview Park Campground","fee":"yes","website":"https://lakecowichan.ca/camping.php"}},{"type":"Feature","geometry":{"type":"Point","coordinates":[-121.071027,49.044917]},"properties":{"kind":"campsite","osm":"way/389303038","name":"Whitworth Meadow Campground","fee":"yes","operator":"Sea to Sky Park Services Ltd.","website":"https://www.env.gov.bc.ca/bcparks/explore/parkpgs/skagit/","capacity":"11"}},{"type":"Feature","geometry":{"type":"Point","coordinates":[-122.306495,46.049113]},"properties":{"kind":"rv_park","osm":"way/390531558","name":"Cougar RV Park & Campground"}},{"type":"Feature","geometry":{"type":"Point","coordinates":[-122.880601,46.143154]},"properties":{"kind":"rv_park","osm":"way/391699182","name":"Brookhollow RV Park","website":"https://brookhollowrvpark.com/"}},{"type":"Feature","geometry":{"type":"Point","coordinates":[-119.444233,49.01875]},"properties":{"kind":"campsite","osm":"way/392206283","name":"s\u1e83i\u1e83s (Haynes Point) Provincial Campground","fee":"yes","operator":"Osoyoos Indian Band","website":"https://www.env.gov.bc.ca/bcparks/explore/parkpgs/swiws/","capacity":"41"}},{"type":"Feature","geometry":{"type":"Point","coordinates":[-117.490163,47.688965]},"properties":{"kind":"campsite","osm":"way/393296025","name":"Equestrian Campground","fee":"yes","operator":"Riverside State Park","capacity":"20"}},{"type":"Feature","geometry":{"type":"Point","coordinates":[-121.681664,47.466131]},"properties":{"kind":"campsite","osm":"way/393923479","name":"Valley Camp Retreat Center","access":"private","operator":"Valley Camp","website":"https://valleycamp.org/","capacity":"100"}},{"type":"Feature","geometry":{"type":"Point","coordinates":[-122.65523,45.599703]},"properties":{"kind":"rv_park","osm":"way/395013671","name":"Columbia River RV Park","fee":"yes","drinking_water":"yes","toilets":"yes"}},{"type":"Feature","geometry":{"type":"Point","coordinates":[-122.567025,45.661059]},"properties":{"kind":"rv_park","osm":"way/396606133","name":"Vancouver Mall RV Park","website":"https://www.vanmallrv.com/","toilets":"yes"}},{"type":"Feature","geometry":{"type":"Point","coordinates":[-122.415574,45.962051]},"properties":{"kind":"rv_park","osm":"way/397153565","name":"Lake Merwin Camper's Hideaway","access":"private"}},{"type":"Feature","geometry":{"type":"Point","coordinates":[-122.876494,46.306581]},"properties":{"kind":"campsite","osm":"way/397193966","name":"Mt. St. Helens RV Park","fee":"yes","website":"https://mtsthelensrvpark.com/"}},{"type":"Feature","geometry":{"type":"Point","coordinates":[-122.909825,46.32297]},"properties":{"kind":"rv_park","osm":"way/397193967","name":"Paradise Resort & RV Park"}},{"type":"Feature","geometry":{"type":"Point","coordinates":[-122.916396,46.318377]},"properties":{"kind":"rv_park","osm":"way/397193968","name":"Toutle River RV Resort"}},{"type":"Feature","geometry":{"type":"Point","coordinates":[-120.64088,47.598686]},"properties":{"kind":"rv_park","osm":"way/397301331","name":"Leavenworth / Pine Village KOA","drinking_water":"yes"}},{"type":"Feature","geometry":{"type":"Point","coordinates":[-124.054045,46.348662]},"properties":{"kind":"rv_park","osm":"way/397565098","name":"Oceanic RV Park","toilets":"customers"}},{"type":"Feature","geometry":{"type":"Point","coordinates":[-122.87463,46.430638]},"properties":{"kind":"rv_park","osm":"way/397742504","name":"Cowlitz Shores Campers Club RV Park","access":"private"}},{"type":"Feature","geometry":{"type":"Point","coordinates":[-122.896913,46.41471]},"properties":{"kind":"rv_park","osm":"way/397742505","name":"River Oaks RV Park","website":"https://riveroaksrv.com/","toilets":"yes"}},{"type":"Feature","geometry":{"type":"Point","coordinates":[-122.888877,46.415939]},"properties":{"kind":"rv_park","osm":"way/397742506","name":"RiversEdge Lodge & RV Park","website":"https://riversedge-wa.com/","toilets":"yes"}},{"type":"Feature","geometry":{"type":"Point","coordinates":[-124.040385,46.34975]},"properties":{"kind":"campsite","osm":"way/397844896","name":"Peninsula Saddle Club Rodeo Grounds"}},{"type":"Feature","geometry":{"type":"Point","coordinates":[-123.90507,49.041458]},"properties":{"kind":"rv_park","osm":"way/401896560","name":"Rondalyn Resort","website":"https://www.parkbridge.com/en-ca/rv-cottages/Rondalyn-Resort"}},{"type":"Feature","geometry":{"type":"Point","coordinates":[-122.77238,45.70989]},"properties":{"kind":"rv_park","osm":"way/403991104","name":"Reeder Beach RV Park"}},{"type":"Feature","geometry":{"type":"Point","coordinates":[-123.954608,45.890077]},"properties":{"kind":"rv_park","osm":"way/408065880","name":"Cannon Beach RV Resort","fee":"yes","website":"https://www.cbrvresort.com/","capacity":"100"}},{"type":"Feature","geometry":{"type":"Point","coordinates":[-117.34504,47.655962]},"properties":{"kind":"rv_park","osm":"way/408756210","name":"Park Lane RV Park","fee":"yes"}},{"type":"Feature","geometry":{"type":"Point","coordinates":[-122.17861,45.626528]},"properties":{"kind":"campsite","osm":"way/409012055","name":"Hope Camp","access":"private"}},{"type":"Feature","geometry":{"type":"Point","coordinates":[-121.980665,45.642779]},"properties":{"kind":"rv_park","osm":"way/409291417","name":"Lewis & Clark Campground & RV Park","website":"https://www.rvinnstyleresorts.com/properties/lewis-clark-campground-rv-park/","toilets":"yes"}},{"type":"Feature","geometry":{"type":"Point","coordinates":[-123.492277,48.839463]},"properties":{"kind":"campsite","osm":"way/409677021","name":"Mowhinna Creek Campground","fee":"yes","website":"https://mowhinnacreekcampground.com/"}},{"type":"Feature","geometry":{"type":"Point","coordinates":[-121.943389,47.597796]},"properties":{"kind":"rv_park","osm":"way/410186339","name":"Tall Chief Campground","website":"http://camp-tallchief.com/"}},{"type":"Feature","geometry":{"type":"Point","coordinates":[-122.657369,45.677031]},"properties":{"kind":"rv_park","osm":"way/410416632","name":"Vancouver RV Park","operator":"RV Inn Style"}},{"type":"Feature","geometry":{"type":"Point","coordinates":[-123.800421,46.194248]},"properties":{"kind":"rv_park","osm":"way/415681475","name":"Pier 38 RV Park"}},{"type":"Feature","geometry":{"type":"Point","coordinates":[-117.56814,47.793186]},"properties":{"kind":"campsite","osm":"way/416679238","name":"Nine Mile Campground","operator":"Washington State Parks","capacity":"23"}},{"type":"Feature","geometry":{"type":"Point","coordinates":[-123.706583,48.768785]},"properties":{"kind":"campsite","osm":"way/417391571","name":"Riverside RV Park & Camping","fee":"yes","operator":"RIVERSIDE RV Park & Camping","website":"https://www.riversidecampingduncan.com/","capacity":"75"}},{"type":"Feature","geometry":{"type":"Point","coordinates":[-121.674775,46.605026]},"properties":{"kind":"campsite","osm":"way/418560145","name":"Packwood RV Park","fee":"yes","toilets":"yes"}},{"type":"Feature","geometry":{"type":"Point","coordinates":[-117.420492,47.86974]},"properties":{"kind":"rv_park","osm":"way/419645270","name":"Wild Rose RV Park","fee":"yes"}},{"type":"Feature","geometry":{"type":"Point","coordinates":[-122.699656,48.094453]},"properties":{"kind":"campsite","osm":"way/422113492","name":"Scout Camp G2"}},{"type":"Feature","geometry":{"type":"Point","coordinates":[-117.112072,47.91337]},"properties":{"kind":"campsite","osm":"way/422129588","name":"Bald Knob Campground","operator":"Mount Spokane State Park","capacity":"8","drinking_water":"yes","toilets":"yes"}},{"type":"Feature","geometry":{"type":"Point","coordinates":[-123.913866,46.038279]},"properties":{"kind":"rv_park","osm":"way/422890182","name":"Bud's RV Park"}},{"type":"Feature","geometry":{"type":"Point","coordinates":[-123.925654,45.965083]},"properties":{"kind":"rv_park","osm":"way/422890183","name":"Circle Creek RV Resort"}},{"type":"Feature","geometry":{"type":"Point","coordinates":[-123.924493,45.950878]},"properties":{"kind":"rv_park","osm":"way/422890184","name":"Forest Lake Resorts"}},{"type":"Feature","geometry":{"type":"Point","coordinates":[-123.906881,45.99892]},"properties":{"kind":"rv_park","osm":"way/422890191","name":"Seaside RV Resort & Campground"}},{"type":"Feature","geometry":{"type":"Point","coordinates":[-123.912201,46.011045]},"properties":{"kind":"rv_park","osm":"way/422890194","name":"Venice RV Park"}},{"type":"Feature","geometry":{"type":"Point","coordinates":[-123.903866,46.003655]},"properties":{"kind":"rv_park","osm":"way/422896232"}},{"type":"Feature","geometry":{"type":"Point","coordinates":[-123.956567,45.901588]},"properties":{"kind":"campsite","osm":"way/423050242","name":"The Retreat","fee":"yes","website":"https://www.theretreatatcannonbeach.com","drinking_water":"yes","toilets":"yes"}},{"type":"Feature","geometry":{"type":"Point","coordinates":[-123.91589,45.556105]},"properties":{"kind":"rv_park","osm":"way/423985658"}},{"type":"Feature","geometry":{"type":"Point","coordinates":[-123.914254,45.557525]},"properties":{"kind":"rv_park","osm":"way/423985695"}},{"type":"Feature","geometry":{"type":"Point","coordinates":[-123.876159,45.510809]},"properties":{"kind":"rv_park","osm":"way/423990060","name":"Tillamook Bay City RV Park","website":"https://tillamookbaycityrvpark.com/","reservation":"yes"}},{"type":"Feature","geometry":{"type":"Point","coordinates":[-121.704662,47.86044]},"properties":{"kind":"rv_park","osm":"way/424226496","name":"McDaniel's RV Park"}},{"type":"Feature","geometry":{"type":"Point","coordinates":[-123.951001,46.159615]},"properties":{"kind":"campsite","osm":"way/424228510","name":"Camp Kiwanilong"}},{"type":"Feature","geometry":{"type":"Point","coordinates":[-123.926648,46.184123]},"properties":{"kind":"rv_park","osm":"way/424326252"}},{"type":"Feature","geometry":{"type":"Point","coordinates":[-123.927294,46.185049]},"properties":{"kind":"rv_park","osm":"way/424326259","name":"Kampers West"}},{"type":"Feature","geometry":{"type":"Point","coordinates":[-121.634242,45.794878]},"properties":{"kind":"campsite","osm":"way/425653468","name":"Moss Creek Campground","fee":"yes","website":"https://www.recreation.gov/camping/campgrounds/232799"}},{"type":"Feature","geometry":{"type":"Point","coordinates":[-120.918264,47.608091]},"properties":{"kind":"campsite","osm":"way/426198702","name":"Rock Island Campground","fee":"yes","operator":"USFS","website":"https://www.fs.usda.gov/r06/okanogan-wenatchee/recreation/rock-island-campground","capacity":"22","drinking_water":"yes","toilets":"yes","reservation":"no"}},{"type":"Feature","geometry":{"type":"Point","coordinates":[-123.707373,48.388662]},"properties":{"kind":"campsite","osm":"way/426516249","name":"Sooke River Campground","fee":"yes","operator":"Sooke Community Association","website":"https://sookecampground.com/"}},{"type":"Feature","geometry":{"type":"Point","coordinates":[-122.318423,48.660537]},"properties":{"kind":"rv_park","osm":"way/426702725","name":"Whatcom Meadows Camping Association","access":"private","website":"https://whatcommeadows.com/","desc":"Private camping club","toilets":"yes"}},{"type":"Feature","geometry":{"type":"Point","coordinates":[-123.929205,46.099582]},"properties":{"kind":"rv_park","osm":"way/426952624","name":"Sunset Lake Resort & RV Park"}},{"type":"Feature","geometry":{"type":"Point","coordinates":[-117.439488,47.887462]},"properties":{"kind":"campsite","osm":"way/427324279","name":"Dragoon Creek Campground","fee":"yes","operator":"Washington Department of Natural Resources","website":"http://www.dnr.wa.gov/LittlePendOreille#dragoon","capacity":"22"}},{"type":"Feature","geometry":{"type":"Point","coordinates":[-120.11642,48.247058]},"properties":{"kind":"rv_park","osm":"way/427513704","name":"Carlton 153 RV park"}},{"type":"Feature","geometry":{"type":"Point","coordinates":[-120.180173,48.476697]},"properties":{"kind":"rv_park","osm":"way/427558506","name":"Pine Near RV Park","fee":"yes","drinking_water":"yes"}},{"type":"Feature","geometry":{"type":"Point","coordinates":[-119.060478,47.92277]},"properties":{"kind":"campsite","osm":"way/428711409","name":"Steamboat Rock State Park Campground"}},{"type":"Feature","geometry":{"type":"Point","coordinates":[-122.326045,46.142603]},"properties":{"kind":"campsite","osm":"way/428831205","name":"Kalama Horse Camp"}},{"type":"Feature","geometry":{"type":"Point","coordinates":[-122.318856,46.092496]},"properties":{"kind":"campsite","osm":"way/428831206","name":"Merrill Lake Campground"}},{"type":"Feature","geometry":{"type":"Point","coordinates":[-117.346675,48.556642]},"properties":{"kind":"rv_park","osm":"way/429974345","name":"Blueslide Resort","website":"http://blueslideresort.com"}},{"type":"Feature","geometry":{"type":"Point","coordinates":[-123.039345,46.164425]},"properties":{"kind":"rv_park","osm":"way/430128772","name":"Jazmik's Jewel RV Park","website":"https://jazmiksjewel.com/","toilets":"customers"}},{"type":"Feature","geometry":{"type":"Point","coordinates":[-121.867538,46.445145]},"properties":{"kind":"campsite","osm":"way/431144949","name":"Tower Rock Campground","fee":"yes","website":"https://www.fs.usda.gov/recarea/giffordpinchot/recarea/?recid=31448"}},{"type":"Feature","geometry":{"type":"Point","coordinates":[-122.17814,46.717577]},"properties":{"kind":"campsite","osm":"way/431346111","name":"The Lions Den Campground","fee":"yes","website":"https://minerallakelions.com/?page_id=11","toilets":"yes"}},{"type":"Feature","geometry":{"type":"Point","coordinates":[-122.323534,45.765381]},"properties":{"kind":"campsite","osm":"way/432044147","name":"Rock Creek Campground","fee":"no","access":"permit"}},{"type":"Feature","geometry":{"type":"Point","coordinates":[-121.700904,46.888913]},"properties":{"kind":"campsite","osm":"way/435046615","name":"Glacier Basin Camp","fee":"no","access":"permit","operator":"National Park Service","capacity":"6","toilets":"yes","reservation":"required","backcountry":"yes"}},{"type":"Feature","geometry":{"type":"Point","coordinates":[-118.3423,46.077081]},"properties":{"kind":"rv_park","osm":"way/435055173","name":"Blue Valley RV Park"}},{"type":"Feature","geometry":{"type":"Point","coordinates":[-120.656241,47.479301]},"properties":{"kind":"rv_park","osm":"way/435331681","name":"Blu-Shastin RV Park","fee":"yes","website":"https://www.blushastin.com/"}},{"type":"Feature","geometry":{"type":"Point","coordinates":[-122.662202,45.683482]},"properties":{"kind":"rv_park","osm":"way/435714302","name":"Piper RV Park","website":"https://www.piperrv.com/"}},{"type":"Feature","geometry":{"type":"Point","coordinates":[-121.863213,46.932806]},"properties":{"kind":"campsite","osm":"way/437527627","name":"Mowich Lake Campground","access":"yes","operator":"National Park Service","website":"https://www.nps.gov/places/mowich-lake.htm","drinking_water":"no","toilets":"yes","reservation":"no","backcountry":"no"}},{"type":"Feature","geometry":{"type":"Point","coordinates":[-117.764738,47.835292]},"properties":{"kind":"campsite","osm":"way/438250247","name":"Lake Spokane Campground","operator":"Riverside State Park","capacity":"11"}},{"type":"Feature","geometry":{"type":"Point","coordinates":[-122.492134,48.655413]},"properties":{"kind":"campsite","osm":"way/441568649","name":"Larrabee State Park Campground","website":"https://parks.state.wa.us/536/Larrabee","desc":"Year round campground with both tent and RV sites","toilets":"yes"}},{"type":"Feature","geometry":{"type":"Point","coordinates":[-117.692374,47.517078]},"properties":{"kind":"rv_park","osm":"way/442581379","access":"private"}},{"type":"Feature","geometry":{"type":"Point","coordinates":[-117.664164,47.623746]},"properties":{"kind":"rv_park","osm":"way/442979705","name":"FamCamp","access":"private","website":"https://fairchildfun.com/famcamp.html"}},{"type":"Feature","geometry":{"type":"Point","coordinates":[-117.542908,47.583225]},"properties":{"kind":"campsite","osm":"way/443834801","name":"K&M Ponderosa Pines Resort"}},{"type":"Feature","geometry":{"type":"Point","coordinates":[-121.180834,46.642614]},"properties":{"kind":"rv_park","osm":"way/449437120","name":"Rimrock Lake Resort","website":"https://rimrocklakeresort.com/"}},{"type":"Feature","geometry":{"type":"Point","coordinates":[-123.896718,48.773451]},"properties":{"kind":"campsite","osm":"way/450034103","name":"Stoltz Pool Campground","fee":"yes","operator":"K2 Cowichan Park Services Ltd.","website":"https://bcparks.ca/cowichan-river-park/","capacity":"43","drinking_water":"yes"}},{"type":"Feature","geometry":{"type":"Point","coordinates":[-123.891582,48.771588]},"properties":{"kind":"campsite","osm":"way/450034104","name":"Stoltz Pool Group Campground","fee":"yes","operator":"K2 Cowichan Park Services Ltd.","website":"https://bcparks.ca/cowichan-river-park/","capacity":"17","drinking_water":"yes"}},{"type":"Feature","geometry":{"type":"Point","coordinates":[-119.992675,46.945347]},"properties":{"kind":"rv_park","osm":"way/450533574","name":"Vantage Riverstone Resort","website":"http://www.visitvantage.com/"}},{"type":"Feature","geometry":{"type":"Point","coordinates":[-121.942465,48.221964]},"properties":{"kind":"rv_park","osm":"way/451655127","name":"Eagle's Nest RV Park","access":"private"}},{"type":"Feature","geometry":{"type":"Point","coordinates":[-117.355618,47.784851]},"properties":{"kind":"rv_park","osm":"way/453474216","name":"Alderwood RV Express","fee":"yes","operator":"Highway West Vacations","website":"https://highwaywestvacations.com/properties/alderwood"}},{"type":"Feature","geometry":{"type":"Point","coordinates":[-117.598039,47.474818]},"properties":{"kind":"rv_park","osm":"way/454370756","name":"Peaceful Pines Campground","website":"https://peacefulpinesrv.com/","desc":"RV Park and Campground"}},{"type":"Feature","geometry":{"type":"Point","coordinates":[-119.343664,47.107653]},"properties":{"kind":"rv_park","osm":"way/454709744","name":"Suncrest RV Park","website":"https://suncrestrv.com/"}},{"type":"Feature","geometry":{"type":"Point","coordinates":[-119.827924,47.104559]},"properties":{"kind":"rv_park","osm":"way/454722408","name":"Shady Tree RV"}},{"type":"Feature","geometry":{"type":"Point","coordinates":[-119.609893,47.105645]},"properties":{"kind":"rv_park","osm":"way/454722409","name":"SunBasin RV Park and Campgrounds","website":"http://sunbasinrvpark.com/"}},{"type":"Feature","geometry":{"type":"Point","coordinates":[-119.856661,47.083663]},"properties":{"kind":"rv_park","osm":"way/454817461","name":"Entzel RV Park"}},{"type":"Feature","geometry":{"type":"Point","coordinates":[-117.323569,47.654169]},"properties":{"kind":"rv_park","osm":"way/458017345","name":"Trailer Inns RV Park"}},{"type":"Feature","geometry":{"type":"Point","coordinates":[-122.723557,47.066524]},"properties":{"kind":"rv_park","osm":"way/459509596","name":"Nisqually RV Park","fee":"yes","website":"https://www.nisquallyrvpark.com/"}},{"type":"Feature","geometry":{"type":"Point","coordinates":[-120.545252,48.658794]},"properties":{"kind":"campsite","osm":"way/460681928","name":"Ballard Campground","fee":"yes","operator":"USFS","website":"https://www.fs.usda.gov/r06/okanogan-wenatchee/recreation/ballard-campground","drinking_water":"no","toilets":"yes","reservation":"no"}},{"type":"Feature","geometry":{"type":"Point","coordinates":[-120.553504,48.652279]},"properties":{"kind":"campsite","osm":"way/460681929","name":"River Bend Campground","fee":"yes","operator":"USFS","website":"https://www.fs.usda.gov/r06/okanogan-wenatchee/recreation/river-bend-campground","drinking_water":"no","toilets":"yes","reservation":"no"}},{"type":"Feature","geometry":{"type":"Point","coordinates":[-118.030404,45.733264]},"properties":{"kind":"campsite","osm":"way/462002100","name":"Woodland Campground"}},{"type":"Feature","geometry":{"type":"Point","coordinates":[-120.817504,47.598183]},"properties":{"kind":"campsite","osm":"way/464609869","name":"Johnny Creek Campground (Lower)","fee":"yesoperator=US Forest Service","operator":"US Forest Service","website":"https://www.fs.usda.gov/r06/okanogan-wenatchee/recreation/johnny-creek-campground","drinking_water":"yes","toilets":"yes","reservation":"no"}},{"type":"Feature","geometry":{"type":"Point","coordinates":[-120.848089,47.607045]},"properties":{"kind":"campsite","osm":"way/464609876","name":"Ida Creek Campground","fee":"yes","operator":"Okanogan-Wenatchee National Forest","website":"https://www.fs.usda.gov/r06/okanogan-wenatchee/recreation/ida-creek-campground","drinking_water":"yes","toilets":"yes","reservation":"no"}},{"type":"Feature","geometry":{"type":"Point","coordinates":[-117.448569,46.684187]},"properties":{"kind":"rv_park","osm":"way/464660908","name":"KOA Kampground"}},{"type":"Feature","geometry":{"type":"Point","coordinates":[-117.351144,48.984131]},"properties":{"kind":"campsite","osm":"way/469267022","name":"Forebay Recreation Area","fee":"no","website":"https://www.seattle.gov/city-light/in-the-community/tours-recreation-and-education/boundary-tours-and-recreation","drinking_water":"yes","toilets":"yes","reservation":"no"}},{"type":"Feature","geometry":{"type":"Point","coordinates":[-117.652265,47.573379]},"properties":{"kind":"campsite","osm":"way/470484031","name":"Ruby's"}},{"type":"Feature","geometry":{"type":"Point","coordinates":[-117.652192,47.573454]},"properties":{"kind":"campsite","osm":"way/470484032","name":"Ruby's On Silver Lake"}},{"type":"Feature","geometry":{"type":"Point","coordinates":[-122.874523,46.015849]},"properties":{"kind":"rv_park","osm":"way/473921269","name":"Goble Landing RV Park"}},{"type":"Feature","geometry":{"type":"Point","coordinates":[-122.829343,45.852715]},"properties":{"kind":"rv_park","osm":"way/474049155","name":"Village Inn RV Park"}},{"type":"Feature","geometry":{"type":"Point","coordinates":[-121.954484,46.531664]},"properties":{"kind":"rv_park","osm":"way/474615645","name":"Maple Grove RV Resort & Golf Course"}},{"type":"Feature","geometry":{"type":"Point","coordinates":[-124.077565,48.434753]},"properties":{"kind":"campsite","osm":"way/477218765","name":"China Beach Campground","fee":"yes","operator":"R.L.C. Enterprize Ltd.","website":"https://www.env.gov.bc.ca/bcparks/explore/parkpgs/juan_de_fuca/","capacity":"79","drinking_water":"yes"}},{"type":"Feature","geometry":{"type":"Point","coordinates":[-122.972291,47.376033]},"properties":{"kind":"campsite","osm":"way/479074417","name":"Twanoh State Park Campground","fee":"yes"}},{"type":"Feature","geometry":{"type":"Point","coordinates":[-123.950744,45.585933]},"properties":{"kind":"rv_park","osm":"way/480058812","name":"Shorewood RV Park"}},{"type":"Feature","geometry":{"type":"Point","coordinates":[-123.268767,45.646072]},"properties":{"kind":"campsite","osm":"way/480976456","access":"customers"}},{"type":"Feature","geometry":{"type":"Point","coordinates":[-122.518847,48.459252]},"properties":{"kind":"rv_park","osm":"way/487872696","name":"Swinomish RV Park"}},{"type":"Feature","geometry":{"type":"Point","coordinates":[-120.883618,47.378709]},"properties":{"kind":"campsite","osm":"way/488191897","name":"Beverly Campground","fee":"yes","website":"https://www.fs.usda.gov/recarea/okawen/recarea/?recid=57399","capacity":"14","drinking_water":"no"}},{"type":"Feature","geometry":{"type":"Point","coordinates":[-122.429046,48.666076]},"properties":{"kind":"campsite","osm":"way/488384253","name":"Lutherwood Camp and Retreat Center","website":"https://www.camplutherwood.org/","toilets":"yes"}},{"type":"Feature","geometry":{"type":"Point","coordinates":[-122.187161,48.403462]},"properties":{"kind":"campsite","osm":"way/490447776","name":"Howling Coyote","access":"private"}},{"type":"Feature","geometry":{"type":"Point","coordinates":[-122.192273,48.405022]},"properties":{"kind":"campsite","osm":"way/490447777","name":"Yellowhand","access":"private"}},{"type":"Feature","geometry":{"type":"Point","coordinates":[-122.191935,48.406802]},"properties":{"kind":"campsite","osm":"way/490447778","name":"Uncas","access":"private"}},{"type":"Feature","geometry":{"type":"Point","coordinates":[-119.966825,47.025508]},"properties":{"kind":"campsite","osm":"way/490859226","name":"Vantage Camping Site","drinking_water":"no","toilets":"yes"}},{"type":"Feature","geometry":{"type":"Point","coordinates":[-118.71465,47.761237]},"properties":{"kind":"rv_park","osm":"way/491320280","name":"Country Lane Campground & RV Park"}},{"type":"Feature","geometry":{"type":"Point","coordinates":[-122.550902,48.406653]},"properties":{"kind":"rv_park","osm":"way/492440744","name":"Thousand Trails La Conner","operator":"Thousand Trails","website":"https://thousandtrails.com/washington/la-conner-rv-camping-resort"}},{"type":"Feature","geometry":{"type":"Point","coordinates":[-124.107055,46.898045]},"properties":{"kind":"rv_park","osm":"way/494710720","name":"American Sunset RV & Tent Resort","website":"https://www.americansunsetrv.com/"}},{"type":"Feature","geometry":{"type":"Point","coordinates":[-121.676388,47.864543]},"properties":{"kind":"campsite","osm":"way/495097043","name":"Camp Huston","access":"private","website":"https://huston.org/","desc":"Summer camp and year-round conference center owned and operated by the Episcopal Diocese of Olympia."}},{"type":"Feature","geometry":{"type":"Point","coordinates":[-120.894448,47.775501]},"properties":{"kind":"campsite","osm":"way/506836403","name":"Cascade Meadows Church Camp","access":"private"}},{"type":"Feature","geometry":{"type":"Point","coordinates":[-121.795587,46.766897]},"properties":{"kind":"campsite","osm":"way/509662254","name":"Cougar Rock Campground","fee":"yes","access":"permit","operator":"National Park Service","website":"https://www.recreation.gov/camping/campgrounds/232466","capacity":"173","drinking_water":"yes","toilets":"yes","reservation":"required","backcountry":"no"}},{"type":"Feature","geometry":{"type":"Point","coordinates":[-121.56157,47.037758]},"properties":{"kind":"campsite","osm":"way/509704548","name":"Camp Sheppard","access":"private","website":"https://www.seattlebsa.org/camp-sheppard"}},{"type":"Feature","geometry":{"type":"Point","coordinates":[-124.224374,48.016047]},"properties":{"kind":"campsite","osm":"way/516672631","name":"Dispersed Camping Area","desc":"Disperse Camp Area pass Mile Marker \"2 1/2\" on NF 2937. Large enough for 3 cars and 6 tents.","drinking_water":"no","toilets":"no","reservation":"no","backcountry":"yes"}},{"type":"Feature","geometry":{"type":"Point","coordinates":[-123.290667,45.65022]},"properties":{"kind":"campsite","osm":"way/518410793","name":"Gales Creek Camp","access":"private","operator":"Gales Creek Camp Foundation"}},{"type":"Feature","geometry":{"type":"Point","coordinates":[-122.91847,47.479947]},"properties":{"kind":"campsite","osm":"way/518946928","name":"Kammenga Canyon","fee":"no","operator":"Washington State Department of Natural Resources"}},{"type":"Feature","geometry":{"type":"Point","coordinates":[-122.924489,47.476815]},"properties":{"kind":"campsite","osm":"way/518946932","name":"Camp Spillman","fee":"no","access":"yes","operator":"Washington State Department of Natural Resources","website":"https://www.dnr.wa.gov/GreenMountainTahuya","desc":"Year round primitive campground","drinking_water":"no","toilets":"yes"}},{"type":"Feature","geometry":{"type":"Point","coordinates":[-121.150634,48.032567]},"properties":{"kind":"campsite","osm":"way/520051355","name":"White Pass Camp","backcountry":"yes"}},{"type":"Feature","geometry":{"type":"Point","coordinates":[-121.17232,47.989847]},"properties":{"kind":"campsite","osm":"way/520062579","name":"Upper Blue Lake Camping Area","toilets":"yes","backcountry":"yes"}},{"type":"Feature","geometry":{"type":"Point","coordinates":[-121.118429,47.980234]},"properties":{"kind":"campsite","osm":"way/520087618"}},{"type":"Feature","geometry":{"type":"Point","coordinates":[-122.303849,46.050681]},"properties":{"kind":"rv_park","osm":"way/520707766","name":"Lone Fir RV Park"}},{"type":"Feature","geometry":{"type":"Point","coordinates":[-122.340059,45.762716]},"properties":{"kind":"campsite","osm":"way/520910507","name":"Cold Creek Campground","access":"permit"}},{"type":"Feature","geometry":{"type":"Point","coordinates":[-122.182793,46.146535]},"properties":{"kind":"campsite","osm":"way/521377317","name":"Climbers Bivouac","fee":"no","access":"yes","operator":"USFS","website":"https://www.fs.usda.gov/recarea/giffordpinchot/recarea/?recid=31516","capacity":"14","drinking_water":"no"}},{"type":"Feature","geometry":{"type":"Point","coordinates":[-121.895826,45.667514]},"properties":{"kind":"rv_park","osm":"way/524239526","name":"Marine Park RV and Tent Campground"}},{"type":"Feature","geometry":{"type":"Point","coordinates":[-119.436732,48.710641]},"properties":{"kind":"rv_park","osm":"way/526609950","name":"Tonasket RV Park","fee":"yes","website":"https://www.tonasketwa.gov/community/park/rv-park","desc":"RV Park owned by Tonasket Chamber of Commerce. Four week stay maximum","capacity":"8"}},{"type":"Feature","geometry":{"type":"Point","coordinates":[-124.432215,48.548224]},"properties":{"kind":"campsite","osm":"way/531375130"}},{"type":"Feature","geometry":{"type":"Point","coordinates":[-122.91118,46.912691]},"properties":{"kind":"rv_park","osm":"way/539739448","name":"Millersylvania State Park RV Campground","fee":"yes","operator":"Washington State Parks"}},{"type":"Feature","geometry":{"type":"Point","coordinates":[-122.913114,46.912032]},"properties":{"kind":"campsite","osm":"way/539739449","name":"Millersylvania State Park Campground","fee":"yes","operator":"Washington State Parks"}},{"type":"Feature","geometry":{"type":"Point","coordinates":[-120.026687,47.846137]},"properties":{"kind":"rv_park","osm":"way/542185637","name":"Lakeshore RV Park"}},{"type":"Feature","geometry":{"type":"Point","coordinates":[-120.594442,47.005268]},"properties":{"kind":"rv_park","osm":"way/542480202","name":"Ellensburg KOA"}},{"type":"Feature","geometry":{"type":"Point","coordinates":[-122.442558,45.544508]},"properties":{"kind":"rv_park","osm":"way/543014671","name":"Portland Fairview RV Park"}},{"type":"Feature","geometry":{"type":"Point","coordinates":[-124.199663,48.833764]},"properties":{"kind":"campsite","osm":"way/544020649","name":"Gordon Bay Campground","fee":"yes","operator":"K2 Cowichan Park Services Ltd.","website":"https://www.env.gov.bc.ca/bcparks/explore/parkpgs/gordon_bay/","capacity":"127"}},{"type":"Feature","geometry":{"type":"Point","coordinates":[-121.767272,48.576103]},"properties":{"kind":"rv_park","osm":"way/544228991","name":"Lake Tyee Recreational Community","fee":"yes","operator":"Lake Tyee","website":"https://www.laketyee.org/"}},{"type":"Feature","geometry":{"type":"Point","coordinates":[-121.584454,46.67474]},"properties":{"kind":"campsite","osm":"way/550007078","name":"La Wis Wis Campground","fee":"yes","access":"yes","operator":"Hoodoo Recreation Services","website":"https://www.fs.usda.gov/recarea/giffordpinchot/recarea/?recid=31342","capacity":"100","drinking_water":"yes","toilets":"yes","reservation":"recommended","backcountry":"no"}},{"type":"Feature","geometry":{"type":"Point","coordinates":[-122.799549,45.867334]},"properties":{"kind":"rv_park","osm":"way/554577680","name":"RV Park"}},{"type":"Feature","geometry":{"type":"Point","coordinates":[-124.034957,46.3073]},"properties":{"kind":"rv_park","osm":"way/555474348","name":"Beacon Charters & RV Park"}},{"type":"Feature","geometry":{"type":"Point","coordinates":[-124.006199,46.320965]},"properties":{"kind":"rv_park","osm":"way/555475201","name":"Wallicut River RV & Campground Resort"}},{"type":"Feature","geometry":{"type":"Point","coordinates":[-124.061071,46.31869]},"properties":{"kind":"rv_park","osm":"way/555476892","name":"Thousand Trails Long Beach","website":"https://thousandtrails.com/washington/long-beach-rv-camping-resort"}},{"type":"Feature","geometry":{"type":"Point","coordinates":[-124.056976,46.32985]},"properties":{"kind":"rv_park","osm":"way/555724905","name":"Sou'wester Lodge & Cabins","website":"https://www.souwesterlodge.com/","toilets":"yes","reservation":"yes"}},{"type":"Feature","geometry":{"type":"Point","coordinates":[-124.044439,46.340765]},"properties":{"kind":"campsite","osm":"way/555734235","name":"Snow Peak Campfield","fee":"yes","website":"https://snowpeakcampfield.com/"}},{"type":"Feature","geometry":{"type":"Point","coordinates":[-124.053591,46.359042]},"properties":{"kind":"rv_park","osm":"way/555735306","name":"Sand Castle RV Park"}},{"type":"Feature","geometry":{"type":"Point","coordinates":[-124.052777,46.361635]},"properties":{"kind":"rv_park","osm":"way/555736525","name":"Driftwood RV Park"}},{"type":"Feature","geometry":{"type":"Point","coordinates":[-124.055847,46.402287]},"properties":{"kind":"rv_park","osm":"way/555739212","name":"Anderson's RV Park"}},{"type":"Feature","geometry":{"type":"Point","coordinates":[-124.04639,46.490553]},"properties":{"kind":"rv_park","osm":"way/555741924","name":"Oyster Beach RV Resort"}},{"type":"Feature","geometry":{"type":"Point","coordinates":[-124.046368,46.489421]},"properties":{"kind":"rv_park","osm":"way/555741926","name":"Ocean Park Resort RV Park","website":"https://opresort.com/"}},{"type":"Feature","geometry":{"type":"Point","coordinates":[-123.954757,46.284067]},"properties":{"kind":"rv_park","osm":"way/555743478","name":"River's End RV Park"}},{"type":"Feature","geometry":{"type":"Point","coordinates":[-124.073973,46.292096]},"properties":{"kind":"campsite","osm":"way/555750572","name":"Cape Disappointment State Park Campground","fee":"yes","access":"yes","operator":"Washington State Parks","website":"https://parks.wa.gov/find-parks/state-parks/cape-disappointment-state-park","drinking_water":"yes","toilets":"yes","backcountry":"no"}},{"type":"Feature","geometry":{"type":"Point","coordinates":[-124.057334,46.284179]},"properties":{"kind":"campsite","osm":"way/555750573","name":"Cape Disappointment State Park Campground - Campground D","fee":"yes","website":"https://parks.wa.gov/find-parks/state-parks/cape-disappointment-state-park","toilets":"yes"}},{"type":"Feature","geometry":{"type":"Point","coordinates":[-122.521616,47.190346]},"properties":{"kind":"rv_park","osm":"way/558864586","name":"Lakewood Elk Lodge #2388 RV Park","access":"private","website":"https://www.elks.org/lodges/lodgeRVfacilities.cfm?LodgeNumber=2388"}},{"type":"Feature","geometry":{"type":"Point","coordinates":[-124.15182,46.984388]},"properties":{"kind":"rv_park","osm":"way/561395753","name":"Elks Lodge RV Park","access":"private","website":"https://www.elks.org/lodges/lodgeRVfacilities.cfm?LodgeNumber=2581"}},{"type":"Feature","geometry":{"type":"Point","coordinates":[-124.700707,48.659739]},"properties":{"kind":"campsite","osm":"way/562077052","name":"Carmanah Walbran Campground","fee":"yes","website":"https://bcparks.ca/carmanah-walbran-park/"}},{"type":"Feature","geometry":{"type":"Point","coordinates":[-124.69823,48.662967]},"properties":{"kind":"campsite","osm":"way/562077053","website":"https://bcparks.ca/carmanah-walbran-park/"}},{"type":"Feature","geometry":{"type":"Point","coordinates":[-124.168287,47.017937]},"properties":{"kind":"rv_park","osm":"way/562485922","name":"JB's RV Park and Campground","website":"http://jbrvpark.com/"}},{"type":"Feature","geometry":{"type":"Point","coordinates":[-123.590055,46.998239]},"properties":{"kind":"campsite","osm":"way/562746014","name":"Lake Sylvia State Park Campground","fee":"yes","operator":"Washington State Parks and Recreation Commission","drinking_water":"yes","toilets":"yes"}},{"type":"Feature","geometry":{"type":"Point","coordinates":[-122.283013,47.277062]},"properties":{"kind":"campsite","osm":"way/563134095","name":"Lakeview Christian Conference & Retreat Center","access":"private"}},{"type":"Feature","geometry":{"type":"Point","coordinates":[-120.908869,45.63048]},"properties":{"kind":"campsite","osm":"way/568651661","name":"B Loop"}},{"type":"Feature","geometry":{"type":"Point","coordinates":[-120.908808,45.629921]},"properties":{"kind":"campsite","osm":"way/568651663","name":"G Loop"}},{"type":"Feature","geometry":{"type":"Point","coordinates":[-120.908491,45.629398]},"properties":{"kind":"campsite","osm":"way/568651665","name":"T Loop"}},{"type":"Feature","geometry":{"type":"Point","coordinates":[-120.909293,45.632968]},"properties":{"kind":"campsite","osm":"way/568651672","name":"A Loop","fee":"yes","operator":"Oregon State Parks","toilets":"yes"}},{"type":"Feature","geometry":{"type":"Point","coordinates":[-121.539827,46.054171]},"properties":{"kind":"campsite","osm":"way/570171309","name":"Mt. Adams Horse Camp","fee":"yes","operator":"US Forest Service"}},{"type":"Feature","geometry":{"type":"Point","coordinates":[-121.516336,46.129938]},"properties":{"kind":"campsite","osm":"way/570171313","name":"Morrison Creek Campground","fee":"no","website":"https://www.fs.usda.gov/recarea/giffordpinchot/recarea/?recid=31840"}},{"type":"Feature","geometry":{"type":"Point","coordinates":[-122.253183,45.818182]},"properties":{"kind":"campsite","osm":"way/573313344","name":"Sunset Falls Campground","operator":"US Forest Service"}},{"type":"Feature","geometry":{"type":"Point","coordinates":[-123.472294,48.106587]},"properties":{"kind":"rv_park","osm":"way/575049913","name":"Emerald Mobile Home RV Park"}},{"type":"Feature","geometry":{"type":"Point","coordinates":[-120.88753,47.608203]},"properties":{"kind":"campsite","osm":"way/575387200","name":"Chatter Creek Campground","operator":"USFS","website":"https://www.fs.usda.gov/r06/okanogan-wenatchee/recreation/chatter-creek-campground","capacity":"13","drinking_water":"yes","toilets":"yes"}},{"type":"Feature","geometry":{"type":"Point","coordinates":[-120.817444,47.600659]},"properties":{"kind":"campsite","osm":"way/575413305","name":"Johnny Creek Campground (Upper)","fee":"yes","operator":"US Forest Service","website":"https://www.fs.usda.gov/r06/okanogan-wenatchee/recreation/johnny-creek-campground","drinking_water":"yes","toilets":"yes","reservation":"no"}},{"type":"Feature","geometry":{"type":"Point","coordinates":[-123.691066,47.020824]},"properties":{"kind":"campsite","osm":"way/576107805","name":"Winochee Wildwood Park","website":"https://www.wwpark.org/"}},{"type":"Feature","geometry":{"type":"Point","coordinates":[-123.603113,46.976348]},"properties":{"kind":"rv_park","osm":"way/580756649","name":"Monte Square RV Park","website":"http://www.montesquarerv.com/"}},{"type":"Feature","geometry":{"type":"Point","coordinates":[-119.707348,45.844368]},"properties":{"kind":"campsite","osm":"way/580929767","name":"Boardman RV Park"}},{"type":"Feature","geometry":{"type":"Point","coordinates":[-124.702253,48.801491]},"properties":{"kind":"campsite","osm":"way/586427854","name":"Knob Point","fee":"no","website":"https://www.sitesandtrailsbc.ca/resource/REC0271"}},{"type":"Feature","geometry":{"type":"Point","coordinates":[-124.675341,48.803026]},"properties":{"kind":"campsite","osm":"way/586434926","name":"Nitinaht Lake Campground","fee":"yes","operator":"Ditidaht First Nation","website":"https://visitnitinaht.com/"}},{"type":"Feature","geometry":{"type":"Point","coordinates":[-116.914005,47.714408]},"properties":{"kind":"rv_park","osm":"way/587467964","name":"Coeur d'Alene RV Resort","fee":"yes","access":"permissive","capacity":"190"}},{"type":"Feature","geometry":{"type":"Point","coordinates":[-119.987925,46.956441]},"properties":{"kind":"campsite","osm":"way/588226815","name":"Rocky Coulee Recreation Area Campground","fee":"yes","access":"yes","operator":"Grant County PUD","capacity":"10","drinking_water":"no","backcountry":"no"}},{"type":"Feature","geometry":{"type":"Point","coordinates":[-119.953998,47.030787]},"properties":{"kind":"campsite","osm":"way/588236761","fee":"no","drinking_water":"no","backcountry":"yes"}},{"type":"Feature","geometry":{"type":"Point","coordinates":[-122.649961,47.817839]},"properties":{"kind":"campsite","osm":"way/588251823","name":"Kitsap Memorial State Park Campground","fee":"yes","access":"yes","operator":"Washington State Parks","website":"https://parks.state.wa.us/529/Kitsap-Memorial","desc":"Year round campground with both tent and RV sites. Cabins are reservable, but primitive sites are first come first served.","toilets":"yes"}},{"type":"Feature","geometry":{"type":"Point","coordinates":[-123.289957,48.09608]},"properties":{"kind":"rv_park","osm":"way/589044223","name":"Conestoga Quarters RV Park","website":"http://www.conestogaquartersrvpark.com/","capacity":"12"}},{"type":"Feature","geometry":{"type":"Point","coordinates":[-123.651608,47.568841]},"properties":{"kind":"campsite","osm":"way/590770767","name":"North Fork Campground","fee":"yes","operator":"Olympic National Park","capacity":"7"}},{"type":"Feature","geometry":{"type":"Point","coordinates":[-118.778696,49.005615]},"properties":{"kind":"campsite","osm":"way/591292259","name":"Frank Carpenter Memorial Campground","fee":"yes","operator":"The village of Midway","website":"https://midwaybc.ca/campground/"}},{"type":"Feature","geometry":{"type":"Point","coordinates":[-119.971644,47.088816]},"properties":{"kind":"campsite","osm":"way/591923837","name":"Wildhorse Campground","website":"https://wildhorsecampground.com/"}},{"type":"Feature","geometry":{"type":"Point","coordinates":[-123.941553,48.392745]},"properties":{"kind":"campsite","osm":"way/592883117","name":"French Beach Campground","fee":"yes","operator":"R.L.C. Enterprize Ltd.","website":"https://www.env.gov.bc.ca/bcparks/explore/parkpgs/french_bch/","capacity":"69","drinking_water":"yes","toilets":"yes"}},{"type":"Feature","geometry":{"type":"Point","coordinates":[-119.348378,45.933689]},"properties":{"kind":"campsite","osm":"way/597535248","name":"Plymouth Campground","website":"https://www.recreation.gov/camping/campgrounds/233587","drinking_water":"yes","toilets":"yes"}},{"type":"Feature","geometry":{"type":"Point","coordinates":[-123.891941,46.994647]},"properties":{"kind":"rv_park","osm":"way/597937781","name":"Hoquiam River RV Park","fee":"yes","operator":"Hoquiam River RV Park LLC","website":"https://hoquiamriverrvpark.com/","capacity":"75"}},{"type":"Feature","geometry":{"type":"Point","coordinates":[-121.812439,46.744543]},"properties":{"kind":"campsite","osm":"way/606179446","name":"Longmire Stewardship Campground","fee":"yes","access":"private","operator":"National Park Service"}},{"type":"Feature","geometry":{"type":"Point","coordinates":[-124.016396,47.627017]},"properties":{"kind":"campsite","osm":"way/606886085","name":"Queets Campground","fee":"yes","operator":"National Park Service"}},{"type":"Feature","geometry":{"type":"Point","coordinates":[-117.393977,47.75666]},"properties":{"kind":"rv_park","osm":"way/610064481","name":"North Spokane RV Park"}},{"type":"Feature","geometry":{"type":"Point","coordinates":[-121.585895,46.875952]},"properties":{"kind":"campsite","osm":"way/611706343","name":"Tamanos Creek Camp","fee":"no","access":"yes","operator":"National Park Service","capacity":"5","toilets":"yes","reservation":"required","backcountry":"yes"}},{"type":"Feature","geometry":{"type":"Point","coordinates":[-124.131851,46.947461]},"properties":{"kind":"rv_park","osm":"way/611729137","name":"Quinalt RV Park"}},{"type":"Feature","geometry":{"type":"Point","coordinates":[-119.204518,46.27147]},"properties":{"kind":"rv_park","osm":"way/612099134","name":"KOA Kampground"}},{"type":"Feature","geometry":{"type":"Point","coordinates":[-121.487966,45.72282]},"properties":{"kind":"rv_park","osm":"way/619861024","name":"Bridge RV Park & Campground"}},{"type":"Feature","geometry":{"type":"Point","coordinates":[-124.204299,48.540258]},"properties":{"kind":"campsite","osm":"way/619901225","name":"Noyse Lake Campsite","website":"https://www.sitesandtrailsbc.ca/resource/REC6605"}},{"type":"Feature","geometry":{"type":"Point","coordinates":[-121.87373,47.844627]},"properties":{"kind":"rv_park","osm":"way/620179589","name":"Thousand Trails Thunderbird","website":"https://thousandtrails.com/washington/thunderbird-rv-camping-resort"}},{"type":"Feature","geometry":{"type":"Point","coordinates":[-122.779617,46.621096]},"properties":{"kind":"rv_park","osm":"way/620956280","name":"Thousand Trails Chehalis","fee":"yes","operator":"Thousand Trails","website":"https://www.thousandtrails.com/washington/chehalis-rv-camping-resort/","capacity":"315"}},{"type":"Feature","geometry":{"type":"Point","coordinates":[-123.568089,48.54457]},"properties":{"kind":"rv_park","osm":"way/623624967","name":"Cedar Springs Ranch","website":"https://cedarspringsranch.com/"}},{"type":"Feature","geometry":{"type":"Point","coordinates":[-123.680204,48.120393]},"properties":{"kind":"rv_park","osm":"way/624333379","name":"Olympic Ridge RV Community"}},{"type":"Feature","geometry":{"type":"Point","coordinates":[-121.154746,47.494656]},"properties":{"kind":"campsite","osm":"way/624495459","backcountry":"yes"}},{"type":"Feature","geometry":{"type":"Point","coordinates":[-123.209883,47.495161]},"properties":{"kind":"campsite","osm":"way/626312104","name":"Big Creek Campground","fee":"yes","operator":"US Forest Service","website":"https://www.fs.usda.gov/r06/olympic/recreation/big-creek-campground","capacity":"64","drinking_water":"yes","toilets":"yes"}},{"type":"Feature","geometry":{"type":"Point","coordinates":[-124.360124,47.894049]},"properties":{"kind":"campsite","osm":"way/627297027","name":"Bogachiel State Park Campground","fee":"yes","access":"yes","operator":"Washington State Parks","website":"https://parks.wa.gov/find-parks/state-parks/bogachiel-state-park","drinking_water":"yes","toilets":"yes","reservation":"recommended","backcountry":"no"}},{"type":"Feature","geometry":{"type":"Point","coordinates":[-122.654934,48.398759]},"properties":{"kind":"campsite","osm":"way/627297936","name":"Cranberry Lake Campground","fee":"yes","operator":"Washington State Parks","desc":"Hiker-Biker Campsite (approximate)"}},{"type":"Feature","geometry":{"type":"Point","coordinates":[-119.050127,49.046368]},"properties":{"kind":"campsite","osm":"way/634492465","name":"Johnstone Creek Campground","fee":"yes","operator":"Quality Recreation Ltd.","website":"https://bcparks.ca/johnstone-creek-park/","capacity":"16"}},{"type":"Feature","geometry":{"type":"Point","coordinates":[-122.088573,47.139936]},"properties":{"kind":"rv_park","osm":"way/635885044","name":"South Prairie Creek RV Park"}},{"type":"Feature","geometry":{"type":"Point","coordinates":[-122.326691,47.206512]},"properties":{"kind":"rv_park","osm":"way/635895354","name":"Valley RV Park"}},{"type":"Feature","geometry":{"type":"Point","coordinates":[-122.76586,46.312671]},"properties":{"kind":"rv_park","osm":"way/638793097","name":"Silver Cove RV Resort","website":"https://www.rvinnstyleresorts.com/properties/silver-cove-rv-resort/"}},{"type":"Feature","geometry":{"type":"Point","coordinates":[-122.775173,46.320519]},"properties":{"kind":"rv_park","osm":"way/638793104","name":"Mt St Helens RV Resort","toilets":"yes"}},{"type":"Feature","geometry":{"type":"Point","coordinates":[-121.877311,45.820732]},"properties":{"kind":"campsite","osm":"way/642508404","name":"Panther Creek Campground","fee":"yes","website":"https://www.fs.usda.gov/r06/giffordpinchot/recreation/campground-panther-creek","toilets":"yes"}},{"type":"Feature","geometry":{"type":"Point","coordinates":[-123.563711,48.562396]},"properties":{"kind":"campsite","osm":"way/646732377"}},{"type":"Feature","geometry":{"type":"Point","coordinates":[-120.972583,47.193333]},"properties":{"kind":"campsite","osm":"way/667321207","name":"Tent Camping","fee":"no","access":"no"}},{"type":"Feature","geometry":{"type":"Point","coordinates":[-120.972845,47.19389]},"properties":{"kind":"rv_park","osm":"way/667321208","name":"RV Trailer Parking","fee":"yes","desc":"The Horse Park has 23 RV-hookup spots that can accommodate large rigs, as well as an RV sanitary dump station.","capacity":"23"}},{"type":"Feature","geometry":{"type":"Point","coordinates":[-121.988154,47.872221]},"properties":{"kind":"rv_park","osm":"way/668550509","name":"Evergreen Fairgrounds RV1"}},{"type":"Feature","geometry":{"type":"Point","coordinates":[-121.982764,47.867189]},"properties":{"kind":"rv_park","osm":"way/668550563","name":"Evergreen State Fairgrounds RV-2"}},{"type":"Feature","geometry":{"type":"Point","coordinates":[-122.700818,47.170544]},"properties":{"kind":"campsite","osm":"way/668690424","name":"Riviera Community Club Campground","access":"private","website":"https://rivieraclub.org/campground/"}},{"type":"Feature","geometry":{"type":"Point","coordinates":[-122.294672,47.02854]},"properties":{"kind":"rv_park","osm":"way/680193853","name":"Rainier View RV Park","fee":"yes","access":"customers","website":"https://rvrvpark.com/rainier-view-rv-park/"}},{"type":"Feature","geometry":{"type":"Point","coordinates":[-123.15175,47.598124]},"properties":{"kind":"campsite","osm":"way/680757742","name":"Lena Creek Campground","fee":"yes","operator":"U.S. Forest Service","website":"https://www.fs.usda.gov/recarea/olympic/recarea/?recid=47861"}},{"type":"Feature","geometry":{"type":"Point","coordinates":[-123.396204,48.425944]},"properties":{"kind":"rv_park","osm":"way/683396209","name":"Salish Seaside RV Haven","fee":"yes","website":"https://www.salishseasidervhaven.com"}},{"type":"Feature","geometry":{"type":"Point","coordinates":[-119.218022,46.231446]},"properties":{"kind":"rv_park","osm":"way/684277819","name":"Tri-Cities RV Park","website":"https://www.tri-citiesrvpark.com/"}},{"type":"Feature","geometry":{"type":"Point","coordinates":[-119.208249,45.764687]},"properties":{"kind":"rv_park","osm":"way/686308079"}},{"type":"Feature","geometry":{"type":"Point","coordinates":[-122.042967,47.330444]},"properties":{"kind":"rv_park","osm":"way/688204925","name":"Lake Sawyer Resort","website":"https://www.sunriseresorts.com/resort-locations/lake-sawyer-resort/"}},{"type":"Feature","geometry":{"type":"Point","coordinates":[-120.534624,47.311672]},"properties":{"kind":"campsite","osm":"way/695406554","name":"Ken Wilcox Horse Camp at Haney Meadows","website":"https://www.fs.usda.gov/recarea/okawen/recreation/camping-cabins/recarea/?recid=57609","capacity":"19","drinking_water":"no"}},{"type":"Feature","geometry":{"type":"Point","coordinates":[-120.654249,47.329043]},"properties":{"kind":"campsite","osm":"way/695406555","name":"Swauk Campground","fee":"yes","access":"yes","operator":"United States Forest Service","website":"https://www.fs.usda.gov/r06/okanogan-wenatchee/recreation/swauk-campground","capacity":"19","drinking_water":"yes","toilets":"yes"}},{"type":"Feature","geometry":{"type":"Point","coordinates":[-121.083157,46.953463]},"properties":{"kind":"campsite","osm":"way/696239544","name":"Camp Roganunda","access":"private","website":"https://camproganunda.com/"}},{"type":"Feature","geometry":{"type":"Point","coordinates":[-120.664873,45.95099]},"properties":{"kind":"rv_park","osm":"way/696995768","name":"Pine Springs Resort"}},{"type":"Feature","geometry":{"type":"Point","coordinates":[-120.66722,45.952438]},"properties":{"kind":"campsite","osm":"way/696995770","name":"Brooks Memorial State Park Campground","fee":"yes","website":"https://parks.wa.gov/find-parks/state-parks/brooks-memorial-state-park"}},{"type":"Feature","geometry":{"type":"Point","coordinates":[-123.161083,48.66832]},"properties":{"kind":"campsite","osm":"way/697596359","name":"Wayfarers"}},{"type":"Feature","geometry":{"type":"Point","coordinates":[-123.201225,48.78066]},"properties":{"kind":"campsite","osm":"way/699121746"}},{"type":"Feature","geometry":{"type":"Point","coordinates":[-119.317704,45.836169]},"properties":{"kind":"rv_park","osm":"way/699283805","name":"Pioneer RV Park"}},{"type":"Feature","geometry":{"type":"Point","coordinates":[-121.529769,46.81219]},"properties":{"kind":"campsite","osm":"way/704096115","name":"Shriner Peak Camp","fee":"no","access":"yes","operator":"National Park Service","capacity":"2","toilets":"yes","reservation":"required","backcountry":"yes"}},{"type":"Feature","geometry":{"type":"Point","coordinates":[-119.973775,47.805595]},"properties":{"kind":"campsite","osm":"way/704643358","name":"Beebe Bridge Park Campground","fee":"yes","access":"customers","operator":"Chelan County Public Utility District","capacity":"46"}},{"type":"Feature","geometry":{"type":"Point","coordinates":[-123.425773,48.035456]},"properties":{"kind":"campsite","osm":"way/708562671","name":"Heart O' The Hills Campground","fee":"yes","operator":"National Park Service","drinking_water":"yes","reservation":"no"}},{"type":"Feature","geometry":{"type":"Point","coordinates":[-121.7999,46.950626]},"properties":{"kind":"campsite","osm":"way/710574958","name":"Carbon River Camp","fee":"no","access":"yes","operator":"National Park Service","capacity":"4","toilets":"yes","reservation":"required","backcountry":"yes"}},{"type":"Feature","geometry":{"type":"Point","coordinates":[-121.901788,46.792519]},"properties":{"kind":"campsite","osm":"way/710578809","name":"Lake George Camp","fee":"no","access":"permit","operator":"National Park Service","toilets":"yes","reservation":"required","backcountry":"yes"}},{"type":"Feature","geometry":{"type":"Point","coordinates":[-122.671251,45.749722]},"properties":{"kind":"rv_park","osm":"way/712165506","name":"Clark County Fairgrounds RV & Storage"}},{"type":"Feature","geometry":{"type":"Point","coordinates":[-120.476277,46.589946]},"properties":{"kind":"rv_park","osm":"way/713542788","name":"Circle H RV Park"}},{"type":"Feature","geometry":{"type":"Point","coordinates":[-120.513608,46.622467]},"properties":{"kind":"rv_park","osm":"way/713791468","name":"Yakima RV Park","website":"https://yakimarvpark.com/"}},{"type":"Feature","geometry":{"type":"Point","coordinates":[-123.193905,48.139333]},"properties":{"kind":"campsite","osm":"way/714937484","name":"Dungeness Recreation Area Campground","fee":"yes","operator":"Clallam County","website":"https://www.clallamcountywa.gov/Facilities/Facility/Details/Dungeness-Recreation-Area-2","drinking_water":"yes","toilets":"yes","reservation":"yes","backcountry":"no"}},{"type":"Feature","geometry":{"type":"Point","coordinates":[-121.531762,46.46587]},"properties":{"kind":"campsite","osm":"way/715286306","name":"Chambers Lake Campground","fee":"no"}},{"type":"Feature","geometry":{"type":"Point","coordinates":[-121.490125,46.425443]},"properties":{"kind":"campsite","osm":"way/715286331","name":"Walupt Horse Camp","website":"https://www.fs.usda.gov/recarea/giffordpinchot/recarea/?recid=31458"}},{"type":"Feature","geometry":{"type":"Point","coordinates":[-121.474096,46.423997]},"properties":{"kind":"campsite","osm":"way/715286332","name":"Walupt Lake Campground","fee":"yes","website":"https://www.fs.usda.gov/recarea/giffordpinchot/recarea/?recid=31460"}},{"type":"Feature","geometry":{"type":"Point","coordinates":[-122.260147,47.884557]},"properties":{"kind":"rv_park","osm":"way/715572962","name":"Maple Grove RV Resort","website":"https://maplegrovervresort.com/","toilets":"yes"}},{"type":"Feature","geometry":{"type":"Point","coordinates":[-122.259645,47.886075]},"properties":{"kind":"rv_park","osm":"way/715572963","name":"Lakeside RV Park","website":"https://lakesidervpark.net/"}},{"type":"Feature","geometry":{"type":"Point","coordinates":[-122.252681,47.893824]},"properties":{"kind":"rv_park","osm":"way/715572964","name":"Harbour Pointe RV Park","website":"https://harbourpointervpark.com/"}},{"type":"Feature","geometry":{"type":"Point","coordinates":[-119.57827,47.28623]},"properties":{"kind":"rv_park","osm":"way/722809415","name":"Oasis RV Park"}},{"type":"Feature","geometry":{"type":"Point","coordinates":[-119.288214,46.309367]},"properties":{"kind":"rv_park","osm":"way/727292335","name":"MoonRiver RV Resort"}},{"type":"Feature","geometry":{"type":"Point","coordinates":[-122.468394,47.122139]},"properties":{"kind":"campsite","osm":"way/727627839","name":"Holiday Park","access":"private","operator":"Joint Base Lewis-McChord"}},{"type":"Feature","geometry":{"type":"Point","coordinates":[-124.423133,48.921071]},"properties":{"kind":"campsite","osm":"way/729212533","name":"Little Shaw Campsite","fee":"yes","operator":"Mosaic","website":"https://mosaiccampsites.com/booksouthisland/littleshaw"}},{"type":"Feature","geometry":{"type":"Point","coordinates":[-124.481828,48.921508]},"properties":{"kind":"campsite","osm":"way/729212807","name":"Kissinger Campsite","fee":"yes","operator":"Mosaic Forest Management","website":"https://www.mosaiccampsites.com/book/southisland/kissingerlake"}},{"type":"Feature","geometry":{"type":"Point","coordinates":[-123.814614,46.419843]},"properties":{"kind":"campsite","osm":"way/734622259","name":"Snag Lake Campground","fee":"yes"}},{"type":"Feature","geometry":{"type":"Point","coordinates":[-123.820934,46.423268]},"properties":{"kind":"campsite","osm":"way/734622261","name":"Western Lake Campground"}},{"type":"Feature","geometry":{"type":"Point","coordinates":[-124.659148,48.154149]},"properties":{"kind":"rv_park","osm":"way/737060172","name":"The Lost Resort Campground"}},{"type":"Feature","geometry":{"type":"Point","coordinates":[-124.666825,48.152808]},"properties":{"kind":"campsite","osm":"way/737061621","name":"Ozette Campground","fee":"yes","access":"yes","operator":"National Park Service","drinking_water":"yes","toilets":"yes","backcountry":"no"}},{"type":"Feature","geometry":{"type":"Point","coordinates":[-121.868357,45.678603]},"properties":{"kind":"rv_park","osm":"way/739603163","name":"Cascade Locks / Portland East KOA","fee":"yes","drinking_water":"yes"}},{"type":"Feature","geometry":{"type":"Point","coordinates":[-122.261493,47.888218]},"properties":{"kind":"rv_park","osm":"way/740646029","name":"Airport RV"}},{"type":"Feature","geometry":{"type":"Point","coordinates":[-121.619221,46.288947]},"properties":{"kind":"campsite","osm":"way/749238699","name":"Olallie Lake Campground","fee":"yes","website":"https://www.fs.usda.gov/recarea/giffordpinchot/recarea/?recid=31370","toilets":"yes"}},{"type":"Feature","geometry":{"type":"Point","coordinates":[-121.598525,46.278761]},"properties":{"kind":"campsite","osm":"way/749238704","name":"Takhlakh Lake Campground","fee":"yes","drinking_water":"no","toilets":"yes"}},{"type":"Feature","geometry":{"type":"Point","coordinates":[-123.502016,46.177031]},"properties":{"kind":"campsite","osm":"way/760043117","name":"Gnat Creek Campground"}},{"type":"Feature","geometry":{"type":"Point","coordinates":[-121.107224,45.644629]},"properties":{"kind":"campsite","osm":"way/761164432","name":"Columbia Hills State Park Campground","fee":"yes","access":"yes","operator":"Washington State Parks and Recreation Commission","website":"https://www.parks.wa.gov/489/Columbia-Hills","drinking_water":"yes","toilets":"yes","reservation":"recommended","backcountry":"no"}},{"type":"Feature","geometry":{"type":"Point","coordinates":[-119.314752,46.327192]},"properties":{"kind":"rv_park","osm":"way/761368974","name":"Horn Rapids RV Resort"}},{"type":"Feature","geometry":{"type":"Point","coordinates":[-117.675911,46.33006]},"properties":{"kind":"campsite","osm":"way/767455183","name":"Spring Lake Campground","operator":"Washington Department of Fish and Wildlife"}},{"type":"Feature","geometry":{"type":"Point","coordinates":[-117.673445,46.326326]},"properties":{"kind":"campsite","osm":"way/767455187","name":"Campground 2","operator":"Washington Department of Fish and Wildlife"}},{"type":"Feature","geometry":{"type":"Point","coordinates":[-117.657503,46.311222]},"properties":{"kind":"campsite","osm":"way/767455224","name":"Campground 3","operator":"Washington Department of Fish and Wildlife"}},{"type":"Feature","geometry":{"type":"Point","coordinates":[-117.655174,46.292096]},"properties":{"kind":"campsite","osm":"way/767455233","name":"Campground 4","operator":"Washington Department of Fish and Wildlife"}},{"type":"Feature","geometry":{"type":"Point","coordinates":[-117.659279,46.271896]},"properties":{"kind":"campsite","osm":"way/767455257","name":"Campground 5","operator":"Washington Department of Fish and Wildlife"}},{"type":"Feature","geometry":{"type":"Point","coordinates":[-117.661214,46.26977]},"properties":{"kind":"campsite","osm":"way/767455264","name":"Campground 6","operator":"Washington Department of Fish and Wildlife"}},{"type":"Feature","geometry":{"type":"Point","coordinates":[-117.668248,46.261588]},"properties":{"kind":"campsite","osm":"way/767455271","name":"Campground 7","operator":"Washington Department of Fish and Wildlife"}},{"type":"Feature","geometry":{"type":"Point","coordinates":[-117.686725,46.246466]},"properties":{"kind":"campsite","osm":"way/767455280","name":"W. T. Wooten Campground 8","operator":"Washington Department of Fish and Wildlife"}},{"type":"Feature","geometry":{"type":"Point","coordinates":[-117.718195,46.231368]},"properties":{"kind":"campsite","osm":"way/767455289","name":"W. T. Wooten Campground 9","operator":"Washington Department of Fish and Wildlife"}},{"type":"Feature","geometry":{"type":"Point","coordinates":[-117.70823,46.206409]},"properties":{"kind":"campsite","osm":"way/767455307","name":"W. T. Wooten Campground 11","operator":"Washington Department of Fish and Wildlife"}},{"type":"Feature","geometry":{"type":"Point","coordinates":[-117.707498,46.207387]},"properties":{"kind":"campsite","osm":"way/767455309","name":"W. T. Wooten Campground 10","operator":"Washington Department of Fish and Wildlife"}},{"type":"Feature","geometry":{"type":"Point","coordinates":[-117.272995,46.035149]},"properties":{"kind":"campsite","osm":"way/768447974","name":"Bezona Water Access Site","operator":"Washington Department of Fish and Wildlife"}},{"type":"Feature","geometry":{"type":"Point","coordinates":[-117.346088,46.058615]},"properties":{"kind":"campsite","osm":"way/768447982","name":"4-O Ranch Wildlife Area Campground","operator":"Washington Department of Fish and Wildlife"}},{"type":"Feature","geometry":{"type":"Point","coordinates":[-122.644241,48.393219]},"properties":{"kind":"campsite","osm":"way/768961643","name":"Quarry Pond Loop","fee":"yes","access":"yes","operator":"Washington State Parks","drinking_water":"yes","toilets":"yes","reservation":"yes","backcountry":"no"}},{"type":"Feature","geometry":{"type":"Point","coordinates":[-120.154206,47.912941]},"properties":{"kind":"campsite","osm":"way/774729138","name":"Wapato Lake Campground","website":"https://mansonparks.com/directory/wapato-lake-campground/"}},{"type":"Feature","geometry":{"type":"Point","coordinates":[-119.462736,45.984202]},"properties":{"kind":"campsite","osm":"way/774870455","name":"Bing Canyon Pioneer Camp","operator":"AgriNorthwest"}},{"type":"Feature","geometry":{"type":"Point","coordinates":[-119.35284,45.948474]},"properties":{"kind":"rv_park","osm":"way/775128595","name":"Agate Acres RV Park"}},{"type":"Feature","geometry":{"type":"Point","coordinates":[-119.438573,46.37859]},"properties":{"kind":"campsite","osm":"way/775847192","name":"Horn Rapids Campground"}},{"type":"Feature","geometry":{"type":"Point","coordinates":[-120.64556,47.595864]},"properties":{"kind":"campsite","osm":"way/778340993","name":"Alpine View RV Park"}},{"type":"Feature","geometry":{"type":"Point","coordinates":[-122.291431,46.055187]},"properties":{"kind":"campsite","osm":"way/783191259","name":"Cougar Camp","operator":"PacifiCorp"}},{"type":"Feature","geometry":{"type":"Point","coordinates":[-122.767255,49.025084]},"properties":{"kind":"rv_park","osm":"way/784885280","name":"Border RV Park"}},{"type":"Feature","geometry":{"type":"Point","coordinates":[-119.931068,46.683522]},"properties":{"kind":"campsite","osm":"way/806228195","name":"Priest Rapids Recreation Area Campground","fee":"yes","access":"yes","operator":"Grant County Public Utility District","website":"https://509river.org/campsites/priest-rapids-recreation-area/","drinking_water":"yes","toilets":"yes","backcountry":"no"}},{"type":"Feature","geometry":{"type":"Point","coordinates":[-117.657999,47.881368]},"properties":{"kind":"rv_park","osm":"way/813810614","name":"Willow Bay Resort and Marina"}},{"type":"Feature","geometry":{"type":"Point","coordinates":[-121.947049,47.351608]},"properties":{"kind":"campsite","osm":"way/815005162","name":"Lake Retreat Camp","access":"private","website":"https://www.lakeretreat.org/"}},{"type":"Feature","geometry":{"type":"Point","coordinates":[-123.076515,47.3484]},"properties":{"kind":"rv_park","osm":"way/815461385","name":"Robin Hood Village Resort","toilets":"yes"}},{"type":"Feature","geometry":{"type":"Point","coordinates":[-121.563845,47.651863]},"properties":{"kind":"campsite","osm":"way/817978523","fee":"no","backcountry":"yes"}},{"type":"Feature","geometry":{"type":"Point","coordinates":[-121.186446,47.246121]},"properties":{"kind":"campsite","osm":"way/821914547","name":"Lake Easton Resort & RV Park"}},{"type":"Feature","geometry":{"type":"Point","coordinates":[-121.809762,46.77821]},"properties":{"kind":"campsite","osm":"way/821974430","name":"Pyramid Creek Camp","fee":"no","access":"yes","operator":"National Park Service","capacity":"3","toilets":"yes","reservation":"required","backcountry":"yes"}},{"type":"Feature","geometry":{"type":"Point","coordinates":[-122.715749,48.090826]},"properties":{"kind":"campsite","osm":"way/825443957","name":"Fort Flagler Upper Campground","fee":"yes","operator":"Washington State Parks and Recreation Commission"}},{"type":"Feature","geometry":{"type":"Point","coordinates":[-122.72063,48.094872]},"properties":{"kind":"campsite","osm":"way/825443980","name":"Fort Flagler Lower Campground","fee":"yes","operator":"Washington State Parks and Recreation Commission"}},{"type":"Feature","geometry":{"type":"Point","coordinates":[-119.860473,48.867744]},"properties":{"kind":"campsite","osm":"way/827885752","name":"Daisy Camp","operator":"Okanogan-Wenatchee National Forest","website":"https://www.fs.usda.gov/recarea/okawen/recarea/?recid=59569","desc":"Dispersed camping site (formerly a trailhead, but the trail that used to take off from here is not maintained). 1 pit toilet, 2 picnic tables."}},{"type":"Feature","geometry":{"type":"Point","coordinates":[-124.110219,46.857231]},"properties":{"kind":"campsite","osm":"way/830825704","name":"Twin Harbors State Park - Westside Campground"}},{"type":"Feature","geometry":{"type":"Point","coordinates":[-124.107261,46.857345]},"properties":{"kind":"campsite","osm":"way/830828002","name":"Twin Harbors State Park - Eastside Campground","drinking_water":"yes","toilets":"yes"}},{"type":"Feature","geometry":{"type":"Point","coordinates":[-124.163893,47.032438]},"properties":{"kind":"campsite","osm":"way/830837657","name":"Ocean City State Park Campground","fee":"yes","access":"yes","operator":"Washington State Parks and Recreation Commission","website":"https://parks.wa.gov/find-parks/state-parks/ocean-city-state-park","drinking_water":"yes","toilets":"yes","reservation":"recommended","backcountry":"no"}},{"type":"Feature","geometry":{"type":"Point","coordinates":[-122.70089,49.020243]},"properties":{"kind":"campsite","osm":"way/831378934","name":"Hazelmere RV Park & Campground","fee":"yes","access":"yes","website":"https://www.hazelmere.ca/"}},{"type":"Feature","geometry":{"type":"Point","coordinates":[-121.533444,46.993755]},"properties":{"kind":"campsite","osm":"way/837439721","name":"Silver Springs Campground","fee":"yes","access":"yes","operator":"United States Forest Service","website":"https://www.fs.usda.gov/recarea/mbs/recarea/?recid=18090","drinking_water":"yes","toilets":"yes","reservation":"recommended","backcountry":"no"}},{"type":"Feature","geometry":{"type":"Point","coordinates":[-121.361433,46.654882]},"properties":{"kind":"campsite","osm":"way/837491124","name":"Dog Lake Campground","fee":"yes","access":"yes","operator":"USDA Forest Service","website":"https://www.fs.usda.gov/r06/okanogan-wenatchee/recreation","drinking_water":"no","toilets":"yes","reservation":"no","backcountry":"no"}},{"type":"Feature","geometry":{"type":"Point","coordinates":[-121.242909,46.643808]},"properties":{"kind":"campsite","osm":"way/837491125","name":"Indian Creek Campground","fee":"yes","access":"yes","operator":"USDA Forest Service","website":"https://www.fs.usda.gov/r06/okanogan-wenatchee/recreation/indian-creek-campground","capacity":"39","drinking_water":"yes","toilets":"yes","reservation":"recommended","backcountry":"no"}},{"type":"Feature","geometry":{"type":"Point","coordinates":[-121.57887,47.071821]},"properties":{"kind":"campsite","osm":"way/837930376","name":"The Dalles Campground","fee":"yes","access":"yes","operator":"United States Forest Service","website":"https://www.fs.usda.gov/recarea/mbs/recarea/?recid=18088","capacity":"45","drinking_water":"yes","toilets":"yes","reservation":"recommended","backcountry":"no"}},{"type":"Feature","geometry":{"type":"Point","coordinates":[-123.557903,45.589153]},"properties":{"kind":"campsite","osm":"way/842360685","name":"Jones Creek Campground"}},{"type":"Feature","geometry":{"type":"Point","coordinates":[-122.164474,48.145283]},"properties":{"kind":"rv_park","osm":"way/845280316","name":"Emerald Springs RV Park"}},{"type":"Feature","geometry":{"type":"Point","coordinates":[-121.914245,48.516599]},"properties":{"kind":"rv_park","osm":"way/846300362","name":"Skagit River Woods","access":"private","website":"https://www.srwcampingclub.com/"}},{"type":"Feature","geometry":{"type":"Point","coordinates":[-121.904785,48.516786]},"properties":{"kind":"campsite","osm":"way/846300368","name":"Rasar State Park Campground","website":"https://parks.wa.gov/find-parks/state-parks/rasar-state-park","toilets":"yes"}},{"type":"Feature","geometry":{"type":"Point","coordinates":[-117.540831,48.613165]},"properties":{"kind":"campsite","osm":"way/847709854","operator":"Lake Gillette Campground"}},{"type":"Feature","geometry":{"type":"Point","coordinates":[-117.535338,48.612391]},"properties":{"kind":"campsite","osm":"way/847709855","name":"Gillette Lake Campground"}},{"type":"Feature","geometry":{"type":"Point","coordinates":[-121.89615,45.664246]},"properties":{"kind":"rv_park","osm":"way/851857720","name":"Bridge of the Gods Motel, RV Park and Cabins"}},{"type":"Feature","geometry":{"type":"Point","coordinates":[-120.189825,45.70858]},"properties":{"kind":"rv_park","osm":"way/851976747","name":"Columbia River Park"}},{"type":"Feature","geometry":{"type":"Point","coordinates":[-124.172171,47.119626]},"properties":{"kind":"rv_park","osm":"way/862320093","name":"Copalis River RV Park","website":"http://driftwoodrvresort.com/"}},{"type":"Feature","geometry":{"type":"Point","coordinates":[-122.310871,48.111424]},"properties":{"kind":"campsite","osm":"way/864924993","name":"Port Susan Camping Club (PSCC)","fee":"no","access":"private","website":"https://portsusancamping.org/","capacity":"2400"}},{"type":"Feature","geometry":{"type":"Point","coordinates":[-122.613996,48.658902]},"properties":{"kind":"campsite","osm":"way/865153251","name":"Cascadia Marine Trail Campsite - Lummi Island","fee":"no","access":"yes","operator":"DNR","website":"https://www.wwta.org/sites/lummi-island/","desc":"Primitive camping available for those arriving via human powered boat. Part of Cascadia Marine Trail. has campfire grates, no drinking water.","capacity":"5","toilets":"yes","reservation":"no"}},{"type":"Feature","geometry":{"type":"Point","coordinates":[-121.679025,47.866887]},"properties":{"kind":"campsite","osm":"way/865473728","name":"Wallace Falls State Park Campground","operator":"Washington State Parks and Recreation Commission","website":"https://parks.state.wa.us/289/Wallace-Falls","desc":"Year round campground. Cabins are reservable, but the two primitive sites are first come first served.","toilets":"yes"}},{"type":"Feature","geometry":{"type":"Point","coordinates":[-117.706778,46.204435]},"properties":{"kind":"campsite","osm":"way/866813373","name":"Panjab Campground","fee":"yes","access":"yes","operator":"United States Forest Service Pomeroy Ranger District","website":"https://www.fs.usda.gov/recarea/umatilla/recarea/?recid=56809","drinking_water":"no"}},{"type":"Feature","geometry":{"type":"Point","coordinates":[-122.847645,45.780275]},"properties":{"kind":"rv_park","osm":"way/869888484"}},{"type":"Feature","geometry":{"type":"Point","coordinates":[-122.772371,45.749293]},"properties":{"kind":"rv_park","osm":"way/870611360","name":"Island Cove RV Park"}},{"type":"Feature","geometry":{"type":"Point","coordinates":[-122.870847,46.03938]},"properties":{"kind":"rv_park","osm":"way/871782591"}},{"type":"Feature","geometry":{"type":"Point","coordinates":[-123.549391,45.587769]},"properties":{"kind":"campsite","osm":"way/873369049","name":"Smith Homestead"}},{"type":"Feature","geometry":{"type":"Point","coordinates":[-117.156305,46.869539]},"properties":{"kind":"campsite","osm":"way/874938407","name":"Kamiak Butte County Park Campground","operator":"Whitman County Parks"}},{"type":"Feature","geometry":{"type":"Point","coordinates":[-123.078017,48.98743]},"properties":{"kind":"campsite","osm":"way/874962268","name":"Point Roberts Bible Camp"}},{"type":"Feature","geometry":{"type":"Point","coordinates":[-123.189867,47.412039]},"properties":{"kind":"rv_park","osm":"way/875409669","name":"Dow Creek RV Resort"}},{"type":"Feature","geometry":{"type":"Point","coordinates":[-117.571111,48.545155]},"properties":{"kind":"campsite","osm":"way/876960133","name":"Flodelle Campground"}},{"type":"Feature","geometry":{"type":"Point","coordinates":[-124.115555,46.908821]},"properties":{"kind":"rv_park","osm":"way/878391440","name":"Totem RV"}},{"type":"Feature","geometry":{"type":"Point","coordinates":[-124.629565,47.902509]},"properties":{"kind":"rv_park","osm":"way/878593361","name":"Lonesome Creek RV Park"}},{"type":"Feature","geometry":{"type":"Point","coordinates":[-124.635336,47.907154]},"properties":{"kind":"rv_park","osm":"way/878593363","name":"Ocean Park Creek RV Park"}},{"type":"Feature","geometry":{"type":"Point","coordinates":[-124.116733,46.88893]},"properties":{"kind":"campsite","osm":"way/878739814","name":"Westport Lighthouse Campground and RV Park:","access":"private","operator":"U.S. Coast Guard","website":"https://www.dcms.uscg.mil/Our-Organization/Assistant-Commandant-for-Human-Resources-CG-1/Community-Services-Command-CSC/MWR/Coast-Guard-Lodging/"}},{"type":"Feature","geometry":{"type":"Point","coordinates":[-117.535764,48.623823]},"properties":{"kind":"campsite","osm":"way/879100857","name":"Lake Thomas Campground"}},{"type":"Feature","geometry":{"type":"Point","coordinates":[-123.935493,45.702505]},"properties":{"kind":"dump","osm":"way/880369359","fee":"yes"}},{"type":"Feature","geometry":{"type":"Point","coordinates":[-123.935416,45.7025]},"properties":{"kind":"dump","osm":"way/880369360","fee":"yes"}},{"type":"Feature","geometry":{"type":"Point","coordinates":[-117.710377,48.23977]},"properties":{"kind":"rv_park","osm":"way/880918649"}},{"type":"Feature","geometry":{"type":"Point","coordinates":[-117.713516,48.273561]},"properties":{"kind":"rv_park","osm":"way/881154066","name":"Chewelah RV Park"}},{"type":"Feature","geometry":{"type":"Point","coordinates":[-123.936196,45.697564]},"properties":{"kind":"campsite","osm":"way/883886090","name":"Nehalem Bay State Park Main Campgrounds","drinking_water":"yes"}},{"type":"Feature","geometry":{"type":"Point","coordinates":[-123.936295,45.692155]},"properties":{"kind":"campsite","osm":"way/883886091","name":"Nehalem Bay State Park Horse Campground"}},{"type":"Feature","geometry":{"type":"Point","coordinates":[-123.934463,45.702761]},"properties":{"kind":"campsite","osm":"way/883886092","name":"Nehalem Bay State Park Hiker/Biker Campground","fee":"yes","access":"permit","operator":"Oregon State Parks","drinking_water":"yes","toilets":"no"}},{"type":"Feature","geometry":{"type":"Point","coordinates":[-123.930685,45.698679]},"properties":{"kind":"campsite","osm":"way/883888166","name":"Nehalem Bay State Park primitive Fly-In Campground"}},{"type":"Feature","geometry":{"type":"Point","coordinates":[-117.565066,47.653033]},"properties":{"kind":"rv_park","osm":"way/884572154","name":"Nothern Quest RV Resort","reservation":"required"}},{"type":"Feature","geometry":{"type":"Point","coordinates":[-121.564153,46.009238]},"properties":{"kind":"rv_park","osm":"way/886361814","name":"Elk Meadows RV Park"}},{"type":"Feature","geometry":{"type":"Point","coordinates":[-121.26882,46.626805]},"properties":{"kind":"campsite","osm":"way/886605003","name":"Clear Lake South Campground","fee":"yes","operator":"USDA Forest Service","website":"https://www.fs.usda.gov/recarea/okawen/recarea/?recid=58177","capacity":"22","drinking_water":"yes","toilets":"yes","reservation":"no","backcountry":"no"}},{"type":"Feature","geometry":{"type":"Point","coordinates":[-122.968182,45.505677]},"properties":{"kind":"rv_park","osm":"way/887359550","name":"River Road Boat & RV Park"}},{"type":"Feature","geometry":{"type":"Point","coordinates":[-121.831841,47.040521]},"properties":{"kind":"campsite","osm":"way/889995073","name":"Summit Lake Camping Area","fee":"no","access":"yes","operator":"United States Forest Service","drinking_water":"no","toilets":"yes","reservation":"no","backcountry":"yes"}},{"type":"Feature","geometry":{"type":"Point","coordinates":[-121.640752,46.902389]},"properties":{"kind":"campsite","osm":"way/890255276","name":"White River Campground","fee":"yes","access":"yes","operator":"National Park Service","website":"https://www.nps.gov/mora/planyourvisit/campgrounds.htm","capacity":"112","drinking_water":"yes","toilets":"yes","reservation":"no","backcountry":"no"}},{"type":"Feature","geometry":{"type":"Point","coordinates":[-121.759075,46.770748]},"properties":{"kind":"campsite","osm":"way/890255283","name":"Paradise River Camp","fee":"no","access":"yes","operator":"National Park Service","toilets":"yes","reservation":"required","backcountry":"yes"}},{"type":"Feature","geometry":{"type":"Point","coordinates":[-121.567639,46.736712]},"properties":{"kind":"campsite","osm":"way/890255285","name":"Ohanapecosh Campground","fee":"yes","access":"yes","operator":"National Park Service","website":"https://www.recreation.gov/camping/campgrounds/232465","capacity":"188","drinking_water":"yes","toilets":"yes","reservation":"required","backcountry":"no"}},{"type":"Feature","geometry":{"type":"Point","coordinates":[-121.658235,46.866067]},"properties":{"kind":"campsite","osm":"way/890255287","name":"Camp Summerland","fee":"no","access":"permit","operator":"National Park Service","capacity":"5","toilets":"yes","reservation":"required","backcountry":"yes"}},{"type":"Feature","geometry":{"type":"Point","coordinates":[-121.655031,46.989904]},"properties":{"kind":"campsite","osm":"way/890255288","name":"Lake Eleanor Camp","fee":"no","access":"yes","operator":"National Park Service","capacity":"4","toilets":"yes","reservation":"required","backcountry":"yes"}},{"type":"Feature","geometry":{"type":"Point","coordinates":[-121.382369,46.916228]},"properties":{"kind":"campsite","osm":"way/890260149","name":"Lodgepole Campground","fee":"yes","access":"yes","operator":"United States Forest Service","website":"https://www.fs.usda.gov/r06/okanogan-wenatchee/recreation/lodgepole-campground","drinking_water":"yes","toilets":"yes","reservation":"recommended","backcountry":"no"}},{"type":"Feature","geometry":{"type":"Point","coordinates":[-121.325609,46.943603]},"properties":{"kind":"campsite","osm":"way/890260150","name":"Pleasant Valley Campground","fee":"yes","access":"yes","operator":"USDA Forest Service","website":"https://www.fs.usda.gov/r06/okanogan-wenatchee/recreation/pleasant-valley-campground","capacity":"12","drinking_water":"yes","toilets":"yes","reservation":"recommended","backcountry":"no"}},{"type":"Feature","geometry":{"type":"Point","coordinates":[-121.515473,47.413641]},"properties":{"kind":"campsite","osm":"way/890260998","name":"Talapus Lake Backcountry Camping","access":"yes","toilets":"yes","backcountry":"yes"}},{"type":"Feature","geometry":{"type":"Point","coordinates":[-121.511095,47.438828]},"properties":{"kind":"campsite","osm":"way/890261355","name":"Pratt Lake Backcountry Camping","access":"yes","toilets":"yes","backcountry":"yes"}},{"type":"Feature","geometry":{"type":"Point","coordinates":[-121.469823,47.450791]},"properties":{"kind":"campsite","osm":"way/890261823","name":"Melakwa Lake Backcountry Camping","access":"yes","toilets":"yes","backcountry":"yes"}},{"type":"Feature","geometry":{"type":"Point","coordinates":[-121.245646,47.354642]},"properties":{"kind":"campsite","osm":"way/890285365","name":"Kachess Campground","fee":"yes","access":"yes","operator":"USDA Forest Service","website":"https://www.fs.usda.gov/r06/okanogan-wenatchee/recreation/kachess-campground","capacity":"153","drinking_water":"yes","toilets":"yes","reservation":"recommended","backcountry":"no"}},{"type":"Feature","geometry":{"type":"Point","coordinates":[-120.781495,47.481697]},"properties":{"kind":"campsite","osm":"way/890287728","name":"Lake Viviane Backcountry Camping","access":"yes","toilets":"yes","backcountry":"yes"}},{"type":"Feature","geometry":{"type":"Point","coordinates":[-120.804679,47.478422]},"properties":{"kind":"campsite","osm":"way/890287729","name":"Snow Creek Backcountry Camping","access":"yes","toilets":"yes","backcountry":"yes"}},{"type":"Feature","geometry":{"type":"Point","coordinates":[-120.909371,47.45769]},"properties":{"kind":"campsite","osm":"way/890289632","name":"Ingalls Creek Camp","access":"yes","backcountry":"yes"}},{"type":"Feature","geometry":{"type":"Point","coordinates":[-121.913446,47.981392]},"properties":{"kind":"campsite","osm":"way/891133823","name":"Lake Roesiger Park Campground","fee":"yes","access":"customers","operator":"Snohomish County"}},{"type":"Feature","geometry":{"type":"Point","coordinates":[-121.297905,46.862253]},"properties":{"kind":"campsite","osm":"way/891136743","name":"Lower Bumping Lake Campground","fee":"yes","access":"yes","operator":"USDA Forest Service","website":"https://www.fs.usda.gov/r06/okanogan-wenatchee/recreation/bumping-lake-campground","capacity":"45","drinking_water":"yes","toilets":"yes","reservation":"recommended","backcountry":"no"}},{"type":"Feature","geometry":{"type":"Point","coordinates":[-119.012619,46.217197]},"properties":{"kind":"campsite","osm":"way/891745402","name":"Hood Park Campground","operator":"United States Army Corps of Engineers"}},{"type":"Feature","geometry":{"type":"Point","coordinates":[-117.51383,48.154176]},"properties":{"kind":"campsite","osm":"way/894059294","name":"Kanisku Ranch","access":"permissive","website":"https://www.kaniksufamily.com/"}},{"type":"Feature","geometry":{"type":"Point","coordinates":[-122.738434,49.003025]},"properties":{"kind":"rv_park","osm":"way/895761797","name":"Pacific Border RV Park","website":"http://www.pacificborderrvpark.com/"}},{"type":"Feature","geometry":{"type":"Point","coordinates":[-117.059501,46.356734]},"properties":{"kind":"campsite","osm":"way/896264321","name":"Hells Gate Campground"}},{"type":"Feature","geometry":{"type":"Point","coordinates":[-117.303379,48.34696]},"properties":{"kind":"rv_park","osm":"way/897773743","name":"Kalispel RV Resort","capacity":"41"}},{"type":"Feature","geometry":{"type":"Point","coordinates":[-117.293682,48.330503]},"properties":{"kind":"rv_park","osm":"way/900941012","name":"Blueslide Resort"}},{"type":"Feature","geometry":{"type":"Point","coordinates":[-117.41859,48.780623]},"properties":{"kind":"campsite","osm":"way/901367159","name":"Campbell Park"}},{"type":"Feature","geometry":{"type":"Point","coordinates":[-122.743673,48.918348]},"properties":{"kind":"rv_park","osm":"way/903633922","name":"Beachside RV Park","website":"http://www.beachsidervpark.com/"}},{"type":"Feature","geometry":{"type":"Point","coordinates":[-122.749556,48.909981]},"properties":{"kind":"rv_park","osm":"way/903633932","name":"Ball Bayview RV Resort & Campground","website":"https://ballbayview.com"}},{"type":"Feature","geometry":{"type":"Point","coordinates":[-122.756581,48.905164]},"properties":{"kind":"rv_park","osm":"way/903633938","name":"Beachwood RV Resort","website":"https://www.sunrvresorts.com/resorts/west-coast-the-rockies/washington/beachwood-resort/"}},{"type":"Feature","geometry":{"type":"Point","coordinates":[-117.59869,48.122648]},"properties":{"kind":"rv_park","osm":"way/904499443","name":"Deer Lake Resort","capacity":"50","reservation":"required"}},{"type":"Feature","geometry":{"type":"Point","coordinates":[-117.564219,47.59402]},"properties":{"kind":"rv_park","osm":"way/910104850","name":"Overland Station RV Park","capacity":"30"}},{"type":"Feature","geometry":{"type":"Point","coordinates":[-124.594049,48.651258]},"properties":{"kind":"campsite","osm":"way/914871871","name":"Central Walbran Valley","fee":"no","access":"yes","operator":"Friends of Carmanah Walbran","website":"https://friendsofcarmanahwalbran.com/","desc":"A rustic campsite established by the Friends of Carmanah Walbran.","toilets":"yes","reservation":"no"}},{"type":"Feature","geometry":{"type":"Point","coordinates":[-124.227775,48.606517]},"properties":{"kind":"campsite","osm":"way/915106294","name":"Lizard Lake Campground","fee":"yes","operator":"Silvifor Resource Consultants LTD.","website":"https://www.vicamping.com/campsites/lizardlake","capacity":"20"}},{"type":"Feature","geometry":{"type":"Point","coordinates":[-124.223612,48.607545]},"properties":{"kind":"campsite","osm":"way/915106295","name":"Lizard Lake Recreation Site","fee":"yes","operator":"Grand Getaways","website":"https://www.sitesandtrailsbc.ca/resource/REC0269","capacity":"8"}},{"type":"Feature","geometry":{"type":"Point","coordinates":[-124.351828,48.586723]},"properties":{"kind":"campsite","osm":"way/915110417","name":"Fairy Lake Campground","fee":"yes","operator":"Silvifor Resource Consultants LTD.","website":"https://www.vicamping.com/campsites/fairylake"}},{"type":"Feature","geometry":{"type":"Point","coordinates":[-120.878885,47.182027]},"properties":{"kind":"rv_park","osm":"way/921822688","name":"Trailer Corral RV Park","toilets":"yes"}},{"type":"Feature","geometry":{"type":"Point","coordinates":[-117.501724,46.679913]},"properties":{"kind":"campsite","osm":"way/922648876","name":"Lambi Creek Recreation Area","fee":"no","access":"yes","operator":"Walla Walla District, Army Corps of Engineers","website":"https://www.nww.usace.army.mil/Locations/District-Locks-and-Dams/Little-Goose-Lock-and-Dam/Lambi-Creek/"}},{"type":"Feature","geometry":{"type":"Point","coordinates":[-121.879686,48.541271]},"properties":{"kind":"rv_park","osm":"way/923403415","name":"Thousand Trails Grandy Creek","website":"https://thousandtrails.com/washington/grandy-creek-rv-campground/"}},{"type":"Feature","geometry":{"type":"Point","coordinates":[-122.331356,48.552283]},"properties":{"kind":"rv_park","osm":"way/926422992","name":"Burlington / Anacortes KOA","website":"https://koa.com/campgrounds/burlington/map/","toilets":"yes"}},{"type":"Feature","geometry":{"type":"Point","coordinates":[-122.245256,48.508324]},"properties":{"kind":"rv_park","osm":"way/926979590","name":"Bingham RV Park","fee":"yes","capacity":"5","toilets":"yes"}},{"type":"Feature","geometry":{"type":"Point","coordinates":[-117.687964,46.242703]},"properties":{"kind":"campsite","osm":"way/935489720","name":"Tucannon Campground","fee":"yes","operator":"US Forest Service"}},{"type":"Feature","geometry":{"type":"Point","coordinates":[-117.668707,46.196786]},"properties":{"kind":"campsite","osm":"way/935502266","name":"Ladybug Campground","fee":"yes","website":"https://www.fs.usda.gov/recarea/umatilla/recarea/?recid=56781"}},{"type":"Feature","geometry":{"type":"Point","coordinates":[-117.684032,46.357701]},"properties":{"kind":"rv_park","osm":"way/935504600","name":"The Last Resort"}},{"type":"Feature","geometry":{"type":"Point","coordinates":[-117.446517,46.680962]},"properties":{"kind":"rv_park","osm":"way/935615243","name":"Snake River KOA Holiday"}},{"type":"Feature","geometry":{"type":"Point","coordinates":[-122.707313,46.325151]},"properties":{"kind":"rv_park","osm":"way/938243764","name":"Harry Gardner Park","operator":"Cowlitz County"}},{"type":"Feature","geometry":{"type":"Point","coordinates":[-122.653655,48.418801]},"properties":{"kind":"campsite","osm":"way/942647547","name":"Bowman Bay Campground","fee":"yes","operator":"Washington State Parks"}},{"type":"Feature","geometry":{"type":"Point","coordinates":[-122.405197,48.624721]},"properties":{"kind":"campsite","osm":"way/948720892","name":"Lily Lake Horse Camp","operator":"Washington State Department of Natural Resources","backcountry":"yes"}},{"type":"Feature","geometry":{"type":"Point","coordinates":[-122.405432,48.626225]},"properties":{"kind":"campsite","osm":"way/948720893","name":"Lily Lake Hiker Camp","operator":"Washington State Department of Natural Resources","backcountry":"yes"}},{"type":"Feature","geometry":{"type":"Point","coordinates":[-116.998244,48.17568]},"properties":{"kind":"campsite","osm":"way/955124338","name":"Albeni Cove Campground"}},{"type":"Feature","geometry":{"type":"Point","coordinates":[-117.213049,48.132556]},"properties":{"kind":"campsite","osm":"way/957418293","name":"Camp Cowles Scout Ranch","fee":"no","access":"permissive","operator":"Inland Northwest Concuil BSA"}},{"type":"Feature","geometry":{"type":"Point","coordinates":[-117.225746,48.143869]},"properties":{"kind":"campsite","osm":"way/957418298","name":"Little Diamond Lake KOA"}},{"type":"Feature","geometry":{"type":"Point","coordinates":[-121.915386,48.902036]},"properties":{"kind":"campsite","osm":"way/958045685","name":"Douglas Fir Campground","fee":"yes","website":"https://www.fs.usda.gov/recarea/mbs/recarea/?recid=17580","drinking_water":"yes","toilets":"yes","reservation":"yes","backcountry":"no"}},{"type":"Feature","geometry":{"type":"Point","coordinates":[-123.253534,47.166164]},"properties":{"kind":"campsite","osm":"way/960779674","name":"YMCA Camp Bishop","access":"private","operator":"YMCA of Grays Harbor","website":"https://www.ghymca.net/camp-bishop/"}},{"type":"Feature","geometry":{"type":"Point","coordinates":[-120.806799,47.585091]},"properties":{"kind":"campsite","osm":"way/961733679","name":"Icicle Group Campground","fee":"yes","operator":"US Forest Service","website":"https://www.fs.usda.gov/r06/okanogan-wenatchee/recreation/icicle-group-campground","drinking_water":"no","toilets":"yes","reservation":"required","backcountry":"no"}},{"type":"Feature","geometry":{"type":"Point","coordinates":[-124.351859,47.890012]},"properties":{"kind":"campsite","osm":"way/965103315","name":"Sadlerville Campground","access":"customers","toilets":"yes"}},{"type":"Feature","geometry":{"type":"Point","coordinates":[-122.925983,47.79152]},"properties":{"kind":"campsite","osm":"way/968061661","name":"Falls View Campground","fee":"yes","access":"no","website":"https://www.fs.usda.gov/recarea/olympic/recarea/?recid=47829","drinking_water":"no"}},{"type":"Feature","geometry":{"type":"Point","coordinates":[-121.898717,47.619035]},"properties":{"kind":"campsite","osm":"way/977453756","name":"Camp Don Bosco","operator":"Catholic Youth Organization"}},{"type":"Feature","geometry":{"type":"Point","coordinates":[-124.539618,47.925602]},"properties":{"kind":"campsite","osm":"way/978195988","name":"Manitou Lodge Camp Sites","fee":"yes","access":"customers","operator":"Manitou Lodge"}},{"type":"Feature","geometry":{"type":"Point","coordinates":[-118.674919,45.648768]},"properties":{"kind":"campsite","osm":"way/980222704","name":"Wildhorse RV Park","website":"https://www.wildhorseresort.com/resort/rv-park-tipi-village/","toilets":"yes","backcountry":"no"}},{"type":"Feature","geometry":{"type":"Point","coordinates":[-121.668774,46.215515]},"properties":{"kind":"campsite","osm":"way/980370706","name":"Twin Falls Campground","fee":"no","website":"https://www.fs.usda.gov/recarea/giffordpinchot/recarea/?recid=31682","capacity":"5","drinking_water":"no"}},{"type":"Feature","geometry":{"type":"Point","coordinates":[-117.040408,48.187331]},"properties":{"kind":"rv_park","osm":"way/982896268","name":"Old American Kampground","operator":"KM Resorts","website":"https://kmresorts.com/old-american-kampground/"}},{"type":"Feature","geometry":{"type":"Point","coordinates":[-119.611755,47.248089]},"properties":{"kind":"rv_park","osm":"way/983283089","name":"Ephrata RV Park"}},{"type":"Feature","geometry":{"type":"Point","coordinates":[-119.484733,47.39356]},"properties":{"kind":"rv_park","osm":"way/983295394","name":"Soap Lake Resort RV Park","toilets":"yes"}},{"type":"Feature","geometry":{"type":"Point","coordinates":[-121.771149,45.689267]},"properties":{"kind":"campsite","osm":"way/993482833","name":"Wyeth Campground","fee":"yes","access":"yes","operator":"United States Forest Service","website":"https://www.fs.usda.gov/r06/columbiarivergorge/recreation/wyeth-campground","desc":"13 individual sites, 3 group sites;Tents recommended, trailers/RVs/caravans limited to 30 feet","drinking_water":"yes","toilets":"yes","reservation":"recommended","backcountry":"no"}},{"type":"Feature","geometry":{"type":"Point","coordinates":[-120.81052,45.812068]},"properties":{"kind":"rv_park","osm":"way/998035954","name":"Stargazers RV Park"}},{"type":"Feature","geometry":{"type":"Point","coordinates":[-120.94386,46.995212]},"properties":{"kind":"campsite","osm":"way/998040236","name":"Manastash Lake Camping Area","toilets":"yes","backcountry":"yes"}},{"type":"Feature","geometry":{"type":"Point","coordinates":[-116.994996,47.711058]},"properties":{"kind":"rv_park","osm":"way/1018879846","name":"Suntree RV Park"}},{"type":"Feature","geometry":{"type":"Point","coordinates":[-118.666438,48.68023]},"properties":{"kind":"rv_park","osm":"way/1024350876","name":"Winchester RV Resort","website":"https://www.winchesterrvpark.com"}},{"type":"Feature","geometry":{"type":"Point","coordinates":[-122.066987,47.363548]},"properties":{"kind":"campsite","osm":"way/1026812767","name":"Camp McCullough","access":"private","website":"http://www.campmccullough.org/"}},{"type":"Feature","geometry":{"type":"Point","coordinates":[-124.05382,46.509672]},"properties":{"kind":"campsite","osm":"way/1028832146","name":"Ocean Park Camp & Retreat Center","website":"https://opretreat.org/"}},{"type":"Feature","geometry":{"type":"Point","coordinates":[-124.052412,46.507638]},"properties":{"kind":"rv_park","osm":"way/1028832154","name":"Ocean Park Camp RV Park"}},{"type":"Feature","geometry":{"type":"Point","coordinates":[-119.99855,47.222726]},"properties":{"kind":"rv_park","osm":"way/1029887897","name":"Thousand Trails Crescent Bar","website":"https://thousandtrails.com/washington/crescent-bar-rv-resort"}},{"type":"Feature","geometry":{"type":"Point","coordinates":[-119.995808,47.213533]},"properties":{"kind":"campsite","osm":"way/1029887899","name":"Crescent Bar Campground","fee":"yes","access":"yes","operator":"Grant PUD","website":"https://www.crescentbarrecreation.com/camping","drinking_water":"yes","toilets":"yes","reservation":"yes","backcountry":"no"}},{"type":"Feature","geometry":{"type":"Point","coordinates":[-123.688848,47.977994]},"properties":{"kind":"campsite","osm":"way/1031861155","name":"Boulder Creek Campground","fee":"no","access":"yes","operator":"Olympic National Park","drinking_water":"no","toilets":"yes","reservation":"no"}},{"type":"Feature","geometry":{"type":"Point","coordinates":[-117.286524,48.839282]},"properties":{"kind":"campsite","osm":"way/1038107851","name":"West Sullivan Lake Campground"}},{"type":"Feature","geometry":{"type":"Point","coordinates":[-119.855853,47.161024]},"properties":{"kind":"rv_park","osm":"way/1053387020","name":"Colockum Ridge"}},{"type":"Feature","geometry":{"type":"Point","coordinates":[-121.666952,45.696624]},"properties":{"kind":"campsite","osm":"way/1057266781","name":"South Campground","fee":"yes","capacity":"13","drinking_water":"yes"}},{"type":"Feature","geometry":{"type":"Point","coordinates":[-121.666543,45.698038]},"properties":{"kind":"campsite","osm":"way/1057266782","name":"North Campground","fee":"yes","capacity":"61","drinking_water":"yes"}},{"type":"Feature","geometry":{"type":"Point","coordinates":[-121.976563,48.546051]},"properties":{"kind":"campsite","osm":"way/1058193346","name":"Cowboy Campsite","operator":"Cowboy Campsite Members Assoication"}},{"type":"Feature","geometry":{"type":"Point","coordinates":[-118.857393,46.650299]},"properties":{"kind":"rv_park","osm":"way/1059442100","name":"Coyote Run RV Park"}},{"type":"Feature","geometry":{"type":"Point","coordinates":[-119.251156,46.239169]},"properties":{"kind":"rv_park","osm":"way/1059918327","name":"Wright's Desert Gold"}},{"type":"Feature","geometry":{"type":"Point","coordinates":[-120.945818,47.609339]},"properties":{"kind":"campsite","osm":"way/1061269241","name":"Blackpine Horse Camp","fee":"yes","operator":"Okanogan-Wenatchee National Forest","website":"https://www.fs.usda.gov/r06/okanogan-wenatchee/recreation/blackpine-horse-camp","toilets":"yes","reservation":"no"}},{"type":"Feature","geometry":{"type":"Point","coordinates":[-122.264178,48.505597]},"properties":{"kind":"rv_park","osm":"way/1062741632","name":"Gateway RV Park"}},{"type":"Feature","geometry":{"type":"Point","coordinates":[-118.441112,49.029727]},"properties":{"kind":"campsite","osm":"way/1067965668","name":"Grand Forks Municipal Campground","fee":"yes","operator":"Grand Forks Visitor Information Centre","website":"https://www.grandforks.ca/campground/","capacity":"40"}},{"type":"Feature","geometry":{"type":"Point","coordinates":[-122.340684,48.576706]},"properties":{"kind":"rv_park","osm":"way/1070759009","name":"Thousand Trails Mount Vernon","website":"https://thousandtrails.com/washington/mount-vernon-rv-campground/","capacity":"262"}},{"type":"Feature","geometry":{"type":"Point","coordinates":[-117.393115,48.851051]},"properties":{"kind":"rv_park","osm":"way/1073206149","name":"Mt Linton RV and Trailer Park"}},{"type":"Feature","geometry":{"type":"Point","coordinates":[-122.963793,48.784194]},"properties":{"kind":"campsite","osm":"way/1074388616","name":"Patos Island Campground","fee":"yes","operator":"Washington State Parks","website":"https://parks.wa.gov/find-parks/state-parks/patos-island-marine-state-park","desc":"No potable water on the island.","toilets":"yes","backcountry":"yes"}},{"type":"Feature","geometry":{"type":"Point","coordinates":[-117.058905,47.631783]},"properties":{"kind":"campsite","osm":"way/1074674973"}},{"type":"Feature","geometry":{"type":"Point","coordinates":[-117.05784,47.631468]},"properties":{"kind":"rv_park","osm":"way/1074674977"}},{"type":"Feature","geometry":{"type":"Point","coordinates":[-117.057322,47.631836]},"properties":{"kind":"campsite","osm":"way/1074674979"}},{"type":"Feature","geometry":{"type":"Point","coordinates":[-117.101237,47.674765]},"properties":{"kind":"rv_park","osm":"way/1076162845","name":"Liberty Lake RV Campground","website":"https://www.libertylakervcampground.com/"}},{"type":"Feature","geometry":{"type":"Point","coordinates":[-118.022509,47.288326]},"properties":{"kind":"rv_park","osm":"way/1077462008","name":"Sprague Lake Resort"}},{"type":"Feature","geometry":{"type":"Point","coordinates":[-117.645426,48.57445]},"properties":{"kind":"campsite","osm":"way/1078720920","name":"Little Twin Lakes Campground"}},{"type":"Feature","geometry":{"type":"Point","coordinates":[-122.492516,48.398121]},"properties":{"kind":"rv_park","osm":"way/1078939250","name":"La Conner Marina RV Park","operator":"Port of Skagit","website":"https://portofskagit.com/la-conner-marina/rv-park/"}},{"type":"Feature","geometry":{"type":"Point","coordinates":[-124.536872,47.912492]},"properties":{"kind":"rv_park","osm":"way/1079277473","name":"Riverview RV Park","website":"https://quileuteoceanside.com"}},{"type":"Feature","geometry":{"type":"Point","coordinates":[-119.696576,48.644156]},"properties":{"kind":"campsite","osm":"way/1079686544","operator":"Washington Department of Fish and Wildlife"}},{"type":"Feature","geometry":{"type":"Point","coordinates":[-119.627696,48.448962]},"properties":{"kind":"campsite","osm":"way/1079686545","name":"Green Lake Campground","operator":"Washington Department of Fish and Wildlife"}},{"type":"Feature","geometry":{"type":"Point","coordinates":[-119.707129,48.618709]},"properties":{"kind":"campsite","osm":"way/1079686546","name":"Fish Lake Campground #4","operator":"Washington Department of Fish and Wildlife"}},{"type":"Feature","geometry":{"type":"Point","coordinates":[-119.704384,48.615553]},"properties":{"kind":"campsite","osm":"way/1079686547","name":"Fish Lake Campground #3","operator":"Washington Department of Fish and Wildlife"}},{"type":"Feature","geometry":{"type":"Point","coordinates":[-119.709185,48.615573]},"properties":{"kind":"campsite","osm":"way/1079686548","name":"Fish Lake Campground #5","operator":"Washington Department of Fish and Wildlife"}},{"type":"Feature","geometry":{"type":"Point","coordinates":[-119.690404,48.672453]},"properties":{"kind":"campsite","osm":"way/1079686550","name":"Blue Lake Campground","operator":"Washington Department of Fish and Wildlife"}},{"type":"Feature","geometry":{"type":"Point","coordinates":[-120.165509,48.61167]},"properties":{"kind":"campsite","osm":"way/1079686553","name":"Bobcat Campground","operator":"Washington Department of Fish and Wildlife"}},{"type":"Feature","geometry":{"type":"Point","coordinates":[-120.158786,48.629377]},"properties":{"kind":"campsite","osm":"way/1079686554","name":"Upper Bobcat Campground","operator":"Washington Department of Fish and Wildlife"}},{"type":"Feature","geometry":{"type":"Point","coordinates":[-120.171398,48.574673]},"properties":{"kind":"campsite","osm":"way/1079686555","name":"Boulder Creek Campground","operator":"Washington Department of Fish and Wildlife"}},{"type":"Feature","geometry":{"type":"Point","coordinates":[-124.533747,47.913531]},"properties":{"kind":"campsite","osm":"way/1081234833","name":"3 Rivers Resort","fee":"yes","access":"customers","website":"https://www.3riversresort.net/","toilets":"customers","reservation":"yes"}},{"type":"Feature","geometry":{"type":"Point","coordinates":[-120.964956,47.851954]},"properties":{"kind":"campsite","osm":"way/1084131776","name":"Rainy Creek Campground","fee":"yes","access":"yes","operator":"USFS","website":"https://www.fs.usda.gov/r06/okanogan-wenatchee/recreation/rainy-creek-campground","drinking_water":"no","toilets":"yes"}},{"type":"Feature","geometry":{"type":"Point","coordinates":[-121.107919,47.214847]},"properties":{"kind":"campsite","osm":"way/1085990428","name":"Ensign Ranch","fee":"yes","access":"permissive","operator":"The Church of Jesus Christ of Latter-day Saints","website":"https://camping.churchofjesuschrist.org/property/3303276"}},{"type":"Feature","geometry":{"type":"Point","coordinates":[-121.098521,47.213152]},"properties":{"kind":"rv_park","osm":"way/1085990441","name":"RV Sites","access":"private"}},{"type":"Feature","geometry":{"type":"Point","coordinates":[-122.838331,48.649418]},"properties":{"kind":"campsite","osm":"way/1087634905","name":"Hiker/Biker Primitive Campsites","fee":"yes","access":"permit","operator":"Moran State Park","backcountry":"yes"}},{"type":"Feature","geometry":{"type":"Point","coordinates":[-121.925203,47.650145]},"properties":{"kind":"campsite","osm":"way/1087950525","name":"Tolt-MacDonald Park Group Campsite","fee":"yes","website":"https://kingcounty.gov/en/dept/dnrp/nature-recreation/parks-recreation/king-county-parks/rentals/camping"}},{"type":"Feature","geometry":{"type":"Point","coordinates":[-123.060067,46.925354]},"properties":{"kind":"campsite","osm":"way/1088634984","name":"Margaret McKenny Campground","access":"yes","operator":"Washington State Department of Natural Resources"}},{"type":"Feature","geometry":{"type":"Point","coordinates":[-123.376456,48.588168]},"properties":{"kind":"rv_park","osm":"way/1088642087","name":"Popeye's Campground"}},{"type":"Feature","geometry":{"type":"Point","coordinates":[-121.061764,47.510422]},"properties":{"kind":"campsite","osm":"way/1089522071","name":"Scatter Creek Camp","fee":"no","operator":"US Forest Service","reservation":"no"}},{"type":"Feature","geometry":{"type":"Point","coordinates":[-121.07319,47.523949]},"properties":{"kind":"campsite","osm":"way/1089522072","name":"Fish Lake Campground","fee":"no","operator":"US Forest Service","website":"https://www.fs.usda.gov/r06/okanogan-wenatchee/recreation/fish-lake-campground","desc":"Walk-in tent sites","capacity":"5","drinking_water":"no","reservation":"no"}},{"type":"Feature","geometry":{"type":"Point","coordinates":[-121.101099,47.399338]},"properties":{"kind":"campsite","osm":"way/1089522073","name":"Salmon la Sac Campground","fee":"yes","operator":"US Forest Service","website":"https://www.fs.usda.gov/r06/okanogan-wenatchee/recreation/salmon-la-sac-campground","capacity":"69","drinking_water":"yes","reservation":"yes","backcountry":"no"}},{"type":"Feature","geometry":{"type":"Point","coordinates":[-121.101941,47.367385]},"properties":{"kind":"campsite","osm":"way/1089522076","name":"Red Mountain Campground","fee":"yes","operator":"US Forest Service","website":"https://www.fs.usda.gov/r06/okanogan-wenatchee/recreation/red-mountain-campground","capacity":"10","drinking_water":"no","toilets":"yes","reservation":"no"}},{"type":"Feature","geometry":{"type":"Point","coordinates":[-121.084917,47.277122]},"properties":{"kind":"campsite","osm":"way/1089522085","name":"Wish Poosh Campground","fee":"yes","operator":"US Forest Service","website":"https://www.fs.usda.gov/r06/okanogan-wenatchee/recreation/wish-poosh-campground","capacity":"34","drinking_water":"no","toilets":"yes","reservation":"yes"}},{"type":"Feature","geometry":{"type":"Point","coordinates":[-122.076342,47.309367]},"properties":{"kind":"campsite","osm":"way/1089712267","name":"Black Diamond Camp","access":"private"}},{"type":"Feature","geometry":{"type":"Point","coordinates":[-120.165273,48.494055]},"properties":{"kind":"rv_park","osm":"way/1090349812","name":"Silverline Resort"}},{"type":"Feature","geometry":{"type":"Point","coordinates":[-121.402731,49.042989]},"properties":{"kind":"campsite","osm":"way/1090355052","name":"Chilliwack Lake Camp","fee":"yes","access":"customers","operator":"Foursquare Gospel Church of Canada","website":"http://chilliwacklakecamp.ca/"}},{"type":"Feature","geometry":{"type":"Point","coordinates":[-121.070648,47.519109]},"properties":{"kind":"campsite","osm":"way/1091141649","fee":"yes","drinking_water":"no"}},{"type":"Feature","geometry":{"type":"Point","coordinates":[-122.101491,46.796291]},"properties":{"kind":"campsite","osm":"way/1092451281","name":"Elbe Hills ORV Campground"}},{"type":"Feature","geometry":{"type":"Point","coordinates":[-119.12644,47.858243]},"properties":{"kind":"campsite","osm":"way/1093583539","name":"Steamboat Rock State Park Campground","website":"https://parks.wa.gov/find-parks/state-parks/steamboat-rock-state-park","toilets":"yes"}},{"type":"Feature","geometry":{"type":"Point","coordinates":[-120.261003,47.991541]},"properties":{"kind":"campsite","osm":"way/1095676024","name":"Twenty-Five Mile Creek State Park Campground"}},{"type":"Feature","geometry":{"type":"Point","coordinates":[-119.980682,47.10334]},"properties":{"kind":"campsite","osm":"way/1099957348","name":"The Gorge Family / ADA Camping","fee":"yes","toilets":"yes"}},{"type":"Feature","geometry":{"type":"Point","coordinates":[-119.982123,47.105862]},"properties":{"kind":"campsite","osm":"way/1099957356","name":"The Gorge Standard Camping","fee":"yes","toilets":"yes"}},{"type":"Feature","geometry":{"type":"Point","coordinates":[-119.984688,47.10368]},"properties":{"kind":"campsite","osm":"way/1099957366","name":"The Gorge Premier Camping","fee":"yes","toilets":"yes"}},{"type":"Feature","geometry":{"type":"Point","coordinates":[-119.986056,47.103017]},"properties":{"kind":"campsite","osm":"way/1099957367","name":"The Gorge Terrace Camping","fee":"yes","toilets":"yes"}},{"type":"Feature","geometry":{"type":"Point","coordinates":[-119.974632,47.103649]},"properties":{"kind":"campsite","osm":"way/1099959520","name":"The Gorge Standard Camping (Overflow)","fee":"yes","toilets":"yes"}},{"type":"Feature","geometry":{"type":"Point","coordinates":[-119.992251,47.096812]},"properties":{"kind":"campsite","osm":"way/1099959581","name":"The Gorge - The Oasis","fee":"yes","toilets":"yes"}},{"type":"Feature","geometry":{"type":"Point","coordinates":[-119.990561,46.902767]},"properties":{"kind":"campsite","osm":"way/1099975432","name":"Wanapum State Park Campground","fee":"yes","access":"yes","drinking_water":"yes","toilets":"yes","reservation":"yes","backcountry":"no"}},{"type":"Feature","geometry":{"type":"Point","coordinates":[-123.04057,47.453886]},"properties":{"kind":"campsite","osm":"way/1105920449","name":"Dewatto River Campground","fee":"yes","website":"https://portofdewatto.com/dewatto-river-campground/","drinking_water":"no","toilets":"yes"}},{"type":"Feature","geometry":{"type":"Point","coordinates":[-117.033586,47.699715]},"properties":{"kind":"rv_park","osm":"way/1106750048","name":"Post Falls RV Campground"}},{"type":"Feature","geometry":{"type":"Point","coordinates":[-120.482748,46.854776]},"properties":{"kind":"campsite","osm":"way/1107909331","name":"Umtanum Campground","fee":"yes","access":"yes","operator":"Bureau of Land Management","website":"https://www.blm.gov/visit/yakima-river-canyon-campgrounds-umtanum-lmuma-creek-big-pines-roza"}},{"type":"Feature","geometry":{"type":"Point","coordinates":[-119.435329,49.00475]},"properties":{"kind":"rv_park","osm":"way/1110710398","name":"Brookvale Holiday Resort"}},{"type":"Feature","geometry":{"type":"Point","coordinates":[-119.437633,49.009874]},"properties":{"kind":"rv_park","osm":"way/1110710403","name":"Cabana Beach Campground & RV Park"}},{"type":"Feature","geometry":{"type":"Point","coordinates":[-119.435428,49.014369]},"properties":{"kind":"rv_park","osm":"way/1110710413","name":"Walton's Lakefront Resort"}},{"type":"Feature","geometry":{"type":"Point","coordinates":[-119.434729,49.02183]},"properties":{"kind":"rv_park","osm":"way/1110710423","name":"Island View RV Resort"}},{"type":"Feature","geometry":{"type":"Point","coordinates":[-118.21099,49.038943]},"properties":{"kind":"rv_park","osm":"way/1126927550","name":"Christina Lake Motel and RV Park"}},{"type":"Feature","geometry":{"type":"Point","coordinates":[-121.884536,47.974264]},"properties":{"kind":"campsite","osm":"way/1145357483","name":"Appaloosa Country"}},{"type":"Feature","geometry":{"type":"Point","coordinates":[-121.884434,47.973877]},"properties":{"kind":"campsite","osm":"way/1145357484","name":"Looking Glass"}},{"type":"Feature","geometry":{"type":"Point","coordinates":[-121.885366,47.974524]},"properties":{"kind":"campsite","osm":"way/1145357485","name":"Buffalo Surround"}},{"type":"Feature","geometry":{"type":"Point","coordinates":[-121.885775,47.974712]},"properties":{"kind":"campsite","osm":"way/1145357486","name":"Broken Bow"}},{"type":"Feature","geometry":{"type":"Point","coordinates":[-121.885028,47.973613]},"properties":{"kind":"campsite","osm":"way/1145357487","name":"War Bundle"}},{"type":"Feature","geometry":{"type":"Point","coordinates":[-121.885898,47.973835]},"properties":{"kind":"campsite","osm":"way/1145357488","name":"Grande Ronde"}},{"type":"Feature","geometry":{"type":"Point","coordinates":[-121.885386,47.973876]},"properties":{"kind":"campsite","osm":"way/1145357489","name":"Medicine Pipe"}},{"type":"Feature","geometry":{"type":"Point","coordinates":[-121.886306,47.974014]},"properties":{"kind":"campsite","osm":"way/1145357490","name":"Mystery Dog"}},{"type":"Feature","geometry":{"type":"Point","coordinates":[-122.750663,47.25698]},"properties":{"kind":"campsite","osm":"way/1152733359","name":"Penrose Point State Park Campgrounds","fee":"yes","access":"yes","operator":"Washington State Parks and Recreation Commission","website":"https://www.parks.wa.gov/564/Penrose-Point"}},{"type":"Feature","geometry":{"type":"Point","coordinates":[-124.557435,47.858949]},"properties":{"kind":"campsite","osm":"way/1152737116","name":"Scotts Creek Camping Area","access":"yes","operator":"National Park Service","toilets":"no","backcountry":"yes"}},{"type":"Feature","geometry":{"type":"Point","coordinates":[-123.830648,47.868021]},"properties":{"kind":"campsite","osm":"way/1152763193","name":"Happy Four Campsites","access":"yes","operator":"Olympic National Park","drinking_water":"no","toilets":"no","backcountry":"yes"}},{"type":"Feature","geometry":{"type":"Point","coordinates":[-123.776931,47.940692]},"properties":{"kind":"campsite","osm":"way/1152763195","name":"Sol Duc River Campsites","fee":"no","access":"yes","operator":"Olympic National Park","drinking_water":"no","reservation":"no","backcountry":"yes"}},{"type":"Feature","geometry":{"type":"Point","coordinates":[-124.66539,47.965003]},"properties":{"kind":"campsite","osm":"way/1153873734","name":"Dispersed Camping","access":"yes","operator":"National Park Service","toilets":"no","backcountry":"yes"}},{"type":"Feature","geometry":{"type":"Point","coordinates":[-124.663628,47.955927]},"properties":{"kind":"campsite","osm":"way/1153873735","name":"Dispersed Camping","access":"yes","operator":"National Park Service","toilets":"no","backcountry":"yes"}},{"type":"Feature","geometry":{"type":"Point","coordinates":[-124.651175,47.943106]},"properties":{"kind":"campsite","osm":"way/1153873736","name":"Hole-in-the-Wall Camp","access":"yes","operator":"National Park Service","toilets":"yes","backcountry":"yes"}},{"type":"Feature","geometry":{"type":"Point","coordinates":[-124.661344,48.121443]},"properties":{"kind":"campsite","osm":"way/1153875582","name":"Ericson's Bay Camp","fee":"yes","access":"yes","operator":"National Park Service","toilets":"no","backcountry":"yes"}},{"type":"Feature","geometry":{"type":"Point","coordinates":[-121.73604,48.077373]},"properties":{"kind":"campsite","osm":"way/1155916801","name":"Gold Basin Campground","fee":"yes","access":"yes","operator":"USDA Forest Service","website":"https://www.fs.usda.gov/recarea/mbs/recarea/?recid=17836","drinking_water":"yes","toilets":"yes","reservation":"recommended","backcountry":"no"}},{"type":"Feature","geometry":{"type":"Point","coordinates":[-116.987799,48.007769]},"properties":{"kind":"rv_park","osm":"way/1160705334","name":"MotorCoach RV Resort"}},{"type":"Feature","geometry":{"type":"Point","coordinates":[-117.457635,45.945648]},"properties":{"kind":"campsite","osm":"way/1165414812","name":"Grizzly Flats Campground"}},{"type":"Feature","geometry":{"type":"Point","coordinates":[-123.861424,47.968744]},"properties":{"kind":"rv_park","osm":"way/1176480268","name":"Sol Duc Hot Springs Resort RV Park","reservation":"yes"}},{"type":"Feature","geometry":{"type":"Point","coordinates":[-123.124524,47.049835]},"properties":{"kind":"campsite","osm":"way/1177659195","name":"Red Ward","access":"private","operator":"Boy Scouts of America"}},{"type":"Feature","geometry":{"type":"Point","coordinates":[-123.127197,47.050521]},"properties":{"kind":"campsite","osm":"way/1177659196","name":"Belcher","access":"private","operator":"Boy Scouts of America"}},{"type":"Feature","geometry":{"type":"Point","coordinates":[-123.127095,47.049913]},"properties":{"kind":"campsite","osm":"way/1177659197","name":"Badel Powell","access":"private","operator":"Boy Scouts of America"}},{"type":"Feature","geometry":{"type":"Point","coordinates":[-123.12594,47.051209]},"properties":{"kind":"campsite","osm":"way/1177659199","name":"Dan Beard","access":"private","operator":"Boy Scouts of America"}},{"type":"Feature","geometry":{"type":"Point","coordinates":[-123.125814,47.052042]},"properties":{"kind":"campsite","osm":"way/1177659203","name":"Ernest Seton","access":"private","operator":"Boy Scouts of America"}},{"type":"Feature","geometry":{"type":"Point","coordinates":[-121.852183,47.546466]},"properties":{"kind":"campsite","osm":"way/1177710721","name":"Snoqualmie Falls Forest Theater Campsites","access":"private"}},{"type":"Feature","geometry":{"type":"Point","coordinates":[-123.051797,48.616328]},"properties":{"kind":"campsite","osm":"way/1178173483","name":"Cascadia Marine Trail Campsite - Jones Island","fee":"yes","website":"https://www.wwta.org/sites/jones-island-sp/","desc":"Approach from south. Take out in the cove and walk up to campsite.12/night/8 in site. Raccoons will take any accessible food. Water at South Camp, May-September.","toilets":"yes","reservation":"no"}},{"type":"Feature","geometry":{"type":"Point","coordinates":[-119.325841,46.966757]},"properties":{"kind":"rv_park","osm":"way/1178507205","name":"MarDon Resort","operator":"Mardon","website":"https://www.mardonresort.com/","desc":"RV Park and resort featuring a restaurant, mini golf, basketball court, playground, volley ball, horseshoe pits and swim beach."}},{"type":"Feature","geometry":{"type":"Point","coordinates":[-120.685375,47.245269]},"properties":{"kind":"campsite","osm":"way/1179609013","name":"Liberty Campground","fee":"no","operator":"Bureau of Land Management","website":"https://www.blm.gov/visit/liberty-recreation-site","capacity":"16"}},{"type":"Feature","geometry":{"type":"Point","coordinates":[-117.514936,46.291091]},"properties":{"kind":"campsite","osm":"way/1180922131","name":"Pataha Campground","fee":"no","operator":"US Forest Service","website":"https://www.fs.usda.gov/recarea/umatilla/recarea/?recid=56815","drinking_water":"no"}},{"type":"Feature","geometry":{"type":"Point","coordinates":[-122.641556,47.763036]},"properties":{"kind":"campsite","osm":"way/1181679735","capacity":"1","reservation":"required"}},{"type":"Feature","geometry":{"type":"Point","coordinates":[-116.988942,46.063751]},"properties":{"kind":"rv_park","osm":"way/1182633421"}},{"type":"Feature","geometry":{"type":"Point","coordinates":[-121.303049,46.857218]},"properties":{"kind":"campsite","osm":"way/1182760187","name":"Upper Bumping Lake Campground","fee":"yes","access":"yes","operator":"USDA Forest Service","website":"https://www.fs.usda.gov/r06/okanogan-wenatchee/recreation/bumping-lake-campground","capacity":"45","drinking_water":"yes","toilets":"yes","reservation":"recommended","backcountry":"no"}},{"type":"Feature","geometry":{"type":"Point","coordinates":[-122.982026,46.998904]},"properties":{"kind":"rv_park","osm":"way/1182964465","name":"Salmon Shores Resort"}},{"type":"Feature","geometry":{"type":"Point","coordinates":[-122.269671,46.061298]},"properties":{"kind":"campsite","osm":"way/1183938197","name":"Beaver Bay Campground","fee":"yes","access":"yes","operator":"Pacificorp Power Co","website":"https://www.pacificorp.com/community/recreation/washington.html","drinking_water":"yes","toilets":"yes","reservation":"recommended"}},{"type":"Feature","geometry":{"type":"Point","coordinates":[-122.982487,46.995754]},"properties":{"kind":"rv_park","osm":"way/1184561453","name":"Columbus Park","website":"https://columbuspark.net/"}},{"type":"Feature","geometry":{"type":"Point","coordinates":[-122.052658,45.59539]},"properties":{"kind":"campsite","osm":"way/1185241047","name":"Ainsworth Campground","fee":"yes","toilets":"yes"}},{"type":"Feature","geometry":{"type":"Point","coordinates":[-124.113522,46.878573]},"properties":{"kind":"rv_park","osm":"way/1185444392","name":"Kila Hana Campground","website":"https://kilahanacamperland.com/"}},{"type":"Feature","geometry":{"type":"Point","coordinates":[-124.104723,46.869737]},"properties":{"kind":"rv_park","osm":"way/1185450441","name":"Hammond RV"}},{"type":"Feature","geometry":{"type":"Point","coordinates":[-122.504235,47.544369]},"properties":{"kind":"campsite","osm":"way/1185779349","name":"Cascadia Marine Trail Campsite - Blake Island","fee":"yes","website":"https://www.wwta.org/sites/blake-island-sp/","desc":"Primitive camping available for those arriving via human powered boat. Water available in Summer, from nearby spigots.","drinking_water":"seasonal","toilets":"yes","reservation":"no","backcountry":"yes"}},{"type":"Feature","geometry":{"type":"Point","coordinates":[-123.940193,46.269671]},"properties":{"kind":"rv_park","osm":"way/1186072422","name":"Columbia Shores RV Resort","website":"https://kmresorts.com/columbia-shores/"}},{"type":"Feature","geometry":{"type":"Point","coordinates":[-123.94769,46.273146]},"properties":{"kind":"rv_park","osm":"way/1186072424","name":"Chinook RV Park","desc":"RV park offering overnight camping or long term rentals."}},{"type":"Feature","geometry":{"type":"Point","coordinates":[-123.955654,46.621389]},"properties":{"kind":"rv_park","osm":"way/1186241992","name":"Bay Center KOA","website":"https://koa.com/campgrounds/bay-center/"}},{"type":"Feature","geometry":{"type":"Point","coordinates":[-122.884709,47.28357]},"properties":{"kind":"campsite","osm":"way/1186976460","name":"Jarrell Cove State Park Campground","website":"https://parks.wa.gov/find-parks/state-parks/jarrell-cove-state-park","drinking_water":"yes","toilets":"yes"}},{"type":"Feature","geometry":{"type":"Point","coordinates":[-121.924929,45.642678]},"properties":{"kind":"campsite","osm":"way/1187069919","name":"Eagle Creek Campground","operator":"USFS"}},{"type":"Feature","geometry":{"type":"Point","coordinates":[-120.170583,48.463181]},"properties":{"kind":"rv_park","osm":"way/1188520210","name":"Winthrop / N. Cascades National Park KOA Holiday"}},{"type":"Feature","geometry":{"type":"Point","coordinates":[-123.258429,47.948024]},"properties":{"kind":"campsite","osm":"way/1188723767","name":"Deer Park Campground","fee":"yes","operator":"National Park Service","website":"https://home.nps.gov/olym/planyourvisit/deer-park.htm","capacity":"14"}},{"type":"Feature","geometry":{"type":"Point","coordinates":[-117.44862,47.971413]},"properties":{"kind":"rv_park","osm":"way/1189908294","name":"Deer Park RV Resort"}},{"type":"Feature","geometry":{"type":"Point","coordinates":[-123.405768,48.898037]},"properties":{"kind":"campsite","osm":"way/1190050258","name":"Group Campsite","fee":"yes","website":"https://bcparks.ca/montague-harbour-marine-park/","drinking_water":"yes","toilets":"yes"}},{"type":"Feature","geometry":{"type":"Point","coordinates":[-123.079835,46.955464]},"properties":{"kind":"rv_park","osm":"way/1190623616","name":"Tacoma Trail Cruisers","website":"https://www.tacomatrailcruisers.org/"}},{"type":"Feature","geometry":{"type":"Point","coordinates":[-121.237171,46.644288]},"properties":{"kind":"rv_park","osm":"way/1190881194","name":"Silver Beach Resort","website":"https://campingatsilverbeach.com/","toilets":"yes"}},{"type":"Feature","geometry":{"type":"Point","coordinates":[-121.682137,48.691713]},"properties":{"kind":"campsite","osm":"way/1190957142","name":"Lower Sandy Campground","fee":"no","access":"yes","operator":"U.S. Forest Service"}},{"type":"Feature","geometry":{"type":"Point","coordinates":[-123.075709,46.937102]},"properties":{"kind":"campsite","osm":"way/1191692229","name":"Middle Waddell Campground","access":"yes","operator":"Washington State Department of Natural Resources"}},{"type":"Feature","geometry":{"type":"Point","coordinates":[-122.521042,48.78781]},"properties":{"kind":"rv_park","osm":"way/1192979514","name":"Bellingham RV Park"}},{"type":"Feature","geometry":{"type":"Point","coordinates":[-122.863202,47.3856]},"properties":{"kind":"campsite","osm":"way/1194038433","name":"Zion's Camp","fee":"yes","access":"private","operator":"The Church of Jesus Christ of Latter-day Saints"}},{"type":"Feature","geometry":{"type":"Point","coordinates":[-119.866365,46.629576]},"properties":{"kind":"campsite","osm":"way/1197963650","name":"Jackson Creek Fish Campground","fee":"yes","operator":"Grant Public Utility District","website":"https://509river.org/campsites/jackson-creek-fish-camp/","drinking_water":"no","toilets":"yes","reservation":"no","backcountry":"no"}},{"type":"Feature","geometry":{"type":"Point","coordinates":[-122.841761,48.74795]},"properties":{"kind":"campsite","osm":"way/1199315482","name":"Matia Island Marine State Park Campground"}},{"type":"Feature","geometry":{"type":"Point","coordinates":[-123.013757,48.475911]},"properties":{"kind":"campsite","osm":"way/1201576302","name":"Griffin Bay Campground","fee":"no","access":"yes","operator":"WA State Department of Natural Resources","website":"https://www.dnr.wa.gov/Blanchard#griffin","desc":"Non-motorized access only, no parking. Primary access via water, Cascadia Marine Trail site. Currents up to 4 knots and heavy rip tides in nearby Cattle Pass. No water source.","backcountry":"yes"}},{"type":"Feature","geometry":{"type":"Point","coordinates":[-120.65754,48.312871]},"properties":{"kind":"campsite","osm":"way/1203006171","name":"Purple Point Campground","operator":"North Cascades National Park","website":"https://www.nps.gov/noca/planyourvisit/purple-point-campground.htm","drinking_water":"yes","toilets":"yes","reservation":"recommended","backcountry":"no"}},{"type":"Feature","geometry":{"type":"Point","coordinates":[-120.615913,48.234915]},"properties":{"kind":"campsite","osm":"way/1203008866","name":"Moore Point Campground","fee":"yes","operator":"Okanogan-Wenatchee National Forest","website":"https://www.fs.usda.gov/r06/okanogan-wenatchee/recreation/moore-point-campground","drinking_water":"no","toilets":"yes","backcountry":"yes"}},{"type":"Feature","geometry":{"type":"Point","coordinates":[-120.623146,48.269565]},"properties":{"kind":"campsite","osm":"way/1203010629","name":"Flick Creek Campground","fee":"no","access":"yes","operator":"NPS","website":"https://www.nps.gov/noca/planyourvisit/boat-in-camping.htm","drinking_water":"no","toilets":"yes","reservation":"no","backcountry":"yes"}},{"type":"Feature","geometry":{"type":"Point","coordinates":[-119.173419,46.269283]},"properties":{"kind":"rv_park","osm":"way/1210473467","name":"Franklin County RV Park"}},{"type":"Feature","geometry":{"type":"Point","coordinates":[-121.100628,48.690918]},"properties":{"kind":"campsite","osm":"way/1210519117","name":"Colonial Creek North Campground","operator":"North Cascades National Park","capacity":"41","reservation":"yes","backcountry":"no"}},{"type":"Feature","geometry":{"type":"Point","coordinates":[-122.695137,48.498063]},"properties":{"kind":"campsite","osm":"way/1210873458","name":"Washington Park Campground","fee":"yes","access":"yes","operator":"City of Anacortes","website":"https://www.anacorteswa.gov/Facilities/Facility/Details/Washington-Park-1","drinking_water":"yes","reservation":"recommended"}},{"type":"Feature","geometry":{"type":"Point","coordinates":[-123.016566,48.525498]},"properties":{"kind":"rv_park","osm":"way/1210874944","name":"San Juan County Fairgrounds Camping","reservation":"yes"}},{"type":"Feature","geometry":{"type":"Point","coordinates":[-124.360984,47.567251]},"properties":{"kind":"campsite","osm":"way/1210891337","name":"South Beach","fee":"yes","operator":"National Parks Service","website":"https://www.nps.gov/olym/planyourvisit/camping.htm","desc":"Simple, dirt and gravel camp pitches positioned on a bluff slightly above sea level.","drinking_water":"no","toilets":"yes","reservation":"no","backcountry":"no"}},{"type":"Feature","geometry":{"type":"Point","coordinates":[-122.751812,45.925495]},"properties":{"kind":"rv_park","osm":"way/1212258046","name":"RV Inn Style"}},{"type":"Feature","geometry":{"type":"Point","coordinates":[-118.306322,47.910268]},"properties":{"kind":"campsite","osm":"way/1217223821","name":"Fort Spokane Campground","operator":"National Park Service"}},{"type":"Feature","geometry":{"type":"Point","coordinates":[-117.055207,48.212414]},"properties":{"kind":"campsite","osm":"way/1217229241","name":"Pioneer Park Campground"}},{"type":"Feature","geometry":{"type":"Point","coordinates":[-122.879965,46.425686]},"properties":{"kind":"rv_park","osm":"way/1224697614"}},{"type":"Feature","geometry":{"type":"Point","coordinates":[-123.080045,48.973523]},"properties":{"kind":"campsite","osm":"way/1228513736","name":"Lighthouse Marine Park Campground","fee":"yes","operator":"Whatcom County"}},{"type":"Feature","geometry":{"type":"Point","coordinates":[-120.327622,47.459297]},"properties":{"kind":"campsite","osm":"way/1229172306","name":"Wenatchee Confluence State Park Campground","fee":"yes"}},{"type":"Feature","geometry":{"type":"Point","coordinates":[-120.812626,46.868852]},"properties":{"kind":"campsite","osm":"way/1233288160","name":"BBQ Flats Campground"}},{"type":"Feature","geometry":{"type":"Point","coordinates":[-122.184738,46.487706]},"properties":{"kind":"campsite","osm":"way/1244703186"}},{"type":"Feature","geometry":{"type":"Point","coordinates":[-118.782174,45.659798]},"properties":{"kind":"rv_park","osm":"way/1249643756","name":"KOA Journey","fee":"yes","drinking_water":"yes","toilets":"yes"}},{"type":"Feature","geometry":{"type":"Point","coordinates":[-117.056828,48.180384]},"properties":{"kind":"campsite","osm":"way/1250610449","name":"Newport Founders Park","website":"https://newport-wa.org/parks-recreation/"}},{"type":"Feature","geometry":{"type":"Point","coordinates":[-123.056134,46.810146]},"properties":{"kind":"rv_park","osm":"way/1252185634","name":"Outback RV Park"}},{"type":"Feature","geometry":{"type":"Point","coordinates":[-120.562887,47.540954]},"properties":{"kind":"rv_park","osm":"way/1258442427","name":"Dryden RV Park"}},{"type":"Feature","geometry":{"type":"Point","coordinates":[-120.687729,47.548871]},"properties":{"kind":"rv_park","osm":"way/1261154175","name":"Icicle River RV Resort","website":"https://icicleriverrv.com/"}},{"type":"Feature","geometry":{"type":"Point","coordinates":[-122.363641,48.135139]},"properties":{"kind":"campsite","osm":"way/1263796495","name":"Kayak Point Campground","fee":"yes","access":"yes","operator":"Snohomish County"}},{"type":"Feature","geometry":{"type":"Point","coordinates":[-119.516351,48.411782]},"properties":{"kind":"rv_park","osm":"way/1270575496","name":"Eastside Park Campground","desc":"68-space RV Park within Eastside Park"}},{"type":"Feature","geometry":{"type":"Point","coordinates":[-119.528919,48.382013]},"properties":{"kind":"rv_park","osm":"way/1270778773","name":"RV Park at 12 Tribes Omak Casino"}},{"type":"Feature","geometry":{"type":"Point","coordinates":[-119.001947,47.95051]},"properties":{"kind":"rv_park","osm":"way/1271814650"}},{"type":"Feature","geometry":{"type":"Point","coordinates":[-122.713771,47.527811]},"properties":{"kind":"campsite","osm":"way/1275474268","name":"KSDA Campground","access":"permissive","operator":"KSDA"}},{"type":"Feature","geometry":{"type":"Point","coordinates":[-123.192444,46.100195]},"properties":{"kind":"rv_park","osm":"way/1278641569","name":"RV Outdoor Adventures & Cabins"}},{"type":"Feature","geometry":{"type":"Point","coordinates":[-123.126029,47.049968]},"properties":{"kind":"campsite","osm":"way/1279191960","name":"Connelly Site","operator":"BSA"}},{"type":"Feature","geometry":{"type":"Point","coordinates":[-122.909699,46.910574]},"properties":{"kind":"campsite","osm":"way/1279195879","name":"Millersylvania State Park Campground - Group Camp","fee":"yes","operator":"Washington State Parks"}},{"type":"Feature","geometry":{"type":"Point","coordinates":[-120.548616,48.198657]},"properties":{"kind":"campsite","osm":"way/1282643461","name":"Cascade Creek Campground","access":"yes","operator":"Okanogan-Wenatchee National Forest","drinking_water":"no","toilets":"yes","backcountry":"yes"}},{"type":"Feature","geometry":{"type":"Point","coordinates":[-119.686348,48.017341]},"properties":{"kind":"rv_park","osm":"way/1284495195","name":"Conklin Landing RV Park","website":"https://bridgeportwashington.net/rv-parks/","toilets":"yes"}},{"type":"Feature","geometry":{"type":"Point","coordinates":[-118.312462,46.75376]},"properties":{"kind":"rv_park","osm":"way/1287563564","name":"Tuc n Roll"}},{"type":"Feature","geometry":{"type":"Point","coordinates":[-118.003618,46.584979]},"properties":{"kind":"campsite","osm":"way/1289252791","name":"Little Goose Landing Group Camp","fee":"no","website":"https://www.nww.usace.army.mil/Locations/District-Locks-and-Dams/Little-Goose-Lock-and-Dam/Little-Goose-Landing/","toilets":"yes","backcountry":"no"}},{"type":"Feature","geometry":{"type":"Point","coordinates":[-120.899016,47.924711]},"properties":{"kind":"campsite","osm":"way/1297261029","name":"Tall Timber Ranch"}},{"type":"Feature","geometry":{"type":"Point","coordinates":[-121.268358,46.632104]},"properties":{"kind":"campsite","osm":"way/1298236849","name":"Clear Lake North Campground","operator":"USDA Forest Service"}},{"type":"Feature","geometry":{"type":"Point","coordinates":[-122.347945,47.780103]},"properties":{"kind":"campsite","osm":"way/1298627083","name":"Galleon Community Campground","access":"private","operator":"Galleon Condominiums"}},{"type":"Feature","geometry":{"type":"Point","coordinates":[-120.51448,48.59693]},"properties":{"kind":"campsite","osm":"way/1299864284","name":"Klipchuck Campground","fee":"yes","access":"yes","operator":"U.S. Forest Service","website":"https://www.fs.usda.gov/r06/okanogan-wenatchee/recreation/klipchuck-campground","drinking_water":"yes","toilets":"yes","reservation":"no"}},{"type":"Feature","geometry":{"type":"Point","coordinates":[-124.201862,47.205543]},"properties":{"kind":"campsite","osm":"way/1299910717","name":"Pacific Beach State Park Campground","fee":"yes","access":"permit","website":"https://parks.state.wa.us/557/Pacific-Beach","toilets":"yes","reservation":"yes","backcountry":"no"}},{"type":"Feature","geometry":{"type":"Point","coordinates":[-117.059946,46.397976]},"properties":{"kind":"rv_park","osm":"way/1300165956","name":"Rosie's RV Park"}},{"type":"Feature","geometry":{"type":"Point","coordinates":[-120.818396,45.684643]},"properties":{"kind":"rv_park","osm":"way/1301234201","name":"Peach Beach RV Park"}},{"type":"Feature","geometry":{"type":"Point","coordinates":[-121.183123,45.648555]},"properties":{"kind":"rv_park","osm":"way/1301234659"}},{"type":"Feature","geometry":{"type":"Point","coordinates":[-121.150207,45.626603]},"properties":{"kind":"rv_park","osm":"way/1301234909"}},{"type":"Feature","geometry":{"type":"Point","coordinates":[-124.206297,47.217469]},"properties":{"kind":"rv_park","osm":"way/1302852059","name":"Navy Getaways Pacific Beach RV Park"}},{"type":"Feature","geometry":{"type":"Point","coordinates":[-124.170401,47.038759]},"properties":{"kind":"rv_park","osm":"way/1303822982","name":"Quinalt Casino RV Park"}},{"type":"Feature","geometry":{"type":"Point","coordinates":[-120.591488,46.637995]},"properties":{"kind":"rv_park","osm":"way/1304376114","name":"Suntides RV Park"}},{"type":"Feature","geometry":{"type":"Point","coordinates":[-120.765678,46.743976]},"properties":{"kind":"campsite","osm":"way/1304527601","name":"Naches Wonderland Membership Campground","fee":"yes","access":"private"}},{"type":"Feature","geometry":{"type":"Point","coordinates":[-120.986268,46.884641]},"properties":{"kind":"rv_park","osm":"way/1304528868","name":"Squaw Rock RV Resort and Campground","website":"https://squawrockrvresortandcampground.com/"}},{"type":"Feature","geometry":{"type":"Point","coordinates":[-121.09865,46.990038]},"properties":{"kind":"campsite","osm":"way/1304528870","name":"Little Naches Campground","fee":"yes","operator":"USFS","website":"https://www.fs.usda.gov/r06/okanogan-wenatchee/recreation/little-naches-campground","capacity":"17","drinking_water":"yes","toilets":"yes"}},{"type":"Feature","geometry":{"type":"Point","coordinates":[-121.210804,46.968702]},"properties":{"kind":"campsite","osm":"way/1304528872","name":"Pine Needle Campground","fee":"yes","website":"https://www.fs.usda.gov/r06/okanogan-wenatchee/recreation/pine-needle-group-campground","toilets":"yes","reservation":"required"}},{"type":"Feature","geometry":{"type":"Point","coordinates":[-122.508359,47.703325]},"properties":{"kind":"campsite","osm":"way/1304554880","name":"Fay Bainbridge Park Campground","fee":"yes","operator":"Bainbridge Island Metro Park & Recreation District","website":"https://biparks.org/fay-bainbridge-park-campground/","drinking_water":"yes","toilets":"yes","reservation":"yes"}},{"type":"Feature","geometry":{"type":"Point","coordinates":[-120.922572,46.804865]},"properties":{"kind":"campsite","osm":"way/1304775958","name":"Flying H Youth Ranch Campground","access":"private"}},{"type":"Feature","geometry":{"type":"Point","coordinates":[-124.205515,47.215659]},"properties":{"kind":"campsite","osm":"way/1306197622"}},{"type":"Feature","geometry":{"type":"Point","coordinates":[-117.002536,47.711445]},"properties":{"kind":"rv_park","osm":"way/1308939183","capacity":"8"}},{"type":"Feature","geometry":{"type":"Point","coordinates":[-121.774871,47.870119]},"properties":{"kind":"rv_park","osm":"way/1309438053","name":"Cascades RV Resort","website":"https://www.cascadesrvresort.com/"}},{"type":"Feature","geometry":{"type":"Point","coordinates":[-122.786423,48.022378]},"properties":{"kind":"rv_park","osm":"way/1311310615","name":"Evergreen Coho SKP RV Park","website":"https://www.cohoskp.com/"}},{"type":"Feature","geometry":{"type":"Point","coordinates":[-123.385402,47.009484]},"properties":{"kind":"rv_park","osm":"way/1313150512","name":"Maplewood RV Resort","website":"https://maplewoodrv.com/"}},{"type":"Feature","geometry":{"type":"Point","coordinates":[-123.385699,47.008409]},"properties":{"kind":"rv_park","osm":"way/1313150513","name":"Travel Inn Resort","website":"https://kmresorts.com/travel-inn-resort-elma-rv-park","toilets":"yes"}},{"type":"Feature","geometry":{"type":"Point","coordinates":[-116.931668,47.463127]},"properties":{"kind":"campsite","osm":"way/1313390085","name":"Windy Bay Boater Park","fee":"yes","website":"https://www.blm.gov/visit/windy-bay-boater-park"}},{"type":"Feature","geometry":{"type":"Point","coordinates":[-122.931802,48.087724]},"properties":{"kind":"rv_park","osm":"way/1314296325","name":"KM Diamond Point Resort","website":"https://kmresorts.com/diamond-point-resort/","toilets":"yes"}},{"type":"Feature","geometry":{"type":"Point","coordinates":[-119.150528,46.791012]},"properties":{"kind":"campsite","osm":"way/1314726019","name":"Adams County Fairgrounds Campground","fee":"yes","access":"yes","operator":"Adams County","website":"https://www.co.adams.wa.us/240/Fairgrounds"}},{"type":"Feature","geometry":{"type":"Point","coordinates":[-120.046036,47.851501]},"properties":{"kind":"rv_park","osm":"way/1315833713","name":"Chelan RV Rentals","website":"https://www.chelanrvrentals.com/"}},{"type":"Feature","geometry":{"type":"Point","coordinates":[-119.083449,46.259007]},"properties":{"kind":"rv_park","osm":"way/1316495689","name":"Arrowhead RV Park"}},{"type":"Feature","geometry":{"type":"Point","coordinates":[-117.786141,46.09991]},"properties":{"kind":"campsite","osm":"way/1316959292","name":"Godman Campground","website":"https://www.fs.usda.gov/recarea/umatilla/recarea/?recid=56741","capacity":"8"}},{"type":"Feature","geometry":{"type":"Point","coordinates":[-120.532478,47.000784]},"properties":{"kind":"campsite","osm":"way/1317251145","name":"Kittatas County Fair Campground","operator":"titas Valley Event Center","website":"https://www.kittitasvalleyeventcenter.com/p/facility-rental/rv-camping"}},{"type":"Feature","geometry":{"type":"Point","coordinates":[-118.841776,45.676645]},"properties":{"kind":"rv_park","osm":"way/1317401132","name":"Lookout RV Park"}},{"type":"Feature","geometry":{"type":"Point","coordinates":[-121.870823,47.007628]},"properties":{"kind":"campsite","osm":"way/1317479058","name":"Cayada Creek Road Dispersed Camping","drinking_water":"no","toilets":"no"}},{"type":"Feature","geometry":{"type":"Point","coordinates":[-117.749088,46.682061]},"properties":{"kind":"campsite","osm":"way/1317693224","name":"Willow Landing Campground","access":"yes","website":"https://www.nww.usace.army.mil/Locations/District-Locks-and-Dams/Little-Goose-Lock-and-Dam/Willow-Landing/","toilets":"yes","backcountry":"no"}},{"type":"Feature","geometry":{"type":"Point","coordinates":[-121.934584,47.519516]},"properties":{"kind":"rv_park","osm":"way/1319912466","name":"Blue Sky RV Park","website":"https://www.blueskypreston.com/"}},{"type":"Feature","geometry":{"type":"Point","coordinates":[-119.477383,46.258471]},"properties":{"kind":"rv_park","osm":"way/1320459438","name":"Green Acres Mobile Home & RV Park"}},{"type":"Feature","geometry":{"type":"Point","coordinates":[-119.481758,46.26075]},"properties":{"kind":"rv_park","osm":"way/1320459442","name":"Elm Grove RV Park"}},{"type":"Feature","geometry":{"type":"Point","coordinates":[-120.660361,46.74557]},"properties":{"kind":"rv_park","osm":"way/1322052881","name":"Naches RV Resort","website":"https://nachesrvresort.com/"}},{"type":"Feature","geometry":{"type":"Point","coordinates":[-123.778375,46.960819]},"properties":{"kind":"rv_park","osm":"way/1322342147","name":"River Run RV Park"}},{"type":"Feature","geometry":{"type":"Point","coordinates":[-122.347504,48.434845]},"properties":{"kind":"rv_park","osm":"way/1323052793","name":"Town & Country Motorcoach and RV Resort","website":"https://townandcountryrv.com/"}},{"type":"Feature","geometry":{"type":"Point","coordinates":[-118.360187,49.011039]},"properties":{"kind":"rv_park","osm":"way/1325507321","name":"Country Hideaway Campground","fee":"yes","capacity":"21","reservation":"yes"}},{"type":"Feature","geometry":{"type":"Point","coordinates":[-123.539997,48.099956]},"properties":{"kind":"rv_park","osm":"way/1325551730","name":"Island View RV Park","website":"https://www.islandviewrv.com/","drinking_water":"yes"}},{"type":"Feature","geometry":{"type":"Point","coordinates":[-123.891942,48.068935]},"properties":{"kind":"campsite","osm":"way/1327336490","name":"Camp David Jr.","website":"https://www.clallamcountywa.gov/Facilities/Facility/Details/Camp-David-Jr-1"}},{"type":"Feature","geometry":{"type":"Point","coordinates":[-123.304386,48.094839]},"properties":{"kind":"rv_park","osm":"way/1328215139","name":"Salish Trails Campground","website":"https://salishtrailscampground.com"}},{"type":"Feature","geometry":{"type":"Point","coordinates":[-120.021911,46.332548]},"properties":{"kind":"rv_park","osm":"way/1330496682","name":"Sunnyside RV Park","website":"https://sunnysidervpark.com/"}},{"type":"Feature","geometry":{"type":"Point","coordinates":[-121.229204,45.739709]},"properties":{"kind":"campsite","osm":"way/1332453651","name":"Turkey Hole Campground","operator":"Washington Department of Fish and Wildlife"}},{"type":"Feature","geometry":{"type":"Point","coordinates":[-122.687456,48.337523]},"properties":{"kind":"rv_park","osm":"way/1333612101","name":"Cliffside RV Park","access":"private","website":"https://cliffside.navylifepnw.com/programs/607cfed4-a4c8-4b2e-ae08-c746327cb01a","toilets":"yes"}},{"type":"Feature","geometry":{"type":"Point","coordinates":[-119.985109,46.942661]},"properties":{"kind":"rv_park","osm":"way/1335788106","name":"Vantage RV Park","access":"private"}},{"type":"Feature","geometry":{"type":"Point","coordinates":[-124.10704,46.867476]},"properties":{"kind":"rv_park","osm":"way/1337308446"}},{"type":"Feature","geometry":{"type":"Point","coordinates":[-122.90684,46.907823]},"properties":{"kind":"rv_park","osm":"way/1337591624","name":"Deep Lake Resort"}},{"type":"Feature","geometry":{"type":"Point","coordinates":[-123.986464,46.707887]},"properties":{"kind":"rv_park","osm":"way/1341587505","name":"Bayshore RV Park & Guest Suites"}},{"type":"Feature","geometry":{"type":"Point","coordinates":[-123.387526,47.001406]},"properties":{"kind":"rv_park","osm":"way/1343952917","name":"Elma RV Park","website":"http://www.elmarvpark.com/"}},{"type":"Feature","geometry":{"type":"Point","coordinates":[-123.050568,45.924673]},"properties":{"kind":"campsite","osm":"way/1349125014","name":"Area C"}},{"type":"Feature","geometry":{"type":"Point","coordinates":[-123.051672,45.924187]},"properties":{"kind":"campsite","osm":"way/1349125015","name":"Area D"}},{"type":"Feature","geometry":{"type":"Point","coordinates":[-123.053493,45.92496]},"properties":{"kind":"campsite","osm":"way/1349125016","name":"Area F"}},{"type":"Feature","geometry":{"type":"Point","coordinates":[-123.053158,45.925615]},"properties":{"kind":"campsite","osm":"way/1349125017","name":"Group Camping"}},{"type":"Feature","geometry":{"type":"Point","coordinates":[-123.051716,45.926226]},"properties":{"kind":"campsite","osm":"way/1349125019","name":"Area A"}},{"type":"Feature","geometry":{"type":"Point","coordinates":[-123.049823,45.926061]},"properties":{"kind":"campsite","osm":"way/1349125020","name":"Area B"}},{"type":"Feature","geometry":{"type":"Point","coordinates":[-123.052883,45.924298]},"properties":{"kind":"campsite","osm":"way/1349125021","name":"Area E"}},{"type":"Feature","geometry":{"type":"Point","coordinates":[-124.170439,47.119207]},"properties":{"kind":"rv_park","osm":"way/1350618598","name":"Echos of the Sea","website":"https://echoescopalis.com/"}},{"type":"Feature","geometry":{"type":"Point","coordinates":[-118.700288,47.756898]},"properties":{"kind":"rv_park","osm":"way/1350673788","name":"Goose Creek RV Park & Campground","operator":"Reeve"}},{"type":"Feature","geometry":{"type":"Point","coordinates":[-123.745561,46.690872]},"properties":{"kind":"rv_park","osm":"way/1351166695","name":"Timberland RV Park"}},{"type":"Feature","geometry":{"type":"Point","coordinates":[-123.729642,46.656693]},"properties":{"kind":"rv_park","osm":"way/1351464462","name":"Riverwoods RV"}},{"type":"Feature","geometry":{"type":"Point","coordinates":[-119.928972,46.685981]},"properties":{"kind":"rv_park","osm":"way/1354984203","name":"Desert Aire RV Park"}},{"type":"Feature","geometry":{"type":"Point","coordinates":[-122.964407,46.639523]},"properties":{"kind":"rv_park","osm":"way/1355688617","name":"Stan Hedwall RV Park","fee":"yes","website":"https://www.ci.chehalis.wa.us/parksandrecreation/park/stan-hedwall-rv-park","capacity":"29"}},{"type":"Feature","geometry":{"type":"Point","coordinates":[-122.701671,47.041853]},"properties":{"kind":"rv_park","osm":"way/1355924031","name":"Lost Lake Resort"}},{"type":"Feature","geometry":{"type":"Point","coordinates":[-124.110366,46.884521]},"properties":{"kind":"rv_park","osm":"way/1357025249","name":"Wetport RV Park & Motel"}},{"type":"Feature","geometry":{"type":"Point","coordinates":[-119.440371,46.376302]},"properties":{"kind":"campsite","osm":"way/1359724504"}},{"type":"Feature","geometry":{"type":"Point","coordinates":[-120.222787,45.731286]},"properties":{"kind":"campsite","osm":"way/1359890288","name":"Roosevelt Park Recreation Area Campground","access":"private"}},{"type":"Feature","geometry":{"type":"Point","coordinates":[-118.120516,48.687408]},"properties":{"kind":"rv_park","osm":"way/1359903470","name":"North Lake RV Park and Campground","website":"https://northlakervparkandcampground.com/"}},{"type":"Feature","geometry":{"type":"Point","coordinates":[-119.935365,45.834796]},"properties":{"kind":"campsite","osm":"way/1359904146","name":"Alderdale Fishing Access Site Campground"}},{"type":"Feature","geometry":{"type":"Point","coordinates":[-119.855287,45.848694]},"properties":{"kind":"campsite","osm":"way/1359912022","name":"Crow Butte Park Primitive Campground"}},{"type":"Feature","geometry":{"type":"Point","coordinates":[-119.854393,45.851522]},"properties":{"kind":"campsite","osm":"way/1359912024","name":"Crow Butte Park RV Campground"}},{"type":"Feature","geometry":{"type":"Point","coordinates":[-120.501254,45.706686]},"properties":{"kind":"campsite","osm":"way/1361210571","name":"Pasture Point Treaty Fishing Access Site Campground"}},{"type":"Feature","geometry":{"type":"Point","coordinates":[-121.19327,45.618461]},"properties":{"kind":"campsite","osm":"way/1361216883","name":"Dallesport Treaty Fishing Access Site Campground"}},{"type":"Feature","geometry":{"type":"Point","coordinates":[-121.287614,45.691594]},"properties":{"kind":"campsite","osm":"way/1361217400","name":"Lyle Treaty Fishing Access Site Campground"}},{"type":"Feature","geometry":{"type":"Point","coordinates":[-119.029112,47.934916]},"properties":{"kind":"campsite","osm":"way/1361775957","name":"Coulee Playland","website":"https://couleeplayland.com/"}},{"type":"Feature","geometry":{"type":"Point","coordinates":[-117.144921,47.009774]},"properties":{"kind":"rv_park","osm":"way/1362150989","name":"Garfield RV Park"}},{"type":"Feature","geometry":{"type":"Point","coordinates":[-120.502162,46.895571]},"properties":{"kind":"campsite","osm":"way/1362527906","name":"Bighorn Campground"}},{"type":"Feature","geometry":{"type":"Point","coordinates":[-120.456705,46.793042]},"properties":{"kind":"campsite","osm":"way/1362527914","name":"Big Pines Campground","operator":"BLM"}},{"type":"Feature","geometry":{"type":"Point","coordinates":[-123.732469,47.910427]},"properties":{"kind":"campsite","osm":"way/1362653275","name":"Heart Lake Camp","fee":"no","drinking_water":"no","toilets":"yes","reservation":"no","backcountry":"yes"}},{"type":"Feature","geometry":{"type":"Point","coordinates":[-123.784539,47.916432]},"properties":{"kind":"campsite","osm":"way/1362654914","name":"Lunch Lake Campground","fee":"no","access":"yes","operator":"Olympic National Park","drinking_water":"no","toilets":"yes","reservation":"no","backcountry":"yes"}},{"type":"Feature","geometry":{"type":"Point","coordinates":[-121.796914,45.983677]},"properties":{"kind":"campsite","osm":"way/1362661813","name":"Blue Lake Campsites","drinking_water":"no","reservation":"no","backcountry":"yes"}},{"type":"Feature","geometry":{"type":"Point","coordinates":[-121.828614,46.003647]},"properties":{"kind":"campsite","osm":"way/1362662097","name":"Thomas Lake Campsites","drinking_water":"no","reservation":"no","backcountry":"yes"}},{"type":"Feature","geometry":{"type":"Point","coordinates":[-119.784511,48.091466]},"properties":{"kind":"rv_park","osm":"way/1362980241","name":"Columbia Cove RV Park","website":"https://www.cityofbrewsterwashington.org/departments/public_works/columbia_cove_rv_park.php","toilets":"yes"}},{"type":"Feature","geometry":{"type":"Point","coordinates":[-117.170844,46.725735]},"properties":{"kind":"rv_park","osm":"way/1363172985","name":"Pullman RV Park","operator":"Pullman Parks & Rec","website":"https://www.pullman-wa.gov/services/parks___recreation/parks___facilities/pullman_rv_park.php"}},{"type":"Feature","geometry":{"type":"Point","coordinates":[-121.509675,46.528831]},"properties":{"kind":"campsite","osm":"way/1365063092","name":"Heart Lake","fee":"no","operator":"United States Forest Service","drinking_water":"no","reservation":"no","backcountry":"yes"}},{"type":"Feature","geometry":{"type":"Point","coordinates":[-121.512998,46.601377]},"properties":{"kind":"campsite","osm":"way/1365063708","name":"Lost Lake","fee":"no","operator":"United States Forest Service","drinking_water":"no","reservation":"no","backcountry":"yes"}},{"type":"Feature","geometry":{"type":"Point","coordinates":[-121.68676,46.929585]},"properties":{"kind":"campsite","osm":"way/1365070516","name":"Berkeley Park Camp","fee":"no","access":"permit","operator":"National Park Service","drinking_water":"no","toilets":"yes","reservation":"required","backcountry":"yes"}},{"type":"Feature","geometry":{"type":"Point","coordinates":[-117.279856,48.84002]},"properties":{"kind":"campsite","osm":"way/1365420623","name":"East Sullivan Campground"}},{"type":"Feature","geometry":{"type":"Point","coordinates":[-122.972532,46.9901]},"properties":{"kind":"campsite","osm":"way/1373417418","name":"Black Lake Bible Camp","access":"private"}},{"type":"Feature","geometry":{"type":"Point","coordinates":[-122.252648,46.957474]},"properties":{"kind":"rv_park","osm":"way/1377288024","name":"Camp Lakeview","website":"https://www.camplakeview-at-tanwax.com/"}},{"type":"Feature","geometry":{"type":"Point","coordinates":[-122.275533,46.945121]},"properties":{"kind":"rv_park","osm":"way/1377292632","name":"Rainbow RV Resort","website":"https://www.rainbowrvresort.com/"}},{"type":"Feature","geometry":{"type":"Point","coordinates":[-122.658222,45.747239]},"properties":{"kind":"rv_park","osm":"way/1379135305","name":"Dicky's RV Resort"}},{"type":"Feature","geometry":{"type":"Point","coordinates":[-119.344283,46.970395]},"properties":{"kind":"rv_park","osm":"way/1379433565","name":"The Last Resort RV Park"}},{"type":"Feature","geometry":{"type":"Point","coordinates":[-122.07069,48.974095]},"properties":{"kind":"campsite","osm":"way/1380032043","name":"Silver Lake Park - Cedar Campground","fee":"yes","access":"yes","operator":"Whatcom County","website":"https://www.whatcomcounty.us/3518/Camping-at-Silver-Lake-Park","backcountry":"no"}},{"type":"Feature","geometry":{"type":"Point","coordinates":[-122.072163,48.965956]},"properties":{"kind":"campsite","osm":"way/1380032044","name":"Silver Lake Park - Group Camp","fee":"yes","access":"yes","operator":"Whatcom County","website":"https://www.whatcomcounty.us/3518/Camping-at-Silver-Lake-Park","backcountry":"no"}},{"type":"Feature","geometry":{"type":"Point","coordinates":[-119.345017,46.968553]},"properties":{"kind":"rv_park","osm":"way/1380483818","name":"O'Sullivan Sportsman Resort"}},{"type":"Feature","geometry":{"type":"Point","coordinates":[-119.367951,46.977984]},"properties":{"kind":"rv_park","osm":"way/1380483838","name":"Drake's RV Park"}},{"type":"Feature","geometry":{"type":"Point","coordinates":[-122.305011,46.948869]},"properties":{"kind":"campsite","osm":"way/1381506873","name":"The Salvation Army Camp Arnold","access":"private","website":"https://tsacamparnold.org/"}},{"type":"Feature","geometry":{"type":"Point","coordinates":[-118.141982,47.655455]},"properties":{"kind":"rv_park","osm":"way/1384377418","operator":"Black Bear Motel","website":"http://blackbearmotel.com"}},{"type":"Feature","geometry":{"type":"Point","coordinates":[-118.144155,47.65466]},"properties":{"kind":"rv_park","osm":"way/1384381219"}},{"type":"Feature","geometry":{"type":"Point","coordinates":[-121.094379,48.686599]},"properties":{"kind":"campsite","osm":"way/1385221390","name":"Colonial Creek South Campground","fee":"yes","operator":"North Cascades National Park","capacity":"91","reservation":"yes","backcountry":"no"}},{"type":"Feature","geometry":{"type":"Point","coordinates":[-120.926366,47.185679]},"properties":{"kind":"campsite","osm":"way/1385451438","name":"Mountain River Trails Camping Association","access":"private","website":"https://www.mrtca.net/"}},{"type":"Feature","geometry":{"type":"Point","coordinates":[-120.93649,47.188]},"properties":{"kind":"rv_park","osm":"way/1385451449","name":"Whispering Pines"}},{"type":"Feature","geometry":{"type":"Point","coordinates":[-118.16279,47.651838]},"properties":{"kind":"rv_park","osm":"way/1387043266"}},{"type":"Feature","geometry":{"type":"Point","coordinates":[-117.37365,46.635935]},"properties":{"kind":"campsite","osm":"way/1387320532","name":"Wawawai County Park Campground","access":"yes","drinking_water":"yes","toilets":"yes","backcountry":"no"}},{"type":"Feature","geometry":{"type":"Point","coordinates":[-119.432786,48.94911]},"properties":{"kind":"campsite","osm":"way/1387361976","name":"Osoyoos Lake Veteran's Memorial Park Campground","fee":"yes","drinking_water":"yes","toilets":"yes"}},{"type":"Feature","geometry":{"type":"Point","coordinates":[-119.32215,47.639332]},"properties":{"kind":"campsite","osm":"way/1387603076","name":"Banks Lake Wildlife Area Campground","toilets":"yes"}},{"type":"Feature","geometry":{"type":"Point","coordinates":[-120.83569,47.493745]},"properties":{"kind":"campsite","osm":"way/1387603478","name":"Colchuck Lake Backcountry Camping","toilets":"yes","backcountry":"yes"}},{"type":"Feature","geometry":{"type":"Point","coordinates":[-122.868853,47.746221]},"properties":{"kind":"campsite","osm":"way/1387605188","name":"Camp Parsons","access":"private","capacity":"600"}},{"type":"Feature","geometry":{"type":"Point","coordinates":[-122.220865,46.77439]},"properties":{"kind":"campsite","osm":"way/1387617810","name":"Rocky Point Beach Campground","fee":"yes","operator":"Tacoma Public Utilities","website":"https://www.mytpu.org/community-environment/parks-recreation/alder-lake-park/","toilets":"yes"}},{"type":"Feature","geometry":{"type":"Point","coordinates":[-122.297415,46.800353]},"properties":{"kind":"campsite","osm":"way/1387624116","name":"Main Campground"}},{"type":"Feature","geometry":{"type":"Point","coordinates":[-122.301444,46.801078]},"properties":{"kind":"campsite","osm":"way/1387624132","name":"Osprey Campground"}},{"type":"Feature","geometry":{"type":"Point","coordinates":[-122.303965,46.801473]},"properties":{"kind":"campsite","osm":"way/1387624140","name":"Group Camp"}},{"type":"Feature","geometry":{"type":"Point","coordinates":[-122.307674,46.799197]},"properties":{"kind":"campsite","osm":"way/1387624152","name":"Elk Plain Campground"}},{"type":"Feature","geometry":{"type":"Point","coordinates":[-122.421316,46.518174]},"properties":{"kind":"campsite","osm":"way/1387723077","name":"Primitive Group Camp 1"}},{"type":"Feature","geometry":{"type":"Point","coordinates":[-122.417465,46.515718]},"properties":{"kind":"campsite","osm":"way/1387723078","name":"Primitive Group Camp 2"}},{"type":"Feature","geometry":{"type":"Point","coordinates":[-122.419273,46.516174]},"properties":{"kind":"campsite","osm":"way/1387723079","name":"Nesika Landing"}},{"type":"Feature","geometry":{"type":"Point","coordinates":[-122.420064,46.516239]},"properties":{"kind":"campsite","osm":"way/1387723080","name":"Ajlune Lookout"}},{"type":"Feature","geometry":{"type":"Point","coordinates":[-122.414523,46.516126]},"properties":{"kind":"campsite","osm":"way/1387723081","name":"Main Campground"}},{"type":"Feature","geometry":{"type":"Point","coordinates":[-122.406641,46.514882]},"properties":{"kind":"campsite","osm":"way/1387723085","name":"S'mores Loop"}},{"type":"Feature","geometry":{"type":"Point","coordinates":[-122.421806,46.514926]},"properties":{"kind":"campsite","osm":"way/1387723096","name":"Bird's Eye View"}},{"type":"Feature","geometry":{"type":"Point","coordinates":[-122.166649,46.46875]},"properties":{"kind":"campsite","osm":"way/1387724972","name":"Taidnapam Park Campground"}},{"type":"Feature","geometry":{"type":"Point","coordinates":[-123.965776,46.415304]},"properties":{"kind":"campsite","osm":"way/1388328442","name":"Pinnacle Rock Campground","toilets":"yes","backcountry":"yes"}},{"type":"Feature","geometry":{"type":"Point","coordinates":[-122.116604,45.960815]},"properties":{"kind":"campsite","osm":"way/1388332156","name":"Dispersed Camping","access":"yes","operator":"USFS","drinking_water":"no","backcountry":"yes"}},{"type":"Feature","geometry":{"type":"Point","coordinates":[-118.089462,46.577272]},"properties":{"kind":"campsite","osm":"way/1388576105","name":"Riparia Recreation Area Campground","fee":"no","access":"yes","operator":"US Army Corps of Engineers","website":"https://www.nww.usace.army.mil/Locations/District-Locks-and-Dams/Lower-Monumental-Lock-and-Dam/Riparia-HMU/","drinking_water":"no","toilets":"yes","reservation":"no","backcountry":"no"}},{"type":"Feature","geometry":{"type":"Point","coordinates":[-118.538147,46.567048]},"properties":{"kind":"campsite","osm":"way/1388579224","name":"Devils Bench Campground","fee":"no","access":"yes","operator":"Walla Walla District, U.S. Army Corps of Engineers","website":"https://www.nww.usace.army.mil/Locations/District-Locks-and-Dams/Lower-Monumental-Lock-and-Dam/Devils-Bench/","capacity":"6","drinking_water":"no","toilets":"yes","reservation":"no","backcountry":"no"}},{"type":"Feature","geometry":{"type":"Point","coordinates":[-118.218977,46.585021]},"properties":{"kind":"rv_park","osm":"way/1388581981","name":"Starbuck / Lyons Ferry Marina KOA","website":"https://lyonsferrykoa.com/"}},{"type":"Feature","geometry":{"type":"Point","coordinates":[-122.745325,48.945926]},"properties":{"kind":"rv_park","osm":"way/1389418806","name":"Thousand Trails Birch Bay","fee":"yes","website":"https://thousandtrails.com/washington/birch-bay-rv-campground"}},{"type":"Feature","geometry":{"type":"Point","coordinates":[-117.47566,46.697812]},"properties":{"kind":"campsite","osm":"way/1389623139","name":"Illia Landing Campground","fee":"no","operator":"USACE","website":"https://www.nww.usace.army.mil/Locations/District-Locks-and-Dams/Little-Goose-Lock-and-Dam/Illia-Landing/"}},{"type":"Feature","geometry":{"type":"Point","coordinates":[-117.187978,46.415263]},"properties":{"kind":"campsite","osm":"way/1389626043","name":"Chief Timothy Campground","fee":"yes","website":"https://vista-rec.com/parks/washington/chief-timothy/chief-timothy-park/","toilets":"yes"}},{"type":"Feature","geometry":{"type":"Point","coordinates":[-120.63093,47.794235]},"properties":{"kind":"rv_park","osm":"way/1390118470","name":"Thousand Trails Leavenworth RV Campground","website":"https://thousandtrails.com/washington/leavenworth-rv-campground/"}},{"type":"Feature","geometry":{"type":"Point","coordinates":[-122.581936,46.550577]},"properties":{"kind":"rv_park","osm":"way/1390137806","name":"Thousand Trails Paradise","website":"https://thousandtrails.com/washington/paradise-rv-campground"}},{"type":"Feature","geometry":{"type":"Point","coordinates":[-124.170053,47.079673]},"properties":{"kind":"rv_park","osm":"way/1390201119","name":"Thousand Trails Oceana","website":"https://www.rvonthego.com/washington/oceana-rv-camping-resort/"}},{"type":"Feature","geometry":{"type":"Point","coordinates":[-122.339381,48.582243]},"properties":{"kind":"rv_park","osm":"way/1390202060","name":"Friday Creek Campground","access":"private","operator":"Thousand Trails","capacity":"27"}},{"type":"Feature","geometry":{"type":"Point","coordinates":[-120.45836,46.589585]},"properties":{"kind":"campsite","osm":"way/1390210097","name":"Yakima Sportsman State Park Campground","fee":"yes","access":"yes","toilets":"yes","backcountry":"no"}},{"type":"Feature","geometry":{"type":"Point","coordinates":[-120.972437,46.870309]},"properties":{"kind":"campsite","osm":"way/1390212133","name":"Elk Ridge Campground","fee":"yes","website":"https://elkridgecampground.com/"}},{"type":"Feature","geometry":{"type":"Point","coordinates":[-120.90701,46.693185]},"properties":{"kind":"campsite","osm":"way/1390221379","name":"Windy Point Campground","fee":"yes","operator":"USFS","website":"https://www.fs.usda.gov/r06/okanogan-wenatchee/recreation/windy-point-campground","capacity":"15","drinking_water":"no","toilets":"yes","backcountry":"no"}},{"type":"Feature","geometry":{"type":"Point","coordinates":[-121.959924,47.196644]},"properties":{"kind":"campsite","osm":"way/1390227296","name":"Enumclaw Expo RV Campground","fee":"yes","operator":"Enumclaw Expo Center","website":"https://www.enumclawexpo.com/p/camping","toilets":"yes","backcountry":"no"}},{"type":"Feature","geometry":{"type":"Point","coordinates":[-120.807505,47.824072]},"properties":{"kind":"campsite","osm":"way/1390301822","name":"Glacier View Campground","fee":"yes","operator":"USFS","website":"https://www.fs.usda.gov/r06/okanogan-wenatchee/recreation/glacier-view-campground","drinking_water":"yes","toilets":"yes","reservation":"no"}},{"type":"Feature","geometry":{"type":"Point","coordinates":[-120.708728,47.818055]},"properties":{"kind":"campsite","osm":"way/1390301902","name":"Midway Campground","fee":"yes","website":"https://www.midwayplain.com/"}},{"type":"Feature","geometry":{"type":"Point","coordinates":[-118.072281,46.288806]},"properties":{"kind":"campsite","osm":"way/1390498888","name":"Lewis & Clark Trail State Park Campground","fee":"yes","access":"yes","operator":"Washington State Parks and Recreation Commission","toilets":"yes","backcountry":"no"}},{"type":"Feature","geometry":{"type":"Point","coordinates":[-117.613141,46.474676]},"properties":{"kind":"campsite","osm":"way/1390512149","name":"Pataha Creek RV Park","fee":"yes"}},{"type":"Feature","geometry":{"type":"Point","coordinates":[-122.894477,48.556313]},"properties":{"kind":"campsite","osm":"way/1390577747","name":"Hiker/Biker Primitive Campsites","fee":"yes","access":"yes","operator":"Odlin County Park","backcountry":"yes"}},{"type":"Feature","geometry":{"type":"Point","coordinates":[-123.462515,47.096811]},"properties":{"kind":"campsite","osm":"way/1390753882","name":"Schaefer East Campground","fee":"yes","operator":"Washington State Parks and Recreation Commission","website":"https://parks.wa.gov/find-parks/state-parks/schafer-state-park","drinking_water":"yes","toilets":"yes","reservation":"required","backcountry":"no"}},{"type":"Feature","geometry":{"type":"Point","coordinates":[-123.468044,47.09711]},"properties":{"kind":"campsite","osm":"way/1390753895","name":"Schaefer West Campground","fee":"yes","operator":"Washington State Parks and Recreation Commission","website":"https://parks.wa.gov/find-parks/state-parks/schafer-state-park","drinking_water":"yes","toilets":"yes","reservation":"required","backcountry":"no"}},{"type":"Feature","geometry":{"type":"Point","coordinates":[-122.194318,47.279273]},"properties":{"kind":"campsite","osm":"way/1392256032","name":"Game Farm Wilderness Park Campground","fee":"yes","operator":"City of Auburn","website":"https://www.auburnwa.gov/city_hall/parks_arts_recreation/facility_rentals/campground","capacity":"18"}},{"type":"Feature","geometry":{"type":"Point","coordinates":[-121.679239,47.466132]},"properties":{"kind":"campsite","osm":"way/1393287735","name":"Lower Meadow","access":"private"}},{"type":"Feature","geometry":{"type":"Point","coordinates":[-121.680544,47.465666]},"properties":{"kind":"campsite","osm":"way/1393287736","name":"Upper Meadow","access":"private"}},{"type":"Feature","geometry":{"type":"Point","coordinates":[-121.679754,47.465]},"properties":{"kind":"rv_park","osm":"way/1393287737","name":"Upper Meadow","access":"private"}},{"type":"Feature","geometry":{"type":"Point","coordinates":[-123.781944,48.154653]},"properties":{"kind":"campsite","osm":"way/1393305364","name":"Whiskey Creek Beach NW","access":"customers","website":"www.WhiskeyCreekBeachNW.com"}},{"type":"Feature","geometry":{"type":"Point","coordinates":[-123.8224,47.926322]},"properties":{"kind":"campsite","osm":"way/1395830992","name":"Deer Lake Campground","fee":"no","access":"yes","operator":"Olympic National Park","drinking_water":"no","toilets":"yes","reservation":"no","backcountry":"yes"}},{"type":"Feature","geometry":{"type":"Point","coordinates":[-123.728778,47.919568]},"properties":{"kind":"campsite","osm":"way/1395833364","name":"Sol Duc Park Campground","fee":"no","operator":"Olympic National Park","drinking_water":"no","toilets":"yes","reservation":"no","backcountry":"yes"}},{"type":"Feature","geometry":{"type":"Point","coordinates":[-123.830624,47.477188]},"properties":{"kind":"campsite","osm":"way/1396029796","name":"Rain Forest Resort Village RV Campground","fee":"yes","website":"https://www.rainforestresort.com/"}},{"type":"Feature","geometry":{"type":"Point","coordinates":[-123.790855,48.093503]},"properties":{"kind":"campsite","osm":"way/1396056265","name":"Log Cabin Campground","website":"https://www.olympicnationalparks.com/lodging/log-cabin-resort/"}},{"type":"Feature","geometry":{"type":"Point","coordinates":[-124.409227,48.574583]},"properties":{"kind":"campsite","osm":"way/1396103334","name":"Pacheedaht Campground","fee":"yes","website":"https://www.visitpacheedaht.ca/campground"}},{"type":"Feature","geometry":{"type":"Point","coordinates":[-121.988776,47.953787]},"properties":{"kind":"campsite","osm":"way/1409669705","name":"Flowing Lake Park Campground","fee":"yes","operator":"Snohomish County Parks & Recreation Department"}},{"type":"Feature","geometry":{"type":"Point","coordinates":[-121.607017,48.270789]},"properties":{"kind":"campsite","osm":"way/1409672530","name":"Whitehorse Campground","fee":"yes","operator":"Snohomish County"}},{"type":"Feature","geometry":{"type":"Point","coordinates":[-122.861341,48.53683]},"properties":{"kind":"campsite","osm":"way/1409673521","name":"Spencer Spit State Park Campground","website":"https://parks.wa.gov/find-parks/state-parks/spencer-spit-state-park"}},{"type":"Feature","geometry":{"type":"Point","coordinates":[-122.878397,47.429522]},"properties":{"kind":"campsite","osm":"way/1409961134","name":"Belfair State Park Campground","access":"yes","operator":"Washington State Parks and Recreation Commission","website":"https://parks.wa.gov/find-parks/state-parks/belfair-state-park","toilets":"yes"}},{"type":"Feature","geometry":{"type":"Point","coordinates":[-122.023788,45.634925]},"properties":{"kind":"campsite","osm":"way/1409965960","name":"Beacon Rock State Park Campground","website":"https://parks.wa.gov/find-parks/state-parks/beacon-rock-state-park"}},{"type":"Feature","geometry":{"type":"Point","coordinates":[-122.032146,45.640838]},"properties":{"kind":"campsite","osm":"way/1409965961","name":"Beacon Rock Equestrian Camp","website":"https://parks.wa.gov/find-parks/state-parks/beacon-rock-state-park"}},{"type":"Feature","geometry":{"type":"Point","coordinates":[-122.035549,45.637923]},"properties":{"kind":"campsite","osm":"way/1409965962","name":"Beacon Rock Group Campground","fee":"yes","operator":"Washington State Parks","website":"https://parks.wa.gov/find-parks/state-parks/beacon-rock-state-park","capacity":"200"}},{"type":"Feature","geometry":{"type":"Point","coordinates":[-122.02148,45.621689]},"properties":{"kind":"campsite","osm":"way/1409965963","name":"Beacon Rock Moorage Camp","fee":"yes","website":"https://parks.wa.gov/find-parks/state-parks/beacon-rock-state-park","capacity":"2"}},{"type":"Feature","geometry":{"type":"Point","coordinates":[-122.029357,45.620244]},"properties":{"kind":"campsite","osm":"way/1409965964","name":"Woodard Creek Campground","fee":"yes","operator":"Washington State Parks","capacity":"5","drinking_water":"yes","backcountry":"no"}},{"type":"Feature","geometry":{"type":"Point","coordinates":[-122.765992,48.90307]},"properties":{"kind":"campsite","osm":"way/1409967710","name":"Birch Bay State Park Campground","operator":"Washington State Parks","website":"https://parks.wa.gov/find-parks/state-parks/birch-bay-state-park","desc":"Year round campground with both tent and RV sites","drinking_water":"yes","toilets":"yes"}},{"type":"Feature","geometry":{"type":"Point","coordinates":[-122.762468,48.905604]},"properties":{"kind":"campsite","osm":"way/1409967711","name":"Birch Bay State Park North Campground","operator":"Washington State Parks","website":"https://parks.wa.gov/find-parks/state-parks/birch-bay-state-park","desc":"Year round campground with both tent and RV sites","drinking_water":"yes","toilets":"yes"}},{"type":"Feature","geometry":{"type":"Point","coordinates":[-120.668239,45.9446]},"properties":{"kind":"campsite","osm":"way/1409976421","name":"Brooks Memorial State Park Retreat Center","website":"https://parks.wa.gov/find-activities/retreat-centers/brooks-memorial-retreat-center"}},{"type":"Feature","geometry":{"type":"Point","coordinates":[-120.671176,45.944567]},"properties":{"kind":"campsite","osm":"way/1409976422","name":"Brooks Memorial State Park Group Camp","website":"https://parks.wa.gov/find-parks/state-parks/brooks-memorial-state-park"}},{"type":"Feature","geometry":{"type":"Point","coordinates":[-122.488017,48.123096]},"properties":{"kind":"campsite","osm":"way/1410102275","name":"Camano Island State Park Campground","fee":"yes","access":"yes","operator":"Washington State Parks and Recreation Commission","website":"https://parks.wa.gov/find-parks/state-parks/camano-island-state-park","drinking_water":"yes","toilets":"yes","backcountry":"no"}},{"type":"Feature","geometry":{"type":"Point","coordinates":[-122.761734,48.696252]},"properties":{"kind":"campsite","osm":"way/1410107929","name":"Clark Island Marine State Park Campground","fee":"yes","website":"https://parks.wa.gov/find-parks/state-parks/clark-island-marine-state-park","toilets":"yes","backcountry":"yes"}},{"type":"Feature","geometry":{"type":"Point","coordinates":[-119.746572,48.549971]},"properties":{"kind":"rv_park","osm":"way/1410109893"}},{"type":"Feature","geometry":{"type":"Point","coordinates":[-122.759649,48.216917]},"properties":{"kind":"campsite","osm":"way/1410393601","name":"Fort Ebey State Park Campground","fee":"yes","website":"https://parks.wa.gov/find-parks/state-parks/fort-ebey-state-park"}},{"type":"Feature","geometry":{"type":"Point","coordinates":[-124.177697,47.11198]},"properties":{"kind":"rv_park","osm":"way/1410401593","name":"Copalis Beach Resort","website":"https://www.sunriseresorts.com/resort-locations/copalis-beach-resort/"}},{"type":"Feature","geometry":{"type":"Point","coordinates":[-122.929541,47.184122]},"properties":{"kind":"campsite","osm":"way/1410401941","name":"Hope Island Campsite","drinking_water":"no","toilets":"yes","reservation":"no","backcountry":"yes"}},{"type":"Feature","geometry":{"type":"Point","coordinates":[-122.571828,48.400208]},"properties":{"kind":"campsite","osm":"way/1410402202","name":"Hope Island State Park","fee":"yes","operator":"Washington State Parks","website":"https://parks.wa.gov/find-parks/state-parks/hope-island-marine-state-park-skagit-county","desc":"No drinking water on the island.","drinking_water":"no"}},{"type":"Feature","geometry":{"type":"Point","coordinates":[-122.600866,47.596747]},"properties":{"kind":"campsite","osm":"way/1410407399","name":"Illahee State Park Campground","operator":"Washington State Parks and Recreation Commission","drinking_water":"yes","toilets":"yes"}},{"type":"Feature","geometry":{"type":"Point","coordinates":[-121.90473,47.319707]},"properties":{"kind":"campsite","osm":"way/1410410375","name":"Kanaskat-Palmer State Park Campground","operator":"Washington State Parks and Recreation Commission","website":"https://parks.state.wa.us/527/Kanaskat-Palmer","drinking_water":"yes","toilets":"yes","reservation":"recommended","backcountry":"no"}},{"type":"Feature","geometry":{"type":"Point","coordinates":[-120.723386,47.810983]},"properties":{"kind":"campsite","osm":"way/1410413286","name":"Lake Wenatchee State Park North Campground","fee":"yes","operator":"Washington State Parks and Recreation Commission","website":"https://parks.wa.gov/find-parks/state-parks/lake-wenatchee-state-park","toilets":"yes"}},{"type":"Feature","geometry":{"type":"Point","coordinates":[-120.727097,47.804347]},"properties":{"kind":"campsite","osm":"way/1410413287","name":"Lake Wenatchee State Park South Campground","fee":"yes","operator":"Washington State Parks and Recreation Commission","website":"https://parks.wa.gov/find-parks/state-parks/lake-wenatchee-state-park","toilets":"yes"}},{"type":"Feature","geometry":{"type":"Point","coordinates":[-122.816719,46.519722]},"properties":{"kind":"campsite","osm":"way/1410424582","name":"Lewis and Clark State Park Campground","fee":"yes","toilets":"yes"}},{"type":"Feature","geometry":{"type":"Point","coordinates":[-122.55275,47.575465]},"properties":{"kind":"campsite","osm":"way/1410436373","name":"Manchester State Park Campground","website":"https://parks.wa.gov/find-parks/state-parks/manchester-state-park","desc":"State Park, Picnic area with shelter and beach access, historical military site, campsites.","toilets":"yes"}},{"type":"Feature","geometry":{"type":"Point","coordinates":[-122.828446,48.602165]},"properties":{"kind":"campsite","osm":"way/1410438692","name":"Obstruction Pass State Park Campground","fee":"yes","access":"permit","operator":"Washington State Parks","website":"https://parks.wa.gov/find-parks/state-parks/obstruction-pass-state-park","drinking_water":"no","toilets":"yes","backcountry":"yes"}},{"type":"Feature","geometry":{"type":"Point","coordinates":[-122.703742,45.865354]},"properties":{"kind":"campsite","osm":"way/1410440679","name":"Paradise Point State Park Campground","website":"https://parks.wa.gov/find-parks/state-parks/paradise-point-state-park"}},{"type":"Feature","geometry":{"type":"Point","coordinates":[-120.520888,46.93423]},"properties":{"kind":"rv_park","osm":"way/1412104105","name":"Yakima River RV Park"}},{"type":"Feature","geometry":{"type":"Point","coordinates":[-123.161102,47.362768]},"properties":{"kind":"campsite","osm":"way/1412277438","name":"Potlach State Park Campground","operator":"Washington State Parks","drinking_water":"yes","toilets":"yes","reservation":"yes"}},{"type":"Feature","geometry":{"type":"Point","coordinates":[-123.234796,46.632832]},"properties":{"kind":"campsite","osm":"way/1412279182","name":"Rainbow Falls State Park Campground","website":"https://parks.wa.gov/find-parks/state-parks/rainbow-falls-state-park","toilets":"yes"}},{"type":"Feature","geometry":{"type":"Point","coordinates":[-122.845015,47.646059]},"properties":{"kind":"campsite","osm":"way/1412291842","name":"Scenic Beach State Park Campground","fee":"yes","operator":"Washington State Parks and Recreation Commission","website":"https://parks.wa.gov/find-parks/state-parks/scenic-beach-state-park","drinking_water":"yes","toilets":"yes","reservation":"recommended"}},{"type":"Feature","geometry":{"type":"Point","coordinates":[-122.821241,46.298109]},"properties":{"kind":"campsite","osm":"way/1412293519","name":"Seaquest State Park Campground","fee":"yes","website":"https://parks.wa.gov/find-parks/state-parks/seaquest-state-park"}},{"type":"Feature","geometry":{"type":"Point","coordinates":[-123.029258,48.04122]},"properties":{"kind":"campsite","osm":"way/1412296230","name":"Sequim Bay State Park Campground","fee":"yes","access":"yes","operator":"Washington State Parks and Recreation Commission","website":"https://parks.wa.gov/find-parks/state-parks/sequim-bay-state-park","drinking_water":"yes","toilets":"yes","reservation":"yes","backcountry":"no"}},{"type":"Feature","geometry":{"type":"Point","coordinates":[-122.857705,48.535221]},"properties":{"kind":"campsite","osm":"way/1412297452","name":"Cascadia Marine Trail Campsite - Spencer Spit State Park","fee":"yes","website":"https://www.wwta.org/sites/spencer-spit-sp/","desc":"3 CMT sites within larger park. Popular in summer. Lots of rabbits. Boats must be carried over driftwood.","drinking_water":"yes","toilets":"yes","reservation":"no"}},{"type":"Feature","geometry":{"type":"Point","coordinates":[-120.372276,47.305417]},"properties":{"kind":"campsite","osm":"way/1412300505","name":"Squilchuck State Park Campground","fee":"yes","operator":"Washington State Parks","website":"https://parks.wa.gov/find-parks/state-parks/squilchuck-state-park","desc":"The park has one group camp that accommodates up to 100 guests (minimum of 20 guests). To reserve the group camp or the lodge, please call Wenatchee Confluence State Park at (509) 664-6373."}},{"type":"Feature","geometry":{"type":"Point","coordinates":[-119.39539,47.593646]},"properties":{"kind":"campsite","osm":"way/1412316700","name":"Sun Lakes Park Resort Campground","access":"customers","toilets":"yes"}},{"type":"Feature","geometry":{"type":"Point","coordinates":[-121.012886,46.520016]},"properties":{"kind":"campsite","osm":"way/1413620779","name":"Ahtanum Meadows Campground","website":"https://dnr.wa.gov/forest-and-trust-lands/ahtanum-state-forest","toilets":"yes"}},{"type":"Feature","geometry":{"type":"Point","coordinates":[-121.017899,46.514416]},"properties":{"kind":"campsite","osm":"way/1413620784","name":"Ahtanum Campground","website":"https://dnr.wa.gov/forest-and-trust-lands/ahtanum-state-forest","drinking_water":"no","toilets":"yes"}},{"type":"Feature","geometry":{"type":"Point","coordinates":[-121.176399,46.506935]},"properties":{"kind":"campsite","osm":"way/1413620786","name":"Clover Flats Campground","toilets":"yes"}},{"type":"Feature","geometry":{"type":"Point","coordinates":[-121.120124,46.497765]},"properties":{"kind":"campsite","osm":"way/1413620787","name":"Tree Phones Campground","drinking_water":"yes","toilets":"yes"}},{"type":"Feature","geometry":{"type":"Point","coordinates":[-121.152706,46.529436]},"properties":{"kind":"campsite","osm":"way/1414003723","name":"Snow Cabin Campground","toilets":"yes"}},{"type":"Feature","geometry":{"type":"Point","coordinates":[-121.044642,48.485116]},"properties":{"kind":"campsite","osm":"way/1416166813","name":"Sahale Glacier Camp","fee":"yes","access":"permit","operator":"North Cascades Natinoal Park","toilets":"yes","backcountry":"yes"}},{"type":"Feature","geometry":{"type":"Point","coordinates":[-117.999201,48.831824]},"properties":{"kind":"campsite","osm":"way/1419179217","name":"Three Pines Youth Camp","access":"private"}},{"type":"Feature","geometry":{"type":"Point","coordinates":[-122.937354,48.564411]},"properties":{"kind":"campsite","osm":"way/1420009622","name":"Shaw County Park Campground","fee":"yes","website":"https://www.sanjuancountywa.gov/2190/Shaw-County-Park-Campground","drinking_water":"yes","toilets":"yes"}},{"type":"Feature","geometry":{"type":"Point","coordinates":[-122.591216,47.707202]},"properties":{"kind":"rv_park","osm":"way/1421200706","name":"Eagle Tree RV Park","website":"http://eagletreerv.com/"}},{"type":"Feature","geometry":{"type":"Point","coordinates":[-122.597058,47.705333]},"properties":{"kind":"rv_park","osm":"way/1421200770","name":"Cedar Glen RV Park","website":"http://www.cedarglenmhp.com/rv-park-1.html"}},{"type":"Feature","geometry":{"type":"Point","coordinates":[-122.569015,47.712772]},"properties":{"kind":"rv_park","osm":"way/1421295873","name":"Clearwater Casino RV Park","operator":"Clearwater Casino"}},{"type":"Feature","geometry":{"type":"Point","coordinates":[-124.176072,47.102423]},"properties":{"kind":"campsite","osm":"way/1422557485","name":"Tidelands Resort","fee":"yes","website":"http://www.tidelandscampgrounds.com/","toilets":"yes"}},{"type":"Feature","geometry":{"type":"Point","coordinates":[-124.191624,47.171051]},"properties":{"kind":"campsite","osm":"way/1422559614","name":"Park 400","website":"https://www.park400.org/"}},{"type":"Feature","geometry":{"type":"Point","coordinates":[-121.641636,47.849679]},"properties":{"kind":"campsite","osm":"way/1423421740"}},{"type":"Feature","geometry":{"type":"Point","coordinates":[-124.605463,48.366076]},"properties":{"kind":"campsite","osm":"way/1424403472","name":"Cape Resort"}},{"type":"Feature","geometry":{"type":"Point","coordinates":[-121.15637,48.052438]},"properties":{"kind":"campsite","osm":"way/1426745352","name":"Glacier Peak Meadows Camp","backcountry":"yes"}},{"type":"Feature","geometry":{"type":"Point","coordinates":[-121.812847,47.555615]},"properties":{"kind":"campsite","osm":"way/1427164889","name":"Camp Keller","operator":"YMCA"}},{"type":"Feature","geometry":{"type":"Point","coordinates":[-121.007637,47.157923]},"properties":{"kind":"rv_park","osm":"way/1427343019"}},{"type":"Feature","geometry":{"type":"Point","coordinates":[-118.324868,47.815201]},"properties":{"kind":"campsite","osm":"way/1427358381","name":"Hawk Creek Campground","access":"yes","operator":"National Park Service"}},{"type":"Feature","geometry":{"type":"Point","coordinates":[-118.345801,47.936173]},"properties":{"kind":"campsite","osm":"way/1427358565","name":"Columbia Campground","access":"yes","operator":"National Park Service"}},{"type":"Feature","geometry":{"type":"Point","coordinates":[-120.881278,47.166613]},"properties":{"kind":"campsite","osm":"way/1427374060","name":"Eagle Valley Campground","website":"https://www.eaglevalleycamp.com/"}},{"type":"Feature","geometry":{"type":"Point","coordinates":[-124.354983,48.05539]},"properties":{"kind":"rv_park","osm":"way/1428002513","name":"Lake Pleasant RV Park"}},{"type":"Feature","geometry":{"type":"Point","coordinates":[-123.914756,48.07011]},"properties":{"kind":"campsite","osm":"way/1428013020","name":"Fairholme Campground","fee":"yes","access":"yes","operator":"National Park Service","website":"https://www.recreation.gov/camping/campgrounds/259084"}},{"type":"Feature","geometry":{"type":"Point","coordinates":[-124.114094,48.066071]},"properties":{"kind":"campsite","osm":"way/1428130365","name":"Klahowya Campground","fee":"yes","operator":"National Park Service","website":"https://www.recreation.gov/camping/poi/238879","drinking_water":"yes","toilets":"yes","reservation":"no"}},{"type":"Feature","geometry":{"type":"Point","coordinates":[-121.445642,47.464754]},"properties":{"kind":"campsite","osm":"way/1429115214","name":"Snow Lake Backcountry Camping","fee":"no","toilets":"yes","backcountry":"yes"}},{"type":"Feature","geometry":{"type":"Point","coordinates":[-121.026534,46.90673]},"properties":{"kind":"campsite","osm":"way/1429832904","name":"Cottonwood Campground","operator":"USFS","website":"https://www.fs.usda.gov/r06/okanogan-wenatchee/recreation/cottonwood-campground-naches-rd","capacity":"16","drinking_water":"yes","toilets":"yes"}},{"type":"Feature","geometry":{"type":"Point","coordinates":[-124.063086,48.185482]},"properties":{"kind":"rv_park","osm":"way/1430154257","name":"Silver King Resort","access":"private"}},{"type":"Feature","geometry":{"type":"Point","coordinates":[-119.327012,47.102235]},"properties":{"kind":"rv_park","osm":"way/1431750317","name":"Pier 4 Resort","website":"https://www.sunriseresorts.com/resort-locations/pier-4-resort/"}},{"type":"Feature","geometry":{"type":"Point","coordinates":[-124.055909,46.390225]},"properties":{"kind":"campsite","osm":"way/1432384474","name":"Pacific Holiday RV Resort","website":"https://www.sunriseresorts.com/resort-locations/pacific-holiday-resort/"}},{"type":"Feature","geometry":{"type":"Point","coordinates":[-124.055757,46.412953]},"properties":{"kind":"campsite","osm":"way/1432384478","name":"The Lamp Camp","website":"https://thelampcamp.com/","toilets":"customers"}},{"type":"Feature","geometry":{"type":"Point","coordinates":[-123.949155,48.164837]},"properties":{"kind":"campsite","osm":"way/1434285408","name":"Twin Rivers Campground"}},{"type":"Feature","geometry":{"type":"Point","coordinates":[-117.267093,48.593475]},"properties":{"kind":"campsite","osm":"way/1434298439","fee":"no","operator":"Colville Nataional Forest"}},{"type":"Feature","geometry":{"type":"Point","coordinates":[-122.220454,46.729147]},"properties":{"kind":"campsite","osm":"way/1436241357","name":"ELKAMP","fee":"yes","website":"https://www.elkamp.com/","drinking_water":"yes","backcountry":"no"}},{"type":"Feature","geometry":{"type":"Point","coordinates":[-119.383386,46.299523]},"properties":{"kind":"rv_park","osm":"way/1436302915","name":"Red Mountain RV Park"}},{"type":"Feature","geometry":{"type":"Point","coordinates":[-119.783005,46.219017]},"properties":{"kind":"rv_park","osm":"way/1443115762","name":"Wine Country RV Park","website":"https://winecountryrvpark.com/","capacity":"133"}},{"type":"Feature","geometry":{"type":"Point","coordinates":[-119.341067,45.919393]},"properties":{"kind":"rv_park","osm":"way/1444082678","name":"Noble RV Park"}},{"type":"Feature","geometry":{"type":"Point","coordinates":[-119.331465,45.918925]},"properties":{"kind":"rv_park","osm":"way/1444263856","name":"Umatilla RV Park"}},{"type":"Feature","geometry":{"type":"Point","coordinates":[-120.64936,45.726167]},"properties":{"kind":"campsite","osm":"way/1445885009"}},{"type":"Feature","geometry":{"type":"Point","coordinates":[-119.15763,46.983401]},"properties":{"kind":"rv_park","osm":"way/1446317345","name":"Lake Warden RV Resort"}},{"type":"Feature","geometry":{"type":"Point","coordinates":[-119.302625,45.91711]},"properties":{"kind":"rv_park","osm":"way/1446405860","name":"Wildwood RV Park"}},{"type":"Feature","geometry":{"type":"Point","coordinates":[-124.697442,48.11927]},"properties":{"kind":"campsite","osm":"way/1446567054","name":"Dispersed Camping","fee":"yes","drinking_water":"no","reservation":"no","backcountry":"yes"}},{"type":"Feature","geometry":{"type":"Point","coordinates":[-124.691753,48.110809]},"properties":{"kind":"campsite","osm":"way/1446567055","name":"Dispersed Camping","fee":"yes","drinking_water":"no","reservation":"no","backcountry":"yes"}},{"type":"Feature","geometry":{"type":"Point","coordinates":[-124.168491,47.05859]},"properties":{"kind":"rv_park","osm":"way/1447187052","name":"Ocean Shores Outdoor Recreation Club","website":"https://osorc.org/"}},{"type":"Feature","geometry":{"type":"Point","coordinates":[-124.053844,46.404507]},"properties":{"kind":"rv_park","osm":"way/1447544007","name":"Andersens Oceanside RV Park & Cottages"}},{"type":"Feature","geometry":{"type":"Point","coordinates":[-119.719398,45.821606]},"properties":{"kind":"rv_park","osm":"way/1447866593"}},{"type":"Feature","geometry":{"type":"Point","coordinates":[-119.324022,45.791282]},"properties":{"kind":"rv_park","osm":"way/1452111806","name":"Panelview RV Park"}},{"type":"Feature","geometry":{"type":"Point","coordinates":[-119.218031,45.778435]},"properties":{"kind":"rv_park","osm":"way/1452484745","name":"Stanfield RV"}},{"type":"Feature","geometry":{"type":"Point","coordinates":[-119.217021,45.785135]},"properties":{"kind":"rv_park","osm":"way/1452653757","name":"Redtail RV Park"}},{"type":"Feature","geometry":{"type":"Point","coordinates":[-119.213089,45.785852]},"properties":{"kind":"rv_park","osm":"way/1452653759"}},{"type":"Feature","geometry":{"type":"Point","coordinates":[-119.268377,45.822969]},"properties":{"kind":"rv_park","osm":"way/1453395654","name":"Tom Able Farms RV Park"}},{"type":"Feature","geometry":{"type":"Point","coordinates":[-122.607239,48.516979]},"properties":{"kind":"rv_park","osm":"way/1453398921","name":"Cap Sante Marina RV Park","website":"https://www.portofanacortes.com/rv-park","toilets":"yes"}},{"type":"Feature","geometry":{"type":"Point","coordinates":[-121.531872,45.996038]},"properties":{"kind":"campsite","osm":"way/1453412632","name":"Guler Mount Adams County Park Campground","fee":"yes","website":"https://www.klickitatcounty.gov/Facilities/Facility/Details/Guler-Mt-Adams-County-Park-3"}},{"type":"Feature","geometry":{"type":"Point","coordinates":[-124.088583,46.767266]},"properties":{"kind":"rv_park","osm":"way/1453479904","name":"Kenanna RV Park","website":"https://www.kenannarv.com/","desc":"RV Park 100 Spaces"}},{"type":"Feature","geometry":{"type":"Point","coordinates":[-121.590165,48.073868]},"properties":{"kind":"campsite","osm":"way/1455394084","name":"Triangle Recreation Camp","fee":"yes","access":"customers","website":"https://camptrc.org"}},{"type":"Feature","geometry":{"type":"Point","coordinates":[-119.485352,45.898453]},"properties":{"kind":"rv_park","osm":"way/1456167815","name":"Oregon Trail RV Park"}},{"type":"Feature","geometry":{"type":"Point","coordinates":[-119.501768,45.892869]},"properties":{"kind":"rv_park","osm":"way/1456941113","name":"Oasis RV Park"}},{"type":"Feature","geometry":{"type":"Point","coordinates":[-123.551962,48.098163]},"properties":{"kind":"campsite","osm":"way/1458320070","name":"Elwha Dam RV Park","website":"https://elwhadamrvpark.com/","desc":"Also has a laundry","capacity":"75"}},{"type":"Feature","geometry":{"type":"Point","coordinates":[-123.970238,46.706585]},"properties":{"kind":"rv_park","osm":"way/1458342843","name":"Tokeland RV Park"}},{"type":"Feature","geometry":{"type":"Point","coordinates":[-119.874365,47.971784]},"properties":{"kind":"campsite","osm":"way/1458523435","name":"Water Trails Campsite","capacity":"2"}},{"type":"Feature","geometry":{"type":"Point","coordinates":[-119.67779,48.014051]},"properties":{"kind":"rv_park","osm":"way/1458523441","name":"Bridgeport Marina RV Park","website":"https://bridgeportwashington.net/rv-parks/","toilets":"yes"}},{"type":"Feature","geometry":{"type":"Point","coordinates":[-119.712702,48.101663]},"properties":{"kind":"campsite","osm":"way/1458523461","name":"Okanogan River Paddlers Campground","fee":"no","access":"yes","operator":"Douglas County PUD"}},{"type":"Feature","geometry":{"type":"Point","coordinates":[-119.514681,48.509629]},"properties":{"kind":"rv_park","osm":"way/1458533477","name":"Glenwood RV Park","toilets":"yes"}},{"type":"Feature","geometry":{"type":"Point","coordinates":[-119.504015,48.500632]},"properties":{"kind":"rv_park","osm":"way/1458533490","name":"Margies RV Park"}},{"type":"Feature","geometry":{"type":"Point","coordinates":[-124.039555,46.492469]},"properties":{"kind":"rv_park","osm":"way/1461456274","name":"Ocean Bay Mobile & RV Park"}},{"type":"Feature","geometry":{"type":"Point","coordinates":[-124.044638,46.490225]},"properties":{"kind":"rv_park","osm":"way/1461467321","name":"Peninsula Moose Lodge RV Park","access":"private"}},{"type":"Feature","geometry":{"type":"Point","coordinates":[-118.365433,48.289105]},"properties":{"kind":"campsite","osm":"way/1462127889","name":"Rainbow Beach Resort","website":"https://www.colvillefuels.com/rainbowbeach"}},{"type":"Feature","geometry":{"type":"Point","coordinates":[-119.101955,48.140973]},"properties":{"kind":"campsite","osm":"way/1462138892","name":"Net Pens Campground & RV Park"}},{"type":"Feature","geometry":{"type":"Point","coordinates":[-118.909606,48.071531]},"properties":{"kind":"campsite","osm":"way/1462139991","name":"Reynold's Resort"}},{"type":"Feature","geometry":{"type":"Point","coordinates":[-118.118117,48.591736]},"properties":{"kind":"campsite","osm":"way/1462635486","name":"Locust Grove Group Camping","website":"https://www.nps.gov/laro/planyourvisit/cg-group-locustgrove.htm"}},{"type":"Feature","geometry":{"type":"Point","coordinates":[-118.122999,48.601884]},"properties":{"kind":"campsite","osm":"way/1462635497","name":"Kettle Falls Campgrounds"}},{"type":"Feature","geometry":{"type":"Point","coordinates":[-118.057914,48.6689]},"properties":{"kind":"campsite","osm":"way/1462639915","name":"Marcus Island Campground","website":"https://www.nps.gov/laro/planyourvisit/cg-marcusisland.htm","toilets":"yes"}},{"type":"Feature","geometry":{"type":"Point","coordinates":[-118.017688,48.698299]},"properties":{"kind":"campsite","osm":"way/1462643076","name":"Evans Campground","website":"https://www.nps.gov/laro/planyourvisit/cg-evans.htm","toilets":"yes"}},{"type":"Feature","geometry":{"type":"Point","coordinates":[-118.018517,48.700549]},"properties":{"kind":"campsite","osm":"way/1462643079","name":"Evans Group Camping Site","website":"https://www.nps.gov/laro/planyourvisit/cg-group-evans.htm"}},{"type":"Feature","geometry":{"type":"Point","coordinates":[-118.060243,48.733785]},"properties":{"kind":"campsite","osm":"way/1462644592","name":"Snag Cove Campground","access":"yes","operator":"National Park Service","website":"https://www.nps.gov/laro/planyourvisit/cg-snagcove.htm"}},{"type":"Feature","geometry":{"type":"Point","coordinates":[-118.152101,48.559994]},"properties":{"kind":"campsite","osm":"way/1462694402","name":"Haag Cove Campground","website":"https://www.nps.gov/laro/planyourvisit/cg-haagcove.htm","toilets":"yes"}},{"type":"Feature","geometry":{"type":"Point","coordinates":[-118.141953,48.285949]},"properties":{"kind":"campsite","osm":"way/1462697075","name":"Gifford Campground","website":"https://www.nps.gov/laro/planyourvisit/cg-gifford.htm","toilets":"yes"}},{"type":"Feature","geometry":{"type":"Point","coordinates":[-118.139882,48.283994]},"properties":{"kind":"campsite","osm":"way/1462697076","name":"Gifford Group Camping Site","website":"https://www.nps.gov/laro/planyourvisit/cg-group-gifford.htm","toilets":"yes"}},{"type":"Feature","geometry":{"type":"Point","coordinates":[-118.233246,48.124578]},"properties":{"kind":"campsite","osm":"way/1462699898","name":"Hunters Group Sites","access":"customers","operator":"National Parks Service","website":"https://www.nps.gov/laro/planyourvisit/cg-group-hunters.htm"}},{"type":"Feature","geometry":{"type":"Point","coordinates":[-118.229896,48.125872]},"properties":{"kind":"campsite","osm":"way/1462699901","name":"Hunters Campground","access":"customers","operator":"National Parks Service"}},{"type":"Feature","geometry":{"type":"Point","coordinates":[-118.66907,48.749485]},"properties":{"kind":"rv_park","osm":"way/1462743173","name":"Tiffany's Resort","website":"https://www.tiffanysresort.com/"}},{"type":"Feature","geometry":{"type":"Point","coordinates":[-118.660213,48.748105]},"properties":{"kind":"campsite","osm":"way/1462743476","name":"Fisherman's Cove Resort","website":"https://www.fishermanscove.us/"}},{"type":"Feature","geometry":{"type":"Point","coordinates":[-118.665938,48.729671]},"properties":{"kind":"campsite","osm":"way/1462743489","name":"Black Beach Resort","website":"https://www.blackbeachresort.com/"}},{"type":"Feature","geometry":{"type":"Point","coordinates":[-119.749547,48.558928]},"properties":{"kind":"rv_park","osm":"way/1462911320"}},{"type":"Feature","geometry":{"type":"Point","coordinates":[-118.601092,48.888553]},"properties":{"kind":"rv_park","osm":"way/1463182273","name":"Curlew RV Park","website":"https://www.curlewrvpark.com/"}},{"type":"Feature","geometry":{"type":"Point","coordinates":[-121.096201,46.975487]},"properties":{"kind":"campsite","osm":"way/1463212815","name":"Sawmill Flat Campground","fee":"yes","operator":"US Forest Service","website":"https://www.fs.usda.gov/r06/okanogan-wenatchee/recreation/sawmill-flat-campground","toilets":"yes"}},{"type":"Feature","geometry":{"type":"Point","coordinates":[-121.227614,45.628394]},"properties":{"kind":"rv_park","osm":"way/1465221186","name":"Harvest RV Park"}},{"type":"Feature","geometry":{"type":"Point","coordinates":[-120.623696,46.649225]},"properties":{"kind":"rv_park","osm":"way/1465657234","name":"Trout Meadows RV Park"}},{"type":"Feature","geometry":{"type":"Point","coordinates":[-119.437983,48.949742]},"properties":{"kind":"rv_park","osm":"way/1472051618","name":"Stateside 97 RV Park","website":"https://www.stateside97rvpark.com/"}},{"type":"Feature","geometry":{"type":"Point","coordinates":[-119.543908,48.810511]},"properties":{"kind":"campsite","osm":"way/1472144395","name":"Spectacle Lake Campground"}},{"type":"Feature","geometry":{"type":"Point","coordinates":[-119.532315,48.809655]},"properties":{"kind":"rv_park","osm":"way/1472144412","name":"Spectacle Lake Resort"}},{"type":"Feature","geometry":{"type":"Point","coordinates":[-119.633994,48.915357]},"properties":{"kind":"campsite","osm":"way/1472154900","name":"Palmer Lake Campground (DNR)"}},{"type":"Feature","geometry":{"type":"Point","coordinates":[-119.426756,48.971145]},"properties":{"kind":"rv_park","osm":"way/1472156822","name":"Oro Beach RV Resort"}},{"type":"Feature","geometry":{"type":"Point","coordinates":[-122.875299,47.897714]},"properties":{"kind":"campsite","osm":"way/1472836090","name":"Lake Leland Park Campground"}},{"type":"Feature","geometry":{"type":"Point","coordinates":[-122.733322,48.024065]},"properties":{"kind":"campsite","osm":"way/1472846312","name":"Upper Oak Bay Campground"}},{"type":"Feature","geometry":{"type":"Point","coordinates":[-122.880114,47.822053]},"properties":{"kind":"campsite","osm":"way/1472848136","name":"Quilcene Community Park Campground","capacity":"12"}},{"type":"Feature","geometry":{"type":"Point","coordinates":[-122.185895,47.083299]},"properties":{"kind":"campsite","osm":"way/1476232146","name":"Elysian Retreat"}},{"type":"Feature","geometry":{"type":"Point","coordinates":[-122.174235,47.086446]},"properties":{"kind":"rv_park","osm":"way/1476232149"}},{"type":"Feature","geometry":{"type":"Point","coordinates":[-120.737208,45.692364]},"properties":{"kind":"rv_park","osm":"way/1476981925","name":"Rufus RV Park"}},{"type":"Feature","geometry":{"type":"Point","coordinates":[-122.569875,48.846377]},"properties":{"kind":"rv_park","osm":"way/1482113990","name":"Norwest RV Park"}},{"type":"Feature","geometry":{"type":"Point","coordinates":[-122.889199,47.710471]},"properties":{"kind":"campsite","osm":"way/1482304069","name":"Seal Rock Campground","toilets":"yes"}},{"type":"Feature","geometry":{"type":"Point","coordinates":[-123.090667,48.077281]},"properties":{"kind":"rv_park","osm":"way/1482304587","name":"Gilgal Oasis RV Park","website":"https://www.gilgaloasisrvpark.com/"}},{"type":"Feature","geometry":{"type":"Point","coordinates":[-122.324258,47.206528]},"properties":{"kind":"rv_park","osm":"way/1482305342","name":"South Sound RV Park"}},{"type":"Feature","geometry":{"type":"Point","coordinates":[-120.456882,46.764791]},"properties":{"kind":"campsite","osm":"way/1482306012","name":"Roza Recreation Site Campground","toilets":"yes","backcountry":"no"}},{"type":"Feature","geometry":{"type":"Point","coordinates":[-121.234853,47.477512]},"properties":{"kind":"campsite","osm":"way/1482308987","name":"Pete Lake Backpacking Site","toilets":"yes","backcountry":"yes"}},{"type":"Feature","geometry":{"type":"Point","coordinates":[-121.346116,48.431315]},"properties":{"kind":"campsite","osm":"way/1482309414","name":"Slide Lake Camping Area","backcountry":"yes"}},{"type":"Feature","geometry":{"type":"Point","coordinates":[-119.308468,47.103013]},"properties":{"kind":"rv_park","osm":"way/1482311453","name":"Desert Oasis RV"}},{"type":"Feature","geometry":{"type":"Point","coordinates":[-120.683523,46.82496]},"properties":{"kind":"rv_park","osm":"way/1482316311","name":"Stagecoach RV Park"}},{"type":"Feature","geometry":{"type":"Point","coordinates":[-122.571663,46.502662]},"properties":{"kind":"campsite","osm":"way/1482321692","name":"Lake Mayfield Resort","fee":"yes","website":"https://www.rvinnstyleresorts.com/properties/lake-mayfield/","toilets":"yes"}},{"type":"Feature","geometry":{"type":"Point","coordinates":[-122.556113,46.535157]},"properties":{"kind":"campsite","osm":"way/1482321693","name":"Mayfield Lake Park Campground","fee":"yes","access":"yes","drinking_water":"yes"}},{"type":"Feature","geometry":{"type":"Point","coordinates":[-123.159183,46.825975]},"properties":{"kind":"rv_park","osm":"way/1482619919","name":"Chehalis Tribal Eagle RV Park","website":"https://www.luckyeagle.com/stay/rv-parking/"}},{"type":"Feature","geometry":{"type":"Point","coordinates":[-123.643485,46.946969]},"properties":{"kind":"rv_park","osm":"way/1482622139","name":"Friends Landing Campground","website":"https://www.friendslanding.org/","toilets":"yes"}},{"type":"Feature","geometry":{"type":"Point","coordinates":[-123.761818,46.678943]},"properties":{"kind":"rv_park","osm":"way/1482641792","name":"Raymond RV Park","website":"https://www.portofwillapaharbor.com/index.php/individual-facilities/tokeland-marina-and-rv-park-2"}},{"type":"Feature","geometry":{"type":"Point","coordinates":[-122.995418,46.734695]},"properties":{"kind":"rv_park","osm":"way/1482662988","name":"Midway RV Park","website":"https://www.midwayrvparkwa.com/"}},{"type":"Feature","geometry":{"type":"Point","coordinates":[-123.000442,46.754648]},"properties":{"kind":"rv_park","osm":"way/1482664396","name":"Harrison RV Park","website":"https://sites.google.com/view/harrisonrvpark-centraliawa/home"}},{"type":"Feature","geometry":{"type":"Point","coordinates":[-122.686117,48.494982]},"properties":{"kind":"rv_park","osm":"way/1482670563","name":"Lighthouse Park R.V. Park"}},{"type":"Feature","geometry":{"type":"Point","coordinates":[-121.930465,47.736838]},"properties":{"kind":"campsite","osm":"way/1482670567","name":"Mountain Meadows","access":"private"}},{"type":"Feature","geometry":{"type":"Point","coordinates":[-121.277308,47.460932]},"properties":{"kind":"campsite","osm":"way/1482671203","name":"Spectacle Lake Camping Area","backcountry":"yes"}},{"type":"Feature","geometry":{"type":"Point","coordinates":[-120.857192,47.108284]},"properties":{"kind":"campsite","osm":"way/1482673600","name":"Taneum Campground","fee":"yes","operator":"USFS","website":"https://www.fs.usda.gov/r06/okanogan-wenatchee/recreation/taneum-campground","drinking_water":"yes","toilets":"yes"}},{"type":"Feature","geometry":{"type":"Point","coordinates":[-120.936425,47.109865]},"properties":{"kind":"campsite","osm":"way/1482673850","name":"Taneum Junction Campground","operator":"USFS","website":"https://www.fs.usda.gov/r06/okanogan-wenatchee/recreation/taneum-junction-campground","toilets":"yes"}},{"type":"Feature","geometry":{"type":"Point","coordinates":[-120.535053,46.971288]},"properties":{"kind":"rv_park","osm":"way/1482676147","name":"Ellensburg RV Park","website":"https://ellensburgrvpark.com/"}},{"type":"Feature","geometry":{"type":"Point","coordinates":[-121.13695,47.015675]},"properties":{"kind":"campsite","osm":"way/1482676432","name":"Crow Creek Campground","operator":"USFS","website":"https://www.fs.usda.gov/r06/okanogan-wenatchee/recreation/crow-creek-campground","drinking_water":"no","toilets":"yes"}},{"type":"Feature","geometry":{"type":"Point","coordinates":[-121.128658,47.010423]},"properties":{"kind":"campsite","osm":"way/1482676836","name":"Kaner Flat Campground","fee":"yes","operator":"USFS","website":"https://www.fs.usda.gov/r06/okanogan-wenatchee/recreation/kaner-flat-campground","capacity":"49","drinking_water":"yes","toilets":"yes"}},{"type":"Feature","geometry":{"type":"Point","coordinates":[-121.26408,46.965346]},"properties":{"kind":"campsite","osm":"way/1482678111","name":"Hell's Crossing Campground","fee":"yes","operator":"United States Forest Service","website":"https://www.fs.usda.gov/r06/okanogan-wenatchee/recreation/hells-crossing-campground","drinking_water":"yes","toilets":"yes"}},{"type":"Feature","geometry":{"type":"Point","coordinates":[-121.371927,46.99989]},"properties":{"kind":"campsite","osm":"way/1482678356","name":"Crow Creek Lake Camping Area","backcountry":"yes"}},{"type":"Feature","geometry":{"type":"Point","coordinates":[-121.159198,46.976118]},"properties":{"kind":"campsite","osm":"way/1482678758","name":"American Forks Campground","fee":"yes","operator":"USFS","website":"https://www.fs.usda.gov/r06/okanogan-wenatchee/recreation/american-forks-campground","capacity":"12","drinking_water":"no","toilets":"yes"}},{"type":"Feature","geometry":{"type":"Point","coordinates":[-121.164258,46.971232]},"properties":{"kind":"campsite","osm":"way/1482678759","name":"Cedar Springs Campground","fee":"yes","operator":"USFS","website":"https://www.fs.usda.gov/r06/okanogan-wenatchee/recreation/cedar-springs-campground","drinking_water":"yes","toilets":"yes"}},{"type":"Feature","geometry":{"type":"Point","coordinates":[-121.095864,46.979334]},"properties":{"kind":"campsite","osm":"way/1482679230","name":"Halfway Flat Campground","fee":"yes","operator":"USFS","website":"https://www.fs.usda.gov/r06/okanogan-wenatchee/recreation/halfway-flat-campground","drinking_water":"yes","toilets":"yes"}},{"type":"Feature","geometry":{"type":"Point","coordinates":[-121.093369,47.399858]},"properties":{"kind":"campsite","osm":"way/1482682093","name":"Cayuse Horse Camp","operator":"USFS","website":"https://www.fs.usda.gov/r06/okanogan-wenatchee/recreation/cayuse-horse-camp","capacity":"14","toilets":"yes"}},{"type":"Feature","geometry":{"type":"Point","coordinates":[-121.077704,47.469318]},"properties":{"kind":"campsite","osm":"way/1482682664","name":"Lake Michael Camping Area","backcountry":"yes"}},{"type":"Feature","geometry":{"type":"Point","coordinates":[-121.140504,47.542567]},"properties":{"kind":"campsite","osm":"way/1482682804","name":"Deep Lake Camping Area","toilets":"yes","backcountry":"yes"}},{"type":"Feature","geometry":{"type":"Point","coordinates":[-121.264555,47.561981]},"properties":{"kind":"campsite","osm":"way/1482683762","name":"Tank Lakes Camping Area","drinking_water":"no","backcountry":"yes"}},{"type":"Feature","geometry":{"type":"Point","coordinates":[-121.30791,47.558696]},"properties":{"kind":"campsite","osm":"way/1482684330","name":"Chetwoot Lake Camping Area","backcountry":"yes"}},{"type":"Feature","geometry":{"type":"Point","coordinates":[-121.314964,47.618637]},"properties":{"kind":"campsite","osm":"way/1482686191","name":"Trout Lake Camping Area","toilets":"yes","backcountry":"yes"}},{"type":"Feature","geometry":{"type":"Point","coordinates":[-122.490488,47.453292]},"properties":{"kind":"campsite","osm":"way/1482687696","name":"AYH Ranch Campground","fee":"yes","website":"https://www.ayhranch.com/"}},{"type":"Feature","geometry":{"type":"Point","coordinates":[-123.160674,48.078221]},"properties":{"kind":"rv_park","osm":"way/1482691203","name":"Rainbow's End RV Park","website":"https://rainbowsendrvpark.com/"}},{"type":"Feature","geometry":{"type":"Point","coordinates":[-122.950301,47.271787]},"properties":{"kind":"rv_park","osm":"way/1482691924","name":"Spencer Lake RV Park","website":"https://www.spencerlakerv.com/"}},{"type":"Feature","geometry":{"type":"Point","coordinates":[-123.323761,47.425125]},"properties":{"kind":"campsite","osm":"way/1482692441","name":"LeBar Horse Camp","fee":"yes","operator":"USFS","website":"https://www.fs.usda.gov/r06/olympic/recreation/lebar-horse-camp","capacity":"13","drinking_water":"no","toilets":"yes"}},{"type":"Feature","geometry":{"type":"Point","coordinates":[-123.25602,46.977859]},"properties":{"kind":"campsite","osm":"way/1482692809","name":"Porter Falls Campground","website":"https://dnr.wa.gov/forest-and-trust-lands/capitol-state-forest"}},{"type":"Feature","geometry":{"type":"Point","coordinates":[-122.246442,46.783218]},"properties":{"kind":"rv_park","osm":"way/1482693696","name":"Eagle's Nest RV Park"}},{"type":"Feature","geometry":{"type":"Point","coordinates":[-120.264188,48.696183]},"properties":{"kind":"campsite","osm":"way/1483006020","name":"Honeymoon Campground","operator":"US Forest Service","website":"https://www.fs.usda.gov/r06/okanogan-wenatchee/recreation/honeymoon-campground","drinking_water":"no","toilets":"yes"}},{"type":"Feature","geometry":{"type":"Point","coordinates":[-120.833656,48.046601]},"properties":{"kind":"campsite","osm":"way/1483010152","name":"Alpine Meadows Campground","fee":"yes","operator":"USFS","website":"https://www.fs.usda.gov/r06/okanogan-wenatchee/recreation/alpine-meadows-campground","capacity":"8","drinking_water":"no","toilets":"yes","reservation":"no"}},{"type":"Feature","geometry":{"type":"Point","coordinates":[-120.163351,47.977588]},"properties":{"kind":"campsite","osm":"way/1483011722","name":"Antilon Lake Campground","fee":"yes","operator":"USFS","website":"https://www.fs.usda.gov/r06/okanogan-wenatchee/recreation/antilon-lake-campground","drinking_water":"no","toilets":"yes","reservation":"no"}},{"type":"Feature","geometry":{"type":"Point","coordinates":[-120.816818,47.999839]},"properties":{"kind":"campsite","osm":"way/1483012104","name":"Atkinson Flat Campground","fee":"yes","operator":"USFS","website":"https://www.fs.usda.gov/r06/okanogan-wenatchee/recreation/atkinson-flat-campground","capacity":"11","drinking_water":"no","toilets":"yes"}},{"type":"Feature","geometry":{"type":"Point","coordinates":[-120.274804,48.313464]},"properties":{"kind":"campsite","osm":"way/1483017713","name":"Black Pine Lake Campground","fee":"yes","operator":"Okanogan-Wenatchee National Forest","website":"https://www.fs.usda.gov/r06/okanogan-wenatchee/recreation/blackpine-lake-campground","drinking_water":"yes","toilets":"yes"}},{"type":"Feature","geometry":{"type":"Point","coordinates":[-120.78195,47.562845]},"properties":{"kind":"campsite","osm":"way/1483026546","name":"Bridge Creek Campground","fee":"yes","operator":"US Forest Service","website":"https://www.fs.usda.gov/r06/okanogan-wenatchee/recreation/bridge-creek-campground","drinking_water":"no","toilets":"yes"}},{"type":"Feature","geometry":{"type":"Point","coordinates":[-120.202578,48.606244]},"properties":{"kind":"campsite","osm":"way/1483026912","name":"Buck Lake Campground","fee":"yes","access":"no","operator":"US Forest Service","website":"https://www.fs.usda.gov/r06/okanogan-wenatchee/recreation/buck-lake-campground","drinking_water":"no","toilets":"yes"}},{"type":"Feature","geometry":{"type":"Point","coordinates":[-120.125503,48.714817]},"properties":{"kind":"campsite","osm":"way/1483052631","name":"Camp Four Campground","fee":"yes","operator":"USFS","website":"https://www.fs.usda.gov/r06/okanogan-wenatchee/recreation/camp-four-campground","drinking_water":"no","toilets":"yes"}},{"type":"Feature","geometry":{"type":"Point","coordinates":[-120.132215,48.678329]},"properties":{"kind":"campsite","osm":"way/1483057732","name":"Chewuch Campground","fee":"yes","operator":"USFS","website":"https://www.fs.usda.gov/r06/okanogan-wenatchee/recreation/chewuch-campground","drinking_water":"yes","toilets":"yes"}},{"type":"Feature","geometry":{"type":"Point","coordinates":[-120.791495,47.973081]},"properties":{"kind":"campsite","osm":"way/1483058309","name":"Chiwawa Horse Camp","fee":"yes","website":"https://www.fs.usda.gov/r06/okanogan-wenatchee/recreation/chiwawa-horse-camp","drinking_water":"no","toilets":"yes"}},{"type":"Feature","geometry":{"type":"Point","coordinates":[-121.233023,46.916694]},"properties":{"kind":"campsite","osm":"way/1483467032","name":"Cougar Flat Campground","fee":"yes","access":"yes","operator":"USDA Forest Service","website":"www.fs.usda.gov/r06/okanogan-wenatchee/recreation/cougar-flat-campground","capacity":"12","drinking_water":"yes","toilets":"yes","reservation":"recommended","backcountry":"no"}},{"type":"Feature","geometry":{"type":"Point","coordinates":[-120.267199,48.219798]},"properties":{"kind":"campsite","osm":"way/1483467693","name":"Crater Creek Campground","fee":"yes","operator":"Okanogan-Wenatchee National Forest","website":"https://www.fs.usda.gov/r06/okanogan-wenatchee/recreation/crater-creek-campground","capacity":"5","drinking_water":"no","toilets":"yes"}},{"type":"Feature","geometry":{"type":"Point","coordinates":[-120.938383,47.418068]},"properties":{"kind":"campsite","osm":"way/1483468669","name":"De Roux Horse Campground","fee":"yes","access":"yes","operator":"US Forest Service","website":"https://www.fs.usda.gov/recarea/okawen/recreation/camping-cabins/recarea/?recid=57465","drinking_water":"no","toilets":"yes"}},{"type":"Feature","geometry":{"type":"Point","coordinates":[-120.312555,48.026342]},"properties":{"kind":"campsite","osm":"way/1483469087","name":"Deer Point Campground","fee":"yes","operator":"USFS","website":"https://www.fs.usda.gov/r06/okanogan-wenatchee/recreation/deer-point-campground","drinking_water":"no","toilets":"yes"}},{"type":"Feature","geometry":{"type":"Point","coordinates":[-120.765758,47.551508]},"properties":{"kind":"campsite","osm":"way/1483479873","name":"Eightmile Campground","fee":"yes","operator":"USFS","website":"https://www.fs.usda.gov/r06/okanogan-wenatchee/recreation/eightmile-campground","capacity":"45 tent car sites and 1 group for up to 50","drinking_water":"no","toilets":"yes"}},{"type":"Feature","geometry":{"type":"Point","coordinates":[-120.155803,48.635453]},"properties":{"kind":"campsite","osm":"way/1483483150","name":"Falls Creek Campground","fee":"yes","operator":"USFS","website":"https://www.fs.usda.gov/r06/okanogan-wenatchee/recreation/falls-creek-campground","drinking_water":"no","toilets":"yes"}},{"type":"Feature","geometry":{"type":"Point","coordinates":[-120.664719,47.841813]},"properties":{"kind":"campsite","osm":"way/1483484827","name":"Swallow Caves Dispersed Camping"}},{"type":"Feature","geometry":{"type":"Point","coordinates":[-120.195674,48.614903]},"properties":{"kind":"campsite","osm":"way/1483488874","name":"Flat Campground","fee":"yes","operator":"US Forest Service","website":"https://www.fs.usda.gov/r06/okanogan-wenatchee/recreation/flat-campground","drinking_water":"no","toilets":"yes"}},{"type":"Feature","geometry":{"type":"Point","coordinates":[-120.193292,48.205092]},"properties":{"kind":"campsite","osm":"way/1483489840","name":"Foggy Dew Campground","fee":"yes","access":"yes","operator":"US Forest Service","website":"https://www.fs.usda.gov/recarea/okawen/recarea/?recid=59241","drinking_water":"no","toilets":"yes","reservation":"no"}},{"type":"Feature","geometry":{"type":"Point","coordinates":[-120.511678,47.92561]},"properties":{"kind":"campsite","osm":"way/1483490590","name":"Fox Creek Campground","fee":"yes","access":"yes","operator":"USFS","website":"https://www.fs.usda.gov/r06/okanogan-wenatchee/recreation/fox-creek-campground","drinking_water":"no","toilets":"yes","reservation":"no","backcountry":"no"}},{"type":"Feature","geometry":{"type":"Point","coordinates":[-120.653816,47.839081]},"properties":{"kind":"campsite","osm":"way/1483492568","name":"Goose Creek Campground","fee":"yes","operator":"USFS","website":"https://www.fs.usda.gov/r06/okanogan-wenatchee/recreation/goose-creek-campground","drinking_water":"yes","toilets":"yes","reservation":"no"}},{"type":"Feature","geometry":{"type":"Point","coordinates":[-120.9249,47.940228]},"properties":{"kind":"campsite","osm":"way/1483494319","name":"Grasshopper Meadows Campground","fee":"no","operator":"USFS","website":"https://www.fs.usda.gov/r06/okanogan-wenatchee/recreation/grasshopper-meadows-campground","drinking_water":"no","toilets":"yes"}},{"type":"Feature","geometry":{"type":"Point","coordinates":[-120.698425,47.897358]},"properties":{"kind":"campsite","osm":"way/1483494712","name":"Grouse Creek Group Campground","fee":"yes","operator":"USFS","website":"https://www.fs.usda.gov/r06/okanogan-wenatchee/recreation/grouse-creek-group-site","drinking_water":"no","toilets":"yes"}},{"type":"Feature","geometry":{"type":"Point","coordinates":[-121.097291,46.978719]},"properties":{"kind":"campsite","osm":"way/1483495768","name":"Halfway Flat Dispersed Campground","fee":"yes","operator":"USFS","website":"https://www.fs.usda.gov/r06/okanogan-wenatchee/recreation/halfway-flat-dispersed-campground","drinking_water":"no","toilets":"no","reservation":"no"}},{"type":"Feature","geometry":{"type":"Point","coordinates":[-120.412448,47.979132]},"properties":{"kind":"campsite","osm":"way/1483499166","name":"Handy Springs Campground","fee":"no","operator":"USFS","website":"https://www.fs.usda.gov/r06/okanogan-wenatchee/recreation/handy-springs-campground","drinking_water":"no","toilets":"yes","backcountry":"no"}},{"type":"Feature","geometry":{"type":"Point","coordinates":[-120.669881,48.720382]},"properties":{"kind":"campsite","osm":"way/1483499548","name":"Harts Pass Campground","fee":"yes","access":"yes","operator":"US Forest Service","website":"https://www.fs.usda.gov/r06/okanogan-wenatchee/recreation/harts-pass-campground","drinking_water":"no","toilets":"vault","reservation":"no"}},{"type":"Feature","geometry":{"type":"Point","coordinates":[-121.080661,46.673556]},"properties":{"kind":"campsite","osm":"way/1483500505","name":"Hause Creek Campground","fee":"yes","access":"yes","operator":"USDA Forest Service","website":"https://www.fs.usda.gov/r06/okanogan-wenatchee/recreation/hause-creek-campground","drinking_water":"no","toilets":"yes","reservation":"recommended","backcountry":"no"}},{"type":"Feature","geometry":{"type":"Point","coordinates":[-121.308699,47.034528]},"properties":{"kind":"campsite","osm":"way/1483595623","name":"Huckleberry Campground","fee":"no","website":"https://www.fs.usda.gov/r06/okanogan-wenatchee/recreation/huckleberry-campground","drinking_water":"no","toilets":"no"}},{"type":"Feature","geometry":{"type":"Point","coordinates":[-120.902758,47.113138]},"properties":{"kind":"campsite","osm":"way/1484691256","name":"Icewater Creek Campground","fee":"yes","operator":"United States Forest Service","website":"https://www.fs.usda.gov/r06/okanogan-wenatchee/recreation/icewater-creek-campground","drinking_water":"no","toilets":"yes","reservation":"no"}},{"type":"Feature","geometry":{"type":"Point","coordinates":[-121.260888,46.637481]},"properties":{"kind":"campsite","osm":"way/1484693945","name":"Indian Creek Recreation Area Campground","fee":"yes","operator":"USFS","website":"https://www.fs.usda.gov/r06/okanogan-wenatchee/recreation/indian-creek-recreation-area-campground","drinking_water":"no","toilets":"yes"}},{"type":"Feature","geometry":{"type":"Point","coordinates":[-121.14154,46.980909]},"properties":{"kind":"campsite","osm":"way/1484694889","name":"Indian Flat Group Campground","fee":"yes","operator":"USFS","website":"https://www.fs.usda.gov/r06/okanogan-wenatchee/recreation/indian-flat-group-campground","drinking_water":"yes","toilets":"yes","reservation":"required"}},{"type":"Feature","geometry":{"type":"Point","coordinates":[-120.401601,47.993572]},"properties":{"kind":"campsite","osm":"way/1484696392","name":"Junior Point Campground","fee":"no","operator":"USFS","website":"https://www.fs.usda.gov/r06/okanogan-wenatchee/recreation/junior-point-campground","drinking_water":"no","toilets":"yes"}},{"type":"Feature","geometry":{"type":"Point","coordinates":[-121.131384,47.011647]},"properties":{"kind":"campsite","osm":"way/1484696947","name":"Kaner Flat Riverfront Group Campground","fee":"yes","operator":"USFS","website":"https://www.fs.usda.gov/r06/okanogan-wenatchee/recreation/kaner-flat-riverfront-group-campground","drinking_water":"no","toilets":"yes","reservation":"required"}},{"type":"Feature","geometry":{"type":"Point","coordinates":[-120.515018,47.93356]},"properties":{"kind":"campsite","osm":"way/1484697514","name":"Lake Creek Campground","fee":"yes","access":"yes","operator":"USFS","website":"https://www.fs.usda.gov/r06/okanogan-wenatchee/recreation/lake-creek-campground","drinking_water":"no","toilets":"yes","reservation":"yes","backcountry":"no"}},{"type":"Feature","geometry":{"type":"Point","coordinates":[-121.13374,47.011558]},"properties":{"kind":"campsite","osm":"way/1484699682","name":"Long Meadow Campground","operator":"USFS","website":"https://www.fs.usda.gov/r06/okanogan-wenatchee/recreation/long-meadow-campground","drinking_water":"no","toilets":"yes","reservation":"no"}},{"type":"Feature","geometry":{"type":"Point","coordinates":[-121.224988,47.061913]},"properties":{"kind":"campsite","osm":"way/1484700726","name":"Longmire Meadow","fee":"yes","operator":"USFS","website":"https://www.fs.usda.gov/r06/okanogan-wenatchee/recreation/longmire-meadow","drinking_water":"no","toilets":"yes","reservation":"no"}},{"type":"Feature","geometry":{"type":"Point","coordinates":[-119.901677,48.395415]},"properties":{"kind":"campsite","osm":"way/1484704050","name":"Loup Loup Campground","fee":"yes","operator":"USFS","website":"https://www.fs.usda.gov/r06/okanogan-wenatchee/recreation/loup-loup-campground","drinking_water":"yes","toilets":"yes","reservation":"no"}},{"type":"Feature","geometry":{"type":"Point","coordinates":[-120.953923,47.034513]},"properties":{"kind":"campsite","osm":"way/1484705034","name":"Manastash Camp","fee":"yes","operator":"USFS","website":"https://www.fs.usda.gov/r06/okanogan-wenatchee/recreation/manastash-camp","capacity":"14","drinking_water":"no","toilets":"yes","reservation":"no"}},{"type":"Feature","geometry":{"type":"Point","coordinates":[-120.692868,47.868457]},"properties":{"kind":"campsite","osm":"way/1484705393","name":"Meadow Creek Campground","operator":"USFS","website":"https://www.fs.usda.gov/r06/okanogan-wenatchee/recreation/meadow-creek-campground","drinking_water":"no","toilets":"yes"}},{"type":"Feature","geometry":{"type":"Point","coordinates":[-120.674801,48.708766]},"properties":{"kind":"campsite","osm":"way/1484706829","name":"Meadows Campground","fee":"yes","access":"yes","operator":"Forest Service","website":"www.fs.usda.gov/r06/okanogan-wenatchee/recreation/meadows-campground","drinking_water":"no","toilets":"yes"}},{"type":"Feature","geometry":{"type":"Point","coordinates":[-120.700249,47.290182]},"properties":{"kind":"campsite","osm":"way/1484712167","name":"Mineral Springs Campground","fee":"yes","operator":"USFS","website":"https://www.fs.usda.gov/r06/okanogan-wenatchee/recreation/mineral-springs-campground","capacity":"9","drinking_water":"yes","toilets":"yes","reservation":"no"}},{"type":"Feature","geometry":{"type":"Point","coordinates":[-120.191998,47.970093]},"properties":{"kind":"campsite","osm":"way/1484719447","name":"Mitchell Creek Campground","fee":"yes","operator":"USFS","website":"https://www.fs.usda.gov/r06/okanogan-wenatchee/recreation/mitchell-creek-campground","capacity":"7","drinking_water":"no","toilets":"yes"}},{"type":"Feature","geometry":{"type":"Point","coordinates":[-120.472503,48.402147]},"properties":{"kind":"campsite","osm":"way/1484727615","name":"Mystery Campground","fee":"yes","operator":"Okanogan-Wenatchee National Forest","website":"https://www.fs.usda.gov/r06/okanogan-wenatchee/recreation/mystery-campground","drinking_water":"no","toilets":"yes","reservation":"no","backcountry":"no"}},{"type":"Feature","geometry":{"type":"Point","coordinates":[-120.894872,47.920194]},"properties":{"kind":"campsite","osm":"way/1484728542","name":"Napeequa Crossing Campground","operator":"USFS","website":"https://www.fs.usda.gov/r06/okanogan-wenatchee/recreation/napeequa-crossing-campground","drinking_water":"no","toilets":"yes"}},{"type":"Feature","geometry":{"type":"Point","coordinates":[-120.221815,48.632641]},"properties":{"kind":"campsite","osm":"way/1484729736","name":"Nice Campground","fee":"yes","operator":"US Forest Service","website":"https://www.fs.usda.gov/r06/okanogan-wenatchee/recreation/nice-campground","drinking_water":"no","toilets":"yes"}},{"type":"Feature","geometry":{"type":"Point","coordinates":[-120.827205,48.019596]},"properties":{"kind":"campsite","osm":"way/1484732715","name":"Nineteenmile Campground","fee":"yes","operator":"USFS","website":"https://www.fs.usda.gov/r06/okanogan-wenatchee/recreation/nineteenmile-campground","drinking_water":"no","toilets":"yes"}},{"type":"Feature","geometry":{"type":"Point","coordinates":[-119.886808,48.392514]},"properties":{"kind":"campsite","osm":"way/1484734525","name":"North Summit Horse Camp","fee":"yes","operator":"USFS","website":"https://www.fs.usda.gov/r06/okanogan-wenatchee/recreation/north-summit-horse-camp","drinking_water":"no","toilets":"yes"}},{"type":"Feature","geometry":{"type":"Point","coordinates":[-121.170654,47.424928]},"properties":{"kind":"campsite","osm":"way/1485464445","name":"Owhi Campground","fee":"yes","operator":"U.S. Forest Service","website":"https://www.fs.usda.gov/r06/okanogan-wenatchee/recreation/owhi-campground","capacity":"22","drinking_water":"no","toilets":"yes","reservation":"no"}},{"type":"Feature","geometry":{"type":"Point","coordinates":[-120.848918,48.069801]},"properties":{"kind":"campsite","osm":"way/1485466677","name":"Phelps Creek Campground / Horse Camp","fee":"yes","operator":"Okanogan-Wenatchee National Forest","website":"https://www.fs.usda.gov/r06/okanogan-wenatchee/recreation/phelps-creek-campground-horse-camp","capacity":"13","drinking_water":"no","toilets":"yes","reservation":"no"}},{"type":"Feature","geometry":{"type":"Point","coordinates":[-120.424203,47.758288]},"properties":{"kind":"campsite","osm":"way/1485467339","name":"Pine Flats Campground","fee":"yes","operator":"Okanogan-Wenatchee National Forest","website":"https://www.fs.usda.gov/r06/okanogan-wenatchee/recreation/pine-flats-campground","drinking_water":"no","toilets":"yes","reservation":"no"}},{"type":"Feature","geometry":{"type":"Point","coordinates":[-120.498401,48.421517]},"properties":{"kind":"campsite","osm":"way/1485470093","name":"Poplar Flat Campground","fee":"yes","operator":"Okanogan-Wenatchee National Forest","website":"https://www.fs.usda.gov/r06/okanogan-wenatchee/recreation/poplar-flat-campground","drinking_water":"yes","toilets":"yes","reservation":"no","backcountry":"no"}},{"type":"Feature","geometry":{"type":"Point","coordinates":[-120.495212,48.146237]},"properties":{"kind":"campsite","osm":"way/1485470623","name":"Prince Creek Campground","operator":"Okanogan-Wenatchee National Forest","website":"https://www.fs.usda.gov/r06/okanogan-wenatchee/recreation/prince-creek-campground","drinking_water":"no","toilets":"yes"}},{"type":"Feature","geometry":{"type":"Point","coordinates":[-120.935271,47.029452]},"properties":{"kind":"campsite","osm":"way/1485483069","name":"Riders Camp","fee":"yes","operator":"USFS","website":"https://www.fs.usda.gov/r06/okanogan-wenatchee/recreation/riders-camp","drinking_water":"no","toilets":"yes"}},{"type":"Feature","geometry":{"type":"Point","coordinates":[-120.787695,47.962274]},"properties":{"kind":"campsite","osm":"way/1485483479","name":"Riverbend Campground","fee":"yes","operator":"USFS","website":"https://www.fs.usda.gov/r06/okanogan-wenatchee/recreation/riverbend-campground","drinking_water":"no","toilets":"yes","reservation":"no"}},{"type":"Feature","geometry":{"type":"Point","coordinates":[-120.790441,47.970517]},"properties":{"kind":"campsite","osm":"way/1485483847","name":"Rock Creek Campground","fee":"yes","operator":"USFS","website":"https://www.fs.usda.gov/r06/okanogan-wenatchee/recreation/rock-creek-campground","drinking_water":"no","toilets":"yes","reservation":"no"}},{"type":"Feature","geometry":{"type":"Point","coordinates":[-120.258796,48.681344]},"properties":{"kind":"campsite","osm":"way/1485484969","name":"Ruffed Grouse Campground","fee":"yes","operator":"US Forest Service","website":"https://www.fs.usda.gov/r06/okanogan-wenatchee/recreation/ruffed-grouse-campground","drinking_water":"no","toilets":"yes","reservation":"no"}},{"type":"Feature","geometry":{"type":"Point","coordinates":[-121.276431,46.960888]},"properties":{"kind":"campsite","osm":"way/1485485457","name":"Salmon Cove Group Campground","fee":"yes","operator":"USFS","website":"https://www.fs.usda.gov/r06/okanogan-wenatchee/recreation/salmon-cove-group-campground","drinking_water":"no","toilets":"yes","reservation":"required"}},{"type":"Feature","geometry":{"type":"Point","coordinates":[-120.803007,47.974724]},"properties":{"kind":"campsite","osm":"way/1485486026","name":"Schaefer Creek Campground","fee":"yes","operator":"USFS","website":"https://www.fs.usda.gov/r06/okanogan-wenatchee/recreation/schaefer-creek-campground","drinking_water":"no","toilets":"yes","reservation":"no"}},{"type":"Feature","geometry":{"type":"Point","coordinates":[-120.536632,47.957834]},"properties":{"kind":"campsite","osm":"way/1485486398","name":"Silver Falls Campground","access":"yes","operator":"USFS","website":"https://www.fs.usda.gov/r06/okanogan-wenatchee/recreation/silver-falls-campground","drinking_water":"no","toilets":"yes","reservation":"yes","backcountry":"no"}},{"type":"Feature","geometry":{"type":"Point","coordinates":[-120.29055,47.958124]},"properties":{"kind":"campsite","osm":"way/1485491682","name":"Snowberry Bowl Campground","fee":"yes","operator":"USFS","website":"https://www.fs.usda.gov/r06/okanogan-wenatchee/recreation/snowberry-bowl-campground","drinking_water":"no","toilets":"yes"}},{"type":"Feature","geometry":{"type":"Point","coordinates":[-121.213821,46.926314]},"properties":{"kind":"campsite","osm":"way/1485492204","name":"Soda Springs Campground","fee":"yes","access":"yes","operator":"USDA Forest Service","website":"https://www.fs.usda.gov/r06/okanogan-wenatchee/recreation/soda-springs-campground-naches","drinking_water":"yes","toilets":"yes","reservation":"recommended","backcountry":"no"}},{"type":"Feature","geometry":{"type":"Point","coordinates":[-120.530354,48.438588]},"properties":{"kind":"campsite","osm":"way/1485493098","name":"South Creek Campground","fee":"yes","operator":"Okanogan-Wenatchee National Forest","website":"https://www.fs.usda.gov/r06/okanogan-wenatchee/recreation/south-creek-campground","drinking_water":"no","toilets":"yes","reservation":"no","backcountry":"no"}},{"type":"Feature","geometry":{"type":"Point","coordinates":[-121.130582,46.624224]},"properties":{"kind":"campsite","osm":"way/1485494062","name":"South Fork Bay Campground","fee":"no","operator":"USFS","website":"https://www.fs.usda.gov/r06/okanogan-wenatchee/recreation/south-fork-bay-campground","drinking_water":"no","toilets":"no"}},{"type":"Feature","geometry":{"type":"Point","coordinates":[-121.131518,46.621162]},"properties":{"kind":"campsite","osm":"way/1485510322","name":"South Fork Group Campground","fee":"yes","access":"yes","operator":"USDA Forest Service","website":"https://www.fs.usda.gov/r06/okanogan-wenatchee/recreation/south-fork-group-campground","drinking_water":"no","toilets":"yes","reservation":"recommended","backcountry":"no"}},{"type":"Feature","geometry":{"type":"Point","coordinates":[-121.134523,46.622858]},"properties":{"kind":"campsite","osm":"way/1485510937","name":"South Fork Tieton Dispersed Camping","fee":"yes","operator":"USFS","website":"https://www.fs.usda.gov/r06/okanogan-wenatchee/recreation/south-fork-tieton-dispersed-camping","drinking_water":"no","toilets":"no"}},{"type":"Feature","geometry":{"type":"Point","coordinates":[-120.33947,48.107249]},"properties":{"kind":"campsite","osm":"way/1485511501","name":"South Navarre Campground","fee":"no","operator":"USFS","website":"https://www.fs.usda.gov/r06/okanogan-wenatchee/recreation/south-navarre-campground","drinking_water":"yes","toilets":"yes"}},{"type":"Feature","geometry":{"type":"Point","coordinates":[-120.609952,48.009083]},"properties":{"kind":"campsite","osm":"way/1485515712","name":"Three Creek Group Campground","fee":"yes","access":"yes","operator":"USFS","website":"https://www.fs.usda.gov/r06/okanogan-wenatchee/recreation/three-creek-group-campground","drinking_water":"no","toilets":"yes","reservation":"required","backcountry":"no"}},{"type":"Feature","geometry":{"type":"Point","coordinates":[-120.523418,48.432489]},"properties":{"kind":"campsite","osm":"way/1485516653","name":"Twisp River Horse Camp","fee":"yes","operator":"USFS","website":"https://www.fs.usda.gov/r06/okanogan-wenatchee/recreation/twisp-river-horse-camp","drinking_water":"no","toilets":"yes","reservation":"no"}},{"type":"Feature","geometry":{"type":"Point","coordinates":[-120.399423,48.367652]},"properties":{"kind":"campsite","osm":"way/1485519186","name":"War Creek Campground","fee":"yes","website":"https://www.fs.usda.gov/r06/okanogan-wenatchee/recreation/war-creek-campground","drinking_water":"no","toilets":"yes","reservation":"no"}},{"type":"Feature","geometry":{"type":"Point","coordinates":[-121.380144,46.644785]},"properties":{"kind":"campsite","osm":"way/1485521668","name":"White Pass Horse Camp","fee":"yes","operator":"White Pass Ski Resort","website":"https://www.fs.usda.gov/r06/okanogan-wenatchee/recreation/white-pass-horse-camptrailhead","drinking_water":"no","toilets":"yes"}},{"type":"Feature","geometry":{"type":"Point","coordinates":[-121.386258,46.644644]},"properties":{"kind":"campsite","osm":"way/1485521671","name":"White Pass Lake Campground","fee":"yes","access":"yes","operator":"White Pass Company","website":"https://www.fs.usda.gov/r06/okanogan-wenatchee/recreation/white-pass-lake-leech-lake-campground","drinking_water":"no","toilets":"yes","reservation":"no","backcountry":"no"}},{"type":"Feature","geometry":{"type":"Point","coordinates":[-120.939833,47.95217]},"properties":{"kind":"campsite","osm":"way/1485521952","name":"White River Falls Campground","fee":"no","access":"yes","operator":"USFS","website":"https://www.fs.usda.gov/r06/okanogan-wenatchee/recreation/white-river-falls-campground","drinking_water":"no","toilets":"yes"}},{"type":"Feature","geometry":{"type":"Point","coordinates":[-121.039066,46.672098]},"properties":{"kind":"campsite","osm":"way/1485523812","name":"Willows Campground","fee":"yes","access":"yes","operator":"USDA Forest Service","website":"https://www.fs.usda.gov/r06/okanogan-wenatchee/recreation/willows-campground","capacity":"16","drinking_water":"yes","toilets":"yes","reservation":"recommended","backcountry":"no"}},{"type":"Feature","geometry":{"type":"Point","coordinates":[-123.321987,47.411835]},"properties":{"kind":"campsite","osm":"way/1485526490","name":"Brown Creek Campground","fee":"yes","operator":"U.S. Forest Service","website":"https://www.fs.usda.gov/r06/olympic/recreation/brown-creek-campground","capacity":"20","drinking_water":"yes","toilets":"yes"}},{"type":"Feature","geometry":{"type":"Point","coordinates":[-122.73878,48.919008]},"properties":{"kind":"rv_park","osm":"way/1485585339","name":"Lighthouse by the Bay RV Resort","website":"http://www.lighthousebythebay.com","reservation":"yes"}},{"type":"Feature","geometry":{"type":"Point","coordinates":[-120.756389,47.481456]},"properties":{"kind":"campsite","osm":"way/1486113401","name":"Snow Lakes Backcountry Camping","drinking_water":"no","toilets":"yes","backcountry":"yes"}},{"type":"Feature","geometry":{"type":"Point","coordinates":[-122.670098,48.568759]},"properties":{"kind":"campsite","osm":"way/1486123949","name":"name=Cascadia Marine Trail Campsite - Cypress Head","fee":"no","access":"yes","operator":"DNR","website":"https://www.wwta.org/sites/cypress-head/","desc":"Overnight camping permitted from Memorial Day weekend through Labor Day weekend. The head creates back eddies and rips that can be very strong, dangerous and turbulent. Hug the shoreline to approach.","drinking_water":"no","toilets":"yes","reservation":"no"}},{"type":"Feature","geometry":{"type":"Point","coordinates":[-123.011682,48.475956]},"properties":{"kind":"campsite","osm":"way/1486128810","name":"Cascadia Marine Trail Campsite - Griffin Bay","fee":"yes","operator":"WA State Department of Natural Resources","website":"https://www.wwta.org/sites/griffin-bay/","toilets":"yes","reservation":"no"}},{"type":"Feature","geometry":{"type":"Point","coordinates":[-122.731086,48.021063]},"properties":{"kind":"campsite","osm":"way/1486143177","name":"Lower Oak Bay Campground","website":"https://www.wwta.org/sites/oak-bay-county-park/","desc":"Campsite is for human powered boaters. At higher tides, make sure your tent is placed appropriately. Spit is very exposed to winds from the south. During storm events, the spit may be inundated."}},{"type":"Feature","geometry":{"type":"Point","coordinates":[-121.405179,47.972068]},"properties":{"kind":"campsite","osm":"way/1486165333","name":"Silver Lake Camping Area","toilets":"yes","backcountry":"yes"}},{"type":"Feature","geometry":{"type":"Point","coordinates":[-121.228266,48.11192]},"properties":{"kind":"campsite","osm":"way/1486165930","name":"Camp Lake Camping Area","fee":"no","access":"yes","toilets":"no","backcountry":"yes"}},{"type":"Feature","geometry":{"type":"Point","coordinates":[-117.196248,48.435758]},"properties":{"kind":"campsite","osm":"way/1486765078","name":"Browns Lake Campground","fee":"yes","operator":"Scenic Canyons Recreation Service","website":"https://www.fs.usda.gov/recarea/colville/recarea/?recid=67820"}},{"type":"Feature","geometry":{"type":"Point","coordinates":[-120.058,48.151621]},"properties":{"kind":"campsite","osm":"way/1488654249","name":"McFarland Campground","operator":"Washington Department of Fish and Wildlife","toilets":"yes"}},{"type":"Feature","geometry":{"type":"Point","coordinates":[-121.776967,46.53598]},"properties":{"kind":"campsite","osm":"way/1488954028","name":"Cascade Peaks Family Campground","website":"https://cascadepeakscamping.com/"}},{"type":"Feature","geometry":{"type":"Point","coordinates":[-117.282746,48.790065]},"properties":{"kind":"campsite","osm":"way/1489037340","name":"Noisy Creek Campground","fee":"yes","operator":"Scenic Canyons Recreational Services","website":"https://www.fs.usda.gov/recarea/colville/recreation/hiking/recarea/?recid=67946&actid=29"}},{"type":"Feature","geometry":{"type":"Point","coordinates":[-122.597143,47.344787]},"properties":{"kind":"rv_park","osm":"way/1492043617","name":"Sun Outdoors Gig Harbor","website":"https://www.sunoutdoors.com/washington/sun-outdoors-gig-harbor","toilets":"yes"}},{"type":"Feature","geometry":{"type":"Point","coordinates":[-121.534956,47.018768]},"properties":{"kind":"campsite","osm":"way/1492397464","name":"Ranger Creek Campground","fee":"no","operator":"USFS","website":"https://www.fs.usda.gov/r06/mbs/recreation/ranger-creek-campground","desc":"Camping in tents and caravans (RV) is permitted the whole length and both sides (service roads) of the runway.","drinking_water":"no","toilets":"yes"}},{"type":"Feature","geometry":{"type":"Point","coordinates":[-121.383535,46.476509]},"properties":{"kind":"campsite","osm":"way/1492413721","name":"Warm Lake Camping Area","backcountry":"yes"}},{"type":"Feature","geometry":{"type":"Point","coordinates":[-117.943412,47.015062]},"properties":{"kind":"campsite","osm":"way/1493173645","name":"Rock Creek Recreation Site Campground","fee":"no","access":"yes","operator":"BLM","website":"https://www.blm.gov/visit/rock-creek-recreation-site-wa","capacity":"9"}},{"type":"Feature","geometry":{"type":"Point","coordinates":[-122.610934,46.374564]},"properties":{"kind":"campsite","osm":"way/1493232498","name":"Kid Valley Campground","fee":"yes","website":"http://www.kidvalley.com/","capacity":"30","toilets":"yes"}},{"type":"Feature","geometry":{"type":"Point","coordinates":[-122.403052,46.513235]},"properties":{"kind":"campsite","osm":"way/1493239550","name":"Riffe Lake Campground","fee":"yes","website":"https://riffelakecampgroundwa.com/","toilets":"yes"}},{"type":"Feature","geometry":{"type":"Point","coordinates":[-122.961032,46.69567]},"properties":{"kind":"campsite","osm":"way/1493242549","name":"Southwest Washington Fairgrounds Park Campground","fee":"yes","website":"https://southwestwashingtonfairgrounds.org/camping/","toilets":"yes"}},{"type":"Feature","geometry":{"type":"Point","coordinates":[-123.003221,46.763444]},"properties":{"kind":"rv_park","osm":"way/1493246985","name":"Midway 2 RV Park"}},{"type":"Feature","geometry":{"type":"Point","coordinates":[-122.868319,47.801414]},"properties":{"kind":"campsite","osm":"way/1493451611","name":"Herb Beck Marina Campground","toilets":"yes"}},{"type":"Feature","geometry":{"type":"Point","coordinates":[-122.7925,47.57905]},"properties":{"kind":"campsite","osm":"way/1493452905","name":"Green Mountain Horse Camp","toilets":"yes"}},{"type":"Feature","geometry":{"type":"Point","coordinates":[-122.216613,47.781044]},"properties":{"kind":"rv_park","osm":"way/1493460842","name":"Lake Pleasant R.V. Park","website":"https://www.lakepleasantrv.com/","toilets":"yes"}},{"type":"Feature","geometry":{"type":"Point","coordinates":[-122.298925,47.249069]},"properties":{"kind":"campsite","osm":"way/1493461618","name":"Camp Edgewood","access":"private"}},{"type":"Feature","geometry":{"type":"Point","coordinates":[-121.877846,46.835751]},"properties":{"kind":"campsite","osm":"way/1493463322","name":"Klapatche Park Camp","fee":"no","access":"permit","operator":"National Park Service","drinking_water":"no","reservation":"required","backcountry":"yes"}},{"type":"Feature","geometry":{"type":"Point","coordinates":[-122.079062,47.160953]},"properties":{"kind":"rv_park","osm":"way/1493493243","name":"Uncle John's RV Park"}},{"type":"Feature","geometry":{"type":"Point","coordinates":[-122.138313,47.114345]},"properties":{"kind":"campsite","osm":"way/1493506660","name":"VFW Post 969 Recreation Park","fee":"yes","website":"https://vfw969.org/di/vfw/v2/default.asp?pid=151710","toilets":"yes"}},{"type":"Feature","geometry":{"type":"Point","coordinates":[-122.258727,46.198687]},"properties":{"kind":"campsite","osm":"way/1493508031","name":"Sheep Canyon Trail Camping Area","backcountry":"yes"}},{"type":"Feature","geometry":{"type":"Point","coordinates":[-122.251985,46.21045]},"properties":{"kind":"campsite","osm":"way/1493508032","name":"Loowit Trail Camping Area","backcountry":"yes"}},{"type":"Feature","geometry":{"type":"Point","coordinates":[-121.847954,46.182854]},"properties":{"kind":"campsite","osm":"way/1493508196","name":"Quartz Creek Camping Area"}},{"type":"Feature","geometry":{"type":"Point","coordinates":[-123.894963,46.68208]},"properties":{"kind":"campsite","osm":"way/1494142229","name":"Bruceport County Park Campground","fee":"yes","operator":"Pacific County","website":"https://co.pacific.wa.us/parks/Bruceport.html","toilets":"yes","backcountry":"no"}},{"type":"Feature","geometry":{"type":"Point","coordinates":[-123.870737,46.51587]},"properties":{"kind":"campsite","osm":"way/1495766476","name":"William's Park Campground","website":"https://www.hipcamp.com/en-US/land/washington-williams-park-campground-"}},{"type":"Feature","geometry":{"type":"Point","coordinates":[-118.845258,46.259555]},"properties":{"kind":"campsite","osm":"way/1495774822","name":"Charbonneau Campground","website":"https://www.nww.usace.army.mil/Locations/District-Locks-and-Dams/Ice-Harbor-Lock-and-Dam/Charbonneau/","toilets":"yes"}},{"type":"Feature","geometry":{"type":"Point","coordinates":[-118.766699,46.314157]},"properties":{"kind":"campsite","osm":"way/1495775162","name":"Fishhook Campground","website":"https://www.nww.usace.army.mil/Locations/District-Locks-and-Dams/Ice-Harbor-Lock-and-Dam/Fishhook-Park/","drinking_water":"yes","toilets":"yes"}},{"type":"Feature","geometry":{"type":"Point","coordinates":[-123.125928,47.051631]},"properties":{"kind":"campsite","osm":"way/1497181102","name":"Elliott Herber Campsite"}},{"type":"Feature","geometry":{"type":"Point","coordinates":[-121.318636,47.584287]},"properties":{"kind":"campsite","osm":"way/1497749948","name":"Big Heart Lake Camping Area","drinking_water":"no","toilets":"yes","backcountry":"yes"}},{"type":"Feature","geometry":{"type":"Point","coordinates":[-121.329999,47.593403]},"properties":{"kind":"campsite","osm":"way/1497749949","name":"Little Heart Lake Camping Area","drinking_water":"no","toilets":"yes","backcountry":"yes"}},{"type":"Feature","geometry":{"type":"Point","coordinates":[-119.988891,47.093246]},"properties":{"kind":"campsite","osm":"way/1497754653","name":"The Gorge - The Grove RV Park","fee":"yes","toilets":"yes"}},{"type":"Feature","geometry":{"type":"Point","coordinates":[-119.628512,47.666351]},"properties":{"kind":"rv_park","osm":"way/1497757329","name":"Jack's Resort","website":"https://www.facebook.com/JacksResort/"}},{"type":"Feature","geometry":{"type":"Point","coordinates":[-119.627205,47.675542]},"properties":{"kind":"campsite","osm":"way/1497757661","name":"Jameson Lake Campground","website":"https://wdfw.wa.gov/places-to-go/water-access-sites/jameson-lake-206","toilets":"yes"}},{"type":"Feature","geometry":{"type":"Point","coordinates":[-119.430725,48.067332]},"properties":{"kind":"campsite","osm":"way/1498022672","name":"Rocky Flats Campground","fee":"yes","operator":"United States Army Corps of Engineers","toilets":"yes"}},{"type":"Feature","geometry":{"type":"Point","coordinates":[-119.177094,47.897939]},"properties":{"kind":"campsite","osm":"way/1498025481","name":"Barker Canyon Camping Area","operator":"Washington Department of Fish and Wildlife","website":"https://wdfw.wa.gov/places-to-go/water-access-sites/barker-canyon-1562","toilets":"yes"}},{"type":"Feature","geometry":{"type":"Point","coordinates":[-119.126931,47.895379]},"properties":{"kind":"campsite","osm":"way/1498035629","name":"Banks Lake Boat-In Camping","toilets":"no"}},{"type":"Feature","geometry":{"type":"Point","coordinates":[-119.125585,47.896791]},"properties":{"kind":"campsite","osm":"way/1498035630","name":"Banks Lake Boat-In Camping","toilets":"no"}},{"type":"Feature","geometry":{"type":"Point","coordinates":[-119.130052,47.896613]},"properties":{"kind":"campsite","osm":"way/1498035631","name":"Banks Lake Boat-In Camping","toilets":"no"}},{"type":"Feature","geometry":{"type":"Point","coordinates":[-120.581029,47.988802]},"properties":{"kind":"campsite","osm":"way/1498040886","name":"North Fork Campground","toilets":"yes","reservation":"no"}},{"type":"Feature","geometry":{"type":"Point","coordinates":[-120.798396,48.129025]},"properties":{"kind":"campsite","osm":"way/1498044850","name":"Ice Lakes Camping Area","toilets":"no","backcountry":"yes"}},{"type":"Feature","geometry":{"type":"Point","coordinates":[-120.858584,48.149673]},"properties":{"kind":"campsite","osm":"way/1498046566","name":"Spider Meadows Camping Area","fee":"no","toilets":"yes","backcountry":"yes"}},{"type":"Feature","geometry":{"type":"Point","coordinates":[-120.877227,48.160817]},"properties":{"kind":"campsite","osm":"way/1498047123","name":"Larch Knob Camping Area","toilets":"yes","backcountry":"yes"}},{"type":"Feature","geometry":{"type":"Point","coordinates":[-120.919276,48.202103]},"properties":{"kind":"campsite","osm":"way/1498047349","name":"Cloudy Pass Camp","toilets":"yes","backcountry":"yes"}},{"type":"Feature","geometry":{"type":"Point","coordinates":[-121.641546,48.828598]},"properties":{"kind":"campsite","osm":"way/1498071331","name":"Lake Ann Camping Area","fee":"no","backcountry":"yes"}},{"type":"Feature","geometry":{"type":"Point","coordinates":[-121.722413,48.857417]},"properties":{"kind":"campsite","osm":"way/1498071824","name":"Galena Chain Lakes Camping Area","toilets":"yes","backcountry":"yes"}},{"type":"Feature","geometry":{"type":"Point","coordinates":[-121.611112,48.250701]},"properties":{"kind":"rv_park","osm":"way/1498098222","name":"Cascade Kamloops Trout Farm & RV Park"}},{"type":"Feature","geometry":{"type":"Point","coordinates":[-122.364233,48.136124]},"properties":{"kind":"campsite","osm":"way/1498099753","name":"Kayak Point Yurt Village"}},{"type":"Feature","geometry":{"type":"Point","coordinates":[-120.878148,47.497564]},"properties":{"kind":"campsite","osm":"way/1498104516","name":"Lake Stuart Camping Area","fee":"yes","access":"yes","operator":"United States Forest Service","toilets":"yes","reservation":"required","backcountry":"yes"}},{"type":"Feature","geometry":{"type":"Point","coordinates":[-121.575009,46.216847]},"properties":{"kind":"campsite","osm":"way/1498105269","name":"Riley Camp","backcountry":"yes"}},{"type":"Feature","geometry":{"type":"Point","coordinates":[-121.570977,46.21216]},"properties":{"kind":"campsite","osm":"way/1498105472","name":"Sheep Lake Camping Area","backcountry":"yes"}},{"type":"Feature","geometry":{"type":"Point","coordinates":[-121.581878,46.191322]},"properties":{"kind":"campsite","osm":"way/1498105634","name":"Flutters Meadow","backcountry":"yes"}},{"type":"Feature","geometry":{"type":"Point","coordinates":[-121.514219,46.155082]},"properties":{"kind":"campsite","osm":"way/1498105788","name":"Shorthorn","backcountry":"yes"}},{"type":"Feature","geometry":{"type":"Point","coordinates":[-121.498479,46.152604]},"properties":{"kind":"campsite","osm":"way/1498106193","name":"Morrison","backcountry":"yes"}},{"type":"Feature","geometry":{"type":"Point","coordinates":[-121.490346,46.170076]},"properties":{"kind":"campsite","osm":"way/1498107702","name":"Crescent Glacier Camping Area","backcountry":"yes"}},{"type":"Feature","geometry":{"type":"Point","coordinates":[-119.895743,46.82829]},"properties":{"kind":"campsite","osm":"way/1498668383"}},{"type":"Feature","geometry":{"type":"Point","coordinates":[-119.896225,46.830086]},"properties":{"kind":"campsite","osm":"way/1498668387"}},{"type":"Feature","geometry":{"type":"Point","coordinates":[-122.169586,47.712162]},"properties":{"kind":"campsite","osm":"way/1498883379","drinking_water":"no","toilets":"yes"}},{"type":"Feature","geometry":{"type":"Point","coordinates":[-118.820089,45.650701]},"properties":{"kind":"rv_park","osm":"way/1504278865"}},{"type":"Feature","geometry":{"type":"Point","coordinates":[-120.175335,45.719517]},"properties":{"kind":"rv_park","osm":"way/1508853172"}},{"type":"Feature","geometry":{"type":"Point","coordinates":[-116.90388,46.924137]},"properties":{"kind":"rv_park","osm":"way/1510780501"}},{"type":"Feature","geometry":{"type":"Point","coordinates":[-116.904041,46.924035]},"properties":{"kind":"rv_park","osm":"way/1510780502"}},{"type":"Feature","geometry":{"type":"Point","coordinates":[-116.904196,46.923946]},"properties":{"kind":"rv_park","osm":"way/1510780503"}},{"type":"Feature","geometry":{"type":"Point","coordinates":[-116.904357,46.923862]},"properties":{"kind":"rv_park","osm":"way/1510780504"}},{"type":"Feature","geometry":{"type":"Point","coordinates":[-116.904679,46.9237]},"properties":{"kind":"rv_park","osm":"way/1510780505"}},{"type":"Feature","geometry":{"type":"Point","coordinates":[-116.904868,46.923722]},"properties":{"kind":"rv_park","osm":"way/1510780506"}},{"type":"Feature","geometry":{"type":"Point","coordinates":[-116.905062,46.923765]},"properties":{"kind":"rv_park","osm":"way/1510780507"}},{"type":"Feature","geometry":{"type":"Point","coordinates":[-116.905215,46.923859]},"properties":{"kind":"rv_park","osm":"way/1510780508"}},{"type":"Feature","geometry":{"type":"Point","coordinates":[-118.78164,45.677259]},"properties":{"kind":"rv_park","osm":"way/1512300445","name":"Brooke RV Park"}},{"type":"Feature","geometry":{"type":"Point","coordinates":[-118.77574,45.676607]},"properties":{"kind":"rv_park","osm":"way/1512719762","name":"Catalpa Tree RV Park"}},{"type":"Feature","geometry":{"type":"Point","coordinates":[-118.770501,45.676277]},"properties":{"kind":"rv_park","osm":"way/1512719781","name":"River Rock RV Park"}},{"type":"Feature","geometry":{"type":"Point","coordinates":[-116.90448,46.924065]},"properties":{"kind":"rv_park","osm":"way/1513160993"}},{"type":"Feature","geometry":{"type":"Point","coordinates":[-116.904028,46.924306]},"properties":{"kind":"rv_park","osm":"way/1513160994","name":"22"}},{"type":"Feature","geometry":{"type":"Point","coordinates":[-116.9053,46.923989]},"properties":{"kind":"rv_park","osm":"way/1513160997"}},{"type":"Feature","geometry":{"type":"Point","coordinates":[-116.905326,46.92414]},"properties":{"kind":"rv_park","osm":"way/1513160998"}},{"type":"Feature","geometry":{"type":"Point","coordinates":[-116.905234,46.92429]},"properties":{"kind":"rv_park","osm":"way/1513160999"}},{"type":"Feature","geometry":{"type":"Point","coordinates":[-116.90502,46.924367]},"properties":{"kind":"rv_park","osm":"way/1513161000"}},{"type":"Feature","geometry":{"type":"Point","coordinates":[-116.904844,46.924429]},"properties":{"kind":"rv_park","osm":"way/1513161001"}},{"type":"Feature","geometry":{"type":"Point","coordinates":[-116.904621,46.924506]},"properties":{"kind":"rv_park","osm":"way/1513161002"}},{"type":"Feature","geometry":{"type":"Point","coordinates":[-116.904471,46.924558]},"properties":{"kind":"rv_park","osm":"way/1513161003"}},{"type":"Feature","geometry":{"type":"Point","coordinates":[-116.904275,46.924633]},"properties":{"kind":"rv_park","osm":"way/1513161004"}},{"type":"Feature","geometry":{"type":"Point","coordinates":[-116.904074,46.924704]},"properties":{"kind":"rv_park","osm":"way/1513161005"}},{"type":"Feature","geometry":{"type":"Point","coordinates":[-116.903835,46.924815]},"properties":{"kind":"rv_park","osm":"way/1513161006"}},{"type":"Feature","geometry":{"type":"Point","coordinates":[-116.904993,46.924048]},"properties":{"kind":"rv_park","osm":"way/1513161007"}},{"type":"Feature","geometry":{"type":"Point","coordinates":[-116.904798,46.924247]},"properties":{"kind":"rv_park","osm":"way/1513161008"}},{"type":"Feature","geometry":{"type":"Point","coordinates":[-116.904245,46.924423]},"properties":{"kind":"rv_park","osm":"way/1513161009"}},{"type":"Feature","geometry":{"type":"Point","coordinates":[-116.905339,46.925661]},"properties":{"kind":"rv_park","osm":"way/1513240732","name":"Scenic 6 Park"}},{"type":"Feature","geometry":{"type":"Point","coordinates":[-120.802998,47.540322]},"properties":{"kind":"campsite","osm":"way/1524380613"}},{"type":"Feature","geometry":{"type":"Point","coordinates":[-120.781455,47.560297]},"properties":{"kind":"campsite","osm":"way/1524469385","name":"Campground"}},{"type":"Feature","geometry":{"type":"Point","coordinates":[-121.566849,46.309795]},"properties":{"kind":"campsite","osm":"way/1525573692","name":"Horseshoe Lake Campground"}},{"type":"Feature","geometry":{"type":"Point","coordinates":[-121.751954,46.080389]},"properties":{"kind":"campsite","osm":"way/1525574761","name":"Cold Spring Campground","toilets":"yes"}},{"type":"Feature","geometry":{"type":"Point","coordinates":[-121.646227,46.338836]},"properties":{"kind":"campsite","osm":"way/1525582119","name":"Adams Fork Campground","fee":"yes","operator":"USFS","website":"https://www.recreation.gov/camping/campgrounds/232857"}},{"type":"Feature","geometry":{"type":"Point","coordinates":[-121.624673,46.348162]},"properties":{"kind":"campsite","osm":"way/1525582419","name":"Cat Creek Campground","fee":"yes","website":"https://www.recreation.gov/camping/campgrounds/10250494","capacity":"6","reservation":"no"}},{"type":"Feature","geometry":{"type":"Point","coordinates":[-121.568038,46.364053]},"properties":{"kind":"campsite","osm":"way/1525582662","name":"Horse Camp: Cody","fee":"yes","website":"https://www.fs.usda.gov/r06/giffordpinchot/recreation/horse-camp-cody","capacity":"16","toilets":"yes"}},{"type":"Feature","geometry":{"type":"Point","coordinates":[-121.549541,46.294524]},"properties":{"kind":"campsite","osm":"way/1525583196","name":"Killen Creek Campground","fee":"yes","operator":"USFS","website":"https://www.fs.usda.gov/r06/giffordpinchot/recreation/campground-killen-creek"}},{"type":"Feature","geometry":{"type":"Point","coordinates":[-121.054771,47.718066]},"properties":{"kind":"campsite","osm":"way/1525594116","name":"Josephine Lake Camping Area","toilets":"yes","backcountry":"yes"}},{"type":"Feature","geometry":{"type":"Point","coordinates":[-121.066409,47.722211]},"properties":{"kind":"campsite","osm":"way/1525594284","name":"Lake Susan Jane Camping Area","fee":"no","backcountry":"yes"}},{"type":"Feature","geometry":{"type":"Point","coordinates":[-118.177792,45.834519]},"properties":{"kind":"campsite","osm":"way/1531125502"}},{"type":"Feature","geometry":{"type":"Point","coordinates":[-118.181468,45.835304]},"properties":{"kind":"campsite","osm":"way/1531125503"}},{"type":"Feature","geometry":{"type":"Point","coordinates":[-117.849433,47.88449]},"properties":{"kind":"campsite","osm":"way/1531237007","name":"Mysty Meadows","fee":"yes","website":"https://www.hipcamp.com/en-US/land/washington-misty-meadows-campground-xryhnqne","toilets":"no"}},{"type":"Feature","geometry":{"type":"Point","coordinates":[-120.140677,47.899357]},"properties":{"kind":"rv_park","osm":"way/1531784111","name":"Four Lakes RV Park"}},{"type":"Feature","geometry":{"type":"Point","coordinates":[-118.693914,47.928577]},"properties":{"kind":"campsite","osm":"way/1532399011","name":"Keller Ferry Campground","fee":"yes","website":"https://lakerooseveltadventures.com/campground/"}},{"type":"Feature","geometry":{"type":"Point","coordinates":[-119.215147,48.483805]},"properties":{"kind":"campsite","osm":"way/1532519377","name":"Crawfish Lake Campground","access":"yes","desc":"Crawfish Lake is adjacent to this 19 site campground (15 single and 4 double sites), which also has a boat launch. Two toilet facilities service the campground. Each site has a picnic table, fire ring, and parking for small trailers or vehicles."}},{"type":"Feature","geometry":{"type":"Point","coordinates":[-124.384743,47.95305]},"properties":{"kind":"rv_park","osm":"way/1533108213"}},{"type":"Feature","geometry":{"type":"Point","coordinates":[-121.956427,45.854658]},"properties":{"kind":"campsite","osm":"way/1534037527","name":"Beaver Campground"}},{"type":"Feature","geometry":{"type":"Point","coordinates":[-121.777871,48.08953]},"properties":{"kind":"campsite","osm":"way/1535732643","name":"Verlot Campground","fee":"yes","access":"yes","operator":"USDA Forest Service","website":"https://www.fs.usda.gov/recarea/mbs/recreation/recarea/?recid=17846&actid=29","drinking_water":"yes","toilets":"yes","reservation":"recommended","backcountry":"no"}},{"type":"Feature","geometry":{"type":"Point","coordinates":[-122.014595,46.501564]},"properties":{"kind":"campsite","osm":"way/1535752667","name":"Cowlitz Falls Campground","toilets":"yes"}}]}