{"type":"FeatureCollection","attribution":"OSM (ODbL) via Overpass; Overture Maps Foundation (CDLA-P-2.0/Apache-2.0/CC0); Recreation.gov RIDB (CC-BY 4.0). See data/ATTRIBUTION.md. Generated 2026-07-23.","features":[{"type":"Feature","geometry":{"type":"Point","coordinates":[-88.101235,43.736423]},"properties":{"kind":"campsite","src":"osm","osm":"node/246677956","name":"Shelter #5 (Greenbush Kettle)","elev_ft":1142}},{"type":"Feature","geometry":{"type":"Point","coordinates":[-88.161854,43.639886]},"properties":{"kind":"campsite","src":"osm","osm":"node/246678659","name":"Shelter #3","elev_ft":1017}},{"type":"Feature","geometry":{"type":"Point","coordinates":[-88.30875,43.314852]},"properties":{"kind":"dump","src":"osm","osm":"node/262527144","fee":"yes","elev_ft":1201}},{"type":"Feature","geometry":{"type":"Point","coordinates":[-88.664709,45.269036]},"properties":{"kind":"campsite","src":"osm","osm":"node/280496729","elev_ft":1325}},{"type":"Feature","geometry":{"type":"Point","coordinates":[-88.66723,45.268248]},"properties":{"kind":"campsite","src":"osm","osm":"node/280497122","elev_ft":1329}},{"type":"Feature","geometry":{"type":"Point","coordinates":[-88.666796,45.265736]},"properties":{"kind":"campsite","src":"osm","osm":"node/280497123","elev_ft":1309}},{"type":"Feature","geometry":{"type":"Point","coordinates":[-88.664651,45.26665]},"properties":{"kind":"campsite","src":"osm","osm":"node/280497124","elev_ft":1319}},{"type":"Feature","geometry":{"type":"Point","coordinates":[-88.297736,44.151025]},"properties":{"kind":"campsite","src":"osm","osm":"node/312609328","website":"https://wisconsinstateparks.reserveamerica.com/camping/map_of_High-Cliff-State-Park/r/campgroundMap.do?page=map&search=site&contractCode=WI&parkId=60017","elev_ft":1004}},{"type":"Feature","geometry":{"type":"Point","coordinates":[-88.667501,45.265926]},"properties":{"kind":"campsite","src":"osm","osm":"node/337750855","elev_ft":1309}},{"type":"Feature","geometry":{"type":"Point","coordinates":[-88.665383,45.266072]},"properties":{"kind":"campsite","src":"osm","osm":"node/337750862","elev_ft":1316}},{"type":"Feature","geometry":{"type":"Point","coordinates":[-88.096801,43.702162]},"properties":{"kind":"campsite","src":"osm","osm":"node/351669381","name":"Shelter #4 (Parnell Trail)","elev_ft":1188}},{"type":"Feature","geometry":{"type":"Point","coordinates":[-88.178016,43.581165]},"properties":{"kind":"campsite","src":"osm","osm":"node/367929925","name":"Shelter #2","elev_ft":1017}},{"type":"Feature","geometry":{"type":"Point","coordinates":[-88.199548,43.628486]},"properties":{"kind":"campsite","src":"osm","osm":"node/414046135","name":"Shelter #6","elev_ft":1024}},{"type":"Feature","geometry":{"type":"Point","coordinates":[-91.117265,42.916917]},"properties":{"kind":"campsite","src":"osm","osm":"node/738049913","name":"Bolder Creek  Campground","elev_ft":627}},{"type":"Feature","geometry":{"type":"Point","coordinates":[-89.806414,43.564347]},"properties":{"kind":"campsite","src":"osm","osm":"node/795534914","name":"Bluewater Bay Campground","elev_ft":902}},{"type":"Feature","geometry":{"type":"Point","coordinates":[-89.808137,43.56928]},"properties":{"kind":"campsite","src":"osm","osm":"node/795534920","name":"Sandstone Ridge Campground","elev_ft":932}},{"type":"Feature","geometry":{"type":"Point","coordinates":[-89.807895,43.571995]},"properties":{"kind":"campsite","src":"osm","osm":"node/795534929","name":"Cliffwood Campground","elev_ft":945}},{"type":"Feature","geometry":{"type":"Point","coordinates":[-89.507269,44.326341]},"properties":{"kind":"campsite","src":"osm","osm":"node/799928400","name":"Vista Royalle Campground","elev_ft":1096}},{"type":"Feature","geometry":{"type":"Point","coordinates":[-89.728424,43.299771]},"properties":{"kind":"campsite","src":"osm","osm":"node/825705495","name":"VFW Campground","fee":"yes","capacity":"25","elev_ft":768}},{"type":"Feature","geometry":{"type":"Point","coordinates":[-92.242605,44.865929]},"properties":{"kind":"campsite","src":"osm","osm":"node/844103791","name":"Highland Ridge Campground","operator":"United States Army Corps of Engineers","website":"https://www.recreation.gov/camping/campgrounds/233510","capacity":"46","drinking_water":"yes","toilets":"yes","reservation":"yes","elev_ft":1093}},{"type":"Feature","geometry":{"type":"Point","coordinates":[-89.7485,43.209313]},"properties":{"kind":"campsite","src":"osm","osm":"node/1205102318","name":"Cedar Hills Campground","fee":"yes","website":"https://www.cedarhillscamp.com/","drinking_water":"yes","elev_ft":994}},{"type":"Feature","geometry":{"type":"Point","coordinates":[-89.987978,43.901139]},"properties":{"kind":"campsite","src":"osm","osm":"node/1301516554","name":"Winnebago","elev_ft":919}},{"type":"Feature","geometry":{"type":"Point","coordinates":[-89.362745,43.818334]},"properties":{"kind":"campsite","src":"osm","osm":"node/1337698879","name":"Crooked River Campground","website":"https://crookedrivercampground.com/","elev_ft":823}},{"type":"Feature","geometry":{"type":"Point","coordinates":[-88.199711,45.348674]},"properties":{"kind":"campsite","src":"osm","osm":"node/1464293027","name":"Old Veterans State Camp Ground","elev_ft":906}},{"type":"Feature","geometry":{"type":"Point","coordinates":[-90.445117,45.280863]},"properties":{"kind":"campsite","src":"osm","osm":"node/1698920842","name":"North Twin Lake","fee":"yes","access":"closed","website":"https://www.fs.usda.gov/recarea/cnnf/recreation/camping-cabins/recarea/?recid=27791&actid=29","capacity":"5","drinking_water":"yes","toilets":"vault","elev_ft":1470}},{"type":"Feature","geometry":{"type":"Point","coordinates":[-90.616993,45.199996]},"properties":{"kind":"campsite","src":"osm","osm":"node/1698920858","name":"Kathryn Lake","fee":"yes","operator":"USFS","website":"https://www.fs.usda.gov/recarea/cnnf/recreation/camping-cabins/recarea/?recid=27789&actid=29","capacity":"8","drinking_water":"yes","toilets":"vault","elev_ft":1473}},{"type":"Feature","geometry":{"type":"Point","coordinates":[-91.43883,44.915965]},"properties":{"kind":"rv_park","src":"osm","osm":"node/1805123113","name":"Eagle Ridge Campground","fee":"yes","website":"https://www.eagleridgecamping.com/","drinking_water":"yes","elev_ft":896}},{"type":"Feature","geometry":{"type":"Point","coordinates":[-87.984864,43.855706]},"properties":{"kind":"campsite","src":"osm","osm":"node/1814505774","name":"TeePee","elev_ft":968}},{"type":"Feature","geometry":{"type":"Point","coordinates":[-87.983069,43.856163]},"properties":{"kind":"campsite","src":"osm","osm":"node/1814505777","elev_ft":948}},{"type":"Feature","geometry":{"type":"Point","coordinates":[-87.983451,43.857227]},"properties":{"kind":"campsite","src":"osm","osm":"node/1814505780","elev_ft":951}},{"type":"Feature","geometry":{"type":"Point","coordinates":[-90.984775,46.925346]},"properties":{"kind":"campsite","src":"osm","osm":"node/1860293088","name":"Lakeshore Trail Campsite","elev_ft":597}},{"type":"Feature","geometry":{"type":"Point","coordinates":[-90.574245,43.697941]},"properties":{"kind":"campsite","src":"osm","osm":"node/1877002984","name":"Wildcat Mountain State Park Campground","elev_ft":1253}},{"type":"Feature","geometry":{"type":"Point","coordinates":[-91.945807,44.638456]},"properties":{"kind":"campsite","src":"osm","osm":"node/1918687630","name":"Tarrant Park Campground","fee":"yes","operator":"City of Durand","website":"https://www.durand-wi.com/index.asp?SEC=C33070E3-CAC0-4AFA-AE68-1EF35CC3096F&DE=417A1C9D-E0C4-4F88-9782-000FD6941741","capacity":"24","drinking_water":"yes","toilets":"yes","elev_ft":725}},{"type":"Feature","geometry":{"type":"Point","coordinates":[-90.638777,46.384851]},"properties":{"kind":"campsite","src":"osm","osm":"node/1943750209","name":"BP1 - Sandy Ledges Campsite","fee":"yes","operator":"Copper Falls State Park","elev_ft":955}},{"type":"Feature","geometry":{"type":"Point","coordinates":[-92.662973,45.389671]},"properties":{"kind":"campsite","src":"osm","osm":"node/2212446923","name":"Interstate State Park WI - South Campground","elev_ft":755}},{"type":"Feature","geometry":{"type":"Point","coordinates":[-91.184733,46.642747]},"properties":{"kind":"campsite","src":"osm","osm":"node/2247687247","name":"Horseshoe Lake Recreation Area","fee":"yes","website":"https://www.fs.usda.gov/recarea/cnnf/recreation/camping-cabins/recarea/?recid=82793&actid=29","capacity":"9","drinking_water":"no","toilets":"vault","reservation":"no","elev_ft":1296}},{"type":"Feature","geometry":{"type":"Point","coordinates":[-91.936975,46.141708]},"properties":{"kind":"campsite","src":"osm","osm":"node/2265509830","name":"Totagatic County Park Campground","fee":"yes","capacity":"75","drinking_water":"yes","toilets":"yes","reservation":"accepted","elev_ft":988}},{"type":"Feature","geometry":{"type":"Point","coordinates":[-91.82605,46.0949]},"properties":{"kind":"campsite","src":"osm","osm":"node/2266121774","name":"Minong Wild Rivers Trail Campground","website":"http://www.minongtrails.com/Campground/Campground.htm","elev_ft":1066}},{"type":"Feature","geometry":{"type":"Point","coordinates":[-92.116211,46.534368]},"properties":{"kind":"campsite","src":"osm","osm":"node/2350717934","name":"Pattison Family Campground","capacity":"59","drinking_water":"yes","reservation":"yes","elev_ft":1004}},{"type":"Feature","geometry":{"type":"Point","coordinates":[-91.171682,45.176039]},"properties":{"kind":"campsite","src":"osm","osm":"node/2401996893","name":"Brunet Island State Park Campground","elev_ft":1040}},{"type":"Feature","geometry":{"type":"Point","coordinates":[-91.195043,44.574492]},"properties":{"kind":"rv_park","src":"osm","osm":"node/2443574370","name":"Stoney Creek RV Resort and Campground","elev_ft":1033}},{"type":"Feature","geometry":{"type":"Point","coordinates":[-91.892622,46.608914]},"properties":{"kind":"campsite","src":"osm","osm":"node/2456364667","name":"Amnicon Falls State Park Campground","fee":"yes","capacity":"36","drinking_water":"yes","toilets":"vault","reservation":"yes","elev_ft":807}},{"type":"Feature","geometry":{"type":"Point","coordinates":[-90.67795,46.819589]},"properties":{"kind":"campsite","src":"osm","osm":"node/2475677555","name":"Big Bay Town Park Campground","fee":"yes","operator":"Town of La Pointe","website":"http://www.bigbaytownpark.com/","capacity":"61","elev_ft":623}},{"type":"Feature","geometry":{"type":"Point","coordinates":[-92.142502,45.398347]},"properties":{"kind":"campsite","src":"osm","osm":"node/2487378473","name":"Village Park Campground","elev_ft":1266}},{"type":"Feature","geometry":{"type":"Point","coordinates":[-91.92312,45.741413]},"properties":{"kind":"campsite","src":"osm","osm":"node/2487459649","name":"Shell Lake Municipal Campground","fee":"yes","operator":"Washburn County","capacity":"41","drinking_water":"yes","toilets":"yes","elev_ft":1224}},{"type":"Feature","geometry":{"type":"Point","coordinates":[-89.148789,44.151778]},"properties":{"kind":"campsite","src":"osm","osm":"node/2491460195","name":"Napowan Adventure Base","elev_ft":955}},{"type":"Feature","geometry":{"type":"Point","coordinates":[-89.216589,44.323453]},"properties":{"kind":"campsite","src":"osm","osm":"node/2533103125","name":"Hartman Creek State Park Campground","elev_ft":942}},{"type":"Feature","geometry":{"type":"Point","coordinates":[-87.728524,43.655421]},"properties":{"kind":"campsite","src":"osm","osm":"node/2533134123","name":"Kohler-Andrae State Park Campground","elev_ft":630}},{"type":"Feature","geometry":{"type":"Point","coordinates":[-91.299642,44.969582]},"properties":{"kind":"campsite","src":"osm","osm":"node/2533147480","name":"Lake Wissota State Park Campground","elev_ft":948}},{"type":"Feature","geometry":{"type":"Point","coordinates":[-91.76198,44.15915]},"properties":{"kind":"campsite","src":"osm","osm":"node/2534381659","name":"Merrick State Park Campground","elev_ft":1204}},{"type":"Feature","geometry":{"type":"Point","coordinates":[-87.508726,44.217835]},"properties":{"kind":"campsite","src":"osm","osm":"node/2534520895","name":"Point Beach State Forest Campground","elev_ft":600}},{"type":"Feature","geometry":{"type":"Point","coordinates":[-87.413406,44.863422]},"properties":{"kind":"campsite","src":"osm","osm":"node/2534533454","name":"Potawatomi State Park Campground","elev_ft":650}},{"type":"Feature","geometry":{"type":"Point","coordinates":[-89.815063,44.001177]},"properties":{"kind":"campsite","src":"osm","osm":"node/2534568857","name":"Roche a Cri State Park Campground","elev_ft":991}},{"type":"Feature","geometry":{"type":"Point","coordinates":[-86.828081,45.407515]},"properties":{"kind":"campsite","src":"osm","osm":"node/2534574772","name":"Rock Island State Park Campground","elev_ft":591}},{"type":"Feature","geometry":{"type":"Point","coordinates":[-88.485666,45.342005]},"properties":{"kind":"rv_park","src":"osm","osm":"node/2577160233","name":"Heaven's Up North Family Campground","elev_ft":1227}},{"type":"Feature","geometry":{"type":"Point","coordinates":[-90.949301,43.53816]},"properties":{"kind":"campsite","src":"osm","osm":"node/2618992599","name":"Sidie Hollow County Park Boat Landing Campground","drinking_water":"yes","toilets":"yes","elev_ft":1004}},{"type":"Feature","geometry":{"type":"Point","coordinates":[-90.960282,43.546365]},"properties":{"kind":"campsite","src":"osm","osm":"node/2618992601","name":"Sidie Hollow County Park Main Campground","elev_ft":981}},{"type":"Feature","geometry":{"type":"Point","coordinates":[-90.964944,43.540758]},"properties":{"kind":"campsite","src":"osm","osm":"node/2618997604","name":"Sidie Hollow County Park Ridge Campground","fee":"yes","website":"https://www.vernoncounty.org/parks%20and%20forestry/Sidie%20Hollow%20Park%20&%20Trail%20Map.pdf","capacity":"73","toilets":"yes","reservation":"yes","elev_ft":1234}},{"type":"Feature","geometry":{"type":"Point","coordinates":[-90.97535,43.62967]},"properties":{"kind":"campsite","src":"osm","osm":"node/2619029762","name":"Esofea/Rentz Memorial Park Campground","fee":"yes","capacity":"28","drinking_water":"yes","toilets":"yes","elev_ft":974}},{"type":"Feature","geometry":{"type":"Point","coordinates":[-91.082329,43.339948]},"properties":{"kind":"campsite","src":"osm","osm":"node/2624269385","name":"Sugar Ceek Park Campground","fee":"yes","capacity":"12","reservation":"no","elev_ft":646}},{"type":"Feature","geometry":{"type":"Point","coordinates":[-88.556526,45.884893]},"properties":{"kind":"campsite","src":"osm","osm":"node/2727379019","name":"Lost Lake Campground","fee":"yes","website":"https://www.fs.usda.gov/recarea/cnnf/recreation/camping-cabins/recarea/?recid=27875&actid=29","capacity":"27","drinking_water":"yes","toilets":"vault","reservation":"accepted","elev_ft":1545}},{"type":"Feature","geometry":{"type":"Point","coordinates":[-91.285543,44.052257]},"properties":{"kind":"campsite","src":"osm","osm":"node/2886434060","name":"Lower Apache","elev_ft":810}},{"type":"Feature","geometry":{"type":"Point","coordinates":[-91.286031,44.053332]},"properties":{"kind":"campsite","src":"osm","osm":"node/2886434062","name":"Upper Comanche","elev_ft":804}},{"type":"Feature","geometry":{"type":"Point","coordinates":[-91.285559,44.053209]},"properties":{"kind":"campsite","src":"osm","osm":"node/2886434087","name":"Lower Comanche","elev_ft":804}},{"type":"Feature","geometry":{"type":"Point","coordinates":[-91.286009,44.052324]},"properties":{"kind":"campsite","src":"osm","osm":"node/2886434100","name":"Upper Apache","elev_ft":810}},{"type":"Feature","geometry":{"type":"Point","coordinates":[-91.284585,44.052018]},"properties":{"kind":"campsite","src":"osm","osm":"node/2886441179","name":"Iroquois","elev_ft":801}},{"type":"Feature","geometry":{"type":"Point","coordinates":[-91.285476,44.05415]},"properties":{"kind":"campsite","src":"osm","osm":"node/2886447269","name":"Winnebago","elev_ft":794}},{"type":"Feature","geometry":{"type":"Point","coordinates":[-91.283089,44.05201]},"properties":{"kind":"campsite","src":"osm","osm":"node/2886447288","name":"Mohawk","elev_ft":784}},{"type":"Feature","geometry":{"type":"Point","coordinates":[-91.281919,44.053425]},"properties":{"kind":"campsite","src":"osm","osm":"node/2886462028","name":"Lenape","elev_ft":755}},{"type":"Feature","geometry":{"type":"Point","coordinates":[-91.284489,44.053876]},"properties":{"kind":"campsite","src":"osm","osm":"node/2886462058","name":"Chippewa","elev_ft":778}},{"type":"Feature","geometry":{"type":"Point","coordinates":[-91.282512,44.053313]},"properties":{"kind":"campsite","src":"osm","osm":"node/2886462062","name":"Sioux","elev_ft":755}},{"type":"Feature","geometry":{"type":"Point","coordinates":[-91.282962,44.054533]},"properties":{"kind":"campsite","src":"osm","osm":"node/2886462064","name":"Blackfoot","elev_ft":758}},{"type":"Feature","geometry":{"type":"Point","coordinates":[-91.284483,44.053313]},"properties":{"kind":"campsite","src":"osm","osm":"node/2886463412","name":"Cherokee","elev_ft":778}},{"type":"Feature","geometry":{"type":"Point","coordinates":[-88.913594,43.047362]},"properties":{"kind":"campsite","src":"osm","osm":"node/2903260582","name":"Sandhill Station","fee":"yes","drinking_water":"yes","toilets":"yes","reservation":"yes","elev_ft":833}},{"type":"Feature","geometry":{"type":"Point","coordinates":[-88.962514,45.902486]},"properties":{"kind":"campsite","src":"osm","osm":"node/2938820913","name":"Luna White Deer Campground","website":"https://www.fs.usda.gov/recarea/cnnf/recreation/camping-cabins/recarea/?recid=27879&actid=29","capacity":"37","drinking_water":"yes","toilets":"yes","reservation":"accepted","elev_ft":1722}},{"type":"Feature","geometry":{"type":"Point","coordinates":[-89.043184,45.877922]},"properties":{"kind":"campsite","src":"osm","osm":"node/2943036456","name":"Seven Mile Lake Campground","fee":"yes","website":"https://www.fs.usda.gov/recarea/cnnf/recreation/camping-cabins/recarea/?recid=27883&actid=29","capacity":"27","drinking_water":"yes","toilets":"vault","elev_ft":1686}},{"type":"Feature","geometry":{"type":"Point","coordinates":[-88.731775,45.369411]},"properties":{"kind":"campsite","src":"osm","osm":"node/2956737374","name":"Ada Lake Campground","fee":"yes","operator":"USFS","website":"https://www.fs.usda.gov/recarea/cnnf/recreation/camping-cabins/recarea/?recid=27923&actid=29","capacity":"19","drinking_water":"yes","toilets":"vault","reservation":"no","elev_ft":1673}},{"type":"Feature","geometry":{"type":"Point","coordinates":[-88.465538,45.157034]},"properties":{"kind":"campsite","src":"osm","osm":"node/2956737375","name":"Bagley Rapids Campground","fee":"yes","operator":"United States Forest Service","website":"https://www.fs.usda.gov/recarea/cnnf/recreation/camping-cabins/recarea/?recid=27925&actid=29","capacity":"30","drinking_water":"yes","toilets":"vault","reservation":"no","elev_ft":955}},{"type":"Feature","geometry":{"type":"Point","coordinates":[-88.645662,45.268579]},"properties":{"kind":"campsite","src":"osm","osm":"node/2956737377","name":"Boot Lake Campground","operator":"USFS","website":"https://www.fs.usda.gov/recarea/cnnf/recreation/camping-cabins/recarea/?recid=27929&actid=29","capacity":"36","drinking_water":"yes","toilets":"vault","reservation":"accepted","elev_ft":1342}},{"type":"Feature","geometry":{"type":"Point","coordinates":[-88.445137,45.133436]},"properties":{"kind":"rv_park","src":"osm","osm":"node/2956737381","name":"Chute Pond Campground","elev_ft":899}},{"type":"Feature","geometry":{"type":"Point","coordinates":[-88.714125,45.441781]},"properties":{"kind":"campsite","src":"osm","osm":"node/2956737384","name":"Richardson Lake Campground","operator":"USFS","website":"https://www.fs.usda.gov/recarea/cnnf/recreation/camping-cabins/recarea/?recid=27937&actid=29","capacity":"26","drinking_water":"yes","toilets":"vault","reservation":"accepted","elev_ft":1624}},{"type":"Feature","geometry":{"type":"Point","coordinates":[-88.50176,45.701452]},"properties":{"kind":"campsite","src":"osm","osm":"node/2963982981","name":"Laura-Gordon Lakes Campground","elev_ft":1509}},{"type":"Feature","geometry":{"type":"Point","coordinates":[-88.507331,45.705086]},"properties":{"kind":"campsite","src":"osm","osm":"node/2963982982","name":"Laura-Gordon Lakes Campground","fee":"yes","website":"https://www.fs.usda.gov/recarea/cnnf/recreation/camping-cabins/recarea/?recid=27933&actid=29","capacity":"41","drinking_water":"yes","toilets":"vault","reservation":"accepted","elev_ft":1512}},{"type":"Feature","geometry":{"type":"Point","coordinates":[-91.055986,43.914845]},"properties":{"kind":"campsite","src":"osm","osm":"node/2974296477","name":"Neshonoc Lakeside Camp Resort","operator":"Neshonoc Lakeside Camp Resort","website":"https://www.neshonoclakeside.com/","elev_ft":735}},{"type":"Feature","geometry":{"type":"Point","coordinates":[-89.215947,44.323046]},"properties":{"kind":"dump","src":"osm","osm":"node/3019445194","name":"RV Sanitary Station","fee":"no","elev_ft":942}},{"type":"Feature","geometry":{"type":"Point","coordinates":[-90.539886,43.244345]},"properties":{"kind":"campsite","src":"osm","osm":"node/3046670342","name":"Eagle Cave Campground","elev_ft":1007}},{"type":"Feature","geometry":{"type":"Point","coordinates":[-92.64772,45.403565]},"properties":{"kind":"campsite","src":"osm","osm":"node/3046679111","name":"Interstate State Park WI - North Campground","fee":"yes","capacity":"45","drinking_water":"yes","reservation":"yes","elev_ft":732}},{"type":"Feature","geometry":{"type":"Point","coordinates":[-87.766483,45.112019]},"properties":{"kind":"campsite","src":"osm","osm":"node/3086865315","name":"Green's Green Acres Campground","elev_ft":630}},{"type":"Feature","geometry":{"type":"Point","coordinates":[-90.762418,45.768458]},"properties":{"kind":"campsite","src":"osm","osm":"node/3199377893","name":"Headquarters Group  Camp","fee":"no","elev_ft":1345}},{"type":"Feature","geometry":{"type":"Point","coordinates":[-90.772806,45.76098]},"properties":{"kind":"campsite","src":"osm","osm":"node/3199380918","name":"Boy Scout Camp","fee":"no","drinking_water":"no","toilets":"yes","elev_ft":1335}},{"type":"Feature","geometry":{"type":"Point","coordinates":[-90.779761,45.753603]},"properties":{"kind":"campsite","src":"osm","osm":"node/3199381488","name":"George's Island Camp","fee":"no","operator":"Wisconsin Department of Natural Resources","drinking_water":"no","toilets":"yes","elev_ft":1339}},{"type":"Feature","geometry":{"type":"Point","coordinates":[-88.869728,44.807943]},"properties":{"kind":"campsite","src":"osm","osm":"node/3217151067","name":"Pine Grove Campground","elev_ft":965}},{"type":"Feature","geometry":{"type":"Point","coordinates":[-91.489282,44.030111]},"properties":{"kind":"campsite","src":"osm","osm":"node/3219553813","name":"Site C","elev_ft":659}},{"type":"Feature","geometry":{"type":"Point","coordinates":[-91.481422,44.028196]},"properties":{"kind":"dump","src":"osm","osm":"node/3219601233","elev_ft":725}},{"type":"Feature","geometry":{"type":"Point","coordinates":[-91.481422,44.028098]},"properties":{"kind":"water","src":"osm","osm":"node/3221240176","elev_ft":725}},{"type":"Feature","geometry":{"type":"Point","coordinates":[-88.425613,42.57126]},"properties":{"kind":"campsite","src":"osm","osm":"node/3381577059","name":"RV Camping @ Big Foot Beach State Park","elev_ft":942}},{"type":"Feature","geometry":{"type":"Point","coordinates":[-88.42769,42.569629]},"properties":{"kind":"campsite","src":"osm","osm":"node/3381618111","name":"Tent Camping @ Big Foot Beach State Park","elev_ft":922}},{"type":"Feature","geometry":{"type":"Point","coordinates":[-89.151222,44.345668]},"properties":{"kind":"campsite","src":"osm","osm":"node/3413390390","name":"Camp Onaway","operator":"Boys & Girls Brigade","elev_ft":896}},{"type":"Feature","geometry":{"type":"Point","coordinates":[-89.859226,42.810299]},"properties":{"kind":"campsite","src":"osm","osm":"node/3638766891","name":"McKellar Park Campground","fee":"yes","capacity":"15","drinking_water":"yes","toilets":"no","reservation":"no","elev_ft":820}},{"type":"Feature","geometry":{"type":"Point","coordinates":[-91.703401,45.695551]},"properties":{"kind":"campsite","src":"osm","osm":"node/3641028042","name":"Huron","elev_ft":1243}},{"type":"Feature","geometry":{"type":"Point","coordinates":[-91.703444,45.697889]},"properties":{"kind":"campsite","src":"osm","osm":"node/3641028051","name":"Blackfoot","elev_ft":1227}},{"type":"Feature","geometry":{"type":"Point","coordinates":[-91.699152,45.698076]},"properties":{"kind":"campsite","src":"osm","osm":"node/3641028062","name":"Choctaw","elev_ft":1286}},{"type":"Feature","geometry":{"type":"Point","coordinates":[-91.703466,45.700168]},"properties":{"kind":"campsite","src":"osm","osm":"node/3641028064","name":"Fox","elev_ft":1243}},{"type":"Feature","geometry":{"type":"Point","coordinates":[-91.703401,45.701576]},"properties":{"kind":"campsite","src":"osm","osm":"node/3641028201","name":"Seneca","elev_ft":1260}},{"type":"Feature","geometry":{"type":"Point","coordinates":[-91.703552,45.696855]},"properties":{"kind":"campsite","src":"osm","osm":"node/3641028250","name":"Comanche","elev_ft":1230}},{"type":"Feature","geometry":{"type":"Point","coordinates":[-91.702929,45.699194]},"properties":{"kind":"campsite","src":"osm","osm":"node/3641028265","name":"Winnebago","elev_ft":1230}},{"type":"Feature","geometry":{"type":"Point","coordinates":[-91.702081,45.694719]},"properties":{"kind":"campsite","src":"osm","osm":"node/3641032882","name":"Shoshone","elev_ft":1240}},{"type":"Feature","geometry":{"type":"Point","coordinates":[-91.707585,45.693573]},"properties":{"kind":"campsite","src":"osm","osm":"node/3641032884","name":"Dakota","elev_ft":1234}},{"type":"Feature","geometry":{"type":"Point","coordinates":[-91.708121,45.695701]},"properties":{"kind":"campsite","src":"osm","osm":"node/3641032885","name":"Crow","elev_ft":1247}},{"type":"Feature","geometry":{"type":"Point","coordinates":[-91.708379,45.696473]},"properties":{"kind":"campsite","src":"osm","osm":"node/3641032886","name":"Pawnee","elev_ft":1227}},{"type":"Feature","geometry":{"type":"Point","coordinates":[-91.70677,45.692898]},"properties":{"kind":"campsite","src":"osm","osm":"node/3641032887","name":"Arapahoe","elev_ft":1243}},{"type":"Feature","geometry":{"type":"Point","coordinates":[-91.70825,45.698017]},"properties":{"kind":"campsite","src":"osm","osm":"node/3641032888","name":"Cherokee","elev_ft":1234}},{"type":"Feature","geometry":{"type":"Point","coordinates":[-91.708422,45.697185]},"properties":{"kind":"campsite","src":"osm","osm":"node/3641032889","name":"Santee","elev_ft":1227}},{"type":"Feature","geometry":{"type":"Point","coordinates":[-91.706298,45.695626]},"properties":{"kind":"campsite","src":"osm","osm":"node/3641032891","name":"Cheyenne","elev_ft":1243}},{"type":"Feature","geometry":{"type":"Point","coordinates":[-89.807564,43.644005]},"properties":{"kind":"dump","src":"osm","osm":"node/3664006254","name":"Dumping Station","elev_ft":971}},{"type":"Feature","geometry":{"type":"Point","coordinates":[-89.468402,43.111128]},"properties":{"kind":"campsite","src":"osm","osm":"node/3664654031","name":"Mendota County Park Campground","fee":"yes","access":"yes","operator":"Dane County","website":"https://www.danecountyparks.com/park/Mendota","capacity":"26","drinking_water":"yes","elev_ft":879}},{"type":"Feature","geometry":{"type":"Point","coordinates":[-90.819992,44.374744]},"properties":{"kind":"campsite","src":"osm","osm":"node/3665276976","name":"Camp NCN North","website":"https://www.campncn.com/","elev_ft":951}},{"type":"Feature","geometry":{"type":"Point","coordinates":[-87.797842,44.636167]},"properties":{"kind":"campsite","src":"osm","osm":"node/3725616615","name":"Cecil B. Depeau Bay Shore Park Campgrounds","elev_ft":705}},{"type":"Feature","geometry":{"type":"Point","coordinates":[-90.526425,44.12536]},"properties":{"kind":"campsite","src":"osm","osm":"node/3844164780","name":"Jellystone Campground","operator":"Jellystone Park Warrens","elev_ft":1060}},{"type":"Feature","geometry":{"type":"Point","coordinates":[-89.986235,43.899941]},"properties":{"kind":"campsite","src":"osm","osm":"node/3895721915","name":"Choctaw","elev_ft":938}},{"type":"Feature","geometry":{"type":"Point","coordinates":[-89.851876,44.743544]},"properties":{"kind":"campsite","src":"osm","osm":"node/3900770344","name":"West Unit Campground","operator":"Marathon County","elev_ft":1181}},{"type":"Feature","geometry":{"type":"Point","coordinates":[-89.836251,44.736857]},"properties":{"kind":"campsite","src":"osm","osm":"node/3900770345","name":"South Unit Campground","operator":"Marathon County","elev_ft":1188}},{"type":"Feature","geometry":{"type":"Point","coordinates":[-91.281521,44.057368]},"properties":{"kind":"campsite","src":"osm","osm":"node/3993068086","name":"Staff Row","elev_ft":732}},{"type":"Feature","geometry":{"type":"Point","coordinates":[-89.140142,44.148734]},"properties":{"kind":"campsite","src":"osm","osm":"node/4079575436","name":"Badger","elev_ft":932}},{"type":"Feature","geometry":{"type":"Point","coordinates":[-89.13986,44.150229]},"properties":{"kind":"campsite","src":"osm","osm":"node/4079575438","name":"Bear","elev_ft":938}},{"type":"Feature","geometry":{"type":"Point","coordinates":[-89.143594,44.151429]},"properties":{"kind":"campsite","src":"osm","osm":"node/4079575443","name":"Wolf","elev_ft":965}},{"type":"Feature","geometry":{"type":"Point","coordinates":[-89.15023,44.15365]},"properties":{"kind":"campsite","src":"osm","osm":"node/4079575444","name":"Sioux","elev_ft":968}},{"type":"Feature","geometry":{"type":"Point","coordinates":[-89.149375,44.152493]},"properties":{"kind":"campsite","src":"osm","osm":"node/4079575445","name":"Apache","elev_ft":955}},{"type":"Feature","geometry":{"type":"Point","coordinates":[-89.152245,44.154612]},"properties":{"kind":"campsite","src":"osm","osm":"node/4079575446","name":"Ojibwa","elev_ft":955}},{"type":"Feature","geometry":{"type":"Point","coordinates":[-89.152042,44.153275]},"properties":{"kind":"campsite","src":"osm","osm":"node/4079575447","name":"Blackhawk","elev_ft":958}},{"type":"Feature","geometry":{"type":"Point","coordinates":[-89.152817,44.15223]},"properties":{"kind":"campsite","src":"osm","osm":"node/4079575448","name":"Iroquois","elev_ft":942}},{"type":"Feature","geometry":{"type":"Point","coordinates":[-89.150363,44.15048]},"properties":{"kind":"campsite","src":"osm","osm":"node/4079575453","name":"Cheyenne","elev_ft":899}},{"type":"Feature","geometry":{"type":"Point","coordinates":[-89.149402,44.15016]},"properties":{"kind":"campsite","src":"osm","osm":"node/4079575454","name":"Cherokee","elev_ft":912}},{"type":"Feature","geometry":{"type":"Point","coordinates":[-89.141792,44.150613]},"properties":{"kind":"campsite","src":"osm","osm":"node/4079575457","name":"Elk","elev_ft":945}},{"type":"Feature","geometry":{"type":"Point","coordinates":[-89.141317,44.151487]},"properties":{"kind":"campsite","src":"osm","osm":"node/4079575458","name":"Fox","elev_ft":951}},{"type":"Feature","geometry":{"type":"Point","coordinates":[-89.3182,43.185418]},"properties":{"kind":"dump","src":"osm","osm":"node/4085753259","elev_ft":876}},{"type":"Feature","geometry":{"type":"Point","coordinates":[-91.707736,44.921664]},"properties":{"kind":"campsite","src":"osm","osm":"node/4149667050","name":"Hoffman's Hills","elev_ft":1158}},{"type":"Feature","geometry":{"type":"Point","coordinates":[-88.961652,45.369837]},"properties":{"kind":"campsite","src":"osm","osm":"node/4172285790","name":"Whitney","operator":"Ma-Ka-Ja-Wan Scout Reservation","elev_ft":1542}},{"type":"Feature","geometry":{"type":"Point","coordinates":[-88.964578,45.370444]},"properties":{"kind":"campsite","src":"osm","osm":"node/4172285791","name":"Crockett","operator":"Ma-Ka-Ja-Wan Scout Reservation","elev_ft":1565}},{"type":"Feature","geometry":{"type":"Point","coordinates":[-88.983819,45.37702]},"properties":{"kind":"campsite","src":"osm","osm":"node/4172292856","name":"Jack Pine","access":"private","elev_ft":1549}},{"type":"Feature","geometry":{"type":"Point","coordinates":[-88.980858,45.377254]},"properties":{"kind":"campsite","src":"osm","osm":"node/4172292857","name":"Birch","access":"private","elev_ft":1545}},{"type":"Feature","geometry":{"type":"Point","coordinates":[-90.702595,44.420694]},"properties":{"kind":"campsite","src":"osm","osm":"node/4242342911","name":"East Arbutus","operator":"Jackson County","website":"https://jacksoncountyparks.us/parks/camping/east_arbutus/","elev_ft":922}},{"type":"Feature","geometry":{"type":"Point","coordinates":[-91.701388,45.687653]},"properties":{"kind":"campsite","src":"osm","osm":"node/4250487021","name":"Menomonee","elev_ft":1243}},{"type":"Feature","geometry":{"type":"Point","coordinates":[-91.698405,45.68551]},"properties":{"kind":"campsite","src":"osm","osm":"node/4250487025","name":"Mingo","elev_ft":1253}},{"type":"Feature","geometry":{"type":"Point","coordinates":[-91.694564,45.691191]},"properties":{"kind":"campsite","src":"osm","osm":"node/4250487031","name":"Sac","elev_ft":1250}},{"type":"Feature","geometry":{"type":"Point","coordinates":[-91.70201,45.690104]},"properties":{"kind":"campsite","src":"osm","osm":"node/4250487034","name":"Miami","elev_ft":1250}},{"type":"Feature","geometry":{"type":"Point","coordinates":[-91.704219,45.69218]},"properties":{"kind":"campsite","src":"osm","osm":"node/4250487043","name":"Oneida","elev_ft":1250}},{"type":"Feature","geometry":{"type":"Point","coordinates":[-91.70156,45.690733]},"properties":{"kind":"campsite","src":"osm","osm":"node/4250487061","name":"Tuscarora","elev_ft":1250}},{"type":"Feature","geometry":{"type":"Point","coordinates":[-91.697429,45.686664]},"properties":{"kind":"campsite","src":"osm","osm":"node/4250487074","name":"Tonkawa","elev_ft":1260}},{"type":"Feature","geometry":{"type":"Point","coordinates":[-91.699253,45.686402]},"properties":{"kind":"campsite","src":"osm","osm":"node/4250487077","name":"Quapaw","elev_ft":1250}},{"type":"Feature","geometry":{"type":"Point","coordinates":[-91.697043,45.684573]},"properties":{"kind":"campsite","src":"osm","osm":"node/4250487078","name":"Mohican","elev_ft":1240}},{"type":"Feature","geometry":{"type":"Point","coordinates":[-91.695466,45.685195]},"properties":{"kind":"campsite","src":"osm","osm":"node/4250487082","name":"Paiute","elev_ft":1227}},{"type":"Feature","geometry":{"type":"Point","coordinates":[-91.696839,45.692652]},"properties":{"kind":"campsite","src":"osm","osm":"node/4250487084","name":"Potawatami","elev_ft":1286}},{"type":"Feature","geometry":{"type":"Point","coordinates":[-91.703158,45.690726]},"properties":{"kind":"campsite","src":"osm","osm":"node/4250487087","name":"Mohawk","elev_ft":1243}},{"type":"Feature","geometry":{"type":"Point","coordinates":[-91.699618,45.690449]},"properties":{"kind":"campsite","src":"osm","osm":"node/4250487088","name":"Iroquois","elev_ft":1227}},{"type":"Feature","geometry":{"type":"Point","coordinates":[-91.70408,45.691273]},"properties":{"kind":"campsite","src":"osm","osm":"node/4250487189","name":"Cayuga","elev_ft":1250}},{"type":"Feature","geometry":{"type":"Point","coordinates":[-91.695809,45.690486]},"properties":{"kind":"campsite","src":"osm","osm":"node/4250487194","name":"Chickasaw","elev_ft":1250}},{"type":"Feature","geometry":{"type":"Point","coordinates":[-89.980177,43.945728]},"properties":{"kind":"campsite","src":"osm","osm":"node/4250861390","name":"North Backpack Sites 20-22","elev_ft":892}},{"type":"Feature","geometry":{"type":"Point","coordinates":[-87.213003,45.164973]},"properties":{"kind":"campsite","src":"osm","osm":"node/4321830186","name":"Group Camp","elev_ft":597}},{"type":"Feature","geometry":{"type":"Point","coordinates":[-87.218968,45.163974]},"properties":{"kind":"campsite","src":"osm","osm":"node/4321830187","name":"South Nicolet Bay","elev_ft":597}},{"type":"Feature","geometry":{"type":"Point","coordinates":[-87.232629,45.159605]},"properties":{"kind":"campsite","src":"osm","osm":"node/4321832299","name":"Tennison Bay","elev_ft":600}},{"type":"Feature","geometry":{"type":"Point","coordinates":[-87.224836,45.172387]},"properties":{"kind":"campsite","src":"osm","osm":"node/4321832300","name":"Welcker's","elev_ft":623}},{"type":"Feature","geometry":{"type":"Point","coordinates":[-87.224008,45.168707]},"properties":{"kind":"campsite","src":"osm","osm":"node/4321832304","name":"North Nicolet Bay","elev_ft":617}},{"type":"Feature","geometry":{"type":"Point","coordinates":[-87.410203,44.853317]},"properties":{"kind":"campsite","src":"osm","osm":"node/4328272688","name":"Group Camp @ Potawatomi State Park","elev_ft":705}},{"type":"Feature","geometry":{"type":"Point","coordinates":[-87.412917,44.862849]},"properties":{"kind":"campsite","src":"osm","osm":"node/4328280073","name":"South Camp Area @ Potawatomi State Park","elev_ft":650}},{"type":"Feature","geometry":{"type":"Point","coordinates":[-87.414763,44.866234]},"properties":{"kind":"campsite","src":"osm","osm":"node/4328280087","name":"North Camp Area @ Potawatomi State Park","elev_ft":650}},{"type":"Feature","geometry":{"type":"Point","coordinates":[-91.282056,44.055316]},"properties":{"kind":"campsite","src":"osm","osm":"node/4341390711","name":"Arapahoe","elev_ft":741}},{"type":"Feature","geometry":{"type":"Point","coordinates":[-91.283668,44.063401]},"properties":{"kind":"campsite","src":"osm","osm":"node/4341748765","name":"Champions Riverside Resort","elev_ft":732}},{"type":"Feature","geometry":{"type":"Point","coordinates":[-90.671541,43.505094]},"properties":{"kind":"campsite","src":"osm","osm":"node/4371590482","elev_ft":764}},{"type":"Feature","geometry":{"type":"Point","coordinates":[-88.860619,45.929966]},"properties":{"kind":"campsite","src":"osm","osm":"node/4396393782","name":"Windsor Dam Campground","fee":"no","operator":"USFS","website":"https://www.fs.usda.gov/recarea/cnnf/recreation/camping-cabins/recarea/?recid=27889&actid=29","capacity":"8","drinking_water":"yes","toilets":"vault","elev_ft":1670}},{"type":"Feature","geometry":{"type":"Point","coordinates":[-88.712063,45.923917]},"properties":{"kind":"campsite","src":"osm","osm":"node/4396402129","name":"Stevens Lake Campground","fee":"yes","website":"https://www.fs.usda.gov/recarea/cnnf/recreation/camping-cabins/recarea/?recid=27887&actid=29","capacity":"6","drinking_water":"yes","toilets":"vault","elev_ft":1634}},{"type":"Feature","geometry":{"type":"Point","coordinates":[-90.655638,42.577689]},"properties":{"kind":"campsite","src":"osm","osm":"node/4403475135","elev_ft":883}},{"type":"Feature","geometry":{"type":"Point","coordinates":[-91.02959,42.740153]},"properties":{"kind":"campsite","src":"osm","osm":"node/4403634644","name":"A","elev_ft":850}},{"type":"Feature","geometry":{"type":"Point","coordinates":[-91.030056,42.740521]},"properties":{"kind":"campsite","src":"osm","osm":"node/4403634645","name":"B","elev_ft":771}},{"type":"Feature","geometry":{"type":"Point","coordinates":[-91.029141,42.739996]},"properties":{"kind":"campsite","src":"osm","osm":"node/4403634672","name":"D","elev_ft":850}},{"type":"Feature","geometry":{"type":"Point","coordinates":[-91.030557,42.740637]},"properties":{"kind":"campsite","src":"osm","osm":"node/4403634673","name":"C","elev_ft":771}},{"type":"Feature","geometry":{"type":"Point","coordinates":[-91.027621,42.740877]},"properties":{"kind":"campsite","src":"osm","osm":"node/4403634678","name":"22E","elev_ft":928}},{"type":"Feature","geometry":{"type":"Point","coordinates":[-91.027883,42.74083]},"properties":{"kind":"campsite","src":"osm","osm":"node/4403634679","name":"21E","elev_ft":928}},{"type":"Feature","geometry":{"type":"Point","coordinates":[-91.028287,42.740687]},"properties":{"kind":"campsite","src":"osm","osm":"node/4403634680","name":"20E","elev_ft":928}},{"type":"Feature","geometry":{"type":"Point","coordinates":[-91.028624,42.740675]},"properties":{"kind":"campsite","src":"osm","osm":"node/4403634681","name":"19E","elev_ft":850}},{"type":"Feature","geometry":{"type":"Point","coordinates":[-91.028844,42.74056]},"properties":{"kind":"campsite","src":"osm","osm":"node/4403634682","name":"18","elev_ft":850}},{"type":"Feature","geometry":{"type":"Point","coordinates":[-91.02924,42.740694]},"properties":{"kind":"campsite","src":"osm","osm":"node/4403634683","name":"17","elev_ft":850}},{"type":"Feature","geometry":{"type":"Point","coordinates":[-91.029009,42.740854]},"properties":{"kind":"campsite","src":"osm","osm":"node/4403634684","name":"16","elev_ft":850}},{"type":"Feature","geometry":{"type":"Point","coordinates":[-91.028599,42.740857]},"properties":{"kind":"campsite","src":"osm","osm":"node/4403634685","name":"15E","elev_ft":850}},{"type":"Feature","geometry":{"type":"Point","coordinates":[-91.028115,42.740928]},"properties":{"kind":"campsite","src":"osm","osm":"node/4403634686","name":"14E","elev_ft":928}},{"type":"Feature","geometry":{"type":"Point","coordinates":[-91.027753,42.741031]},"properties":{"kind":"campsite","src":"osm","osm":"node/4403634687","name":"13E","elev_ft":961}},{"type":"Feature","geometry":{"type":"Point","coordinates":[-91.025343,42.739579]},"properties":{"kind":"campsite","src":"osm","osm":"node/4404183065","name":"1","elev_ft":968}},{"type":"Feature","geometry":{"type":"Point","coordinates":[-91.025767,42.739921]},"properties":{"kind":"campsite","src":"osm","osm":"node/4404183066","name":"4","elev_ft":968}},{"type":"Feature","geometry":{"type":"Point","coordinates":[-91.025862,42.739997]},"properties":{"kind":"campsite","src":"osm","osm":"node/4404183067","name":"5","elev_ft":978}},{"type":"Feature","geometry":{"type":"Point","coordinates":[-91.026225,42.740177]},"properties":{"kind":"campsite","src":"osm","osm":"node/4404183200","name":"6","elev_ft":978}},{"type":"Feature","geometry":{"type":"Point","coordinates":[-91.026763,42.740346]},"properties":{"kind":"campsite","src":"osm","osm":"node/4404183201","name":"8","elev_ft":978}},{"type":"Feature","geometry":{"type":"Point","coordinates":[-91.02695,42.740447]},"properties":{"kind":"campsite","src":"osm","osm":"node/4404183202","name":"10","elev_ft":978}},{"type":"Feature","geometry":{"type":"Point","coordinates":[-91.027185,42.740648]},"properties":{"kind":"campsite","src":"osm","osm":"node/4404183203","name":"11","elev_ft":978}},{"type":"Feature","geometry":{"type":"Point","coordinates":[-91.025274,42.739751]},"properties":{"kind":"campsite","src":"osm","osm":"node/4404183204","name":"2","elev_ft":968}},{"type":"Feature","geometry":{"type":"Point","coordinates":[-91.025419,42.73992]},"properties":{"kind":"campsite","src":"osm","osm":"node/4404183205","name":"3","elev_ft":968}},{"type":"Feature","geometry":{"type":"Point","coordinates":[-91.026558,42.740438]},"properties":{"kind":"campsite","src":"osm","osm":"node/4404183209","name":"7E","elev_ft":978}},{"type":"Feature","geometry":{"type":"Point","coordinates":[-91.026798,42.7406]},"properties":{"kind":"campsite","src":"osm","osm":"node/4404183210","name":"9E","elev_ft":978}},{"type":"Feature","geometry":{"type":"Point","coordinates":[-91.027096,42.740846]},"properties":{"kind":"campsite","src":"osm","osm":"node/4404183211","name":"12E","elev_ft":978}},{"type":"Feature","geometry":{"type":"Point","coordinates":[-91.027122,42.741081]},"properties":{"kind":"campsite","src":"osm","osm":"node/4404183212","name":"23E Host Site","elev_ft":974}},{"type":"Feature","geometry":{"type":"Point","coordinates":[-91.026556,42.74101]},"properties":{"kind":"dump","src":"osm","osm":"node/4404183217","elev_ft":974}},{"type":"Feature","geometry":{"type":"Point","coordinates":[-91.026712,42.741452]},"properties":{"kind":"campsite","src":"osm","osm":"node/4404183218","name":"24","elev_ft":974}},{"type":"Feature","geometry":{"type":"Point","coordinates":[-91.027066,42.741525]},"properties":{"kind":"campsite","src":"osm","osm":"node/4404183219","name":"31E","elev_ft":974}},{"type":"Feature","geometry":{"type":"Point","coordinates":[-91.02725,42.741579]},"properties":{"kind":"campsite","src":"osm","osm":"node/4404183220","name":"30E","elev_ft":961}},{"type":"Feature","geometry":{"type":"Point","coordinates":[-91.02698,42.741993]},"properties":{"kind":"campsite","src":"osm","osm":"node/4404183221","name":"25E","elev_ft":945}},{"type":"Feature","geometry":{"type":"Point","coordinates":[-91.027089,42.742134]},"properties":{"kind":"campsite","src":"osm","osm":"node/4404183222","name":"26E","elev_ft":945}},{"type":"Feature","geometry":{"type":"Point","coordinates":[-91.027618,42.741959]},"properties":{"kind":"campsite","src":"osm","osm":"node/4404183231","name":"29E","elev_ft":961}},{"type":"Feature","geometry":{"type":"Point","coordinates":[-91.027317,42.742062]},"properties":{"kind":"campsite","src":"osm","osm":"node/4404183232","name":"27E","elev_ft":955}},{"type":"Feature","geometry":{"type":"Point","coordinates":[-91.027452,42.742038]},"properties":{"kind":"campsite","src":"osm","osm":"node/4404183233","name":"28E","elev_ft":955}},{"type":"Feature","geometry":{"type":"Point","coordinates":[-91.024763,42.739708]},"properties":{"kind":"campsite","src":"osm","osm":"node/4404183235","name":"41","elev_ft":968}},{"type":"Feature","geometry":{"type":"Point","coordinates":[-91.024898,42.739874]},"properties":{"kind":"campsite","src":"osm","osm":"node/4404183236","name":"40","elev_ft":968}},{"type":"Feature","geometry":{"type":"Point","coordinates":[-91.024614,42.739967]},"properties":{"kind":"campsite","src":"osm","osm":"node/4404183237","name":"39","elev_ft":978}},{"type":"Feature","geometry":{"type":"Point","coordinates":[-91.025072,42.740434]},"properties":{"kind":"campsite","src":"osm","osm":"node/4404183239","name":"38","elev_ft":978}},{"type":"Feature","geometry":{"type":"Point","coordinates":[-91.025358,42.740338]},"properties":{"kind":"campsite","src":"osm","osm":"node/4404183240","name":"37","elev_ft":978}},{"type":"Feature","geometry":{"type":"Point","coordinates":[-91.025461,42.740541]},"properties":{"kind":"campsite","src":"osm","osm":"node/4404183241","name":"36","elev_ft":978}},{"type":"Feature","geometry":{"type":"Point","coordinates":[-91.025701,42.740393]},"properties":{"kind":"campsite","src":"osm","osm":"node/4404183242","name":"35","elev_ft":978}},{"type":"Feature","geometry":{"type":"Point","coordinates":[-91.025831,42.740653]},"properties":{"kind":"campsite","src":"osm","osm":"node/4404183243","name":"34","elev_ft":978}},{"type":"Feature","geometry":{"type":"Point","coordinates":[-91.026194,42.740854]},"properties":{"kind":"campsite","src":"osm","osm":"node/4404183244","name":"32","elev_ft":978}},{"type":"Feature","geometry":{"type":"Point","coordinates":[-91.026325,42.740706]},"properties":{"kind":"campsite","src":"osm","osm":"node/4404183245","name":"33","elev_ft":978}},{"type":"Feature","geometry":{"type":"Point","coordinates":[-90.107471,43.024433]},"properties":{"kind":"dump","src":"osm","osm":"node/4418192016","elev_ft":1171}},{"type":"Feature","geometry":{"type":"Point","coordinates":[-89.956821,44.118972]},"properties":{"kind":"dump","src":"osm","osm":"node/4430082396","elev_ft":942}},{"type":"Feature","geometry":{"type":"Point","coordinates":[-89.806056,44.125462]},"properties":{"kind":"campsite","src":"osm","osm":"node/4482637395","name":"Pineland Camping","elev_ft":1017}},{"type":"Feature","geometry":{"type":"Point","coordinates":[-90.611757,46.167468]},"properties":{"kind":"campsite","src":"osm","osm":"node/4486881592","name":"Northern Lure Resort & Campground","fee":"yes","website":"https://www.northernlure.com/","elev_ft":1509}},{"type":"Feature","geometry":{"type":"Point","coordinates":[-91.439912,46.05049]},"properties":{"kind":"campsite","src":"osm","osm":"node/4486938990","elev_ft":1227}},{"type":"Feature","geometry":{"type":"Point","coordinates":[-90.699011,42.650282]},"properties":{"kind":"campsite","src":"osm","osm":"node/4785461695","name":"Grant River Campground","fee":"yes","operator":"United States Army Corps of Engineers","capacity":"73","reservation":"accepted","elev_ft":623}},{"type":"Feature","geometry":{"type":"Point","coordinates":[-92.239176,44.879329]},"properties":{"kind":"campsite","src":"osm","osm":"node/4794544816","name":"Equestrian Campground","operator":"United States Army Corps of Engineers","elev_ft":1132}},{"type":"Feature","geometry":{"type":"Point","coordinates":[-89.514587,44.559036]},"properties":{"kind":"campsite","src":"osm","osm":"node/4814532965","name":"Boy Scouts of America: Camp Fletcher","elev_ft":1115}},{"type":"Feature","geometry":{"type":"Point","coordinates":[-90.439893,43.196922]},"properties":{"kind":"campsite","src":"osm","osm":"node/4856623063","name":"Muscoda Campground","fee":"yes","operator":"Village of Muscoda","capacity":"45","drinking_water":"yes","toilets":"yes","elev_ft":692}},{"type":"Feature","geometry":{"type":"Point","coordinates":[-92.657598,45.387594]},"properties":{"kind":"campsite","src":"osm","osm":"node/4939261382","name":"Interstate State Park WI - Group Campground","fee":"yes","operator":"Interstate State Park","elev_ft":794}},{"type":"Feature","geometry":{"type":"Point","coordinates":[-92.64462,45.397006]},"properties":{"kind":"dump","src":"osm","osm":"node/4939304211","elev_ft":961}},{"type":"Feature","geometry":{"type":"Point","coordinates":[-87.752211,45.061009]},"properties":{"kind":"campsite","src":"osm","osm":"node/4944811023","toilets":"yes","elev_ft":659}},{"type":"Feature","geometry":{"type":"Point","coordinates":[-91.872826,45.661468]},"properties":{"kind":"campsite","src":"osm","osm":"node/5010361809","name":"WhitetailRidge Campground","elev_ft":1250}},{"type":"Feature","geometry":{"type":"Point","coordinates":[-88.191471,43.501074]},"properties":{"kind":"campsite","src":"osm","osm":"node/5084440710","name":"Shelter #1","capacity":"10","reservation":"required","elev_ft":1066}},{"type":"Feature","geometry":{"type":"Point","coordinates":[-91.090689,42.898402]},"properties":{"kind":"campsite","src":"osm","osm":"node/5085109517","name":"River of Lakes Riverfront Campground","capacity":"100","elev_ft":640}},{"type":"Feature","geometry":{"type":"Point","coordinates":[-90.95045,44.422395]},"properties":{"kind":"rv_park","src":"osm","osm":"node/5138769674","name":"KOA","operator":"Hixton Alma Center","elev_ft":1030}},{"type":"Feature","geometry":{"type":"Point","coordinates":[-89.519847,45.926006]},"properties":{"kind":"rv_park","src":"osm","osm":"node/5275554067","fee":"no","access":"customers","elev_ft":1611}},{"type":"Feature","geometry":{"type":"Point","coordinates":[-89.804342,43.562597]},"properties":{"kind":"water","src":"osm","osm":"node/5518443408","elev_ft":909}},{"type":"Feature","geometry":{"type":"Point","coordinates":[-89.804307,43.56275]},"properties":{"kind":"dump","src":"osm","osm":"node/5518543880","elev_ft":909}},{"type":"Feature","geometry":{"type":"Point","coordinates":[-87.565154,44.144849]},"properties":{"kind":"campsite","src":"osm","osm":"node/5576647928","name":"Seagull Marina Campground","elev_ft":581}},{"type":"Feature","geometry":{"type":"Point","coordinates":[-87.725163,43.660032]},"properties":{"kind":"campsite","src":"osm","osm":"node/5680694132","name":"Group Campground","operator":"Kohler-Andrae State Park","elev_ft":594}},{"type":"Feature","geometry":{"type":"Point","coordinates":[-89.781745,43.619027]},"properties":{"kind":"campsite","src":"osm","osm":"node/5737743108","name":"American Resort and Campground","website":"https://www.americanworld.com/","elev_ft":902}},{"type":"Feature","geometry":{"type":"Point","coordinates":[-90.320138,43.942194]},"properties":{"kind":"campsite","src":"osm","osm":"node/5893475678","name":"Mill Bluff campground","elev_ft":948}},{"type":"Feature","geometry":{"type":"Point","coordinates":[-88.856607,42.958496]},"properties":{"kind":"campsite","src":"osm","osm":"node/5933169491","elev_ft":883}},{"type":"Feature","geometry":{"type":"Point","coordinates":[-88.564988,43.986892]},"properties":{"kind":"campsite","src":"osm","osm":"node/6014255153","name":"Warbird Camping","elev_ft":791}},{"type":"Feature","geometry":{"type":"Point","coordinates":[-88.56516,43.984524]},"properties":{"kind":"campsite","src":"osm","osm":"node/6014255154","name":"Homebuilt Camping","elev_ft":797}},{"type":"Feature","geometry":{"type":"Point","coordinates":[-88.56118,43.975118]},"properties":{"kind":"campsite","src":"osm","osm":"node/6014255155","name":"Vintage Camping","elev_ft":810}},{"type":"Feature","geometry":{"type":"Point","coordinates":[-88.560557,43.969541]},"properties":{"kind":"campsite","src":"osm","osm":"node/6014255156","name":"Ultralight Camping","elev_ft":804}},{"type":"Feature","geometry":{"type":"Point","coordinates":[-87.72619,43.658453]},"properties":{"kind":"dump","src":"osm","osm":"node/6154178716","elev_ft":614}},{"type":"Feature","geometry":{"type":"Point","coordinates":[-91.060883,46.68513]},"properties":{"kind":"campsite","src":"osm","osm":"node/6223184009","name":"Birch Grove Campground","operator":"USFS","website":"https://www.fs.usda.gov/recarea/cnnf/recreation/camping-cabins/recarea/?recid=27831&actid=29","drinking_water":"yes","toilets":"vault","reservation":"no","elev_ft":1112}},{"type":"Feature","geometry":{"type":"Point","coordinates":[-88.949443,45.282425]},"properties":{"kind":"campsite","src":"osm","osm":"node/6229429336","name":"Hillbilly Hilton","elev_ft":1722}},{"type":"Feature","geometry":{"type":"Point","coordinates":[-88.619008,42.819044]},"properties":{"kind":"campsite","src":"osm","osm":"node/6244157474","name":"KMSF-SU Shelter 3","reservation":"required","elev_ft":899}},{"type":"Feature","geometry":{"type":"Point","coordinates":[-89.090221,45.32136]},"properties":{"kind":"campsite","src":"osm","osm":"node/6274163594","name":"Game Lake Primitive","elev_ft":1640}},{"type":"Feature","geometry":{"type":"Point","coordinates":[-92.848878,45.726033]},"properties":{"kind":"campsite","src":"osm","osm":"node/6275663245","name":"Group Camp","elev_ft":768}},{"type":"Feature","geometry":{"type":"Point","coordinates":[-88.46478,42.923265]},"properties":{"kind":"campsite","src":"osm","osm":"node/6285151818","name":"KMSF-SU Shelter 1","elev_ft":974}},{"type":"Feature","geometry":{"type":"Point","coordinates":[-88.899014,45.521605]},"properties":{"kind":"campsite","src":"osm","osm":"node/6455316813","elev_ft":1601}},{"type":"Feature","geometry":{"type":"Point","coordinates":[-88.432724,42.574445]},"properties":{"kind":"campsite","src":"osm","osm":"node/6513536899","name":"Lake Geneva Youth Camp","fee":"yes","access":"private","website":"https://www.lgyc.org/","elev_ft":951}},{"type":"Feature","geometry":{"type":"Point","coordinates":[-90.287758,43.013283]},"properties":{"kind":"campsite","src":"osm","osm":"node/6527915568","name":"Blackhawk Lake Recreation Area Camping","fee":"yes","operator":"Black Hawk Lake Recreation Area","website":"https://www.blackhawklake.com/camping","drinking_water":"yes","elev_ft":958}},{"type":"Feature","geometry":{"type":"Point","coordinates":[-92.776818,45.765983]},"properties":{"kind":"campsite","src":"osm","osm":"node/6530649842","name":"Saint Croix Family Campground","fee":"yes","drinking_water":"yes","toilets":"vault","elev_ft":909}},{"type":"Feature","geometry":{"type":"Point","coordinates":[-92.067533,45.600844]},"properties":{"kind":"campsite","src":"osm","osm":"node/6542532514","name":"Kirby Lake Primitive","drinking_water":"no","toilets":"pitlatrine","elev_ft":1329}},{"type":"Feature","geometry":{"type":"Point","coordinates":[-91.571632,46.259325]},"properties":{"kind":"campsite","src":"osm","osm":"node/6551896046","name":"Mooney Dam CP","fee":"yes","drinking_water":"yes","toilets":"pitlatrine","elev_ft":1142}},{"type":"Feature","geometry":{"type":"Point","coordinates":[-87.507856,44.218635]},"properties":{"kind":"dump","src":"osm","osm":"node/6564883251","elev_ft":604}},{"type":"Feature","geometry":{"type":"Point","coordinates":[-91.080222,46.861269]},"properties":{"kind":"campsite","src":"osm","osm":"node/6573160602","name":"South Shore Campground","website":"http://southshorecampground.com/","elev_ft":758}},{"type":"Feature","geometry":{"type":"Point","coordinates":[-89.740185,45.474927]},"properties":{"kind":"campsite","src":"osm","osm":"node/6575313688","name":"Sara Park Campground","fee":"yes","capacity":"10","reservation":"yes","elev_ft":1437}},{"type":"Feature","geometry":{"type":"Point","coordinates":[-92.117087,46.537763]},"properties":{"kind":"dump","src":"osm","osm":"node/6578908340","elev_ft":1010}},{"type":"Feature","geometry":{"type":"Point","coordinates":[-91.527337,45.970542]},"properties":{"kind":"campsite","src":"osm","osm":"node/6580669709","elev_ft":1155}},{"type":"Feature","geometry":{"type":"Point","coordinates":[-91.765262,45.916233]},"properties":{"kind":"campsite","src":"osm","osm":"node/6580763687","elev_ft":1070}},{"type":"Feature","geometry":{"type":"Point","coordinates":[-89.983617,43.943495]},"properties":{"kind":"campsite","src":"osm","osm":"node/6580895701","name":"East Backpack Sites 30-33, 39-42","elev_ft":915}},{"type":"Feature","geometry":{"type":"Point","coordinates":[-89.983534,43.939369]},"properties":{"kind":"campsite","src":"osm","osm":"node/6580895704","name":"Group Campsite","elev_ft":909}},{"type":"Feature","geometry":{"type":"Point","coordinates":[-89.978177,43.957068]},"properties":{"kind":"campsite","src":"osm","osm":"node/6580962985","name":"North Backpack Sites 1-3","elev_ft":902}},{"type":"Feature","geometry":{"type":"Point","coordinates":[-90.002859,43.945963]},"properties":{"kind":"dump","src":"osm","osm":"node/6580962987","elev_ft":902}},{"type":"Feature","geometry":{"type":"Point","coordinates":[-90.01685,43.940754]},"properties":{"kind":"campsite","src":"osm","osm":"node/6580963015","name":"Buckhorn State Park Campground","fee":"yes","elev_ft":892}},{"type":"Feature","geometry":{"type":"Point","coordinates":[-92.013065,46.0277]},"properties":{"kind":"campsite","src":"osm","osm":"node/6581675745","elev_ft":942}},{"type":"Feature","geometry":{"type":"Point","coordinates":[-92.011263,46.027595]},"properties":{"kind":"campsite","src":"osm","osm":"node/6581694385","elev_ft":965}},{"type":"Feature","geometry":{"type":"Point","coordinates":[-87.80724,43.491484]},"properties":{"kind":"dump","src":"osm","osm":"node/6587952611","fee":"no","elev_ft":663}},{"type":"Feature","geometry":{"type":"Point","coordinates":[-91.488906,46.003036]},"properties":{"kind":"campsite","src":"osm","osm":"node/6680200277","elev_ft":1181}},{"type":"Feature","geometry":{"type":"Point","coordinates":[-91.71231,45.951614]},"properties":{"kind":"campsite","src":"osm","osm":"node/6680262607","elev_ft":1086}},{"type":"Feature","geometry":{"type":"Point","coordinates":[-91.575241,45.977948]},"properties":{"kind":"campsite","src":"osm","osm":"node/6680267157","elev_ft":1142}},{"type":"Feature","geometry":{"type":"Point","coordinates":[-91.634376,45.995735]},"properties":{"kind":"campsite","src":"osm","osm":"node/6680275737","elev_ft":1122}},{"type":"Feature","geometry":{"type":"Point","coordinates":[-91.90749,45.975773]},"properties":{"kind":"campsite","src":"osm","osm":"node/6712565795","elev_ft":1014}},{"type":"Feature","geometry":{"type":"Point","coordinates":[-91.927793,46.253048]},"properties":{"kind":"campsite","src":"osm","osm":"node/6824000822","name":"Gordon Dam Park Landing","fee":"yes","capacity":"33","elev_ft":1030}},{"type":"Feature","geometry":{"type":"Point","coordinates":[-92.082419,46.190439]},"properties":{"kind":"campsite","src":"osm","osm":"node/6824011699","elev_ft":1033}},{"type":"Feature","geometry":{"type":"Point","coordinates":[-92.116483,46.168101]},"properties":{"kind":"campsite","src":"osm","osm":"node/6824012667","name":"St Croix NSR - Schoen Park","fee":"no","drinking_water":"no","toilets":"vault","elev_ft":958}},{"type":"Feature","geometry":{"type":"Point","coordinates":[-92.875654,45.678575]},"properties":{"kind":"campsite","src":"osm","osm":"node/6826186074","name":"County O Landing","elev_ft":774}},{"type":"Feature","geometry":{"type":"Point","coordinates":[-92.863767,45.568005]},"properties":{"kind":"campsite","src":"osm","osm":"node/6826711627","elev_ft":761}},{"type":"Feature","geometry":{"type":"Point","coordinates":[-91.278582,46.13979]},"properties":{"kind":"campsite","src":"osm","osm":"node/6863627653","name":"The Ballfield Campsite","elev_ft":1424}},{"type":"Feature","geometry":{"type":"Point","coordinates":[-92.263525,44.480736]},"properties":{"kind":"campsite","src":"osm","osm":"node/7124814037","name":"Stockholm Village Park","fee":"yes","drinking_water":"yes","toilets":"yes","elev_ft":673}},{"type":"Feature","geometry":{"type":"Point","coordinates":[-90.268213,43.729663]},"properties":{"kind":"campsite","src":"osm","osm":"node/7124837543","name":"E.O. Schultz City Park","fee":"yes","website":"https://www.elroywi.com/index.asp?SEC=7FC6A0F3-678A-40E2-87E3-0A8381A7750E","toilets":"yes","elev_ft":938}},{"type":"Feature","geometry":{"type":"Point","coordinates":[-90.787864,43.926892]},"properties":{"kind":"campsite","src":"osm","osm":"node/7125060583","name":"Sparta Walk-in Campground","fee":"yes","drinking_water":"yes","toilets":"vault","elev_ft":814}},{"type":"Feature","geometry":{"type":"Point","coordinates":[-90.304068,43.759101]},"properties":{"kind":"campsite","src":"osm","osm":"node/7125090226","name":"ELROY CAMPGROUND","drinking_water":"yes","toilets":"yes","elev_ft":978}},{"type":"Feature","geometry":{"type":"Point","coordinates":[-90.326652,44.9993]},"properties":{"kind":"campsite","src":"osm","osm":"node/7125277107","name":"Dorchester City Park","fee":"yes","drinking_water":"yes","toilets":"yes","reservation":"no","elev_ft":1421}},{"type":"Feature","geometry":{"type":"Point","coordinates":[-89.059461,45.937367]},"properties":{"kind":"campsite","src":"osm","osm":"node/7141052425","name":"Anvil Lake Recreation Area","fee":"yes","website":"https://www.fs.usda.gov/recarea/cnnf/recreation/camping-cabins/recarea/?recid=27859&actid=29","capacity":"18","drinking_water":"yes","toilets":"vault","reservation":"no","elev_ft":1742}},{"type":"Feature","geometry":{"type":"Point","coordinates":[-88.988127,45.937858]},"properties":{"kind":"campsite","src":"osm","osm":"node/7141068255","name":"Franklin Lake Recreation Area","fee":"yes","operator":"USFS","website":"https://www.fs.usda.gov/recarea/cnnf/recreation/camping-cabins/recarea/?recid=27865&actid=29","drinking_water":"yes","toilets":"yes","reservation":"accepted","elev_ft":1752}},{"type":"Feature","geometry":{"type":"Point","coordinates":[-88.98025,45.993044]},"properties":{"kind":"campsite","src":"osm","osm":"node/7141098433","name":"Kentuck Lake Recreation Area","fee":"yes","operator":"USFS","website":"https://www.fs.usda.gov/recarea/cnnf/recreation/camping-cabins/recarea/?recid=27869&actid=29","capacity":"31","drinking_water":"yes","toilets":"yes","elev_ft":1745}},{"type":"Feature","geometry":{"type":"Point","coordinates":[-89.151311,46.136337]},"properties":{"kind":"campsite","src":"osm","osm":"node/7141125686","name":"Lac Vieux Desert Recreation Area","fee":"yes","website":"https://www.fs.usda.gov/recarea/cnnf/recreation/camping-cabins/recarea/?recid=27871&actid=29","capacity":"31","drinking_water":"yes","toilets":"vault","reservation":"no","elev_ft":1703}},{"type":"Feature","geometry":{"type":"Point","coordinates":[-89.109261,45.815866]},"properties":{"kind":"campsite","src":"osm","osm":"node/7141127127","name":"Laurel Lake Recreation Area","fee":"yes","capacity":"12","drinking_water":"yes","toilets":"vault","reservation":"accepted","elev_ft":1647}},{"type":"Feature","geometry":{"type":"Point","coordinates":[-88.544223,45.772432]},"properties":{"kind":"campsite","src":"osm","osm":"node/7141163435","name":"Morgan Lake Recreation Area","fee":"yes","website":"https://www.fs.usda.gov/recarea/cnnf/recreation/camping-cabins/recarea/?recid=27881&actid=29","capacity":"18","drinking_water":"yes","toilets":"vault","reservation":"accepted","elev_ft":1490}},{"type":"Feature","geometry":{"type":"Point","coordinates":[-90.929231,45.989185]},"properties":{"kind":"campsite","src":"osm","osm":"node/7141243265","name":"Black Lake Recreation Area Campground","fee":"yes","operator":"USFS","website":"https://www.fs.usda.gov/recarea/cnnf/recreation/camping-cabins/recarea/?recid=27723&actid=29","capacity":"29","drinking_water":"yes","toilets":"yes","elev_ft":1424}},{"type":"Feature","geometry":{"type":"Point","coordinates":[-89.009653,46.008949]},"properties":{"kind":"campsite","src":"osm","osm":"node/7141260125","name":"Spectacle Lake Recreation Area Campgrounds","fee":"yes","website":"https://www.fs.usda.gov/recarea/cnnf/recreation/camping-cabins/recarea/?recid=27885&actid=29","capacity":"34","drinking_water":"yes","toilets":"vault","reservation":"accepted","elev_ft":1778}},{"type":"Feature","geometry":{"type":"Point","coordinates":[-91.021152,46.015349]},"properties":{"kind":"campsite","src":"osm","osm":"node/7141321031","name":"Moose Lake Recreation Area Campground","fee":"yes","operator":"USFS","website":"https://www.fs.usda.gov/recarea/cnnf/recreation/camping-cabins/recarea/?recid=27733&actid=29","capacity":"15","drinking_water":"yes","toilets":"vault","reservation":"accepted","elev_ft":1394}},{"type":"Feature","geometry":{"type":"Point","coordinates":[-91.085506,46.244408]},"properties":{"kind":"campsite","src":"osm","osm":"node/7141334765","name":"Namekagon Lake Recreation Area Campgrounds","fee":"yes","operator":"USFS","website":"https://www.fs.usda.gov/recarea/cnnf/recreation/camping-cabins/recarea/?recid=27735&actid=29","capacity":"34","drinking_water":"yes","toilets":"vault","reservation":"accepted","elev_ft":1427}},{"type":"Feature","geometry":{"type":"Point","coordinates":[-88.52963,45.513512]},"properties":{"kind":"campsite","src":"osm","osm":"node/7141538026","name":"Bear Lake Recreation Area Campground","fee":"yes","operator":"USFS","website":"https://www.fs.usda.gov/recarea/cnnf/recreation/camping-cabins/recarea/?recid=27927&actid=29","capacity":"27","drinking_water":"yes","toilets":"vault","reservation":"accepted","elev_ft":1398}},{"type":"Feature","geometry":{"type":"Point","coordinates":[-88.990148,45.686972]},"properties":{"kind":"campsite","src":"osm","osm":"node/7141557764","name":"Pine Lake Recreation Area Campground","fee":"yes","operator":"USFS","website":"https://www.fs.usda.gov/recarea/cnnf/recreation/camping-cabins/recarea/?recid=27935&actid=29","capacity":"12","toilets":"yes","elev_ft":1647}},{"type":"Feature","geometry":{"type":"Point","coordinates":[-88.632849,45.138283]},"properties":{"kind":"campsite","src":"osm","osm":"node/7141563914","name":"Boulder Lake Recreation Area Campgrounds","fee":"yes","operator":"USFS","capacity":"95","drinking_water":"yes","toilets":"yes","reservation":"recommended","elev_ft":1178}},{"type":"Feature","geometry":{"type":"Point","coordinates":[-90.445784,45.331773]},"properties":{"kind":"campsite","src":"osm","osm":"node/7141570337","name":"Eastwood Recreation Area Campground","fee":"yes","operator":"USFS","website":"https://www.fs.usda.gov/recarea/cnnf/recreation/camping-cabins/recarea/?recid=27785&actid=29","capacity":"22","drinking_water":"yes","toilets":"vault","reservation":"accepted","elev_ft":1440}},{"type":"Feature","geometry":{"type":"Point","coordinates":[-91.269559,46.404641]},"properties":{"kind":"campsite","src":"osm","osm":"node/7141845570","name":"Perch Lake Campground","fee":"yes","website":"https://www.fs.usda.gov/recarea/cnnf/recreation/camping-cabins/recarea/?recid=27835&actid=29","capacity":"16","drinking_water":"yes","toilets":"vault","reservation":"no","elev_ft":1230}},{"type":"Feature","geometry":{"type":"Point","coordinates":[-91.191985,46.293934]},"properties":{"kind":"campsite","src":"osm","osm":"node/7141848695","name":"Two Lakes Campground","operator":"USFS","website":"https://www.fs.usda.gov/recarea/cnnf/recreation/camping-cabins/recarea/?recid=27837&actid=29","capacity":"94","drinking_water":"yes","toilets":"vault","reservation":"accepted","elev_ft":1362}},{"type":"Feature","geometry":{"type":"Point","coordinates":[-91.283591,46.543314]},"properties":{"kind":"campsite","src":"osm","osm":"node/7141850654","name":"Wanoka Lake Campground","operator":"USFS","website":"https://www.fs.usda.gov/recarea/cnnf/recreation/camping-cabins/recarea/?recid=27839&actid=29","capacity":"20","drinking_water":"yes","toilets":"vault","reservation":"no","elev_ft":1125}},{"type":"Feature","geometry":{"type":"Point","coordinates":[-91.223544,43.463185]},"properties":{"kind":"campsite","src":"osm","osm":"node/7142664949","name":"Blackhawk County Park","fee":"yes","drinking_water":"yes","reservation":"yes","elev_ft":636}},{"type":"Feature","geometry":{"type":"Point","coordinates":[-91.930908,44.353525]},"properties":{"kind":"campsite","src":"osm","osm":"node/7144116221","name":"Reicks Lake Park Campground","capacity":"20","drinking_water":"yes","reservation":"no","elev_ft":663}},{"type":"Feature","geometry":{"type":"Point","coordinates":[-92.4571,45.450624]},"properties":{"kind":"campsite","src":"osm","osm":"node/7152719843","name":"Balsam Lake Campground","fee":"yes","drinking_water":"yes","toilets":"yes","reservation":"no","elev_ft":1145}},{"type":"Feature","geometry":{"type":"Point","coordinates":[-92.358849,45.444749]},"properties":{"kind":"campsite","src":"osm","osm":"node/7152766210","name":"DN Campground","fee":"yes","capacity":"84","drinking_water":"yes","reservation":"yes","elev_ft":1155}},{"type":"Feature","geometry":{"type":"Point","coordinates":[-92.027809,45.545571]},"properties":{"kind":"campsite","src":"osm","osm":"node/7152796302","name":"Eagle Point Campground","fee":"yes","website":"https://parks.co.barron.wi.us/parks/camping/eagle_point_campground_and_park/","drinking_water":"yes","toilets":"yes","reservation":"yes","elev_ft":1243}},{"type":"Feature","geometry":{"type":"Point","coordinates":[-91.256696,46.835908]},"properties":{"kind":"campsite","src":"osm","osm":"node/7153714118","name":"Herbster Campground","fee":"yes","drinking_water":"yes","reservation":"no","elev_ft":610}},{"type":"Feature","geometry":{"type":"Point","coordinates":[-90.807544,46.818859]},"properties":{"kind":"campsite","src":"osm","osm":"node/7153842362","name":"Dalrymple Park Campground","access":"yes","operator":"City of Bayfield","website":"https://www.cityofbayfield.com/dalrymple-campground.html","capacity":"28","toilets":"vault","reservation":"no","elev_ft":719}},{"type":"Feature","geometry":{"type":"Point","coordinates":[-90.925497,46.710115]},"properties":{"kind":"campsite","src":"osm","osm":"node/7153969438","name":"Big Rock Campground","fee":"yes","website":"https://www.bayfieldcounty.org/240/Big-Rock-Campground","capacity":"13","toilets":"pit","elev_ft":715}},{"type":"Feature","geometry":{"type":"Point","coordinates":[-90.923057,46.579122]},"properties":{"kind":"campsite","src":"osm","osm":"node/7154253296","name":"Prentice Park Campground","fee":"yes","access":"yes","operator":"City of Ashland","website":"https://www.coawi.org/222/Prentice-Park","drinking_water":"yes","toilets":"yes","reservation":"no","elev_ft":614}},{"type":"Feature","geometry":{"type":"Point","coordinates":[-90.440637,46.56089]},"properties":{"kind":"campsite","src":"osm","osm":"node/7154273867","name":"Driftwood Campground","drinking_water":"yes","toilets":"yes","elev_ft":610}},{"type":"Feature","geometry":{"type":"Point","coordinates":[-91.951733,44.836276]},"properties":{"kind":"campsite","src":"osm","osm":"node/7154324912","name":"Irvington Campground & RV Park","fee":"yes","website":"https://www.masirvingtoncampground.com/","capacity":"43","drinking_water":"yes","reservation":"yes","elev_ft":758}},{"type":"Feature","geometry":{"type":"Point","coordinates":[-92.030961,44.600177]},"properties":{"kind":"campsite","src":"osm","osm":"node/7154383204","name":"Holden Park Campground","fee":"yes","website":"https://www.travelwisconsin.com/campgrounds/holden-park-199154","drinking_water":"yes","toilets":"pit","reservation":"no","elev_ft":699}},{"type":"Feature","geometry":{"type":"Point","coordinates":[-91.413504,45.254208]},"properties":{"kind":"campsite","src":"osm","osm":"node/7154393660","name":"Morris-Erickson Campground","fee":"yes","website":"https://reservations.co.chippewa.wi.us/parks/camping/morriserickson_campground/","drinking_water":"yes","toilets":"yes","reservation":"yes","elev_ft":1079}},{"type":"Feature","geometry":{"type":"Point","coordinates":[-91.157754,45.244741]},"properties":{"kind":"campsite","src":"osm","osm":"node/7154410201","name":"Pine Point Campground","fee":"yes","drinking_water":"yes","toilets":"yes","elev_ft":1050}},{"type":"Feature","geometry":{"type":"Point","coordinates":[-90.956942,45.090682]},"properties":{"kind":"campsite","src":"osm","osm":"node/7154467922","name":"Otter Lake Campground","fee":"yes","operator":"Chippewa County","website":"https://reservations.co.chippewa.wi.us/parks/camping/otter_lake_campground/","drinking_water":"yes","toilets":"pit","reservation":"yes","elev_ft":1165}},{"type":"Feature","geometry":{"type":"Point","coordinates":[-91.393277,44.946038]},"properties":{"kind":"campsite","src":"osm","osm":"node/7154491635","name":"Fair Hill Campgounds","fee":"yes","operator":"Northern Wisconsin State Fair","drinking_water":"yes","reservation":"accepted","elev_ft":902}},{"type":"Feature","geometry":{"type":"Point","coordinates":[-92.166246,45.003546]},"properties":{"kind":"campsite","src":"osm","osm":"node/7154513231","name":"Glen Hills Park Campground","fee":"yes","website":"https://www.sccwi.gov/344/Glen-Hills-Park","capacity":"61","drinking_water":"yes","toilets":"pit","elev_ft":1152}},{"type":"Feature","geometry":{"type":"Point","coordinates":[-92.222662,44.694572]},"properties":{"kind":"campsite","src":"osm","osm":"node/7154524961","name":"Nugget Lake County Park Campground","fee":"yes","operator":"Pierce County Public Works","website":"https://www.co.pierce.wi.us/Parks/Nugget%20Lake/Nugget%20Lake%20Main.htm","capacity":"55","elev_ft":1007}},{"type":"Feature","geometry":{"type":"Point","coordinates":[-91.11727,43.891941]},"properties":{"kind":"campsite","src":"osm","osm":"node/7154601214","name":"Veterans Memorial County Park & Campground","capacity":"120","drinking_water":"yes","elev_ft":682}},{"type":"Feature","geometry":{"type":"Point","coordinates":[-90.808613,43.883216]},"properties":{"kind":"campsite","src":"osm","osm":"node/7154611040","name":"Leon Valley Campground","fee":"yes","website":"http://www.leonvalleycampground.com/home","drinking_water":"yes","elev_ft":869}},{"type":"Feature","geometry":{"type":"Point","coordinates":[-90.143171,44.516299]},"properties":{"kind":"campsite","src":"osm","osm":"node/7155227130","name":"North Wood County Park Campground","website":"https://www.co.wood.wi.us/Departments/Parks/NorthPark.aspx","drinking_water":"yes","toilets":"yes","reservation":"yes","elev_ft":1109}},{"type":"Feature","geometry":{"type":"Point","coordinates":[-90.127802,44.39261]},"properties":{"kind":"campsite","src":"osm","osm":"node/7155235786","name":"Dexter Park Campground","fee":"yes","website":"https://www.co.wood.wi.us/Departments/Parks/Dexter.aspx","capacity":"96","drinking_water":"yes","reservation":"yes","elev_ft":1020}},{"type":"Feature","geometry":{"type":"Point","coordinates":[-89.503522,44.578904]},"properties":{"kind":"campsite","src":"osm","osm":"node/7155247365","name":"Jordan Park Campground","fee":"yes","website":"https://www.co.portage.wi.us/department/parks/jordan-park","capacity":"24","reservation":"accepted","elev_ft":1148}},{"type":"Feature","geometry":{"type":"Point","coordinates":[-88.069659,44.460836]},"properties":{"kind":"campsite","src":"osm","osm":"node/7155247366","name":"Brown County Fairgrounds","drinking_water":"yes","reservation":"no","elev_ft":623}},{"type":"Feature","geometry":{"type":"Point","coordinates":[-87.797183,44.635861]},"properties":{"kind":"campsite","src":"osm","osm":"node/7155263441","name":"Bay Shore Park Campground","fee":"yes","capacity":"117","drinking_water":"yes","toilets":"yes","reservation":"accepted","elev_ft":709}},{"type":"Feature","geometry":{"type":"Point","coordinates":[-91.225431,43.458415]},"properties":{"kind":"campsite","src":"osm","osm":"node/7155273060","name":"Blackhawk Park Campground","operator":"Core of Engineers","website":"https://www.mvp.usace.army.mil/Portals/57/docs/Public%20Affairs/Brochure/Recreation/2018_Blackhawk_Park_Brochure_Web.pdf?ver=2018-08-29-171004-123","drinking_water":"yes","toilets":"yes","reservation":"yes","elev_ft":636}},{"type":"Feature","geometry":{"type":"Point","coordinates":[-90.219785,43.658078]},"properties":{"kind":"campsite","src":"osm","osm":"node/7156095580","name":"Legion Park Camp Sites","fee":"yes","drinking_water":"yes","toilets":"yes","reservation":"yes","elev_ft":978}},{"type":"Feature","geometry":{"type":"Point","coordinates":[-90.22485,43.657554]},"properties":{"kind":"campsite","src":"osm","osm":"node/7156176780","name":"Baker's Field","fee":"no, for cyclists","drinking_water":"yes","toilets":"yes","elev_ft":922}},{"type":"Feature","geometry":{"type":"Point","coordinates":[-90.125007,44.382795]},"properties":{"kind":"campsite","src":"osm","osm":"node/7156207554","name":"Dexter Park Campground","website":"http://www.co.wood.wi.us/Departments/Parks/Dexter.aspx","capacity":"96","drinking_water":"yes","toilets":"yes","reservation":"accepted","elev_ft":1017}},{"type":"Feature","geometry":{"type":"Point","coordinates":[-90.176132,44.653397]},"properties":{"kind":"campsite","src":"osm","osm":"node/7156295347","name":"Fairgrounds Park Campground","fee":"yes","operator":"Central Wisconsin State Fair","drinking_water":"yes","reservation":"yes","elev_ft":1286}},{"type":"Feature","geometry":{"type":"Point","coordinates":[-90.604563,44.783588]},"properties":{"kind":"campsite","src":"osm","osm":"node/7156363388","name":"Greenwood Park & Campground","fee":"yes","drinking_water":"yes","toilets":"vault","elev_ft":1142}},{"type":"Feature","geometry":{"type":"Point","coordinates":[-90.353079,45.142638]},"properties":{"kind":"campsite","src":"osm","osm":"node/7156418723","name":"Medford City Park Campground","fee":"yes","drinking_water":"yes","toilets":"yes","reservation":"no","elev_ft":1417}},{"type":"Feature","geometry":{"type":"Point","coordinates":[-90.633826,45.402313]},"properties":{"kind":"campsite","src":"osm","osm":"node/7157028380","name":"Big Falls County Campground","fee":"yes","operator":"Big Falls County Park","capacity":"6","toilets":"vault","reservation":"no","elev_ft":1306}},{"type":"Feature","geometry":{"type":"Point","coordinates":[-90.366681,45.762303]},"properties":{"kind":"campsite","src":"osm","osm":"node/7157097745","name":"Solberg Lake County Park Campground","fee":"yes","website":"https://co.price.wi.us/Facilities/Facility/Details/Smith-Lake-County-Park-Campground-2","capacity":"60","toilets":"vault","reservation":"no","elev_ft":1509}},{"type":"Feature","geometry":{"type":"Point","coordinates":[-90.957262,42.702589]},"properties":{"kind":"rv_park","src":"osm","osm":"node/7157467734","name":"Sandy Bottoms-Up","capacity":"50","drinking_water":"yes","toilets":"yes","reservation":"yes","elev_ft":620}},{"type":"Feature","geometry":{"type":"Point","coordinates":[-91.141927,43.152143]},"properties":{"kind":"campsite","src":"osm","osm":"node/7157667009","name":"Frenchman's Landing Campground","fee":"yes","drinking_water":"yes","elev_ft":620}},{"type":"Feature","geometry":{"type":"Point","coordinates":[-91.22984,43.73422]},"properties":{"kind":"campsite","src":"osm","osm":"node/7157697984","name":"Goose Island Campground","fee":"yes","drinking_water":"yes","elev_ft":650}},{"type":"Feature","geometry":{"type":"Point","coordinates":[-91.483941,44.029629]},"properties":{"kind":"campsite","src":"osm","osm":"node/7157761509","name":"Perrot State Park Campground","operator":"Perrot State Park","capacity":"98","elev_ft":699}},{"type":"Feature","geometry":{"type":"Point","coordinates":[-90.318573,43.189923]},"properties":{"kind":"campsite","src":"osm","osm":"node/7157771984","name":"Avoca Lakeside City Campground","drinking_water":"yes","elev_ft":712}},{"type":"Feature","geometry":{"type":"Point","coordinates":[-89.731889,43.429361]},"properties":{"kind":"campsite","src":"osm","osm":"node/7158261116","name":"Devil\u2019s Lake State Park Campgrounds","fee":"yes","website":"https://dnr.wisconsin.gov/topic/parks/devilslake/recreation/camping","capacity":"423","drinking_water":"yes","toilets":"yes","reservation":"required","elev_ft":1007}},{"type":"Feature","geometry":{"type":"Point","coordinates":[-91.667491,44.556696]},"properties":{"kind":"campsite","src":"osm","osm":"node/7158332557","name":"City of Mondovi Campground","fee":"yes","capacity":"6","drinking_water":"yes","toilets":"yes","elev_ft":843}},{"type":"Feature","geometry":{"type":"Point","coordinates":[-92.53428,45.136763]},"properties":{"kind":"campsite","src":"osm","osm":"node/7158699873","name":"Hatfield Park Campground","fee":"yes","operator":"City of New Richmond","drinking_water":"no","toilets":"yes","reservation":"yes","elev_ft":968}},{"type":"Feature","geometry":{"type":"Point","coordinates":[-92.67768,45.131796]},"properties":{"kind":"campsite","src":"osm","osm":"node/7158713515","name":"Apple River Family Campground","reservation":"yes","elev_ft":906}},{"type":"Feature","geometry":{"type":"Point","coordinates":[-92.170114,45.004193]},"properties":{"kind":"campsite","src":"osm","osm":"node/7158772565","name":"Glen Hills Park - Picnic Area Campground","capacity":"3","drinking_water":"yes","toilets":"yes","elev_ft":1115}},{"type":"Feature","geometry":{"type":"Point","coordinates":[-92.162521,45.010447]},"properties":{"kind":"campsite","src":"osm","osm":"node/7158772615","name":"Prairieview Campground","capacity":"17","drinking_water":"yes","reservation":"accepted","elev_ft":1178}},{"type":"Feature","geometry":{"type":"Point","coordinates":[-91.553748,45.753757]},"properties":{"kind":"campsite","src":"osm","osm":"node/7158887750","name":"Sawmill Lake Campground","fee":"yes","operator":"Washburn County","capacity":"25","drinking_water":"pump","toilets":"vault","elev_ft":1407}},{"type":"Feature","geometry":{"type":"Point","coordinates":[-91.550151,45.661683]},"properties":{"kind":"campsite","src":"osm","osm":"node/7158935503","name":"Doolittle Park Campground","fee":"yes","website":"https://www.birchwoodvillagewi.com/doolittle-park/","capacity":"40","drinking_water":"yes","toilets":"yes","reservation":"yes","elev_ft":1234}},{"type":"Feature","geometry":{"type":"Point","coordinates":[-91.92542,46.053057]},"properties":{"kind":"campsite","src":"osm","osm":"node/7158986356","name":"Chicog Town Park Campground","elev_ft":1024}},{"type":"Feature","geometry":{"type":"Point","coordinates":[-91.768101,45.632378]},"properties":{"kind":"campsite","src":"osm","osm":"node/7159027283","name":"Northwood Shores","fee":"yes","website":"http://www.nwshores.com/","drinking_water":"yes","toilets":"yes","reservation":"yes","elev_ft":1253}},{"type":"Feature","geometry":{"type":"Point","coordinates":[-89.332573,44.473589]},"properties":{"kind":"campsite","src":"osm","osm":"node/7159618699","name":"Lake Emily Park North Campground","fee":"yes","operator":"Portage County Parks","website":"https://reservations.co.portage.wi.us/parks/camping/lake_emily_park_north_campground/","capacity":"51","drinking_water":"yes","toilets":"yes","reservation":"yes","elev_ft":1171}},{"type":"Feature","geometry":{"type":"Point","coordinates":[-89.344154,44.602922]},"properties":{"kind":"campsite","src":"osm","osm":"node/7159619113","name":"Collins Park Campground","fee":"yes","operator":"Portage County","website":"https://www.co.portage.wi.us/department/parks/collins-park","capacity":"27","drinking_water":"yes","toilets":"yes","reservation":"yes","elev_ft":1161}},{"type":"Feature","geometry":{"type":"Point","coordinates":[-91.593952,46.675664]},"properties":{"kind":"campsite","src":"osm","osm":"node/7160154450","name":"Brule River State Forest (hike-in)","fee":"no","capacity":"2","elev_ft":732}},{"type":"Feature","geometry":{"type":"Point","coordinates":[-91.425233,46.738144]},"properties":{"kind":"campsite","src":"osm","osm":"node/7160162640","name":"Bark 'N' Beavers","fee":"yes","desc":"fee: less than $20","elev_ft":778}},{"type":"Feature","geometry":{"type":"Point","coordinates":[-91.741715,45.745799]},"properties":{"kind":"campsite","src":"osm","osm":"node/7161544965","name":"Madge Roadside Rest Stop","fee":"no","elev_ft":1243}},{"type":"Feature","geometry":{"type":"Point","coordinates":[-92.581618,44.730379]},"properties":{"kind":"campsite","src":"osm","osm":"node/7161544967","name":"Gas-Lite Bar And Grill Campground","fee":"yes","operator":"Gas-Lite Bar And Grill","drinking_water":"yes","toilets":"yes","elev_ft":892}},{"type":"Feature","geometry":{"type":"Point","coordinates":[-90.525693,43.81183]},"properties":{"kind":"campsite","src":"osm","osm":"node/7202110723","name":"Village of Wilton Campground","fee":"yes","website":"http://villageofwiltoncampground.com/","capacity":"30","toilets":"yes","elev_ft":981}},{"type":"Feature","geometry":{"type":"Point","coordinates":[-91.236756,45.667552]},"properties":{"kind":"campsite","src":"osm","osm":"node/7214294528","name":"Swan Creek Park","fee":"no","capacity":"5","drinking_water":"yes","toilets":"yes","elev_ft":1171}},{"type":"Feature","geometry":{"type":"Point","coordinates":[-90.588977,46.134095]},"properties":{"kind":"campsite","src":"osm","osm":"node/7214412207","name":"Marion Park","fee":"no","toilets":"yes","elev_ft":1598}},{"type":"Feature","geometry":{"type":"Point","coordinates":[-90.455402,46.140948]},"properties":{"kind":"campsite","src":"osm","osm":"node/7214530523","name":"County Park","elev_ft":1578}},{"type":"Feature","geometry":{"type":"Point","coordinates":[-90.160151,46.149188]},"properties":{"kind":"campsite","src":"osm","osm":"node/7214530526","name":"Lake of the Falls Campgrounds","fee":"yes","website":"https://www.ironcountyforest.org/lake-of-the-falls.html","toilets":"yes","elev_ft":1581}},{"type":"Feature","geometry":{"type":"Point","coordinates":[-88.796868,46.028075]},"properties":{"kind":"campsite","src":"osm","osm":"node/7215494819","name":"Brule River Campground","operator":"USDA Forest Service","elev_ft":1581}},{"type":"Feature","geometry":{"type":"Point","coordinates":[-89.982913,44.157213]},"properties":{"kind":"campsite","src":"osm","osm":"node/7233193719","name":"Juneau County Wilderness Park Campground","fee":"yes","operator":"Juneau County","website":"https://www.co.juneau.wi.gov/wilderness.html","capacity":"127","reservation":"yes","elev_ft":945}},{"type":"Feature","geometry":{"type":"Point","coordinates":[-90.372399,44.429257]},"properties":{"kind":"campsite","src":"osm","osm":"node/7244780442","name":"Sherwood Park and Campground","fee":"yes","toilets":"yes","reservation":"yes","elev_ft":1033}},{"type":"Feature","geometry":{"type":"Point","coordinates":[-92.690333,45.778923]},"properties":{"kind":"campsite","src":"osm","osm":"node/7247592700","name":"James N. Mc Nally Campground","website":"http://www.grantsburgwi.com/uploads/1/0/0/0/10001188/2018_campground_brochure.pdf","elev_ft":899}},{"type":"Feature","geometry":{"type":"Point","coordinates":[-88.55678,44.019918]},"properties":{"kind":"dump","src":"osm","osm":"node/7304840142","name":"Sanitary Waste Haulers Point Discharge Station","elev_ft":764}},{"type":"Feature","geometry":{"type":"Point","coordinates":[-90.477093,46.391543]},"properties":{"kind":"campsite","src":"osm","osm":"node/7354881521","name":"Gold Mine West","elev_ft":1388}},{"type":"Feature","geometry":{"type":"Point","coordinates":[-90.507142,46.397943]},"properties":{"kind":"campsite","src":"osm","osm":"node/7354881751","name":"Wren Falls","elev_ft":1299}},{"type":"Feature","geometry":{"type":"Point","coordinates":[-91.458372,44.298928]},"properties":{"kind":"campsite","src":"osm","osm":"node/7386380060","name":"Pietrek Park Campgrounds","fee":"yes","capacity":"37","toilets":"yes","reservation":"yes","elev_ft":745}},{"type":"Feature","geometry":{"type":"Point","coordinates":[-91.817161,46.349904]},"properties":{"kind":"campsite","src":"osm","osm":"node/7390591924","name":"Lucius Woods County Park","fee":"yes","website":"https://www.douglascountywi.org/650/Campgrounds","toilets":"yes","elev_ft":1099}},{"type":"Feature","geometry":{"type":"Point","coordinates":[-92.468285,45.566893]},"properties":{"kind":"campsite","src":"osm","osm":"node/7390591932","name":"Big Butternut Lake","fee":"yes","capacity":"8","reservation":"yes","elev_ft":1198}},{"type":"Feature","geometry":{"type":"Point","coordinates":[-92.371275,45.387368]},"properties":{"kind":"campsite","src":"osm","osm":"node/7392526085","name":"Apple River Park & Campground","fee":"yes","capacity":"15","drinking_water":"yes","toilets":"yes","elev_ft":1112}},{"type":"Feature","geometry":{"type":"Point","coordinates":[-90.521467,44.149794]},"properties":{"kind":"campsite","src":"osm","osm":"node/7395110687","name":"McMullen Park Campground","fee":"yes","capacity":"67","drinking_water":"yes","toilets":"yes","elev_ft":1050}},{"type":"Feature","geometry":{"type":"Point","coordinates":[-91.013017,44.700807]},"properties":{"kind":"campsite","src":"osm","osm":"node/7396183078","name":"Coon Fork Campground","fee":"yes","capacity":"108","elev_ft":988}},{"type":"Feature","geometry":{"type":"Point","coordinates":[-91.70421,45.192605]},"properties":{"kind":"campsite","src":"osm","osm":"node/7398940713","name":"Myron Park & Campground","fee":"yes","website":"https://co.dunn.wi.us/myranpark","reservation":"yes","elev_ft":1027}},{"type":"Feature","geometry":{"type":"Point","coordinates":[-89.303995,43.011519]},"properties":{"kind":"campsite","src":"osm","osm":"node/7402697960","name":"Babcock County Park Campground","fee":"yes","reservation":"yes","elev_ft":873}},{"type":"Feature","geometry":{"type":"Point","coordinates":[-89.318508,43.185575]},"properties":{"kind":"campsite","src":"osm","osm":"node/7403614531","name":"Token Creek County Park","fee":"yes","capacity":"43","reservation":"yes","elev_ft":876}},{"type":"Feature","geometry":{"type":"Point","coordinates":[-90.529915,43.044973]},"properties":{"kind":"campsite","src":"osm","osm":"node/7442949680","name":"Jerome Kohout private property camping","fee":"yes","access":"private","elev_ft":784}},{"type":"Feature","geometry":{"type":"Point","coordinates":[-89.939722,43.909619]},"properties":{"kind":"campsite","src":"osm","osm":"node/7453530584","name":"Adams County Castle Rock","fee":"yes","capacity":"200","toilets":"yes","elev_ft":899}},{"type":"Feature","geometry":{"type":"Point","coordinates":[-89.977735,43.889198]},"properties":{"kind":"campsite","src":"osm","osm":"node/7453596685","name":"Castle Rock Park Campground","fee":"yes","reservation":"yes","elev_ft":922}},{"type":"Feature","geometry":{"type":"Point","coordinates":[-90.175923,43.916815]},"properties":{"kind":"campsite","src":"osm","osm":"node/7453596689","name":"Kennedy Park","fee":"yes","drinking_water":"yes","toilets":"vault","elev_ft":919}},{"type":"Feature","geometry":{"type":"Point","coordinates":[-92.415735,45.60187]},"properties":{"kind":"campsite","src":"osm","osm":"node/7455003747","name":"Straight Lake Campground","operator":"Wisconsin Department of Natural Resources","elev_ft":1289}},{"type":"Feature","geometry":{"type":"Point","coordinates":[-88.952664,43.326102]},"properties":{"kind":"campsite","src":"osm","osm":"node/7459347181","name":"Astico County Park Campground","fee":"yes","website":"https://www.co.dodge.wi.gov/departments/departments-e-m/land-resources-and-parks/parks-and-trails/astico-park","capacity":"69","toilets":"yes","elev_ft":876}},{"type":"Feature","geometry":{"type":"Point","coordinates":[-88.582136,43.469917]},"properties":{"kind":"campsite","src":"osm","osm":"node/7459347183","name":"Ledge County Park Campground","fee":"yes","capacity":"45","reservation":"yes","elev_ft":1148}},{"type":"Feature","geometry":{"type":"Point","coordinates":[-88.696193,43.412779]},"properties":{"kind":"campsite","src":"osm","osm":"node/7460745549","name":"Wild Goose City Park","fee":"yes","toilets":"yes","reservation":"no","elev_ft":909}},{"type":"Feature","geometry":{"type":"Point","coordinates":[-89.967251,44.116085]},"properties":{"kind":"campsite","src":"osm","osm":"node/7462946125","name":"Petenwell County Park Annex Campground","fee":"yes","capacity":"124","elev_ft":951}},{"type":"Feature","geometry":{"type":"Point","coordinates":[-89.626995,42.602303]},"properties":{"kind":"campsite","src":"osm","osm":"node/7471842940","name":"Green County Fairgrounds","fee":"yes","capacity":"100","elev_ft":1089}},{"type":"Feature","geometry":{"type":"Point","coordinates":[-89.87926,42.661688]},"properties":{"kind":"campsite","src":"osm","osm":"node/7471934933","name":"Blackhawk Memoreial Park Campground","fee":"yes","capacity":"38","reservation":"no","elev_ft":804}},{"type":"Feature","geometry":{"type":"Point","coordinates":[-90.121631,42.680401]},"properties":{"kind":"campsite","src":"osm","osm":"node/7471934934","name":"Pecatonica River Trails Park Campground","fee":"yes","capacity":"32","reservation":"no","elev_ft":856}},{"type":"Feature","geometry":{"type":"Point","coordinates":[-90.45999,42.740523]},"properties":{"kind":"campsite","src":"osm","osm":"node/7471934935","name":"Moundsview Park","fee":"yes","capacity":"8","reservation":"no","elev_ft":978}},{"type":"Feature","geometry":{"type":"Point","coordinates":[-91.279286,45.454059]},"properties":{"kind":"campsite","src":"osm","osm":"node/7482857887","name":"Bruce Village Park","fee":"no","access":"permissive","capacity":"10","drinking_water":"yes","reservation":"no","elev_ft":1106}},{"type":"Feature","geometry":{"type":"Point","coordinates":[-90.726808,45.513748]},"properties":{"kind":"campsite","src":"osm","osm":"node/7482857889","name":"Hawkins Lions Club Park","fee":"yes","capacity":"20","elev_ft":1391}},{"type":"Feature","geometry":{"type":"Point","coordinates":[-90.18884,45.319291]},"properties":{"kind":"campsite","src":"osm","osm":"node/7482857894","name":"Lakeview Park Campground","fee":"yes","capacity":"27","reservation":"no","elev_ft":1591}},{"type":"Feature","geometry":{"type":"Point","coordinates":[-89.792444,45.287169]},"properties":{"kind":"campsite","src":"osm","osm":"node/7483361300","name":"Camp New Wood County Park Campground","fee":"yes","capacity":"7","drinking_water":"yes","toilets":"vault","elev_ft":1319}},{"type":"Feature","geometry":{"type":"Point","coordinates":[-89.585032,45.329257]},"properties":{"kind":"campsite","src":"osm","osm":"node/7483361301","name":"Underdown County Park Campground","fee":"yes","capacity":"11","drinking_water":"yes","toilets":"vault","elev_ft":1535}},{"type":"Feature","geometry":{"type":"Point","coordinates":[-89.547127,45.44419]},"properties":{"kind":"campsite","src":"osm","osm":"node/7483361302","name":"Otter Lake County Park Campground","fee":"yes","capacity":"25","drinking_water":"yes","toilets":"vault","reservation":"no","elev_ft":1650}},{"type":"Feature","geometry":{"type":"Point","coordinates":[-92.868048,45.710247]},"properties":{"kind":"campsite","src":"osm","osm":"node/7485814502","name":"St Croix NSR - Mile 82.7","drinking_water":"no","toilets":"no","elev_ft":774}},{"type":"Feature","geometry":{"type":"Point","coordinates":[-92.246234,46.07701]},"properties":{"kind":"campsite","src":"osm","osm":"node/7485814503","name":"Saint Croix NSR - Riverside Landing","drinking_water":"yes","toilets":"vault","elev_ft":886}},{"type":"Feature","geometry":{"type":"Point","coordinates":[-88.386858,42.864097]},"properties":{"kind":"campsite","src":"osm","osm":"node/7501607573","name":"Mukwonago County Park Campground","fee":"yes","operator":"Mukwonago County","capacity":"30","drinking_water":"yes","reservation":"no","elev_ft":945}},{"type":"Feature","geometry":{"type":"Point","coordinates":[-88.377471,43.06432]},"properties":{"kind":"campsite","src":"osm","osm":"node/7502314167","name":"Naga-Waukee County Park Campground","fee":"yes","operator":"Naga-Waukee County","capacity":"33","drinking_water":"yes","reservation":"yes","elev_ft":1004}},{"type":"Feature","geometry":{"type":"Point","coordinates":[-90.723507,44.426936]},"properties":{"kind":"campsite","src":"osm","osm":"node/7529932511","name":"Russell Memorial Campground","fee":"yes","operator":"Clark County","elev_ft":906}},{"type":"Feature","geometry":{"type":"Point","coordinates":[-91.102671,43.349284]},"properties":{"kind":"campsite","src":"osm","osm":"node/7600507860","name":"Sugar Creek City Campground","fee":"yes","capacity":"12","drinking_water":"no","reservation":"no","elev_ft":614}},{"type":"Feature","geometry":{"type":"Point","coordinates":[-90.850892,43.320222]},"properties":{"kind":"campsite","src":"osm","osm":"node/7600507861","name":"Robb City Park Campground","fee":"yes","drinking_water":"yes","elev_ft":705}},{"type":"Feature","geometry":{"type":"Point","coordinates":[-87.932551,43.924441]},"properties":{"kind":"campsite","src":"osm","osm":"node/7613153136","name":"Camp Rokilio Vendor/Delivery Entrance","elev_ft":925}},{"type":"Feature","geometry":{"type":"Point","coordinates":[-87.932239,43.930644]},"properties":{"kind":"campsite","src":"osm","osm":"node/7613153138","name":"Camp Rokilio Main/Visitor Entrance","elev_ft":978}},{"type":"Feature","geometry":{"type":"Point","coordinates":[-89.329278,44.467281]},"properties":{"kind":"campsite","src":"osm","osm":"node/7638216924","name":"Lake Emily South Campground","elev_ft":1122}},{"type":"Feature","geometry":{"type":"Point","coordinates":[-90.393276,46.408689]},"properties":{"kind":"campsite","src":"osm","osm":"node/7660958633","elev_ft":1463}},{"type":"Feature","geometry":{"type":"Point","coordinates":[-89.984347,43.900749]},"properties":{"kind":"campsite","src":"osm","osm":"node/7782082866","name":"Staff Camp","access":"private","toilets":"yes","elev_ft":932}},{"type":"Feature","geometry":{"type":"Point","coordinates":[-89.990567,43.900377]},"properties":{"kind":"campsite","src":"osm","osm":"node/7784561140","name":"Chippewa","elev_ft":925}},{"type":"Feature","geometry":{"type":"Point","coordinates":[-89.985802,43.899141]},"properties":{"kind":"campsite","src":"osm","osm":"node/7784561145","name":"Menominee","elev_ft":942}},{"type":"Feature","geometry":{"type":"Point","coordinates":[-89.98952,43.899905]},"properties":{"kind":"campsite","src":"osm","osm":"node/7784561154","name":"Shawnee","elev_ft":928}},{"type":"Feature","geometry":{"type":"Point","coordinates":[-89.98803,43.900081]},"properties":{"kind":"campsite","src":"osm","osm":"node/7784561168","name":"Cheyenne","elev_ft":935}},{"type":"Feature","geometry":{"type":"Point","coordinates":[-89.98028,43.897475]},"properties":{"kind":"campsite","src":"osm","osm":"node/7785250814","name":"Kiowa","elev_ft":902}},{"type":"Feature","geometry":{"type":"Point","coordinates":[-89.981307,43.896971]},"properties":{"kind":"campsite","src":"osm","osm":"node/7785250818","name":"Cherokee","elev_ft":919}},{"type":"Feature","geometry":{"type":"Point","coordinates":[-89.981257,43.899268]},"properties":{"kind":"campsite","src":"osm","osm":"node/7785250820","name":"Sioux","elev_ft":928}},{"type":"Feature","geometry":{"type":"Point","coordinates":[-89.989414,43.898175]},"properties":{"kind":"campsite","src":"osm","osm":"node/7787617457","name":"Comanchee","elev_ft":942}},{"type":"Feature","geometry":{"type":"Point","coordinates":[-89.989505,43.900859]},"properties":{"kind":"campsite","src":"osm","osm":"node/7788224651","name":"Apache","elev_ft":928}},{"type":"Feature","geometry":{"type":"Point","coordinates":[-89.747038,45.18513]},"properties":{"kind":"campsite","src":"osm","osm":"node/7865659047","name":"Family Campground","operator":"Wisconsin Department of Natural Resources","elev_ft":1329}},{"type":"Feature","geometry":{"type":"Point","coordinates":[-89.497961,44.580629]},"properties":{"kind":"campsite","src":"osm","osm":"node/7885389791","name":"Jordan County Park Canoe Walk-In Campsites","elev_ft":1145}},{"type":"Feature","geometry":{"type":"Point","coordinates":[-88.165846,43.69439]},"properties":{"kind":"campsite","src":"osm","osm":"node/7900376135","name":"Camp Long Lake","elev_ft":1043}},{"type":"Feature","geometry":{"type":"Point","coordinates":[-88.167411,43.691822]},"properties":{"kind":"campsite","src":"osm","osm":"node/7900376173","name":"Wolf Paw","elev_ft":1040}},{"type":"Feature","geometry":{"type":"Point","coordinates":[-88.167123,43.691193]},"properties":{"kind":"campsite","src":"osm","osm":"node/7900376174","name":"Sleeping Owl","elev_ft":1043}},{"type":"Feature","geometry":{"type":"Point","coordinates":[-88.167074,43.69108]},"properties":{"kind":"campsite","src":"osm","osm":"node/7900376175","name":"Shady Oaks","elev_ft":1043}},{"type":"Feature","geometry":{"type":"Point","coordinates":[-88.166913,43.691198]},"properties":{"kind":"campsite","src":"osm","osm":"node/7900376176","name":"Valley View","operator":"Camp Long Lake","elev_ft":1043}},{"type":"Feature","geometry":{"type":"Point","coordinates":[-88.166993,43.690594]},"properties":{"kind":"campsite","src":"osm","osm":"node/7900376177","name":"Skunk Hollow","elev_ft":1040}},{"type":"Feature","geometry":{"type":"Point","coordinates":[-88.166372,43.690495]},"properties":{"kind":"campsite","src":"osm","osm":"node/7900383290","name":"Bear Trail","elev_ft":1037}},{"type":"Feature","geometry":{"type":"Point","coordinates":[-88.16521,43.692884]},"properties":{"kind":"campsite","src":"osm","osm":"node/7900383297","name":"Hawk Ridge","elev_ft":1040}},{"type":"Feature","geometry":{"type":"Point","coordinates":[-88.164972,43.693521]},"properties":{"kind":"campsite","src":"osm","osm":"node/7900383298","name":"Squirrel Nest","elev_ft":1040}},{"type":"Feature","geometry":{"type":"Point","coordinates":[-88.164893,43.693927]},"properties":{"kind":"campsite","src":"osm","osm":"node/7900383299","name":"Trail View","elev_ft":1037}},{"type":"Feature","geometry":{"type":"Point","coordinates":[-88.164797,43.694448]},"properties":{"kind":"campsite","src":"osm","osm":"node/7900383373","name":"Windy Ridge","elev_ft":1037}},{"type":"Feature","geometry":{"type":"Point","coordinates":[-88.164779,43.696655]},"properties":{"kind":"campsite","src":"osm","osm":"node/7900383378","name":"Eagle Point","elev_ft":1086}},{"type":"Feature","geometry":{"type":"Point","coordinates":[-88.164941,43.696997]},"properties":{"kind":"campsite","src":"osm","osm":"node/7900383379","name":"Sunset Ridge","elev_ft":1112}},{"type":"Feature","geometry":{"type":"Point","coordinates":[-89.534913,43.286673]},"properties":{"kind":"campsite","src":"osm","osm":"node/7921640392","name":"Eastern Lodi Marsh DCA","elev_ft":1089}},{"type":"Feature","geometry":{"type":"Point","coordinates":[-89.611248,43.222411]},"properties":{"kind":"campsite","src":"osm","osm":"node/7921804297","name":"Springfield Hill DCA","elev_ft":1132}},{"type":"Feature","geometry":{"type":"Point","coordinates":[-89.658537,43.124284]},"properties":{"kind":"campsite","src":"osm","osm":"node/7935847230","name":"Andersen Preserve DCA","elev_ft":1014}},{"type":"Feature","geometry":{"type":"Point","coordinates":[-89.601537,43.806392]},"properties":{"kind":"campsite","src":"osm","osm":"node/7946233944","name":"Valley Forge","elev_ft":994}},{"type":"Feature","geometry":{"type":"Point","coordinates":[-89.603299,43.805771]},"properties":{"kind":"campsite","src":"osm","osm":"node/7946233954","name":"Fort McHenry","elev_ft":991}},{"type":"Feature","geometry":{"type":"Point","coordinates":[-89.600345,43.808507]},"properties":{"kind":"campsite","src":"osm","osm":"node/7946233959","name":"Concord And Lexington","elev_ft":994}},{"type":"Feature","geometry":{"type":"Point","coordinates":[-89.597831,43.805129]},"properties":{"kind":"campsite","src":"osm","osm":"node/7947853361","name":"Gettysburg","elev_ft":1004}},{"type":"Feature","geometry":{"type":"Point","coordinates":[-89.597662,43.804318]},"properties":{"kind":"campsite","src":"osm","osm":"node/7947855480","name":"Shiloh","elev_ft":1004}},{"type":"Feature","geometry":{"type":"Point","coordinates":[-88.009122,43.023824]},"properties":{"kind":"campsite","src":"osm","osm":"node/7967027021","name":"Camp Ammon","elev_ft":712}},{"type":"Feature","geometry":{"type":"Point","coordinates":[-89.968464,42.775303]},"properties":{"kind":"dump","src":"osm","osm":"node/8004319696","elev_ft":1027}},{"type":"Feature","geometry":{"type":"Point","coordinates":[-88.360484,42.845325]},"properties":{"kind":"campsite","src":"osm","osm":"node/8169513986","name":"Phantom Ranch Bible Camp","website":"https://phantomranch.org","elev_ft":850}},{"type":"Feature","geometry":{"type":"Point","coordinates":[-89.457455,43.516183]},"properties":{"kind":"water","src":"osm","osm":"node/8171626418","elev_ft":820}},{"type":"Feature","geometry":{"type":"Point","coordinates":[-90.965729,45.520233]},"properties":{"kind":"dump","src":"osm","osm":"node/8308862168","elev_ft":1234}},{"type":"Feature","geometry":{"type":"Point","coordinates":[-88.165256,43.694866]},"properties":{"kind":"campsite","src":"osm","osm":"node/8361941642","name":"Lost Arrow","access":"private","operator":"Camp Long Lake","elev_ft":1050}},{"type":"Feature","geometry":{"type":"Point","coordinates":[-88.165071,43.695499]},"properties":{"kind":"campsite","src":"osm","osm":"node/8361941643","name":"Guiding Arrow","access":"customers","operator":"Camp Long Lake","elev_ft":1050}},{"type":"Feature","geometry":{"type":"Point","coordinates":[-88.168212,43.692242]},"properties":{"kind":"campsite","src":"osm","osm":"node/8369912962","name":"Lake Breeze","elev_ft":1020}},{"type":"Feature","geometry":{"type":"Point","coordinates":[-92.257244,45.927942]},"properties":{"kind":"campsite","src":"osm","osm":"node/8532714638","name":"Benach Lake Campsite","fee":"yes","access":"customers","operator":"Burnett County","website":"https://www.airbnb.com/rooms/35647423?federated_search_id=522e73c3-5c39-4fca-8f30-a2ef937ceb4e&source_impression_id=p3_1616080353_%2By1LgAk1jRU7rcB1&guests=1&adults=1","capacity":"8","elev_ft":1001}},{"type":"Feature","geometry":{"type":"Point","coordinates":[-92.273076,45.918837]},"properties":{"kind":"campsite","src":"osm","osm":"node/8532714639","name":"Keizer Lake Campsite","fee":"yes","access":"customers","operator":"Burnett County","website":"https://www.airbnb.com/rooms/35485276?federated_search_id=522e73c3-5c39-4fca-8f30-a2ef937ceb4e&source_impression_id=p3_1616080557_D0byUOQ9B2QVXEKU&guests=1&adults=1","capacity":"8","elev_ft":984}},{"type":"Feature","geometry":{"type":"Point","coordinates":[-88.315151,45.386151]},"properties":{"kind":"campsite","src":"osm","osm":"node/8583912005","name":"Silver Cliff Camp","elev_ft":1070}},{"type":"Feature","geometry":{"type":"Point","coordinates":[-88.164785,43.697605]},"properties":{"kind":"campsite","src":"osm","osm":"node/8656539672","name":"Fox Den","access":"private","operator":"Camp Long Lake","elev_ft":1112}},{"type":"Feature","geometry":{"type":"Point","coordinates":[-91.103178,46.857999]},"properties":{"kind":"campsite","src":"osm","osm":"node/8692250349","name":"Siskiwit Bay Campground","fee":"yes","operator":"Siskiwit Bay Marina","website":"http://www.siskiwitbay.com/","elev_ft":594}},{"type":"Feature","geometry":{"type":"Point","coordinates":[-91.357952,46.507768]},"properties":{"kind":"campsite","src":"osm","osm":"node/8844791977","name":"Twin Lakes Recreation Area","fee":"yes","operator":"USFS","capacity":"17","drinking_water":"yes","toilets":"vault","elev_ft":1161}},{"type":"Feature","geometry":{"type":"Point","coordinates":[-88.165122,43.697892]},"properties":{"kind":"campsite","src":"osm","osm":"node/8866032496","name":"Hidden Creek","operator":"Camp Long Lake","elev_ft":1096}},{"type":"Feature","geometry":{"type":"Point","coordinates":[-88.164357,43.697716]},"properties":{"kind":"campsite","src":"osm","osm":"node/8866051477","name":"High Point","access":"permissive","operator":"Camp Long Lake","elev_ft":1096}},{"type":"Feature","geometry":{"type":"Point","coordinates":[-88.164881,43.694072]},"properties":{"kind":"campsite","src":"osm","osm":"node/8866080015","name":"Whispering Pines","access":"customers","operator":"camp Long Lake","elev_ft":1037}},{"type":"Feature","geometry":{"type":"Point","coordinates":[-88.167711,43.691666]},"properties":{"kind":"campsite","src":"osm","osm":"node/8866083118","name":"Staff Complex","access":"private","operator":"Camp Long Lake","elev_ft":1043}},{"type":"Feature","geometry":{"type":"Point","coordinates":[-88.882035,43.498121]},"properties":{"kind":"campsite","src":"osm","osm":"node/8898510603","name":"Derge County Park Campground","elev_ft":892}},{"type":"Feature","geometry":{"type":"Point","coordinates":[-88.951679,45.368076]},"properties":{"kind":"campsite","src":"osm","osm":"node/8901842774","name":"Mohawk","fee":"yes","access":"private","operator":"Ma-Ka-Ja-Wan Scout Reservation","drinking_water":"yes","elev_ft":1631}},{"type":"Feature","geometry":{"type":"Point","coordinates":[-88.44086,44.196393]},"properties":{"kind":"water","src":"osm","osm":"node/8908030678","elev_ft":771}},{"type":"Feature","geometry":{"type":"Point","coordinates":[-88.984391,43.833099]},"properties":{"kind":"water","src":"osm","osm":"node/8928826318","name":"Triathlon turn point","elev_ft":883}},{"type":"Feature","geometry":{"type":"Point","coordinates":[-91.110246,46.203636]},"properties":{"kind":"campsite","src":"osm","osm":"node/8933764124","fee":"yes","access":"private","operator":"Northland College","elev_ft":1421}},{"type":"Feature","geometry":{"type":"Point","coordinates":[-91.26067,46.33718]},"properties":{"kind":"campsite","src":"osm","osm":"node/8958439124","elev_ft":1286}},{"type":"Feature","geometry":{"type":"Point","coordinates":[-90.932426,46.61793]},"properties":{"kind":"campsite","src":"osm","osm":"node/9026871787","name":"Boy Scouts Camp Barksdale","access":"private","elev_ft":627}},{"type":"Feature","geometry":{"type":"Point","coordinates":[-90.52782,46.461824]},"properties":{"kind":"campsite","src":"osm","osm":"node/9045499722","operator":"Iron County","elev_ft":1089}},{"type":"Feature","geometry":{"type":"Point","coordinates":[-86.814095,45.407445]},"properties":{"kind":"campsite","src":"osm","osm":"node/9066722587","name":"A","reservation":"required","elev_ft":545}},{"type":"Feature","geometry":{"type":"Point","coordinates":[-86.805471,45.409211]},"properties":{"kind":"campsite","src":"osm","osm":"node/9066722588","name":"E","reservation":"required","elev_ft":584}},{"type":"Feature","geometry":{"type":"Point","coordinates":[-86.812093,45.407208]},"properties":{"kind":"campsite","src":"osm","osm":"node/9066722589","name":"B","reservation":"required","elev_ft":548}},{"type":"Feature","geometry":{"type":"Point","coordinates":[-86.805619,45.407201]},"properties":{"kind":"campsite","src":"osm","osm":"node/9066722591","name":"C","reservation":"required","elev_ft":584}},{"type":"Feature","geometry":{"type":"Point","coordinates":[-86.805368,45.408139]},"properties":{"kind":"campsite","src":"osm","osm":"node/9066722599","name":"D","capacity":"1","reservation":"required","elev_ft":584}},{"type":"Feature","geometry":{"type":"Point","coordinates":[-88.561365,45.305859]},"properties":{"kind":"rv_park","src":"osm","osm":"node/9067982879","elev_ft":1335}},{"type":"Feature","geometry":{"type":"Point","coordinates":[-87.984226,44.527898]},"properties":{"kind":"dump","src":"osm","osm":"node/9136351996","access":"yes","elev_ft":587}},{"type":"Feature","geometry":{"type":"Point","coordinates":[-87.844866,42.675946]},"properties":{"kind":"campsite","src":"osm","osm":"node/9143032890","elev_ft":682}},{"type":"Feature","geometry":{"type":"Point","coordinates":[-88.376127,43.056295]},"properties":{"kind":"campsite","src":"osm","osm":"node/9150463508","elev_ft":1007}},{"type":"Feature","geometry":{"type":"Point","coordinates":[-88.375061,43.055937]},"properties":{"kind":"campsite","src":"osm","osm":"node/9150463509","elev_ft":1010}},{"type":"Feature","geometry":{"type":"Point","coordinates":[-87.782195,44.963709]},"properties":{"kind":"dump","src":"osm","osm":"node/9184274664","elev_ft":587}},{"type":"Feature","geometry":{"type":"Point","coordinates":[-87.778483,44.298859]},"properties":{"kind":"dump","src":"osm","osm":"node/9184290847","elev_ft":755}},{"type":"Feature","geometry":{"type":"Point","coordinates":[-92.179805,45.892927]},"properties":{"kind":"rv_park","src":"osm","osm":"node/9200922994","name":"Family Camper","desc":"My family camper near Mallard Lake, WI.","capacity":"7","elev_ft":1030}},{"type":"Feature","geometry":{"type":"Point","coordinates":[-90.637607,43.58003]},"properties":{"kind":"dump","src":"osm","osm":"node/9257091601","elev_ft":869}},{"type":"Feature","geometry":{"type":"Point","coordinates":[-89.424682,45.715904]},"properties":{"kind":"campsite","src":"osm","osm":"node/9443232626","elev_ft":1624}},{"type":"Feature","geometry":{"type":"Point","coordinates":[-89.422706,45.716563]},"properties":{"kind":"campsite","src":"osm","osm":"node/9443232627","elev_ft":1640}},{"type":"Feature","geometry":{"type":"Point","coordinates":[-89.424449,45.716261]},"properties":{"kind":"campsite","src":"osm","osm":"node/9443232628","elev_ft":1631}},{"type":"Feature","geometry":{"type":"Point","coordinates":[-89.42398,45.716806]},"properties":{"kind":"campsite","src":"osm","osm":"node/9443232629","elev_ft":1627}},{"type":"Feature","geometry":{"type":"Point","coordinates":[-88.956435,45.369184]},"properties":{"kind":"campsite","src":"osm","osm":"node/9518794236","name":"Commanche","fee":"yes","access":"private","operator":"Ma-Ka-Ja-Wan Scout Reservation","drinking_water":"yes","elev_ft":1588}},{"type":"Feature","geometry":{"type":"Point","coordinates":[-88.9538,45.371031]},"properties":{"kind":"campsite","src":"osm","osm":"node/9520711210","name":"Iroquois","fee":"yes","access":"private","operator":"Ma-Ka-Ja-Wan Scout Reservation","drinking_water":"yes","elev_ft":1614}},{"type":"Feature","geometry":{"type":"Point","coordinates":[-88.952558,45.369417]},"properties":{"kind":"campsite","src":"osm","osm":"node/9520711211","name":"Cheyenne","fee":"yes","operator":"Ma-Ka-Ja-Wan Scout Reservation","drinking_water":"yes","elev_ft":1644}},{"type":"Feature","geometry":{"type":"Point","coordinates":[-88.949488,45.368369]},"properties":{"kind":"campsite","src":"osm","osm":"node/9520711212","name":"Chippewa","fee":"yes","access":"private","operator":"Ma-Ka-Ja-Wan Scout Reservation","drinking_water":"yes","elev_ft":1617}},{"type":"Feature","geometry":{"type":"Point","coordinates":[-88.951313,45.367226]},"properties":{"kind":"campsite","src":"osm","osm":"node/9520711213","name":"Delaware","fee":"yes","access":"private","operator":"Ma-Ka-Ja-Wan Scout Reservation","drinking_water":"yes","elev_ft":1614}},{"type":"Feature","geometry":{"type":"Point","coordinates":[-88.953399,45.367065]},"properties":{"kind":"campsite","src":"osm","osm":"node/9520711214","name":"Sioux Campsite","fee":"yes","access":"private","operator":"Ma-Ka-Ja-Wan Scout Reservation","drinking_water":"yes","elev_ft":1621}},{"type":"Feature","geometry":{"type":"Point","coordinates":[-88.95531,45.365299]},"properties":{"kind":"campsite","src":"osm","osm":"node/9520711215","name":"Blackfoot","fee":"yes","access":"private","operator":"Ma-Ka-Ja-Wan Scout Reservation","drinking_water":"yes","elev_ft":1634}},{"type":"Feature","geometry":{"type":"Point","coordinates":[-88.954049,45.364598]},"properties":{"kind":"campsite","src":"osm","osm":"node/9520711216","name":"Shawnee","fee":"yes","operator":"Ma-Ka-Ja-Wan Scout Reservation","drinking_water":"yes","elev_ft":1611}},{"type":"Feature","geometry":{"type":"Point","coordinates":[-88.952432,45.36474]},"properties":{"kind":"campsite","src":"osm","osm":"node/9520711217","name":"Menominee","fee":"yes","access":"private","operator":"Ma-Ka-Ja-Wan Scout Reservation","drinking_water":"yes","elev_ft":1604}},{"type":"Feature","geometry":{"type":"Point","coordinates":[-88.966422,45.370465]},"properties":{"kind":"campsite","src":"osm","osm":"node/9536310571","name":"Cody","operator":"Ma-Ka-Ja-Wan Scout Reservation","elev_ft":1565}},{"type":"Feature","geometry":{"type":"Point","coordinates":[-88.967678,45.370179]},"properties":{"kind":"campsite","src":"osm","osm":"node/9536310572","name":"Bridger","operator":"Ma-Ka-Ja-Wan Scout Reservation","elev_ft":1572}},{"type":"Feature","geometry":{"type":"Point","coordinates":[-88.968419,45.36946]},"properties":{"kind":"campsite","src":"osm","osm":"node/9536310573","name":"Lewis","access":"private","operator":"Ma-Ka-Ja-Wan Scout Reservation","elev_ft":1572}},{"type":"Feature","geometry":{"type":"Point","coordinates":[-88.969404,45.36905]},"properties":{"kind":"campsite","src":"osm","osm":"node/9536310574","name":"Bowie","access":"private","operator":"Ma-Ka-Ja-Wan Scout Reservation","elev_ft":1588}},{"type":"Feature","geometry":{"type":"Point","coordinates":[-88.968484,45.368571]},"properties":{"kind":"campsite","src":"osm","osm":"node/9536310575","name":"Carson","operator":"Ma-Ka-Ja-Wan Scout Reservation","elev_ft":1572}},{"type":"Feature","geometry":{"type":"Point","coordinates":[-88.96861,45.367135]},"properties":{"kind":"campsite","src":"osm","osm":"node/9536310577","name":"Boone","access":"private","operator":"Ma-Ka-Ja-Wan Scout Reservation","elev_ft":1578}},{"type":"Feature","geometry":{"type":"Point","coordinates":[-88.967691,45.367382]},"properties":{"kind":"campsite","src":"osm","osm":"node/9536310578","name":"Powell","access":"private","operator":"Ma-Ka-Ja-Wan Scout Reservation","elev_ft":1578}},{"type":"Feature","geometry":{"type":"Point","coordinates":[-90.617682,44.213676]},"properties":{"kind":"campsite","src":"osm","osm":"node/9584172528","name":"Pigeon Creek Campground","elev_ft":974}},{"type":"Feature","geometry":{"type":"Point","coordinates":[-88.324223,44.112831]},"properties":{"kind":"water","src":"osm","osm":"node/9741757339","name":"Potable Water Taps","fee":"no","drinking_water":"yes","elev_ft":791}},{"type":"Feature","geometry":{"type":"Point","coordinates":[-88.325431,44.107367]},"properties":{"kind":"dump","src":"osm","osm":"node/9741757366","fee":"no","access":"yes","elev_ft":807}},{"type":"Feature","geometry":{"type":"Point","coordinates":[-91.489259,44.030517]},"properties":{"kind":"campsite","src":"osm","osm":"node/9770819045","name":"Site B","elev_ft":659}},{"type":"Feature","geometry":{"type":"Point","coordinates":[-91.488984,44.031099]},"properties":{"kind":"campsite","src":"osm","osm":"node/9770819046","name":"Site A","elev_ft":659}},{"type":"Feature","geometry":{"type":"Point","coordinates":[-91.490189,44.030079]},"properties":{"kind":"campsite","src":"osm","osm":"node/9770819071","name":"Site D","elev_ft":653}},{"type":"Feature","geometry":{"type":"Point","coordinates":[-91.482356,44.025213]},"properties":{"kind":"dump","src":"osm","osm":"node/9770819090","fee":"no","access":"customers","elev_ft":679}},{"type":"Feature","geometry":{"type":"Point","coordinates":[-88.198358,45.315807]},"properties":{"kind":"dump","src":"osm","osm":"node/9800328129","fee":"yes","elev_ft":948}},{"type":"Feature","geometry":{"type":"Point","coordinates":[-88.198159,45.315898]},"properties":{"kind":"water","src":"osm","osm":"node/9800328130","fee":"no","elev_ft":945}},{"type":"Feature","geometry":{"type":"Point","coordinates":[-88.241163,45.342934]},"properties":{"kind":"water","src":"osm","osm":"node/9800328185","elev_ft":984}},{"type":"Feature","geometry":{"type":"Point","coordinates":[-88.241354,45.342905]},"properties":{"kind":"dump","src":"osm","osm":"node/9800328186","elev_ft":984}},{"type":"Feature","geometry":{"type":"Point","coordinates":[-91.022058,45.268836]},"properties":{"kind":"rv_park","src":"osm","osm":"node/9919825353","name":"Site #8","elev_ft":1168}},{"type":"Feature","geometry":{"type":"Point","coordinates":[-91.022738,45.268598]},"properties":{"kind":"rv_park","src":"osm","osm":"node/9919849967","name":"Site #3","elev_ft":1168}},{"type":"Feature","geometry":{"type":"Point","coordinates":[-88.980567,45.924454]},"properties":{"kind":"campsite","src":"osm","osm":"node/9920278681","access":"yes","elev_ft":1699}},{"type":"Feature","geometry":{"type":"Point","coordinates":[-91.022475,45.268352]},"properties":{"kind":"rv_park","src":"osm","osm":"node/9921274710","name":"Site #1","elev_ft":1168}},{"type":"Feature","geometry":{"type":"Point","coordinates":[-89.952849,44.116698]},"properties":{"kind":"dump","src":"osm","osm":"node/9923444189","elev_ft":958}},{"type":"Feature","geometry":{"type":"Point","coordinates":[-89.953452,44.116933]},"properties":{"kind":"campsite","src":"osm","osm":"node/9923444195","name":"Petenwell County ATV/UTV Campground","operator":"Petenwell County","elev_ft":961}},{"type":"Feature","geometry":{"type":"Point","coordinates":[-89.966868,44.115241]},"properties":{"kind":"water","src":"osm","osm":"node/9923468943","fee":"no","elev_ft":958}},{"type":"Feature","geometry":{"type":"Point","coordinates":[-89.329353,44.467155]},"properties":{"kind":"dump","src":"osm","osm":"node/9938178156","fee":"yes","access":"yes","elev_ft":1122}},{"type":"Feature","geometry":{"type":"Point","coordinates":[-89.329191,44.467176]},"properties":{"kind":"water","src":"osm","osm":"node/9938178157","fee":"no","elev_ft":1122}},{"type":"Feature","geometry":{"type":"Point","coordinates":[-89.330637,44.472701]},"properties":{"kind":"dump","src":"osm","osm":"node/9938178198","fee":"yes","elev_ft":1161}},{"type":"Feature","geometry":{"type":"Point","coordinates":[-89.330627,44.472597]},"properties":{"kind":"water","src":"osm","osm":"node/9938178199","fee":"no","elev_ft":1161}},{"type":"Feature","geometry":{"type":"Point","coordinates":[-91.022125,45.268738]},"properties":{"kind":"rv_park","src":"osm","osm":"node/9941108008","name":"Site #7","elev_ft":1168}},{"type":"Feature","geometry":{"type":"Point","coordinates":[-91.022259,45.268578]},"properties":{"kind":"rv_park","src":"osm","osm":"node/9941132712","name":"Site #5","elev_ft":1168}},{"type":"Feature","geometry":{"type":"Point","coordinates":[-91.022184,45.268655]},"properties":{"kind":"rv_park","src":"osm","osm":"node/9941139954","name":"Site #6","elev_ft":1168}},{"type":"Feature","geometry":{"type":"Point","coordinates":[-91.022636,45.268653]},"properties":{"kind":"rv_park","src":"osm","osm":"node/9941139955","name":"Site #4","elev_ft":1168}},{"type":"Feature","geometry":{"type":"Point","coordinates":[-91.022355,45.268471]},"properties":{"kind":"rv_park","src":"osm","osm":"node/9941149400","name":"Site #2","elev_ft":1168}},{"type":"Feature","geometry":{"type":"Point","coordinates":[-88.494894,45.931806]},"properties":{"kind":"campsite","src":"osm","osm":"node/9986666287","name":"Perch Lake Campground","fee":"yes","drinking_water":"no","toilets":"yes","reservation":"no","elev_ft":1526}},{"type":"Feature","geometry":{"type":"Point","coordinates":[-89.115317,44.517053]},"properties":{"kind":"campsite","src":"osm","osm":"node/10015009873","name":"Iola Pines Campground","elev_ft":988}},{"type":"Feature","geometry":{"type":"Point","coordinates":[-88.583598,43.467468]},"properties":{"kind":"water","src":"osm","osm":"node/10019711316","elev_ft":1112}},{"type":"Feature","geometry":{"type":"Point","coordinates":[-88.583477,43.467462]},"properties":{"kind":"dump","src":"osm","osm":"node/10019711317","elev_ft":1112}},{"type":"Feature","geometry":{"type":"Point","coordinates":[-91.232089,43.725866]},"properties":{"kind":"dump","src":"osm","osm":"node/10052385174","fee":"no","elev_ft":640}},{"type":"Feature","geometry":{"type":"Point","coordinates":[-91.231963,43.725964]},"properties":{"kind":"water","src":"osm","osm":"node/10052385175","fee":"no","elev_ft":640}},{"type":"Feature","geometry":{"type":"Point","coordinates":[-91.231933,43.728636]},"properties":{"kind":"dump","src":"osm","osm":"node/10052385201","fee":"no","elev_ft":659}},{"type":"Feature","geometry":{"type":"Point","coordinates":[-91.231695,43.728803]},"properties":{"kind":"water","src":"osm","osm":"node/10052385202","fee":"no","elev_ft":643}},{"type":"Feature","geometry":{"type":"Point","coordinates":[-89.606824,43.361123]},"properties":{"kind":"campsite","src":"osm","osm":"node/10067877264","elev_ft":968}},{"type":"Feature","geometry":{"type":"Point","coordinates":[-91.303257,46.206072]},"properties":{"kind":"campsite","src":"osm","osm":"node/10078062984","name":"Cable Campground","fee":"yes","website":"https://townofcable.com/cable-campground/","toilets":"yes","reservation":"no","elev_ft":1358}},{"type":"Feature","geometry":{"type":"Point","coordinates":[-90.668632,46.788424]},"properties":{"kind":"campsite","src":"osm","osm":"node/10263168543","name":"Big Bay State Park Group Camp Site 1","operator":"Wisconsin Department of Natural Resources","drinking_water":"yes","reservation":"required","elev_ft":627}},{"type":"Feature","geometry":{"type":"Point","coordinates":[-91.266765,43.812494]},"properties":{"kind":"dump","src":"osm","osm":"node/10559505015","elev_ft":636}},{"type":"Feature","geometry":{"type":"Point","coordinates":[-91.266783,43.812371]},"properties":{"kind":"dump","src":"osm","osm":"node/10559505016","elev_ft":636}},{"type":"Feature","geometry":{"type":"Point","coordinates":[-89.858157,44.757832]},"properties":{"kind":"water","src":"osm","osm":"node/10876887656","fee":"no","elev_ft":1234}},{"type":"Feature","geometry":{"type":"Point","coordinates":[-89.858376,44.757847]},"properties":{"kind":"dump","src":"osm","osm":"node/10876887660","fee":"yes","access":"yes","elev_ft":1234}},{"type":"Feature","geometry":{"type":"Point","coordinates":[-88.321633,44.107736]},"properties":{"kind":"campsite","src":"osm","osm":"node/10938577486","name":"Upper Park Campground","fee":"yes","elev_ft":961}},{"type":"Feature","geometry":{"type":"Point","coordinates":[-88.326407,44.10678]},"properties":{"kind":"campsite","src":"osm","osm":"node/10938577487","name":"West End Campground","fee":"yes","elev_ft":781}},{"type":"Feature","geometry":{"type":"Point","coordinates":[-88.326384,44.10711]},"properties":{"kind":"water","src":"osm","osm":"node/10938577488","fee":"no","access":"yes","elev_ft":781}},{"type":"Feature","geometry":{"type":"Point","coordinates":[-88.32647,44.102363]},"properties":{"kind":"campsite","src":"osm","osm":"node/10938588311","name":"South End Campground","fee":"yes","access":"yes","elev_ft":810}},{"type":"Feature","geometry":{"type":"Point","coordinates":[-88.323031,44.114818]},"properties":{"kind":"campsite","src":"osm","osm":"node/10938588320","name":"North End Campground","fee":"yes","elev_ft":804}},{"type":"Feature","geometry":{"type":"Point","coordinates":[-88.172231,42.504458]},"properties":{"kind":"campsite","src":"osm","osm":"node/10943130102","name":"Walnut","elev_ft":784}},{"type":"Feature","geometry":{"type":"Point","coordinates":[-88.173239,42.504292]},"properties":{"kind":"campsite","src":"osm","osm":"node/10943130103","name":"Chestnut","elev_ft":784}},{"type":"Feature","geometry":{"type":"Point","coordinates":[-88.173188,42.505078]},"properties":{"kind":"campsite","src":"osm","osm":"node/10943130104","name":"Birch","elev_ft":781}},{"type":"Feature","geometry":{"type":"Point","coordinates":[-88.169456,42.504169]},"properties":{"kind":"campsite","src":"osm","osm":"node/10943140121","name":"Sequioa","elev_ft":794}},{"type":"Feature","geometry":{"type":"Point","coordinates":[-88.169815,42.505152]},"properties":{"kind":"campsite","src":"osm","osm":"node/10943140122","name":"Fir","elev_ft":784}},{"type":"Feature","geometry":{"type":"Point","coordinates":[-88.169558,42.505757]},"properties":{"kind":"campsite","src":"osm","osm":"node/10943140123","name":"Pine","elev_ft":771}},{"type":"Feature","geometry":{"type":"Point","coordinates":[-88.168851,42.505459]},"properties":{"kind":"campsite","src":"osm","osm":"node/10943140124","name":"Spruce","elev_ft":781}},{"type":"Feature","geometry":{"type":"Point","coordinates":[-88.16868,42.50517]},"properties":{"kind":"campsite","src":"osm","osm":"node/10943140125","name":"Juniper","elev_ft":781}},{"type":"Feature","geometry":{"type":"Point","coordinates":[-88.168392,42.50487]},"properties":{"kind":"campsite","src":"osm","osm":"node/10943140126","name":"Alder","elev_ft":781}},{"type":"Feature","geometry":{"type":"Point","coordinates":[-88.166142,42.504219]},"properties":{"kind":"campsite","src":"osm","osm":"node/10943140127","name":"Mulberry","elev_ft":771}},{"type":"Feature","geometry":{"type":"Point","coordinates":[-88.167927,42.506159]},"properties":{"kind":"campsite","src":"osm","osm":"node/10943140128","name":"Cedar","elev_ft":768}},{"type":"Feature","geometry":{"type":"Point","coordinates":[-88.167841,42.506645]},"properties":{"kind":"campsite","src":"osm","osm":"node/10943140129","name":"Black Oak","elev_ft":764}},{"type":"Feature","geometry":{"type":"Point","coordinates":[-88.168521,42.507163]},"properties":{"kind":"campsite","src":"osm","osm":"node/10943140130","name":"Red Oak","elev_ft":761}},{"type":"Feature","geometry":{"type":"Point","coordinates":[-88.168858,42.507706]},"properties":{"kind":"campsite","src":"osm","osm":"node/10943140131","name":"White Oak","elev_ft":768}},{"type":"Feature","geometry":{"type":"Point","coordinates":[-88.169391,42.506718]},"properties":{"kind":"campsite","src":"osm","osm":"node/10943140132","name":"Beech","elev_ft":761}},{"type":"Feature","geometry":{"type":"Point","coordinates":[-88.169574,42.507045]},"properties":{"kind":"campsite","src":"osm","osm":"node/10943140133","name":"Basswood","elev_ft":764}},{"type":"Feature","geometry":{"type":"Point","coordinates":[-88.169961,42.50715]},"properties":{"kind":"campsite","src":"osm","osm":"node/10943140134","name":"Ash","elev_ft":764}},{"type":"Feature","geometry":{"type":"Point","coordinates":[-88.170506,42.507358]},"properties":{"kind":"campsite","src":"osm","osm":"node/10943140135","name":"Aspen","elev_ft":764}},{"type":"Feature","geometry":{"type":"Point","coordinates":[-88.171254,42.507115]},"properties":{"kind":"campsite","src":"osm","osm":"node/10943140136","name":"Redwood","elev_ft":774}},{"type":"Feature","geometry":{"type":"Point","coordinates":[-88.170909,42.507851]},"properties":{"kind":"campsite","src":"osm","osm":"node/10943140137","name":"Elm","elev_ft":781}},{"type":"Feature","geometry":{"type":"Point","coordinates":[-88.171498,42.508182]},"properties":{"kind":"campsite","src":"osm","osm":"node/10943140138","name":"Poplar","elev_ft":781}},{"type":"Feature","geometry":{"type":"Point","coordinates":[-88.171793,42.507719]},"properties":{"kind":"campsite","src":"osm","osm":"node/10943140139","name":"Maple","elev_ft":781}},{"type":"Feature","geometry":{"type":"Point","coordinates":[-88.172398,42.50786]},"properties":{"kind":"campsite","src":"osm","osm":"node/10943140140","name":"Sugar Maple","elev_ft":791}},{"type":"Feature","geometry":{"type":"Point","coordinates":[-88.173296,42.507489]},"properties":{"kind":"campsite","src":"osm","osm":"node/10943140141","name":"Cottonwood","elev_ft":781}},{"type":"Feature","geometry":{"type":"Point","coordinates":[-88.173677,42.508535]},"properties":{"kind":"campsite","src":"osm","osm":"node/10943140142","name":"Silver Maple","elev_ft":784}},{"type":"Feature","geometry":{"type":"Point","coordinates":[-88.173621,42.508715]},"properties":{"kind":"campsite","src":"osm","osm":"node/10943140143","name":"Red Maple","elev_ft":787}},{"type":"Feature","geometry":{"type":"Point","coordinates":[-88.047881,43.848244]},"properties":{"kind":"water","src":"osm","osm":"node/10969661280","fee":"no","elev_ft":906}},{"type":"Feature","geometry":{"type":"Point","coordinates":[-88.047809,43.848367]},"properties":{"kind":"dump","src":"osm","osm":"node/10969661281","fee":"no","elev_ft":906}},{"type":"Feature","geometry":{"type":"Point","coordinates":[-92.168813,45.001829]},"properties":{"kind":"dump","src":"osm","osm":"node/10979890339","access":"yes","elev_ft":1109}},{"type":"Feature","geometry":{"type":"Point","coordinates":[-87.216224,45.120541]},"properties":{"kind":"dump","src":"osm","osm":"node/10992544361","elev_ft":627}},{"type":"Feature","geometry":{"type":"Point","coordinates":[-88.17456,43.160866]},"properties":{"kind":"campsite","src":"osm","osm":"node/11030702168","name":"Menomonee Park Campground Family Camping","drinking_water":"yes","toilets":"yes","elev_ft":919}},{"type":"Feature","geometry":{"type":"Point","coordinates":[-88.176423,43.15611]},"properties":{"kind":"campsite","src":"osm","osm":"node/11030702179","name":"Menomonee Park Campground Group Camping","elev_ft":919}},{"type":"Feature","geometry":{"type":"Point","coordinates":[-89.065513,43.160852]},"properties":{"kind":"dump","src":"osm","osm":"node/11035147137","access":"customers","elev_ft":850}},{"type":"Feature","geometry":{"type":"Point","coordinates":[-88.950282,45.369089]},"properties":{"kind":"campsite","src":"osm","osm":"node/11036224637","name":"Onidea","fee":"yes","access":"private","operator":"Ma-Ka-Ja-Wan Scout Reservation","drinking_water":"yes","elev_ft":1621}},{"type":"Feature","geometry":{"type":"Point","coordinates":[-91.131062,46.132504]},"properties":{"kind":"campsite","src":"osm","osm":"node/11042877969","name":"Wilson Lake","elev_ft":1424}},{"type":"Feature","geometry":{"type":"Point","coordinates":[-91.134117,46.133386]},"properties":{"kind":"campsite","src":"osm","osm":"node/11050422448","elev_ft":1411}},{"type":"Feature","geometry":{"type":"Point","coordinates":[-91.116517,46.156907]},"properties":{"kind":"campsite","src":"osm","osm":"node/11050461093","elev_ft":1444}},{"type":"Feature","geometry":{"type":"Point","coordinates":[-91.117525,46.155073]},"properties":{"kind":"campsite","src":"osm","osm":"node/11050461094","elev_ft":1434}},{"type":"Feature","geometry":{"type":"Point","coordinates":[-90.174226,43.632084]},"properties":{"kind":"dump","src":"osm","osm":"node/11069712324","elev_ft":915}},{"type":"Feature","geometry":{"type":"Point","coordinates":[-90.172889,43.634523]},"properties":{"kind":"dump","src":"osm","osm":"node/11069712333","elev_ft":1030}},{"type":"Feature","geometry":{"type":"Point","coordinates":[-87.80752,43.491503]},"properties":{"kind":"water","src":"osm","osm":"node/11079291412","fee":"no","elev_ft":663}},{"type":"Feature","geometry":{"type":"Point","coordinates":[-90.608431,46.921834]},"properties":{"kind":"campsite","src":"osm","osm":"node/11102920081","name":"Stockton Island Watercraft Group Campsite A","fee":"yes","access":"permit","operator":"Apostle Islands National Lakeshore","elev_ft":607}},{"type":"Feature","geometry":{"type":"Point","coordinates":[-90.610157,46.920831]},"properties":{"kind":"campsite","src":"osm","osm":"node/11102977501","name":"Stockton Island Watercraft Campsite #20","access":"permit","operator":"Apostle Islands National Lakeshore","elev_ft":614}},{"type":"Feature","geometry":{"type":"Point","coordinates":[-88.968197,45.367722]},"properties":{"kind":"campsite","src":"osm","osm":"node/11106120961","name":"Fremont","access":"private","operator":"Ma-Ka-Ja-Wan Scout Reservation","elev_ft":1575}},{"type":"Feature","geometry":{"type":"Point","coordinates":[-88.970206,45.368158]},"properties":{"kind":"campsite","src":"osm","osm":"node/11106310389","name":"Clark","access":"private","operator":"Ma-Ka-Ja-Wan Scout Reservation","elev_ft":1614}},{"type":"Feature","geometry":{"type":"Point","coordinates":[-87.424122,44.852381]},"properties":{"kind":"dump","src":"osm","osm":"node/11112922680","fee":"no","access":"yes","elev_ft":702}},{"type":"Feature","geometry":{"type":"Point","coordinates":[-87.424504,44.852371]},"properties":{"kind":"water","src":"osm","osm":"node/11112922681","elev_ft":702}},{"type":"Feature","geometry":{"type":"Point","coordinates":[-90.508676,46.874236]},"properties":{"kind":"campsite","src":"osm","osm":"node/11116551794","name":"Michigan Island Watercraft Campsite #1","access":"permit","operator":"Apostle Islands National Lakeshore","elev_ft":607}},{"type":"Feature","geometry":{"type":"Point","coordinates":[-90.268424,44.15499]},"properties":{"kind":"campsite","src":"osm","osm":"node/11134623187","name":"MVWA 6","elev_ft":958}},{"type":"Feature","geometry":{"type":"Point","coordinates":[-91.961892,46.056989]},"properties":{"kind":"campsite","src":"osm","osm":"node/11149346705","name":"Shangri-la Campground","fee":"yes","website":"https://shangrilatrego.com/","elev_ft":1017}},{"type":"Feature","geometry":{"type":"Point","coordinates":[-91.142617,46.176299]},"properties":{"kind":"campsite","src":"osm","osm":"node/11218186559","name":"Rock Lake East","fee":"no","elev_ft":1447}},{"type":"Feature","geometry":{"type":"Point","coordinates":[-91.144808,46.177437]},"properties":{"kind":"campsite","src":"osm","osm":"node/11218186616","name":"Rock Lake North","fee":"no","elev_ft":1437}},{"type":"Feature","geometry":{"type":"Point","coordinates":[-91.147733,46.167338]},"properties":{"kind":"campsite","src":"osm","osm":"node/11218186625","name":"Emerson Lake","fee":"no","elev_ft":1483}},{"type":"Feature","geometry":{"type":"Point","coordinates":[-88.955032,43.325813]},"properties":{"kind":"dump","src":"osm","osm":"node/11264052288","elev_ft":853}},{"type":"Feature","geometry":{"type":"Point","coordinates":[-92.73399,44.929242]},"properties":{"kind":"campsite","src":"osm","osm":"node/11357275247","access":"private","elev_ft":840}},{"type":"Feature","geometry":{"type":"Point","coordinates":[-92.73805,44.929572]},"properties":{"kind":"campsite","src":"osm","osm":"node/11374651169","access":"private","elev_ft":820}},{"type":"Feature","geometry":{"type":"Point","coordinates":[-92.739089,44.930697]},"properties":{"kind":"campsite","src":"osm","osm":"node/11374651170","access":"private","elev_ft":804}},{"type":"Feature","geometry":{"type":"Point","coordinates":[-92.740606,44.930331]},"properties":{"kind":"campsite","src":"osm","osm":"node/11374651171","access":"private","elev_ft":863}},{"type":"Feature","geometry":{"type":"Point","coordinates":[-92.736245,44.928634]},"properties":{"kind":"campsite","src":"osm","osm":"node/11374651176","access":"private","elev_ft":827}},{"type":"Feature","geometry":{"type":"Point","coordinates":[-92.734086,44.92822]},"properties":{"kind":"campsite","src":"osm","osm":"node/11374651177","elev_ft":840}},{"type":"Feature","geometry":{"type":"Point","coordinates":[-89.236302,42.977299]},"properties":{"kind":"dump","src":"osm","osm":"node/11405570604","elev_ft":919}},{"type":"Feature","geometry":{"type":"Point","coordinates":[-88.234261,43.489616]},"properties":{"kind":"campsite","src":"osm","osm":"node/11406854061","name":"Dispersed Camping Area","fee":"no","access":"yes","elev_ft":1083}},{"type":"Feature","geometry":{"type":"Point","coordinates":[-89.634259,42.78851]},"properties":{"kind":"campsite","src":"osm","osm":"node/11412763326","name":"Group Camping","elev_ft":1043}},{"type":"Feature","geometry":{"type":"Point","coordinates":[-91.695363,45.712952]},"properties":{"kind":"campsite","src":"osm","osm":"node/11575035751","elev_ft":1227}},{"type":"Feature","geometry":{"type":"Point","coordinates":[-91.580278,44.786578]},"properties":{"kind":"campsite","src":"osm","osm":"node/11655425884","name":"The Pines Music Park","access":"yes","website":"https://www.pinesmusicpark.com/","elev_ft":997}},{"type":"Feature","geometry":{"type":"Point","coordinates":[-89.980148,43.940269]},"properties":{"kind":"campsite","src":"osm","osm":"node/11772046905","name":"East Backpack Sites 34-38, 43-45","elev_ft":889}},{"type":"Feature","geometry":{"type":"Point","coordinates":[-90.20014,46.010259]},"properties":{"kind":"campsite","src":"osm","osm":"node/11895319826","drinking_water":"no","toilets":"yes","elev_ft":1568}},{"type":"Feature","geometry":{"type":"Point","coordinates":[-90.206404,46.015251]},"properties":{"kind":"campsite","src":"osm","osm":"node/11895319852","drinking_water":"no","toilets":"yes","elev_ft":1591}},{"type":"Feature","geometry":{"type":"Point","coordinates":[-90.202214,46.018053]},"properties":{"kind":"campsite","src":"osm","osm":"node/11895337486","drinking_water":"no","toilets":"yes","elev_ft":1572}},{"type":"Feature","geometry":{"type":"Point","coordinates":[-88.297045,45.173083]},"properties":{"kind":"campsite","src":"osm","osm":"node/11907055530","name":"Hilltop Pitch","access":"private","elev_ft":856}},{"type":"Feature","geometry":{"type":"Point","coordinates":[-88.296306,45.17297]},"properties":{"kind":"campsite","src":"osm","osm":"node/11907055531","name":"Driveway Pitch","access":"private","elev_ft":856}},{"type":"Feature","geometry":{"type":"Point","coordinates":[-88.2967,45.172969]},"properties":{"kind":"campsite","src":"osm","osm":"node/11907055532","name":"Hammock Pitches","access":"private","elev_ft":856}},{"type":"Feature","geometry":{"type":"Point","coordinates":[-87.764149,43.727917]},"properties":{"kind":"campsite","src":"osm","osm":"node/11918303340","name":"Jake's Camp","elev_ft":636}},{"type":"Feature","geometry":{"type":"Point","coordinates":[-87.76576,43.724137]},"properties":{"kind":"campsite","src":"osm","osm":"node/11918303346","name":"Pine Grove Camp","elev_ft":650}},{"type":"Feature","geometry":{"type":"Point","coordinates":[-87.779833,43.727007]},"properties":{"kind":"campsite","src":"osm","osm":"node/11918303552","name":"Augie Moeller Campsite","elev_ft":696}},{"type":"Feature","geometry":{"type":"Point","coordinates":[-87.793189,43.72703]},"properties":{"kind":"campsite","src":"osm","osm":"node/11918303567","name":"Morgan Bluff Campsite","elev_ft":673}},{"type":"Feature","geometry":{"type":"Point","coordinates":[-91.694787,45.732006]},"properties":{"kind":"campsite","src":"osm","osm":"node/12018262169","name":"Maple","elev_ft":1257}},{"type":"Feature","geometry":{"type":"Point","coordinates":[-91.012907,44.700816]},"properties":{"kind":"dump","src":"osm","osm":"node/12055949746","fee":"no","elev_ft":988}},{"type":"Feature","geometry":{"type":"Point","coordinates":[-91.012918,44.700931]},"properties":{"kind":"water","src":"osm","osm":"node/12055949747","fee":"no","elev_ft":981}},{"type":"Feature","geometry":{"type":"Point","coordinates":[-91.012916,44.701074]},"properties":{"kind":"water","src":"osm","osm":"node/12055949748","fee":"no","elev_ft":981}},{"type":"Feature","geometry":{"type":"Point","coordinates":[-91.312382,44.97884]},"properties":{"kind":"dump","src":"osm","osm":"node/12092471976","fee":"no","access":"yes","elev_ft":935}},{"type":"Feature","geometry":{"type":"Point","coordinates":[-91.312094,44.978927]},"properties":{"kind":"water","src":"osm","osm":"node/12092471977","fee":"no","access":"yes","elev_ft":935}},{"type":"Feature","geometry":{"type":"Point","coordinates":[-90.935554,46.981858]},"properties":{"kind":"campsite","src":"osm","osm":"node/12098144883","elev_ft":620}},{"type":"Feature","geometry":{"type":"Point","coordinates":[-90.935117,46.97959]},"properties":{"kind":"campsite","src":"osm","osm":"node/12098154944","elev_ft":607}},{"type":"Feature","geometry":{"type":"Point","coordinates":[-90.935033,46.97841]},"properties":{"kind":"campsite","src":"osm","osm":"node/12098154945","elev_ft":614}},{"type":"Feature","geometry":{"type":"Point","coordinates":[-88.432075,42.566659]},"properties":{"kind":"dump","src":"osm","osm":"node/12102929829","fee":"no","elev_ft":896}},{"type":"Feature","geometry":{"type":"Point","coordinates":[-88.432254,42.566632]},"properties":{"kind":"water","src":"osm","osm":"node/12102929830","fee":"no","access":"yes","elev_ft":896}},{"type":"Feature","geometry":{"type":"Point","coordinates":[-87.987668,43.793075]},"properties":{"kind":"water","src":"osm","osm":"node/12137939080","elev_ft":1060}},{"type":"Feature","geometry":{"type":"Point","coordinates":[-87.987937,43.793073]},"properties":{"kind":"dump","src":"osm","osm":"node/12137939081","elev_ft":1060}},{"type":"Feature","geometry":{"type":"Point","coordinates":[-90.239046,44.140447]},"properties":{"kind":"campsite","src":"osm","osm":"node/12168976657","name":"Meadow Valley W","elev_ft":951}},{"type":"Feature","geometry":{"type":"Point","coordinates":[-90.252334,44.172978]},"properties":{"kind":"campsite","src":"osm","osm":"node/12168976674","name":"MVWA 6","elev_ft":971}},{"type":"Feature","geometry":{"type":"Point","coordinates":[-90.291332,44.18859]},"properties":{"kind":"campsite","src":"osm","osm":"node/12169339975","name":"MVWA 9","elev_ft":1001}},{"type":"Feature","geometry":{"type":"Point","coordinates":[-90.312315,44.21233]},"properties":{"kind":"campsite","src":"osm","osm":"node/12169339976","name":"MVWA 10","elev_ft":1033}},{"type":"Feature","geometry":{"type":"Point","coordinates":[-90.22143,44.216652]},"properties":{"kind":"campsite","src":"osm","osm":"node/12169339978","name":"MVWA 3","elev_ft":965}},{"type":"Feature","geometry":{"type":"Point","coordinates":[-90.224508,44.184036]},"properties":{"kind":"campsite","src":"osm","osm":"node/12169340828","name":"MVWA 4","elev_ft":968}},{"type":"Feature","geometry":{"type":"Point","coordinates":[-92.869585,45.567901]},"properties":{"kind":"campsite","src":"osm","osm":"node/12184882489","name":"Sunrise Landing","elev_ft":768}},{"type":"Feature","geometry":{"type":"Point","coordinates":[-89.495358,44.069949]},"properties":{"kind":"campsite","src":"osm","osm":"node/12212874229","elev_ft":1171}},{"type":"Feature","geometry":{"type":"Point","coordinates":[-89.713167,43.409573]},"properties":{"kind":"campsite","src":"osm","osm":"node/12235408217","name":"G3","elev_ft":1125}},{"type":"Feature","geometry":{"type":"Point","coordinates":[-90.280647,43.745728]},"properties":{"kind":"campsite","src":"osm","osm":"node/12277597791","name":"DNR Elroy-Sparta Walk-In Site","fee":"yes","website":"https://dnr.wisconsin.gov/topic/parks/elroysparta/recreation/camping","elev_ft":1027}},{"type":"Feature","geometry":{"type":"Point","coordinates":[-87.953295,43.693821]},"properties":{"kind":"campsite","src":"osm","osm":"node/12319628877","name":"Pine Ridge Campground","elev_ft":883}},{"type":"Feature","geometry":{"type":"Point","coordinates":[-87.940189,43.539241]},"properties":{"kind":"campsite","src":"osm","osm":"node/12319628892","name":"Badger Camp & Resort","elev_ft":902}},{"type":"Feature","geometry":{"type":"Point","coordinates":[-88.909384,42.860012]},"properties":{"kind":"dump","src":"osm","osm":"node/12398645507","access":"customers","operator":"Dump Station","elev_ft":840}},{"type":"Feature","geometry":{"type":"Point","coordinates":[-89.957892,44.121806]},"properties":{"kind":"campsite","src":"osm","osm":"node/12468284932","name":"BATURA","elev_ft":925}},{"type":"Feature","geometry":{"type":"Point","coordinates":[-88.871353,43.99834]},"properties":{"kind":"dump","src":"osm","osm":"node/12748764776","operator":"Eureka Dam Campsite","elev_ft":758}},{"type":"Feature","geometry":{"type":"Point","coordinates":[-88.344205,45.520944]},"properties":{"kind":"campsite","src":"osm","osm":"node/12769459483","name":"Goodman Park Campground","website":"https://www.marinettecountywi.gov/parks/camping/goodman_park_campground/","elev_ft":1250}},{"type":"Feature","geometry":{"type":"Point","coordinates":[-90.75933,46.790965]},"properties":{"kind":"dump","src":"osm","osm":"node/12773403487","name":"Madeline Island Sanitary Dump Station","fee":"no","access":"yes","operator":"Town of La Pointe","elev_ft":673}},{"type":"Feature","geometry":{"type":"Point","coordinates":[-90.794521,45.646139]},"properties":{"kind":"campsite","src":"osm","osm":"node/12833961245","name":"Hervas Landing Camp","fee":"no","operator":"Wisconsin Department of Natural Resources","drinking_water":"no","toilets":"yes","elev_ft":1293}},{"type":"Feature","geometry":{"type":"Point","coordinates":[-90.085711,46.079305]},"properties":{"kind":"campsite","src":"osm","osm":"node/12837023365","operator":"Wisconsin Department of Natural Resources","drinking_water":"no","toilets":"yes","elev_ft":1581}},{"type":"Feature","geometry":{"type":"Point","coordinates":[-90.095712,46.077666]},"properties":{"kind":"campsite","src":"osm","osm":"node/12837023366","operator":"Wisconsin Department of Natural Resources","drinking_water":"no","toilets":"yes","elev_ft":1578}},{"type":"Feature","geometry":{"type":"Point","coordinates":[-90.111457,46.082286]},"properties":{"kind":"campsite","src":"osm","osm":"node/12837109212","operator":"Wisconsin Department of Natural Resources","drinking_water":"no","toilets":"yes","elev_ft":1572}},{"type":"Feature","geometry":{"type":"Point","coordinates":[-90.112854,46.087226]},"properties":{"kind":"campsite","src":"osm","osm":"node/12837109213","operator":"Wisconsin Department of Natural Resources","drinking_water":"no","toilets":"yes","elev_ft":1565}},{"type":"Feature","geometry":{"type":"Point","coordinates":[-90.11218,46.087732]},"properties":{"kind":"campsite","src":"osm","osm":"node/12837109214","operator":"Wisconsin Department of Natural Resources","drinking_water":"no","toilets":"yes","elev_ft":1565}},{"type":"Feature","geometry":{"type":"Point","coordinates":[-90.116459,46.08334]},"properties":{"kind":"campsite","src":"osm","osm":"node/12837150871","operator":"Wisconsin Department of Natural Resources","drinking_water":"no","toilets":"yes","elev_ft":1572}},{"type":"Feature","geometry":{"type":"Point","coordinates":[-90.119581,46.083034]},"properties":{"kind":"campsite","src":"osm","osm":"node/12837150872","operator":"Wisconsin Department of Natural Resources","drinking_water":"no","toilets":"yes","elev_ft":1604}},{"type":"Feature","geometry":{"type":"Point","coordinates":[-90.128064,46.088616]},"properties":{"kind":"campsite","src":"osm","osm":"node/12842742128","operator":"Wisconsin Department of Natural Resources","drinking_water":"no","toilets":"yes","elev_ft":1581}},{"type":"Feature","geometry":{"type":"Point","coordinates":[-90.125897,46.091087]},"properties":{"kind":"campsite","src":"osm","osm":"node/12842742129","operator":"Wisconsin Department of Natural Resources","drinking_water":"no","toilets":"yes","elev_ft":1562}},{"type":"Feature","geometry":{"type":"Point","coordinates":[-90.129609,46.092381]},"properties":{"kind":"campsite","src":"osm","osm":"node/12842742130","operator":"Wisconsin Department of Natural Resources","drinking_water":"no","toilets":"yes","elev_ft":1568}},{"type":"Feature","geometry":{"type":"Point","coordinates":[-90.130289,46.096554]},"properties":{"kind":"campsite","src":"osm","osm":"node/12842742131","operator":"Wisconsin Department of Natural Resources","drinking_water":"no","toilets":"yes","elev_ft":1552}},{"type":"Feature","geometry":{"type":"Point","coordinates":[-90.136221,46.09403]},"properties":{"kind":"campsite","src":"osm","osm":"node/12842742132","operator":"Wisconsin Department of Natural Resources","drinking_water":"no","toilets":"yes","elev_ft":1575}},{"type":"Feature","geometry":{"type":"Point","coordinates":[-90.140628,46.097517]},"properties":{"kind":"campsite","src":"osm","osm":"node/12842742133","operator":"Wisconsin Department of Natural Resources","drinking_water":"no","toilets":"yes","elev_ft":1552}},{"type":"Feature","geometry":{"type":"Point","coordinates":[-90.143211,46.092787]},"properties":{"kind":"campsite","src":"osm","osm":"node/12842742134","operator":"Wisconsin Department of Natural Resources","drinking_water":"no","toilets":"yes","elev_ft":1581}},{"type":"Feature","geometry":{"type":"Point","coordinates":[-90.151841,46.09794]},"properties":{"kind":"campsite","src":"osm","osm":"node/12842742135","operator":"Wisconsin Department of Natural Resources","drinking_water":"no","toilets":"yes","elev_ft":1604}},{"type":"Feature","geometry":{"type":"Point","coordinates":[-92.553047,45.950835]},"properties":{"kind":"campsite","src":"osm","osm":"node/12871400910","name":"Clam River Group Campsite","fee":"no","access":"yes","operator":"National Park Service","website":"https://www.nps.gov/sacn/index.htm","elev_ft":869}},{"type":"Feature","geometry":{"type":"Point","coordinates":[-90.02535,46.077997]},"properties":{"kind":"campsite","src":"osm","osm":"node/12875754000","name":"Manitowish Canoe 57","fee":"no","operator":"Wisconsin Department of Natural Resources","toilets":"yes","reservation":"no","elev_ft":1562}},{"type":"Feature","geometry":{"type":"Point","coordinates":[-88.755802,43.644527]},"properties":{"kind":"dump","src":"osm","osm":"node/12879716568","elev_ft":928}},{"type":"Feature","geometry":{"type":"Point","coordinates":[-88.755683,43.644575]},"properties":{"kind":"water","src":"osm","osm":"node/12879716569","elev_ft":938}},{"type":"Feature","geometry":{"type":"Point","coordinates":[-90.675158,45.854056]},"properties":{"kind":"campsite","src":"osm","osm":"node/12883795739","name":"County Line Camp","fee":"no","access":"yes","operator":"Wisconsin Department of Natural Resources","drinking_water":"no","toilets":"yes","elev_ft":1391}},{"type":"Feature","geometry":{"type":"Point","coordinates":[-90.672986,45.880175]},"properties":{"kind":"campsite","src":"osm","osm":"node/12883795740","name":"Oxbo Canoe Camp","fee":"no","access":"yes","operator":"Wisconsin Department of Natural Resources","drinking_water":"no","toilets":"yes","elev_ft":1407}},{"type":"Feature","geometry":{"type":"Point","coordinates":[-90.714169,45.85183]},"properties":{"kind":"campsite","src":"osm","osm":"node/12883795744","name":"Log Creek Camp","fee":"no","operator":"Wisconsin Department of Natural Resources","drinking_water":"no","toilets":"yes","elev_ft":1407}},{"type":"Feature","geometry":{"type":"Point","coordinates":[-90.722931,45.811277]},"properties":{"kind":"campsite","src":"osm","osm":"node/12883804962","name":"Mason Creek Camp","fee":"no","operator":"Wisconsin Department of Natural Resources","drinking_water":"no","toilets":"yes","elev_ft":1368}},{"type":"Feature","geometry":{"type":"Point","coordinates":[-90.754769,45.769447]},"properties":{"kind":"campsite","src":"osm","osm":"node/12883889516","name":"Babb's Island Camp","fee":"no","operator":"Wisconsin Department of Natural Resources","drinking_water":"no","toilets":"yes","elev_ft":1332}},{"type":"Feature","geometry":{"type":"Point","coordinates":[-90.021311,46.096501]},"properties":{"kind":"campsite","src":"osm","osm":"node/12889292405","name":"Manitowish Canoe 56","fee":"no","operator":"Wisconsin Department of Natural Resources","toilets":"yes","reservation":"no","elev_ft":1575}},{"type":"Feature","geometry":{"type":"Point","coordinates":[-90.031399,46.109439]},"properties":{"kind":"campsite","src":"osm","osm":"node/12889292406","name":"Manitowish Canoe 55","fee":"no","operator":"Wisconsin Department of Natural Resources","toilets":"yes","reservation":"no","elev_ft":1617}},{"type":"Feature","geometry":{"type":"Point","coordinates":[-90.018653,46.129893]},"properties":{"kind":"campsite","src":"osm","osm":"node/12889292407","name":"Manitowish Canoe 54","fee":"no","operator":"Wisconsin Department of Natural Resources","toilets":"yes","reservation":"no","elev_ft":1578}},{"type":"Feature","geometry":{"type":"Point","coordinates":[-89.722717,46.080689]},"properties":{"kind":"campsite","src":"osm","osm":"node/12889368725","name":"Jag Canoe 2","fee":"no","operator":"Wisconsin Department of Natural Resources","toilets":"yes","reservation":"no","elev_ft":1677}},{"type":"Feature","geometry":{"type":"Point","coordinates":[-89.721293,46.086173]},"properties":{"kind":"campsite","src":"osm","osm":"node/12889368726","name":"Jag Canoe 1","fee":"no","operator":"Wisconsin Department of Natural Resources","toilets":"yes","reservation":"no","elev_ft":1627}},{"type":"Feature","geometry":{"type":"Point","coordinates":[-89.993732,46.132048]},"properties":{"kind":"campsite","src":"osm","osm":"node/12892202039","name":"Manitowish Canoe 53","fee":"no","operator":"Wisconsin Department of Natural Resources","toilets":"yes","reservation":"no","elev_ft":1601}},{"type":"Feature","geometry":{"type":"Point","coordinates":[-89.946933,46.137876]},"properties":{"kind":"campsite","src":"osm","osm":"node/12892202040","name":"Manitowish Canoe 52","fee":"no","operator":"Wisconsin Department of Natural Resources","toilets":"yes","reservation":"no","elev_ft":1591}},{"type":"Feature","geometry":{"type":"Point","coordinates":[-89.941139,46.140746]},"properties":{"kind":"campsite","src":"osm","osm":"node/12892202041","name":"Manitowish Canoe 51","fee":"no","operator":"Wisconsin Department of Natural Resources","toilets":"yes","reservation":"no","elev_ft":1598}},{"type":"Feature","geometry":{"type":"Point","coordinates":[-89.892076,46.139143]},"properties":{"kind":"campsite","src":"osm","osm":"node/12892202042","name":"Vance Canoe 1","fee":"no","operator":"Wisconsin Department of Natural Resources","toilets":"yes","reservation":"no","elev_ft":1617}},{"type":"Feature","geometry":{"type":"Point","coordinates":[-89.871176,46.149726]},"properties":{"kind":"campsite","src":"osm","osm":"node/12892202043","name":"Rest Canoe 1","fee":"no","operator":"Wisconsin Department of Natural Resources","toilets":"yes","reservation":"no","elev_ft":1588}},{"type":"Feature","geometry":{"type":"Point","coordinates":[-89.83947,46.123819]},"properties":{"kind":"campsite","src":"osm","osm":"node/12892202044","name":"Stone Canoe 6","fee":"no","operator":"Wisconsin Department of Natural Resources","toilets":"yes","reservation":"no","elev_ft":1624}},{"type":"Feature","geometry":{"type":"Point","coordinates":[-89.838427,46.124155]},"properties":{"kind":"campsite","src":"osm","osm":"node/12892202045","name":"Stone Canoe 7","fee":"no","operator":"Wisconsin Department of Natural Resources","toilets":"yes","reservation":"no","elev_ft":1621}},{"type":"Feature","geometry":{"type":"Point","coordinates":[-89.837384,46.124426]},"properties":{"kind":"campsite","src":"osm","osm":"node/12892202046","name":"Stone Canoe 8","fee":"no","operator":"Wisconsin Department of Natural Resources","toilets":"yes","reservation":"no","elev_ft":1601}},{"type":"Feature","geometry":{"type":"Point","coordinates":[-91.180951,45.043025]},"properties":{"kind":"dump","src":"osm","osm":"node/12895109173","fee":"no","operator":"Chippewa Valley Music Festivals","elev_ft":1053}},{"type":"Feature","geometry":{"type":"Point","coordinates":[-92.529731,45.938149]},"properties":{"kind":"campsite","src":"osm","osm":"node/12895845776","name":"Clam River Backpack Site","fee":"no","access":"permit","operator":"Governor Knowles State Forest","website":"https://dnr.wisconsin.gov/topic/StateForests/govknowles/recreation/camping","elev_ft":928}},{"type":"Feature","geometry":{"type":"Point","coordinates":[-89.818942,46.148615]},"properties":{"kind":"campsite","src":"osm","osm":"node/12899395389","name":"Clear Canoe 9","fee":"no","operator":"Wisconsin Department of Natural Resources","toilets":"yes","reservation":"no","elev_ft":1617}},{"type":"Feature","geometry":{"type":"Point","coordinates":[-89.818836,46.150276]},"properties":{"kind":"campsite","src":"osm","osm":"node/12899395390","name":"Clear Canoe 10","fee":"no","operator":"Wisconsin Department of Natural Resources","toilets":"yes","reservation":"no","elev_ft":1611}},{"type":"Feature","geometry":{"type":"Point","coordinates":[-89.747664,46.148872]},"properties":{"kind":"campsite","src":"osm","osm":"node/12899400346","name":"Big Canoe 2","fee":"no","operator":"Wisconsin Department of Natural Resources","toilets":"yes","reservation":"no","elev_ft":1627}},{"type":"Feature","geometry":{"type":"Point","coordinates":[-89.746506,46.152064]},"properties":{"kind":"campsite","src":"osm","osm":"node/12899400347","name":"Big Canoe 1","fee":"no","operator":"Wisconsin Department of Natural Resources","toilets":"yes","reservation":"no","elev_ft":1634}},{"type":"Feature","geometry":{"type":"Point","coordinates":[-89.706236,46.176076]},"properties":{"kind":"campsite","src":"osm","osm":"node/12899400348","name":"Round Canoe 1","fee":"no","operator":"Wisconsin Department of Natural Resources","toilets":"yes","reservation":"no","elev_ft":1654}},{"type":"Feature","geometry":{"type":"Point","coordinates":[-89.719448,46.184059]},"properties":{"kind":"campsite","src":"osm","osm":"node/12899400349","name":"Crab Canoe 1","fee":"no","operator":"Wisconsin Department of Natural Resources","toilets":"yes","reservation":"no","elev_ft":1673}},{"type":"Feature","geometry":{"type":"Point","coordinates":[-89.768018,46.101068]},"properties":{"kind":"campsite","src":"osm","osm":"node/12899435325","name":"Manitowish Canoe 19","fee":"no","operator":"Wisconsin Department of Natural Resources","toilets":"yes","reservation":"no","elev_ft":1621}},{"type":"Feature","geometry":{"type":"Point","coordinates":[-89.762429,46.098212]},"properties":{"kind":"campsite","src":"osm","osm":"node/12899435326","name":"Manitowish Canoe 18","fee":"no","operator":"Wisconsin Department of Natural Resources","toilets":"yes","reservation":"no","elev_ft":1624}},{"type":"Feature","geometry":{"type":"Point","coordinates":[-89.691058,46.112163]},"properties":{"kind":"campsite","src":"osm","osm":"node/12899435327","name":"Manitowish Canoe 17","fee":"no","operator":"Wisconsin Department of Natural Resources","toilets":"yes","reservation":"no","elev_ft":1650}},{"type":"Feature","geometry":{"type":"Point","coordinates":[-89.671217,46.124139]},"properties":{"kind":"campsite","src":"osm","osm":"node/12899435328","name":"Boulder Canoe 1","fee":"no","operator":"Wisconsin Department of Natural Resources","toilets":"yes","reservation":"no","elev_ft":1637}},{"type":"Feature","geometry":{"type":"Point","coordinates":[-89.67612,46.124628]},"properties":{"kind":"campsite","src":"osm","osm":"node/12899435329","name":"Boulder Canoe 2","fee":"no","operator":"Wisconsin Department of Natural Resources","toilets":"yes","reservation":"no","elev_ft":1654}},{"type":"Feature","geometry":{"type":"Point","coordinates":[-89.682596,46.124787]},"properties":{"kind":"campsite","src":"osm","osm":"node/12899435330","name":"Boulder Canoe 3","fee":"no","operator":"Wisconsin Department of Natural Resources","toilets":"yes","reservation":"no","elev_ft":1650}},{"type":"Feature","geometry":{"type":"Point","coordinates":[-89.774132,46.109969]},"properties":{"kind":"campsite","src":"osm","osm":"node/12899453518","name":"Island Canoe 3","fee":"no","operator":"Wisconsin Department of Natural Resources","toilets":"yes","reservation":"no","elev_ft":1601}},{"type":"Feature","geometry":{"type":"Point","coordinates":[-89.776266,46.109998]},"properties":{"kind":"campsite","src":"osm","osm":"node/12899453519","name":"Island Canoe 4","fee":"no","operator":"Wisconsin Department of Natural Resources","toilets":"yes","reservation":"no","elev_ft":1601}},{"type":"Feature","geometry":{"type":"Point","coordinates":[-89.769906,46.103876]},"properties":{"kind":"campsite","src":"osm","osm":"node/12899453520","name":"Island Canoe 1","fee":"no","operator":"Wisconsin Department of Natural Resources","toilets":"yes","reservation":"no","elev_ft":1594}},{"type":"Feature","geometry":{"type":"Point","coordinates":[-89.769864,46.10516]},"properties":{"kind":"campsite","src":"osm","osm":"node/12899453521","name":"Island Canoe 2","fee":"no","operator":"Wisconsin Department of Natural Resources","toilets":"yes","reservation":"no","elev_ft":1594}},{"type":"Feature","geometry":{"type":"Point","coordinates":[-92.530999,45.9632]},"properties":{"kind":"campsite","src":"osm","osm":"node/12900707206","name":"Lost Creek Backpack Site","fee":"no","access":"permit","operator":"Governor Knowles State Forest","website":"https://dnr.wisconsin.gov/topic/StateForests/govknowles/recreation/camping","capacity":"8","reservation":"yes","elev_ft":912}},{"type":"Feature","geometry":{"type":"Point","coordinates":[-89.73297,46.06872]},"properties":{"kind":"campsite","src":"osm","osm":"node/12902325272","name":"Upper Gresham Canoe 1","fee":"no","operator":"Wisconsin Department of Natural Resources","toilets":"yes","reservation":"no","elev_ft":1611}},{"type":"Feature","geometry":{"type":"Point","coordinates":[-89.743677,46.053801]},"properties":{"kind":"campsite","src":"osm","osm":"node/12902325273","name":"Middle Gresham Canoe 1","fee":"no","operator":"Wisconsin Department of Natural Resources","toilets":"yes","reservation":"no","elev_ft":1611}},{"type":"Feature","geometry":{"type":"Point","coordinates":[-89.751906,46.045915]},"properties":{"kind":"campsite","src":"osm","osm":"node/12902325274","name":"Lower Gresham Canoe 1","fee":"no","operator":"Wisconsin Department of Natural Resources","toilets":"yes","reservation":"no","elev_ft":1614}},{"type":"Feature","geometry":{"type":"Point","coordinates":[-89.738345,46.026752]},"properties":{"kind":"campsite","src":"osm","osm":"node/12902325275","name":"Trout River Canoe 27","fee":"no","operator":"Wisconsin Department of Natural Resources","toilets":"yes","reservation":"no","elev_ft":1624}},{"type":"Feature","geometry":{"type":"Point","coordinates":[-89.600681,46.119162]},"properties":{"kind":"campsite","src":"osm","osm":"node/12902326409","name":"Manitowish Canoe 16","fee":"no","operator":"Wisconsin Department of Natural Resources","toilets":"yes","reservation":"no","elev_ft":1663}},{"type":"Feature","geometry":{"type":"Point","coordinates":[-89.596068,46.119118]},"properties":{"kind":"campsite","src":"osm","osm":"node/12902326410","name":"Manitowish Canoe 15","fee":"no","operator":"Wisconsin Department of Natural Resources","toilets":"yes","reservation":"no","elev_ft":1657}},{"type":"Feature","geometry":{"type":"Point","coordinates":[-89.593986,46.119475]},"properties":{"kind":"campsite","src":"osm","osm":"node/12902326411","name":"Manitowish Canoe 14","fee":"no","operator":"Wisconsin Department of Natural Resources","toilets":"yes","reservation":"no","elev_ft":1657}},{"type":"Feature","geometry":{"type":"Point","coordinates":[-89.562229,46.125424]},"properties":{"kind":"campsite","src":"osm","osm":"node/12902326412","name":"Manitowish Canoe 12","fee":"no","operator":"Wisconsin Department of Natural Resources","toilets":"yes","reservation":"no","elev_ft":1650}},{"type":"Feature","geometry":{"type":"Point","coordinates":[-89.586219,46.118344]},"properties":{"kind":"campsite","src":"osm","osm":"node/12902326413","name":"Manitowish Canoe 13","fee":"no","operator":"Wisconsin Department of Natural Resources","toilets":"yes","reservation":"no","elev_ft":1644}},{"type":"Feature","geometry":{"type":"Point","coordinates":[-89.582635,46.137528]},"properties":{"kind":"campsite","src":"osm","osm":"node/12902326414","name":"Fish Trap Canoe 11","fee":"no","operator":"Wisconsin Department of Natural Resources","toilets":"yes","reservation":"no","elev_ft":1634}},{"type":"Feature","geometry":{"type":"Point","coordinates":[-89.577593,46.138792]},"properties":{"kind":"campsite","src":"osm","osm":"node/12902326415","name":"Fish Trap Canoe 10","fee":"no","operator":"Wisconsin Department of Natural Resources","toilets":"yes","reservation":"no","elev_ft":1644}},{"type":"Feature","geometry":{"type":"Point","coordinates":[-89.575275,46.139654]},"properties":{"kind":"campsite","src":"osm","osm":"node/12902326416","name":"Fish Trap Canoe 9","fee":"no","operator":"Wisconsin Department of Natural Resources","toilets":"yes","reservation":"no","elev_ft":1660}},{"type":"Feature","geometry":{"type":"Point","coordinates":[-89.570876,46.140754]},"properties":{"kind":"campsite","src":"osm","osm":"node/12902326417","name":"Fish Trap Canoe 8","fee":"no","operator":"Wisconsin Department of Natural Resources","toilets":"yes","reservation":"no","elev_ft":1660}},{"type":"Feature","geometry":{"type":"Point","coordinates":[-89.549676,46.149957]},"properties":{"kind":"campsite","src":"osm","osm":"node/12902326418","name":"High Canoe 4","fee":"no","operator":"Wisconsin Department of Natural Resources","toilets":"yes","reservation":"no","elev_ft":1667}},{"type":"Feature","geometry":{"type":"Point","coordinates":[-89.548646,46.149273]},"properties":{"kind":"campsite","src":"osm","osm":"node/12902326419","name":"High Canoe 3","fee":"no","operator":"Wisconsin Department of Natural Resources","toilets":"yes","reservation":"no","elev_ft":1660}},{"type":"Feature","geometry":{"type":"Point","coordinates":[-89.560941,46.15568]},"properties":{"kind":"campsite","src":"osm","osm":"node/12902326420","name":"High Canoe 5","fee":"no","operator":"Wisconsin Department of Natural Resources","toilets":"yes","reservation":"no","elev_ft":1627}},{"type":"Feature","geometry":{"type":"Point","coordinates":[-89.558989,46.156111]},"properties":{"kind":"campsite","src":"osm","osm":"node/12902326421","name":"High Canoe 6","fee":"no","operator":"Wisconsin Department of Natural Resources","toilets":"yes","reservation":"no","elev_ft":1680}},{"type":"Feature","geometry":{"type":"Point","coordinates":[-89.556435,46.157255]},"properties":{"kind":"campsite","src":"osm","osm":"node/12902326422","name":"High Canoe 7","fee":"no","operator":"Wisconsin Department of Natural Resources","toilets":"yes","reservation":"no","elev_ft":1693}},{"type":"Feature","geometry":{"type":"Point","coordinates":[-89.533948,46.157969]},"properties":{"kind":"campsite","src":"osm","osm":"node/12902326423","name":"High Canoe 1","fee":"no","operator":"Wisconsin Department of Natural Resources","toilets":"yes","reservation":"no","elev_ft":1647}},{"type":"Feature","geometry":{"type":"Point","coordinates":[-89.5353,46.156051]},"properties":{"kind":"campsite","src":"osm","osm":"node/12902326424","name":"High Canoe 2","fee":"no","operator":"Wisconsin Department of Natural Resources","toilets":"yes","reservation":"no","elev_ft":1673}},{"type":"Feature","geometry":{"type":"Point","coordinates":[-89.70721,46.065764]},"properties":{"kind":"campsite","src":"osm","osm":"node/12902357133","fee":"yes","operator":"Wisconsin Department of Natural Resources","toilets":"yes","reservation":"required","elev_ft":1673}},{"type":"Feature","geometry":{"type":"Point","coordinates":[-89.706094,46.064008]},"properties":{"kind":"campsite","src":"osm","osm":"node/12902357134","fee":"yes","operator":"Wisconsin Department of Natural Resources","toilets":"yes","reservation":"required","elev_ft":1670}},{"type":"Feature","geometry":{"type":"Point","coordinates":[-89.506368,46.195581]},"properties":{"kind":"campsite","src":"osm","osm":"node/12902672326","name":"Palmer Canoe 1","fee":"no","operator":"Wisconsin Department of Natural Resources","toilets":"yes","reservation":"no","elev_ft":1663}},{"type":"Feature","geometry":{"type":"Point","coordinates":[-89.509805,46.200055]},"properties":{"kind":"campsite","src":"osm","osm":"node/12902672327","name":"Palmer Canoe 2","fee":"no","operator":"Wisconsin Department of Natural Resources","toilets":"yes","reservation":"no","elev_ft":1703}},{"type":"Feature","geometry":{"type":"Point","coordinates":[-89.505664,46.204124]},"properties":{"kind":"campsite","src":"osm","osm":"node/12902672328","name":"Palmer Canoe 3","fee":"no","operator":"Wisconsin Department of Natural Resources","toilets":"yes","reservation":"no","elev_ft":1686}},{"type":"Feature","geometry":{"type":"Point","coordinates":[-89.510535,46.210999]},"properties":{"kind":"campsite","src":"osm","osm":"node/12902672329","name":"Palmer Canoe 4","fee":"no","operator":"Wisconsin Department of Natural Resources","toilets":"yes","reservation":"no","elev_ft":1670}},{"type":"Feature","geometry":{"type":"Point","coordinates":[-89.496845,46.207896]},"properties":{"kind":"campsite","src":"osm","osm":"node/12902672330","name":"Palmer Canoe 5","fee":"no","operator":"Wisconsin Department of Natural Resources","toilets":"yes","reservation":"no","elev_ft":1660}},{"type":"Feature","geometry":{"type":"Point","coordinates":[-89.551019,46.100372]},"properties":{"kind":"campsite","src":"osm","osm":"node/12902859569","name":"Nixon Canoe 1","fee":"no","operator":"Wisconsin Department of Natural Resources","toilets":"yes","reservation":"no","elev_ft":1654}},{"type":"Feature","geometry":{"type":"Point","coordinates":[-89.514643,46.08337]},"properties":{"kind":"campsite","src":"osm","osm":"node/12902859570","name":"Partridge Canoe 1","fee":"no","operator":"Wisconsin Department of Natural Resources","toilets":"yes","reservation":"no","elev_ft":1699}},{"type":"Feature","geometry":{"type":"Point","coordinates":[-89.495539,46.067869]},"properties":{"kind":"campsite","src":"osm","osm":"node/12902859592","name":"Ballard Canoe 2","fee":"no","operator":"Wisconsin Department of Natural Resources","toilets":"yes","reservation":"no","elev_ft":1713}},{"type":"Feature","geometry":{"type":"Point","coordinates":[-89.498717,46.068526]},"properties":{"kind":"campsite","src":"osm","osm":"node/12902859593","name":"Ballard Canoe 1","fee":"no","operator":"Wisconsin Department of Natural Resources","toilets":"yes","reservation":"no","elev_ft":1722}},{"type":"Feature","geometry":{"type":"Point","coordinates":[-89.483871,46.017608]},"properties":{"kind":"campsite","src":"osm","osm":"node/12902899534","name":"Star Canoe 1","fee":"no","operator":"Wisconsin Department of Natural Resources","toilets":"yes","reservation":"no","elev_ft":1690}},{"type":"Feature","geometry":{"type":"Point","coordinates":[-89.49531,46.019871]},"properties":{"kind":"campsite","src":"osm","osm":"node/12902899535","name":"Star Canoe 2","fee":"no","operator":"Wisconsin Department of Natural Resources","toilets":"yes","reservation":"no","elev_ft":1759}},{"type":"Feature","geometry":{"type":"Point","coordinates":[-89.50049,46.0156]},"properties":{"kind":"campsite","src":"osm","osm":"node/12902899536","name":"Plum Canoe 1","fee":"no","operator":"Wisconsin Department of Natural Resources","toilets":"yes","reservation":"no","elev_ft":1709}},{"type":"Feature","geometry":{"type":"Point","coordinates":[-89.594032,45.922513]},"properties":{"kind":"campsite","src":"osm","osm":"node/12903154579","fee":"yes","operator":"Wisconsin Department of Natural Resources","toilets":"yes","reservation":"required","elev_ft":1647}},{"type":"Feature","geometry":{"type":"Point","coordinates":[-89.60328,45.927341]},"properties":{"kind":"campsite","src":"osm","osm":"node/12903154580","fee":"yes","operator":"Wisconsin Department of Natural Resources","toilets":"yes","reservation":"required","elev_ft":1634}},{"type":"Feature","geometry":{"type":"Point","coordinates":[-89.597551,45.929453]},"properties":{"kind":"campsite","src":"osm","osm":"node/12903154581","fee":"yes","operator":"Wisconsin Department of Natural Resources","toilets":"yes","reservation":"required","elev_ft":1637}},{"type":"Feature","geometry":{"type":"Point","coordinates":[-89.607057,45.935818]},"properties":{"kind":"campsite","src":"osm","osm":"node/12903154582","fee":"yes","operator":"Wisconsin Department of Natural Resources","toilets":"yes","reservation":"required","elev_ft":1640}},{"type":"Feature","geometry":{"type":"Point","coordinates":[-89.596124,45.940534]},"properties":{"kind":"campsite","src":"osm","osm":"node/12903154583","fee":"yes","operator":"Wisconsin Department of Natural Resources","toilets":"yes","reservation":"required","elev_ft":1673}},{"type":"Feature","geometry":{"type":"Point","coordinates":[-89.585992,46.095235]},"properties":{"kind":"campsite","src":"osm","osm":"node/12903309969","name":"White Sand Canoe 1","fee":"no","operator":"Wisconsin Department of Natural Resources","toilets":"yes","reservation":"no","elev_ft":1647}},{"type":"Feature","geometry":{"type":"Point","coordinates":[-89.583715,46.093823]},"properties":{"kind":"campsite","src":"osm","osm":"node/12903309970","name":"White Sand Canoe 2","fee":"no","operator":"Wisconsin Department of Natural Resources","toilets":"yes","reservation":"no","elev_ft":1657}},{"type":"Feature","geometry":{"type":"Point","coordinates":[-89.59297,46.07796]},"properties":{"kind":"campsite","src":"osm","osm":"node/12903309972","name":"Lost Canoe 1","fee":"no","operator":"Wisconsin Department of Natural Resources","toilets":"yes","reservation":"no","elev_ft":1657}},{"type":"Feature","geometry":{"type":"Point","coordinates":[-89.603719,46.07464]},"properties":{"kind":"campsite","src":"osm","osm":"node/12903309977","name":"Lost Canoe 2","fee":"no","operator":"Wisconsin Department of Natural Resources","toilets":"yes","reservation":"no","elev_ft":1667}},{"type":"Feature","geometry":{"type":"Point","coordinates":[-89.605538,46.074045]},"properties":{"kind":"campsite","src":"osm","osm":"node/12903309978","name":"Lost Canoe 3","fee":"no","operator":"Wisconsin Department of Natural Resources","toilets":"yes","reservation":"no","elev_ft":1677}},{"type":"Feature","geometry":{"type":"Point","coordinates":[-89.602746,46.07041]},"properties":{"kind":"campsite","src":"osm","osm":"node/12907590523","name":"Pallette Canoe 6","fee":"no","operator":"Wisconsin Department of Natural Resources","toilets":"yes","reservation":"no","elev_ft":1699}},{"type":"Feature","geometry":{"type":"Point","coordinates":[-89.597943,46.06581]},"properties":{"kind":"campsite","src":"osm","osm":"node/12907590524","name":"Pallette Canoe 1","fee":"no","operator":"Wisconsin Department of Natural Resources","toilets":"yes","reservation":"no","elev_ft":1657}},{"type":"Feature","geometry":{"type":"Point","coordinates":[-89.598216,46.062948]},"properties":{"kind":"campsite","src":"osm","osm":"node/12907590525","name":"Pallette Canoe 2","fee":"no","operator":"Wisconsin Department of Natural Resources","toilets":"yes","reservation":"no","elev_ft":1677}},{"type":"Feature","geometry":{"type":"Point","coordinates":[-89.601501,46.06106]},"properties":{"kind":"campsite","src":"osm","osm":"node/12907590526","name":"Pallette Canoe 3","fee":"no","operator":"Wisconsin Department of Natural Resources","toilets":"yes","reservation":"no","elev_ft":1660}},{"type":"Feature","geometry":{"type":"Point","coordinates":[-89.61113,46.068553]},"properties":{"kind":"campsite","src":"osm","osm":"node/12907590527","name":"Pallette Canoe 4","fee":"no","operator":"Wisconsin Department of Natural Resources","toilets":"yes","reservation":"no","elev_ft":1686}},{"type":"Feature","geometry":{"type":"Point","coordinates":[-89.609983,46.0694]},"properties":{"kind":"campsite","src":"osm","osm":"node/12907590528","name":"Pallette Canoe 5","fee":"no","operator":"Wisconsin Department of Natural Resources","toilets":"yes","reservation":"no","elev_ft":1680}},{"type":"Feature","geometry":{"type":"Point","coordinates":[-89.670393,46.06142]},"properties":{"kind":"campsite","src":"osm","osm":"node/12907963440","name":"Trout Lake Canoe 6","fee":"no","operator":"Wisconsin Department of Natural Resources","toilets":"yes","reservation":"no","elev_ft":1631}},{"type":"Feature","geometry":{"type":"Point","coordinates":[-89.676996,46.052527]},"properties":{"kind":"campsite","src":"osm","osm":"node/12907963441","name":"Trout Lake Canoe 5","fee":"no","operator":"Wisconsin Department of Natural Resources","toilets":"yes","reservation":"no","elev_ft":1617}},{"type":"Feature","geometry":{"type":"Point","coordinates":[-89.675016,46.049976]},"properties":{"kind":"campsite","src":"osm","osm":"node/12907963442","name":"Trout Lake Canoe 4","fee":"no","operator":"Wisconsin Department of Natural Resources","toilets":"yes","reservation":"no","elev_ft":1670}},{"type":"Feature","geometry":{"type":"Point","coordinates":[-89.679683,46.04657]},"properties":{"kind":"campsite","src":"osm","osm":"node/12907963443","name":"Trout Lake Canoe 3","fee":"no","operator":"Wisconsin Department of Natural Resources","toilets":"yes","reservation":"no","elev_ft":1673}},{"type":"Feature","geometry":{"type":"Point","coordinates":[-89.680618,46.04466]},"properties":{"kind":"campsite","src":"osm","osm":"node/12907963444","name":"Trout Lake Canoe 2","fee":"no","operator":"Wisconsin Department of Natural Resources","toilets":"yes","reservation":"no","elev_ft":1650}},{"type":"Feature","geometry":{"type":"Point","coordinates":[-89.682217,46.043067]},"properties":{"kind":"campsite","src":"osm","osm":"node/12907963445","name":"Trout Lake Canoe 1","fee":"no","operator":"Wisconsin Department of Natural Resources","toilets":"yes","reservation":"no","elev_ft":1640}},{"type":"Feature","geometry":{"type":"Point","coordinates":[-89.637935,46.032572]},"properties":{"kind":"campsite","src":"osm","osm":"node/12907963448","fee":"yes","operator":"Wisconsin Department of Natural Resources","toilets":"yes","reservation":"required","elev_ft":1670}},{"type":"Feature","geometry":{"type":"Point","coordinates":[-89.626401,46.036054]},"properties":{"kind":"campsite","src":"osm","osm":"node/12907963449","fee":"yes","operator":"Wisconsin Department of Natural Resources","toilets":"yes","reservation":"required","elev_ft":1647}},{"type":"Feature","geometry":{"type":"Point","coordinates":[-89.619438,46.035891]},"properties":{"kind":"campsite","src":"osm","osm":"node/12907963450","fee":"yes","operator":"Wisconsin Department of Natural Resources","toilets":"yes","reservation":"required","elev_ft":1650}},{"type":"Feature","geometry":{"type":"Point","coordinates":[-89.63043,46.045233]},"properties":{"kind":"campsite","src":"osm","osm":"node/12907963451","fee":"yes","operator":"Wisconsin Department of Natural Resources","toilets":"yes","reservation":"required","elev_ft":1650}},{"type":"Feature","geometry":{"type":"Point","coordinates":[-89.597634,46.052335]},"properties":{"kind":"campsite","src":"osm","osm":"node/12907963452","fee":"yes","operator":"Wisconsin Department of Natural Resources","toilets":"yes","reservation":"required","elev_ft":1680}},{"type":"Feature","geometry":{"type":"Point","coordinates":[-89.590391,46.048219]},"properties":{"kind":"campsite","src":"osm","osm":"node/12907963453","fee":"yes","operator":"Wisconsin Department of Natural Resources","toilets":"yes","reservation":"required","elev_ft":1657}},{"type":"Feature","geometry":{"type":"Point","coordinates":[-89.822854,46.093376]},"properties":{"kind":"campsite","src":"osm","osm":"node/12908105629","name":"Alder Canoe 1","fee":"no","operator":"Wisconsin Department of Natural Resources","toilets":"yes","reservation":"no","elev_ft":1624}},{"type":"Feature","geometry":{"type":"Point","coordinates":[-89.828732,46.100939]},"properties":{"kind":"campsite","src":"osm","osm":"node/12908105630","name":"Manitowish Lake Canoe 1","fee":"no","operator":"Wisconsin Department of Natural Resources","toilets":"yes","reservation":"no","elev_ft":1601}},{"type":"Feature","geometry":{"type":"Point","coordinates":[-89.612383,45.87128]},"properties":{"kind":"campsite","src":"osm","osm":"node/12909665757","fee":"yes","operator":"Wisconsin Department of Natural Resources","toilets":"yes","reservation":"required","elev_ft":1604}},{"type":"Feature","geometry":{"type":"Point","coordinates":[-89.613913,45.868544]},"properties":{"kind":"campsite","src":"osm","osm":"node/12909665758","fee":"yes","operator":"Wisconsin Department of Natural Resources","toilets":"yes","reservation":"required","elev_ft":1663}},{"type":"Feature","geometry":{"type":"Point","coordinates":[-89.616047,45.864533]},"properties":{"kind":"campsite","src":"osm","osm":"node/12909665759","fee":"yes","operator":"Wisconsin Department of Natural Resources","toilets":"yes","reservation":"required","elev_ft":1640}},{"type":"Feature","geometry":{"type":"Point","coordinates":[-89.618635,45.862271]},"properties":{"kind":"campsite","src":"osm","osm":"node/12909665760","fee":"yes","operator":"Wisconsin Department of Natural Resources","toilets":"yes","reservation":"required","elev_ft":1601}},{"type":"Feature","geometry":{"type":"Point","coordinates":[-89.412263,45.894175]},"properties":{"kind":"campsite","src":"osm","osm":"node/12909711001","name":"Wisconsin River 1","fee":"no","operator":"Wisconsin Department of Natural Resources","toilets":"yes","reservation":"no","elev_ft":1611}},{"type":"Feature","geometry":{"type":"Point","coordinates":[-89.41266,45.891964]},"properties":{"kind":"campsite","src":"osm","osm":"node/12909711002","name":"Wisconsin River 2","fee":"no","operator":"Wisconsin Department of Natural Resources","toilets":"yes","reservation":"no","elev_ft":1604}},{"type":"Feature","geometry":{"type":"Point","coordinates":[-89.419586,45.892651]},"properties":{"kind":"campsite","src":"osm","osm":"node/12909711003","name":"Wisconsin River 3","fee":"no","operator":"Wisconsin Department of Natural Resources","toilets":"yes","reservation":"no","elev_ft":1601}},{"type":"Feature","geometry":{"type":"Point","coordinates":[-89.45089,45.88403]},"properties":{"kind":"campsite","src":"osm","osm":"node/12909711004","name":"Wisconsin River 4","fee":"no","operator":"Wisconsin Department of Natural Resources","toilets":"yes","reservation":"no","elev_ft":1611}},{"type":"Feature","geometry":{"type":"Point","coordinates":[-89.525856,45.856699]},"properties":{"kind":"campsite","src":"osm","osm":"node/12909711005","name":"Wisconsin River 5","fee":"no","operator":"Wisconsin Department of Natural Resources","toilets":"yes","reservation":"no","elev_ft":1598}},{"type":"Feature","geometry":{"type":"Point","coordinates":[-89.540361,45.810076]},"properties":{"kind":"campsite","src":"osm","osm":"node/12909711006","name":"Wisconsin River 6","fee":"no","operator":"Wisconsin Department of Natural Resources","toilets":"yes","reservation":"no","elev_ft":1585}},{"type":"Feature","geometry":{"type":"Point","coordinates":[-89.560421,45.761182]},"properties":{"kind":"campsite","src":"osm","osm":"node/12909711007","name":"Wisconsin River 7","fee":"no","operator":"Wisconsin Department of Natural Resources","toilets":"yes","reservation":"no","elev_ft":1575}},{"type":"Feature","geometry":{"type":"Point","coordinates":[-90.14985,46.087177]},"properties":{"kind":"campsite","src":"osm","osm":"node/12921476735","operator":"Wisconsin Department of Natural Resources","drinking_water":"no","toilets":"yes","elev_ft":1572}},{"type":"Feature","geometry":{"type":"Point","coordinates":[-90.145809,46.083099]},"properties":{"kind":"campsite","src":"osm","osm":"node/12921476736","operator":"Wisconsin Department of Natural Resources","drinking_water":"no","toilets":"yes","elev_ft":1594}},{"type":"Feature","geometry":{"type":"Point","coordinates":[-90.148188,46.080512]},"properties":{"kind":"campsite","src":"osm","osm":"node/12921476761","operator":"Wisconsin Department of Natural Resources","drinking_water":"no","toilets":"yes","elev_ft":1588}},{"type":"Feature","geometry":{"type":"Point","coordinates":[-90.149077,46.080218]},"properties":{"kind":"campsite","src":"osm","osm":"node/12921476762","operator":"Wisconsin Department of Natural Resources","drinking_water":"no","elev_ft":1572}},{"type":"Feature","geometry":{"type":"Point","coordinates":[-90.138731,46.075238]},"properties":{"kind":"campsite","src":"osm","osm":"node/12921476775","fee":"no","operator":"Wisconsin Department of Natural Resources","drinking_water":"no","toilets":"yes","elev_ft":1565}},{"type":"Feature","geometry":{"type":"Point","coordinates":[-90.133824,46.074522]},"properties":{"kind":"campsite","src":"osm","osm":"node/12921476780","fee":"no","operator":"Wisconsin Department of Natural Resources","toilets":"yes","elev_ft":1565}},{"type":"Feature","geometry":{"type":"Point","coordinates":[-90.191785,46.080183]},"properties":{"kind":"campsite","src":"osm","osm":"node/12921647163","operator":"Wisconsin Department of Natural Resources","drinking_water":"no","toilets":"yes","elev_ft":1565}},{"type":"Feature","geometry":{"type":"Point","coordinates":[-90.196,46.084038]},"properties":{"kind":"campsite","src":"osm","osm":"node/12921647164","operator":"Wisconsin Department of Natural Resources","drinking_water":"no","toilets":"yes","elev_ft":1581}},{"type":"Feature","geometry":{"type":"Point","coordinates":[-90.19779,46.083728]},"properties":{"kind":"campsite","src":"osm","osm":"node/12921647165","operator":"Wisconsin Department of Natural Resources","drinking_water":"no","toilets":"yes","elev_ft":1565}},{"type":"Feature","geometry":{"type":"Point","coordinates":[-90.198151,46.082686]},"properties":{"kind":"campsite","src":"osm","osm":"node/12921647166","operator":"Wisconsin Department of Natural Resources","drinking_water":"no","toilets":"yes","elev_ft":1565}},{"type":"Feature","geometry":{"type":"Point","coordinates":[-90.197213,46.083347]},"properties":{"kind":"campsite","src":"osm","osm":"node/12921647167","operator":"Wisconsin Department of Natural Resources","drinking_water":"no","toilets":"yes","elev_ft":1568}},{"type":"Feature","geometry":{"type":"Point","coordinates":[-90.194383,46.087612]},"properties":{"kind":"campsite","src":"osm","osm":"node/12921647168","operator":"Wisconsin Department of Natural Resources","drinking_water":"no","toilets":"yes","elev_ft":1578}},{"type":"Feature","geometry":{"type":"Point","coordinates":[-90.15732,46.085288]},"properties":{"kind":"campsite","src":"osm","osm":"node/12921656251","operator":"Wisconsin Department of Natural Resources","drinking_water":"no","toilets":"yes","elev_ft":1568}},{"type":"Feature","geometry":{"type":"Point","coordinates":[-90.172052,46.087601]},"properties":{"kind":"campsite","src":"osm","osm":"node/12921656252","operator":"Wisconsin Department of Natural Resources","drinking_water":"no","toilets":"yes","elev_ft":1568}},{"type":"Feature","geometry":{"type":"Point","coordinates":[-90.172967,46.086298]},"properties":{"kind":"campsite","src":"osm","osm":"node/12921656253","operator":"Wisconsin Department of Natural Resources","drinking_water":"no","toilets":"yes","elev_ft":1552}},{"type":"Feature","geometry":{"type":"Point","coordinates":[-90.176564,46.088713]},"properties":{"kind":"campsite","src":"osm","osm":"node/12921656254","operator":"Wisconsin Department of Natural Resources","drinking_water":"no","toilets":"yes","elev_ft":1568}},{"type":"Feature","geometry":{"type":"Point","coordinates":[-90.179806,46.086019]},"properties":{"kind":"campsite","src":"osm","osm":"node/12921656255","operator":"Wisconsin Department of Natural Resources","drinking_water":"no","toilets":"yes","elev_ft":1565}},{"type":"Feature","geometry":{"type":"Point","coordinates":[-90.180687,46.090448]},"properties":{"kind":"campsite","src":"osm","osm":"node/12921656256","operator":"Wisconsin Department of Natural Resources","drinking_water":"no","toilets":"yes","elev_ft":1565}},{"type":"Feature","geometry":{"type":"Point","coordinates":[-90.178522,46.089354]},"properties":{"kind":"campsite","src":"osm","osm":"node/12921656257","operator":"Wisconsin Department of Natural Resources","drinking_water":"no","toilets":"yes","elev_ft":1572}},{"type":"Feature","geometry":{"type":"Point","coordinates":[-90.185039,46.082443]},"properties":{"kind":"campsite","src":"osm","osm":"node/12921656258","operator":"Wisconsin Department of Natural Resources","drinking_water":"no","toilets":"yes","elev_ft":1565}},{"type":"Feature","geometry":{"type":"Point","coordinates":[-90.189129,46.070761]},"properties":{"kind":"campsite","src":"osm","osm":"node/12921695459","operator":"Wisconsin Department of Natural Resources","drinking_water":"no","toilets":"yes","elev_ft":1572}},{"type":"Feature","geometry":{"type":"Point","coordinates":[-90.194744,46.064642]},"properties":{"kind":"campsite","src":"osm","osm":"node/12921695460","operator":"Wisconsin Department of Natural Resources","drinking_water":"no","toilets":"yes","elev_ft":1568}},{"type":"Feature","geometry":{"type":"Point","coordinates":[-90.217881,46.061624]},"properties":{"kind":"campsite","src":"osm","osm":"node/12921695461","operator":"Wisconsin Department of Natural Resources","drinking_water":"no","toilets":"yes","elev_ft":1568}},{"type":"Feature","geometry":{"type":"Point","coordinates":[-90.233356,46.052201]},"properties":{"kind":"campsite","src":"osm","osm":"node/12921695462","operator":"Wisconsin Department of Natural Resources","drinking_water":"no","toilets":"yes","elev_ft":1430}},{"type":"Feature","geometry":{"type":"Point","coordinates":[-90.229238,46.045049]},"properties":{"kind":"campsite","src":"osm","osm":"node/12921695463","operator":"Wisconsin Department of Natural Resources","drinking_water":"no","toilets":"yes","elev_ft":1572}},{"type":"Feature","geometry":{"type":"Point","coordinates":[-90.220084,46.044677]},"properties":{"kind":"campsite","src":"osm","osm":"node/12921695464","operator":"Wisconsin Department of Natural Resources","drinking_water":"no","toilets":"yes","elev_ft":1568}},{"type":"Feature","geometry":{"type":"Point","coordinates":[-90.218341,46.036023]},"properties":{"kind":"campsite","src":"osm","osm":"node/12921695465","operator":"Wisconsin Department of Natural Resources","drinking_water":"no","toilets":"yes","elev_ft":1568}},{"type":"Feature","geometry":{"type":"Point","coordinates":[-90.225542,46.031927]},"properties":{"kind":"campsite","src":"osm","osm":"node/12921695466","operator":"Wisconsin Department of Natural Resources","drinking_water":"no","toilets":"yes","elev_ft":1572}},{"type":"Feature","geometry":{"type":"Point","coordinates":[-90.233681,46.033031]},"properties":{"kind":"campsite","src":"osm","osm":"node/12921695467","operator":"Wisconsin Department of Natural Resources","drinking_water":"no","toilets":"yes","elev_ft":1565}},{"type":"Feature","geometry":{"type":"Point","coordinates":[-90.21302,46.02361]},"properties":{"kind":"campsite","src":"osm","osm":"node/12921695468","operator":"Wisconsin Department of Natural Resources","drinking_water":"no","toilets":"yes","elev_ft":1568}},{"type":"Feature","geometry":{"type":"Point","coordinates":[-90.210856,46.019115]},"properties":{"kind":"campsite","src":"osm","osm":"node/12921695469","operator":"Wisconsin Department of Natural Resources","drinking_water":"no","toilets":"yes","elev_ft":1578}},{"type":"Feature","geometry":{"type":"Point","coordinates":[-90.206029,46.020072]},"properties":{"kind":"campsite","src":"osm","osm":"node/12921695470","operator":"Wisconsin Department of Natural Resources","drinking_water":"no","toilets":"yes","elev_ft":1562}},{"type":"Feature","geometry":{"type":"Point","coordinates":[-90.211158,46.081681]},"properties":{"kind":"campsite","src":"osm","osm":"node/12923831842","operator":"Wisconsin Department of Natural Resources","drinking_water":"no","toilets":"yes","elev_ft":1588}},{"type":"Feature","geometry":{"type":"Point","coordinates":[-90.198968,46.105718]},"properties":{"kind":"campsite","src":"osm","osm":"node/12925920624","operator":"Wisconsin Department of Natural Resources","drinking_water":"no","toilets":"yes","elev_ft":1568}},{"type":"Feature","geometry":{"type":"Point","coordinates":[-90.220009,46.112369]},"properties":{"kind":"campsite","src":"osm","osm":"node/12925920625","operator":"Wisconsin Department of Natural Resources","drinking_water":"no","toilets":"yes","elev_ft":1565}},{"type":"Feature","geometry":{"type":"Point","coordinates":[-90.227508,46.108277]},"properties":{"kind":"campsite","src":"osm","osm":"node/12925920626","operator":"Wisconsin Department of Natural Resources","drinking_water":"no","toilets":"yes","elev_ft":1611}},{"type":"Feature","geometry":{"type":"Point","coordinates":[-90.240718,46.1046]},"properties":{"kind":"campsite","src":"osm","osm":"node/12925920627","operator":"Wisconsin Department of Natural Resources","drinking_water":"no","toilets":"yes","elev_ft":1565}},{"type":"Feature","geometry":{"type":"Point","coordinates":[-90.248524,46.099049]},"properties":{"kind":"campsite","src":"osm","osm":"node/12925920628","operator":"Wisconsin Department of Natural Resources","drinking_water":"no","toilets":"yes","elev_ft":1601}},{"type":"Feature","geometry":{"type":"Point","coordinates":[-90.242671,46.095872]},"properties":{"kind":"campsite","src":"osm","osm":"node/12925920629","operator":"Wisconsin Department of Natural Resources","drinking_water":"no","toilets":"yes","elev_ft":1575}},{"type":"Feature","geometry":{"type":"Point","coordinates":[-90.232903,46.075686]},"properties":{"kind":"campsite","src":"osm","osm":"node/12925920630","operator":"Wisconsin Department of Natural Resources","drinking_water":"no","toilets":"yes","elev_ft":1575}},{"type":"Feature","geometry":{"type":"Point","coordinates":[-90.235463,46.073835]},"properties":{"kind":"campsite","src":"osm","osm":"node/12925920631","operator":"Wisconsin Department of Natural Resources","drinking_water":"no","toilets":"yes","elev_ft":1572}},{"type":"Feature","geometry":{"type":"Point","coordinates":[-91.205264,45.927222]},"properties":{"kind":"campsite","src":"osm","osm":"node/12934054909","name":"Turkey Vulture Island","operator":"Wisconsin Department of Natural Resources","drinking_water":"no","toilets":"yes","reservation":"required","elev_ft":1306}},{"type":"Feature","geometry":{"type":"Point","coordinates":[-91.231895,45.925517]},"properties":{"kind":"campsite","src":"osm","osm":"node/12934460105","name":"Little Banana Island","operator":"Wisconsin Department of Natural Resources","drinking_water":"no","toilets":"yes","reservation":"required","elev_ft":1309}},{"type":"Feature","geometry":{"type":"Point","coordinates":[-90.68735,46.814601]},"properties":{"kind":"campsite","src":"osm","osm":"node/12944147537","name":"Big Bay State Park Group Camp Site 2","fee":"yes","operator":"Wisconsin Department of Natural Resources","reservation":"required","elev_ft":620}},{"type":"Feature","geometry":{"type":"Point","coordinates":[-91.247252,45.926681]},"properties":{"kind":"campsite","src":"osm","osm":"node/12946850653","name":"West","operator":"Wisconsin Department of Natural Resources","drinking_water":"no","toilets":"yes","reservation":"required","elev_ft":1302}},{"type":"Feature","geometry":{"type":"Point","coordinates":[-91.228444,45.934692]},"properties":{"kind":"campsite","src":"osm","osm":"node/12946850687","name":"Cedar Tops Island","operator":"Wisconsin Department of Natural Resources","drinking_water":"no","toilets":"yes","reservation":"required","elev_ft":1302}},{"type":"Feature","geometry":{"type":"Point","coordinates":[-91.252555,45.942961]},"properties":{"kind":"campsite","src":"osm","osm":"node/12946852522","name":"Horseshoe Island","operator":"Wisconsin Department of Natural Resources","drinking_water":"no","toilets":"yes","reservation":"required","elev_ft":1306}},{"type":"Feature","geometry":{"type":"Point","coordinates":[-91.25079,45.946349]},"properties":{"kind":"campsite","src":"osm","osm":"node/12946852546","name":"Crane Creek Island","operator":"Wisconsin Department of Natural Resources","drinking_water":"no","toilets":"yes","reservation":"required","elev_ft":1299}},{"type":"Feature","geometry":{"type":"Point","coordinates":[-91.190266,45.951358]},"properties":{"kind":"campsite","src":"osm","osm":"node/12947132779","name":"Ghost Island","operator":"Wisconsin Department of Natural Resources","drinking_water":"no","toilets":"yes","reservation":"required","elev_ft":1604}},{"type":"Feature","geometry":{"type":"Point","coordinates":[-91.193795,45.957408]},"properties":{"kind":"campsite","src":"osm","osm":"node/12947132780","name":"Dolly Island","operator":"Wisconsin Department of Natural Resources","drinking_water":"no","toilets":"yes","reservation":"required","elev_ft":1309}},{"type":"Feature","geometry":{"type":"Point","coordinates":[-91.181649,45.960167]},"properties":{"kind":"campsite","src":"osm","osm":"node/12947132800","name":"Eagle Nest Island","operator":"Wisconsin Department of Natural Resources","drinking_water":"no","toilets":"yes","reservation":"required","elev_ft":1309}},{"type":"Feature","geometry":{"type":"Point","coordinates":[-91.17679,45.958002]},"properties":{"kind":"campsite","src":"osm","osm":"node/12947133101","name":"Eagle Point","operator":"Wisconsin Department of Natural Resources","drinking_water":"no","toilets":"yes","reservation":"required","elev_ft":1302}},{"type":"Feature","geometry":{"type":"Point","coordinates":[-91.197676,45.963857]},"properties":{"kind":"campsite","src":"osm","osm":"node/12947133255","name":"Darrow Island","operator":"Wisconsin Department of Natural Resources","drinking_water":"no","toilets":"yes","reservation":"required","elev_ft":1309}},{"type":"Feature","geometry":{"type":"Point","coordinates":[-89.867726,45.762442]},"properties":{"kind":"campsite","src":"osm","osm":"node/12949598502","operator":"Wisconsin Department of Natural Resources","drinking_water":"no","toilets":"yes","elev_ft":1535}},{"type":"Feature","geometry":{"type":"Point","coordinates":[-89.870141,45.749646]},"properties":{"kind":"campsite","src":"osm","osm":"node/12949598503","operator":"Wisconsin Department of Natural Resources","drinking_water":"no","toilets":"yes","elev_ft":1526}},{"type":"Feature","geometry":{"type":"Point","coordinates":[-89.878188,45.744407]},"properties":{"kind":"campsite","src":"osm","osm":"node/12949598504","operator":"Wisconsin Department of Natural Resources","drinking_water":"no","toilets":"yes","elev_ft":1526}},{"type":"Feature","geometry":{"type":"Point","coordinates":[-89.878413,45.752344]},"properties":{"kind":"campsite","src":"osm","osm":"node/12949598505","operator":"Wisconsin Department of Natural Resources","drinking_water":"no","toilets":"yes","elev_ft":1526}},{"type":"Feature","geometry":{"type":"Point","coordinates":[-89.887092,45.755146]},"properties":{"kind":"campsite","src":"osm","osm":"node/12949598506","operator":"Wisconsin Department of Natural Resources","drinking_water":"no","toilets":"yes","elev_ft":1526}},{"type":"Feature","geometry":{"type":"Point","coordinates":[-89.896458,45.751997]},"properties":{"kind":"campsite","src":"osm","osm":"node/12949598507","operator":"Wisconsin Department of Natural Resources","drinking_water":"no","toilets":"yes","elev_ft":1526}},{"type":"Feature","geometry":{"type":"Point","coordinates":[-89.893728,45.729057]},"properties":{"kind":"campsite","src":"osm","osm":"node/12950010538","operator":"Wisconsin Department of Natural Resources","drinking_water":"no","toilets":"yes","elev_ft":1545}},{"type":"Feature","geometry":{"type":"Point","coordinates":[-89.892475,45.725197]},"properties":{"kind":"campsite","src":"osm","osm":"node/12950010539","operator":"Wisconsin Department of Natural Resources","drinking_water":"no","toilets":"yes","elev_ft":1542}},{"type":"Feature","geometry":{"type":"Point","coordinates":[-89.888531,45.719402]},"properties":{"kind":"campsite","src":"osm","osm":"node/12950010540","operator":"Wisconsin Department of Natural Resources","drinking_water":"no","toilets":"yes","elev_ft":1529}},{"type":"Feature","geometry":{"type":"Point","coordinates":[-89.895292,45.713789]},"properties":{"kind":"campsite","src":"osm","osm":"node/12950010541","operator":"Wisconsin Department of Natural Resources","drinking_water":"no","toilets":"yes","elev_ft":1532}},{"type":"Feature","geometry":{"type":"Point","coordinates":[-89.883391,45.714733]},"properties":{"kind":"campsite","src":"osm","osm":"node/12950010542","operator":"Wisconsin Department of Natural Resources","drinking_water":"no","toilets":"yes","elev_ft":1545}},{"type":"Feature","geometry":{"type":"Point","coordinates":[-89.878666,45.720517]},"properties":{"kind":"campsite","src":"osm","osm":"node/12951918626","operator":"Wisconsin Department of Natural Resources","drinking_water":"no","toilets":"yes","elev_ft":1522}},{"type":"Feature","geometry":{"type":"Point","coordinates":[-89.878357,45.71848]},"properties":{"kind":"campsite","src":"osm","osm":"node/12951918627","operator":"Wisconsin Department of Natural Resources","drinking_water":"no","toilets":"yes","elev_ft":1522}},{"type":"Feature","geometry":{"type":"Point","coordinates":[-89.887678,45.708437]},"properties":{"kind":"campsite","src":"osm","osm":"node/12951918628","operator":"Wisconsin Department of Natural Resources","drinking_water":"no","toilets":"yes","elev_ft":1532}},{"type":"Feature","geometry":{"type":"Point","coordinates":[-89.889203,45.702425]},"properties":{"kind":"campsite","src":"osm","osm":"node/12951918629","operator":"Wisconsin Department of Natural Resources","drinking_water":"no","toilets":"yes","elev_ft":1549}},{"type":"Feature","geometry":{"type":"Point","coordinates":[-89.90621,45.697115]},"properties":{"kind":"campsite","src":"osm","osm":"node/12951918630","operator":"Wisconsin Department of Natural Resources","drinking_water":"no","toilets":"yes","elev_ft":1535}},{"type":"Feature","geometry":{"type":"Point","coordinates":[-89.902438,45.701455]},"properties":{"kind":"campsite","src":"osm","osm":"node/12951918631","operator":"Wisconsin Department of Natural Resources","drinking_water":"no","toilets":"yes","elev_ft":1526}},{"type":"Feature","geometry":{"type":"Point","coordinates":[-89.913547,45.706834]},"properties":{"kind":"campsite","src":"osm","osm":"node/12951918632","operator":"Wisconsin Department of Natural Resources","drinking_water":"no","toilets":"yes","elev_ft":1545}},{"type":"Feature","geometry":{"type":"Point","coordinates":[-89.916345,45.713603]},"properties":{"kind":"campsite","src":"osm","osm":"node/12951918633","operator":"Wisconsin Department of Natural Resources","drinking_water":"no","toilets":"yes","elev_ft":1535}},{"type":"Feature","geometry":{"type":"Point","coordinates":[-89.936539,45.707614]},"properties":{"kind":"campsite","src":"osm","osm":"node/12951918634","operator":"Wisconsin Department of Natural Resources","drinking_water":"no","toilets":"yes","elev_ft":1542}},{"type":"Feature","geometry":{"type":"Point","coordinates":[-89.879998,45.706164]},"properties":{"kind":"campsite","src":"osm","osm":"node/12952019890","operator":"Wisconsin Department of Natural Resources","drinking_water":"no","toilets":"yes","elev_ft":1532}},{"type":"Feature","geometry":{"type":"Point","coordinates":[-89.879501,45.704308]},"properties":{"kind":"campsite","src":"osm","osm":"node/12952019891","operator":"Wisconsin Department of Natural Resources","drinking_water":"no","toilets":"yes","elev_ft":1526}},{"type":"Feature","geometry":{"type":"Point","coordinates":[-89.875635,45.704938]},"properties":{"kind":"campsite","src":"osm","osm":"node/12952019892","operator":"Wisconsin Department of Natural Resources","drinking_water":"no","toilets":"yes","elev_ft":1519}},{"type":"Feature","geometry":{"type":"Point","coordinates":[-89.871628,45.702967]},"properties":{"kind":"campsite","src":"osm","osm":"node/12952019893","operator":"Wisconsin Department of Natural Resources","drinking_water":"no","toilets":"yes","elev_ft":1545}},{"type":"Feature","geometry":{"type":"Point","coordinates":[-89.869658,45.699027]},"properties":{"kind":"campsite","src":"osm","osm":"node/12952019894","operator":"Wisconsin Department of Natural Resources","drinking_water":"no","toilets":"yes","elev_ft":1549}},{"type":"Feature","geometry":{"type":"Point","coordinates":[-89.866177,45.696818]},"properties":{"kind":"campsite","src":"osm","osm":"node/12952019895","operator":"Wisconsin Department of Natural Resources","drinking_water":"no","toilets":"yes","elev_ft":1532}},{"type":"Feature","geometry":{"type":"Point","coordinates":[-89.860337,45.717021]},"properties":{"kind":"campsite","src":"osm","osm":"node/12952031012","operator":"Wisconsin Department of Natural Resources","drinking_water":"no","toilets":"yes","elev_ft":1526}},{"type":"Feature","geometry":{"type":"Point","coordinates":[-89.864218,45.725448]},"properties":{"kind":"campsite","src":"osm","osm":"node/12952031013","operator":"Wisconsin Department of Natural Resources","drinking_water":"no","toilets":"yes","elev_ft":1539}},{"type":"Feature","geometry":{"type":"Point","coordinates":[-89.854163,45.723813]},"properties":{"kind":"campsite","src":"osm","osm":"node/12952031014","operator":"Wisconsin Department of Natural Resources","drinking_water":"no","toilets":"yes","elev_ft":1539}},{"type":"Feature","geometry":{"type":"Point","coordinates":[-89.848177,45.718316]},"properties":{"kind":"campsite","src":"osm","osm":"node/12952031015","operator":"Wisconsin Department of Natural Resources","drinking_water":"no","toilets":"yes","elev_ft":1535}},{"type":"Feature","geometry":{"type":"Point","coordinates":[-91.449356,45.775085]},"properties":{"kind":"campsite","src":"osm","osm":"node/12974939601","name":"Summit Lake Camp Ground","elev_ft":1302}},{"type":"Feature","geometry":{"type":"Point","coordinates":[-88.562296,43.970178]},"properties":{"kind":"campsite","src":"osm","osm":"node/13005590310","name":"Boelter's Campground","elev_ft":817}},{"type":"Feature","geometry":{"type":"Point","coordinates":[-88.565561,43.971564]},"properties":{"kind":"campsite","src":"osm","osm":"node/13016314674","name":"Relleumdats Campground","elev_ft":833}},{"type":"Feature","geometry":{"type":"Point","coordinates":[-88.530334,44.827246]},"properties":{"kind":"campsite","src":"osm","osm":"node/13062860101","name":"Shawno County Campground","fee":"yes","access":"yes","operator":"Shawno County Parks","drinking_water":"yes","elev_ft":833}},{"type":"Feature","geometry":{"type":"Point","coordinates":[-88.529329,44.827489]},"properties":{"kind":"dump","src":"osm","osm":"node/13062860102","elev_ft":833}},{"type":"Feature","geometry":{"type":"Point","coordinates":[-88.532073,44.827129]},"properties":{"kind":"water","src":"osm","osm":"node/13062860103","elev_ft":817}},{"type":"Feature","geometry":{"type":"Point","coordinates":[-89.755598,43.437523]},"properties":{"kind":"rv_park","src":"osm","osm":"node/13122039484","elev_ft":991}},{"type":"Feature","geometry":{"type":"Point","coordinates":[-89.75563,43.437432]},"properties":{"kind":"rv_park","src":"osm","osm":"node/13122039485","elev_ft":991}},{"type":"Feature","geometry":{"type":"Point","coordinates":[-89.755697,43.437325]},"properties":{"kind":"rv_park","src":"osm","osm":"node/13122039486","elev_ft":991}},{"type":"Feature","geometry":{"type":"Point","coordinates":[-89.755776,43.437229]},"properties":{"kind":"rv_park","src":"osm","osm":"node/13122039487","elev_ft":991}},{"type":"Feature","geometry":{"type":"Point","coordinates":[-89.848516,43.023609]},"properties":{"kind":"dump","src":"osm","osm":"node/13125547204","elev_ft":1512}},{"type":"Feature","geometry":{"type":"Point","coordinates":[-91.300667,46.188985]},"properties":{"kind":"campsite","src":"osm","osm":"node/13165983094","fee":"no","elev_ft":1309}},{"type":"Feature","geometry":{"type":"Point","coordinates":[-91.326986,46.178006]},"properties":{"kind":"campsite","src":"osm","osm":"node/13174216458","fee":"no","elev_ft":1299}},{"type":"Feature","geometry":{"type":"Point","coordinates":[-90.458011,46.42209]},"properties":{"kind":"campsite","src":"osm","osm":"node/13176388652","elev_ft":1319}},{"type":"Feature","geometry":{"type":"Point","coordinates":[-88.7734,42.782343]},"properties":{"kind":"campsite","src":"osm","osm":"node/13190689991","name":"Clover Valley DCA","fee":"no","access":"customers","operator":"Ice Age Trail Alliance","elev_ft":889}},{"type":"Feature","geometry":{"type":"Point","coordinates":[-88.304855,43.320325]},"properties":{"kind":"campsite","src":"osm","osm":"node/13195744861","name":"B-1","fee":"yes","access":"permit","operator":"Wisconsin Department of Natural Resources","website":"https://wisconsin.goingtocamp.com","elev_ft":1165}},{"type":"Feature","geometry":{"type":"Point","coordinates":[-88.305009,43.320686]},"properties":{"kind":"campsite","src":"osm","osm":"node/13195744862","name":"B-2","fee":"yes","access":"permit","operator":"Wisconsin Department of Natural Resources","website":"https://wisconsin.goingtocamp.com","elev_ft":1165}},{"type":"Feature","geometry":{"type":"Point","coordinates":[-88.30455,43.320961]},"properties":{"kind":"campsite","src":"osm","osm":"node/13195744863","name":"B-3","fee":"yes","access":"permit","operator":"Wisconsin Department of Natural Resources","website":"https://wisconsin.goingtocamp.com","elev_ft":1165}},{"type":"Feature","geometry":{"type":"Point","coordinates":[-89.377267,43.677487]},"properties":{"kind":"campsite","src":"osm","osm":"node/13204083375","fee":"no","access":"permissive","operator":"Ice Age Trail Alliance","drinking_water":"no","elev_ft":817}},{"type":"Feature","geometry":{"type":"Point","coordinates":[-90.170123,45.363214]},"properties":{"kind":"campsite","src":"osm","osm":"node/13229692467","elev_ft":1683}},{"type":"Feature","geometry":{"type":"Point","coordinates":[-90.179013,45.340005]},"properties":{"kind":"campsite","src":"osm","osm":"node/13229692477","elev_ft":1667}},{"type":"Feature","geometry":{"type":"Point","coordinates":[-90.296218,45.311608]},"properties":{"kind":"campsite","src":"osm","osm":"node/13230560217","elev_ft":1578}},{"type":"Feature","geometry":{"type":"Point","coordinates":[-90.508202,45.287708]},"properties":{"kind":"campsite","src":"osm","osm":"node/13230560279","elev_ft":1434}},{"type":"Feature","geometry":{"type":"Point","coordinates":[-90.526317,45.273512]},"properties":{"kind":"campsite","src":"osm","osm":"node/13230560280","elev_ft":1440}},{"type":"Feature","geometry":{"type":"Point","coordinates":[-90.546111,45.266722]},"properties":{"kind":"campsite","src":"osm","osm":"node/13230560281","elev_ft":1427}},{"type":"Feature","geometry":{"type":"Point","coordinates":[-90.562813,45.273917]},"properties":{"kind":"campsite","src":"osm","osm":"node/13230560282","elev_ft":1355}},{"type":"Feature","geometry":{"type":"Point","coordinates":[-90.587423,45.253903]},"properties":{"kind":"campsite","src":"osm","osm":"node/13230560283","elev_ft":1355}},{"type":"Feature","geometry":{"type":"Point","coordinates":[-90.58762,45.223926]},"properties":{"kind":"campsite","src":"osm","osm":"node/13230560284","elev_ft":1480}},{"type":"Feature","geometry":{"type":"Point","coordinates":[-91.208932,45.196896]},"properties":{"kind":"campsite","src":"osm","osm":"node/13231710848","elev_ft":1096}},{"type":"Feature","geometry":{"type":"Point","coordinates":[-91.209165,45.199439]},"properties":{"kind":"campsite","src":"osm","osm":"node/13231710853","elev_ft":1093}},{"type":"Feature","geometry":{"type":"Point","coordinates":[-91.262054,45.206336]},"properties":{"kind":"campsite","src":"osm","osm":"node/13231710875","elev_ft":1230}},{"type":"Feature","geometry":{"type":"Point","coordinates":[-91.280517,45.206131]},"properties":{"kind":"campsite","src":"osm","osm":"node/13231710878","elev_ft":1224}},{"type":"Feature","geometry":{"type":"Point","coordinates":[-91.330215,45.219899]},"properties":{"kind":"campsite","src":"osm","osm":"node/13231710890","elev_ft":1112}},{"type":"Feature","geometry":{"type":"Point","coordinates":[-91.404662,45.224719]},"properties":{"kind":"campsite","src":"osm","osm":"node/13231722419","elev_ft":1152}},{"type":"Feature","geometry":{"type":"Point","coordinates":[-91.418084,45.224175]},"properties":{"kind":"campsite","src":"osm","osm":"node/13231722421","elev_ft":1096}},{"type":"Feature","geometry":{"type":"Point","coordinates":[-91.439531,45.230028]},"properties":{"kind":"campsite","src":"osm","osm":"node/13231722425","elev_ft":1119}},{"type":"Feature","geometry":{"type":"Point","coordinates":[-92.366406,45.5865]},"properties":{"kind":"campsite","src":"osm","osm":"node/13231832077","elev_ft":1181}},{"type":"Feature","geometry":{"type":"Point","coordinates":[-90.779172,43.598998]},"properties":{"kind":"campsite","src":"osm","osm":"node/13242373059","name":"West Fork Sports Club","elev_ft":850}},{"type":"Feature","geometry":{"type":"Point","coordinates":[-87.99334,43.804721]},"properties":{"kind":"dump","src":"osm","osm":"node/13290119446","elev_ft":961}},{"type":"Feature","geometry":{"type":"Point","coordinates":[-88.543931,43.211277]},"properties":{"kind":"campsite","src":"osm","osm":"node/13361817107","name":"Host Site","elev_ft":846}},{"type":"Feature","geometry":{"type":"Point","coordinates":[-88.544031,43.210994]},"properties":{"kind":"dump","src":"osm","osm":"node/13361817174","elev_ft":850}},{"type":"Feature","geometry":{"type":"Point","coordinates":[-89.548287,43.96481]},"properties":{"kind":"campsite","src":"osm","osm":"node/13424428528","name":"Karner Meadow DCA","elev_ft":1027}},{"type":"Feature","geometry":{"type":"Point","coordinates":[-89.520791,44.020205]},"properties":{"kind":"rv_park","src":"osm","osm":"node/13446394649","elev_ft":1007}},{"type":"Feature","geometry":{"type":"Point","coordinates":[-89.771652,43.530182]},"properties":{"kind":"dump","src":"osm","osm":"node/13611003117","elev_ft":968}},{"type":"Feature","geometry":{"type":"Point","coordinates":[-90.560888,43.706684]},"properties":{"kind":"campsite","src":"osm","osm":"node/13735609424","elev_ft":1302}},{"type":"Feature","geometry":{"type":"Point","coordinates":[-89.112239,44.083469]},"properties":{"kind":"campsite","src":"osm","osm":"node/13759515201","name":"Pearl Lake RV Resort","website":"https://www.rjourney.com","elev_ft":886}},{"type":"Feature","geometry":{"type":"Point","coordinates":[-89.339678,45.007873]},"properties":{"kind":"campsite","src":"osm","osm":"node/13846645301","name":"Group Campground Reservations Required","elev_ft":1424}},{"type":"Feature","geometry":{"type":"Point","coordinates":[-88.154026,43.624718]},"properties":{"kind":"campsite","src":"osm","osm":"node/13889572701","name":"Hoeft's Resort","elev_ft":1004}},{"type":"Feature","geometry":{"type":"Point","coordinates":[-88.166958,43.66223]},"properties":{"kind":"campsite","src":"osm","osm":"way/23165837","name":"Long Lake Campground 700s","elev_ft":1070}},{"type":"Feature","geometry":{"type":"Point","coordinates":[-88.165802,43.66041]},"properties":{"kind":"campsite","src":"osm","osm":"way/23165839","name":"Long Lake Campground Lower 900s","elev_ft":1079}},{"type":"Feature","geometry":{"type":"Point","coordinates":[-88.162485,43.661106]},"properties":{"kind":"campsite","src":"osm","osm":"way/23165840","name":"Long Lake Campground 800s","elev_ft":1063}},{"type":"Feature","geometry":{"type":"Point","coordinates":[-88.162734,43.663902]},"properties":{"kind":"campsite","src":"osm","osm":"way/23165852","name":"Long Lake Campground 600s","elev_ft":1063}},{"type":"Feature","geometry":{"type":"Point","coordinates":[-88.909916,42.86097]},"properties":{"kind":"rv_park","src":"osm","osm":"way/30921163","name":"Wishing Well RV Resort","website":"https://wishingwellrvresort.com/","elev_ft":866}},{"type":"Feature","geometry":{"type":"Point","coordinates":[-89.987487,43.89797]},"properties":{"kind":"campsite","src":"osm","osm":"way/115057279","name":"Ed Bryant Scout Reservation","elev_ft":945}},{"type":"Feature","geometry":{"type":"Point","coordinates":[-90.607928,46.921878]},"properties":{"kind":"campsite","src":"osm","osm":"way/157714742","name":"Stockton Island Watercraft Group Campsite A","fee":"yes","access":"permit","operator":"Apostle Islands National Lakeshore","elev_ft":600}},{"type":"Feature","geometry":{"type":"Point","coordinates":[-90.438307,46.558939]},"properties":{"kind":"rv_park","src":"osm","osm":"way/165130392","elev_ft":630}},{"type":"Feature","geometry":{"type":"Point","coordinates":[-92.60941,44.865533]},"properties":{"kind":"campsite","src":"osm","osm":"way/174196713","name":"Hoffman Park Campground","fee":"yes","website":"https://www.rfcity.org/298/Camping","capacity":"15","toilets":"yes","reservation":"no","elev_ft":899}},{"type":"Feature","geometry":{"type":"Point","coordinates":[-87.804058,43.488898]},"properties":{"kind":"campsite","src":"osm","osm":"way/180840246","name":"Family Campground","fee":"yes","access":"yes","elev_ft":640}},{"type":"Feature","geometry":{"type":"Point","coordinates":[-89.718964,43.267235]},"properties":{"kind":"campsite","src":"osm","osm":"way/192149595","name":"Snuffy's Family Campground","website":"http://www.snuffyscampground.com","elev_ft":741}},{"type":"Feature","geometry":{"type":"Point","coordinates":[-88.577045,43.967776]},"properties":{"kind":"dump","src":"osm","osm":"way/225097198","name":"Dump Station/Water Fill","elev_ft":830}},{"type":"Feature","geometry":{"type":"Point","coordinates":[-90.120764,42.680332]},"properties":{"kind":"campsite","src":"osm","osm":"way/229498902","name":"Pecatonica River Trails Park","website":"https://www.darlingtonwi.org/Camping.html","elev_ft":820}},{"type":"Feature","geometry":{"type":"Point","coordinates":[-89.37084,43.24818]},"properties":{"kind":"rv_park","src":"osm","osm":"way/244954844","name":"Madison KOA","operator":"KOA","elev_ft":938}},{"type":"Feature","geometry":{"type":"Point","coordinates":[-92.41224,45.617497]},"properties":{"kind":"campsite","src":"osm","osm":"way/246407442","name":"Oak Forest Center","website":"https://oakforestcenter.org/","elev_ft":1322}},{"type":"Feature","geometry":{"type":"Point","coordinates":[-89.000455,43.840657]},"properties":{"kind":"campsite","src":"osm","osm":"way/263158922","name":"Green Lake Campground","elev_ft":925}},{"type":"Feature","geometry":{"type":"Point","coordinates":[-89.004524,43.838635]},"properties":{"kind":"campsite","src":"osm","osm":"way/263158923","name":"Whispering Oaks Campground","elev_ft":971}},{"type":"Feature","geometry":{"type":"Point","coordinates":[-89.02515,43.817847]},"properties":{"kind":"campsite","src":"osm","osm":"way/263299354","name":"Tower View Circle","operator":"Green Lake Conference Center","elev_ft":873}},{"type":"Feature","geometry":{"type":"Point","coordinates":[-89.026154,43.818103]},"properties":{"kind":"campsite","src":"osm","osm":"way/263299355","name":"Cedar Grove Circle","operator":"Green Lake Conference Center","elev_ft":873}},{"type":"Feature","geometry":{"type":"Point","coordinates":[-89.027367,43.818245]},"properties":{"kind":"campsite","src":"osm","osm":"way/263299359","name":"Shady Oak Circle","operator":"Green Lake Conference Center","elev_ft":863}},{"type":"Feature","geometry":{"type":"Point","coordinates":[-89.02423,43.819294]},"properties":{"kind":"campsite","src":"osm","osm":"way/263299360","name":"Meadowview Village","operator":"Green Lake Conference Center","elev_ft":846}},{"type":"Feature","geometry":{"type":"Point","coordinates":[-89.029398,43.818852]},"properties":{"kind":"campsite","src":"osm","osm":"way/263299361","name":"Anderson Cabins & Camping","operator":"Green Lake Conference Center","elev_ft":863}},{"type":"Feature","geometry":{"type":"Point","coordinates":[-88.098881,45.578061]},"properties":{"kind":"campsite","src":"osm","osm":"way/265875927","name":"Northland Camp & Conference Center","operator":"Northland International, Inc","website":"https://www.northlandcamp.org/","elev_ft":1040}},{"type":"Feature","geometry":{"type":"Point","coordinates":[-89.009767,43.788612]},"properties":{"kind":"campsite","src":"osm","osm":"way/271032012","name":"Camp Grow","operator":"Green Lake Conference Center","website":"http://www.campgrowministries.org","elev_ft":876}},{"type":"Feature","geometry":{"type":"Point","coordinates":[-88.635344,45.135312]},"properties":{"kind":"campsite","src":"osm","osm":"way/279454695","name":"Large Group Sites","elev_ft":1230}},{"type":"Feature","geometry":{"type":"Point","coordinates":[-88.633033,45.137824]},"properties":{"kind":"campsite","src":"osm","osm":"way/279454696","name":"Boulder Lake Campground","elev_ft":1178}},{"type":"Feature","geometry":{"type":"Point","coordinates":[-90.225858,43.596349]},"properties":{"kind":"campsite","src":"osm","osm":"way/279907462","elev_ft":1224}},{"type":"Feature","geometry":{"type":"Point","coordinates":[-91.115788,43.894477]},"properties":{"kind":"campsite","src":"osm","osm":"way/285372778","name":"Veteran's Park","elev_ft":682}},{"type":"Feature","geometry":{"type":"Point","coordinates":[-89.038023,42.896574]},"properties":{"kind":"campsite","src":"osm","osm":"way/286692358","name":"Hickory Hills Campground","operator":"Hickory Hills Campground","website":"https://camphickoryhills.com/","elev_ft":902}},{"type":"Feature","geometry":{"type":"Point","coordinates":[-89.678588,43.392878]},"properties":{"kind":"campsite","src":"osm","osm":"way/287659410","name":"Merry Mac's Campground","website":"https://www.merrymacscampground.com/","elev_ft":866}},{"type":"Feature","geometry":{"type":"Point","coordinates":[-89.702206,43.45616]},"properties":{"kind":"campsite","src":"osm","osm":"way/292218092","name":"Double K-D Ranch Campground","capacity":"50","drinking_water":"yes","toilets":"yes","elev_ft":827}},{"type":"Feature","geometry":{"type":"Point","coordinates":[-89.755063,43.528796]},"properties":{"kind":"rv_park","src":"osm","osm":"way/292226196","name":"Fox Hill RV Park & Campground","website":"https://www.foxhillrvpark.com/","elev_ft":1030}},{"type":"Feature","geometry":{"type":"Point","coordinates":[-89.795414,43.548864]},"properties":{"kind":"campsite","src":"osm","osm":"way/292226198","name":"Dell Pines Campground","website":"https://www.dellpines.com/","elev_ft":978}},{"type":"Feature","geometry":{"type":"Point","coordinates":[-89.795407,43.494791]},"properties":{"kind":"campsite","src":"osm","osm":"way/292759305","name":"Baraboo Hills Campground","website":"http://www.baraboohillscampground.com/","elev_ft":912}},{"type":"Feature","geometry":{"type":"Point","coordinates":[-89.14655,44.235797]},"properties":{"kind":"campsite","src":"osm","osm":"way/300594618","name":"Camp Twin Lakes","operator":"Bay-Lakes Council- Boy Scouts of America","elev_ft":906}},{"type":"Feature","geometry":{"type":"Point","coordinates":[-89.136196,44.232191]},"properties":{"kind":"campsite","src":"osm","osm":"way/300594619","name":"Camp Shin-Go-Beek","operator":"Des Planes Valley Council- Boy Scouts of America","elev_ft":925}},{"type":"Feature","geometry":{"type":"Point","coordinates":[-89.140047,43.749171]},"properties":{"kind":"campsite","src":"osm","osm":"way/305551085","elev_ft":781}},{"type":"Feature","geometry":{"type":"Point","coordinates":[-90.002177,44.13897]},"properties":{"kind":"campsite","src":"osm","osm":"way/307251579","name":"Moonlight Trails Campground","fee":"yes","capacity":"39","elev_ft":942}},{"type":"Feature","geometry":{"type":"Point","coordinates":[-88.322825,44.109144]},"properties":{"kind":"campsite","src":"osm","osm":"way/307529178","name":"Calumet County Park","operator":"Calumet County, Wisconsin","elev_ft":909}},{"type":"Feature","geometry":{"type":"Point","coordinates":[-90.023517,42.581509]},"properties":{"kind":"rv_park","src":"osm","osm":"way/311487422","name":"Wolf Creek Campground","fee":"yes","capacity":"24","reservation":"yes","elev_ft":797}},{"type":"Feature","geometry":{"type":"Point","coordinates":[-87.126503,45.15452]},"properties":{"kind":"campsite","src":"osm","osm":"way/311817608","name":"Aqualand Campground","website":"http://www.aqualandcampground.com/","elev_ft":650}},{"type":"Feature","geometry":{"type":"Point","coordinates":[-88.904485,44.267083]},"properties":{"kind":"campsite","src":"osm","osm":"way/319728071","elev_ft":764}},{"type":"Feature","geometry":{"type":"Point","coordinates":[-87.535943,44.177529]},"properties":{"kind":"campsite","src":"osm","osm":"way/319981122","elev_ft":607}},{"type":"Feature","geometry":{"type":"Point","coordinates":[-89.775033,43.429172]},"properties":{"kind":"campsite","src":"osm","osm":"way/321560050","name":"Green Valley Campground","fee":"yes","elev_ft":1030}},{"type":"Feature","geometry":{"type":"Point","coordinates":[-90.702183,45.220379]},"properties":{"kind":"campsite","src":"osm","osm":"way/323914524","name":"Chippewa Campground","fee":"yes","operator":"US Forest Service","drinking_water":"yes","toilets":"yes","elev_ft":1293}},{"type":"Feature","geometry":{"type":"Point","coordinates":[-90.436006,45.305497]},"properties":{"kind":"campsite","src":"osm","osm":"way/324048302","name":"Picnic Point Recreation Area Campground","fee":"yes","operator":"USFS","website":"https://www.fs.usda.gov/recarea/cnnf/recreation/camping-cabins/recarea/?recid=27793&actid=29","capacity":"4","drinking_water":"yes","toilets":"vault","elev_ft":1407}},{"type":"Feature","geometry":{"type":"Point","coordinates":[-90.445096,45.327387]},"properties":{"kind":"campsite","src":"osm","osm":"way/324048304","name":"Spearhead Point Campground","fee":"yes","operator":"USFS","website":"https://www.fs.usda.gov/recarea/cnnf/recreation/camping-cabins/recarea/?recid=27799&actid=29","capacity":"27","drinking_water":"yes","toilets":"vault","reservation":"accepted","elev_ft":1401}},{"type":"Feature","geometry":{"type":"Point","coordinates":[-90.437884,45.31761]},"properties":{"kind":"campsite","src":"osm","osm":"way/324048305","name":"West Point Campground","fee":"yes","operator":"USFS","website":"https://www.fs.usda.gov/recarea/cnnf/recreation/camping-cabins/recarea/?recid=27805&actid=29","capacity":"15","drinking_water":"yes","toilets":"vault","elev_ft":1388}},{"type":"Feature","geometry":{"type":"Point","coordinates":[-89.020758,43.823806]},"properties":{"kind":"campsite","src":"osm","osm":"way/326178692","name":"Pine Meadow","operator":"Green Lake Conference Center","elev_ft":928}},{"type":"Feature","geometry":{"type":"Point","coordinates":[-90.276173,45.841817]},"properties":{"kind":"campsite","src":"osm","osm":"way/329577758","name":"Sailor Lake Campground","fee":"yes","operator":"USFS","website":"https://www.fs.usda.gov/r09/chequamegon-nicolet/recreation/sailor-lake-recreation-area","drinking_water":"yes","toilets":"yes","reservation":"yes","elev_ft":1549}},{"type":"Feature","geometry":{"type":"Point","coordinates":[-87.258937,45.021706]},"properties":{"kind":"campsite","src":"osm","osm":"way/329969908","name":"Frontier Wilderness Campground","elev_ft":699}},{"type":"Feature","geometry":{"type":"Point","coordinates":[-89.145259,45.143644]},"properties":{"kind":"rv_park","src":"osm","osm":"way/330664692","name":"Antigo Lake RV Park and Campground","elev_ft":1503}},{"type":"Feature","geometry":{"type":"Point","coordinates":[-87.939806,44.151905]},"properties":{"kind":"campsite","src":"osm","osm":"way/344173694","name":"Camp 10 Campground","website":"https://www.camp10campgroundllc.com","elev_ft":820}},{"type":"Feature","geometry":{"type":"Point","coordinates":[-88.572641,43.974084]},"properties":{"kind":"campsite","src":"osm","osm":"way/348782205","name":"Camp Scholler","operator":"EAA","elev_ft":830}},{"type":"Feature","geometry":{"type":"Point","coordinates":[-91.256804,46.835807]},"properties":{"kind":"rv_park","src":"osm","osm":"way/354348660","fee":"yes","elev_ft":610}},{"type":"Feature","geometry":{"type":"Point","coordinates":[-91.254526,46.834696]},"properties":{"kind":"campsite","src":"osm","osm":"way/354348661","fee":"yes","elev_ft":636}},{"type":"Feature","geometry":{"type":"Point","coordinates":[-91.256307,46.834404]},"properties":{"kind":"campsite","src":"osm","osm":"way/354348662","elev_ft":627}},{"type":"Feature","geometry":{"type":"Point","coordinates":[-91.399034,46.564176]},"properties":{"kind":"campsite","src":"osm","osm":"way/356164798","elev_ft":1112}},{"type":"Feature","geometry":{"type":"Point","coordinates":[-91.731514,45.745561]},"properties":{"kind":"campsite","src":"osm","osm":"way/359681020","name":"Rolling Thunder RV Park & Camp","elev_ft":1289}},{"type":"Feature","geometry":{"type":"Point","coordinates":[-90.225853,43.657959]},"properties":{"kind":"campsite","src":"osm","osm":"way/362607380","name":"Baker's Field Bike Trail Camping","fee":"no","operator":"Village of Wonewoc","website":"https://www.wonewocwisc.com/camping/","drinking_water":"no","toilets":"no","elev_ft":922}},{"type":"Feature","geometry":{"type":"Point","coordinates":[-89.420902,42.675259]},"properties":{"kind":"rv_park","src":"osm","osm":"way/366094948","name":"Sweet Minihaha Campground","fee":"yes","website":"https://www.sweetminihaha.com/","drinking_water":"yes","toilets":"yes","elev_ft":804}},{"type":"Feature","geometry":{"type":"Point","coordinates":[-89.399539,42.618869]},"properties":{"kind":"rv_park","src":"osm","osm":"way/366095886","name":"Crazyhorse Campground","fee":"yes","website":"https://www.crazyhorsewi.com/","elev_ft":784}},{"type":"Feature","geometry":{"type":"Point","coordinates":[-88.892716,42.945207]},"properties":{"kind":"rv_park","src":"osm","osm":"way/366100349","name":"Pilgram's Campground","elev_ft":902}},{"type":"Feature","geometry":{"type":"Point","coordinates":[-89.987783,42.512658]},"properties":{"kind":"rv_park","src":"osm","osm":"way/366105954","name":"Backyard Campground","fee":"yes","website":"https://backyardcampground.com/","elev_ft":1010}},{"type":"Feature","geometry":{"type":"Point","coordinates":[-90.027263,42.939994]},"properties":{"kind":"rv_park","src":"osm","osm":"way/366108037","name":"Tom's Campground","fee":"yes","website":"https://www.tomscampground.com/","elev_ft":1070}},{"type":"Feature","geometry":{"type":"Point","coordinates":[-90.296125,42.776261]},"properties":{"kind":"rv_park","src":"osm","osm":"way/366131777","name":"Lake Joy Campground","fee":"yes","website":"https://www.lakejoy.com/_index.php","elev_ft":1014}},{"type":"Feature","geometry":{"type":"Point","coordinates":[-91.226185,44.29805]},"properties":{"kind":"rv_park","src":"osm","osm":"way/381108439","elev_ft":846}},{"type":"Feature","geometry":{"type":"Point","coordinates":[-89.637991,44.631177]},"properties":{"kind":"campsite","src":"osm","osm":"way/385313923","name":"River's Edge Campground","elev_ft":1109}},{"type":"Feature","geometry":{"type":"Point","coordinates":[-88.193178,45.314414]},"properties":{"kind":"campsite","src":"osm","osm":"way/386882580","name":"Twin Bridge County Park","elev_ft":899}},{"type":"Feature","geometry":{"type":"Point","coordinates":[-92.737232,44.936993]},"properties":{"kind":"campsite","src":"osm","osm":"way/405867548","name":"YMCA Camp Saint Croix","elev_ft":741}},{"type":"Feature","geometry":{"type":"Point","coordinates":[-91.902303,44.91719]},"properties":{"kind":"campsite","src":"osm","osm":"way/407844580","name":"Twin Springs Camping Resort","website":"https://www.twinspringscampingresort.com/","elev_ft":794}},{"type":"Feature","geometry":{"type":"Point","coordinates":[-89.276651,44.54215]},"properties":{"kind":"campsite","src":"osm","osm":"way/414037462","name":"Central Wisconsin Environmental Center","elev_ft":1148}},{"type":"Feature","geometry":{"type":"Point","coordinates":[-89.815502,43.027509]},"properties":{"kind":"campsite","src":"osm","osm":"way/428306917","name":"Brigham County Park Campground","fee":"yes","operator":"Dane County Parks","capacity":"23","elev_ft":1503}},{"type":"Feature","geometry":{"type":"Point","coordinates":[-89.550332,45.509096]},"properties":{"kind":"campsite","src":"osm","osm":"way/429969296","name":"Northforest Campground","elev_ft":1545}},{"type":"Feature","geometry":{"type":"Point","coordinates":[-91.283503,44.05813]},"properties":{"kind":"campsite","src":"osm","osm":"way/433211744","name":"Camp Decorah","elev_ft":712}},{"type":"Feature","geometry":{"type":"Point","coordinates":[-89.698602,45.915464]},"properties":{"kind":"campsite","src":"osm","osm":"way/433403944","name":"Fox Fire Campground","access":"customers","website":"https://www.foxfirecampground.com/","elev_ft":1634}},{"type":"Feature","geometry":{"type":"Point","coordinates":[-91.293418,44.044109]},"properties":{"kind":"campsite","src":"osm","osm":"way/436284964","name":"Whispering Pines Campground","elev_ft":741}},{"type":"Feature","geometry":{"type":"Point","coordinates":[-88.554515,44.06278]},"properties":{"kind":"dump","src":"osm","osm":"way/438658408","elev_ft":784}},{"type":"Feature","geometry":{"type":"Point","coordinates":[-88.55528,44.064414]},"properties":{"kind":"campsite","src":"osm","osm":"way/438658417","name":"Hickory Oaks Campground","elev_ft":784}},{"type":"Feature","geometry":{"type":"Point","coordinates":[-89.198419,42.936508]},"properties":{"kind":"rv_park","src":"osm","osm":"way/439605129","name":"Viking Village Campground","fee":"yes","website":"http://www.vikingvillagecampground.com/","capacity":"71","elev_ft":876}},{"type":"Feature","geometry":{"type":"Point","coordinates":[-92.690009,45.778914]},"properties":{"kind":"campsite","src":"osm","osm":"way/440654916","name":"James McNally Campground","operator":"Village of Grantsburg","capacity":"38","elev_ft":896}},{"type":"Feature","geometry":{"type":"Point","coordinates":[-91.55403,45.65742]},"properties":{"kind":"rv_park","src":"osm","osm":"way/442519585","name":"Birch Lakes RV Park","elev_ft":1247}},{"type":"Feature","geometry":{"type":"Point","coordinates":[-90.611113,42.581659]},"properties":{"kind":"rv_park","src":"osm","osm":"way/442626833","name":"Rustic Barn Campground & RV Park","fee":"yes","website":"https://www.rusticbarnrvpark.com/","elev_ft":935}},{"type":"Feature","geometry":{"type":"Point","coordinates":[-90.851876,42.684263]},"properties":{"kind":"rv_park","src":"osm","osm":"way/442680115","name":"Big H Campground","elev_ft":630}},{"type":"Feature","geometry":{"type":"Point","coordinates":[-90.86103,42.689883]},"properties":{"kind":"rv_park","src":"osm","osm":"way/442682556","name":"Whitetail Bluff Camp & Resort","website":"http://www.whitetailbluffcamp.com/","elev_ft":869}},{"type":"Feature","geometry":{"type":"Point","coordinates":[-89.950694,42.762218]},"properties":{"kind":"rv_park","src":"osm","osm":"way/443636692","name":"Yellowstone Lake Chalet Campground","elev_ft":846}},{"type":"Feature","geometry":{"type":"Point","coordinates":[-89.951285,42.759582]},"properties":{"kind":"rv_park","src":"osm","osm":"way/443636699","name":"Yellowstone Outdoor Camp & Resort","elev_ft":823}},{"type":"Feature","geometry":{"type":"Point","coordinates":[-90.85912,46.19166]},"properties":{"kind":"campsite","src":"osm","osm":"way/448005755","name":"East Twin Campground","fee":"yes","operator":"US Forest Service","drinking_water":"yes","toilets":"yes","reservation":"yes","elev_ft":1460}},{"type":"Feature","geometry":{"type":"Point","coordinates":[-90.743638,45.739496]},"properties":{"kind":"campsite","src":"osm","osm":"way/451420457","name":"Connors Lake Campground","website":"https://dnr.wi.gov/topic/StateForests/flambeauRiver/documents/connorslake.pdf","elev_ft":1407}},{"type":"Feature","geometry":{"type":"Point","coordinates":[-91.581049,46.61011]},"properties":{"kind":"campsite","src":"osm","osm":"way/454787367","name":"Copper Range Campground","operator":"Wisconsin Department of Natural Resources","elev_ft":961}},{"type":"Feature","geometry":{"type":"Point","coordinates":[-91.591609,46.539554]},"properties":{"kind":"campsite","src":"osm","osm":"way/454787806","name":"Bois Brule Campground","operator":"Wisconsin Department of Natural Resources","elev_ft":988}},{"type":"Feature","geometry":{"type":"Point","coordinates":[-87.974041,43.450531]},"properties":{"kind":"campsite","src":"osm","osm":"way/456508171","name":"H.H. Peters Youth Camp","operator":"Ozaukee County","elev_ft":801}},{"type":"Feature","geometry":{"type":"Point","coordinates":[-91.666184,45.292737]},"properties":{"kind":"campsite","src":"osm","osm":"way/456702368","name":"Chetek River Campground","website":"https://chetekriver.com/","elev_ft":1040}},{"type":"Feature","geometry":{"type":"Point","coordinates":[-90.879992,46.597547]},"properties":{"kind":"campsite","src":"osm","osm":"way/461504035","name":"Kreher RV Park","fee":"no","access":"yes","operator":"City of Ashland","toilets":"yes","elev_ft":610}},{"type":"Feature","geometry":{"type":"Point","coordinates":[-86.891376,45.355332]},"properties":{"kind":"campsite","src":"osm","osm":"way/466758517","name":"Washington Island Campground","website":"https://www.washingtonislandcampground.com/","elev_ft":682}},{"type":"Feature","geometry":{"type":"Point","coordinates":[-90.522985,43.044372]},"properties":{"kind":"campsite","src":"osm","osm":"way/467351240","name":"Jerome Kohout Campground","elev_ft":794}},{"type":"Feature","geometry":{"type":"Point","coordinates":[-87.582712,44.50798]},"properties":{"kind":"campsite","src":"osm","osm":"way/471994915","name":"Cedar Valley Campground","elev_ft":636}},{"type":"Feature","geometry":{"type":"Point","coordinates":[-87.504667,44.475735]},"properties":{"kind":"rv_park","src":"osm","osm":"way/471996586","elev_ft":666}},{"type":"Feature","geometry":{"type":"Point","coordinates":[-88.931243,43.816316]},"properties":{"kind":"campsite","src":"osm","osm":"way/474231444","name":"Pilgrim Center","elev_ft":853}},{"type":"Feature","geometry":{"type":"Point","coordinates":[-92.534802,45.136739]},"properties":{"kind":"rv_park","src":"osm","osm":"way/478115863","name":"Hatfield Park Campground","fee":"yes","operator":"City of New Richmond","drinking_water":"no","toilets":"yes","reservation":"yes","elev_ft":968}},{"type":"Feature","geometry":{"type":"Point","coordinates":[-89.447197,45.764519]},"properties":{"kind":"campsite","src":"osm","osm":"way/480473757","name":"Fort Wilderness","elev_ft":1650}},{"type":"Feature","geometry":{"type":"Point","coordinates":[-88.692932,45.133548]},"properties":{"kind":"campsite","src":"osm","osm":"way/480960920","name":"Gardner Dam Scout Camp","access":"private","operator":"Boy Scouts of America","website":"https://baylakescamps.org/summer-camp-gardner-dam-scout-camp","elev_ft":1181}},{"type":"Feature","geometry":{"type":"Point","coordinates":[-91.379616,44.556579]},"properties":{"kind":"campsite","src":"osm","osm":"way/484456076","name":"Crystal Lake Campground","website":"http://www.strumcampground.com/","capacity":"42","drinking_water":"yes","toilets":"yes","elev_ft":886}},{"type":"Feature","geometry":{"type":"Point","coordinates":[-91.194079,44.571717]},"properties":{"kind":"rv_park","src":"osm","osm":"way/485524151","name":"Stoney Creek RV Resort and Campground","elev_ft":1004}},{"type":"Feature","geometry":{"type":"Point","coordinates":[-91.222159,43.463299]},"properties":{"kind":"campsite","src":"osm","osm":"way/485778049","elev_ft":646}},{"type":"Feature","geometry":{"type":"Point","coordinates":[-89.74177,44.363574]},"properties":{"kind":"campsite","src":"osm","osm":"way/488565595","name":"South Wood County Park Campground","fee":"yes","website":"https://www.co.wood.wi.us/Departments/Parks/SouthPark.aspx","capacity":"73","drinking_water":"yes","toilets":"yes","elev_ft":1047}},{"type":"Feature","geometry":{"type":"Point","coordinates":[-89.148348,44.148554]},"properties":{"kind":"campsite","src":"osm","osm":"way/490727555","name":"Napowan Adventure Base","elev_ft":889}},{"type":"Feature","geometry":{"type":"Point","coordinates":[-88.214685,43.407278]},"properties":{"kind":"campsite","src":"osm","osm":"way/494301767","name":"Camp Silver Brook","operator":"Girl Scouts of Wisconsin Southeast","elev_ft":997}},{"type":"Feature","geometry":{"type":"Point","coordinates":[-88.186084,42.633865]},"properties":{"kind":"campsite","src":"osm","osm":"way/495565769","name":"Sunset Campground","operator":"Richard Bong State Recreation Area","elev_ft":817}},{"type":"Feature","geometry":{"type":"Point","coordinates":[-88.115622,42.633299]},"properties":{"kind":"campsite","src":"osm","osm":"way/495565770","name":"Sunrise Campground","operator":"Richard Bong State Recreation Area","elev_ft":843}},{"type":"Feature","geometry":{"type":"Point","coordinates":[-89.728685,43.432068]},"properties":{"kind":"campsite","src":"osm","osm":"way/496380608","name":"Northern Lights Campground","operator":"Devil's Lake State Park","drinking_water":"yes","toilets":"yes","elev_ft":1053}},{"type":"Feature","geometry":{"type":"Point","coordinates":[-90.290816,46.520038]},"properties":{"kind":"campsite","src":"osm","osm":"way/507122542","elev_ft":1086}},{"type":"Feature","geometry":{"type":"Point","coordinates":[-87.909231,42.83567]},"properties":{"kind":"rv_park","src":"osm","osm":"way/508246552","name":"Yogi Bear's Jellystone Park Camp Resort","elev_ft":735}},{"type":"Feature","geometry":{"type":"Point","coordinates":[-89.711234,43.409895]},"properties":{"kind":"campsite","src":"osm","osm":"way/515983906","name":"Group Campground","elev_ft":1083}},{"type":"Feature","geometry":{"type":"Point","coordinates":[-89.652658,44.958039]},"properties":{"kind":"campsite","src":"osm","osm":"way/520811045","elev_ft":1253}},{"type":"Feature","geometry":{"type":"Point","coordinates":[-90.44054,45.940307]},"properties":{"kind":"campsite","src":"osm","osm":"way/525400973","name":"Hines Park Campground","fee":"yes","operator":"City of Park Falls","website":"https://www.cityofparkfalls.com/hines-park","drinking_water":"yes","toilets":"yes","elev_ft":1506}},{"type":"Feature","geometry":{"type":"Point","coordinates":[-88.674068,42.725673]},"properties":{"kind":"campsite","src":"osm","osm":"way/538219296","name":"McInTyre's Rsort","fee":"yes","operator":"Pat McIntyre","elev_ft":922}},{"type":"Feature","geometry":{"type":"Point","coordinates":[-88.248884,42.674983]},"properties":{"kind":"campsite","src":"osm","osm":"way/538587680","name":"YMCA Camp MacLean","website":"https://www.ymcachicago.org/maclean/","elev_ft":791}},{"type":"Feature","geometry":{"type":"Point","coordinates":[-92.641737,45.251408]},"properties":{"kind":"campsite","src":"osm","osm":"way/542694376","name":"Association Retreat Center","elev_ft":1142}},{"type":"Feature","geometry":{"type":"Point","coordinates":[-89.109595,44.342322]},"properties":{"kind":"campsite","src":"osm","osm":"way/546934374","name":"Waupaca S'More Fun Campground","elev_ft":915}},{"type":"Feature","geometry":{"type":"Point","coordinates":[-89.804523,43.598932]},"properties":{"kind":"campsite","src":"osm","osm":"way/549415862","name":"Camp Chi and Perlstein Retreat Center","elev_ft":902}},{"type":"Feature","geometry":{"type":"Point","coordinates":[-89.796031,43.564643]},"properties":{"kind":"rv_park","src":"osm","osm":"way/549417535","name":"Pioneer Park","access":"private","website":"https://www.pioneerparkltd.com/","elev_ft":935}},{"type":"Feature","geometry":{"type":"Point","coordinates":[-89.805016,43.566839]},"properties":{"kind":"campsite","src":"osm","osm":"way/575031699","name":"Group Camp","elev_ft":948}},{"type":"Feature","geometry":{"type":"Point","coordinates":[-91.054807,43.914347]},"properties":{"kind":"campsite","src":"osm","osm":"way/576054933","elev_ft":719}},{"type":"Feature","geometry":{"type":"Point","coordinates":[-91.653874,45.298627]},"properties":{"kind":"campsite","src":"osm","osm":"way/582087842","elev_ft":1040}},{"type":"Feature","geometry":{"type":"Point","coordinates":[-91.638847,45.335422]},"properties":{"kind":"campsite","src":"osm","osm":"way/582334102","elev_ft":1056}},{"type":"Feature","geometry":{"type":"Point","coordinates":[-89.695009,44.709032]},"properties":{"kind":"campsite","src":"osm","osm":"way/585936366","name":"Lake DuBay Shores Campground","elev_ft":1161}},{"type":"Feature","geometry":{"type":"Point","coordinates":[-91.296134,44.947757]},"properties":{"kind":"campsite","src":"osm","osm":"way/591401105","name":"Pine Harbor Camp Ground","elev_ft":938}},{"type":"Feature","geometry":{"type":"Point","coordinates":[-91.730101,45.002232]},"properties":{"kind":"campsite","src":"osm","osm":"way/591843483","elev_ft":915}},{"type":"Feature","geometry":{"type":"Point","coordinates":[-91.483945,44.028717]},"properties":{"kind":"campsite","src":"osm","osm":"way/592156327","name":"Perrot State Park Campground","fee":"yes","capacity":"95","elev_ft":696}},{"type":"Feature","geometry":{"type":"Point","coordinates":[-87.772895,45.11361]},"properties":{"kind":"campsite","src":"osm","osm":"way/603911695","name":"Green's Green Acres Campground","elev_ft":633}},{"type":"Feature","geometry":{"type":"Point","coordinates":[-89.25636,44.918103]},"properties":{"kind":"campsite","src":"osm","osm":"way/605946755","elev_ft":1306}},{"type":"Feature","geometry":{"type":"Point","coordinates":[-89.248495,44.908251]},"properties":{"kind":"campsite","src":"osm","osm":"way/605946756","elev_ft":1309}},{"type":"Feature","geometry":{"type":"Point","coordinates":[-92.166603,45.003459]},"properties":{"kind":"campsite","src":"osm","osm":"way/608496918","elev_ft":1152}},{"type":"Feature","geometry":{"type":"Point","coordinates":[-90.62755,43.595708]},"properties":{"kind":"campsite","src":"osm","osm":"way/612344262","name":"Kickapoo Valley Reserve","operator":"Kickapoo Valley Reserve","website":"https://kickapoovalley.wi.gov/Recreation/Camping/CAMPSITE-BOOKING/","capacity":"26","reservation":"required","elev_ft":846}},{"type":"Feature","geometry":{"type":"Point","coordinates":[-88.189268,44.356509]},"properties":{"kind":"rv_park","src":"osm","osm":"way/614264499","name":"Apple Creek Campground","website":"https://www.applecreekcamping.com/","elev_ft":656}},{"type":"Feature","geometry":{"type":"Point","coordinates":[-90.706972,44.02857]},"properties":{"kind":"campsite","src":"osm","osm":"way/616081317","name":"Pine View Campground","elev_ft":866}},{"type":"Feature","geometry":{"type":"Point","coordinates":[-88.563963,43.967451]},"properties":{"kind":"campsite","src":"osm","osm":"way/631914594","name":"Rotorcraft Parking/Camping","elev_ft":820}},{"type":"Feature","geometry":{"type":"Point","coordinates":[-88.569249,43.991247]},"properties":{"kind":"campsite","src":"osm","osm":"way/631922276","name":"North 40 Camping","fee":"yes","elev_ft":794}},{"type":"Feature","geometry":{"type":"Point","coordinates":[-88.560287,43.957912]},"properties":{"kind":"campsite","src":"osm","osm":"way/631922277","name":"South 40 Camping","fee":"yes","elev_ft":814}},{"type":"Feature","geometry":{"type":"Point","coordinates":[-88.567975,43.976642]},"properties":{"kind":"dump","src":"osm","osm":"way/638061776","name":"RV Pumping Services","elev_ft":827}},{"type":"Feature","geometry":{"type":"Point","coordinates":[-90.39759,45.696879]},"properties":{"kind":"campsite","src":"osm","osm":"way/638788300","name":"Chain-O-Lakes Campground and Park","operator":"City of Phillips","elev_ft":1460}},{"type":"Feature","geometry":{"type":"Point","coordinates":[-91.163641,43.821552]},"properties":{"kind":"campsite","src":"osm","osm":"way/657732007","name":"Bluebird Springs Campground","elev_ft":896}},{"type":"Feature","geometry":{"type":"Point","coordinates":[-88.16896,42.506313]},"properties":{"kind":"campsite","src":"osm","osm":"way/665183378","name":"Camp Sol R. Crown","access":"customers","elev_ft":768}},{"type":"Feature","geometry":{"type":"Point","coordinates":[-89.343705,43.026347]},"properties":{"kind":"campsite","src":"osm","osm":"way/671707238","name":"Lake Farm County Park Campground","operator":"Dane County Parks","website":"https://parks-lwrd.countyofdane.com/park/William-G-Lunney-Lake-Farm","capacity":"47","reservation":"yes","elev_ft":889}},{"type":"Feature","geometry":{"type":"Point","coordinates":[-88.229568,42.750946]},"properties":{"kind":"campsite","src":"osm","osm":"way/676934971","name":"W.R. Wadewitz Nature Camp","elev_ft":797}},{"type":"Feature","geometry":{"type":"Point","coordinates":[-90.010761,43.946378]},"properties":{"kind":"rv_park","src":"osm","osm":"way/680052694","name":"Buckhorn Campground & Resort","elev_ft":899}},{"type":"Feature","geometry":{"type":"Point","coordinates":[-89.431403,45.685447]},"properties":{"kind":"campsite","src":"osm","osm":"way/682114844","name":"Hodag Overflow Camping","elev_ft":1578}},{"type":"Feature","geometry":{"type":"Point","coordinates":[-89.521483,42.954091]},"properties":{"kind":"campsite","src":"osm","osm":"way/684234934","name":"Group Camp","operator":"Dane County Parks","website":"https://www.reservedane.com/reserve_range.aspx?id=158","elev_ft":1043}},{"type":"Feature","geometry":{"type":"Point","coordinates":[-92.77312,45.598585]},"properties":{"kind":"campsite","src":"osm","osm":"way/684677199","elev_ft":823}},{"type":"Feature","geometry":{"type":"Point","coordinates":[-91.556168,45.729191]},"properties":{"kind":"campsite","src":"osm","osm":"way/685558315","name":"Luther Woods","fee":"yes","operator":"Luther Park Bible Camp","website":"https://lutherpark.org/","elev_ft":1388}},{"type":"Feature","geometry":{"type":"Point","coordinates":[-89.216675,42.975315]},"properties":{"kind":"campsite","src":"osm","osm":"way/695534992","name":"Badgerland Campground","fee":"yes","website":"https://www.badgerlandcampground.com/","elev_ft":860}},{"type":"Feature","geometry":{"type":"Point","coordinates":[-92.769582,45.793812]},"properties":{"kind":"campsite","src":"osm","osm":"way/695882569","name":"St. Croix NSR Sandrock Cliffs","drinking_water":"no","toilets":"pitlatrin","elev_ft":840}},{"type":"Feature","geometry":{"type":"Point","coordinates":[-89.647703,46.065834]},"properties":{"kind":"campsite","src":"osm","osm":"way/699514235","name":"North Trout Lake Campground","fee":"yes","operator":"Wisconsin Department of Natural Resources","drinking_water":"yes","toilets":"yes","reservation":"required","elev_ft":1660}},{"type":"Feature","geometry":{"type":"Point","coordinates":[-90.075476,43.897255]},"properties":{"kind":"rv_park","src":"osm","osm":"way/700228350","name":"Cedar Springs Campground","elev_ft":896}},{"type":"Feature","geometry":{"type":"Point","coordinates":[-92.124951,46.520995]},"properties":{"kind":"campsite","src":"osm","osm":"way/700555433","name":"Pattison Backpack Camp Area","fee":"yes","elev_ft":1102}},{"type":"Feature","geometry":{"type":"Point","coordinates":[-91.529161,45.969043]},"properties":{"kind":"campsite","src":"osm","osm":"way/700746071","elev_ft":1165}},{"type":"Feature","geometry":{"type":"Point","coordinates":[-88.020594,43.797046]},"properties":{"kind":"campsite","src":"osm","osm":"way/701660460","operator":"Girl Scouts Manitou Council","elev_ft":1050}},{"type":"Feature","geometry":{"type":"Point","coordinates":[-89.796227,43.657476]},"properties":{"kind":"campsite","src":"osm","osm":"way/702282539","elev_ft":938}},{"type":"Feature","geometry":{"type":"Point","coordinates":[-91.655271,45.975737]},"properties":{"kind":"campsite","src":"osm","osm":"way/710517738","elev_ft":1115}},{"type":"Feature","geometry":{"type":"Point","coordinates":[-89.375067,43.523438]},"properties":{"kind":"campsite","src":"osm","osm":"way/711389793","name":"Pride of America Camping Resort","elev_ft":814}},{"type":"Feature","geometry":{"type":"Point","coordinates":[-89.324824,43.552027]},"properties":{"kind":"campsite","src":"osm","osm":"way/711408338","name":"Indian Trails Campground","elev_ft":807}},{"type":"Feature","geometry":{"type":"Point","coordinates":[-90.103616,43.025433]},"properties":{"kind":"campsite","src":"osm","osm":"way/714749891","name":"Twin Valley Campground","fee":"yes","operator":"Wisconsin Department of Natural Resources","website":"https://dnr.wisconsin.gov/topic/parks/govdodge/recreation/camping","elev_ft":1178}},{"type":"Feature","geometry":{"type":"Point","coordinates":[-90.114663,43.018054]},"properties":{"kind":"campsite","src":"osm","osm":"way/714749892","name":"Cox Hollow Campground","fee":"yes","operator":"Wisconsin Department of Natural Resources","website":"https://dnr.wisconsin.gov/topic/parks/govdodge/recreation/camping","elev_ft":1168}},{"type":"Feature","geometry":{"type":"Point","coordinates":[-89.235391,42.975327]},"properties":{"kind":"campsite","src":"osm","osm":"way/717156905","name":"Group Camps","operator":"Wisconsin DNR","elev_ft":810}},{"type":"Feature","geometry":{"type":"Point","coordinates":[-89.232794,42.980316]},"properties":{"kind":"campsite","src":"osm","osm":"way/717157608","name":"Lake Kegonsa State Park Family Campground","fee":"yes","website":"https://dnr.wi.gov/topic/parks/name/lakekegonsa/camping.html","capacity":"96","toilets":"yes","elev_ft":925}},{"type":"Feature","geometry":{"type":"Point","coordinates":[-87.927849,43.925018]},"properties":{"kind":"campsite","src":"osm","osm":"way/717831548","name":"Cub Scout World Camp Rokilio","fee":"yes","access":"private","operator":"Boy Scouts of America","elev_ft":1007}},{"type":"Feature","geometry":{"type":"Point","coordinates":[-91.951734,44.83627]},"properties":{"kind":"campsite","src":"osm","osm":"way/721644243","name":"Irvington Campground","elev_ft":758}},{"type":"Feature","geometry":{"type":"Point","coordinates":[-92.032464,45.043568]},"properties":{"kind":"campsite","src":"osm","osm":"way/722645232","fee":"yes","elev_ft":938}},{"type":"Feature","geometry":{"type":"Point","coordinates":[-88.166301,42.899863]},"properties":{"kind":"campsite","src":"osm","osm":"way/722809287","elev_ft":876}},{"type":"Feature","geometry":{"type":"Point","coordinates":[-88.257341,42.506484]},"properties":{"kind":"campsite","src":"osm","osm":"way/724216369","elev_ft":876}},{"type":"Feature","geometry":{"type":"Point","coordinates":[-88.269276,45.931057]},"properties":{"kind":"campsite","src":"osm","osm":"way/727264054","elev_ft":1375}},{"type":"Feature","geometry":{"type":"Point","coordinates":[-92.31078,44.559502]},"properties":{"kind":"campsite","src":"osm","osm":"way/727770889","name":"Maiden Rock Village Park","elev_ft":656}},{"type":"Feature","geometry":{"type":"Point","coordinates":[-89.639263,43.294308]},"properties":{"kind":"rv_park","src":"osm","osm":"way/732135936","name":"Schoepp's Cottonwood Resort","elev_ft":879}},{"type":"Feature","geometry":{"type":"Point","coordinates":[-91.439002,46.049837]},"properties":{"kind":"campsite","src":"osm","osm":"way/735298937","name":"KOA - Hayward","drinking_water":"yes","toilets":"yes","elev_ft":1240}},{"type":"Feature","geometry":{"type":"Point","coordinates":[-88.639915,43.433655]},"properties":{"kind":"campsite","src":"osm","osm":"way/739583870","name":"The Playful Goose Campground of the Horicon Marsh","elev_ft":912}},{"type":"Feature","geometry":{"type":"Point","coordinates":[-88.581798,43.976654]},"properties":{"kind":"campsite","src":"osm","osm":"way/740800212","name":"EAA Event Campground Gate Entrance","elev_ft":837}},{"type":"Feature","geometry":{"type":"Point","coordinates":[-87.822377,42.820332]},"properties":{"kind":"campsite","src":"osm","osm":"way/744496075","name":"Cliffside Park Campgrounds","elev_ft":663}},{"type":"Feature","geometry":{"type":"Point","coordinates":[-87.043291,45.222763]},"properties":{"kind":"rv_park","src":"osm","osm":"way/749650548","name":"Wagon Trail Campground","elev_ft":610}},{"type":"Feature","geometry":{"type":"Point","coordinates":[-87.100355,45.231753]},"properties":{"kind":"campsite","src":"osm","osm":"way/749664835","name":"Hy-Land Court RV Park and Campground","elev_ft":751}},{"type":"Feature","geometry":{"type":"Point","coordinates":[-87.404112,44.848244]},"properties":{"kind":"campsite","src":"osm","osm":"way/751171172","name":"Tranquil Timbers Campground","fee":"yes","access":"customers","elev_ft":669}},{"type":"Feature","geometry":{"type":"Point","coordinates":[-89.815515,43.541676]},"properties":{"kind":"campsite","src":"osm","osm":"way/754404770","name":"Camp Gray","elev_ft":922}},{"type":"Feature","geometry":{"type":"Point","coordinates":[-89.786093,43.632916]},"properties":{"kind":"campsite","src":"osm","osm":"way/754476359","elev_ft":892}},{"type":"Feature","geometry":{"type":"Point","coordinates":[-89.78733,43.636909]},"properties":{"kind":"campsite","src":"osm","osm":"way/754476361","elev_ft":922}},{"type":"Feature","geometry":{"type":"Point","coordinates":[-89.820797,43.614104]},"properties":{"kind":"campsite","src":"osm","osm":"way/754583676","name":"Nature's Touch Campground","website":"https://naturestouchcampground.com","elev_ft":942}},{"type":"Feature","geometry":{"type":"Point","coordinates":[-89.83652,43.684534]},"properties":{"kind":"campsite","src":"osm","osm":"way/754809917","elev_ft":860}},{"type":"Feature","geometry":{"type":"Point","coordinates":[-89.594444,43.198449]},"properties":{"kind":"campsite","src":"osm","osm":"way/755376928","name":"Camp Brandenburg","operator":"Girl Scouts of Wisconsin - Badgerland Council","elev_ft":1073}},{"type":"Feature","geometry":{"type":"Point","coordinates":[-91.122597,44.068733]},"properties":{"kind":"campsite","src":"osm","osm":"way/755465274","name":"Camp Ehawee","operator":"Girl Scouts of Wisconsin - Badgerland Council","elev_ft":781}},{"type":"Feature","geometry":{"type":"Point","coordinates":[-90.491805,43.31797]},"properties":{"kind":"campsite","src":"osm","osm":"way/755474537","name":"Camp Stetler","operator":"Girl Scouts of Wisconsin - Badgerland Council","elev_ft":817}},{"type":"Feature","geometry":{"type":"Point","coordinates":[-88.471745,43.29158]},"properties":{"kind":"campsite","src":"osm","osm":"way/758985986","name":"Camp Winding River","operator":"Girl Scouts of Wisconsin Southeast","elev_ft":892}},{"type":"Feature","geometry":{"type":"Point","coordinates":[-91.249785,46.418996]},"properties":{"kind":"campsite","src":"osm","osm":"way/762405049","name":"CrossWoods","website":"http://www.crosswoods.com/","elev_ft":1119}},{"type":"Feature","geometry":{"type":"Point","coordinates":[-88.254546,44.267431]},"properties":{"kind":"campsite","src":"osm","osm":"way/767424644","name":"Camp Winnecomac","operator":"Girl Scouts of the Northwestern Great Lakes","elev_ft":741}},{"type":"Feature","geometry":{"type":"Point","coordinates":[-89.723168,45.299535]},"properties":{"kind":"campsite","src":"osm","osm":"way/767602153","name":"Camp Birch Trails","operator":"Girl Scouts of the Northwestern Great Lakes","elev_ft":1490}},{"type":"Feature","geometry":{"type":"Point","coordinates":[-87.169811,45.060543]},"properties":{"kind":"campsite","src":"osm","osm":"way/767603883","name":"Camp Cuesta","operator":"Girl Scouts of the Northwestern Great Lakes","elev_ft":696}},{"type":"Feature","geometry":{"type":"Point","coordinates":[-91.275293,45.207854]},"properties":{"kind":"campsite","src":"osm","osm":"way/767605275","name":"Camp Nawakwa","operator":"Girl Scouts of the Northwestern Great Lakes","elev_ft":1289}},{"type":"Feature","geometry":{"type":"Point","coordinates":[-89.777692,44.381943]},"properties":{"kind":"campsite","src":"osm","osm":"way/767606903","name":"Camp Sacajawea","operator":"Girl Scouts of the Northwestern Great Lakes","elev_ft":1056}},{"type":"Feature","geometry":{"type":"Point","coordinates":[-88.922651,43.061734]},"properties":{"kind":"campsite","src":"osm","osm":"way/768649791","name":"Topel's Lakeside Park","elev_ft":853}},{"type":"Feature","geometry":{"type":"Point","coordinates":[-89.840484,43.673546]},"properties":{"kind":"campsite","src":"osm","osm":"way/769173748","elev_ft":928}},{"type":"Feature","geometry":{"type":"Point","coordinates":[-89.845749,43.671876]},"properties":{"kind":"campsite","src":"osm","osm":"way/769173752","elev_ft":935}},{"type":"Feature","geometry":{"type":"Point","coordinates":[-89.850628,43.666543]},"properties":{"kind":"campsite","src":"osm","osm":"way/769369819","elev_ft":948}},{"type":"Feature","geometry":{"type":"Point","coordinates":[-89.821011,43.652151]},"properties":{"kind":"campsite","src":"osm","osm":"way/769369823","elev_ft":965}},{"type":"Feature","geometry":{"type":"Point","coordinates":[-89.827419,43.656979]},"properties":{"kind":"campsite","src":"osm","osm":"way/769373148","elev_ft":951}},{"type":"Feature","geometry":{"type":"Point","coordinates":[-88.240669,42.933843]},"properties":{"kind":"campsite","src":"osm","osm":"way/769768362","name":"Chinook Program Center","operator":"Girl Scouts of Wisconsin Southeast","elev_ft":938}},{"type":"Feature","geometry":{"type":"Point","coordinates":[-88.091746,44.15222]},"properties":{"kind":"campsite","src":"osm","osm":"way/769784477","name":"Sugar Maple Camp","elev_ft":846}},{"type":"Feature","geometry":{"type":"Point","coordinates":[-89.014893,42.822922]},"properties":{"kind":"campsite","src":"osm","osm":"way/772812707","name":"Milton KOA","website":"https://www.hiddenvalleymilton.com/","elev_ft":823}},{"type":"Feature","geometry":{"type":"Point","coordinates":[-90.130232,44.293304]},"properties":{"kind":"campsite","src":"osm","osm":"way/780213601","name":"Crane Berry Campground","fee":"yes","access":"customers","operator":"Crane Berry Campgorund, LLC","elev_ft":991}},{"type":"Feature","geometry":{"type":"Point","coordinates":[-88.291102,44.15645]},"properties":{"kind":"campsite","src":"osm","osm":"way/781948248","desc":"Group Camp","elev_ft":991}},{"type":"Feature","geometry":{"type":"Point","coordinates":[-90.526038,44.127404]},"properties":{"kind":"campsite","src":"osm","osm":"way/781986270","name":"Jellystone Park Warrens","fee":"yes","website":"https://jellystonewarrens.com","elev_ft":1079}},{"type":"Feature","geometry":{"type":"Point","coordinates":[-89.363033,43.819692]},"properties":{"kind":"campsite","src":"osm","osm":"way/782549946","elev_ft":810}},{"type":"Feature","geometry":{"type":"Point","coordinates":[-89.344114,43.793353]},"properties":{"kind":"campsite","src":"osm","osm":"way/782561157","name":"Buffalo Lake Camping Resort","website":"https://www.buffalolakecamping.com/","elev_ft":801}},{"type":"Feature","geometry":{"type":"Point","coordinates":[-89.535213,44.139198]},"properties":{"kind":"campsite","src":"osm","osm":"way/782708021","name":"Oasis Campground","website":"https://oasishancock.com/","elev_ft":1089}},{"type":"Feature","geometry":{"type":"Point","coordinates":[-89.505115,44.329344]},"properties":{"kind":"campsite","src":"osm","osm":"way/783214275","elev_ft":1106}},{"type":"Feature","geometry":{"type":"Point","coordinates":[-90.015037,43.924881]},"properties":{"kind":"campsite","src":"osm","osm":"way/783455888","name":"West Backpack Sites","elev_ft":896}},{"type":"Feature","geometry":{"type":"Point","coordinates":[-91.936876,44.76371]},"properties":{"kind":"rv_park","src":"osm","osm":"way/784980968","name":"Downsville Rec Park","fee":"yes","operator":"Downsville Snowdrifters","elev_ft":768}},{"type":"Feature","geometry":{"type":"Point","coordinates":[-92.00383,44.420279]},"properties":{"kind":"rv_park","src":"osm","osm":"way/785105562","name":"Nelson's Landing RV Park","website":"http://nelsonslandingrvpark.com/","elev_ft":686}},{"type":"Feature","geometry":{"type":"Point","coordinates":[-89.3422,43.968579]},"properties":{"kind":"campsite","src":"osm","osm":"way/785226590","name":"Lake of the Woods Campground","elev_ft":876}},{"type":"Feature","geometry":{"type":"Point","coordinates":[-91.264227,45.486212]},"properties":{"kind":"campsite","src":"osm","osm":"way/786310805","name":"Trail's End Youth Camp","operator":"Rusk County","website":"https://ruskcounty.org/trailsend","elev_ft":1106}},{"type":"Feature","geometry":{"type":"Point","coordinates":[-91.104912,45.285893]},"properties":{"kind":"campsite","src":"osm","osm":"way/787329160","elev_ft":1099}},{"type":"Feature","geometry":{"type":"Point","coordinates":[-91.975967,46.649508]},"properties":{"kind":"campsite","src":"osm","osm":"way/790521074","name":"Northland Camping and RV Park","fee":"yes","website":"https://northlandcamprv.com/","elev_ft":692}},{"type":"Feature","geometry":{"type":"Point","coordinates":[-91.822148,46.336552]},"properties":{"kind":"campsite","src":"osm","osm":"way/791978083","elev_ft":1129}},{"type":"Feature","geometry":{"type":"Point","coordinates":[-92.340902,45.818586]},"properties":{"kind":"campsite","src":"osm","osm":"way/794163515","elev_ft":988}},{"type":"Feature","geometry":{"type":"Point","coordinates":[-91.744481,45.391328]},"properties":{"kind":"campsite","src":"osm","osm":"way/795472278","elev_ft":1125}},{"type":"Feature","geometry":{"type":"Point","coordinates":[-91.831656,45.402584]},"properties":{"kind":"campsite","src":"osm","osm":"way/795776341","name":"Stomp On Inn Campground","elev_ft":1093}},{"type":"Feature","geometry":{"type":"Point","coordinates":[-89.153817,44.171836]},"properties":{"kind":"campsite","src":"osm","osm":"way/798911438","name":"Evergreen Campsites & Resort","fee":"yes","elev_ft":902}},{"type":"Feature","geometry":{"type":"Point","coordinates":[-89.150171,44.171346]},"properties":{"kind":"dump","src":"osm","osm":"way/802092850","name":"Dumping Station","fee":"no","operator":"Evergreen Campsites","elev_ft":919}},{"type":"Feature","geometry":{"type":"Point","coordinates":[-89.155811,44.172859]},"properties":{"kind":"dump","src":"osm","osm":"way/802092851","fee":"no","operator":"Evergreen Campsites","elev_ft":899}},{"type":"Feature","geometry":{"type":"Point","coordinates":[-89.14136,44.175063]},"properties":{"kind":"campsite","src":"osm","osm":"way/802265580","name":"Oakwood Campground","elev_ft":909}},{"type":"Feature","geometry":{"type":"Point","coordinates":[-88.879481,44.83685]},"properties":{"kind":"rv_park","src":"osm","osm":"way/804726414","name":"Annie\u2019s Campground","website":"https://anniescampground.net/","elev_ft":974}},{"type":"Feature","geometry":{"type":"Point","coordinates":[-90.722695,44.43095]},"properties":{"kind":"campsite","src":"osm","osm":"way/805100325","elev_ft":889}},{"type":"Feature","geometry":{"type":"Point","coordinates":[-90.370304,43.961697]},"properties":{"kind":"rv_park","src":"osm","osm":"way/807831195","name":"Oakdale KOA Journey","elev_ft":942}},{"type":"Feature","geometry":{"type":"Point","coordinates":[-90.37051,43.967574]},"properties":{"kind":"campsite","src":"osm","osm":"way/807831196","elev_ft":948}},{"type":"Feature","geometry":{"type":"Point","coordinates":[-89.756288,43.435886]},"properties":{"kind":"campsite","src":"osm","osm":"way/807921757","name":"Wheeler's Campground","fee":"yes","website":"http://wheelerscampground.com/","elev_ft":1014}},{"type":"Feature","geometry":{"type":"Point","coordinates":[-90.828059,44.199328]},"properties":{"kind":"campsite","src":"osm","osm":"way/821718000","name":"Wisconsin Christian Youth Camp","website":"https://www.wcyc.org/","elev_ft":804}},{"type":"Feature","geometry":{"type":"Point","coordinates":[-91.880676,44.272774]},"properties":{"kind":"campsite","src":"osm","osm":"way/822320577","name":"Great River Harbor Campground & Marina","access":"customers","elev_ft":663}},{"type":"Feature","geometry":{"type":"Point","coordinates":[-89.771682,43.531147]},"properties":{"kind":"rv_park","src":"osm","osm":"way/823014144","name":"Ho-Chunk Gaming RV Park","operator":"Ho-Chunk Nation","website":"https://www.ho-chunkgaming.com/wisconsindells/","elev_ft":971}},{"type":"Feature","geometry":{"type":"Point","coordinates":[-88.86007,44.873838]},"properties":{"kind":"rv_park","src":"osm","osm":"way/823144919","name":"North Star Mohican RV Park","operator":"Stockbridge Munsee Community","elev_ft":1001}},{"type":"Feature","geometry":{"type":"Point","coordinates":[-92.199901,45.811276]},"properties":{"kind":"rv_park","src":"osm","osm":"way/824011120","name":"Eagles Landing Campground","elev_ft":1033}},{"type":"Feature","geometry":{"type":"Point","coordinates":[-88.229574,43.46519]},"properties":{"kind":"rv_park","src":"osm","osm":"way/828479998","elev_ft":1070}},{"type":"Feature","geometry":{"type":"Point","coordinates":[-89.494035,43.368412]},"properties":{"kind":"campsite","src":"osm","osm":"way/829514856","name":"Smoky Hollow Campground","elev_ft":902}},{"type":"Feature","geometry":{"type":"Point","coordinates":[-88.575867,42.868522]},"properties":{"kind":"campsite","src":"osm","osm":"way/829771032","name":"Horseriders' Campground","access":"yes","operator":"Wisconsin Department of Natural Resources","website":"https://dnr.wisconsin.gov/topic/parks/kms/recreation/camping","elev_ft":928}},{"type":"Feature","geometry":{"type":"Point","coordinates":[-89.986311,43.901191]},"properties":{"kind":"campsite","src":"osm","osm":"way/835148281","name":"Mohawk","elev_ft":922}},{"type":"Feature","geometry":{"type":"Point","coordinates":[-87.32924,44.957866]},"properties":{"kind":"campsite","src":"osm","osm":"way/837377291","name":"Harbour Village Campground and Water Park","elev_ft":758}},{"type":"Feature","geometry":{"type":"Point","coordinates":[-88.878699,43.166319]},"properties":{"kind":"rv_park","src":"osm","osm":"way/841960849","name":"River Bend RV Resort","website":"https://riverbendrvresort.com/","elev_ft":804}},{"type":"Feature","geometry":{"type":"Point","coordinates":[-89.739278,45.185918]},"properties":{"kind":"campsite","src":"osm","osm":"way/843190401","name":"Group Campground","operator":"Wisconsin Department of Natural Resources","elev_ft":1309}},{"type":"Feature","geometry":{"type":"Point","coordinates":[-88.300021,45.893676]},"properties":{"kind":"campsite","src":"osm","osm":"way/845755430","elev_ft":1322}},{"type":"Feature","geometry":{"type":"Point","coordinates":[-89.578673,43.877786]},"properties":{"kind":"campsite","src":"osm","osm":"way/851111463","elev_ft":988}},{"type":"Feature","geometry":{"type":"Point","coordinates":[-89.597679,43.804297]},"properties":{"kind":"campsite","src":"osm","osm":"way/851800289","name":"Shiloh","elev_ft":1004}},{"type":"Feature","geometry":{"type":"Point","coordinates":[-89.603286,43.805784]},"properties":{"kind":"campsite","src":"osm","osm":"way/851929976","name":"Fort McHenry","elev_ft":991}},{"type":"Feature","geometry":{"type":"Point","coordinates":[-89.597827,43.805125]},"properties":{"kind":"campsite","src":"osm","osm":"way/852052356","name":"Gettysburg","elev_ft":1004}},{"type":"Feature","geometry":{"type":"Point","coordinates":[-90.634745,42.558618]},"properties":{"kind":"rv_park","src":"osm","osm":"way/852456973","name":"Coconut Cove RV Resort","operator":"Rjourney","elev_ft":643}},{"type":"Feature","geometry":{"type":"Point","coordinates":[-88.632946,44.861633]},"properties":{"kind":"rv_park","src":"osm","osm":"way/857969900","elev_ft":889}},{"type":"Feature","geometry":{"type":"Point","coordinates":[-89.970869,42.772337]},"properties":{"kind":"campsite","src":"osm","osm":"way/858655546","name":"Yellowstone Lake State Park Campground","drinking_water":"yes","toilets":"yes","elev_ft":997}},{"type":"Feature","geometry":{"type":"Point","coordinates":[-87.356662,44.873209]},"properties":{"kind":"campsite","src":"osm","osm":"way/860508270","name":"Jax Camp","fee":"yes","operator":"Bay-Lakes Council of the Boy Scouts of America","elev_ft":784}},{"type":"Feature","geometry":{"type":"Point","coordinates":[-91.38676,46.774395]},"properties":{"kind":"campsite","src":"osm","osm":"way/863685955","elev_ft":686}},{"type":"Feature","geometry":{"type":"Point","coordinates":[-91.080962,46.862276]},"properties":{"kind":"campsite","src":"osm","osm":"way/864013557","elev_ft":764}},{"type":"Feature","geometry":{"type":"Point","coordinates":[-91.70565,46.179151]},"properties":{"kind":"campsite","src":"osm","osm":"way/868205857","name":"Camp Roundelay","operator":"Girl Scouts of Minnesota and Wisconsin Lakes and Pines","elev_ft":1073}},{"type":"Feature","geometry":{"type":"Point","coordinates":[-89.210477,45.484048]},"properties":{"kind":"campsite","src":"osm","osm":"way/879504635","elev_ft":1647}},{"type":"Feature","geometry":{"type":"Point","coordinates":[-91.581744,44.789061]},"properties":{"kind":"campsite","src":"osm","osm":"way/893786034","elev_ft":1007}},{"type":"Feature","geometry":{"type":"Point","coordinates":[-90.965355,45.520377]},"properties":{"kind":"campsite","src":"osm","osm":"way/893963380","name":"Josie Creek Campground","fee":"yes","website":"https://parks.ruskcounty.org/parks/camping/josie_creek_campground/","reservation":"recommended","elev_ft":1243}},{"type":"Feature","geometry":{"type":"Point","coordinates":[-89.59475,42.941014]},"properties":{"kind":"campsite","src":"osm","osm":"way/907206702","name":"MSCR Campground","access":"private","elev_ft":1020}},{"type":"Feature","geometry":{"type":"Point","coordinates":[-89.848199,43.019149]},"properties":{"kind":"campsite","src":"osm","osm":"way/907927160","name":"Bike/Hike Campground","fee":"yes","operator":"Blue Mound State Park","capacity":"12","elev_ft":1401}},{"type":"Feature","geometry":{"type":"Point","coordinates":[-89.85306,43.022587]},"properties":{"kind":"campsite","src":"osm","osm":"way/907931250","name":"Family Campground","operator":"Wisconsin Department of Natural Resources","elev_ft":1539}},{"type":"Feature","geometry":{"type":"Point","coordinates":[-89.820916,43.586924]},"properties":{"kind":"rv_park","src":"osm","osm":"way/908465383","elev_ft":955}},{"type":"Feature","geometry":{"type":"Point","coordinates":[-89.785789,43.609991]},"properties":{"kind":"campsite","src":"osm","osm":"way/908552501","name":"Bonanza","elev_ft":896}},{"type":"Feature","geometry":{"type":"Point","coordinates":[-89.757744,43.618151]},"properties":{"kind":"campsite","src":"osm","osm":"way/908584990","elev_ft":942}},{"type":"Feature","geometry":{"type":"Point","coordinates":[-89.857073,43.615388]},"properties":{"kind":"campsite","src":"osm","osm":"way/909101279","elev_ft":1007}},{"type":"Feature","geometry":{"type":"Point","coordinates":[-92.15319,44.446718]},"properties":{"kind":"rv_park","src":"osm","osm":"way/915082217","name":"Lake Pepin Campground","fee":"yes","website":"https://www.lakepepincampground.com/","toilets":"yes","reservation":"yes","elev_ft":715}},{"type":"Feature","geometry":{"type":"Point","coordinates":[-88.317463,45.387833]},"properties":{"kind":"campsite","src":"osm","osm":"way/924900284","name":"Silver Cliff Camp","elev_ft":1083}},{"type":"Feature","geometry":{"type":"Point","coordinates":[-88.17506,43.603028]},"properties":{"kind":"campsite","src":"osm","osm":"way/933076210","elev_ft":1010}},{"type":"Feature","geometry":{"type":"Point","coordinates":[-88.176865,43.608561]},"properties":{"kind":"campsite","src":"osm","osm":"way/933076213","elev_ft":1020}},{"type":"Feature","geometry":{"type":"Point","coordinates":[-90.2896,45.443105]},"properties":{"kind":"campsite","src":"osm","osm":"way/958338776","name":"Pioneer Park & Campground","fee":"no","website":"https://co.price.wi.us/Facilities/Facility/Details/Pioneer-Park-Campground-8","capacity":"7","drinking_water":"yes","toilets":"disposal=flush","reservation":"no","elev_ft":1558}},{"type":"Feature","geometry":{"type":"Point","coordinates":[-90.638303,43.581009]},"properties":{"kind":"campsite","src":"osm","osm":"way/958491868","name":"La Farge Village Park","fee":"yes","capacity":"15","elev_ft":889}},{"type":"Feature","geometry":{"type":"Point","coordinates":[-90.505453,46.51229]},"properties":{"kind":"campsite","src":"osm","osm":"way/967052120","name":"Frontier Campground","elev_ft":1102}},{"type":"Feature","geometry":{"type":"Point","coordinates":[-88.439123,45.343808]},"properties":{"kind":"campsite","src":"osm","osm":"way/969315364","name":"Camp Nan A Bo Sho","fee":"yes","access":"private","operator":"YMCA of the Fox Cities","elev_ft":1214}},{"type":"Feature","geometry":{"type":"Point","coordinates":[-90.047364,43.148343]},"properties":{"kind":"campsite","src":"osm","osm":"way/969590925","name":"Tower Hill State Park Campground","capacity":"15","elev_ft":735}},{"type":"Feature","geometry":{"type":"Point","coordinates":[-90.905766,46.666348]},"properties":{"kind":"campsite","src":"osm","osm":"way/975416384","name":"Thompson's West End Park Campground","fee":"yes","operator":"City of Washburn","website":"https://www.cityofwashburnwi.gov/parks-campgrounds/page/thompsons-west-end-park-campground","drinking_water":"yes","toilets":"yes","reservation":"no","elev_ft":610}},{"type":"Feature","geometry":{"type":"Point","coordinates":[-89.776212,43.560527]},"properties":{"kind":"rv_park","src":"osm","osm":"way/983638383","elev_ft":978}},{"type":"Feature","geometry":{"type":"Point","coordinates":[-89.871202,43.690824]},"properties":{"kind":"rv_park","src":"osm","osm":"way/985913513","elev_ft":945}},{"type":"Feature","geometry":{"type":"Point","coordinates":[-89.883472,43.720802]},"properties":{"kind":"campsite","src":"osm","osm":"way/985913530","name":"Yukon Trails RV & Camping Resort","elev_ft":899}},{"type":"Feature","geometry":{"type":"Point","coordinates":[-89.247304,44.021654]},"properties":{"kind":"campsite","src":"osm","osm":"way/987487577","name":"White River Campgrounds","access":"customers","website":"https://whiterivercampgrounds.com/","elev_ft":853}},{"type":"Feature","geometry":{"type":"Point","coordinates":[-87.579237,44.156906]},"properties":{"kind":"rv_park","src":"osm","osm":"way/988685200","name":"Scenic River Stop-N-Dock","elev_ft":581}},{"type":"Feature","geometry":{"type":"Point","coordinates":[-88.564939,43.932889]},"properties":{"kind":"campsite","src":"osm","osm":"way/990967887","name":"Circle R Campground","elev_ft":840}},{"type":"Feature","geometry":{"type":"Point","coordinates":[-87.639088,45.091199]},"properties":{"kind":"campsite","src":"osm","osm":"way/994104172","name":"Marinette City Park Campground","website":"https://www.marinette.wi.us/375/City-Park-Campground","capacity":"9","elev_ft":630}},{"type":"Feature","geometry":{"type":"Point","coordinates":[-87.780209,44.963835]},"properties":{"kind":"campsite","src":"osm","osm":"way/994104672","name":"North Bay Shore County Park Campground","website":"https://www.co.oconto.wi.us/parks/camping/north_bay_shore_county_park/","capacity":"34","elev_ft":597}},{"type":"Feature","geometry":{"type":"Point","coordinates":[-87.886262,44.889354]},"properties":{"kind":"campsite","src":"osm","osm":"way/994104825","name":"Holtwood Campground","website":"https://cityofoconto.com/camping/","elev_ft":591}},{"type":"Feature","geometry":{"type":"Point","coordinates":[-87.857774,44.859015]},"properties":{"kind":"campsite","src":"osm","osm":"way/994105034","name":"Oconto City Park Campground","capacity":"9","elev_ft":617}},{"type":"Feature","geometry":{"type":"Point","coordinates":[-87.865484,44.379814]},"properties":{"kind":"campsite","src":"osm","osm":"way/994105286","name":"Shady Acres Campsites","website":"https://shadyacrescampsites.webs.com/","elev_ft":896}},{"type":"Feature","geometry":{"type":"Point","coordinates":[-87.778024,44.299582]},"properties":{"kind":"campsite","src":"osm","osm":"way/994105467","name":"Devils River Campground","website":"http://campdevilsriver.com/","elev_ft":748}},{"type":"Feature","geometry":{"type":"Point","coordinates":[-92.115295,46.031595]},"properties":{"kind":"campsite","src":"osm","osm":"way/1004398785","name":"Webb Lake Resort","operator":"North Camp Properties","website":"https://webblakeresort.com/","elev_ft":971}},{"type":"Feature","geometry":{"type":"Point","coordinates":[-88.409179,43.694425]},"properties":{"kind":"campsite","src":"osm","osm":"way/1004835125","name":"Breezy Hill Campground","website":"https://breezyhillcamp.com/","elev_ft":1020}},{"type":"Feature","geometry":{"type":"Point","coordinates":[-89.145996,44.354234]},"properties":{"kind":"rv_park","src":"osm","osm":"way/1008159917","elev_ft":922}},{"type":"Feature","geometry":{"type":"Point","coordinates":[-89.276245,44.303375]},"properties":{"kind":"rv_park","src":"osm","osm":"way/1008753585","name":"Fountain Lake RV Park","elev_ft":1066}},{"type":"Feature","geometry":{"type":"Point","coordinates":[-89.151175,44.345732]},"properties":{"kind":"campsite","src":"osm","osm":"way/1008972703","elev_ft":896}},{"type":"Feature","geometry":{"type":"Point","coordinates":[-89.513125,43.483131]},"properties":{"kind":"rv_park","src":"osm","osm":"way/1031048087","name":"Sky High Camping Resort","website":"https://skyhighcampingresort.com/","elev_ft":1250}},{"type":"Feature","geometry":{"type":"Point","coordinates":[-88.871815,43.996658]},"properties":{"kind":"campsite","src":"osm","osm":"way/1032649773","name":"Eureka Dam Campsites","operator":"Eureka Dam Campsites","website":"https://eurekadam.weebly.com/","elev_ft":755}},{"type":"Feature","geometry":{"type":"Point","coordinates":[-88.573769,43.979435]},"properties":{"kind":"campsite","src":"osm","osm":"way/1034234298","name":"Sleepy Hollow Farm Campground","elev_ft":833}},{"type":"Feature","geometry":{"type":"Point","coordinates":[-89.621152,46.00222]},"properties":{"kind":"dump","src":"osm","osm":"way/1065560992","elev_ft":1686}},{"type":"Feature","geometry":{"type":"Point","coordinates":[-89.611286,46.007471]},"properties":{"kind":"campsite","src":"osm","osm":"way/1065567087","name":"Musky Lake Campground","fee":"yes","operator":"Wisconsin Department of Natural Resources","website":"https://dnr.wisconsin.gov/topic/StateForests/nhal/recreation/camping/modern","drinking_water":"yes","toilets":"yes","reservation":"required","elev_ft":1693}},{"type":"Feature","geometry":{"type":"Point","coordinates":[-89.610047,46.001153]},"properties":{"kind":"campsite","src":"osm","osm":"way/1065567088","name":"Crystal Lake Campground","fee":"yes","operator":"Wisconsin Department of Natural Resources","website":"https://dnr.wisconsin.gov/topic/StateForests/nhal/recreation/camping/modern","drinking_water":"yes","toilets":"yes","reservation":"required","elev_ft":1634}},{"type":"Feature","geometry":{"type":"Point","coordinates":[-89.633753,46.002058]},"properties":{"kind":"campsite","src":"osm","osm":"way/1065567089","name":"Firefly Lake Campground","fee":"yes","operator":"Wisconsin Department of Natural Resources","website":"https://dnr.wisconsin.gov/topic/StateForests/nhal/recreation/camping/modern","drinking_water":"yes","toilets":"yes","reservation":"required","elev_ft":1680}},{"type":"Feature","geometry":{"type":"Point","coordinates":[-88.207119,45.270244]},"properties":{"kind":"campsite","src":"osm","osm":"way/1067406521","name":"Veterans Falls Campground","fee":"yes","access":"yes","operator":"Marinette County","elev_ft":902}},{"type":"Feature","geometry":{"type":"Point","coordinates":[-88.237113,45.341926]},"properties":{"kind":"campsite","src":"osm","osm":"way/1068697709","name":"Governor Thompson State Park Campground","fee":"yes","access":"yes","operator":"Wisconsin DNR","elev_ft":1020}},{"type":"Feature","geometry":{"type":"Point","coordinates":[-88.476543,42.938853]},"properties":{"kind":"campsite","src":"osm","osm":"way/1071983005","name":"Ottawa Lake Campground","operator":"Wisconsin DNR","drinking_water":"yes","elev_ft":876}},{"type":"Feature","geometry":{"type":"Point","coordinates":[-89.704798,45.517121]},"properties":{"kind":"rv_park","src":"osm","osm":"way/1072820325","name":"Tomahawk Campground & RV Park","website":"https://tomahawk-campground.com/","elev_ft":1457}},{"type":"Feature","geometry":{"type":"Point","coordinates":[-92.45545,44.579731]},"properties":{"kind":"campsite","src":"osm","osm":"way/1090848987","name":"Bay City Campground","access":"yes","operator":"Village of Bay City","elev_ft":676}},{"type":"Feature","geometry":{"type":"Point","coordinates":[-90.618948,43.83181]},"properties":{"kind":"rv_park","src":"osm","osm":"way/1095775352","name":"Norwalk Village Park RV Sites","fee":"yes","website":"https://villageofnorwalk.com/visitor-info/","elev_ft":1027}},{"type":"Feature","geometry":{"type":"Point","coordinates":[-90.619582,43.832078]},"properties":{"kind":"campsite","src":"osm","osm":"way/1095775357","fee":"no","elev_ft":1024}},{"type":"Feature","geometry":{"type":"Point","coordinates":[-90.095929,43.36045]},"properties":{"kind":"campsite","src":"osm","osm":"way/1104625852","name":"White Mound County Park Camping","fee":"yes","operator":"Sauk County","website":"https://www.co.sauk.wi.us/parksandrecreationpage/camping-white-mound-park","capacity":"56","drinking_water":"yes","toilets":"yes","reservation":"yes","elev_ft":1135}},{"type":"Feature","geometry":{"type":"Point","coordinates":[-89.182027,45.520823]},"properties":{"kind":"rv_park","src":"osm","osm":"way/1116378916","elev_ft":1608}},{"type":"Feature","geometry":{"type":"Point","coordinates":[-88.947555,45.579633]},"properties":{"kind":"rv_park","src":"osm","osm":"way/1116385844","elev_ft":1719}},{"type":"Feature","geometry":{"type":"Point","coordinates":[-91.750379,45.534553]},"properties":{"kind":"rv_park","src":"osm","osm":"way/1125429273","elev_ft":1135}},{"type":"Feature","geometry":{"type":"Point","coordinates":[-88.077919,42.60101]},"properties":{"kind":"rv_park","src":"osm","osm":"way/1127849671","name":"Happy Acres Kampground","website":"https://www.happyacres.com/","elev_ft":781}},{"type":"Feature","geometry":{"type":"Point","coordinates":[-89.321885,45.630995]},"properties":{"kind":"campsite","src":"osm","osm":"way/1132582243","name":"Holiday Acres","website":"https://www.holidayacres.com/","elev_ft":1578}},{"type":"Feature","geometry":{"type":"Point","coordinates":[-88.695603,42.751972]},"properties":{"kind":"rv_park","src":"osm","osm":"way/1137250875","elev_ft":981}},{"type":"Feature","geometry":{"type":"Point","coordinates":[-89.72055,43.434183]},"properties":{"kind":"campsite","src":"osm","osm":"way/1138378077","name":"Ice Age Campground","operator":"WI DNR","elev_ft":1191}},{"type":"Feature","geometry":{"type":"Point","coordinates":[-89.734643,43.432103]},"properties":{"kind":"campsite","src":"osm","osm":"way/1141349053","name":"Quartzite Campground","operator":"Devil's Lake State Park","elev_ft":978}},{"type":"Feature","geometry":{"type":"Point","coordinates":[-89.006659,42.95988]},"properties":{"kind":"rv_park","src":"osm","osm":"way/1155294124","elev_ft":922}},{"type":"Feature","geometry":{"type":"Point","coordinates":[-89.007058,42.960426]},"properties":{"kind":"campsite","src":"osm","osm":"way/1155294125","elev_ft":922}},{"type":"Feature","geometry":{"type":"Point","coordinates":[-88.993092,45.930703]},"properties":{"kind":"campsite","src":"osm","osm":"way/1159139233","name":"Franklin Lake Campground","access":"yes","operator":"United States Forest Service","elev_ft":1739}},{"type":"Feature","geometry":{"type":"Point","coordinates":[-88.651507,42.956902]},"properties":{"kind":"rv_park","src":"osm","osm":"way/1167898852","elev_ft":866}},{"type":"Feature","geometry":{"type":"Point","coordinates":[-88.581253,43.468809]},"properties":{"kind":"campsite","src":"osm","osm":"way/1169508543","name":"A","elev_ft":1132}},{"type":"Feature","geometry":{"type":"Point","coordinates":[-89.850276,44.740834]},"properties":{"kind":"campsite","src":"osm","osm":"way/1169765643","name":"Group Campsite","fee":"yes","elev_ft":1175}},{"type":"Feature","geometry":{"type":"Point","coordinates":[-89.326237,45.661233]},"properties":{"kind":"rv_park","src":"osm","osm":"way/1169895532","elev_ft":1591}},{"type":"Feature","geometry":{"type":"Point","coordinates":[-91.082171,46.233027]},"properties":{"kind":"campsite","src":"osm","osm":"way/1172516866","name":"Island View Campground","access":"yes","elev_ft":1411}},{"type":"Feature","geometry":{"type":"Point","coordinates":[-89.781301,43.954001]},"properties":{"kind":"rv_park","src":"osm","osm":"way/1176882116","elev_ft":1001}},{"type":"Feature","geometry":{"type":"Point","coordinates":[-90.010145,43.899943]},"properties":{"kind":"campsite","src":"osm","osm":"way/1178004708","name":"Bavarian Campsite","elev_ft":909}},{"type":"Feature","geometry":{"type":"Point","coordinates":[-88.512726,42.810794]},"properties":{"kind":"campsite","src":"osm","osm":"way/1180532707","name":"Camp Timber-lee","fee":"yes","website":"https://www.timber-lee.com/","elev_ft":912}},{"type":"Feature","geometry":{"type":"Point","coordinates":[-88.04697,43.846417]},"properties":{"kind":"campsite","src":"osm","osm":"way/1181190274","name":"South Campground","fee":"yes","elev_ft":919}},{"type":"Feature","geometry":{"type":"Point","coordinates":[-88.045152,43.848613]},"properties":{"kind":"campsite","src":"osm","osm":"way/1181190275","name":"Tent Campground","elev_ft":919}},{"type":"Feature","geometry":{"type":"Point","coordinates":[-88.046241,43.84997]},"properties":{"kind":"campsite","src":"osm","osm":"way/1181190276","name":"North Campground","fee":"yes","elev_ft":922}},{"type":"Feature","geometry":{"type":"Point","coordinates":[-89.251872,45.947429]},"properties":{"kind":"campsite","src":"osm","osm":"way/1182442507","elev_ft":1647}},{"type":"Feature","geometry":{"type":"Point","coordinates":[-89.287502,45.902921]},"properties":{"kind":"rv_park","src":"osm","osm":"way/1182442522","elev_ft":1637}},{"type":"Feature","geometry":{"type":"Point","coordinates":[-89.754554,45.877264]},"properties":{"kind":"campsite","src":"osm","osm":"way/1182462586","name":"Patricia Lake Campground","access":"customers","website":"https://www.patricialakecampground.com/","elev_ft":1621}},{"type":"Feature","geometry":{"type":"Point","coordinates":[-87.228829,45.161404]},"properties":{"kind":"dump","src":"osm","osm":"way/1183482485","name":"RV Dump Station","fee":"no","access":"yes","elev_ft":610}},{"type":"Feature","geometry":{"type":"Point","coordinates":[-87.215896,45.120908]},"properties":{"kind":"campsite","src":"osm","osm":"way/1183735618","name":"Fish Creek Campground","fee":"yes","access":"yes","elev_ft":627}},{"type":"Feature","geometry":{"type":"Point","coordinates":[-91.548598,46.284535]},"properties":{"kind":"campsite","src":"osm","osm":"way/1186231425","name":"The Enchanted Inn Campgrounds","access":"customers","website":"https://www.theenchantedinn.com/","elev_ft":1142}},{"type":"Feature","geometry":{"type":"Point","coordinates":[-91.533788,46.30311]},"properties":{"kind":"campsite","src":"osm","osm":"way/1186248780","name":"Crosswinds Resort and Campground","access":"customers","elev_ft":1155}},{"type":"Feature","geometry":{"type":"Point","coordinates":[-89.063027,43.160837]},"properties":{"kind":"campsite","src":"osm","osm":"way/1188395211","name":"Whistle Stop Campground","fee":"yes","reservation":"required","elev_ft":843}},{"type":"Feature","geometry":{"type":"Point","coordinates":[-90.175659,43.634307]},"properties":{"kind":"campsite","src":"osm","osm":"way/1191907419","name":"Chapparal Campground","fee":"yes","elev_ft":981}},{"type":"Feature","geometry":{"type":"Point","coordinates":[-87.806928,43.491401]},"properties":{"kind":"dump","src":"osm","osm":"way/1193614996","name":"RV Dump Station","elev_ft":663}},{"type":"Feature","geometry":{"type":"Point","coordinates":[-87.807255,43.488266]},"properties":{"kind":"campsite","src":"osm","osm":"way/1195150370","name":"Hike-In Campground","access":"yes","elev_ft":663}},{"type":"Feature","geometry":{"type":"Point","coordinates":[-87.793604,43.490198]},"properties":{"kind":"campsite","src":"osm","osm":"way/1195150371","name":"Kayak-In Campsite","access":"yes","elev_ft":607}},{"type":"Feature","geometry":{"type":"Point","coordinates":[-87.809962,43.491421]},"properties":{"kind":"campsite","src":"osm","osm":"way/1195150632","name":"Group Campground","fee":"yes","access":"yes","elev_ft":682}},{"type":"Feature","geometry":{"type":"Point","coordinates":[-87.424275,44.85241]},"properties":{"kind":"dump","src":"osm","osm":"way/1197825542","name":"RV Dump Station","fee":"no","access":"yes","elev_ft":702}},{"type":"Feature","geometry":{"type":"Point","coordinates":[-88.177881,43.67092]},"properties":{"kind":"rv_park","src":"osm","osm":"way/1213641228","name":"Mr. Ed's Campground","elev_ft":1109}},{"type":"Feature","geometry":{"type":"Point","coordinates":[-88.176327,43.678209]},"properties":{"kind":"rv_park","src":"osm","osm":"way/1213641230","name":"Benson's Campground","elev_ft":1083}},{"type":"Feature","geometry":{"type":"Point","coordinates":[-88.165601,43.693717]},"properties":{"kind":"campsite","src":"osm","osm":"way/1213641232","name":"Camp Long Lake","access":"private","elev_ft":1043}},{"type":"Feature","geometry":{"type":"Point","coordinates":[-89.138953,45.876392]},"properties":{"kind":"campsite","src":"osm","osm":"way/1213811145","name":"HoneyRock","operator":"Wheaton College","website":"https://www.wheaton.edu/honeyrock/","elev_ft":1637}},{"type":"Feature","geometry":{"type":"Point","coordinates":[-89.426012,45.725998]},"properties":{"kind":"campsite","src":"osm","osm":"way/1214498714","name":"Tesomas Scout Camp","operator":"Samoset Camping","elev_ft":1637}},{"type":"Feature","geometry":{"type":"Point","coordinates":[-89.420597,45.716062]},"properties":{"kind":"campsite","src":"osm","osm":"way/1214498715","name":"Akela\u2019s World","operator":"Samoset Camping","elev_ft":1650}},{"type":"Feature","geometry":{"type":"Point","coordinates":[-89.422622,45.678568]},"properties":{"kind":"campsite","src":"osm","osm":"way/1214747017","name":"Hodag Country Festival","website":"https://www.hodag.com/","elev_ft":1598}},{"type":"Feature","geometry":{"type":"Point","coordinates":[-89.809427,43.643924]},"properties":{"kind":"campsite","src":"osm","osm":"way/1227195070","name":"Rocky Arbor State Park Campground","fee":"yes","access":"yes","operator":"Wisconsin Department of Natural Resources","website":"https://dnr.wisconsin.gov/topic/parks/rockyarbor/recreation/camping","drinking_water":"yes","elev_ft":971}},{"type":"Feature","geometry":{"type":"Point","coordinates":[-90.796105,43.092772]},"properties":{"kind":"rv_park","src":"osm","osm":"way/1227688427","elev_ft":640}},{"type":"Feature","geometry":{"type":"Point","coordinates":[-89.630993,42.790357]},"properties":{"kind":"campsite","src":"osm","osm":"way/1230625659","name":"Walk-to Campsites","elev_ft":1040}},{"type":"Feature","geometry":{"type":"Point","coordinates":[-89.633838,42.786532]},"properties":{"kind":"campsite","src":"osm","osm":"way/1230625661","name":"New Glarus Woods State Park Campground","elev_ft":1089}},{"type":"Feature","geometry":{"type":"Point","coordinates":[-90.9431,44.966156]},"properties":{"kind":"campsite","src":"osm","osm":"way/1234202359","name":"Chapman Lake Campgrounds","operator":"City of Stanley","elev_ft":1079}},{"type":"Feature","geometry":{"type":"Point","coordinates":[-89.797084,43.647124]},"properties":{"kind":"campsite","src":"osm","osm":"way/1256564702","name":"Upham Woods Main Camp","access":"customers","website":"https://fyi.uwex.edu/uphamwoods/","elev_ft":876}},{"type":"Feature","geometry":{"type":"Point","coordinates":[-88.695033,42.783608]},"properties":{"kind":"campsite","src":"osm","osm":"way/1267156658","name":"Whitewater Lake Campground","fee":"yes","access":"yes","operator":"Wisconsin Department of Natural Resources","elev_ft":978}},{"type":"Feature","geometry":{"type":"Point","coordinates":[-88.691581,42.790708]},"properties":{"kind":"campsite","src":"osm","osm":"way/1267156667","name":"Hickory Woods Group Campground","elev_ft":896}},{"type":"Feature","geometry":{"type":"Point","coordinates":[-90.014946,43.927358]},"properties":{"kind":"campsite","src":"osm","osm":"way/1267504932","name":"West Backpack Sites","elev_ft":896}},{"type":"Feature","geometry":{"type":"Point","coordinates":[-90.019294,43.931601]},"properties":{"kind":"campsite","src":"osm","osm":"way/1267504933","name":"West Backpack Sites","elev_ft":883}},{"type":"Feature","geometry":{"type":"Point","coordinates":[-90.01688,43.935845]},"properties":{"kind":"campsite","src":"osm","osm":"way/1267504934","name":"North Backpack Sites","elev_ft":896}},{"type":"Feature","geometry":{"type":"Point","coordinates":[-90.007439,43.919716]},"properties":{"kind":"campsite","src":"osm","osm":"way/1267504935","name":"South Backpack Sites","elev_ft":912}},{"type":"Feature","geometry":{"type":"Point","coordinates":[-88.448309,42.961026]},"properties":{"kind":"campsite","src":"osm","osm":"way/1268190180","name":"Pinewoods Campground","operator":"Wisconsin Department of Natural Resources","elev_ft":1066}},{"type":"Feature","geometry":{"type":"Point","coordinates":[-88.565062,44.572984]},"properties":{"kind":"rv_park","src":"osm","osm":"way/1288738318","name":"Wolf River Campground","website":"https://riversedgecampingandtubing.com/","capacity":"73","reservation":"required","elev_ft":787}},{"type":"Feature","geometry":{"type":"Point","coordinates":[-90.785611,46.855781]},"properties":{"kind":"rv_park","src":"osm","osm":"way/1298806913","name":"Buffalo Bay Campground","fee":"yes","operator":"Legendary Waters Casino","website":"http://legendarywaters.com/campground-marina/","capacity":"34","drinking_water":"yes","reservation":"yes","elev_ft":633}},{"type":"Feature","geometry":{"type":"Point","coordinates":[-87.989104,43.795704]},"properties":{"kind":"campsite","src":"osm","osm":"way/1311064696","name":"Camping Zone 6","elev_ft":1066}},{"type":"Feature","geometry":{"type":"Point","coordinates":[-87.988978,43.802597]},"properties":{"kind":"campsite","src":"osm","osm":"way/1311283601","name":"Camping Zone 8","elev_ft":978}},{"type":"Feature","geometry":{"type":"Point","coordinates":[-87.985666,43.798568]},"properties":{"kind":"campsite","src":"osm","osm":"way/1311283603","name":"Camping Zone 7","elev_ft":1083}},{"type":"Feature","geometry":{"type":"Point","coordinates":[-87.993893,43.793804]},"properties":{"kind":"campsite","src":"osm","osm":"way/1311304077","name":"Camping Zone 4 East","elev_ft":1017}},{"type":"Feature","geometry":{"type":"Point","coordinates":[-90.174346,45.910047]},"properties":{"kind":"campsite","src":"osm","osm":"way/1311319967","name":"Smith Rapids Campground","fee":"yes","website":"https://www.fs.usda.gov/r09/chequamegon-nicolet/recreation/smith-rapids-recreation-area","drinking_water":"yes","toilets":"vault","elev_ft":1549}},{"type":"Feature","geometry":{"type":"Point","coordinates":[-91.298572,46.126565]},"properties":{"kind":"campsite","src":"osm","osm":"way/1311796529","name":"ROAM Adventure Basecamp","fee":"yes","access":"customers","website":"https://roambasecamp.com","drinking_water":"yes","elev_ft":1555}},{"type":"Feature","geometry":{"type":"Point","coordinates":[-87.991431,43.792927]},"properties":{"kind":"campsite","src":"osm","osm":"way/1312947522","name":"Camping Zone 5","elev_ft":1076}},{"type":"Feature","geometry":{"type":"Point","coordinates":[-87.49789,44.465778]},"properties":{"kind":"campsite","src":"osm","osm":"way/1314146067","elev_ft":577}},{"type":"Feature","geometry":{"type":"Point","coordinates":[-88.517742,44.322967]},"properties":{"kind":"campsite","src":"osm","osm":"way/1317396077","access":"private","elev_ft":801}},{"type":"Feature","geometry":{"type":"Point","coordinates":[-89.183999,44.108127]},"properties":{"kind":"campsite","src":"osm","osm":"way/1324402278","name":"Mount Morris Camp and Retreat Center","access":"customers","operator":"Moravian Church","elev_ft":879}},{"type":"Feature","geometry":{"type":"Point","coordinates":[-88.167214,43.658183]},"properties":{"kind":"campsite","src":"osm","osm":"way/1339032524","name":"Long Lake Campground Upper 900s","elev_ft":1060}},{"type":"Feature","geometry":{"type":"Point","coordinates":[-88.190862,43.663443]},"properties":{"kind":"campsite","src":"osm","osm":"way/1339032528","name":"Camp Vista","elev_ft":1037}},{"type":"Feature","geometry":{"type":"Point","coordinates":[-88.909112,42.857119]},"properties":{"kind":"rv_park","src":"osm","osm":"way/1340366505","name":"Silo Ridge","elev_ft":820}},{"type":"Feature","geometry":{"type":"Point","coordinates":[-89.846228,45.757688]},"properties":{"kind":"campsite","src":"osm","osm":"way/1349804606","name":"Cedar Falls Campground","fee":"yes","operator":"Wisconsin Valley Improvement Company","website":"https://www.wvic.com/Content/Cedar_Falls_Campground.cfm","elev_ft":1539}},{"type":"Feature","geometry":{"type":"Point","coordinates":[-88.453663,44.809406]},"properties":{"kind":"rv_park","src":"osm","osm":"way/1350429539","elev_ft":807}},{"type":"Feature","geometry":{"type":"Point","coordinates":[-88.176012,43.593166]},"properties":{"kind":"dump","src":"osm","osm":"way/1351631900","access":"private","operator":"Wisconsin Department of Natural Resources","elev_ft":991}},{"type":"Feature","geometry":{"type":"Point","coordinates":[-89.635658,45.825502]},"properties":{"kind":"campsite","src":"osm","osm":"way/1353194309","name":"Indian Mounds Campground","fee":"yes","operator":"Wisconsin Department of Natural Resources","drinking_water":"yes","toilets":"yes","reservation":"required","elev_ft":1617}},{"type":"Feature","geometry":{"type":"Point","coordinates":[-89.399847,42.611866]},"properties":{"kind":"campsite","src":"osm","osm":"way/1355835942","elev_ft":781}},{"type":"Feature","geometry":{"type":"Point","coordinates":[-91.123087,42.977648]},"properties":{"kind":"campsite","src":"osm","osm":"way/1357001353","name":"Homestead Campground","fee":"yes","access":"yes","operator":"Wisconsin DNR","website":"https://dnr.wi.gov/topic/parks/name/wyalusing/","capacity":"109","drinking_water":"yes","toilets":"yes","reservation":"yes","elev_ft":1125}},{"type":"Feature","geometry":{"type":"Point","coordinates":[-91.114784,42.99387]},"properties":{"kind":"campsite","src":"osm","osm":"way/1357001354","name":"Wisconsin Ridge Campground","fee":"yes","access":"yes","operator":"Wisconsin DNR","elev_ft":1001}},{"type":"Feature","geometry":{"type":"Point","coordinates":[-91.113045,42.99114]},"properties":{"kind":"campsite","src":"osm","osm":"way/1357001355","name":"Outdoor Group Camp","access":"yes","operator":"Wisconsin DNR","elev_ft":1122}},{"type":"Feature","geometry":{"type":"Point","coordinates":[-91.129632,42.972558]},"properties":{"kind":"campsite","src":"osm","osm":"way/1357001356","name":"Hugh Harper Indoor Group Camp","fee":"yes","access":"yes","operator":"Wisconsin DNR","elev_ft":1086}},{"type":"Feature","geometry":{"type":"Point","coordinates":[-88.432849,42.573044]},"properties":{"kind":"campsite","src":"osm","osm":"way/1359551450","name":"Lake Geneva Youth Camp","fee":"yes","access":"private","website":"https://www.lgyc.org/","elev_ft":928}},{"type":"Feature","geometry":{"type":"Point","coordinates":[-88.273951,42.847267]},"properties":{"kind":"rv_park","src":"osm","osm":"way/1361443724","name":"County View Campground","website":"https://countryviewcampground.wordpress.com/","elev_ft":925}},{"type":"Feature","geometry":{"type":"Point","coordinates":[-92.286867,46.655225]},"properties":{"kind":"rv_park","src":"osm","osm":"way/1364103174","elev_ft":610}},{"type":"Feature","geometry":{"type":"Point","coordinates":[-92.291983,45.687035]},"properties":{"kind":"rv_park","src":"osm","osm":"way/1383355737","name":"Clam Falls Campground","elev_ft":1043}},{"type":"Feature","geometry":{"type":"Point","coordinates":[-90.714258,45.783449]},"properties":{"kind":"campsite","src":"osm","osm":"way/1386687675","name":"Lake of the Pines Campground","operator":"Wisconsin Department of Natural Resources","elev_ft":1427}},{"type":"Feature","geometry":{"type":"Point","coordinates":[-90.50022,45.902469]},"properties":{"kind":"campsite","src":"osm","osm":"way/1388525911","name":"Smith Lake Campground","fee":"yes","operator":"Price County","website":"https://co.price.wi.us/Facilities/Facility/Details/Smith-Lake-County-Park-Campground-2","elev_ft":1476}},{"type":"Feature","geometry":{"type":"Point","coordinates":[-88.380793,42.806433]},"properties":{"kind":"rv_park","src":"osm","osm":"way/1390490768","elev_ft":866}},{"type":"Feature","geometry":{"type":"Point","coordinates":[-89.714873,46.083017]},"properties":{"kind":"campsite","src":"osm","osm":"way/1390756085","name":"Jag Lake Campground","fee":"yes","operator":"Wisconsin Department of Natural Resources","drinking_water":"yes","toilets":"yes","elev_ft":1637}},{"type":"Feature","geometry":{"type":"Point","coordinates":[-89.597993,46.024004]},"properties":{"kind":"campsite","src":"osm","osm":"way/1390976561","name":"North Muskellunge Lake Campground","fee":"yes","operator":"Wisconsin Department of Natural Resources","elev_ft":1683}},{"type":"Feature","geometry":{"type":"Point","coordinates":[-89.574144,46.025076]},"properties":{"kind":"campsite","src":"osm","osm":"way/1390976562","name":"Starrett Lake Campground","fee":"yes","operator":"Wisconsin Department of Natural Resources","desc":"Quiet campground \u2013 no generators or loud electronic devices.","drinking_water":"yes","toilets":"yes","reservation":"required","elev_ft":1663}},{"type":"Feature","geometry":{"type":"Point","coordinates":[-89.726036,46.074171]},"properties":{"kind":"campsite","src":"osm","osm":"way/1390978458","name":"Upper Gresham Lake Campground","fee":"yes","operator":"Wisconsin Department of Natural Resources","drinking_water":"yes","toilets":"yes","reservation":"required","elev_ft":1660}},{"type":"Feature","geometry":{"type":"Point","coordinates":[-89.647336,45.865668]},"properties":{"kind":"campsite","src":"osm","osm":"way/1390984463","name":"Clear Lake Campground","fee":"yes","operator":"Wisconsin Department of Natural Resources","drinking_water":"yes","toilets":"yes","reservation":"required","elev_ft":1637}},{"type":"Feature","geometry":{"type":"Point","coordinates":[-89.583655,45.848269]},"properties":{"kind":"campsite","src":"osm","osm":"way/1390987702","name":"Cunard Lake Campground","fee":"yes","operator":"Wisconsin Department of Natural Resources","desc":"Quiet campground \u2013 no generators or loud electronic devices.","drinking_water":"yes","toilets":"yes","reservation":"required","elev_ft":1644}},{"type":"Feature","geometry":{"type":"Point","coordinates":[-89.966661,46.103754]},"properties":{"kind":"campsite","src":"osm","osm":"way/1390992193","name":"Sandy Beach Lake Campground","fee":"yes","operator":"Wisconsin Department of Natural Resources","drinking_water":"yes","toilets":"yes","reservation":"required","elev_ft":1604}},{"type":"Feature","geometry":{"type":"Point","coordinates":[-90.646128,46.367309]},"properties":{"kind":"campsite","src":"osm","osm":"way/1391024776","name":"North Campground","fee":"yes","drinking_water":"yes","toilets":"yes","elev_ft":1132}},{"type":"Feature","geometry":{"type":"Point","coordinates":[-90.64442,46.359684]},"properties":{"kind":"campsite","src":"osm","osm":"way/1391024782","name":"South Campground","fee":"yes","operator":"Wisconsin Department of Natural Resources","drinking_water":"yes","toilets":"yes","elev_ft":1240}},{"type":"Feature","geometry":{"type":"Point","coordinates":[-90.649542,46.360651]},"properties":{"kind":"campsite","src":"osm","osm":"way/1391024783","name":"Group Campground","fee":"yes","drinking_water":"yes","toilets":"yes","elev_ft":1214}},{"type":"Feature","geometry":{"type":"Point","coordinates":[-90.009481,45.965251]},"properties":{"kind":"campsite","src":"osm","osm":"way/1391033089","name":"Emily Lake Campground","fee":"yes","operator":"US National Forest","website":"https://www.fs.usda.gov/r09/chequamegon-nicolet/recreation/emily-lake-recreation-area","drinking_water":"yes","toilets":"yes","reservation":"no","elev_ft":1588}},{"type":"Feature","geometry":{"type":"Point","coordinates":[-90.071854,45.956334]},"properties":{"kind":"campsite","src":"osm","osm":"way/1391273209","name":"Twin Lakes Campground","fee":"yes","access":"yes","operator":"USFS","website":"https://www.fs.usda.gov/r09/chequamegon-nicolet/recreation/twin-lakes-recreation-area","drinking_water":"yes","toilets":"yes","reservation":"yes","elev_ft":1585}},{"type":"Feature","geometry":{"type":"Point","coordinates":[-90.000151,45.972962]},"properties":{"kind":"campsite","src":"osm","osm":"way/1391598501","name":"Wabasso Lake Campground","fee":"yes","operator":"US Forest Service","website":"https://www.fs.usda.gov/r09/chequamegon-nicolet/recreation/wabasso-lake-recreation-area","drinking_water":"yes","toilets":"yes","reservation":"no","elev_ft":1598}},{"type":"Feature","geometry":{"type":"Point","coordinates":[-90.897519,46.301878]},"properties":{"kind":"campsite","src":"osm","osm":"way/1392129111","name":"Beaver Lake Campground","fee":"yes","operator":"US Forest Service","website":"https://www.fs.usda.gov/r09/chequamegon-nicolet/recreation/beaver-lake-recreation-area","drinking_water":"yes","toilets":"yes","reservation":"yes","elev_ft":1440}},{"type":"Feature","geometry":{"type":"Point","coordinates":[-88.556955,45.892582]},"properties":{"kind":"campsite","src":"osm","osm":"way/1392134869","name":"Chipmunk Rapids Campground","fee":"yes","operator":"US Forest Service","website":"https://www.fs.usda.gov/r09/chequamegon-nicolet/recreation/chipmunk-rapids-recreation-area","drinking_water":"yes","toilets":"yes","reservation":"no","elev_ft":1447}},{"type":"Feature","geometry":{"type":"Point","coordinates":[-90.90483,46.181543]},"properties":{"kind":"campsite","src":"osm","osm":"way/1392154978","name":"Day Lake Campground","fee":"yes","operator":"US Forest Service","drinking_water":"yes","toilets":"yes","reservation":"yes","elev_ft":1476}},{"type":"Feature","geometry":{"type":"Point","coordinates":[-90.714044,46.038321]},"properties":{"kind":"campsite","src":"osm","osm":"way/1392202687","name":"Stockfarm Bridge Campground","fee":"yes","operator":"US Forest Service","website":"https://www.fs.usda.gov/r09/chequamegon-nicolet/recreation/stockfarm-bridge-recreation-area","drinking_water":"yes","toilets":"yes","reservation":"no","elev_ft":1467}},{"type":"Feature","geometry":{"type":"Point","coordinates":[-89.787464,46.164329]},"properties":{"kind":"campsite","src":"osm","osm":"way/1392361298","name":"Big Lake Campground","fee":"yes","operator":"Wisconsin Department of Natural Resources","drinking_water":"yes","toilets":"yes","elev_ft":1660}},{"type":"Feature","geometry":{"type":"Point","coordinates":[-89.563323,45.877573]},"properties":{"kind":"campsite","src":"osm","osm":"way/1392365591","name":"Buffalo Lake Campground","fee":"yes","operator":"Wisconsin Department of Natural Resources","drinking_water":"yes","toilets":"yes","reservation":"required","elev_ft":1637}},{"type":"Feature","geometry":{"type":"Point","coordinates":[-89.632359,45.889052]},"properties":{"kind":"campsite","src":"osm","osm":"way/1392366792","name":"Carrol Lake Campground","fee":"yes","operator":"Wisconsin Department of Natural Resources","drinking_water":"yes","toilets":"yes","reservation":"required","elev_ft":1624}},{"type":"Feature","geometry":{"type":"Point","coordinates":[-89.467609,46.026296]},"properties":{"kind":"campsite","src":"osm","osm":"way/1392374068","name":"East Star Lake Campground","fee":"yes","operator":"Wisconsin Department of Natural Resources","drinking_water":"yes","toilets":"yes","reservation":"required","elev_ft":1703}},{"type":"Feature","geometry":{"type":"Point","coordinates":[-89.556694,45.993125]},"properties":{"kind":"campsite","src":"osm","osm":"way/1392391690","name":"Plum Lake Campground","fee":"yes","operator":"Wisconsin Department of Natural Resources","drinking_water":"yes","toilets":"yes","reservation":"required","elev_ft":1663}},{"type":"Feature","geometry":{"type":"Point","coordinates":[-89.530948,46.022697]},"properties":{"kind":"campsite","src":"osm","osm":"way/1392687171","name":"Razorback Lake Campground","fee":"yes","operator":"Wisconsin Department of Natural Resources","website":"https://dnr.wi.gov/topic/StateForests/nhal/documents/razorback.pdf","drinking_water":"yes","toilets":"yes","reservation":"required","elev_ft":1673}},{"type":"Feature","geometry":{"type":"Point","coordinates":[-89.653943,46.022438]},"properties":{"kind":"campsite","src":"osm","osm":"way/1392690688","name":"South Trout Lake Campground","fee":"yes","operator":"Wisconsin Department of Natural Resources","drinking_water":"yes","toilets":"yes","reservation":"required","elev_ft":1644}},{"type":"Feature","geometry":{"type":"Point","coordinates":[-89.474766,46.032692]},"properties":{"kind":"campsite","src":"osm","osm":"way/1392697496","name":"West Star Lke Campground","fee":"yes","operator":"Wisconsin Department of Natural Resources","drinking_water":"yes","toilets":"yes","reservation":"required","elev_ft":1713}},{"type":"Feature","geometry":{"type":"Point","coordinates":[-92.460252,45.976242]},"properties":{"kind":"campsite","src":"osm","osm":"way/1393695341","name":"Sioux Portage Group Campground","fee":"yes","access":"permit","operator":"Governor Knowles State Forest","drinking_water":"yes","reservation":"required","elev_ft":958}},{"type":"Feature","geometry":{"type":"Point","coordinates":[-90.378681,45.739196]},"properties":{"kind":"campsite","src":"osm","osm":"way/1394579224","name":"Comfort Cove Campground and Resort","fee":"yes","elev_ft":1493}},{"type":"Feature","geometry":{"type":"Point","coordinates":[-90.208225,46.085479]},"properties":{"kind":"campsite","src":"osm","osm":"way/1396299758","name":"Group Area","fee":"yes","operator":"Wisconsin Department of Natural Resources","drinking_water":"no","toilets":"yes","elev_ft":1588}},{"type":"Feature","geometry":{"type":"Point","coordinates":[-90.205357,46.093612]},"properties":{"kind":"campsite","src":"osm","osm":"way/1396299759","name":"Group Area","fee":"yes","operator":"Wisconsin Department of Natural Resources","drinking_water":"no","toilets":"yes","elev_ft":1594}},{"type":"Feature","geometry":{"type":"Point","coordinates":[-92.641646,45.92377]},"properties":{"kind":"campsite","src":"osm","osm":"way/1396718240","name":"Norway Point Landing Campsites","operator":"National Park Service","website":"https://www.nps.gov/sacn/planyourvisit/middlestcroix.htm","drinking_water":"no","toilets":"yes","reservation":"no","elev_ft":889}},{"type":"Feature","geometry":{"type":"Point","coordinates":[-92.677449,45.905067]},"properties":{"kind":"campsite","src":"osm","osm":"way/1408460774","name":"Nelsons Landing","fee":"no","access":"yes","operator":"National Park Service","toilets":"yes","elev_ft":896}},{"type":"Feature","geometry":{"type":"Point","coordinates":[-89.291309,46.026063]},"properties":{"kind":"campsite","src":"osm","osm":"way/1410452057","name":"Buckatabon Creek Campground","fee":"yes","website":"https://www.vilascountywi.gov/departments/services/parks_and_recreation/campgrounds/buckatabon_creek.php","drinking_water":"no","elev_ft":1640}},{"type":"Feature","geometry":{"type":"Point","coordinates":[-89.952348,45.923239]},"properties":{"kind":"campsite","src":"osm","osm":"way/1411907545","name":"Broken Bow Campground","fee":"yes","access":"customers","drinking_water":"yes","elev_ft":1598}},{"type":"Feature","geometry":{"type":"Point","coordinates":[-92.726879,45.866754]},"properties":{"kind":"campsite","src":"osm","osm":"way/1413599216","name":"Brandt Pines Backpack Campsite","fee":"no","access":"permit","operator":"Governor Knowles State Forest","website":"https://dnr.wisconsin.gov/topic/StateForests/govknowles/recreation/camping","drinking_water":"no","toilets":"no","reservation":"required","elev_ft":938}},{"type":"Feature","geometry":{"type":"Point","coordinates":[-92.712249,45.890895]},"properties":{"kind":"campsite","src":"osm","osm":"way/1414543863","operator":"National Park Service","reservation":"no","elev_ft":873}},{"type":"Feature","geometry":{"type":"Point","coordinates":[-88.57027,43.977405]},"properties":{"kind":"rv_park","src":"osm","osm":"way/1416430849","name":"Audrey's Park","elev_ft":827}},{"type":"Feature","geometry":{"type":"Point","coordinates":[-88.584615,43.966347]},"properties":{"kind":"rv_park","src":"osm","osm":"way/1416454913","elev_ft":843}},{"type":"Feature","geometry":{"type":"Point","coordinates":[-87.461401,44.630883]},"properties":{"kind":"rv_park","src":"osm","osm":"way/1416888736","elev_ft":600}},{"type":"Feature","geometry":{"type":"Point","coordinates":[-89.876019,44.270823]},"properties":{"kind":"rv_park","src":"osm","osm":"way/1418615825","elev_ft":955}},{"type":"Feature","geometry":{"type":"Point","coordinates":[-87.953305,42.498797]},"properties":{"kind":"campsite","src":"osm","osm":"way/1424114179","name":"Vendor Campground","access":"permit","elev_ft":751}},{"type":"Feature","geometry":{"type":"Point","coordinates":[-87.995474,43.796676]},"properties":{"kind":"campsite","src":"osm","osm":"way/1448537169","elev_ft":1010}},{"type":"Feature","geometry":{"type":"Point","coordinates":[-88.543277,43.210831]},"properties":{"kind":"campsite","src":"osm","osm":"way/1456924390","name":"Harnischefeger Park","fee":"yes","operator":"Dodge County","website":"https://www.co.dodge.wi.gov/government/departments-e-m/land-resources-and-parks/parks-and-trails/harnischfeger-park","capacity":"9","elev_ft":850}},{"type":"Feature","geometry":{"type":"Point","coordinates":[-89.33105,43.691956]},"properties":{"kind":"campsite","src":"osm","osm":"way/1488986807","name":"Wilderness Campground","website":"https://www.wildernesscampground.com/","elev_ft":833}},{"type":"Feature","geometry":{"type":"Point","coordinates":[-90.888376,46.945741]},"properties":{"kind":"campsite","src":"osm","osm":"way/1509603838","name":"Little Sand Bay Campground","operator":"Town of Russell","website":"https://townofrussellwi.gov/little-sand-bay-recreation-area/","elev_ft":614}},{"type":"Feature","geometry":{"type":"Point","coordinates":[-88.008723,43.025543]},"properties":{"kind":"rv_park","src":"osm","osm":"relation/2449826","name":"Wisconsin State Fair Park RV Park","elev_ft":712}},{"type":"Feature","geometry":{"type":"Point","coordinates":[-88.694846,45.13005]},"properties":{"kind":"campsite","src":"osm","osm":"relation/7079904","name":"Gardner Dam Scout Camp","access":"private","operator":"Boy Scouts of America","website":"https://www.baylakesbsa.org/camping/gardner-dam-scout-camp/52141","elev_ft":1211}},{"type":"Feature","geometry":{"type":"Point","coordinates":[-88.141031,42.542777]},"properties":{"kind":"campsite","src":"osm","osm":"relation/7353996","elev_ft":827}},{"type":"Feature","geometry":{"type":"Point","coordinates":[-92.640836,45.126462]},"properties":{"kind":"campsite","src":"osm","osm":"relation/7595231","name":"River's Edge Apple River Tubing & Camping","elev_ft":843}},{"type":"Feature","geometry":{"type":"Point","coordinates":[-89.177091,43.468818]},"properties":{"kind":"campsite","src":"osm","osm":"relation/8341987","name":"Silver Springs Campsites","website":"https://silverspringscamp.com/","elev_ft":892}},{"type":"Feature","geometry":{"type":"Point","coordinates":[-90.074563,43.162305]},"properties":{"kind":"campsite","src":"osm","osm":"relation/8430803","elev_ft":715}},{"type":"Feature","geometry":{"type":"Point","coordinates":[-89.579799,44.926428]},"properties":{"kind":"campsite","src":"osm","osm":"relation/8731124","name":"Camp Del O'Claire","operator":"Girl Scouts of the Northwestern Lakes","elev_ft":1198}},{"type":"Feature","geometry":{"type":"Point","coordinates":[-89.584288,44.926042]},"properties":{"kind":"campsite","src":"osm","osm":"relation/8731125","name":"Camp Sturtevant","operator":"Woodson YMCA","elev_ft":1184}},{"type":"Feature","geometry":{"type":"Point","coordinates":[-89.566529,44.925459]},"properties":{"kind":"campsite","src":"osm","osm":"relation/8731194","name":"Phillips Scout Camp","operator":"Boy Scouts of America Samoset Council","elev_ft":1211}},{"type":"Feature","geometry":{"type":"Point","coordinates":[-91.365639,44.998856]},"properties":{"kind":"campsite","src":"osm","osm":"relation/8753799","name":"O'Neil Creek Campground","elev_ft":961}},{"type":"Feature","geometry":{"type":"Point","coordinates":[-88.505279,44.826166]},"properties":{"kind":"campsite","src":"osm","osm":"relation/9038210","name":"Camp Tekakwitha","website":"https://www.camptekakwitha.org/","elev_ft":840}},{"type":"Feature","geometry":{"type":"Point","coordinates":[-87.971587,43.80971]},"properties":{"kind":"campsite","src":"osm","osm":"relation/9084171","name":"Camp Anokijig","elev_ft":928}},{"type":"Feature","geometry":{"type":"Point","coordinates":[-87.977303,43.801033]},"properties":{"kind":"campsite","src":"osm","osm":"relation/9084193","elev_ft":1010}},{"type":"Feature","geometry":{"type":"Point","coordinates":[-90.141733,44.516314]},"properties":{"kind":"campsite","src":"osm","osm":"relation/9154928","operator":"Wood County","elev_ft":1102}},{"type":"Feature","geometry":{"type":"Point","coordinates":[-89.508915,45.652045]},"properties":{"kind":"campsite","src":"osm","osm":"relation/9470200","name":"Camp Birchrock","website":"http://campfireoneida.org/","elev_ft":1660}},{"type":"Feature","geometry":{"type":"Point","coordinates":[-92.229899,46.008726]},"properties":{"kind":"campsite","src":"osm","osm":"relation/9512182","name":"Luther Park Camping and Retreat Center","elev_ft":984}},{"type":"Feature","geometry":{"type":"Point","coordinates":[-91.663161,45.346552]},"properties":{"kind":"campsite","src":"osm","osm":"relation/9512233","name":"Luther Park Bible Camp","elev_ft":1070}},{"type":"Feature","geometry":{"type":"Point","coordinates":[-92.418837,45.928842]},"properties":{"kind":"campsite","src":"osm","osm":"relation/9517462","elev_ft":951}},{"type":"Feature","geometry":{"type":"Point","coordinates":[-92.358727,45.908689]},"properties":{"kind":"campsite","src":"osm","osm":"relation/9517498","name":"Herzl Camp","elev_ft":1017}},{"type":"Feature","geometry":{"type":"Point","coordinates":[-92.383545,45.973613]},"properties":{"kind":"campsite","src":"osm","osm":"relation/9518154","elev_ft":965}},{"type":"Feature","geometry":{"type":"Point","coordinates":[-89.35148,44.775585]},"properties":{"kind":"campsite","src":"osm","osm":"relation/9627634","name":"Crossways Lutheran Camping Ministries","elev_ft":1220}},{"type":"Feature","geometry":{"type":"Point","coordinates":[-89.801703,43.681141]},"properties":{"kind":"campsite","src":"osm","osm":"relation/9762568","name":"Holiday Shores Campground & Resort","fee":"yes","elev_ft":876}},{"type":"Feature","geometry":{"type":"Point","coordinates":[-92.533106,44.572249]},"properties":{"kind":"campsite","src":"osm","osm":"relation/9947699","name":"Island Camping","elev_ft":669}},{"type":"Feature","geometry":{"type":"Point","coordinates":[-92.653263,45.111946]},"properties":{"kind":"campsite","src":"osm","osm":"relation/9965233","elev_ft":823}},{"type":"Feature","geometry":{"type":"Point","coordinates":[-92.677669,45.131398]},"properties":{"kind":"campsite","src":"osm","osm":"relation/9980116","elev_ft":889}},{"type":"Feature","geometry":{"type":"Point","coordinates":[-92.683404,45.132116]},"properties":{"kind":"campsite","src":"osm","osm":"relation/9980117","elev_ft":810}},{"type":"Feature","geometry":{"type":"Point","coordinates":[-92.67028,45.124087]},"properties":{"kind":"campsite","src":"osm","osm":"relation/9982747","elev_ft":863}},{"type":"Feature","geometry":{"type":"Point","coordinates":[-91.434819,44.918101]},"properties":{"kind":"campsite","src":"osm","osm":"relation/10097744","elev_ft":883}},{"type":"Feature","geometry":{"type":"Point","coordinates":[-91.284099,44.957716]},"properties":{"kind":"campsite","src":"osm","osm":"relation/10104207","name":"Wisconsin Farmers Union Kamp Kenwood","operator":"Wisconsin Farmers Union","website":"http://kampkenwood.com/","elev_ft":879}},{"type":"Feature","geometry":{"type":"Point","coordinates":[-88.396507,45.180474]},"properties":{"kind":"campsite","src":"osm","osm":"relation/10111220","name":"Bear Paw Scout Camp","elev_ft":958}},{"type":"Feature","geometry":{"type":"Point","coordinates":[-91.192202,45.937953]},"properties":{"kind":"campsite","src":"osm","osm":"relation/10117538","name":"Lake Chippewa Campground","fee":"yes","access":"customers","website":"https://www.lakechip.com","elev_ft":1352}},{"type":"Feature","geometry":{"type":"Point","coordinates":[-91.999502,46.016656]},"properties":{"kind":"campsite","src":"osm","osm":"relation/10142909","name":"Heartwood Conference Center and Retreat","elev_ft":988}},{"type":"Feature","geometry":{"type":"Point","coordinates":[-90.218906,45.359699]},"properties":{"kind":"campsite","src":"osm","osm":"relation/10153085","name":"Forest Springs Camp & Conference Center","website":"https://forestsprings.us","elev_ft":1752}},{"type":"Feature","geometry":{"type":"Point","coordinates":[-91.886107,45.936187]},"properties":{"kind":"campsite","src":"osm","osm":"relation/10162375","name":"Bay Park Resort & Campground","fee":"yes","website":"https://www.bayparkresort.com/","elev_ft":1093}},{"type":"Feature","geometry":{"type":"Point","coordinates":[-91.597652,45.589779]},"properties":{"kind":"campsite","src":"osm","osm":"relation/10180733","elev_ft":1184}},{"type":"Feature","geometry":{"type":"Point","coordinates":[-92.746949,45.239551]},"properties":{"kind":"campsite","src":"osm","osm":"relation/10323430","name":"Beaver Valley Camp","website":"https://beavervalleycamp.org/","elev_ft":971}},{"type":"Feature","geometry":{"type":"Point","coordinates":[-89.8278,43.686986]},"properties":{"kind":"campsite","src":"osm","osm":"relation/10401542","elev_ft":843}},{"type":"Feature","geometry":{"type":"Point","coordinates":[-89.813557,43.703981]},"properties":{"kind":"campsite","src":"osm","osm":"relation/10401543","elev_ft":899}},{"type":"Feature","geometry":{"type":"Point","coordinates":[-88.898908,45.121503]},"properties":{"kind":"campsite","src":"osm","osm":"relation/10409841","name":"Camp Black Hawk","operator":"Girl Scouts of Wisconsin - Badgerland Council","elev_ft":1329}},{"type":"Feature","geometry":{"type":"Point","coordinates":[-89.17848,44.295636]},"properties":{"kind":"campsite","src":"osm","osm":"relation/10441721","name":"Camp Young Judea Midwest","website":"https://www.cyjmid.org/","elev_ft":915}},{"type":"Feature","geometry":{"type":"Point","coordinates":[-89.314802,44.488667]},"properties":{"kind":"campsite","src":"osm","osm":"relation/10442051","name":"YMCA Camp Glacier Hollow","website":"https://www.glacierhollow.com/","elev_ft":1102}},{"type":"Feature","geometry":{"type":"Point","coordinates":[-90.647936,45.812883]},"properties":{"kind":"campsite","src":"osm","osm":"relation/10478351","name":"Boyd's Mason Lake Resort","elev_ft":1473}},{"type":"Feature","geometry":{"type":"Point","coordinates":[-88.552335,42.794611]},"properties":{"kind":"campsite","src":"osm","osm":"relation/10481013","name":"Camp Juniper Knoll","operator":"Girl Scouts of Greater Chicago and Northwest Indiana","elev_ft":951}},{"type":"Feature","geometry":{"type":"Point","coordinates":[-88.55765,42.777709]},"properties":{"kind":"campsite","src":"osm","osm":"relation/10481015","name":"Lutherdale Ministries","fee":"yes","access":"customers","elev_ft":932}},{"type":"Feature","geometry":{"type":"Point","coordinates":[-88.543725,42.782123]},"properties":{"kind":"campsite","src":"osm","osm":"relation/10481016","name":"Camp Pottawatomie Hills","operator":"Girl Scouts of Wisconsin Southeast","elev_ft":942}},{"type":"Feature","geometry":{"type":"Point","coordinates":[-88.641637,42.587925]},"properties":{"kind":"campsite","src":"osm","osm":"relation/10484035","name":"House in the Wood","operator":"Northwestern Settlement","elev_ft":945}},{"type":"Feature","geometry":{"type":"Point","coordinates":[-88.424468,42.805892]},"properties":{"kind":"campsite","src":"osm","osm":"relation/10484437","name":"Camp Alice Chester","elev_ft":863}},{"type":"Feature","geometry":{"type":"Point","coordinates":[-88.3782,42.816793]},"properties":{"kind":"campsite","src":"osm","osm":"relation/10484529","name":"Edwards YMCA Camp and Retreat Center","elev_ft":840}},{"type":"Feature","geometry":{"type":"Point","coordinates":[-88.400401,42.815768]},"properties":{"kind":"campsite","src":"osm","osm":"relation/10484558","name":"Camp Charles Allis","elev_ft":827}},{"type":"Feature","geometry":{"type":"Point","coordinates":[-88.505277,43.073449]},"properties":{"kind":"campsite","src":"osm","osm":"relation/10541852","name":"Indian Mound Scout Reservation","operator":"Three Harbors Council, Boy Scouts of America","elev_ft":863}},{"type":"Feature","geometry":{"type":"Point","coordinates":[-88.542546,43.140809]},"properties":{"kind":"campsite","src":"osm","osm":"relation/10542071","name":"URJ Olin-Sang-Ruby Union Institute","access":"private","website":"https://osrui.org/","elev_ft":889}},{"type":"Feature","geometry":{"type":"Point","coordinates":[-88.323843,43.175802]},"properties":{"kind":"campsite","src":"osm","osm":"relation/10552523","name":"Camp Whitcomb/Mason","operator":"Boys & Girls Clubs of Greater Milwaukee","elev_ft":974}},{"type":"Feature","geometry":{"type":"Point","coordinates":[-89.208313,44.051489]},"properties":{"kind":"campsite","src":"osm","osm":"relation/10563534","name":"Camp Lakotah","website":"https://www.camplakotah.com/","elev_ft":912}},{"type":"Feature","geometry":{"type":"Point","coordinates":[-89.520133,45.592829]},"properties":{"kind":"campsite","src":"osm","osm":"relation/10571810","name":"Crescent Lake Bible Camp","website":"http://crescentlake.camp/","elev_ft":1598}},{"type":"Feature","geometry":{"type":"Point","coordinates":[-88.92138,43.067177]},"properties":{"kind":"campsite","src":"osm","osm":"relation/10660075","name":"Woodland Beach Resort","elev_ft":850}},{"type":"Feature","geometry":{"type":"Point","coordinates":[-89.848575,43.745618]},"properties":{"kind":"campsite","src":"osm","osm":"relation/10664784","name":"Crockett's Resort","operator":"Ho Chunk Nation","elev_ft":938}},{"type":"Feature","geometry":{"type":"Point","coordinates":[-88.980073,42.795033]},"properties":{"kind":"campsite","src":"osm","osm":"relation/10722336","elev_ft":860}},{"type":"Feature","geometry":{"type":"Point","coordinates":[-88.993223,42.830946]},"properties":{"kind":"campsite","src":"osm","osm":"relation/10725887","elev_ft":801}},{"type":"Feature","geometry":{"type":"Point","coordinates":[-89.001688,42.82886]},"properties":{"kind":"campsite","src":"osm","osm":"relation/10725888","elev_ft":801}},{"type":"Feature","geometry":{"type":"Point","coordinates":[-88.989565,42.997139]},"properties":{"kind":"campsite","src":"osm","osm":"relation/10736980","name":"Hoard and Curtis Scout Camp","elev_ft":843}},{"type":"Feature","geometry":{"type":"Point","coordinates":[-89.000574,43.001843]},"properties":{"kind":"campsite","src":"osm","osm":"relation/10736982","elev_ft":863}},{"type":"Feature","geometry":{"type":"Point","coordinates":[-89.823641,44.338103]},"properties":{"kind":"campsite","src":"osm","osm":"relation/10831070","name":"YMCA Camp Alexander","operator":"South Wood County YMCA","elev_ft":1001}},{"type":"Feature","geometry":{"type":"Point","coordinates":[-89.336634,43.814596]},"properties":{"kind":"campsite","src":"osm","osm":"relation/10856293","name":"Sky Lodge Christian Camp","website":"https://www.skylodge.org/","elev_ft":827}},{"type":"Feature","geometry":{"type":"Point","coordinates":[-89.360868,43.800325]},"properties":{"kind":"campsite","src":"osm","osm":"relation/10856298","elev_ft":886}},{"type":"Feature","geometry":{"type":"Point","coordinates":[-89.378956,44.086556]},"properties":{"kind":"campsite","src":"osm","osm":"relation/10865766","name":"Camp Phillip","elev_ft":1014}},{"type":"Feature","geometry":{"type":"Point","coordinates":[-89.115458,45.793157]},"properties":{"kind":"campsite","src":"osm","osm":"relation/10894977","elev_ft":1647}},{"type":"Feature","geometry":{"type":"Point","coordinates":[-89.167166,45.822165]},"properties":{"kind":"campsite","src":"osm","osm":"relation/10899783","name":"Camp Luther","elev_ft":1716}},{"type":"Feature","geometry":{"type":"Point","coordinates":[-91.144148,45.251352]},"properties":{"kind":"campsite","src":"osm","osm":"relation/10952523","name":"White Birch Campground","fee":"yes","access":"private","operator":"Xcel Energy","elev_ft":1056}},{"type":"Feature","geometry":{"type":"Point","coordinates":[-91.111973,45.283363]},"properties":{"kind":"campsite","src":"osm","osm":"relation/10952720","elev_ft":1070}},{"type":"Feature","geometry":{"type":"Point","coordinates":[-91.678578,46.481612]},"properties":{"kind":"campsite","src":"osm","osm":"relation/10989983","name":"YMCA Camp at Lake Nebagamon","operator":"Superior Douglas County Family YMCA","elev_ft":1135}},{"type":"Feature","geometry":{"type":"Point","coordinates":[-91.710617,46.51233]},"properties":{"kind":"campsite","src":"osm","osm":"relation/10992766","name":"Camp Nebagamon","elev_ft":1152}},{"type":"Feature","geometry":{"type":"Point","coordinates":[-91.744688,46.480192]},"properties":{"kind":"campsite","src":"osm","osm":"relation/10994072","elev_ft":1152}},{"type":"Feature","geometry":{"type":"Point","coordinates":[-91.751755,46.475342]},"properties":{"kind":"campsite","src":"osm","osm":"relation/10994087","name":"Minnesuing Acres","fee":"yes","website":"https://www.minnesuingacres.com/","desc":"Private retreat center","elev_ft":1102}},{"type":"Feature","geometry":{"type":"Point","coordinates":[-91.827621,46.683995]},"properties":{"kind":"campsite","src":"osm","osm":"relation/10995747","name":"Camp Amnicon","website":"https://amnicon.org/","elev_ft":682}},{"type":"Feature","geometry":{"type":"Point","coordinates":[-92.070134,45.574626]},"properties":{"kind":"campsite","src":"osm","osm":"relation/11007556","elev_ft":1257}},{"type":"Feature","geometry":{"type":"Point","coordinates":[-91.832182,45.622985]},"properties":{"kind":"campsite","src":"osm","osm":"relation/11030401","name":"L.E. Phillips Scout Reservation","operator":"Chippewa Valley Council of Boy Scouts of America","website":"https://campphillips.org/","elev_ft":1234}},{"type":"Feature","geometry":{"type":"Point","coordinates":[-91.684252,45.711624]},"properties":{"kind":"campsite","src":"osm","osm":"relation/11030455","name":"Tomahawk Scout Reservation","access":"private","operator":"Northern Star Scouting","website":"https://www.camptomahawk.org/","elev_ft":1286}},{"type":"Feature","geometry":{"type":"Point","coordinates":[-92.45389,45.374621]},"properties":{"kind":"campsite","src":"osm","osm":"relation/11048923","name":"Ox Lake Bible Camp","operator":"Lake Wapogasset Lutheran Bible Camp","elev_ft":1109}},{"type":"Feature","geometry":{"type":"Point","coordinates":[-92.415835,45.319675]},"properties":{"kind":"campsite","src":"osm","osm":"relation/11048977","name":"Wapo Bible Camp","operator":"Lake Wapogasset Bible Camp","elev_ft":1047}},{"type":"Feature","geometry":{"type":"Point","coordinates":[-92.380927,45.549344]},"properties":{"kind":"campsite","src":"osm","osm":"relation/11082342","elev_ft":1168}},{"type":"Feature","geometry":{"type":"Point","coordinates":[-92.382585,45.550022]},"properties":{"kind":"campsite","src":"osm","osm":"relation/11082344","elev_ft":1155}},{"type":"Feature","geometry":{"type":"Point","coordinates":[-90.686246,44.45475]},"properties":{"kind":"campsite","src":"osm","osm":"relation/11107111","name":"Riviera Resort & Campgrounds","access":"yes","website":"https://rivieraresortandcampground.com/","elev_ft":896}},{"type":"Feature","geometry":{"type":"Point","coordinates":[-89.650685,45.891751]},"properties":{"kind":"rv_park","src":"osm","osm":"relation/11168665","name":"Madeline Lake Resort","elev_ft":1624}},{"type":"Feature","geometry":{"type":"Point","coordinates":[-89.655056,45.915387]},"properties":{"kind":"campsite","src":"osm","osm":"relation/11175276","elev_ft":1624}},{"type":"Feature","geometry":{"type":"Point","coordinates":[-90.057532,46.167284]},"properties":{"kind":"rv_park","src":"osm","osm":"relation/11176542","name":"Loon Lagoon Campground and R.V. Park","fee":"yes","access":"customers","elev_ft":1591}},{"type":"Feature","geometry":{"type":"Point","coordinates":[-91.141572,43.026929]},"properties":{"kind":"campsite","src":"osm","osm":"relation/11248362","name":"Big River Campground","elev_ft":640}},{"type":"Feature","geometry":{"type":"Point","coordinates":[-91.02663,42.989183]},"properties":{"kind":"campsite","src":"osm","osm":"relation/11256105","name":"Wisconsin Badger Camp","website":"https://www.badgercamp.org/","elev_ft":1037}},{"type":"Feature","geometry":{"type":"Point","coordinates":[-88.045531,43.518758]},"properties":{"kind":"campsite","src":"osm","osm":"relation/11300345","name":"Camp Awana","elev_ft":823}},{"type":"Feature","geometry":{"type":"Point","coordinates":[-88.111028,43.459383]},"properties":{"kind":"campsite","src":"osm","osm":"relation/11341380","name":"Lazy Days Campground","elev_ft":879}},{"type":"Feature","geometry":{"type":"Point","coordinates":[-89.518717,43.391846]},"properties":{"kind":"campsite","src":"osm","osm":"relation/11341752","name":"Lake Wisconsin Campground","fee":"yes","website":"https://lakewisconsincampground.com/","drinking_water":"yes","elev_ft":801}},{"type":"Feature","geometry":{"type":"Point","coordinates":[-88.189617,43.221152]},"properties":{"kind":"campsite","src":"osm","osm":"relation/11488553","name":"YMCA Camp Minikani","operator":"YMCA of Metropolitian Milwaukee","website":"https://www.minikani.org/","elev_ft":984}},{"type":"Feature","geometry":{"type":"Point","coordinates":[-88.438261,45.115754]},"properties":{"kind":"campsite","src":"osm","osm":"relation/11491679","name":"Camp U-Nah-Li-Ya","access":"customers","elev_ft":892}},{"type":"Feature","geometry":{"type":"Point","coordinates":[-89.267265,45.643855]},"properties":{"kind":"campsite","src":"osm","osm":"relation/11506153","name":"Camp Deerhorn","elev_ft":1608}},{"type":"Feature","geometry":{"type":"Point","coordinates":[-91.445322,45.288478]},"properties":{"kind":"campsite","src":"osm","osm":"relation/11533026","name":"Arrowhead Bible Camp","website":"https://www.abcamp.org/","elev_ft":1089}},{"type":"Feature","geometry":{"type":"Point","coordinates":[-91.403131,45.245154]},"properties":{"kind":"campsite","src":"osm","osm":"relation/11533212","name":"Camp Manitou","fee":"yes","operator":"YMCA of the Chippewa Valley","website":"https://www.ycampmanitou.org/","elev_ft":1125}},{"type":"Feature","geometry":{"type":"Point","coordinates":[-89.150733,45.909804]},"properties":{"kind":"rv_park","src":"osm","osm":"relation/11593727","name":"Chain O\u2019 Lakes Resort & Campground","operator":"KOA","elev_ft":1654}},{"type":"Feature","geometry":{"type":"Point","coordinates":[-91.2354,46.090873]},"properties":{"kind":"campsite","src":"osm","osm":"relation/11599577","name":"North Star Camp","fee":"yes","website":"https://northstarcamp.com/","elev_ft":1417}},{"type":"Feature","geometry":{"type":"Point","coordinates":[-89.727278,45.544228]},"properties":{"kind":"campsite","src":"osm","osm":"relation/11646427","elev_ft":1496}},{"type":"Feature","geometry":{"type":"Point","coordinates":[-89.692516,45.56173]},"properties":{"kind":"campsite","src":"osm","osm":"relation/11648083","elev_ft":1499}},{"type":"Feature","geometry":{"type":"Point","coordinates":[-89.688469,45.537525]},"properties":{"kind":"campsite","src":"osm","osm":"relation/11649220","elev_ft":1516}},{"type":"Feature","geometry":{"type":"Point","coordinates":[-91.227717,45.297021]},"properties":{"kind":"campsite","src":"osm","osm":"relation/11660753","elev_ft":1066}},{"type":"Feature","geometry":{"type":"Point","coordinates":[-91.240109,45.300383]},"properties":{"kind":"campsite","src":"osm","osm":"relation/11660755","elev_ft":1056}},{"type":"Feature","geometry":{"type":"Point","coordinates":[-89.519934,45.925621]},"properties":{"kind":"campsite","src":"osm","osm":"relation/11695479","name":"Lynn Anne's Campground","fee":"yes","elev_ft":1611}},{"type":"Feature","geometry":{"type":"Point","coordinates":[-89.428015,45.919322]},"properties":{"kind":"campsite","src":"osm","osm":"relation/11696745","name":"Moon Beach","operator":"United Church Camps","elev_ft":1647}},{"type":"Feature","geometry":{"type":"Point","coordinates":[-89.215134,46.011185]},"properties":{"kind":"campsite","src":"osm","osm":"relation/11739243","elev_ft":1706}},{"type":"Feature","geometry":{"type":"Point","coordinates":[-91.264045,46.496967]},"properties":{"kind":"campsite","src":"osm","osm":"relation/11851617","name":"Camp Northwoods","operator":"Girl Scouts of Minnesota and Wisconsin River Valleys","elev_ft":1138}},{"type":"Feature","geometry":{"type":"Point","coordinates":[-91.824298,45.909526]},"properties":{"kind":"rv_park","src":"osm","osm":"relation/11924905","name":"Trego Town Park","fee":"yes","website":"http://www.washburncounty.org/service/392#","drinking_water":"yes","toilets":"yes","elev_ft":1033}},{"type":"Feature","geometry":{"type":"Point","coordinates":[-89.27671,45.664504]},"properties":{"kind":"campsite","src":"osm","osm":"relation/11948952","name":"Camp Horsehoe","website":"https://www.camphorseshoe.com/","elev_ft":1601}},{"type":"Feature","geometry":{"type":"Point","coordinates":[-89.642662,45.842011]},"properties":{"kind":"campsite","src":"osm","osm":"relation/11959441","name":"Indian Shores Camping and Cottage Resort","access":"customers","website":"https://www.indian-shores.com/","elev_ft":1657}},{"type":"Feature","geometry":{"type":"Point","coordinates":[-89.09497,45.437765]},"properties":{"kind":"campsite","src":"osm","osm":"relation/11975814","elev_ft":1516}},{"type":"Feature","geometry":{"type":"Point","coordinates":[-92.760839,45.095262]},"properties":{"kind":"campsite","src":"osm","osm":"relation/12201883","name":"Fred C. Andersen Scout Camp","elev_ft":712}},{"type":"Feature","geometry":{"type":"Point","coordinates":[-89.808845,43.580779]},"properties":{"kind":"campsite","src":"osm","osm":"relation/12322385","name":"Camp Delton Club","elev_ft":991}},{"type":"Feature","geometry":{"type":"Point","coordinates":[-89.800071,43.57666]},"properties":{"kind":"rv_park","src":"osm","osm":"relation/12332012","name":"Yogi Bear's Jellystone Park","website":"https://dellsjellystone.com/","elev_ft":981}},{"type":"Feature","geometry":{"type":"Point","coordinates":[-92.202305,44.453284]},"properties":{"kind":"campsite","src":"osm","osm":"relation/12426764","name":"Camp Pepin","operator":"Red Wing Family YMCA","elev_ft":679}},{"type":"Feature","geometry":{"type":"Point","coordinates":[-91.301497,46.475187]},"properties":{"kind":"campsite","src":"osm","osm":"relation/12659573","name":"Delta Lake Campground","fee":"yes","operator":"Bayfield County","elev_ft":1060}},{"type":"Feature","geometry":{"type":"Point","coordinates":[-91.358402,46.507808]},"properties":{"kind":"campsite","src":"osm","osm":"relation/12659576","name":"Twin Lakes Campground","fee":"yes","operator":"Bayfield County","elev_ft":1145}},{"type":"Feature","geometry":{"type":"Point","coordinates":[-91.31866,46.472272]},"properties":{"kind":"campsite","src":"osm","osm":"relation/12659579","elev_ft":1076}},{"type":"Feature","geometry":{"type":"Point","coordinates":[-91.129268,46.798652]},"properties":{"kind":"campsite","src":"osm","osm":"relation/12661502","name":"Siskiwit Lake Campground","fee":"yes","access":"yes","operator":"Town of Bell","elev_ft":1076}},{"type":"Feature","geometry":{"type":"Point","coordinates":[-90.827197,46.931039]},"properties":{"kind":"campsite","src":"osm","osm":"relation/13552194","name":"Raspberry Tribal Campground","access":"permit","operator":"Red Cliff Band of Lake Superior Chippewa","elev_ft":604}},{"type":"Feature","geometry":{"type":"Point","coordinates":[-89.858037,46.031178]},"properties":{"kind":"campsite","src":"osm","osm":"relation/13592936","name":"YMCA Family Camp Nawakwa","fee":"yes","access":"private","operator":"YMCA of Metro Chicago","website":"https://www.ymcachicago.org/nawakwa/","elev_ft":1624}},{"type":"Feature","geometry":{"type":"Point","coordinates":[-91.8249,45.906604]},"properties":{"kind":"rv_park","src":"osm","osm":"relation/13632003","name":"Log Cabin Resort","fee":"yes","website":"https://www.logcabin-resort.com/","elev_ft":1043}},{"type":"Feature","geometry":{"type":"Point","coordinates":[-91.920824,46.153991]},"properties":{"kind":"campsite","src":"osm","osm":"relation/13671383","name":"Swift Nature Camp","fee":"yes","access":"private","website":"https://swiftnaturecamp.com/","elev_ft":1004}},{"type":"Feature","geometry":{"type":"Point","coordinates":[-88.972337,45.369155]},"properties":{"kind":"campsite","src":"osm","osm":"relation/13899901","name":"Ma-Ka-Ja-Wan Scout Reservation","access":"private","operator":"Northeast Illinois Council, BSA","website":"https://makajawan.com/","desc":"For Scout groups and invited guests only.  Please go to www.Makajawan.com or www.neic.org to learn more.","elev_ft":1627}},{"type":"Feature","geometry":{"type":"Point","coordinates":[-89.913137,45.969986]},"properties":{"kind":"campsite","src":"osm","osm":"relation/14033249","name":"Lac du Flambeau Tribal Campground","fee":"yes","operator":"Lac du Flambeau Band of Lake Superior Chippewa Indians","drinking_water":"yes","toilets":"yes","reservation":"yes","elev_ft":1591}},{"type":"Feature","geometry":{"type":"Point","coordinates":[-90.880976,46.942007]},"properties":{"kind":"campsite","src":"osm","osm":"relation/14226426","name":"Wilderness Inquiry Little Sand Bay Base Camp","fee":"yes","access":"private","elev_ft":699}},{"type":"Feature","geometry":{"type":"Point","coordinates":[-90.874821,46.959127]},"properties":{"kind":"campsite","src":"osm","osm":"relation/14237222","name":"Point Detour \u201cWilderness\u201d Campground","fee":"yes","operator":"Legendary Waters Casino","website":"http://legendarywaters.com/campground-marina/","capacity":"25","toilets":"yes","reservation":"no","elev_ft":623}},{"type":"Feature","geometry":{"type":"Point","coordinates":[-88.517272,44.251305]},"properties":{"kind":"campsite","src":"osm","osm":"relation/14260050","name":"Camp Flying Fox","fee":"yes","operator":"Appleton International Airport","website":"https://www.platinumflightcenter.com/camping-at-atw/","desc":"Campground open during EAA Airventure.","elev_ft":866}},{"type":"Feature","geometry":{"type":"Point","coordinates":[-89.13011,45.930626]},"properties":{"kind":"campsite","src":"osm","osm":"relation/16519433","name":"Camp Balsams","fee":"yes","access":"private","operator":"Middleton Community United Church of Christ","elev_ft":1667}},{"type":"Feature","geometry":{"type":"Point","coordinates":[-90.673642,46.796556]},"properties":{"kind":"campsite","src":"osm","osm":"relation/16650858","name":"Big Bay State Park Campground","fee":"yes","access":"yes","operator":"Wisconsin Department of Natural Resources","drinking_water":"yes","toilets":"yes","reservation":"required","elev_ft":659}},{"type":"Feature","geometry":{"type":"Point","coordinates":[-90.935385,46.98017]},"properties":{"kind":"campsite","src":"osm","osm":"relation/17918377","name":"Sand Island East Dock Campsites","fee":"yes","access":"yes","operator":"National Park Service","toilets":"yes","elev_ft":627}},{"type":"Feature","geometry":{"type":"Point","coordinates":[-87.996084,43.793013]},"properties":{"kind":"campsite","src":"osm","osm":"relation/17976892","name":"Camping Zone 4 West","elev_ft":1020}},{"type":"Feature","geometry":{"type":"Point","coordinates":[-90.880094,46.676613]},"properties":{"kind":"campsite","src":"osm","osm":"relation/18075259","name":"Memorial Park Campground","fee":"yes","operator":"City of Washburn","website":"https://www.cityofwashburnwi.gov/parks-campgrounds/page/memorial-park-campground","drinking_water":"yes","toilets":"yes","reservation":"no","elev_ft":630}},{"type":"Feature","geometry":{"type":"Point","coordinates":[-88.378191,42.811898]},"properties":{"kind":"campsite","src":"osm","osm":"relation/19186722","name":"Army Lake Camp","operator":"Salvation Army","elev_ft":804}},{"type":"Feature","geometry":{"type":"Point","coordinates":[-90.836685,46.804578]},"properties":{"kind":"campsite","src":"osm","osm":"relation/19260433","name":"Apostle Islands Area Campground","website":"https://www.aiacamping.com/","capacity":"63","drinking_water":"yes","toilets":"yes","reservation":"required","elev_ft":830}},{"type":"Feature","geometry":{"type":"Point","coordinates":[-92.685652,45.014655]},"properties":{"kind":"campsite","src":"osm","osm":"relation/20254349","name":"Willow River State Park Campground","elev_ft":909}},{"type":"Feature","geometry":{"type":"Point","coordinates":[-89.596136,43.041944]},"properties":{"kind":"trailhead","src":"osm","osm":"node/53323072","name":"Ice Age Trail","elev_ft":1030}},{"type":"Feature","geometry":{"type":"Point","coordinates":[-90.117344,43.025706]},"properties":{"kind":"trailhead","src":"osm","osm":"node/229048982","name":"Meadow Valley Trailhead","elev_ft":1188}},{"type":"Feature","geometry":{"type":"Point","coordinates":[-89.9544,46.090814]},"properties":{"kind":"trailhead","src":"osm","osm":"node/231169649","name":"Powell","elev_ft":1631}},{"type":"Feature","geometry":{"type":"Point","coordinates":[-89.651446,45.868773]},"properties":{"kind":"trailhead","src":"osm","osm":"node/231712943","name":"Raven Trail System","elev_ft":1631}},{"type":"Feature","geometry":{"type":"Point","coordinates":[-91.171582,46.150359]},"properties":{"kind":"trailhead","src":"osm","osm":"node/232559020","name":"Trail Lake Trailhead","elev_ft":1499}},{"type":"Feature","geometry":{"type":"Point","coordinates":[-89.437574,45.973833]},"properties":{"kind":"trailhead","src":"osm","osm":"node/232573681","name":"Shannon Lake","elev_ft":1677}},{"type":"Feature","geometry":{"type":"Point","coordinates":[-91.525927,44.042257]},"properties":{"kind":"trailhead","src":"osm","osm":"node/232583822","name":"Kieps Island Trailhead","elev_ft":653}},{"type":"Feature","geometry":{"type":"Point","coordinates":[-89.647765,46.072692]},"properties":{"kind":"trailhead","src":"osm","osm":"node/232640991","name":"North Trout Lake","fee":"no","elev_ft":1654}},{"type":"Feature","geometry":{"type":"Point","coordinates":[-89.573085,46.084455]},"properties":{"kind":"trailhead","src":"osm","osm":"node/232754060","name":"Lumberjack East","elev_ft":1709}},{"type":"Feature","geometry":{"type":"Point","coordinates":[-89.477803,46.032767]},"properties":{"kind":"trailhead","src":"osm","osm":"node/233007609","name":"Star Lake","fee":"no","access":"yes","elev_ft":1729}},{"type":"Feature","geometry":{"type":"Point","coordinates":[-88.321679,43.308663]},"properties":{"kind":"trailhead","src":"osm","osm":"node/257503875","elev_ft":1047}},{"type":"Feature","geometry":{"type":"Point","coordinates":[-88.321462,43.307068]},"properties":{"kind":"trailhead","src":"osm","osm":"node/262528670","elev_ft":1053}},{"type":"Feature","geometry":{"type":"Point","coordinates":[-89.734882,43.427105]},"properties":{"kind":"trailhead","src":"osm","osm":"node/417777642","name":"Tumbled Rocks Trail","elev_ft":974}},{"type":"Feature","geometry":{"type":"Point","coordinates":[-89.734933,43.427708]},"properties":{"kind":"trailhead","src":"osm","osm":"node/417777783","name":"West Bluff Trail","elev_ft":974}},{"type":"Feature","geometry":{"type":"Point","coordinates":[-89.740812,43.413378]},"properties":{"kind":"trailhead","src":"osm","osm":"node/417777797","name":"West Bluff Trail","elev_ft":1004}},{"type":"Feature","geometry":{"type":"Point","coordinates":[-89.726542,43.428483]},"properties":{"kind":"trailhead","src":"osm","osm":"node/441029046","name":"East Bluff Trail","elev_ft":1050}},{"type":"Feature","geometry":{"type":"Point","coordinates":[-89.349027,43.030806]},"properties":{"kind":"trailhead","src":"osm","osm":"node/558608582","name":"Lewis Nine Springs E-Way","elev_ft":860}},{"type":"Feature","geometry":{"type":"Point","coordinates":[-90.724219,44.466484]},"properties":{"kind":"trailhead","src":"osm","osm":"node/773078078","name":"Warmup / The Rock / Snodgrass / Select Cut / Parking / Restrooms","elev_ft":1020}},{"type":"Feature","geometry":{"type":"Point","coordinates":[-90.766854,46.77853]},"properties":{"kind":"trailhead","src":"osm","osm":"node/1786695714","name":"Casper Trailhead","elev_ft":627}},{"type":"Feature","geometry":{"type":"Point","coordinates":[-91.597234,44.068336]},"properties":{"kind":"trailhead","src":"osm","osm":"node/1910228272","name":"RIver Bottoms Trailhead","elev_ft":656}},{"type":"Feature","geometry":{"type":"Point","coordinates":[-91.159162,46.29652]},"properties":{"kind":"trailhead","src":"osm","osm":"node/2302705020","name":"Porcupine Creek Trailhead","operator":"USFS","elev_ft":1329}},{"type":"Feature","geometry":{"type":"Point","coordinates":[-91.190171,43.872267]},"properties":{"kind":"trailhead","src":"osm","osm":"node/2485493699","name":"La Crosse River Conservancy","elev_ft":689}},{"type":"Feature","geometry":{"type":"Point","coordinates":[-91.199331,43.895024]},"properties":{"kind":"trailhead","src":"osm","osm":"node/2513505040","name":"Greens Coulee Park Trailhead","elev_ft":781}},{"type":"Feature","geometry":{"type":"Point","coordinates":[-89.736816,45.472873]},"properties":{"kind":"trailhead","src":"osm","osm":"node/2572417707","name":"Hiawatha Trail","elev_ft":1450}},{"type":"Feature","geometry":{"type":"Point","coordinates":[-88.432796,42.586843]},"properties":{"kind":"trailhead","src":"osm","osm":"node/3051280065","name":"Geneva Lake Shore Path","elev_ft":912}},{"type":"Feature","geometry":{"type":"Point","coordinates":[-89.674667,43.395639]},"properties":{"kind":"trailhead","src":"osm","osm":"node/3401127806","elev_ft":814}},{"type":"Feature","geometry":{"type":"Point","coordinates":[-88.768819,44.627075]},"properties":{"kind":"trailhead","src":"osm","osm":"node/3424992190","elev_ft":827}},{"type":"Feature","geometry":{"type":"Point","coordinates":[-88.535246,42.578639]},"properties":{"kind":"trailhead","src":"osm","osm":"node/3584628566","name":"Geneva Lake Shore Path","elev_ft":879}},{"type":"Feature","geometry":{"type":"Point","coordinates":[-91.344673,46.057707]},"properties":{"kind":"trailhead","src":"osm","osm":"node/3588161962","name":"Gravel Pit Trailhead","elev_ft":1371}},{"type":"Feature","geometry":{"type":"Point","coordinates":[-89.77502,43.648801]},"properties":{"kind":"trailhead","src":"osm","osm":"node/3664005099","name":"Chapel Gorge Trail","elev_ft":945}},{"type":"Feature","geometry":{"type":"Point","coordinates":[-87.172625,44.930384]},"properties":{"kind":"trailhead","src":"osm","osm":"node/3719558924","name":"Cave Point County Park trailhead","elev_ft":600}},{"type":"Feature","geometry":{"type":"Point","coordinates":[-91.237179,46.189059]},"properties":{"kind":"trailhead","src":"osm","osm":"node/3747937822","name":"Esker Trailhead","elev_ft":1391}},{"type":"Feature","geometry":{"type":"Point","coordinates":[-91.236471,46.171253]},"properties":{"kind":"trailhead","src":"osm","osm":"node/3747938356","name":"Esker Trailhead","elev_ft":1391}},{"type":"Feature","geometry":{"type":"Point","coordinates":[-91.195287,43.89764]},"properties":{"kind":"trailhead","src":"osm","osm":"node/4194051850","elev_ft":883}},{"type":"Feature","geometry":{"type":"Point","coordinates":[-91.187493,43.894924]},"properties":{"kind":"trailhead","src":"osm","osm":"node/4194051851","elev_ft":886}},{"type":"Feature","geometry":{"type":"Point","coordinates":[-91.163779,43.873956]},"properties":{"kind":"trailhead","src":"osm","osm":"node/4194147918","elev_ft":699}},{"type":"Feature","geometry":{"type":"Point","coordinates":[-91.187304,43.873479]},"properties":{"kind":"trailhead","src":"osm","osm":"node/4194147958","name":"La Crosse River Conservancy","elev_ft":682}},{"type":"Feature","geometry":{"type":"Point","coordinates":[-91.179739,43.873935]},"properties":{"kind":"trailhead","src":"osm","osm":"node/4194147973","elev_ft":692}},{"type":"Feature","geometry":{"type":"Point","coordinates":[-91.204474,43.892331]},"properties":{"kind":"trailhead","src":"osm","osm":"node/4251090197","elev_ft":741}},{"type":"Feature","geometry":{"type":"Point","coordinates":[-90.675624,43.564356]},"properties":{"kind":"trailhead","src":"osm","osm":"node/4309694289","elev_ft":794}},{"type":"Feature","geometry":{"type":"Point","coordinates":[-90.694074,43.573187]},"properties":{"kind":"trailhead","src":"osm","osm":"node/4309694333","name":"north trailhead","elev_ft":1188}},{"type":"Feature","geometry":{"type":"Point","coordinates":[-88.472327,42.72459]},"properties":{"kind":"trailhead","src":"osm","osm":"node/4348069510","elev_ft":879}},{"type":"Feature","geometry":{"type":"Point","coordinates":[-89.818449,43.13822]},"properties":{"kind":"trailhead","src":"osm","osm":"node/4484592833","elev_ft":945}},{"type":"Feature","geometry":{"type":"Point","coordinates":[-88.544289,42.870539]},"properties":{"kind":"trailhead","src":"osm","osm":"node/4734525997","name":"Emma Carlin Trails","access":"yes","elev_ft":876}},{"type":"Feature","geometry":{"type":"Point","coordinates":[-90.817132,46.812454]},"properties":{"kind":"trailhead","src":"osm","osm":"node/5003670285","name":"Gil Larsen Trailhead","elev_ft":712}},{"type":"Feature","geometry":{"type":"Point","coordinates":[-88.461575,42.940778]},"properties":{"kind":"trailhead","src":"osm","osm":"node/5065288897","name":"Scuppernong Trails","access":"yes","operator":"Wisconsin DNR","elev_ft":968}},{"type":"Feature","geometry":{"type":"Point","coordinates":[-91.296822,46.109085]},"properties":{"kind":"trailhead","src":"osm","osm":"node/5111073939","name":"OO Trailhead","elev_ft":1526}},{"type":"Feature","geometry":{"type":"Point","coordinates":[-87.402132,44.850256]},"properties":{"kind":"trailhead","src":"osm","osm":"node/5362735352","name":"South Trailhead @ Potawatomi State Park","elev_ft":623}},{"type":"Feature","geometry":{"type":"Point","coordinates":[-89.677816,43.386031]},"properties":{"kind":"trailhead","src":"osm","osm":"node/5530200962","name":"Lookout Trail","elev_ft":807}},{"type":"Feature","geometry":{"type":"Point","coordinates":[-89.351927,43.216688]},"properties":{"kind":"trailhead","src":"osm","osm":"node/5608448517","elev_ft":902}},{"type":"Feature","geometry":{"type":"Point","coordinates":[-87.838096,42.785408]},"properties":{"kind":"trailhead","src":"osm","osm":"node/5692049178","name":"Trailhead","elev_ft":653}},{"type":"Feature","geometry":{"type":"Point","coordinates":[-89.769825,43.155206]},"properties":{"kind":"trailhead","src":"osm","osm":"node/6316311824","name":"Wisconsin Heights Trailhead","elev_ft":807}},{"type":"Feature","geometry":{"type":"Point","coordinates":[-89.351241,43.032928]},"properties":{"kind":"trailhead","src":"osm","osm":"node/6515162184","name":"MMSD","elev_ft":860}},{"type":"Feature","geometry":{"type":"Point","coordinates":[-89.345615,43.027493]},"properties":{"kind":"trailhead","src":"osm","osm":"node/6533308885","name":"Lower Yahara River Trail","operator":"Dane County Parks","elev_ft":879}},{"type":"Feature","geometry":{"type":"Point","coordinates":[-89.582594,43.039442]},"properties":{"kind":"trailhead","src":"osm","osm":"node/6594177153","name":"Ice Age Trail","elev_ft":1191}},{"type":"Feature","geometry":{"type":"Point","coordinates":[-90.020337,44.04256]},"properties":{"kind":"trailhead","src":"osm","osm":"node/6725132794","name":"Petenwell Bluff Trailhead","elev_ft":928}},{"type":"Feature","geometry":{"type":"Point","coordinates":[-89.78898,43.173847]},"properties":{"kind":"trailhead","src":"osm","osm":"node/6781231975","name":"Two Bridges Trailhead","elev_ft":778}},{"type":"Feature","geometry":{"type":"Point","coordinates":[-88.551094,43.683813]},"properties":{"kind":"trailhead","src":"osm","osm":"node/6818399167","name":"Wild Goose State Trail Oakfield Trailhead","elev_ft":899}},{"type":"Feature","geometry":{"type":"Point","coordinates":[-91.40403,46.049753]},"properties":{"kind":"trailhead","src":"osm","osm":"node/6872529988","name":"Mosquito Brook Trailhead","elev_ft":1286}},{"type":"Feature","geometry":{"type":"Point","coordinates":[-91.116053,46.140324]},"properties":{"kind":"trailhead","src":"osm","osm":"node/6874807992","name":"Wilson Lake Trailhead","elev_ft":1437}},{"type":"Feature","geometry":{"type":"Point","coordinates":[-87.998195,43.407108]},"properties":{"kind":"trailhead","src":"osm","osm":"node/6932218489","name":"Cedarburg Bog Trail Head","elev_ft":889}},{"type":"Feature","geometry":{"type":"Point","coordinates":[-88.025013,43.367504]},"properties":{"kind":"trailhead","src":"osm","osm":"node/6943947732","elev_ft":892}},{"type":"Feature","geometry":{"type":"Point","coordinates":[-89.246769,45.879321]},"properties":{"kind":"trailhead","src":"osm","osm":"node/7320462868","name":"Section 9 Road Trailhead","elev_ft":1657}},{"type":"Feature","geometry":{"type":"Point","coordinates":[-89.684668,43.12168]},"properties":{"kind":"trailhead","src":"osm","osm":"node/7561364401","elev_ft":1033}},{"type":"Feature","geometry":{"type":"Point","coordinates":[-89.682774,43.120616]},"properties":{"kind":"trailhead","src":"osm","osm":"node/7561364406","elev_ft":968}},{"type":"Feature","geometry":{"type":"Point","coordinates":[-89.682687,43.120718]},"properties":{"kind":"trailhead","src":"osm","osm":"node/7561364407","elev_ft":922}},{"type":"Feature","geometry":{"type":"Point","coordinates":[-89.685487,43.120568]},"properties":{"kind":"trailhead","src":"osm","osm":"node/7561364498","elev_ft":994}},{"type":"Feature","geometry":{"type":"Point","coordinates":[-89.684312,43.121809]},"properties":{"kind":"trailhead","src":"osm","osm":"node/7561364517","elev_ft":1033}},{"type":"Feature","geometry":{"type":"Point","coordinates":[-90.723712,44.477038]},"properties":{"kind":"trailhead","src":"osm","osm":"node/7612827225","name":"Levis and Trow Mounds","elev_ft":1033}},{"type":"Feature","geometry":{"type":"Point","coordinates":[-89.198086,43.076129]},"properties":{"kind":"trailhead","src":"osm","osm":"node/7771601061","elev_ft":892}},{"type":"Feature","geometry":{"type":"Point","coordinates":[-90.922765,46.352381]},"properties":{"kind":"trailhead","src":"osm","osm":"node/8668895035","name":"Saint Peters Dome Trailhead","elev_ft":1171}},{"type":"Feature","geometry":{"type":"Point","coordinates":[-90.788675,46.907876]},"properties":{"kind":"trailhead","src":"osm","osm":"node/8732286804","elev_ft":712}},{"type":"Feature","geometry":{"type":"Point","coordinates":[-91.432114,46.021253]},"properties":{"kind":"trailhead","src":"osm","osm":"node/8792615282","name":"Hatchery Creek Trailhead","elev_ft":1243}},{"type":"Feature","geometry":{"type":"Point","coordinates":[-88.600321,42.821555]},"properties":{"kind":"trailhead","src":"osm","osm":"node/9074868740","name":"Nordic Trails","access":"yes","elev_ft":971}},{"type":"Feature","geometry":{"type":"Point","coordinates":[-91.794317,45.813704]},"properties":{"kind":"trailhead","src":"osm","osm":"node/9170417090","name":"Wildcat Trailhead","elev_ft":1129}},{"type":"Feature","geometry":{"type":"Point","coordinates":[-88.607957,43.472817]},"properties":{"kind":"trailhead","src":"osm","osm":"node/9239390395","name":"Storybook Trail","elev_ft":873}},{"type":"Feature","geometry":{"type":"Point","coordinates":[-89.642842,43.38601]},"properties":{"kind":"trailhead","src":"osm","osm":"node/9252273711","name":"Ice Age Trail trailhead","elev_ft":899}},{"type":"Feature","geometry":{"type":"Point","coordinates":[-90.810597,44.526035]},"properties":{"kind":"trailhead","src":"osm","osm":"node/9294122323","name":"Wildcat Mound Trailhead","elev_ft":1086}},{"type":"Feature","geometry":{"type":"Point","coordinates":[-90.329474,45.885832]},"properties":{"kind":"trailhead","src":"osm","osm":"node/9652326149","name":"Wintergreen Recreation Area","elev_ft":1555}},{"type":"Feature","geometry":{"type":"Point","coordinates":[-90.580829,44.244166]},"properties":{"kind":"trailhead","src":"osm","osm":"node/9841539796","elev_ft":1129}},{"type":"Feature","geometry":{"type":"Point","coordinates":[-90.981381,46.357312]},"properties":{"kind":"trailhead","src":"osm","osm":"node/9845530122","name":"Lincoln Community Forest Trailhead","elev_ft":1102}},{"type":"Feature","geometry":{"type":"Point","coordinates":[-88.28159,42.690737]},"properties":{"kind":"trailhead","src":"osm","osm":"node/9871469248","name":"Wehmhoff Woodland Preserve","access":"yes","elev_ft":794}},{"type":"Feature","geometry":{"type":"Point","coordinates":[-88.28142,42.697041]},"properties":{"kind":"trailhead","src":"osm","osm":"node/9877583156","name":"Wehmhoff Woodland Preserve","access":"yes","elev_ft":781}},{"type":"Feature","geometry":{"type":"Point","coordinates":[-89.445647,45.960656]},"properties":{"kind":"trailhead","src":"osm","osm":"node/9916111293","elev_ft":1650}},{"type":"Feature","geometry":{"type":"Point","coordinates":[-91.554555,44.070926]},"properties":{"kind":"trailhead","src":"osm","osm":"node/10019859835","name":"Marshland Access Trailhead","elev_ft":656}},{"type":"Feature","geometry":{"type":"Point","coordinates":[-91.538049,44.055988]},"properties":{"kind":"trailhead","src":"osm","osm":"node/10019860010","name":"Prairie View Trailhead","elev_ft":663}},{"type":"Feature","geometry":{"type":"Point","coordinates":[-91.524174,44.044388]},"properties":{"kind":"trailhead","src":"osm","osm":"node/10022958022","name":"Lower Diversion Dike Trailhead","elev_ft":653}},{"type":"Feature","geometry":{"type":"Point","coordinates":[-91.535964,44.044864]},"properties":{"kind":"trailhead","src":"osm","osm":"node/10022958135","name":"Pine Creek Dike Trailhead","elev_ft":653}},{"type":"Feature","geometry":{"type":"Point","coordinates":[-88.041281,43.128651]},"properties":{"kind":"trailhead","src":"osm","osm":"node/10215515034","name":"Forked Aster Hiking Trail","elev_ft":725}},{"type":"Feature","geometry":{"type":"Point","coordinates":[-90.875503,46.577515]},"properties":{"kind":"trailhead","src":"osm","osm":"node/10228608626","name":"Northland College Nordic Ski Trail System","elev_ft":702}},{"type":"Feature","geometry":{"type":"Point","coordinates":[-90.907151,46.802489]},"properties":{"kind":"trailhead","src":"osm","osm":"node/10315804394","name":"Jerry Jay Jolly Trailhead","fee":"no","access":"yes","elev_ft":909}},{"type":"Feature","geometry":{"type":"Point","coordinates":[-90.91357,46.771135]},"properties":{"kind":"trailhead","src":"osm","osm":"node/10660403524","name":"Yurt Access Trailhead","elev_ft":1001}},{"type":"Feature","geometry":{"type":"Point","coordinates":[-89.740707,43.413365]},"properties":{"kind":"trailhead","src":"osm","osm":"node/10678868620","name":"Tumbled Rocks Trail","elev_ft":1004}},{"type":"Feature","geometry":{"type":"Point","coordinates":[-89.710937,43.41099]},"properties":{"kind":"trailhead","src":"osm","osm":"node/10679402513","name":"CCC Trail","elev_ft":1076}},{"type":"Feature","geometry":{"type":"Point","coordinates":[-90.783631,46.783361]},"properties":{"kind":"trailhead","src":"osm","osm":"node/10694242709","name":"Casper Trailhead","elev_ft":676}},{"type":"Feature","geometry":{"type":"Point","coordinates":[-90.613692,46.871595]},"properties":{"kind":"trailhead","src":"osm","osm":"node/10694243032","name":"Sowl Trailhead","elev_ft":732}},{"type":"Feature","geometry":{"type":"Point","coordinates":[-90.600617,46.84934]},"properties":{"kind":"trailhead","src":"osm","osm":"node/10695502293","name":"Schoolhouse Trailhead","elev_ft":659}},{"type":"Feature","geometry":{"type":"Point","coordinates":[-91.923718,44.924114]},"properties":{"kind":"trailhead","src":"osm","osm":"node/10737708291","name":"Prayer Trail","elev_ft":928}},{"type":"Feature","geometry":{"type":"Point","coordinates":[-91.288945,46.180349]},"properties":{"kind":"trailhead","src":"osm","osm":"node/10906718185","name":"North End Trailhead","elev_ft":1522}},{"type":"Feature","geometry":{"type":"Point","coordinates":[-90.8607,46.883824]},"properties":{"kind":"trailhead","src":"osm","osm":"node/10956438429","name":"Raspberry River Backcountry Trail Quarry Parking Trailhead","operator":"Bayfield County","elev_ft":1129}},{"type":"Feature","geometry":{"type":"Point","coordinates":[-88.323019,43.307655]},"properties":{"kind":"trailhead","src":"osm","osm":"node/10977426598","elev_ft":1014}},{"type":"Feature","geometry":{"type":"Point","coordinates":[-88.321975,43.307233]},"properties":{"kind":"trailhead","src":"osm","osm":"node/10977427015","elev_ft":1014}},{"type":"Feature","geometry":{"type":"Point","coordinates":[-91.100733,46.165997]},"properties":{"kind":"trailhead","src":"osm","osm":"node/11055725266","name":"Patsy Lake Trailhead","elev_ft":1526}},{"type":"Feature","geometry":{"type":"Point","coordinates":[-92.526466,44.90978]},"properties":{"kind":"trailhead","src":"osm","osm":"node/11064174410","elev_ft":948}},{"type":"Feature","geometry":{"type":"Point","coordinates":[-90.903664,46.767392]},"properties":{"kind":"trailhead","src":"osm","osm":"node/11086085447","name":"Whiting Road Trailhead","elev_ft":965}},{"type":"Feature","geometry":{"type":"Point","coordinates":[-91.385243,46.365241]},"properties":{"kind":"trailhead","src":"osm","osm":"node/11141952381","elev_ft":1293}},{"type":"Feature","geometry":{"type":"Point","coordinates":[-90.89081,46.779695]},"properties":{"kind":"trailhead","src":"osm","osm":"node/11208528166","name":"Ski Hil Road Trailhead","elev_ft":984}},{"type":"Feature","geometry":{"type":"Point","coordinates":[-88.040469,43.40911]},"properties":{"kind":"trailhead","src":"osm","osm":"node/11285205661","elev_ft":869}},{"type":"Feature","geometry":{"type":"Point","coordinates":[-88.02502,43.411137]},"properties":{"kind":"trailhead","src":"osm","osm":"node/11285205664","elev_ft":899}},{"type":"Feature","geometry":{"type":"Point","coordinates":[-88.518501,42.858908]},"properties":{"kind":"trailhead","src":"osm","osm":"node/11511371509","name":"McMiller Ski Trail System","access":"yes","elev_ft":955}},{"type":"Feature","geometry":{"type":"Point","coordinates":[-90.830119,46.831613]},"properties":{"kind":"trailhead","src":"osm","osm":"node/11538214925","name":"North Ravine Trailhead","elev_ft":1132}},{"type":"Feature","geometry":{"type":"Point","coordinates":[-88.603477,42.820046]},"properties":{"kind":"trailhead","src":"osm","osm":"node/11577070033","name":"John Muir Trails","access":"yes","elev_ft":961}},{"type":"Feature","geometry":{"type":"Point","coordinates":[-91.010444,46.306023]},"properties":{"kind":"trailhead","src":"osm","osm":"node/11644725086","name":"Swedish Settlement Trailhead","access":"yes","elev_ft":1332}},{"type":"Feature","geometry":{"type":"Point","coordinates":[-91.257321,46.19323]},"properties":{"kind":"trailhead","src":"osm","osm":"node/11976430593","name":"Birkie Start Trailhead","elev_ft":1368}},{"type":"Feature","geometry":{"type":"Point","coordinates":[-91.167241,46.298248]},"properties":{"kind":"trailhead","src":"osm","osm":"node/12277204197","name":"18 Mile Creek Trailhead","operator":"USFS","elev_ft":1394}},{"type":"Feature","geometry":{"type":"Point","coordinates":[-91.083517,46.133948]},"properties":{"kind":"trailhead","src":"osm","osm":"node/12277294424","name":"Lynch Creek Wildlife Viewing Area","website":"https://www.fs.usda.gov/Internet/FSE_DOCUMENTS/stelprdb5343931.pdf","desc":"This 100-acre site begins with a short trail that leads to a viewing platform overlooking Lynch Creek impoundment. Another trail to the south leads to a grass/forb/shrub peninsula on Lynch Creek.","elev_ft":1434}},{"type":"Feature","geometry":{"type":"Point","coordinates":[-89.86601,46.17812]},"properties":{"kind":"trailhead","src":"osm","osm":"node/12331994281","elev_ft":1677}},{"type":"Feature","geometry":{"type":"Point","coordinates":[-89.25263,45.861518]},"properties":{"kind":"trailhead","src":"osm","osm":"node/12398820642","name":"Sundstein Road Trailhead","elev_ft":1660}},{"type":"Feature","geometry":{"type":"Point","coordinates":[-89.662293,45.901339]},"properties":{"kind":"trailhead","src":"osm","osm":"node/12400404632","name":"Madeline Lake Trailhead","elev_ft":1647}},{"type":"Feature","geometry":{"type":"Point","coordinates":[-89.589474,46.056006]},"properties":{"kind":"trailhead","src":"osm","osm":"node/12459240989","name":"Escabana System","elev_ft":1709}},{"type":"Feature","geometry":{"type":"Point","coordinates":[-89.630614,45.88331]},"properties":{"kind":"trailhead","src":"osm","osm":"node/12479423816","elev_ft":1644}},{"type":"Feature","geometry":{"type":"Point","coordinates":[-91.404695,46.049996]},"properties":{"kind":"trailhead","src":"osm","osm":"node/12554137200","name":"Mosquito Brook","elev_ft":1286}},{"type":"Feature","geometry":{"type":"Point","coordinates":[-88.692721,42.778921]},"properties":{"kind":"trailhead","src":"osm","osm":"node/12750706799","elev_ft":879}},{"type":"Feature","geometry":{"type":"Point","coordinates":[-88.652649,42.804707]},"properties":{"kind":"trailhead","src":"osm","osm":"node/12750706800","elev_ft":942}},{"type":"Feature","geometry":{"type":"Point","coordinates":[-90.335077,45.865497]},"properties":{"kind":"trailhead","src":"osm","osm":"node/12926145825","elev_ft":1499}},{"type":"Feature","geometry":{"type":"Point","coordinates":[-89.583461,45.764533]},"properties":{"kind":"trailhead","src":"osm","osm":"node/13114948957","name":"McNaughton","elev_ft":1604}},{"type":"Feature","geometry":{"type":"Point","coordinates":[-89.621843,46.102284]},"properties":{"kind":"trailhead","src":"osm","osm":"node/13114978116","name":"Lumberjack West","elev_ft":1686}},{"type":"Feature","geometry":{"type":"Point","coordinates":[-91.485045,46.033453]},"properties":{"kind":"trailhead","src":"osm","osm":"node/13246044645","elev_ft":1243}},{"type":"Feature","geometry":{"type":"Point","coordinates":[-90.821371,46.816773]},"properties":{"kind":"trailhead","src":"osm","osm":"node/13280485101","name":"West Rim Trailhead","elev_ft":906}},{"type":"Feature","geometry":{"type":"Point","coordinates":[-90.829562,46.819046]},"properties":{"kind":"trailhead","src":"osm","osm":"node/13280485555","name":"Hilltop Trailhead","elev_ft":1112}},{"type":"Feature","geometry":{"type":"Point","coordinates":[-92.74315,45.289369]},"properties":{"kind":"trailhead","src":"osm","osm":"node/13283707179","name":"Standing Cedars - Buffalo Skull Loop","elev_ft":827}},{"type":"Feature","geometry":{"type":"Point","coordinates":[-89.064864,42.671473]},"properties":{"kind":"trailhead","src":"osm","osm":"node/13360743710","name":"North Trailhead","elev_ft":837}},{"type":"Feature","geometry":{"type":"Point","coordinates":[-90.674969,43.563988]},"properties":{"kind":"trailhead","src":"osm","osm":"node/13569924843","name":"east  trailhead","elev_ft":794}},{"type":"Feature","geometry":{"type":"Point","coordinates":[-88.124519,42.634169]},"properties":{"kind":"trailhead","src":"osm","osm":"way/31449388","elev_ft":827}},{"type":"Feature","geometry":{"type":"Point","coordinates":[-89.674713,43.395623]},"properties":{"kind":"trailhead","src":"osm","osm":"way/332994718","elev_ft":814}},{"type":"Feature","geometry":{"type":"Point","coordinates":[-88.471011,42.724694]},"properties":{"kind":"trailhead","src":"osm","osm":"way/436973190","elev_ft":860}},{"type":"Feature","geometry":{"type":"Point","coordinates":[-88.343466,43.093213]},"properties":{"kind":"trailhead","src":"osm","osm":"way/484388086","name":"Maple Wayside trailhead","elev_ft":915}},{"type":"Feature","geometry":{"type":"Point","coordinates":[-87.902755,43.206272]},"properties":{"kind":"trailhead","src":"osm","osm":"way/867120227","fee":"no","access":"yes","capacity":"3","elev_ft":702}},{"type":"Feature","geometry":{"type":"Point","coordinates":[-88.124313,42.634344]},"properties":{"kind":"trailhead","src":"osm","osm":"way/898545929","name":"Trailhead B","elev_ft":827}},{"type":"Feature","geometry":{"type":"Point","coordinates":[-92.734444,44.937244]},"properties":{"kind":"campsite","src":"overture:meta","name":"YMCA Camp St. Croix","website":"https://www.ymcanorth.org/camps/camp_st_croix","addr":"532 County Road F, Hudson","elev_ft":856}},{"type":"Feature","geometry":{"type":"Point","coordinates":[-89.883232,43.702202]},"properties":{"kind":"campsite","src":"overture:meta","name":"Buck's Crossing RV Sales & Resort","website":"http://www.buckscrossing.com/","addr":"150 East St, Lyndon Station","elev_ft":915}},{"type":"Feature","geometry":{"type":"Point","coordinates":[-88.552979,44.828808]},"properties":{"kind":"campsite","src":"overture:meta","name":"Fawn Lake Campground","website":"http://www.fawnlakecampground.com/","addr":"W6158 Lake Dr, Shawano","elev_ft":827}},{"type":"Feature","geometry":{"type":"Point","coordinates":[-91.651314,45.366199]},"properties":{"kind":"campsite","src":"overture:meta","name":"Back of the Moon Campground","website":"http://www.backofthemooncampground.com/","addr":"1107 24 3/4 St, Chetek","elev_ft":1063}},{"type":"Feature","geometry":{"type":"Point","coordinates":[-88.389679,45.378132]},"properties":{"kind":"campsite","src":"overture:meta","name":"McCaslin Mountain Campground","website":"https://www.mccaslinmountain.com/","addr":"W15720 CR-F, Athelstane","elev_ft":1240}},{"type":"Feature","geometry":{"type":"Point","coordinates":[-89.328629,43.499634]},"properties":{"kind":"campsite","src":"overture:meta","name":"Duck Creek Campground","website":"http://www.duckcreekcampground.com/","addr":"W6560 CR-G, Pardeeville","elev_ft":814}},{"type":"Feature","geometry":{"type":"Point","coordinates":[-88.98819,42.828857]},"properties":{"kind":"campsite","src":"overture:meta","name":"Lakeland Campground","website":"https://thousandtrails.com/wisconsin/lakeland-rv-campground/?utm_source=yext&utm_medium=directory&utm_campaign=Yext+Directory+Listing","addr":"2803 E State Road 59, Milton","elev_ft":804}},{"type":"Feature","geometry":{"type":"Point","coordinates":[-90.521622,44.149738]},"properties":{"kind":"rv_park","src":"overture:meta","name":"McMullen Memorial County Park","website":"https://www.campspot.com/book/mcmullen-memorial-county","addr":"1704 Atlantic Rd, Warrens","elev_ft":1050}},{"type":"Feature","geometry":{"type":"Point","coordinates":[-89.100128,44.289524]},"properties":{"kind":"campsite","src":"overture:meta","name":"Spencer Lake Christian Center","website":"http://www.spencer-lake.org/","addr":"N1385 CR-E, Waupaca","elev_ft":853}},{"type":"Feature","geometry":{"type":"Point","coordinates":[-88.483025,44.884895]},"properties":{"kind":"campsite","src":"overture:meta","name":"Northern Grace Youth Camp","website":"http://www.ngyc.org/","addr":"14390 County Road VV, Gillett","elev_ft":873}},{"type":"Feature","geometry":{"type":"Point","coordinates":[-87.861763,43.756664]},"properties":{"kind":"campsite","src":"overture:meta","name":"YMCA Camp Y Koda","website":"http://sheboygancountyymca.org/camp-y-koda/","addr":"W3340 Sunset Rd, Sheboygan Falls","elev_ft":725}},{"type":"Feature","geometry":{"type":"Point","coordinates":[-88.603645,42.904186]},"properties":{"kind":"campsite","src":"overture:meta","name":"Circle K Campground","website":"http://www.Circlekcamp.net/","addr":"W1316 Island Rd, Palmyra","elev_ft":797}},{"type":"Feature","geometry":{"type":"Point","coordinates":[-89.042633,44.741718]},"properties":{"kind":"campsite","src":"overture:meta","name":"Tigerton OHV Park & Campground","website":"http://www.tigertonwi.com/","addr":"1100 Quad Park Ln, Tigerton","elev_ft":1050}},{"type":"Feature","geometry":{"type":"Point","coordinates":[-90.271606,43.211662]},"properties":{"kind":"campsite","src":"overture:meta","name":"Fireside Campground","website":"http://FiresideCampground.com/","addr":"33533 Jay Ln, Lone Rock","elev_ft":709}},{"type":"Feature","geometry":{"type":"Point","coordinates":[-89.807098,43.584152]},"properties":{"kind":"rv_park","src":"overture:meta","name":"Camp Delton Club","website":"http://Campdelton.com/","addr":"E10305 Xanadu Rd, Wisconsin Dells","elev_ft":974}},{"type":"Feature","geometry":{"type":"Point","coordinates":[-89.874191,44.268055]},"properties":{"kind":"campsite","src":"overture:meta","name":"Lakeside Fire Campground","website":"http://www.lakesidefirecampground.com/","addr":"14014 CR-Z, Nekoosa","elev_ft":945}},{"type":"Feature","geometry":{"type":"Point","coordinates":[-90.957497,42.702648]},"properties":{"kind":"campsite","src":"overture:meta","name":"Sandy Bottoms-Up Campground","website":"https://sandybottomsup.godaddysites.com","addr":"10895 Jack Oak Rd, Cassville","elev_ft":630}},{"type":"Feature","geometry":{"type":"Point","coordinates":[-89.806175,43.683369]},"properties":{"kind":"campsite","src":"overture:Foursquare","name":"Holiday Shores Campground","website":"http://www.holiday-shores.com","addr":"3901 River Rd, Wisconsin Dells","elev_ft":1004}},{"type":"Feature","geometry":{"type":"Point","coordinates":[-89.795952,43.684574]},"properties":{"kind":"campsite","src":"overture:meta","name":"Holiday Shores Campground & Resort","website":"http://www.holiday-shores.com/","addr":"3901 River Rd, Wisconsin Dells","elev_ft":925}},{"type":"Feature","geometry":{"type":"Point","coordinates":[-91.433495,45.330864]},"properties":{"kind":"campsite","src":"overture:meta","name":"T.J's Timberline Resort & Campground","website":"http://tjstimberline.com/","addr":"N1189 N Potato Lake Rd, Chetek","elev_ft":1083}},{"type":"Feature","geometry":{"type":"Point","coordinates":[-88.983078,45.697071]},"properties":{"kind":"campsite","src":"overture:meta","name":"Hiles-Pine Lake Campground","website":"http://hiles-pinelakecampground.com/","addr":"8896 W Pine Lake Rd, Hiles","elev_ft":1663}},{"type":"Feature","geometry":{"type":"Point","coordinates":[-90.214027,44.857323]},"properties":{"kind":"campsite","src":"overture:meta","name":"SpringLake Campground LLC","addr":"218949 CR-F, Unity","elev_ft":1296}},{"type":"Feature","geometry":{"type":"Point","coordinates":[-88.35006,42.844635]},"properties":{"kind":"campsite","src":"overture:meta","name":"Phantom Lake YMCA Camp","website":"http://www.phantomlakeymca.org/","addr":"S110W30240 YMCA Camp Rd, Mukwonago","elev_ft":840}},{"type":"Feature","geometry":{"type":"Point","coordinates":[-91.408485,44.986713]},"properties":{"kind":"campsite","src":"overture:meta","name":"Duncan Creek Campground","addr":"12930 100th Ave, Chippewa Falls","elev_ft":912}},{"type":"Feature","geometry":{"type":"Point","coordinates":[-87.504707,44.475708]},"properties":{"kind":"campsite","src":"overture:meta","name":"Kewaunee RV & Campground","website":"http://kewauneerv.com/","addr":"333 Terraqua Dr, Kewaunee","elev_ft":666}},{"type":"Feature","geometry":{"type":"Point","coordinates":[-89.293625,43.761898]},"properties":{"kind":"campsite","src":"overture:meta","name":"Sunrise Resort Campground","website":"http://www.sunriseresortcampground.com/","addr":"Fox Ln, Town of Montello","elev_ft":778}},{"type":"Feature","geometry":{"type":"Point","coordinates":[-92.343025,45.348919]},"properties":{"kind":"campsite","src":"overture:meta","name":"Cameron Bridge Campground","website":"https://cameronbridgecampg2.wixsite.com/cameron-bridge-campg","addr":"878 Cameron Bridge Dr, Amery","elev_ft":1102}},{"type":"Feature","geometry":{"type":"Point","coordinates":[-89.226311,43.490288]},"properties":{"kind":"campsite","src":"overture:meta","name":"Willow Mill Campsite","website":"http://www.willowmillcampsite.com/","addr":"N5830 CR-SS, Rio","elev_ft":827}},{"type":"Feature","geometry":{"type":"Point","coordinates":[-89.633743,43.294083]},"properties":{"kind":"rv_park","src":"overture:meta","name":"Crystal Lake Campground and RV Park","website":"http://www.crystallakewicamping.com","addr":"N550 Gannon Rd, Lodi","elev_ft":876}},{"type":"Feature","geometry":{"type":"Point","coordinates":[-88.190277,44.355827]},"properties":{"kind":"campsite","src":"overture:meta","name":"Apple Creek Campground","website":"http://www.applecreekcamping.com","addr":"N3831 County Road U, De Pere","elev_ft":659}},{"type":"Feature","geometry":{"type":"Point","coordinates":[-89.610092,43.652187]},"properties":{"kind":"campsite","src":"overture:meta","name":"Wagon Wheel Campground","website":"http://wagonwheelcampgroundwi.com/","addr":"4106 1st Dr, New Haven","elev_ft":804}},{"type":"Feature","geometry":{"type":"Point","coordinates":[-88.399956,45.187405]},"properties":{"kind":"campsite","src":"overture:meta","name":"Bear Paw Scout Camp","website":"https://baylakescamps.org/","addr":"14000 Bear Paw Camp Ln, Mountain","elev_ft":951}},{"type":"Feature","geometry":{"type":"Point","coordinates":[-88.772278,44.338665]},"properties":{"kind":"campsite","src":"overture:meta","name":"Huckleberry Acres Campground and Huck's Sports Grill","website":"https://www.camphuck.com/","addr":"E9005 Hucklberry Rd, New London","elev_ft":781}},{"type":"Feature","geometry":{"type":"Point","coordinates":[-89.965691,44.024967]},"properties":{"kind":"campsite","src":"overture:meta","name":"Ukarydee Equestrian Camping","website":"http://horsecampukarydee.com/","addr":"2047 Cumberland Ave, Arkdale","elev_ft":906}},{"type":"Feature","geometry":{"type":"Point","coordinates":[-92.763916,45.08989]},"properties":{"kind":"campsite","src":"overture:meta","name":"Andersen Scout Camp","website":"https://camp.northernstar.org/Andersen-Scout-Camp/fbclid/IwY2xjawO24shleHRuA2FlbQIxMQBzcnRjBmFwcF9pZAwzNTA2ODU1MzE3MjgAAR59N7kxadOXiDoZNgg0BMzJdrilnyLRYmuf3yrc_r7jnB62igMMy0EFeC2Kkw_aem_yFI0OaA-WFurIzDRfWFfog?fbclid=IwT01FWAO24tJleHRuA2FlbQIxMABzcnRjBmFwcF9pZAwzNTA2ODU1MzE3MjgAAR5IAqwNc--XbsMzjfwxjya9y90EurFTDUMNslrIYzmHUfj_MGCLc6DibuQJPQ_aem_mO8Xt3tsjrrpjKeugfzvYA","addr":"186 Anderson Scout Camp Trl, Somerset","elev_ft":853}},{"type":"Feature","geometry":{"type":"Point","coordinates":[-91.473618,45.249672]},"properties":{"kind":"campsite","src":"overture:meta","name":"Loon Lake Campground","website":"http://www.loonlake-campground.com","addr":"10279 280th Ave, New Auburn","elev_ft":1096}},{"type":"Feature","geometry":{"type":"Point","coordinates":[-89.526039,45.986343]},"properties":{"kind":"campsite","src":"overture:meta","name":"Plum Pines RV Park & Campground","website":"https://www.plumpines.com/","addr":"8700 CR-N, Plum Lake","elev_ft":1683}},{"type":"Feature","geometry":{"type":"Point","coordinates":[-87.757095,43.780102]},"properties":{"kind":"campsite","src":"overture:meta","name":"Maywood","website":"http://www.GoMaywood.org/","addr":"3615 Mueller Rd, Sheboygan","elev_ft":646}},{"type":"Feature","geometry":{"type":"Point","coordinates":[-89.819511,43.65033]},"properties":{"kind":"campsite","src":"overture:meta","name":"Western Woods Campground","website":"http://CampWesternWoods.com/","addr":"W864 County Road J, Wisconsin Dells","elev_ft":961}},{"type":"Feature","geometry":{"type":"Point","coordinates":[-91.11338,45.529488]},"properties":{"kind":"campsite","src":"overture:meta","name":"Thornapple River Campground","website":"http://www.travelwisconsin.com/cabins-cottages/thornapple-river-campground-201254","addr":"N6599 State Highway 27, Ladysmith","elev_ft":1155}},{"type":"Feature","geometry":{"type":"Point","coordinates":[-91.45829,46.55135]},"properties":{"kind":"campsite","src":"overture:meta","name":"Birchgrove Campground Bar and Grill","addr":"67335 Orlowski Rd, Iron River","elev_ft":1125}},{"type":"Feature","geometry":{"type":"Point","coordinates":[-90.816254,44.310692]},"properties":{"kind":"campsite","src":"overture:meta","name":"Hideaway RV Park and Campground","website":"https://thehideawaycampground.com/","addr":"N6625 Hideaway Rd, Black River Falls","elev_ft":820}},{"type":"Feature","geometry":{"type":"Point","coordinates":[-91.509315,45.308575]},"properties":{"kind":"campsite","src":"overture:meta","name":"Eagle View RV Camp","website":"http://www.eagleviewrvcampllc.com/","addr":"W16270 CR-D, Rusk","elev_ft":1125}},{"type":"Feature","geometry":{"type":"Point","coordinates":[-88.231369,45.023373]},"properties":{"kind":"campsite","src":"overture:meta","name":"Holt Park Campground Kelly Lake","website":"https://www.holtparkcampgroundkellylake.com/","addr":"9601 Holt Park Rd, Suring","elev_ft":843}},{"type":"Feature","geometry":{"type":"Point","coordinates":[-91.318626,46.472473]},"properties":{"kind":"rv_park","src":"overture:meta","name":"Flying Eagle Resort","website":"http://www.flyingeagleresort.com/","addr":"61925 Basswood Rd, Iron River","elev_ft":1076}},{"type":"Feature","geometry":{"type":"Point","coordinates":[-92.385246,45.974648]},"properties":{"kind":"campsite","src":"overture:meta","name":"DuFour's Campground","website":"http://www.dufourscampground.com/","addr":"29221 Hayden Lake Rd Ext, Danbury","elev_ft":971}},{"type":"Feature","geometry":{"type":"Point","coordinates":[-89.037605,44.922729]},"properties":{"kind":"campsite","src":"overture:meta","name":"Otter Spring's Campground Bar & Grill","addr":"N9126 CR-D, Bowler","elev_ft":1204}},{"type":"Feature","geometry":{"type":"Point","coordinates":[-91.267097,43.812946]},"properties":{"kind":"campsite","src":"overture:meta","name":"Pettibone Resort","website":"http://www.pettiboneresort.com/","addr":"333 Park Plaza Dr, La Crosse","elev_ft":640}},{"type":"Feature","geometry":{"type":"Point","coordinates":[-89.857811,43.745686]},"properties":{"kind":"campsite","src":"overture:meta","name":"Ho-Chunk RV Resort and Campground","website":"http://www.ho-chunkrvresort.com/","addr":"N2884 28th Ave, Kildare","elev_ft":922}},{"type":"Feature","geometry":{"type":"Point","coordinates":[-89.897675,43.803894]},"properties":{"kind":"campsite","src":"overture:meta","name":"The Rock Camping Resort Bar","website":"http://therockcamping.com/","addr":"N4310 26th Ave, Mauston","elev_ft":873}},{"type":"Feature","geometry":{"type":"Point","coordinates":[-89.791992,43.611248]},"properties":{"kind":"campsite","src":"overture:meta","name":"Yogi Bear's Jellystone Park Camp-Resort","website":"http://www.dellsjellystone.com","addr":"1701 Wisconsin Dells Pkwy, Wisconsin Dells","elev_ft":850}},{"type":"Feature","geometry":{"type":"Point","coordinates":[-89.002159,42.830315]},"properties":{"kind":"campsite","src":"overture:meta","name":"Pettit's Lakeview Campground and Bar","website":"http://lakeviewcampgroundandbar.com/","addr":"1901 E WI-59, Milton","elev_ft":794}},{"type":"Feature","geometry":{"type":"Point","coordinates":[-88.978928,42.796654]},"properties":{"kind":"campsite","src":"overture:meta","name":"Blackhawk Campground","website":"https://thousandtrails.com/wisconsin/blackhawk-rv-campground/?utm_source=yext&utm_medium=directory&utm_campaign=Yext+Directory+Listing","addr":"3407 E Blackhawk Dr, Milton","elev_ft":823}},{"type":"Feature","geometry":{"type":"Point","coordinates":[-91.428711,43.998413]},"properties":{"kind":"campsite","src":"overture:meta","name":"Lake Road Campground","website":"http://www.lakeroadcampground.com/","addr":"23828 Lake Rd, Trempealeau","elev_ft":656}},{"type":"Feature","geometry":{"type":"Point","coordinates":[-88.299889,42.607616]},"properties":{"kind":"campsite","src":"overture:meta","name":"Camp Oh-Da-Ko-Ta","website":"http://www.ThreeHarborsScouting.org/","addr":"3363 Dyer Lake Rd, Burlington","elev_ft":853}},{"type":"Feature","geometry":{"type":"Point","coordinates":[-88.128716,43.058926]},"properties":{"kind":"campsite","src":"overture:meta","name":"Camp Inspire Brookfield","website":"http://inspire-camp.com/","addr":"2205 N Calhoun Rd, Brookfield","elev_ft":912}},{"type":"Feature","geometry":{"type":"Point","coordinates":[-89.028442,42.827385]},"properties":{"kind":"campsite","src":"overture:meta","name":"Rock River Leisure Estates","website":"http://rrle.org/","addr":"530 E Ellendale Rd, Fulton","elev_ft":863}},{"type":"Feature","geometry":{"type":"Point","coordinates":[-87.949951,45.380539]},"properties":{"kind":"campsite","src":"overture:meta","name":"Evergreen Park and Campground","website":"http://www.villageofwausaukee.com/campground","addr":"500 North Ave, Wausaukee","elev_ft":764}},{"type":"Feature","geometry":{"type":"Point","coordinates":[-88.164825,43.73473]},"properties":{"kind":"rv_park","src":"overture:meta","name":"Sun Retreats Fond Du Lac East","website":"https://www.sunoutdoors.com/wisconsin/sun-retreats-fond-du-lac-east?utm_source=facebook&utm_medium=organic&utm_campaign=facebook_listing","addr":"N5456 N Division Rd, Glenbeulah","elev_ft":1115}},{"type":"Feature","geometry":{"type":"Point","coordinates":[-88.012764,44.889839]},"properties":{"kind":"campsite","src":"overture:meta","name":"RiverWood Saloon","addr":"4998 State Highway 22, Stiles","elev_ft":610}},{"type":"Feature","geometry":{"type":"Point","coordinates":[-90.488922,44.235226]},"properties":{"kind":"campsite","src":"overture:meta","name":"Arpin Cranberry Campground and Cabin","website":"http://arpincranberry.com/","addr":"N4690 McKenna Rd, Warrens","elev_ft":1033}},{"type":"Feature","geometry":{"type":"Point","coordinates":[-89.204918,44.021786]},"properties":{"kind":"campsite","src":"overture:meta","name":"Lake Lucerne Camp and Retreat Center","website":"https://wiumcamps.org/lake-lucerne/","addr":"W6460 CR-YY, Neshkoro","elev_ft":902}},{"type":"Feature","geometry":{"type":"Point","coordinates":[-89.687668,45.826603]},"properties":{"kind":"campsite","src":"overture:meta","name":"Clearwater Camp for Girls","website":"http://www.clearwatercamp.org/","addr":"7490 Clearwater Rd, Minocqua","elev_ft":1604}},{"type":"Feature","geometry":{"type":"Point","coordinates":[-91.825989,45.905956]},"properties":{"kind":"campsite","src":"overture:meta","name":"Log Cabin Resort","website":"http://www.logcabin-resort.com/","addr":"N7470 Log Cabin Dr, Trego","elev_ft":1060}},{"type":"Feature","geometry":{"type":"Point","coordinates":[-87.263306,45.066502]},"properties":{"kind":"campsite","src":"overture:meta","name":"Egg Harbor Campground","website":"http://www.eggharborcampground.com/","addr":"8164 State Highway 42, Egg Harbor","elev_ft":784}},{"type":"Feature","geometry":{"type":"Point","coordinates":[-91.000702,43.378643]},"properties":{"kind":"campsite","src":"overture:meta","name":"Sugar Creek Bible Camp","website":"http://www.SugarCreekBibleCamp.org/","addr":"13141 Sugar Creek Bible Camp Rd, Ferryville","elev_ft":725}},{"type":"Feature","geometry":{"type":"Point","coordinates":[-91.143471,43.094112]},"properties":{"kind":"campsite","src":"overture:meta","name":"Sports Unlimited Campground","website":"http://www.pdcsportsunlimited.com","addr":"32750 County Road K, Prairie du Chien","elev_ft":627}},{"type":"Feature","geometry":{"type":"Point","coordinates":[-89.591438,45.781624]},"properties":{"kind":"rv_park","src":"overture:meta","name":"Watters Edge Campground","website":"http://www.wattersedgecampground.com/","addr":"6540 S Bluebird Rd, Lake Tomahawk","elev_ft":1604}},{"type":"Feature","geometry":{"type":"Point","coordinates":[-89.417404,42.675331]},"properties":{"kind":"campsite","src":"overture:meta","name":"Sweet Minihaha Campground","website":"http://www.sweetminihaha.com","addr":"N4697 CR-E, Decatur","elev_ft":810}},{"type":"Feature","geometry":{"type":"Point","coordinates":[-91.639542,45.353561]},"properties":{"kind":"campsite","src":"overture:meta","name":"Norton Ag & Turf","elev_ft":1115}},{"type":"Feature","geometry":{"type":"Point","coordinates":[-91.659393,45.360939]},"properties":{"kind":"campsite","src":"overture:meta","name":"Northern Exposure Resort & Campground","website":"http://www.northernexposurevacation.com","addr":"1075 24 1/4 St, Chetek","elev_ft":1056}},{"type":"Feature","geometry":{"type":"Point","coordinates":[-90.004318,43.966408]},"properties":{"kind":"campsite","src":"overture:meta","name":"Summer Hideaway RV Campground Resort LLC","website":"http://www.summerhideawayrv.com/","addr":"W4676 30th St E, Necedah","elev_ft":909}},{"type":"Feature","geometry":{"type":"Point","coordinates":[-92.362839,46.004597]},"properties":{"kind":"campsite","src":"overture:meta","name":"Eagle's Landing Campground","website":"http://danbury.stcroixcasino.com/hotel/eagles-landing-campground","addr":"30158 State Road 35, Swiss","elev_ft":919}},{"type":"Feature","geometry":{"type":"Point","coordinates":[-91.900993,44.91824]},"properties":{"kind":"campsite","src":"overture:meta","name":"Twin Springs Resort Campground","website":"https://www.twinspringscampingresort.com/","addr":"N6572 530th St, Menomonie","elev_ft":843}},{"type":"Feature","geometry":{"type":"Point","coordinates":[-89.007164,45.952847]},"properties":{"kind":"campsite","src":"overture:meta","name":"Forest Pond Campground","website":"http://www.forestpondcampground.com/","addr":"11279 WI-70, Hiles","elev_ft":1739}},{"type":"Feature","geometry":{"type":"Point","coordinates":[-92.000542,45.90992]},"properties":{"kind":"campsite","src":"overture:meta","name":"Anchor Campgrounds - Spooner, WI","website":"http://www.anchorcampgrounds.com/","addr":"W9076 County Hwy E, Spooner","elev_ft":1027}},{"type":"Feature","geometry":{"type":"Point","coordinates":[-89.547813,43.981243]},"properties":{"kind":"campsite","src":"overture:meta","name":"Camp Fairwood","website":"http://www.campfairwood.org/","addr":"W7905 S Pleasant Rd, Westfield","elev_ft":1007}},{"type":"Feature","geometry":{"type":"Point","coordinates":[-91.506065,45.84621]},"properties":{"kind":"rv_park","src":"overture:meta","name":"Sommer's RV Park","addr":"16190W CR-F, Stone Lake","elev_ft":1299}},{"type":"Feature","geometry":{"type":"Point","coordinates":[-89.46051,43.725979]},"properties":{"kind":"campsite","src":"overture:meta","name":"Lakeview Campground and Bar","website":"https://lakeviewcampandbar.wixsite.com/lakeview","addr":"N2523 Lakeview Dr, Montello","elev_ft":797}},{"type":"Feature","geometry":{"type":"Point","coordinates":[-87.263397,45.066452]},"properties":{"kind":"rv_park","src":"overture:meta","name":"HTR Door County Campground & RV Resort","website":"https://www.htrresorts.com/destinations/door-county/?utm_source=facebook&utm_medium=social&utm_campaign=htr-dcc-facebook-listing","addr":"8164 State Highway 42, Egg Harbor","elev_ft":784}},{"type":"Feature","geometry":{"type":"Point","coordinates":[-88.173698,43.678986]},"properties":{"kind":"campsite","src":"overture:meta","name":"Benson's Century Camping","website":"http://bensonscampground.com/","addr":"N3845 WI-67, Osceola","elev_ft":1053}},{"type":"Feature","geometry":{"type":"Point","coordinates":[-87.139275,45.076038]},"properties":{"kind":"campsite","src":"overture:meta","name":"Beantown Campground","website":"http://www.beantowncampground.com","addr":"8400 CR-F, Baileys Harbor","elev_ft":630}},{"type":"Feature","geometry":{"type":"Point","coordinates":[-92.38755,45.975269]},"properties":{"kind":"campsite","src":"overture:meta","name":"Dufour's Pine Tree Campground","website":"http://www.dufourscampground.com/","addr":"29221 Hayden Lake Rd Ext, Danbury","elev_ft":942}},{"type":"Feature","geometry":{"type":"Point","coordinates":[-87.979172,43.802902]},"properties":{"kind":"rv_park","src":"overture:meta","name":"Plymouth Rock Campground","website":"https://thousandtrails.com/wisconsin/plymouth-rock-camping-resort/?utm_source=yext&utm_medium=directory&utm_campaign=Yext+Directory+Listing","addr":"N7271 Lando St, Plymouth","elev_ft":961}},{"type":"Feature","geometry":{"type":"Point","coordinates":[-91.099274,42.896923]},"properties":{"kind":"campsite","src":"overture:meta","name":"River of Lakes Campground","website":"http://www.rolcamp.com/","addr":"132 Packer Dr, Bagley","elev_ft":636}},{"type":"Feature","geometry":{"type":"Point","coordinates":[-92.16111,45.493286]},"properties":{"kind":"rv_park","src":"overture:meta","name":"Staples Lake Resort","website":"http://www.intergarten.com/staples/","addr":"1977 Polk Barron St, Comstock","elev_ft":1240}},{"type":"Feature","geometry":{"type":"Point","coordinates":[-89.999542,44.555141]},"properties":{"kind":"campsite","src":"overture:meta","name":"Buck Run Campground","website":"http://buckruncampground.weebly.com/","addr":"5591 CR-N, Arpin","elev_ft":1161}},{"type":"Feature","geometry":{"type":"Point","coordinates":[-88.532722,42.673794]},"properties":{"kind":"campsite","src":"overture:meta","name":"Elkhorn Campgrounds","website":"https://www.elkhorncampgrounds.com/","addr":"411 E Court St, Elkhorn","elev_ft":1024}},{"type":"Feature","geometry":{"type":"Point","coordinates":[-89.884903,43.722214]},"properties":{"kind":"rv_park","src":"overture:meta","name":"Yukon Trails Campground","website":"https://thousandtrails.com/wisconsin/yukon-trails-rv-camping-resort/?utm_source=yext&utm_medium=directory&utm_campaign=Yext+Directory+Listing","addr":"N2330 CR-HH, Kildare","elev_ft":889}},{"type":"Feature","geometry":{"type":"Point","coordinates":[-91.212494,45.13554]},"properties":{"kind":"campsite","src":"overture:meta","name":"Crosby's on the Chippewa Campground, LLC","website":"http://www.crosbysonthechippewa.com/","addr":"20041 WI-178, Cornell","elev_ft":958}},{"type":"Feature","geometry":{"type":"Point","coordinates":[-91.342033,45.119339]},"properties":{"kind":"campsite","src":"overture:meta","name":"R & R Bar & Campground","website":"http://www.thebubbler.com/","addr":"16028 190th Ave, Eagle Point","elev_ft":1017}},{"type":"Feature","geometry":{"type":"Point","coordinates":[-90.298462,43.018768]},"properties":{"kind":"campsite","src":"overture:meta","name":"BlackHawk Lake Campground","website":"http://www.blackhawklake.com/BHLCamping.html","addr":"2098 CR-BH, Highland","elev_ft":1083}},{"type":"Feature","geometry":{"type":"Point","coordinates":[-90.859985,46.867165]},"properties":{"kind":"campsite","src":"overture:meta","name":"Little Sand Bay Campground","website":"http://www.townofrussell.org","addr":"34155 State Highway 13, Bayfield","elev_ft":922}},{"type":"Feature","geometry":{"type":"Point","coordinates":[-87.336739,44.953789]},"properties":{"kind":"campsite","src":"overture:meta","name":"Harbour Village Campground and Water Park","website":"http://www.harbourvillageresort.net/","addr":"5840 State Highway 42, Sturgeon Bay","elev_ft":732}},{"type":"Feature","geometry":{"type":"Point","coordinates":[-87.713005,44.730549]},"properties":{"kind":"campsite","src":"overture:meta","name":"YMCA Camp Wabansi","website":"http://www.campwabansi.org/","addr":"1242 S Bayshore Rd, Union","elev_ft":600}},{"type":"Feature","geometry":{"type":"Point","coordinates":[-89.758331,43.637474]},"properties":{"kind":"campsite","src":"overture:meta","name":"Camp Wawbeek","website":"http://camp.eastersealswisconsin.com","addr":"1450 State Highway 13, Wisconsin Dells","elev_ft":1014}},{"type":"Feature","geometry":{"type":"Point","coordinates":[-91.199013,45.146008]},"properties":{"kind":"campsite","src":"overture:meta","name":"Chippewa River Campground","addr":"23780 WI-178, Cornell","elev_ft":955}},{"type":"Feature","geometry":{"type":"Point","coordinates":[-88.758827,43.442425]},"properties":{"kind":"rv_park","src":"overture:meta","name":"Fairgrounds RV Park","website":"https://www.campspot.com/book/dodgecountyfairgrounds","addr":"N6885 High Point Rd, Oak Grove","elev_ft":896}},{"type":"Feature","geometry":{"type":"Point","coordinates":[-88.946526,45.579823]},"properties":{"kind":"campsite","src":"overture:meta","name":"Holly Wood Hill Camping and RV","website":"http://Hollywoodhillcampgroundrv.com/","addr":"10209 Kemp Ln, Crandon","elev_ft":1699}},{"type":"Feature","geometry":{"type":"Point","coordinates":[-89.14608,44.354084]},"properties":{"kind":"campsite","src":"overture:meta","name":"Deerhaven Campground","website":"https://www.deerhavencampground.com/","addr":"N3185 Butts Dr, Waupaca","elev_ft":922}},{"type":"Feature","geometry":{"type":"Point","coordinates":[-87.501495,44.846775]},"properties":{"kind":"rv_park","src":"overture:meta","name":"Yogi Bear's Jellystone Park","website":"https://www.doorcountyjellystone.com/","addr":"3677 May Rd, Sturgeon Bay","elev_ft":620}},{"type":"Feature","geometry":{"type":"Point","coordinates":[-91.07402,45.074913]},"properties":{"kind":"campsite","src":"overture:meta","name":"Hidden Shady Nook","website":"http://www.hiddenshadynook.com/","addr":"16061 296th St, Cornell","elev_ft":1102}},{"type":"Feature","geometry":{"type":"Point","coordinates":[-89.78006,43.954006]},"properties":{"kind":"campsite","src":"overture:meta","name":"Rabl's Pinequilizer RV Campground and Mobile Home Park","addr":"1026 CR-M, Adams","elev_ft":997}},{"type":"Feature","geometry":{"type":"Point","coordinates":[-90.124451,42.665115]},"properties":{"kind":"campsite","src":"overture:meta","name":"Falling Water Horse Camp","website":"http://www.fallingwaterhorsecamp.com/","addr":"1616 Upper Falling Water Rd, Pelsor","elev_ft":1020}},{"type":"Feature","geometry":{"type":"Point","coordinates":[-88.474693,42.937031]},"properties":{"kind":"campsite","src":"overture:meta","name":"Kettle Moraine","addr":"Eagle","elev_ft":873}},{"type":"Feature","geometry":{"type":"Point","coordinates":[-88.686729,42.729057]},"properties":{"kind":"campsite","src":"overture:Foursquare","name":"Snug Harbor Campground, Pub and Grill","website":"http://www.snugharborwi.com","addr":"W7772-2C Wisconsin Parkway, Delavan","elev_ft":948}},{"type":"Feature","geometry":{"type":"Point","coordinates":[-91.867104,46.096039]},"properties":{"kind":"campsite","src":"overture:meta","name":"Birch Trail Camp","website":"http://www.birchtrail.com","addr":"W6256 Highway 77, Minong","elev_ft":1040}},{"type":"Feature","geometry":{"type":"Point","coordinates":[-88.901573,45.52084]},"properties":{"kind":"rv_park","src":"overture:meta","name":"Forest County Veteran's Memorial Park","website":"http://www.forestcountywi.com/","addr":"4030 County Park Rd, Crandon","elev_ft":1594}},{"type":"Feature","geometry":{"type":"Point","coordinates":[-91.856201,44.220993]},"properties":{"kind":"rv_park","src":"overture:meta","name":"Riverview RV Park","website":"http://www.pvpwi.com/","addr":"1123 S River Rd, Buffalo City","elev_ft":669}},{"type":"Feature","geometry":{"type":"Point","coordinates":[-91.170685,45.181274]},"properties":{"kind":"campsite","src":"overture:Foursquare","name":"Brunet Island State Park","website":"http://dnr.wi.gov/topic/parks/name/brunetisland","addr":"23125 255th St, Cornell","elev_ft":1017}},{"type":"Feature","geometry":{"type":"Point","coordinates":[-89.640099,45.485584]},"properties":{"kind":"campsite","src":"overture:meta","name":"Sure Wood Forest Campground","website":"surewoodforest.com","addr":"W4276 Sandy Ln, Tomahawk","elev_ft":1486}},{"type":"Feature","geometry":{"type":"Point","coordinates":[-88.664154,45.128788]},"properties":{"kind":"campsite","src":"overture:meta","name":"River Forest Campground","website":"http://www.wolfrivercamping.com","addr":"W510 County Road WW, White Lake","elev_ft":1165}},{"type":"Feature","geometry":{"type":"Point","coordinates":[-87.500214,44.848137]},"properties":{"kind":"campsite","src":"overture:Foursquare","name":"Yogi Bear's Jellystone Park\u2122 Camp-Resort of Door County, WI.","website":"http://www.doorcountyjellystone.com","addr":"3677 May Road, Sturgeon Bay","elev_ft":623}},{"type":"Feature","geometry":{"type":"Point","coordinates":[-87.782547,44.963886]},"properties":{"kind":"campsite","src":"overture:meta","name":"North Bay Shore Park","website":"https://www.co.oconto.wi.us/parks/park_pavilions/north_bayshore_county_park/details","addr":"500 Bay Rd, Peshtigo","elev_ft":597}},{"type":"Feature","geometry":{"type":"Point","coordinates":[-87.144508,45.071182]},"properties":{"kind":"campsite","src":"overture:meta","name":"Baileys Woods Campground","website":"http://www.baileyswoodscampground.com/","addr":"2701 CR-EE, Baileys Harbor","elev_ft":692}},{"type":"Feature","geometry":{"type":"Point","coordinates":[-88.898941,44.266449]},"properties":{"kind":"campsite","src":"overture:meta","name":"Fremont RV Campground","website":"https://thousandtrails.com/wisconsin/fremont-rv-campground/?utm_source=yext&utm_medium=directory&utm_campaign=Yext+Directory+Listing","addr":"E6506 WI-110, Fremont","elev_ft":774}},{"type":"Feature","geometry":{"type":"Point","coordinates":[-89.174759,43.691616]},"properties":{"kind":"campsite","src":"overture:meta","name":"Grand Valley Campground","website":"http://www.grandvalleycampground.com/","addr":"W5855 County Road BH, Dalton","elev_ft":814}},{"type":"Feature","geometry":{"type":"Point","coordinates":[-89.314087,45.662464]},"properties":{"kind":"campsite","src":"overture:meta","name":"Moen Lake","website":"http://www.moenlakecampground.com","elev_ft":1562}},{"type":"Feature","geometry":{"type":"Point","coordinates":[-91.140678,46.081726]},"properties":{"kind":"campsite","src":"overture:meta","name":"Reel Livin' Resort and Campground","website":"http://www.reellivinresorts.com/","addr":"12463 N Reel Livin Dr, Hayward","elev_ft":1407}},{"type":"Feature","geometry":{"type":"Point","coordinates":[-88.480064,43.94022]},"properties":{"kind":"campsite","src":"overture:Foursquare","name":"Kalbus' Country Harbor Campground","website":"http://www.kalbuscountryharbor.com","addr":"5309 Lake Rd, Oshkosh","elev_ft":758}},{"type":"Feature","geometry":{"type":"Point","coordinates":[-88.968605,44.653999]},"properties":{"kind":"campsite","src":"overture:meta","name":"Kinney Lake Campground","website":"http://www.kinneylakecampground.com/","addr":"N11301 Kinney Lake Rd, Marion","elev_ft":922}},{"type":"Feature","geometry":{"type":"Point","coordinates":[-88.023712,43.794468]},"properties":{"kind":"campsite","src":"overture:meta","name":"Camp Evelyn (Girl Scouts of Manitou)","website":"http://www.gsmanitou.org/","addr":"W6598 Camp Evelyn Rd, Plymouth","elev_ft":932}},{"type":"Feature","geometry":{"type":"Point","coordinates":[-90.154984,46.326584]},"properties":{"kind":"campsite","src":"overture:meta","name":"Schomberg County Park Campground","website":"www.ironcountyforest.org/schomberg-park.html","addr":"Shomberg Park Rd, Town of Oma","elev_ft":1591}},{"type":"Feature","geometry":{"type":"Point","coordinates":[-89.872932,43.789818]},"properties":{"kind":"campsite","src":"overture:meta","name":"Point Bluff Camping Resort","website":"https://pointbluff.com/","addr":"3199 County Road Z, Springville","elev_ft":863}},{"type":"Feature","geometry":{"type":"Point","coordinates":[-91.688675,45.36375]},"properties":{"kind":"campsite","src":"overture:Microsoft","name":"Shady Grove Resort on Prairie Lake","website":"http://shadygroveresort.net/","addr":"1093 22 3/4 St, Chetek","elev_ft":1063}},{"type":"Feature","geometry":{"type":"Point","coordinates":[-89.961792,44.119804]},"properties":{"kind":"campsite","src":"overture:meta","name":"Petenwell County Campground","addr":"2005 Bighorn Dr, Arkdale","elev_ft":942}},{"type":"Feature","geometry":{"type":"Point","coordinates":[-87.807495,42.789043]},"properties":{"kind":"campsite","src":"overture:meta","name":"Brushkana Creek","website":"http://www.blm.gov/pgdata/content/ak/en/prog/recreation/activities/campgrounds/Glennallen_Field_Office_Campgrounds.html","addr":"104 Mp Denali Hwy, Caledonia","elev_ft":627}},{"type":"Feature","geometry":{"type":"Point","coordinates":[-91.676781,45.705914]},"properties":{"kind":"campsite","src":"overture:meta","name":"Tomahawk Scout Reservation","website":"http://www.camptomahawk.org","addr":"N1910 Scout Rd, Birchwood","elev_ft":1283}},{"type":"Feature","geometry":{"type":"Point","coordinates":[-90.858421,46.188007]},"properties":{"kind":"campsite","src":"overture:meta","name":"East Twin Lake","website":"www.recreation.gov/camping/east-twin/r/campgroundDetails.do?...","elev_ft":1440}},{"type":"Feature","geometry":{"type":"Point","coordinates":[-90.799194,46.844398]},"properties":{"kind":"campsite","src":"overture:meta","name":"Sailor Springs","website":"http://www.sailorsprings.com/","addr":"36985 W Bresette Hill Rd, Bayfield","elev_ft":758}},{"type":"Feature","geometry":{"type":"Point","coordinates":[-88.173164,43.600967]},"properties":{"kind":"campsite","src":"overture:meta","name":"Mauthe Lake Campground","website":"http://dnr.wi.gov/topic/parks/name/kmn/camping.html","addr":"Hwy GGG, Campbellsport","elev_ft":1040}},{"type":"Feature","geometry":{"type":"Point","coordinates":[-91.251671,45.886944]},"properties":{"kind":"campsite","src":"overture:meta","name":"Blueberry Hill Resort and campground","website":"http://www.blueberryhillresort.com","addr":"11301 W Pine Knoll Rd, Couderay","elev_ft":1358}},{"type":"Feature","geometry":{"type":"Point","coordinates":[-89.717331,46.094006]},"properties":{"kind":"campsite","src":"overture:meta","name":"Camp Holiday Campground","website":"http://camp-holiday.com/","addr":"11475 Rudolph Lake Ln, Boulder Junction","elev_ft":1663}},{"type":"Feature","geometry":{"type":"Point","coordinates":[-89.850494,43.664753]},"properties":{"kind":"campsite","src":"overture:meta","name":"Arrowhead Campground","website":"https://thousandtrails.com/wisconsin/arrowhead-rv-campground/?utm_source=yext&utm_medium=directory&utm_campaign=Yext+Directory+Listing","addr":"W1530 Arrowhead Rd, Wisconsin Dells","elev_ft":951}},{"type":"Feature","geometry":{"type":"Point","coordinates":[-91.061378,43.910877]},"properties":{"kind":"campsite","src":"overture:meta","name":"Lake Neshonoc","website":"http://www.rvonthego.com/wisconsin/neshonoc-lakeside-camping-resort/","elev_ft":692}},{"type":"Feature","geometry":{"type":"Point","coordinates":[-89.08754,42.803764]},"properties":{"kind":"campsite","src":"overture:meta","name":"dam paradise indianford","addr":"3506 W County Road M, Edgerton","elev_ft":787}},{"type":"Feature","geometry":{"type":"Point","coordinates":[-92.418114,45.339394]},"properties":{"kind":"campsite","src":"overture:meta","name":"YMCA Camp Icaghowan","website":"http://www.ymcamn.org/camps/camp_icaghowan","addr":"899 115th St, Amery","elev_ft":1047}},{"type":"Feature","geometry":{"type":"Point","coordinates":[-91.631767,45.307076]},"properties":{"kind":"campsite","src":"overture:meta","name":"Camp Chetek","website":"http://www.campchetek.org/","addr":"730 Lakeview Dr, Chetek","elev_ft":1056}},{"type":"Feature","geometry":{"type":"Point","coordinates":[-91.966644,45.428814]},"properties":{"kind":"campsite","src":"overture:meta","name":"Poskin Lake Resort","website":"http://www.poskinlakeresort.com/","addr":"1528 9 1/4 St, Almena","elev_ft":1155}},{"type":"Feature","geometry":{"type":"Point","coordinates":[-91.827332,45.624352]},"properties":{"kind":"campsite","src":"overture:meta","name":"LE Phillips Scout Reservation","website":"http://www.campphillips.org/","addr":"2900 16th St, Bear Lake","elev_ft":1257}},{"type":"Feature","geometry":{"type":"Point","coordinates":[-91.679733,45.724163]},"properties":{"kind":"campsite","src":"overture:meta","name":"Tomahawk Scout Camp","website":"http://www.camptomahawk.org/","addr":"N1910 Scout Rd, Birchwood","elev_ft":1237}},{"type":"Feature","geometry":{"type":"Point","coordinates":[-90.988647,45.526131]},"properties":{"kind":"campsite","src":"overture:meta","name":"Adventures Resort-Bar, Grill, and Campground","addr":"N6557 County Road I, Tony","elev_ft":1204}},{"type":"Feature","geometry":{"type":"Point","coordinates":[-90.994553,45.927643]},"properties":{"kind":"campsite","src":"overture:meta","name":"Camp WeHaKee","website":"http://www.wehakeecampforgirls.com","addr":"N8104 Barker Lake Rd, Winter","elev_ft":1375}},{"type":"Feature","geometry":{"type":"Point","coordinates":[-89.608162,45.4548]},"properties":{"kind":"campsite","src":"overture:meta","name":"Maple Bear Campground","website":"http://www.maplebearcampground.com/","addr":"N9350 County Road H, Tomahawk","elev_ft":1516}},{"type":"Feature","geometry":{"type":"Point","coordinates":[-89.395927,45.857651]},"properties":{"kind":"campsite","src":"overture:meta","name":"Camp Menominee","website":"http://CampMenominee.com/","addr":"5035 CR-D, Sugar Camp","elev_ft":1631}},{"type":"Feature","geometry":{"type":"Point","coordinates":[-89.101669,45.329002]},"properties":{"kind":"campsite","src":"overture:meta","name":"Jack Lake","website":"http://www.jacklakecampground.com","addr":"N8375 Park Rd, Deerbrook","elev_ft":1644}},{"type":"Feature","geometry":{"type":"Point","coordinates":[-89.665894,46.209007]},"properties":{"kind":"rv_park","src":"overture:meta","name":"Lynx Lake Resort & Bar","website":"http://www.lynxlakeresort.com/","addr":"10683 CR-B, Presque Isle","elev_ft":1722}},{"type":"Feature","geometry":{"type":"Point","coordinates":[-88.681625,42.777935]},"properties":{"kind":"campsite","src":"overture:meta","name":"Camp Joy","website":"http://www.campjoy.org/","addr":"W7725 Kettle Moraine Dr, Whitewater","elev_ft":919}},{"type":"Feature","geometry":{"type":"Point","coordinates":[-88.652176,42.957909]},"properties":{"kind":"campsite","src":"overture:meta","name":"Bark River Campgrounds & Resort","website":"http://www.barkrivercampgrounds.com","addr":"W2340 Hanson Rd, Jefferson","elev_ft":850}},{"type":"Feature","geometry":{"type":"Point","coordinates":[-88.569962,42.745247]},"properties":{"kind":"campsite","src":"overture:meta","name":"Camp Wandawega","website":"http://wandawega.com/","addr":"W5453 Lakeview Ave, Sugar Creek","elev_ft":951}},{"type":"Feature","geometry":{"type":"Point","coordinates":[-88.454132,42.96096]},"properties":{"kind":"campsite","src":"overture:meta","name":"Pinewoods Campground","addr":"Ice Age National Scenic Trail, Town of Ottawa","elev_ft":1089}},{"type":"Feature","geometry":{"type":"Point","coordinates":[-88.81813,44.390053]},"properties":{"kind":"campsite","src":"overture:meta","name":"Wolf River Trips & Campground","website":"http://www.wolfrivertrips.com","addr":"E8041 County Road X, New London","elev_ft":774}},{"type":"Feature","geometry":{"type":"Point","coordinates":[-88.752617,45.247704]},"properties":{"kind":"campsite","src":"overture:meta","name":"Silver Birch Ranch","website":"https://www.silverbirchranch.org/","addr":"N6120 Sawyer Lake Rd, White Lake","elev_ft":1444}},{"type":"Feature","geometry":{"type":"Point","coordinates":[-88.63784,44.705444]},"properties":{"kind":"campsite","src":"overture:meta","name":"Wisconsin District UPC Camp Ground","website":"https://local.yahoo.com/info-16820485-wisconsin-dist-upc-camp-grnd...","addr":"W7915 St Johns Church Rd, Town of Belle Plaine","elev_ft":827}},{"type":"Feature","geometry":{"type":"Point","coordinates":[-88.303741,45.387371]},"properties":{"kind":"campsite","src":"overture:meta","name":"Kosir's Whitewater Rafting","website":"http://www.kosirs.com/","addr":"W14073 CR-C, Athelstane","elev_ft":1024}},{"type":"Feature","geometry":{"type":"Point","coordinates":[-88.150078,44.213028]},"properties":{"kind":"campsite","src":"overture:meta","name":"Camp Forest","elev_ft":843}},{"type":"Feature","geometry":{"type":"Point","coordinates":[-87.913994,42.834541]},"properties":{"kind":"campsite","src":"overture:meta","name":"Jellystone Park Caledonia","website":"http://www.jellystone-caledonia.com","addr":"8425 State Road 38, Caledonia","elev_ft":692}},{"type":"Feature","geometry":{"type":"Point","coordinates":[-87.989815,45.424824]},"properties":{"kind":"campsite","src":"overture:meta","name":"Lake Helen Bible Camp","website":"http://www.lhbiblecamp.org","addr":"N12864 Old 38 Rd, Wausaukee","elev_ft":830}},{"type":"Feature","geometry":{"type":"Point","coordinates":[-90.37986,44.466759]},"properties":{"kind":"campsite","src":"overture:meta","name":"Sherwood Campground","website":"https://parks.co.clark.wi.us/parks/camping/sherwood_campground/details","addr":"W1387 Sherwood Rd, Sherwood","elev_ft":1070}},{"type":"Feature","geometry":{"type":"Point","coordinates":[-89.214577,43.766861]},"properties":{"kind":"campsite","src":"overture:meta","name":"Puckaway Sands Resort","website":"http://www.puckawaysr.com","addr":"W1035 Puckaway Ln, Mecan","elev_ft":781}},{"type":"Feature","geometry":{"type":"Point","coordinates":[-91.368904,44.995762]},"properties":{"kind":"campsite","src":"overture:meta","name":"O'Neil Creek Campground","website":"http://www.oneilcreek.com/","addr":"14912 105th Ave, Chippewa Falls","elev_ft":909}},{"type":"Feature","geometry":{"type":"Point","coordinates":[-89.597702,44.175568]},"properties":{"kind":"campsite","src":"overture:meta","name":"Winding Creek Campground","website":"http://windingcreekcampground.com/index.html","addr":"563 1st Ave, Hancock","elev_ft":1073}},{"type":"Feature","geometry":{"type":"Point","coordinates":[-91.150909,43.081463]},"properties":{"kind":"rv_park","src":"overture:meta","name":"Frenchtown Lake RV Park","website":"http://www.yellowpages.com/prairie-du-chien-wi/frenchtown-lake-rv-park","addr":"33658 CR-K, Prairie du Chien","elev_ft":614}},{"type":"Feature","geometry":{"type":"Point","coordinates":[-88.696579,42.755363]},"properties":{"kind":"campsite","src":"overture:meta","name":"Scenic Ridge Campground","website":"http://scenicridgecampground.com/","addr":"W7991 R and W Townline Rd, Whitewater","elev_ft":892}},{"type":"Feature","geometry":{"type":"Point","coordinates":[-88.078438,42.600189]},"properties":{"kind":"campsite","src":"overture:meta","name":"Happy Acres Kampground","website":"https://linktr.ee/happyacreskampground","addr":"22230 45th St, Bristol","elev_ft":778}},{"type":"Feature","geometry":{"type":"Point","coordinates":[-89.596458,43.197899]},"properties":{"kind":"campsite","src":"overture:meta","name":"Camp Brandenberg","website":"http://www.gsbadgerland.org/en/camp/our/Cb.html","addr":"6307 Brandenburg Rd, Dane","elev_ft":1132}},{"type":"Feature","geometry":{"type":"Point","coordinates":[-91.256798,45.482685]},"properties":{"kind":"campsite","src":"overture:meta","name":"Trails End Youth Camp","website":"http://ruskcounty.org/trailsend","addr":"N5405 Trails End St, Bruce","elev_ft":1125}},{"type":"Feature","geometry":{"type":"Point","coordinates":[-90.320518,43.189526]},"properties":{"kind":"campsite","src":"overture:meta","name":"Avoca Campground","website":"http://VILLAGEOFAVOCA.COM/","addr":"Campsite Road, Avoca","elev_ft":702}},{"type":"Feature","geometry":{"type":"Point","coordinates":[-91.87278,45.661469]},"properties":{"kind":"rv_park","src":"overture:meta","name":"White Tail Ridge","website":"http://www.whitetailridgecampground.com/","addr":"N739 Shallow Lake Rd, Sarona","elev_ft":1250}},{"type":"Feature","geometry":{"type":"Point","coordinates":[-92.640709,45.451492]},"properties":{"kind":"campsite","src":"overture:meta","name":"Big Rock Creek","website":"https://www.bigrockcreekwi.com/","addr":"1674 WI-87, St Croix Falls","elev_ft":889}},{"type":"Feature","geometry":{"type":"Point","coordinates":[-91.643654,45.378033]},"properties":{"kind":"campsite","src":"overture:meta","name":"Fire Away Roadhouse & Rest Camp","website":"https://www.fireawaywisco.com/","addr":"1190 25th St, Cameron","elev_ft":1063}},{"type":"Feature","geometry":{"type":"Point","coordinates":[-90.376701,45.738468]},"properties":{"kind":"campsite","src":"overture:meta","name":"Comfort Cove Resort and Campground","website":"http://comfortcoveresort.com/","addr":"N10149 E Solberg Lake Rd, Phillips","elev_ft":1493}},{"type":"Feature","geometry":{"type":"Point","coordinates":[-90.836494,44.312138]},"properties":{"kind":"rv_park","src":"overture:meta","name":"McSweet's RV Resort Inc","website":"http://McSweets-rvresort.com/","addr":"N6534 Riverview Rd, Black River Falls","elev_ft":814}},{"type":"Feature","geometry":{"type":"Point","coordinates":[-88.379936,42.805897]},"properties":{"kind":"campsite","src":"overture:meta","name":"Sheltering Oaks Campground","addr":"W1595 Sawyer Ln, East Troy","elev_ft":866}},{"type":"Feature","geometry":{"type":"Point","coordinates":[-89.151688,45.912323]},"properties":{"kind":"campsite","src":"overture:meta","name":"Chain O' Lakes Camping Resort","website":"http://www.colcamp.com","addr":"3165 Campground Rd, Eagle River","elev_ft":1657}},{"type":"Feature","geometry":{"type":"Point","coordinates":[-90.104012,43.934155]},"properties":{"kind":"campsite","src":"overture:meta","name":"Winding River Campground","website":"http://www.WindingRiverWI.com/","addr":"N7989 State Road 80, New Lisbon","elev_ft":906}},{"type":"Feature","geometry":{"type":"Point","coordinates":[-90.851547,44.732864]},"properties":{"kind":"rv_park","src":"overture:meta","name":"Rock Dam Campground","website":"http://wi-clarkcounty.civicplus.com/Facilities/Facility/Details/Rock-Dam-Park-and-Campground-3","addr":"W10666 Camp Globe Rd, Willard","elev_ft":1017}},{"type":"Feature","geometry":{"type":"Point","coordinates":[-88.165459,43.447296]},"properties":{"kind":"campsite","src":"overture:Microsoft","name":"Lake Lenwood Beach & Campground","website":"http://lakelenwood.com/","addr":"7053 Lenwood Dr, West-Bend","elev_ft":909}},{"type":"Feature","geometry":{"type":"Point","coordinates":[-88.243698,45.366493]},"properties":{"kind":"campsite","src":"overture:Microsoft","name":"Thorntons Rafting Resort & Campgrounds","addr":"W12882 Parkway Rd, Athelstane","elev_ft":1027}},{"type":"Feature","geometry":{"type":"Point","coordinates":[-88.214729,45.131779]},"properties":{"kind":"campsite","src":"overture:meta","name":"White Potato Lake Seasonal Campground","addr":"12577 S White Potato Lake Rd, Pound","elev_ft":863}},{"type":"Feature","geometry":{"type":"Point","coordinates":[-91.41449,45.32893]},"properties":{"kind":"campsite","src":"overture:meta","name":"Rose's Bay Resort","website":"http://www.rosesbayresort.com/","addr":"N1107 Roses Resort Rd, Weyerhaeuser","elev_ft":1083}},{"type":"Feature","geometry":{"type":"Point","coordinates":[-88.765945,44.042889]},"properties":{"kind":"campsite","src":"overture:meta","name":"Schuster's Fox River Resort","website":"https://www.vrbo.com/1032866","addr":"1390 Broderick Rd, Omro","elev_ft":758}},{"type":"Feature","geometry":{"type":"Point","coordinates":[-89.868111,43.756599]},"properties":{"kind":"campsite","src":"overture:meta","name":"D.J. Kojo's Kampin LLC","addr":"W 1711 56th Street, Lyndon Station","elev_ft":945}},{"type":"Feature","geometry":{"type":"Point","coordinates":[-89.788322,43.631844]},"properties":{"kind":"campsite","src":"overture:meta","name":"Sherwood Forest Camping & RV Park","website":"http://www.sherwoodforestcamping.com/","addr":"2852 Wisconsin Dells Pkwy, Wisconsin Dells","elev_ft":889}},{"type":"Feature","geometry":{"type":"Point","coordinates":[-90.756805,44.792328]},"properties":{"kind":"campsite","src":"overture:meta","name":"Mead Lake Campground","addr":"W8771 N Lake Rd, Greenwood","elev_ft":1142}},{"type":"Feature","geometry":{"type":"Point","coordinates":[-89.399254,42.618362]},"properties":{"kind":"campsite","src":"overture:meta","name":"Crazy Horse Campground","website":"http://www.crazyhorsewi.com/","addr":"N3201 Crazy Horse Ln, Decatur","elev_ft":787}},{"type":"Feature","geometry":{"type":"Point","coordinates":[-89.617615,43.666458]},"properties":{"kind":"campsite","src":"overture:Microsoft","name":"Lake Mason Campground","website":"https://camplakemason.com/","addr":"4035 1st Lane, Briggsville","elev_ft":860}},{"type":"Feature","geometry":{"type":"Point","coordinates":[-91.83831,46.273628]},"properties":{"kind":"campsite","src":"overture:meta","name":"Charlie Brown's Campground","addr":"8360 E Flowage Ln, Gordon","elev_ft":1060}},{"type":"Feature","geometry":{"type":"Point","coordinates":[-91.677101,45.346058]},"properties":{"kind":"campsite","src":"overture:meta","name":"Sunrise Resort & Campground","website":"https://www.sunriseresortchetek.com/","addr":"973 23 1/2 St, Chetek","elev_ft":1050}},{"type":"Feature","geometry":{"type":"Point","coordinates":[-91.205757,45.949936]},"properties":{"kind":"campsite","src":"overture:meta","name":"Sisko's Pine Point Resort","website":"http://Siskosresort.com/","addr":"8677 N County Road CC, Hunter","elev_ft":1329}},{"type":"Feature","geometry":{"type":"Point","coordinates":[-89.95475,44.036797]},"properties":{"kind":"campsite","src":"overture:meta","name":"Big Toys Super Storage, Aqua-holics Marina LLC","addr":"1524 20th Ave, Strongs Prairie","elev_ft":915}},{"type":"Feature","geometry":{"type":"Point","coordinates":[-91.294044,46.476299]},"properties":{"kind":"campsite","src":"overture:meta","name":"Delta Campground","website":"www.bayfieldcounty.org/239/Delta-Lake-Campground","addr":"62100 Delta Lake Rd, Iron River","elev_ft":1070}},{"type":"Feature","geometry":{"type":"Point","coordinates":[-87.460892,44.630329]},"properties":{"kind":"campsite","src":"overture:meta","name":"Ahnapee Shores Camping Resort","website":"http://Ahnapee.com/","addr":"E6053 W Wilson Rd, Algoma","elev_ft":597}},{"type":"Feature","geometry":{"type":"Point","coordinates":[-89.656265,45.917572]},"properties":{"kind":"campsite","src":"overture:meta","name":"Arbor Vitae Campground","website":"http://www.av-campground.com/","addr":"10545 Big Arbor Vitae Dr, Arbor Vitae","elev_ft":1617}},{"type":"Feature","geometry":{"type":"Point","coordinates":[-88.901581,44.266098]},"properties":{"kind":"campsite","src":"overture:meta","name":"Yogi Bear's Jellystone Park","website":"http://www.fremontjellystone.com","addr":"E6506 WI-110, Fremont","elev_ft":781}},{"type":"Feature","geometry":{"type":"Point","coordinates":[-88.191711,44.375896]},"properties":{"kind":"campsite","src":"overture:Foursquare","name":"Apple Creek Campground","website":"http://www.applecreekcamping.com","addr":"N3831 County Road U, De Pere","elev_ft":686}},{"type":"Feature","geometry":{"type":"Point","coordinates":[-91.716995,44.157776]},"properties":{"kind":"campsite","src":"overture:meta","name":"Sleepy Hollow Campground","website":"http://www.campsleepy.com/","addr":"W922 Lower Eagle Valley Rd, Fountain City","elev_ft":771}},{"type":"Feature","geometry":{"type":"Point","coordinates":[-90.023407,43.162128]},"properties":{"kind":"campsite","src":"overture:meta","name":"Traders Canoe Kayak Re","addr":"6174 US Highway 14, Arena","elev_ft":715}},{"type":"Feature","geometry":{"type":"Point","coordinates":[-89.204552,45.512562]},"properties":{"kind":"campsite","src":"overture:meta","name":"Weaver's Resort and Campground","website":"http://www.weaversresort.com/","addr":"1001 Weaver Rd, Pelican Lake","elev_ft":1591}},{"type":"Feature","geometry":{"type":"Point","coordinates":[-89.889885,45.971657]},"properties":{"kind":"campsite","src":"overture:meta","name":"Lac Du Flambeau Tribal Campground","website":"http://www.lacduflambeauchamber.com","addr":"2549 OLD ABE Rd, Lac du Flambeau","elev_ft":1604}},{"type":"Feature","geometry":{"type":"Point","coordinates":[-91.103745,46.855392]},"properties":{"kind":"rv_park","src":"overture:meta","name":"Lost Creek Adventures","website":"https://americancanoe.org/","addr":"22475 State Highway 13, Cornucopia","elev_ft":620}},{"type":"Feature","geometry":{"type":"Point","coordinates":[-90.448555,45.672459]},"properties":{"kind":"campsite","src":"overture:meta","name":"Elsen's Landing LLC","website":"http://Elsenslanding.com/","addr":"8249 E Wilson Lake Flowage Road, Town of Elk","elev_ft":1450}},{"type":"Feature","geometry":{"type":"Point","coordinates":[-89.598969,43.810135]},"properties":{"kind":"campsite","src":"overture:meta","name":"Emrick Lake Campground","website":"http://emricklake.com/","addr":"105 Fawn Dr, Oxford","elev_ft":994}},{"type":"Feature","geometry":{"type":"Point","coordinates":[-89.862427,43.611004]},"properties":{"kind":"campsite","src":"overture:Foursquare","name":"Christmas Mountain Campground","website":"https://christmas-mountain-campground.mydirectstay.com","addr":"S944 Christmas Mountain Rd, Wisconsin Dells","elev_ft":1047}},{"type":"Feature","geometry":{"type":"Point","coordinates":[-91.19754,46.293797]},"properties":{"kind":"campsite","src":"overture:meta","name":"Two Lakes Campground","addr":"49725 N Lake Owen Dr, Town of Drummond","elev_ft":1358}},{"type":"Feature","geometry":{"type":"Point","coordinates":[-92.168816,45.000656]},"properties":{"kind":"rv_park","src":"overture:meta","name":"Glen Hills County Park","addr":"3135 Campground Ln, Glenwood City","elev_ft":1161}},{"type":"Feature","geometry":{"type":"Point","coordinates":[-89.687683,45.90295]},"properties":{"kind":"campsite","src":"overture:meta","name":"Hiawatha Trailer Resort","website":"http://www.hiawathatrailerresort.com","addr":"1077 Old Highway 51, Woodruff","elev_ft":1627}},{"type":"Feature","geometry":{"type":"Point","coordinates":[-92.341255,45.504738]},"properties":{"kind":"campsite","src":"overture:meta","name":"Sherrard's Resort (Luke's Sunny Saloon)","addr":"2049 90th St, Luck","elev_ft":1165}},{"type":"Feature","geometry":{"type":"Point","coordinates":[-91.886383,45.936001]},"properties":{"kind":"rv_park","src":"overture:meta","name":"Bay Park Resort & Campground","website":"http://www.bayparkresort.com/","addr":"N8347 Bay Park Rd, Trego","elev_ft":1093}},{"type":"Feature","geometry":{"type":"Point","coordinates":[-89.309685,44.352608]},"properties":{"kind":"campsite","src":"overture:meta","name":"Wild West Campground and Corral","website":"http://www.wildwestcampground.com/","addr":"9495 State Highway 54, Amherst","elev_ft":1086}},{"type":"Feature","geometry":{"type":"Point","coordinates":[-87.355637,44.977608]},"properties":{"kind":"campsite","src":"overture:meta","name":"Monument Point Camping","website":"http://www.monumentpointcamping.com","addr":"5718 Monument Point Rd, Egg Harbor","elev_ft":823}},{"type":"Feature","geometry":{"type":"Point","coordinates":[-88.302063,45.386391]},"properties":{"kind":"campsite","src":"overture:Foursquare","name":"Kosir's Rapid Rafts","website":"http://www.kosirs.com","addr":"14073 County Road C, Athelstane","elev_ft":1053}},{"type":"Feature","geometry":{"type":"Point","coordinates":[-90.815651,44.293251]},"properties":{"kind":"campsite","src":"overture:meta","name":"Parkland Village Campground","website":"http://www.parklandvillagecampground.com/","addr":"N6150 Julianna Rd, Black River Falls","elev_ft":886}},{"type":"Feature","geometry":{"type":"Point","coordinates":[-89.099564,44.275574]},"properties":{"kind":"campsite","src":"overture:meta","name":"Rustic Woods Campground","website":"http://www.rusticwoodscampground.com","addr":"E2585 Southwood Dr, Waupaca","elev_ft":860}},{"type":"Feature","geometry":{"type":"Point","coordinates":[-89.348465,46.005234]},"properties":{"kind":"campsite","src":"overture:meta","name":"Camp Ramah in Wisconsin","website":"https://linktr.ee/campramah","addr":"3390 Ramah Cir, Conover","elev_ft":1699}},{"type":"Feature","geometry":{"type":"Point","coordinates":[-90.709991,44.409069]},"properties":{"kind":"campsite","src":"overture:meta","name":"East Lake Arbutus Campground","addr":"W7848 Duck Hill Rd, Merrillan","elev_ft":906}},{"type":"Feature","geometry":{"type":"Point","coordinates":[-90.642883,46.261139]},"properties":{"kind":"campsite","src":"overture:meta","name":"Wildwood Haven Resort and Campground","website":"http://www.wildwoodhavenresort.com/","addr":"30551 Long Lake Rd, Mellen","elev_ft":1503}},{"type":"Feature","geometry":{"type":"Point","coordinates":[-90.528465,44.124451]},"properties":{"kind":"campsite","src":"overture:meta","name":"Yogi Bear's Jellystone Park","website":"http://www.jellystonewarrens.com","addr":"1500 Jellystone Park Dr, Warrens","elev_ft":1056}},{"type":"Feature","geometry":{"type":"Point","coordinates":[-89.632248,43.293144]},"properties":{"kind":"campsite","src":"overture:Foursquare","name":"Crystal Lake RV Resort","website":"http://www.crystallakecampground.com","addr":"N550 Gannon Rd, Lodi","elev_ft":892}},{"type":"Feature","geometry":{"type":"Point","coordinates":[-88.505219,45.702847]},"properties":{"kind":"campsite","src":"overture:meta","name":"Laura Lake Campground","website":"http://www.rvparkreviews.com/regions/wisconsin/armstrong-creek/laura-lake...","addr":"9139 Laura Lake Road 121, Armstrong Creek","elev_ft":1496}},{"type":"Feature","geometry":{"type":"Point","coordinates":[-90.026932,42.941246]},"properties":{"kind":"campsite","src":"overture:meta","name":"Tom's Campground","website":"http://www.tomscampground.com/","addr":"2626 Spring Rd, Ridgeway","elev_ft":1043}},{"type":"Feature","geometry":{"type":"Point","coordinates":[-92.672432,45.131145]},"properties":{"kind":"campsite","src":"overture:Microsoft","name":"Apple River Family Campground","website":"http://www.appleriverfamilycampground.com/","addr":"345 Church Hill Rd, Somerset","elev_ft":892}},{"type":"Feature","geometry":{"type":"Point","coordinates":[-91.269073,45.338852]},"properties":{"kind":"campsite","src":"overture:meta","name":"Winter Haven Resort - Bar & Grill","addr":"N1460 Pulaski Lake Rd, Washington","elev_ft":1076}},{"type":"Feature","geometry":{"type":"Point","coordinates":[-92.651131,45.112198]},"properties":{"kind":"campsite","src":"overture:meta","name":"Apple River Hideaway","website":"http://mikekappers.com/","addr":"260 Main St, Somerset","elev_ft":823}},{"type":"Feature","geometry":{"type":"Point","coordinates":[-89.755478,43.532352]},"properties":{"kind":"campsite","src":"overture:meta","name":"Fox Hill RV Resort & Campground","website":"http://www.foxhillrvresort.com/","addr":"E11371 N Reedsburg Rd, Baraboo","elev_ft":1037}},{"type":"Feature","geometry":{"type":"Point","coordinates":[-91.821152,45.937073]},"properties":{"kind":"rv_park","src":"overture:meta","name":"Trailside Campground LLC ","addr":"W5473 Whalen Lake Rd, Trego","elev_ft":1168}},{"type":"Feature","geometry":{"type":"Point","coordinates":[-91.473114,45.684299]},"properties":{"kind":"campsite","src":"overture:meta","name":"Stimpson's Lil' Bit Bait Shop and Campground","addr":"15550 W State Road 48, Birchwood","elev_ft":1316}},{"type":"Feature","geometry":{"type":"Point","coordinates":[-89.636459,44.239212]},"properties":{"kind":"campsite","src":"overture:meta","name":"Ponderosa Pines","website":"https://ponderosapinesbancroft.com/","addr":"287 WI-73, Bancroft","elev_ft":1070}},{"type":"Feature","geometry":{"type":"Point","coordinates":[-88.626228,45.13892]},"properties":{"kind":"campsite","src":"overture:meta","name":"Boulder Lake Campground","website":"http://www.recreation.gov/camping/boulder-lake/r/campgrounddetails.do?contractcode=nrso&parkid=73637","elev_ft":1175}},{"type":"Feature","geometry":{"type":"Point","coordinates":[-88.986641,45.939175]},"properties":{"kind":"campsite","src":"overture:meta","name":"Franklin Lake Campground","addr":"Forest Road 2181, Hiles","elev_ft":1716}},{"type":"Feature","geometry":{"type":"Point","coordinates":[-90.610855,42.580956]},"properties":{"kind":"campsite","src":"overture:meta","name":"Rustic Barn Campground and RV Park","website":"http://www.rusticbarnrvpark.com","addr":"3854 Dry Hollow Rd, Jamestown","elev_ft":948}},{"type":"Feature","geometry":{"type":"Point","coordinates":[-89.364891,43.801991]},"properties":{"kind":"campsite","src":"overture:Foursquare","name":"Kilby Lake Campground","website":"http://www.kilbylake.com","addr":"Fern Rd, Montello","elev_ft":837}},{"type":"Feature","geometry":{"type":"Point","coordinates":[-92.108086,45.342354]},"properties":{"kind":"campsite","src":"overture:meta","name":"Moon Lake Resort","website":"http://Moonlake-resort.com/","addr":"231 9 1/4 Ave, Clayton","elev_ft":1171}},{"type":"Feature","geometry":{"type":"Point","coordinates":[-88.278542,42.842216]},"properties":{"kind":"campsite","src":"overture:meta","name":"Countryview Campground","website":"http://www.countryviewcamp.com","addr":"S110W26400 Craig Ave, Mukwonago","elev_ft":899}},{"type":"Feature","geometry":{"type":"Point","coordinates":[-92.506058,45.923378]},"properties":{"kind":"campsite","src":"overture:meta","name":"Hap's Landing","website":"https://www.rvparkstore.com/","addr":"10151 Cutler Rd, Union","elev_ft":935}},{"type":"Feature","geometry":{"type":"Point","coordinates":[-91.768814,45.910786]},"properties":{"kind":"campsite","src":"overture:Foursquare","name":"Flatwaters Saloon & Campground","website":"https://www.flatwaterssalooncampground.com","addr":"W4606 US State Hwy 63, Trego","elev_ft":1093}},{"type":"Feature","geometry":{"type":"Point","coordinates":[-91.440964,46.049328]},"properties":{"kind":"campsite","src":"overture:meta","name":"Hayward KOA Holiday","website":"https://koa.com/campgrounds/hayward/","addr":"11544 N US Highway 63, Hayward","elev_ft":1217}},{"type":"Feature","geometry":{"type":"Point","coordinates":[-91.646263,45.353275]},"properties":{"kind":"campsite","src":"overture:meta","name":"Lynda's Lakeshore Resort","website":"https://lyndaslakeshoreresort.com","addr":"1017 24 1/2 25th St, Chetek","elev_ft":1050}},{"type":"Feature","geometry":{"type":"Point","coordinates":[-89.09819,44.289486]},"properties":{"kind":"rv_park","src":"overture:meta","name":"Inter-Tribal Family Camp","addr":"N1385 CR-E, Waupaca","elev_ft":856}},{"type":"Feature","geometry":{"type":"Point","coordinates":[-87.593018,44.774963]},"properties":{"kind":"campsite","src":"overture:meta","name":"Door County KOA Holiday","website":"https://koa.com/campgrounds/door-county/","addr":"9245 Lovers Ln, Brussels","elev_ft":669}},{"type":"Feature","geometry":{"type":"Point","coordinates":[-88.767189,45.236435]},"properties":{"kind":"campsite","src":"overture:meta","name":"9 Mile All Sport Resort","website":"http://www.9mileresort.com/","addr":"N5751 State Highway 55, White Lake","elev_ft":1499}},{"type":"Feature","geometry":{"type":"Point","coordinates":[-88.218483,43.601452]},"properties":{"kind":"campsite","src":"overture:meta","name":"Camp Northern Lights","website":"http://www.campnorthernlightswi.com/","addr":"W1258 Lake Dr, Campbellsport","elev_ft":984}},{"type":"Feature","geometry":{"type":"Point","coordinates":[-89.512932,43.482441]},"properties":{"kind":"campsite","src":"overture:meta","name":"Sky High Camping Resort","website":"https://skyhighcampingresort.com/","addr":"N5740 Sky High Dr, Caledonia","elev_ft":1237}},{"type":"Feature","geometry":{"type":"Point","coordinates":[-88.160637,43.665058]},"properties":{"kind":"campsite","src":"overture:meta","name":"Long Lake Recreation Area","website":"http://dnr.wi.gov/topic/parks/name/kmn/camping.html","addr":"N3450 Division Rd, Osceola","elev_ft":1066}},{"type":"Feature","geometry":{"type":"Point","coordinates":[-89.80452,43.756615]},"properties":{"kind":"campsite","src":"overture:meta","name":"Dells Camping Resort","website":"http://www.campthedells.com/","addr":"1130 Freedom Ct, Wisconsin Dells","elev_ft":981}},{"type":"Feature","geometry":{"type":"Point","coordinates":[-88.688362,45.13459]},"properties":{"kind":"campsite","src":"overture:meta","name":"Gardner Dam Adventure Base","website":"http://www.baylakesbsa.org/camping/gardner-dam-scout-camp/52141","addr":"N 2940 Gardner Dam Rd, Town of Wolf River","elev_ft":1175}},{"type":"Feature","geometry":{"type":"Point","coordinates":[-91.018707,44.111271]},"properties":{"kind":"campsite","src":"overture:meta","name":"The English Pale Campground and Resort","website":"http://www.englishpalewi.com/","addr":"W14153 State Hwy 54, Melrose","elev_ft":761}},{"type":"Feature","geometry":{"type":"Point","coordinates":[-89.207626,45.941231]},"properties":{"kind":"campsite","src":"overture:meta","name":"Peaceful Pines Resort","website":"https://www.peacefulpinesresort.com/","addr":"1875 Hat Trick Trl, Eagle River","elev_ft":1637}},{"type":"Feature","geometry":{"type":"Point","coordinates":[-89.715607,45.980423]},"properties":{"kind":"rv_park","src":"overture:meta","name":"Punch Lake Campground","website":"http://punchlake.com/","addr":"2747 Wihega Rd, Arbor Vitae","elev_ft":1683}},{"type":"Feature","geometry":{"type":"Point","coordinates":[-89.757072,43.437134]},"properties":{"kind":"campsite","src":"overture:meta","name":"Skillet Creek Campground","website":"http://www.skilletcreekcampground.com/","addr":"E11329 WI-136, Baraboo","elev_ft":994}},{"type":"Feature","geometry":{"type":"Point","coordinates":[-87.042755,45.221779]},"properties":{"kind":"campsite","src":"overture:meta","name":"Wagon Trail Campground","website":"http://www.wagontrailcampground.com/","addr":"1190 County Road ZZ, Liberty Grove","elev_ft":617}},{"type":"Feature","geometry":{"type":"Point","coordinates":[-87.293587,45.002766]},"properties":{"kind":"campsite","src":"overture:meta","name":"Rustic Timbers Door County Camping","website":"http://www.rustictimbersdoorcountycamping.com/","addr":"4906 Court Rd, Egg Harbor","elev_ft":778}},{"type":"Feature","geometry":{"type":"Point","coordinates":[-90.024788,42.581192]},"properties":{"kind":"campsite","src":"overture:meta","name":"Wolf Creek Campground","website":"http://www.gratiot.us/recreation.html","addr":"Riverside Rd, Gratiot","elev_ft":791}},{"type":"Feature","geometry":{"type":"Point","coordinates":[-87.306221,44.955803]},"properties":{"kind":"campsite","src":"overture:Microsoft","name":"Geitner Homestead Equine Campground","website":"https://geitnerhomestead.com/","addr":"5883 Oak Rd, Sturgeon Bay","elev_ft":791}},{"type":"Feature","geometry":{"type":"Point","coordinates":[-89.705971,45.516289]},"properties":{"kind":"campsite","src":"overture:meta","name":"Tomahawk Campground & RV Park","website":"http://tomahawk-campground.com/","addr":"W5548 Bill France Way, Tomahawk","elev_ft":1457}},{"type":"Feature","geometry":{"type":"Point","coordinates":[-88.834595,44.211147]},"properties":{"kind":"campsite","src":"overture:meta","name":"Hahn-A-Lula Resort","website":"https://www.tiktok.com/@bigfranksresort?lang=en","addr":"8861 S Wolf River Rd, Wolf River","elev_ft":758}},{"type":"Feature","geometry":{"type":"Point","coordinates":[-89.159836,46.059639]},"properties":{"kind":"campsite","src":"overture:meta","name":"Royal's Place Conover Wi","addr":"4412 Twin Overlook, Conover","elev_ft":1772}},{"type":"Feature","geometry":{"type":"Point","coordinates":[-88.667252,45.543865]},"properties":{"kind":"campsite","src":"overture:meta","name":"Trailside Hideaway LLC","website":"http://www.trailsidehideaway.com","addr":"4684 Runny Waters Rd, Town of Laona","elev_ft":1581}},{"type":"Feature","geometry":{"type":"Point","coordinates":[-88.630821,42.976944]},"properties":{"kind":"campsite","src":"overture:meta","name":"Rome Riverside Campground","website":"http://www.romeriversidecampground.com/","addr":"N3780 W Water St, Sullivan","elev_ft":879}},{"type":"Feature","geometry":{"type":"Point","coordinates":[-88.090652,45.584633]},"properties":{"kind":"campsite","src":"overture:meta","name":"Northland Camp & Conference Center","website":"https://northlandinstitute.org/partner/","addr":"W10085 Pike Plains Rd, Dunbar","elev_ft":1043}},{"type":"Feature","geometry":{"type":"Point","coordinates":[-91.319595,45.161503]},"properties":{"kind":"campsite","src":"overture:meta","name":"Trapper Arts Resort","website":"https://www.hipcamp.com/en-US/land/wisconsin-trapper-arts-camping-retreat-kk9h07p0?adults=1&children=0","addr":"22000 178th St, Cleveland","elev_ft":1102}},{"type":"Feature","geometry":{"type":"Point","coordinates":[-88.437126,45.131252]},"properties":{"kind":"campsite","src":"overture:meta","name":"Slippery Rock, Chute Pond","website":"https://co.oconto.wi.us/parks/camping/chute_pond_county_park/details","elev_ft":876}},{"type":"Feature","geometry":{"type":"Point","coordinates":[-90.888016,43.918076]},"properties":{"kind":"rv_park","src":"overture:meta","name":"Whiskey Creek Family RV Park","website":"http://booking.staylist.app/Whiskeycreek","addr":"17694 Icarus Rd, Sparta","elev_ft":755}},{"type":"Feature","geometry":{"type":"Point","coordinates":[-87.064262,45.188599]},"properties":{"kind":"campsite","src":"overture:meta","name":"CAMP Door County RV Resort & Campground","website":"https://www.eventbrite.com/e/campgrass-music-festival-2026-tickets-1984330266243","addr":"10663 County Road ZZ, Liberty Grove","elev_ft":623}},{"type":"Feature","geometry":{"type":"Point","coordinates":[-91.497978,45.861298]},"properties":{"kind":"campsite","src":"overture:meta","name":"Sand Lake Pines Resort and Campground","website":"http://www.Sandlakepines.com/","addr":"16026 W State Road 27 70, Sand Lake","elev_ft":1309}},{"type":"Feature","geometry":{"type":"Point","coordinates":[-91.406151,46.556507]},"properties":{"kind":"campsite","src":"overture:meta","name":"Moon Lake Park","addr":"Co Hwy H, Town of Iron River","elev_ft":1122}},{"type":"Feature","geometry":{"type":"Point","coordinates":[-89.179436,44.172783]},"properties":{"kind":"campsite","src":"overture:meta","name":"Wilson Lake Campground and Resort","website":"http://www.wilsonlakecampground.com/","addr":"W5950 Archer Ln, Springwater","elev_ft":902}},{"type":"Feature","geometry":{"type":"Point","coordinates":[-90.919922,46.582653]},"properties":{"kind":"campsite","src":"overture:Foursquare","name":"Prentice Park","website":"https://ashlandparks.org/Default.aspx?id=9","addr":"Park Road, Ashland","elev_ft":591}},{"type":"Feature","geometry":{"type":"Point","coordinates":[-91.438469,44.915817]},"properties":{"kind":"campsite","src":"overture:meta","name":"Eagle Ridge Campground","website":"http://www.eagleridgecampground.com/","addr":"2302 Nelson Rd, Chippewa Falls","elev_ft":896}},{"type":"Feature","geometry":{"type":"Point","coordinates":[-90.685051,44.015385]},"properties":{"kind":"campsite","src":"overture:meta","name":"Pine View Campground","website":"http://mccoy.armymwr.com/us/mccoy/programs/pine-view-campground","addr":"1668 S J St, Sparta","elev_ft":863}},{"type":"Feature","geometry":{"type":"Point","coordinates":[-87.135315,45.071808]},"properties":{"kind":"campsite","src":"overture:meta","name":"Baileys Grove Campground","website":"http://www.baileysgrovecampground.com","addr":"2552 County Road F, Baileys Harbor","elev_ft":633}},{"type":"Feature","geometry":{"type":"Point","coordinates":[-89.473846,43.112179]},"properties":{"kind":"campsite","src":"overture:Foursquare","name":"Mendota County Park","website":"http://www.countyofdane.com/lwrd/parks/mendota.aspx","elev_ft":928}},{"type":"Feature","geometry":{"type":"Point","coordinates":[-88.006477,43.776043]},"properties":{"kind":"campsite","src":"overture:Foursquare","name":"Sundance Farm Campground","website":"http://www.sundancefarmcampground.com","addr":"W6224 Woodland Rd, Plymouth","elev_ft":922}},{"type":"Feature","geometry":{"type":"Point","coordinates":[-90.158928,43.881779]},"properties":{"kind":"campsite","src":"overture:meta","name":"Riverside Park & Campground","website":"https://riverside-park-campground-wi.hub.biz/","addr":"Hog Island Rd, New Lisbon","elev_ft":886}},{"type":"Feature","geometry":{"type":"Point","coordinates":[-91.10125,46.216621]},"properties":{"kind":"campsite","src":"overture:Foursquare","name":"Westwinds Resort","website":"http://www.westwindresortwi.com","addr":"44145 Dodd Dr, Cable","elev_ft":1414}},{"type":"Feature","geometry":{"type":"Point","coordinates":[-91.057106,42.762115]},"properties":{"kind":"campsite","src":"overture:Foursquare","name":"Schleichers Landing","website":"http://schleicherslanding.placeweb.site","addr":"7110 Closing Dam Rd, Cassville","elev_ft":636}},{"type":"Feature","geometry":{"type":"Point","coordinates":[-91.223015,43.658333]},"properties":{"kind":"campsite","src":"overture:meta","name":"Sunset Waters Campground & Estates","website":"http://www.sunsetwaterswi.com/","addr":"400 Front St, Stoddard","elev_ft":646}},{"type":"Feature","geometry":{"type":"Point","coordinates":[-91.055779,43.243271]},"properties":{"kind":"campsite","src":"overture:meta","name":"Mississippi Bend Campground and RV Park","website":"http://www.msbend.com","addr":"251 Hillside Dr, Lynxville","elev_ft":801}},{"type":"Feature","geometry":{"type":"Point","coordinates":[-91.013023,42.994484]},"properties":{"kind":"rv_park","src":"overture:meta","name":"Wisconsin Badger Camp","website":"http://www.badgercamp.org/","addr":"11815 Munz Ln, Prairie du Chien","elev_ft":1142}},{"type":"Feature","geometry":{"type":"Point","coordinates":[-90.861839,42.693302]},"properties":{"kind":"campsite","src":"overture:Foursquare","name":"WhiteTail Bluff","website":"http://www.whitetailbluffcamp.com","addr":"8973 Irish Ridge Rd, Cassville","elev_ft":883}},{"type":"Feature","geometry":{"type":"Point","coordinates":[-90.799736,42.888252]},"properties":{"kind":"campsite","src":"overture:meta","name":"Martin Branch Campground","addr":"7569 Govier Rd, Lancaster","elev_ft":856}},{"type":"Feature","geometry":{"type":"Point","coordinates":[-90.754799,42.879211]},"properties":{"kind":"campsite","src":"overture:meta","name":"Klondyke Secluded Acres","addr":"6656 Pine Knob Rd, Lancaster","elev_ft":873}},{"type":"Feature","geometry":{"type":"Point","coordinates":[-90.294205,42.776432]},"properties":{"kind":"campsite","src":"overture:meta","name":"Lake Joy Campground","website":"http://www.lakejoy.com/","addr":"24192 Lake Joy Ln, Belmont","elev_ft":1024}},{"type":"Feature","geometry":{"type":"Point","coordinates":[-90.230957,42.579315]},"properties":{"kind":"campsite","src":"overture:meta","name":"DAT Campground","website":"http://Www.datcampground.com/","addr":"650 N Judgement St, Shullsburg","elev_ft":955}},{"type":"Feature","geometry":{"type":"Point","coordinates":[-90.328331,42.533173]},"properties":{"kind":"campsite","src":"overture:meta","name":"Blackstone Campground & RV Park","website":"https://parkwith.us/camps/blackstone-campground-&-rv-park","addr":"2779 Shawnee Rd, Shullsburg","elev_ft":876}},{"type":"Feature","geometry":{"type":"Point","coordinates":[-89.987526,42.512222]},"properties":{"kind":"campsite","src":"overture:meta","name":"Backyard Campground","website":"http://backyardcampground.com/","addr":"1263 County Road KK, Gratiot","elev_ft":981}},{"type":"Feature","geometry":{"type":"Point","coordinates":[-89.950966,42.762352]},"properties":{"kind":"campsite","src":"overture:meta","name":"Yellowstone Lake Chalet Campground","website":"http://ylccampground.com/","addr":"18472 N Lake Rd, Blanchardville","elev_ft":846}},{"type":"Feature","geometry":{"type":"Point","coordinates":[-90.677292,43.212654]},"properties":{"kind":"campsite","src":"overture:Foursquare","name":"lake valley camp","website":"http://lakevalleycamp.org","addr":"40526 Hoover Hollow Rd, Boscobel","elev_ft":735}},{"type":"Feature","geometry":{"type":"Point","coordinates":[-90.397545,43.261559]},"properties":{"kind":"campsite","src":"overture:meta","name":"Camp Woodbrooke","website":"http://www.campwoodbrooke.org","addr":"30002 Shedivy Ln, Orion","elev_ft":984}},{"type":"Feature","geometry":{"type":"Point","coordinates":[-90.423996,43.371166]},"properties":{"kind":"campsite","src":"overture:meta","name":"Alana Springs Campground","website":"http://alanaspringscampground.com/","addr":"22628 Covered Bridge Dr, Richland","elev_ft":781}},{"type":"Feature","geometry":{"type":"Point","coordinates":[-90.848747,43.311558]},"properties":{"kind":"campsite","src":"overture:meta","name":"Kickapoo Stump Dodger Campground","website":"http://www.ksdcampground.com/","addr":"388 S Railroad St, Gays Mills","elev_ft":705}},{"type":"Feature","geometry":{"type":"Point","coordinates":[-90.452888,43.82481]},"properties":{"kind":"campsite","src":"overture:meta","name":"Tunnel Trail Campground","website":"http://www.tunneltrail.com/","addr":"26983 State Highway 71, Wilton","elev_ft":1129}},{"type":"Feature","geometry":{"type":"Point","coordinates":[-90.373039,43.967724]},"properties":{"kind":"campsite","src":"overture:meta","name":"Granger's LLC","website":"https://www.grangersllc.com/","addr":"566 N Oakwood St, Tomah","elev_ft":945}},{"type":"Feature","geometry":{"type":"Point","coordinates":[-90.571091,43.682945]},"properties":{"kind":"campsite","src":"overture:meta","name":"End of the Trail Horse Camp","website":"http://www.endofthetrailcampground.com/","addr":"E13722 Cass Valley Rd, Ontario","elev_ft":922}},{"type":"Feature","geometry":{"type":"Point","coordinates":[-90.480476,43.632545]},"properties":{"kind":"campsite","src":"overture:meta","name":"Trail Ridge Camp","website":"http://www.trailridge.org/","addr":"S2695 Cherith Way, Union","elev_ft":1306}},{"type":"Feature","geometry":{"type":"Point","coordinates":[-90.075165,43.897449]},"properties":{"kind":"campsite","src":"overture:meta","name":"Cedar Springs Campground","website":"http://mybpstation.com","addr":"N7001 State Road 58, New Lisbon","elev_ft":896}},{"type":"Feature","geometry":{"type":"Point","coordinates":[-90.013176,43.946281]},"properties":{"kind":"campsite","src":"overture:meta","name":"Buckhorn Campground & Resort","website":"http://www.buckhorncampgroundresort.com/","addr":"N8410 County Road G, Germantown","elev_ft":906}},{"type":"Feature","geometry":{"type":"Point","coordinates":[-89.993401,43.895779]},"properties":{"kind":"campsite","src":"overture:meta","name":"Ed Bryant Scout Reservation","website":"http://glaciersedgecamps.com/ed-bryant-scout-reservation","addr":"N6960 County Road G, Mauston","elev_ft":928}},{"type":"Feature","geometry":{"type":"Point","coordinates":[-89.839439,43.751335]},"properties":{"kind":"campsite","src":"overture:meta","name":"Dells Christian Campground","website":"http://www.dellschristiancampground.com/","addr":"3463 State Highway 13, Wisconsin Dells","elev_ft":951}},{"type":"Feature","geometry":{"type":"Point","coordinates":[-89.660339,43.739613]},"properties":{"kind":"campsite","src":"overture:meta","name":"Blue Lake Campground","website":"http://www.bluelakecampgrounddells.com","addr":"3531 County Road G, Jackson","elev_ft":942}},{"type":"Feature","geometry":{"type":"Point","coordinates":[-89.648201,43.779221]},"properties":{"kind":"campsite","src":"overture:meta","name":"Deep Lake Campground","website":"https://deeplakecampground.com/","addr":"348 Fish Ln, Oxford","elev_ft":971}},{"type":"Feature","geometry":{"type":"Point","coordinates":[-89.833496,43.68573]},"properties":{"kind":"campsite","src":"overture:meta","name":"In The Pines Seasonal Camp Resort","website":"http://www.inthepinescamp.com/","addr":"N1323 County Rd N, Lyndon Station","elev_ft":850}},{"type":"Feature","geometry":{"type":"Point","coordinates":[-89.869194,43.69141]},"properties":{"kind":"campsite","src":"overture:meta","name":"Bass Lake Campground","website":"https://www.youtube.com/watch?v=a7vENd-eqwQ","addr":"N1497 Southern Rd, Lyndon Station","elev_ft":942}},{"type":"Feature","geometry":{"type":"Point","coordinates":[-89.803635,43.590244]},"properties":{"kind":"campsite","src":"overture:meta","name":"JCC Chicago Camp Chi","website":"http://www.campchi.com/","addr":"443 W Munroe Ave, Lake Delton","elev_ft":925}},{"type":"Feature","geometry":{"type":"Point","coordinates":[-89.777092,43.559597]},"properties":{"kind":"campsite","src":"overture:meta","name":"Red Oak Campground","website":"http://www.redoakcampground.com","addr":"S2350 Timothy Ln, Delton","elev_ft":988}},{"type":"Feature","geometry":{"type":"Point","coordinates":[-89.737625,43.434967]},"properties":{"kind":"campsite","src":"overture:Foursquare","name":"Nordic Pines Campground","website":"http://www.nordicpines.com","addr":"E11740 County Road Dl, Baraboo","elev_ft":1043}},{"type":"Feature","geometry":{"type":"Point","coordinates":[-89.62886,43.296246]},"properties":{"kind":"campsite","src":"overture:Foursquare","name":"Crystal Lake Campground","website":"http://www.crystallakewicamping.com","addr":"N550 Gannon Rd, Lodi","elev_ft":889}},{"type":"Feature","geometry":{"type":"Point","coordinates":[-89.887077,43.285931]},"properties":{"kind":"campsite","src":"overture:Foursquare","name":"Witwen Park and Campground","website":"http://www.witwenpc.com","addr":"S9855 County Rd E, Sauk City","elev_ft":764}},{"type":"Feature","geometry":{"type":"Point","coordinates":[-89.847847,43.372673]},"properties":{"kind":"campsite","src":"overture:meta","name":"Tuckaway Campground","addr":"Tuckaway Dr, Town of Honey Creek","elev_ft":925}},{"type":"Feature","geometry":{"type":"Point","coordinates":[-90.013939,43.183689]},"properties":{"kind":"campsite","src":"overture:meta","name":"Trader's Island Campground","addr":"7608 Wittwer Rd, Arena","elev_ft":712}},{"type":"Feature","geometry":{"type":"Point","coordinates":[-89.811958,43.146061]},"properties":{"kind":"campsite","src":"overture:meta","name":"Hoofbeat Ridge Camps","website":"http://www.hoofbeat.org/","addr":"5304 Reeve Rd, Mazomanie","elev_ft":1073}},{"type":"Feature","geometry":{"type":"Point","coordinates":[-89.874702,43.216316]},"properties":{"kind":"campsite","src":"overture:meta","name":"Witwen Park & Campground","website":"http://www.witwenpc.com","addr":"E8963 State Road 60, Sauk City","elev_ft":814}},{"type":"Feature","geometry":{"type":"Point","coordinates":[-89.558205,43.781868]},"properties":{"kind":"campsite","src":"overture:meta","name":"Oxford Pub & Grub Stay & Play Campground","addr":"848 E Ormsby St, Oxford","elev_ft":853}},{"type":"Feature","geometry":{"type":"Point","coordinates":[-89.42469,43.773865]},"properties":{"kind":"campsite","src":"overture:meta","name":"Ox Creek Campground","website":"https://oxcreekcampground.com/","addr":"W5303 County Road C, Packwaukee","elev_ft":814}},{"type":"Feature","geometry":{"type":"Point","coordinates":[-89.416092,43.066525]},"properties":{"kind":"campsite","src":"overture:meta","name":"Camp Woodbrooke","website":"http://www.campwoodbrooke.org/","addr":"1704 Roberts Ct, Madison","elev_ft":902}},{"type":"Feature","geometry":{"type":"Point","coordinates":[-89.076599,42.888798]},"properties":{"kind":"campsite","src":"overture:meta","name":"Creekview Campground","website":"https://www.creekviewrvpark.com","addr":"748 Albion Rd, Albion","elev_ft":853}},{"type":"Feature","geometry":{"type":"Point","coordinates":[-88.940529,42.730473]},"properties":{"kind":"campsite","src":"overture:Foursquare","name":"Camp Rotamer","website":"http://www.clubrunner.ca/Portal/SitePages/SitePage.aspx?pid=50599","addr":"5245 E Rotamer Rd, Janesville","elev_ft":925}},{"type":"Feature","geometry":{"type":"Point","coordinates":[-88.915398,42.819752]},"properties":{"kind":"campsite","src":"overture:meta","name":"Camp Wakonda - Milton","website":"http://camp-wakonda.org/","addr":"10240 N Klug Rd, Milton","elev_ft":876}},{"type":"Feature","geometry":{"type":"Point","coordinates":[-89.315742,43.002468]},"properties":{"kind":"campsite","src":"overture:meta","name":"Lake Waubesa Bible Camp","website":"http://www.lwbc.com/","addr":"2851 Crescent Dr, McFarland","elev_ft":860}},{"type":"Feature","geometry":{"type":"Point","coordinates":[-89.196663,42.936756]},"properties":{"kind":"campsite","src":"overture:Foursquare","name":"Viking Village Campground","website":"http://vikingvillagecampground.com","addr":"1648 County Road N, Stoughton","elev_ft":886}},{"type":"Feature","geometry":{"type":"Point","coordinates":[-89.306931,43.420929]},"properties":{"kind":"campsite","src":"overture:meta","name":"Sleepy Dragon Campground","website":"http://www.Sleepydragoncampground.com/","addr":"N4003 Traut Rd, Rio","elev_ft":994}},{"type":"Feature","geometry":{"type":"Point","coordinates":[-89.294632,43.760441]},"properties":{"kind":"campsite","src":"overture:meta","name":"River's Bend Resort","website":"https://www.riversbendmontello.com/","addr":"W2614 Fox Ln, Montello","elev_ft":791}},{"type":"Feature","geometry":{"type":"Point","coordinates":[-89.27063,43.923443]},"properties":{"kind":"campsite","src":"overture:meta","name":"Paradise Pines","website":"https://paradise-pines-wi.hub.biz","addr":"W2179 Duck Creek Ave, Neshkoro","elev_ft":814}},{"type":"Feature","geometry":{"type":"Point","coordinates":[-89.232079,43.740505]},"properties":{"kind":"campsite","src":"overture:meta","name":"River's End Resort","website":"http://www.riversendresort.com","addr":"W7004 Puckaway Rd, Marquette","elev_ft":791}},{"type":"Feature","geometry":{"type":"Point","coordinates":[-89.2015,43.77071]},"properties":{"kind":"campsite","src":"overture:meta","name":"Lake Arrowhead Campground","website":"http://www.lakearrowheadcampground.com/","addr":"W781 Fox Ct, Montello","elev_ft":778}},{"type":"Feature","geometry":{"type":"Point","coordinates":[-89.179276,43.767345]},"properties":{"kind":"campsite","src":"overture:meta","name":"Lakeside Campground","website":"http://www.lakearrowheadcampground.com/lakeside.php","addr":"N3510 E Tomahawk Trl, Mecan","elev_ft":794}},{"type":"Feature","geometry":{"type":"Point","coordinates":[-89.170647,43.770454]},"properties":{"kind":"campsite","src":"overture:Foursquare","name":"Capt'n Copperhead Auctions","website":"http://captncopperheadauctions.com","addr":"W161 Fox Ct, Montello","elev_ft":781}},{"type":"Feature","geometry":{"type":"Point","coordinates":[-89.189262,43.574577]},"properties":{"kind":"campsite","src":"overture:meta","name":"Glacier Valley Campground","website":"http://glaciervalleycampground.com/","addr":"N8129 Larson Rd, Cambria","elev_ft":902}},{"type":"Feature","geometry":{"type":"Point","coordinates":[-89.174911,43.469471]},"properties":{"kind":"campsite","src":"overture:meta","name":"Silver Springs Campground","website":"https://www.campspot.com/book/silver-springs-campground-wi","addr":"N5048 Ludwig Rd, Rio","elev_ft":906}},{"type":"Feature","geometry":{"type":"Point","coordinates":[-88.980705,43.729992]},"properties":{"kind":"campsite","src":"overture:meta","name":"Shady Oaks Trailer Park & Campground","website":"http://www.CampatShadyOaks.com/","addr":"N2770 Park Rd, Markesan","elev_ft":971}},{"type":"Feature","geometry":{"type":"Point","coordinates":[-88.977562,43.732857]},"properties":{"kind":"campsite","src":"overture:meta","name":"Fernwood Campground","website":"http://fernwoodcampground.com","addr":"W1932 Pleasant Ave, Green Lake","elev_ft":978}},{"type":"Feature","geometry":{"type":"Point","coordinates":[-88.897911,43.576401]},"properties":{"kind":"campsite","src":"overture:meta","name":"Trailer Island Campground","website":"http://parksandcampgrounds.com","addr":"N10526 Oaks Rd, Fox Lake","elev_ft":899}},{"type":"Feature","geometry":{"type":"Point","coordinates":[-92.734474,44.945278]},"properties":{"kind":"campsite","src":"overture:Microsoft","name":"YMCA Camp DayCroix","website":"https://www.ymcanorth.org/camps/day_camp_daycroix","addr":"345 Riverview Dr, Hudson","elev_ft":856}},{"type":"Feature","geometry":{"type":"Point","coordinates":[-91.769196,44.16544]},"properties":{"kind":"campsite","src":"overture:meta","name":"Drift Inn","website":"http://www.driftinnwi.com/","addr":"S2945 Indian Creek Rd, Milton","elev_ft":656}},{"type":"Feature","geometry":{"type":"Point","coordinates":[-91.659317,44.191437]},"properties":{"kind":"campsite","src":"overture:meta","name":"Just a Farmer Campground","addr":"W626 James Way Rd, Cross","elev_ft":1211}},{"type":"Feature","geometry":{"type":"Point","coordinates":[-91.868095,44.237988]},"properties":{"kind":"campsite","src":"overture:Foursquare","name":"Wards Riverside Cabin","website":"http://www.wardsriversidecabins.com","addr":"950 N Front St, Cochrane","elev_ft":696}},{"type":"Feature","geometry":{"type":"Point","coordinates":[-92.153885,44.444847]},"properties":{"kind":"campsite","src":"overture:meta","name":"Lake Pepin Campground","website":"http://Lakepepincampground.com/","addr":"1010 Locust St, Pepin","elev_ft":722}},{"type":"Feature","geometry":{"type":"Point","coordinates":[-91.94725,44.365704]},"properties":{"kind":"campsite","src":"overture:meta","name":"Walker's Silvermoon","website":"https://www.walkersilvermoon.com/","addr":"S1582 WI-35, Alma","elev_ft":702}},{"type":"Feature","geometry":{"type":"Point","coordinates":[-91.080147,44.588089]},"properties":{"kind":"campsite","src":"overture:meta","name":"Ohana Adventure Resort and Campgrounds","website":"http://www.ohanaarc.com/","addr":"N14275 Moe Rd, Fairchild","elev_ft":1083}},{"type":"Feature","geometry":{"type":"Point","coordinates":[-90.735275,44.575943]},"properties":{"kind":"campsite","src":"overture:meta","name":"Outdoor Adventures","website":"https://m.facebook.com/Outdoor-AdventuresLLC-800824213714949","addr":"W8355 US Highway 10, Hewett","elev_ft":1053}},{"type":"Feature","geometry":{"type":"Point","coordinates":[-90.686073,44.455189]},"properties":{"kind":"rv_park","src":"overture:meta","name":"Riviera Resort- Cabins & RV Rentals","website":"https://rivieraresortandcampground.com/","addr":"N1035 Riviera Ave, Neillsville","elev_ft":896}},{"type":"Feature","geometry":{"type":"Point","coordinates":[-90.609146,44.444733]},"properties":{"kind":"campsite","src":"overture:meta","name":"Booker's Northern Escape","website":"http://www.bookersnorthernescape.com/","addr":"N722 Meads Ave, Neillsville","elev_ft":958}},{"type":"Feature","geometry":{"type":"Point","coordinates":[-90.950371,44.422379]},"properties":{"kind":"campsite","src":"overture:Microsoft","name":"Hixton / Alma Center KOA Holiday","website":"https://koa.com/campgrounds/hixton/","addr":"N9657 State Road 95, Alma Center","elev_ft":1030}},{"type":"Feature","geometry":{"type":"Point","coordinates":[-90.915855,44.175999]},"properties":{"kind":"campsite","src":"overture:meta","name":"Lost Falls Campground","website":"http://www.lostfalls.com/","addr":"N2974 E Sunnyvale Rd, Black River Falls","elev_ft":761}},{"type":"Feature","geometry":{"type":"Point","coordinates":[-90.829483,44.284431]},"properties":{"kind":"campsite","src":"overture:meta","name":"Castle Mound Campground","website":"http://dnr.wi.gov/topic/StateForests/blackRiver/camping.html","addr":"W10325 US-12, Brockway","elev_ft":886}},{"type":"Feature","geometry":{"type":"Point","coordinates":[-90.517944,43.990704]},"properties":{"kind":"rv_park","src":"overture:meta","name":"Country View Estates","website":"https://www.mhvillage.com/communities/mobilehomepark.php?key=26984","addr":"297 James St, Tomah","elev_ft":958}},{"type":"Feature","geometry":{"type":"Point","coordinates":[-90.523689,44.124836]},"properties":{"kind":"rv_park","src":"overture:meta","name":"Jellystone Park Warrens","website":"https://www.jellystonewarrens.com/","addr":"1500 Jellystone Park Dr, Warrens","elev_ft":1027}},{"type":"Feature","geometry":{"type":"Point","coordinates":[-90.37735,44.019787]},"properties":{"kind":"campsite","src":"overture:meta","name":"Woods Edge Campground","website":"http://www.woodsedgecampground.com/","addr":"10558 Freedom Rd, Tomah","elev_ft":919}},{"type":"Feature","geometry":{"type":"Point","coordinates":[-90.05159,44.029659]},"properties":{"kind":"campsite","src":"overture:meta","name":"St Joseph Inn Resort","website":"http://www.stjosephresort.com","addr":"W5630 State Road 21, Necedah","elev_ft":912}},{"type":"Feature","geometry":{"type":"Point","coordinates":[-90.012352,44.007633]},"properties":{"kind":"campsite","src":"overture:meta","name":"Castle Rock Lake Campground","website":"http://Castlerocklake.org/","addr":"N10038 County Road G, Necedah","elev_ft":915}},{"type":"Feature","geometry":{"type":"Point","coordinates":[-89.875671,44.270504]},"properties":{"kind":"campsite","src":"overture:meta","name":"Deer Trail Family Campground","website":"http://www.deertrailparkcampground.com","addr":"13846 County Road Z, Nekoosa","elev_ft":948}},{"type":"Feature","geometry":{"type":"Point","coordinates":[-89.622528,44.447578]},"properties":{"kind":"campsite","src":"overture:meta","name":"Ridgewood Campground","website":"http://www.ridgewoodontheriver.us/","addr":"4800 River Ridge Rd, Plover","elev_ft":1076}},{"type":"Feature","geometry":{"type":"Point","coordinates":[-88.937042,44.410988]},"properties":{"kind":"campsite","src":"overture:meta","name":"Bear Lake Campground","website":"http://www.bearlakecampground.com","addr":"N4715 WI-22, Manawa","elev_ft":817}},{"type":"Feature","geometry":{"type":"Point","coordinates":[-89.017342,44.411007]},"properties":{"kind":"campsite","src":"overture:meta","name":"Casey Lake","addr":"E4126 Casey Lake Ln, Ogdensburg","elev_ft":830}},{"type":"Feature","geometry":{"type":"Point","coordinates":[-89.250481,44.383446]},"properties":{"kind":"campsite","src":"overture:meta","name":"Riverside Bible Conference","website":"http://www.riversidebiblecamp.org/","addr":"6355 County Road DD, Lanark","elev_ft":991}},{"type":"Feature","geometry":{"type":"Point","coordinates":[-89.13488,44.400597]},"properties":{"kind":"campsite","src":"overture:meta","name":"Royal Oaks Legendary Lodging","website":"https://www.royaloaklegendarylodging.com/","addr":"N4440 Oakland Dr, Waupaca","elev_ft":968}},{"type":"Feature","geometry":{"type":"Point","coordinates":[-89.18441,44.337509]},"properties":{"kind":"campsite","src":"overture:meta","name":"Camp Tamarack - ABC of WI","website":"http://www.camptamarack.org/","addr":"E879 Golke Rd, Waupaca","elev_ft":928}},{"type":"Feature","geometry":{"type":"Point","coordinates":[-88.892738,44.265472]},"properties":{"kind":"campsite","src":"overture:meta","name":"Blue Top Resort & Campground","website":"http://www.bluetopresort.com/","addr":"1460 Wolf River Dr, Fremont","elev_ft":774}},{"type":"Feature","geometry":{"type":"Point","coordinates":[-89.168251,44.180935]},"properties":{"kind":"campsite","src":"overture:meta","name":"Rose's Enchanted Forest Campground","website":"https://rosesefc.com/contact.html","addr":"W5695 S County Road A, Wild Rose","elev_ft":915}},{"type":"Feature","geometry":{"type":"Point","coordinates":[-89.154839,44.160141]},"properties":{"kind":"campsite","src":"overture:meta","name":"Camp LuWiSoMo","website":"http://www.luwisomo.org/","addr":"W5421 Aspen Rd, Springwater","elev_ft":932}},{"type":"Feature","geometry":{"type":"Point","coordinates":[-89.166092,44.242859]},"properties":{"kind":"campsite","src":"overture:meta","name":"Pine Lake Camp","website":"http://www.CrosswaysCamps.org/","addr":"W5631 Akron Ave, Waupaca","elev_ft":902}},{"type":"Feature","geometry":{"type":"Point","coordinates":[-89.53627,44.140686]},"properties":{"kind":"campsite","src":"overture:Foursquare","name":"Hancock / Stevens Point South KOA Journey","website":"http://koa.com/campgrounds/hancock/","addr":"N4398 Elizabeth Ln, Hancock","elev_ft":1096}},{"type":"Feature","geometry":{"type":"Point","coordinates":[-89.476585,44.11797]},"properties":{"kind":"campsite","src":"overture:meta","name":"Tomorrow Wood Campground","website":"http://tomorrowwood.net/","addr":"N3845 7th Dr, Hancock","elev_ft":1161}},{"type":"Feature","geometry":{"type":"Point","coordinates":[-92.243286,44.872593]},"properties":{"kind":"campsite","src":"overture:meta","name":"Highland Ridge Equestrian Campground","website":"http://www.recreation.gov/campgroundDetails.do?contractCode=NRSO&parkId=73204","addr":"N2100 Dugan Rd, Spring Valley","elev_ft":1122}},{"type":"Feature","geometry":{"type":"Point","coordinates":[-91.43322,44.919464]},"properties":{"kind":"campsite","src":"overture:Foursquare","name":"Eagle Ridge Campground","website":"http://www.eagleridgecampground.com","addr":"2302 Nelson Rd, Chippewa Falls","elev_ft":843}},{"type":"Feature","geometry":{"type":"Point","coordinates":[-91.531212,44.761444]},"properties":{"kind":"campsite","src":"overture:meta","name":"Camp Brunswick","website":"http://www.campbrunswick.org/","addr":"S5020 William Ct, Eau Claire","elev_ft":922}},{"type":"Feature","geometry":{"type":"Point","coordinates":[-90.945793,44.607773]},"properties":{"kind":"campsite","src":"overture:meta","name":"Little Creek Family Campground","website":"http://www.littlecreekfamilycampground.com/","addr":"627 Tioga Rd, Fairchild","elev_ft":1037}},{"type":"Feature","geometry":{"type":"Point","coordinates":[-90.849861,44.732178]},"properties":{"kind":"campsite","src":"overture:Foursquare","name":"Rock Dam","addr":"W10666 Camp Globe Rd, Willard","elev_ft":1007}},{"type":"Feature","geometry":{"type":"Point","coordinates":[-91.14534,44.737411]},"properties":{"kind":"campsite","src":"overture:meta","name":"Trails Edge","addr":"S6604 State Road 27, Bridge Creek","elev_ft":942}},{"type":"Feature","geometry":{"type":"Point","coordinates":[-91.149185,44.716072]},"properties":{"kind":"campsite","src":"overture:meta","name":"Le Mere's Campground LLC","addr":"S8095 Bartig Rd, Augusta","elev_ft":955}},{"type":"Feature","geometry":{"type":"Point","coordinates":[-91.120483,44.755512]},"properties":{"kind":"campsite","src":"overture:Foursquare","name":"Stoney Creek RV Resort","website":"http://stoneycreekrvresort.com","addr":"E20210 Greens Landing Rd, Augusta","elev_ft":915}},{"type":"Feature","geometry":{"type":"Point","coordinates":[-89.324562,44.98727]},"properties":{"kind":"campsite","src":"overture:meta","name":"The Wellness Retreat","addr":"177852 County Road Z, Aniwa","elev_ft":1417}},{"type":"Feature","geometry":{"type":"Point","coordinates":[-88.91291,44.81488]},"properties":{"kind":"campsite","src":"overture:meta","name":"Tilleda Falls Campground","website":"http://www.tilledafalls.com/","addr":"W13165 CR-D, Seneca","elev_ft":961}},{"type":"Feature","geometry":{"type":"Point","coordinates":[-89.346878,44.777878]},"properties":{"kind":"campsite","src":"overture:meta","name":"Waypost Camp","website":"https://www.crosswayscamps.org/waypost","addr":"210608 Crooked Lake Dr, Hatley","elev_ft":1253}},{"type":"Feature","geometry":{"type":"Point","coordinates":[-88.967255,44.653786]},"properties":{"kind":"rv_park","src":"overture:meta","name":"Farmer Gene's Campground","website":"http://www.farmergenescampground.com","addr":"N11301 Kinney Lake Rd, Marion","elev_ft":909}},{"type":"Feature","geometry":{"type":"Point","coordinates":[-92.682388,45.130775]},"properties":{"kind":"campsite","src":"overture:Microsoft","name":"FloatRite Park","website":"http://www.floatrite.com/","addr":"710 Spring St, Somerset","elev_ft":827}},{"type":"Feature","geometry":{"type":"Point","coordinates":[-92.756775,45.183266]},"properties":{"kind":"campsite","src":"overture:meta","name":"Camp Clear-Waters","website":"http://www.fourthbaptist.org","addr":"300 221st Ave, Somerset","elev_ft":823}},{"type":"Feature","geometry":{"type":"Point","coordinates":[-92.6035,45.570225]},"properties":{"kind":"campsite","src":"overture:meta","name":"Freedom Valley Campground","website":"http://www.freedomvalleycampground.com/","addr":"2168 250th Ave, Laketown","elev_ft":1047}},{"type":"Feature","geometry":{"type":"Point","coordinates":[-92.371208,45.324005]},"properties":{"kind":"campsite","src":"overture:meta","name":"Port Valhalla Campground","website":"http://www.port-valhalla-campground.com/","addr":"794 100th St, Lincoln","elev_ft":1076}},{"type":"Feature","geometry":{"type":"Point","coordinates":[-92.469841,45.460014]},"properties":{"kind":"campsite","src":"overture:meta","name":"Lakeview Park Inc.","website":"http://lakeviewparkinc.com/","addr":"625 N State Road 46, Balsam Lake","elev_ft":1152}},{"type":"Feature","geometry":{"type":"Point","coordinates":[-92.103172,45.524261]},"properties":{"kind":"campsite","src":"overture:meta","name":"Northlake Campgrounds","website":"http://northlakecampgrounds.placeweb.site","addr":"250 22nd Ave, Comstock","elev_ft":1280}},{"type":"Feature","geometry":{"type":"Point","coordinates":[-92.162788,45.393337]},"properties":{"kind":"rv_park","src":"overture:meta","name":"Turtle Lake RV Park","website":"http://www.turtlelakervpark.com/","addr":"750 US-8, Turtle Lake","elev_ft":1227}},{"type":"Feature","geometry":{"type":"Point","coordinates":[-92.277786,45.25959]},"properties":{"kind":"campsite","src":"overture:meta","name":"Clear Lake Park","website":"http://www.clearlake-wi.gov/?q=node%2F15","addr":"398 7th St NW, Clear Lake","elev_ft":1135}},{"type":"Feature","geometry":{"type":"Point","coordinates":[-92.592346,45.729084]},"properties":{"kind":"campsite","src":"overture:meta","name":"Wood Lake Camp & Retreat Center","website":"http://www.WoodLake.us/","addr":"11850 Assembly Rd, Wood River","elev_ft":968}},{"type":"Feature","geometry":{"type":"Point","coordinates":[-92.578041,45.735989]},"properties":{"kind":"campsite","src":"overture:meta","name":"Luther Point Bible Camp","website":"http://www.lutherpoint.org/","addr":"11525 Luther Point Rd, Grantsburg","elev_ft":919}},{"type":"Feature","geometry":{"type":"Point","coordinates":[-92.57132,45.656803]},"properties":{"kind":"campsite","src":"overture:meta","name":"Classert's Willow Cove","website":"http://www.fishingnotes.com/fishing-report/fl/Willow-Cove","addr":"20411 Round Lake Rd, Trade Lake","elev_ft":955}},{"type":"Feature","geometry":{"type":"Point","coordinates":[-92.563728,45.709316]},"properties":{"kind":"campsite","src":"overture:Foursquare","name":"Wilderness Fellowship","website":"http://www.wildernessfellowship.com","addr":"21897 Spirit Lake Rd W Apt 4, Frederic","elev_ft":961}},{"type":"Feature","geometry":{"type":"Point","coordinates":[-92.557053,45.704384]},"properties":{"kind":"campsite","src":"overture:meta","name":"Birchwood Beach Resort","website":"https://www.birchwoodbeachcampgroundresort.com/","addr":"21710 Spirit Lake Rd W, Frederic","elev_ft":968}},{"type":"Feature","geometry":{"type":"Point","coordinates":[-92.459053,45.889664]},"properties":{"kind":"campsite","src":"overture:meta","name":"Saint Croix Pines Campground","website":"http://saintcroixpinescampground.com/","addr":"9295 Perida Rd, Lincoln","elev_ft":988}},{"type":"Feature","geometry":{"type":"Point","coordinates":[-92.385727,46.01017]},"properties":{"kind":"campsite","src":"overture:meta","name":"Pardun's Jackpine Campground","website":"http://www.danburycampground.com/","addr":"7880 State Road 77, Danbury","elev_ft":948}},{"type":"Feature","geometry":{"type":"Point","coordinates":[-92.38092,45.933868]},"properties":{"kind":"campsite","src":"overture:meta","name":"The Ridge Campground","website":"http://www.theridgecampgroundwi.com/","addr":"7729 Prospect Ave, Danbury","elev_ft":958}},{"type":"Feature","geometry":{"type":"Point","coordinates":[-92.363388,45.824551]},"properties":{"kind":"campsite","src":"overture:Foursquare","name":"Camper Corral","website":"http://sirencampercorral.com","addr":"25022 State Road 35, Siren","elev_ft":991}},{"type":"Feature","geometry":{"type":"Point","coordinates":[-92.34491,45.916187]},"properties":{"kind":"campsite","src":"overture:meta","name":"Devil's Lake Resort","website":"http://devilslakeresort.com","addr":"27625 Gables Rd, Oakland","elev_ft":991}},{"type":"Feature","geometry":{"type":"Point","coordinates":[-92.314484,45.822544]},"properties":{"kind":"campsite","src":"overture:Foursquare","name":"Carder's Clam Lake Resort & Campground","website":"http://www.cardersclamlakeresort.com","addr":"6420 State Road 70, Siren","elev_ft":981}},{"type":"Feature","geometry":{"type":"Point","coordinates":[-92.292488,45.687805]},"properties":{"kind":"campsite","src":"overture:meta","name":"Clam Falls Campground","website":"https://local.yahoo.com/info-16892034-clam-falls-campground-frederic","addr":"642 335th Ave, Clam Falls","elev_ft":1047}},{"type":"Feature","geometry":{"type":"Point","coordinates":[-92.257462,45.846592]},"properties":{"kind":"campsite","src":"overture:meta","name":"Dongola Campground","website":"https://www.sandlakecampgrounds.camp/","addr":"25645 Dongola Rd, Webster","elev_ft":991}},{"type":"Feature","geometry":{"type":"Point","coordinates":[-92.225746,46.01038]},"properties":{"kind":"campsite","src":"overture:meta","name":"Luther Park Bible Camp","website":"http://www.lutherpark.com","addr":"30376 Lakes Dr, Swiss","elev_ft":971}},{"type":"Feature","geometry":{"type":"Point","coordinates":[-92.219109,45.941593]},"properties":{"kind":"campsite","src":"overture:meta","name":"Lazy Bear Campground","website":"http://lazybearcampground.com/","addr":"28281 County Road C, Jackson","elev_ft":1007}},{"type":"Feature","geometry":{"type":"Point","coordinates":[-92.217964,45.942806]},"properties":{"kind":"campsite","src":"overture:meta","name":"Voyager Campground","website":"http://www.voyagervillage.com/","addr":"28281 County Road C, Jackson","elev_ft":1024}},{"type":"Feature","geometry":{"type":"Point","coordinates":[-91.336433,45.126072]},"properties":{"kind":"campsite","src":"overture:Foursquare","name":"Cornell Lake Resort & Campground","website":"http://ww1.cornelllakeresort.com","addr":"17102 State Highway 64, Bloomer","elev_ft":1010}},{"type":"Feature","geometry":{"type":"Point","coordinates":[-91.375992,45.186741]},"properties":{"kind":"campsite","src":"overture:Microsoft","name":"Rock Lake Lodge & Campground","website":"https://rocklakecampground.com/","addr":"23015 153rd St, Bloomer","elev_ft":1024}},{"type":"Feature","geometry":{"type":"Point","coordinates":[-91.450249,45.234917]},"properties":{"kind":"campsite","src":"overture:meta","name":"Salisbury Campground","website":"http://www.travelwisconsin.com/campgrounds/salisbury-resort-192450","addr":"11408 269th Ave, New Auburn","elev_ft":1083}},{"type":"Feature","geometry":{"type":"Point","coordinates":[-91.649017,45.352486]},"properties":{"kind":"campsite","src":"overture:meta","name":"Pokegama Creek Campground","website":"http://www.pokegamacreekcampground.com","addr":"1018 24 1/2 25th St, Chetek","elev_ft":1066}},{"type":"Feature","geometry":{"type":"Point","coordinates":[-91.43026,45.331753]},"properties":{"kind":"campsite","src":"overture:meta","name":"Lured In Resort and Campground","website":"http://www.luredinresort.com/","addr":"N1211 Potato Lake Rd, Chetek","elev_ft":1093}},{"type":"Feature","geometry":{"type":"Point","coordinates":[-91.41494,45.305969]},"properties":{"kind":"rv_park","src":"overture:meta","name":"JCS Brookside RV Park","website":"http://jcsbrooksidervpark.business.site/","addr":"W14422 Plummer Rd, Weyerhaeuser","elev_ft":1089}},{"type":"Feature","geometry":{"type":"Point","coordinates":[-91.368484,45.291012]},"properties":{"kind":"campsite","src":"overture:meta","name":"Sand Lake Campground","website":"https://www.airbnb.com/rooms/34840948?check_in=2025-04-17&check_out=2025-04-22&guests=1&adults=1&s=67&unique_share_id=523e620b-7dd3-470f-ae1a-d4573a096a56","addr":"30980 152nd St, New Auburn","elev_ft":1106}},{"type":"Feature","geometry":{"type":"Point","coordinates":[-91.369705,45.287537]},"properties":{"kind":"campsite","src":"overture:meta","name":"Sand Haven Campground","website":"http://sandhavencampground.com/","addr":"30714 152nd St, New Auburn","elev_ft":1093}},{"type":"Feature","geometry":{"type":"Point","coordinates":[-91.367462,45.325428]},"properties":{"kind":"campsite","src":"overture:meta","name":"Shep's Northshore Bar and Campground","website":"https://shepsnorthshore.com/","addr":"N1033 WI-40, New Auburn","elev_ft":1083}},{"type":"Feature","geometry":{"type":"Point","coordinates":[-91.713776,45.49472]},"properties":{"kind":"campsite","src":"overture:Foursquare","name":"Lakeshore Terrace Mobile Home Park","website":"https://assetdevelopment.com/community/lakeshore-terrace","addr":"2136 20 1/8 Ave Ofc, Rice Lake","elev_ft":1122}},{"type":"Feature","geometry":{"type":"Point","coordinates":[-91.711754,45.393021]},"properties":{"kind":"campsite","src":"overture:meta","name":"Wolf's Den Tavern and Resort","website":"http://wolfsdenrvresortbarandcampground.com","addr":"1296 21 3/4 St, Cameron","elev_ft":1073}},{"type":"Feature","geometry":{"type":"Point","coordinates":[-91.659279,45.342205]},"properties":{"kind":"campsite","src":"overture:meta","name":"Luther Park Bible Camp","website":"https://linktr.ee/lutherparkbiblecamp","addr":"944 24 1/4 St, Chetek","elev_ft":1063}},{"type":"Feature","geometry":{"type":"Point","coordinates":[-91.671333,45.330608]},"properties":{"kind":"campsite","src":"overture:Foursquare","name":"Wildwood Resort","website":"http://www.wildwoodchetek.com","addr":"865 23 3/4 St, Chetek","elev_ft":1050}},{"type":"Feature","geometry":{"type":"Point","coordinates":[-92.074234,45.574596]},"properties":{"kind":"campsite","src":"overture:meta","name":"Camp Brigadoon","website":"http://www.campbrigadoonwi.com/","addr":"2554 4th St, Cumberland","elev_ft":1253}},{"type":"Feature","geometry":{"type":"Point","coordinates":[-91.929443,45.571869]},"properties":{"kind":"campsite","src":"overture:meta","name":"Country Quiet RV and Campground","website":"http://www.countryquiet.net","addr":"2535 11th St, Cumberland","elev_ft":1260}},{"type":"Feature","geometry":{"type":"Point","coordinates":[-91.749939,45.534225]},"properties":{"kind":"campsite","src":"overture:meta","name":"Piece of Heaven Campground","addr":"1974 22 1/2 Ave, Rice Lake","elev_ft":1145}},{"type":"Feature","geometry":{"type":"Point","coordinates":[-91.789597,45.619404]},"properties":{"kind":"campsite","src":"overture:meta","name":"Shady Rest Campground","website":"http://ricelakewis.com/listing/shady-rest-campground","addr":"2883 17 3/4 St, Bear Lake","elev_ft":1220}},{"type":"Feature","geometry":{"type":"Point","coordinates":[-91.674179,45.652714]},"properties":{"kind":"campsite","src":"overture:meta","name":"Rivers Edge Campground - Birchwood","website":"http://campriversedgewi.com/","addr":"W2753 Church Rd, Long Lake","elev_ft":1207}},{"type":"Feature","geometry":{"type":"Point","coordinates":[-91.731476,45.745708]},"properties":{"kind":"rv_park","src":"overture:meta","name":"Rolling thunder RV.","website":"http://www.travelwisconsin.com/.../rolling-thunder-rv-park-campground-200947","addr":"W3833 County Highway B, Sarona","elev_ft":1289}},{"type":"Feature","geometry":{"type":"Point","coordinates":[-91.883186,45.754467]},"properties":{"kind":"campsite","src":"overture:meta","name":"Red Barn Campground","website":"http://www.redbarncampground.com/","addr":"W6820 County Highway B, Shell Lake","elev_ft":1243}},{"type":"Feature","geometry":{"type":"Point","coordinates":[-91.946716,45.826267]},"properties":{"kind":"campsite","src":"overture:meta","name":"Whiskey Creek Campground","addr":"W8050 Carlton Rd, Evergreen","elev_ft":1056}},{"type":"Feature","geometry":{"type":"Point","coordinates":[-92.082336,45.881287]},"properties":{"kind":"campsite","src":"overture:meta","name":"Benoit Lake Campgrounds","website":"http://scenicviewcampground.com/rv-sites.html","addr":"1980 CR-G, Rusk","elev_ft":1001}},{"type":"Feature","geometry":{"type":"Point","coordinates":[-92.080505,45.964241]},"properties":{"kind":"campsite","src":"overture:meta","name":"Camp Croix","website":"http://www.campcroix.org/","addr":"1945 Gold Star Rd, Danbury","elev_ft":965}},{"type":"Feature","geometry":{"type":"Point","coordinates":[-91.823906,45.910439]},"properties":{"kind":"campsite","src":"overture:meta","name":"Trego Park and Campground","website":"http://trego.net/activities.html","addr":"W5665 Trego Park Rd, Trego","elev_ft":1053}},{"type":"Feature","geometry":{"type":"Point","coordinates":[-91.688049,45.951111]},"properties":{"kind":"campsite","src":"overture:Microsoft","name":"Camp Namekagon","addr":"N8730 Legion Ln, Springbrook","elev_ft":1096}},{"type":"Feature","geometry":{"type":"Point","coordinates":[-91.511154,45.7966]},"properties":{"kind":"campsite","src":"overture:meta","name":"Paradise Waters Resort and Campground","website":"http://www.theparadisewaters.com/","addr":"4547N Sissabagama Rd, Sand Lake","elev_ft":1332}},{"type":"Feature","geometry":{"type":"Point","coordinates":[-91.520126,45.857315]},"properties":{"kind":"rv_park","src":"overture:meta","name":"Stone Haven RV Park","website":"http://stonehavenrvpark.com/","addr":"16468 State Road 70, Stone Lake","elev_ft":1355}},{"type":"Feature","geometry":{"type":"Point","coordinates":[-91.644623,45.971848]},"properties":{"kind":"campsite","src":"overture:meta","name":"Camp Namekagon","website":"http://www.campnamekagon.com/","addr":"W2108 Larson Rd, Springbrook","elev_ft":1112}},{"type":"Feature","geometry":{"type":"Point","coordinates":[-91.55983,45.980721]},"properties":{"kind":"rv_park","src":"overture:meta","name":"River Road RV Campground","website":"http://riverroadrvcampground.placeweb.site","addr":"W449 E River Rd, Hayward","elev_ft":1152}},{"type":"Feature","geometry":{"type":"Point","coordinates":[-91.299217,45.993248]},"properties":{"kind":"campsite","src":"overture:Microsoft","name":"Timber Trail Lodge","website":"http://timber-trail-lodge.com/","addr":"12150 W County Road B, Hayward","elev_ft":1404}},{"type":"Feature","geometry":{"type":"Point","coordinates":[-91.231483,45.98917]},"properties":{"kind":"campsite","src":"overture:meta","name":"Callahan Lake Resort","website":"http://www.haywardlakes.com/callahanlakeresort/","addr":"9863 N Callahan Lake Rd, Hayward","elev_ft":1388}},{"type":"Feature","geometry":{"type":"Point","coordinates":[-91.446556,45.767818]},"properties":{"kind":"campsite","src":"overture:Foursquare","name":"Summit Lake Campground","website":"http://www.summitlakegamefarm.com/campground","addr":"3730 N Marsh Lake Rd, Stone Lake","elev_ft":1325}},{"type":"Feature","geometry":{"type":"Point","coordinates":[-91.472786,45.742836]},"properties":{"kind":"campsite","src":"overture:meta","name":"Mike and Janet's North Star Resort","addr":"15554 W Lake St, Birchwood","elev_ft":1280}},{"type":"Feature","geometry":{"type":"Point","coordinates":[-91.51384,45.709057]},"properties":{"kind":"campsite","src":"overture:Microsoft","name":"Birch Lake's Resort Lodge Grill & Tiki Bar","website":"https://birchlakesresort.com/","addr":"1085 N County Road F, Birchwood","elev_ft":1250}},{"type":"Feature","geometry":{"type":"Point","coordinates":[-91.539436,45.675552]},"properties":{"kind":"campsite","src":"overture:meta","name":"Ri-Shell's Echo Bay Resort","addr":"16895 W County Road DD, Edgewater","elev_ft":1250}},{"type":"Feature","geometry":{"type":"Point","coordinates":[-91.569016,45.642429]},"properties":{"kind":"campsite","src":"overture:meta","name":"Featherstone RV Park","website":"http://www.featherstonervpark.com/","addr":"W650 Granite Rd, Birchwood","elev_ft":1266}},{"type":"Feature","geometry":{"type":"Point","coordinates":[-91.559021,45.660156]},"properties":{"kind":"rv_park","src":"overture:meta","name":"Birch Creek RV Park","website":"http://birchcreekrvpark.com/","addr":"501 Wise Rd, Birchwood","elev_ft":1214}},{"type":"Feature","geometry":{"type":"Point","coordinates":[-91.503624,45.623272]},"properties":{"kind":"campsite","src":"overture:meta","name":"Red Rock Campground and Pub","website":"http://www.redrockcampgroundandpub.com/","addr":"W16189 Breakneck Rd, Birchwood","elev_ft":1371}},{"type":"Feature","geometry":{"type":"Point","coordinates":[-91.595589,45.623337]},"properties":{"kind":"campsite","src":"overture:meta","name":"Waldo Carlson Camp Ground","website":"http://parks.co.barron.wi.us/parks/camping/waldo_carlson_park/details","addr":"2717 29th Ave, Birchwood","elev_ft":1198}},{"type":"Feature","geometry":{"type":"Point","coordinates":[-91.633461,45.609333]},"properties":{"kind":"campsite","src":"overture:meta","name":"K & C Country Air Campground","addr":"2551 28th Ave, Birchwood","elev_ft":1270}},{"type":"Feature","geometry":{"type":"Point","coordinates":[-91.193459,45.982681]},"properties":{"kind":"campsite","src":"overture:Foursquare","name":"Treeland Farm RV Resort","website":"http://rvresort.treelandresorts.com","addr":"10138 W County Road B, Hayward","elev_ft":1329}},{"type":"Feature","geometry":{"type":"Point","coordinates":[-90.966362,45.828068]},"properties":{"kind":"campsite","src":"overture:meta","name":"The Rustic Lodge Campground","addr":"5354 N Lake Winter Rd, Winter","elev_ft":1319}},{"type":"Feature","geometry":{"type":"Point","coordinates":[-90.53447,45.377731]},"properties":{"kind":"campsite","src":"overture:meta","name":"Cooper Dam Campground","addr":"9104 County Line Rd, Ogema","elev_ft":1391}},{"type":"Feature","geometry":{"type":"Point","coordinates":[-90.636139,45.405159]},"properties":{"kind":"campsite","src":"overture:meta","name":"Big Falls County Park and Campground","website":"http://www.co.price.wi.us/facilities/facility/details/big-falls-county-park-campground-3","addr":"W11337 Big Falls Rd, Kennan","elev_ft":1316}},{"type":"Feature","geometry":{"type":"Point","coordinates":[-91.051353,45.351131]},"properties":{"kind":"campsite","src":"overture:meta","name":"Jimmy's World","website":"http://www.jimmysworldcampground.com/","addr":"N1745 Rangeline Rd, Conrath","elev_ft":1086}},{"type":"Feature","geometry":{"type":"Point","coordinates":[-91.153,45.272369]},"properties":{"kind":"campsite","src":"overture:meta","name":"Lake Holcombe Lions Campground","website":"http://www.lakeholcombelions.com/campground.html","addr":"28831 271st St, Lake Holcombe","elev_ft":1060}},{"type":"Feature","geometry":{"type":"Point","coordinates":[-91.101242,45.284027]},"properties":{"kind":"campsite","src":"overture:meta","name":"Silent Waters Campgrounds","website":"http://www.silentwaterscampgrounds.com","addr":"28504 303rd Ave, Lake Holcombe","elev_ft":1063}},{"type":"Feature","geometry":{"type":"Point","coordinates":[-91.103004,45.265648]},"properties":{"kind":"campsite","src":"overture:meta","name":"Cozy Creek Campground","website":"http://www.cozycreekholcombe.com/","addr":"28426 290th Ave, Holcombe","elev_ft":1047}},{"type":"Feature","geometry":{"type":"Point","coordinates":[-91.112854,45.269413]},"properties":{"kind":"rv_park","src":"overture:meta","name":"White Birch Inc","addr":"27886 295th Ave, Lake Holcombe","elev_ft":1066}},{"type":"Feature","geometry":{"type":"Point","coordinates":[-91.019348,45.270473]},"properties":{"kind":"campsite","src":"overture:meta","name":"Split Ridge Campground","website":"https://www.splitridgecampground.com/","addr":"32639 295th Ave, Holcombe","elev_ft":1152}},{"type":"Feature","geometry":{"type":"Point","coordinates":[-91.123611,45.236668]},"properties":{"kind":"campsite","src":"overture:meta","name":"Uncle Salty\u2019s Golf & Camp","website":"https://www.unclesaltysgolfncamp.com/","addr":"27356 270th Ave, Holcombe","elev_ft":1053}},{"type":"Feature","geometry":{"type":"Point","coordinates":[-91.122459,45.235435]},"properties":{"kind":"campsite","src":"overture:meta","name":"The Sand Trap","website":"http://www.thesandtrapholcombe.com/","addr":"27356 270th Ave, Holcombe","elev_ft":1050}},{"type":"Feature","geometry":{"type":"Point","coordinates":[-91.156235,45.253113]},"properties":{"kind":"campsite","src":"overture:meta","name":"Birch Creek Park and Campground","website":"https://www.campendium.com/birch-creek-park-campground","addr":"25920 282nd Ave, Holcombe","elev_ft":1109}},{"type":"Feature","geometry":{"type":"Point","coordinates":[-91.154236,45.237129]},"properties":{"kind":"campsite","src":"overture:Foursquare","name":"Pine Drive Campground","website":"http://pinedrivecabins.com","addr":"27161 259th St, Holcombe","elev_ft":1056}},{"type":"Feature","geometry":{"type":"Point","coordinates":[-90.933144,45.061916]},"properties":{"kind":"campsite","src":"overture:meta","name":"Cedar Ridge Campground","addr":"36672 151st Ave, Stanley","elev_ft":1161}},{"type":"Feature","geometry":{"type":"Point","coordinates":[-90.939651,45.072689]},"properties":{"kind":"campsite","src":"overture:meta","name":"Brewster Island campground","website":"http://www.brewsterisland.com","addr":"15950 366th St, Colburn","elev_ft":1145}},{"type":"Feature","geometry":{"type":"Point","coordinates":[-90.711647,45.201565]},"properties":{"kind":"campsite","src":"overture:meta","name":"Longshot at Miller Dam","website":"http://www.longshotatmillerdam.com/","addr":"N 4664 Co Hwy G, Gilman","elev_ft":1250}},{"type":"Feature","geometry":{"type":"Point","coordinates":[-90.135941,45.383522]},"properties":{"kind":"campsite","src":"overture:meta","name":"Spirit Lake Campground","website":"http://spiritlakecampground.placeweb.site","addr":"N155 State Highway 102, Rib Lake","elev_ft":1627}},{"type":"Feature","geometry":{"type":"Point","coordinates":[-90.223289,45.355377]},"properties":{"kind":"rv_park","src":"overture:meta","name":"Camp Forest Springs","website":"http://www.forestsprings.us","addr":"N8890 Forest Ln, Westboro","elev_ft":1726}},{"type":"Feature","geometry":{"type":"Point","coordinates":[-90.260773,45.404819]},"properties":{"kind":"campsite","src":"overture:meta","name":"Majestic Pines Campground","addr":"N698 Soumi Rd, Ogema","elev_ft":1509}},{"type":"Feature","geometry":{"type":"Point","coordinates":[-89.988609,45.713547]},"properties":{"kind":"campsite","src":"overture:meta","name":"Bucksnort Resort","website":"http://www.bucksnortresort.com/","addr":"5129 Boyle Rd, Tripoli","elev_ft":1562}},{"type":"Feature","geometry":{"type":"Point","coordinates":[-90.14238,46.00779]},"properties":{"kind":"campsite","src":"overture:meta","name":"Peninsula Pines Resort and Campground","website":"http://www.peninsulapinesresort.com","addr":"855 N Little Musky Rd, Sherman","elev_ft":1601}},{"type":"Feature","geometry":{"type":"Point","coordinates":[-89.911354,45.970875]},"properties":{"kind":"campsite","src":"overture:meta","name":"Lac du Flambeau Campground & Marina","website":"http://www.LDFCampground.com/","addr":"2549 State Highway 47 N, Lac du Flambeau","elev_ft":1545}},{"type":"Feature","geometry":{"type":"Point","coordinates":[-89.623863,46.00182]},"properties":{"kind":"campsite","src":"overture:meta","name":"Crystal Lake Campground","website":"http://koa.com","addr":"10145 County Rd N, Boulder Junction","elev_ft":1683}},{"type":"Feature","geometry":{"type":"Point","coordinates":[-89.620125,45.877094]},"properties":{"kind":"campsite","src":"overture:meta","name":"Red Pine Camp","website":"http://redpinecamp.com/","addr":"8531 Red Pine Rd, Woodruff","elev_ft":1604}},{"type":"Feature","geometry":{"type":"Point","coordinates":[-89.734642,45.858856]},"properties":{"kind":"campsite","src":"overture:meta","name":"Camp Kawaga","website":"https://www.kawaga.com/","addr":"10000 Kawaga Rd, Minocqua","elev_ft":1578}},{"type":"Feature","geometry":{"type":"Point","coordinates":[-89.753853,45.844833]},"properties":{"kind":"campsite","src":"overture:meta","name":"Camp Agawak for Girls","website":"http://agawak.com/","addr":"7851 Agawak Rd, Minocqua","elev_ft":1726}},{"type":"Feature","geometry":{"type":"Point","coordinates":[-89.840462,45.700836]},"properties":{"kind":"campsite","src":"overture:meta","name":"Willow's End Resort and Campground","website":"https://www.willowsendresort.com/","addr":"4823 Willow Dam Rd, Little Rice","elev_ft":1526}},{"type":"Feature","geometry":{"type":"Point","coordinates":[-89.455132,45.609177]},"properties":{"kind":"campsite","src":"overture:meta","name":"Camp Pontiac Campground LLC","website":"http://WWW.CAMPPONTIACLLC.COM/","addr":"3049 Woodwind Way, Rhinelander","elev_ft":1598}},{"type":"Feature","geometry":{"type":"Point","coordinates":[-89.324028,45.602242]},"properties":{"kind":"campsite","src":"overture:meta","name":"Lake George Campsite","website":"http://lakegeorgecampsite.com/","addr":"4006 Bassett Rd, Rhinelander","elev_ft":1591}},{"type":"Feature","geometry":{"type":"Point","coordinates":[-89.349495,45.630249]},"properties":{"kind":"campsite","src":"overture:meta","name":"West Bay Camping Resort","website":"http://www.westbaycampingresort.com/","addr":"4330 S Shore Dr, Rhinelander","elev_ft":1608}},{"type":"Feature","geometry":{"type":"Point","coordinates":[-89.323402,45.662533]},"properties":{"kind":"campsite","src":"overture:meta","name":"Moen Lake Campground","website":"http://www.Moenlakecampground.com/","addr":"4061 Lakeshore Dr, Rhinelander","elev_ft":1585}},{"type":"Feature","geometry":{"type":"Point","coordinates":[-89.41925,45.72966]},"properties":{"kind":"campsite","src":"overture:meta","name":"Crystal Lake Scout Reservation","website":"http://campingisking.com/","addr":"5403 Spider Lake Rd, Pine Lake","elev_ft":1631}},{"type":"Feature","geometry":{"type":"Point","coordinates":[-89.417374,45.723629]},"properties":{"kind":"campsite","src":"overture:meta","name":"Hanna Venture Base","website":"http://clsr.samoset.org/hanna","addr":"5305 Crystal Lake Rd, Pine Lake","elev_ft":1631}},{"type":"Feature","geometry":{"type":"Point","coordinates":[-89.529152,45.833263]},"properties":{"kind":"rv_park","src":"overture:meta","name":"Summer Ridge RV Park","website":"http://www.summerridgepark.com/","addr":"7018 County D, Newbold","elev_ft":1627}},{"type":"Feature","geometry":{"type":"Point","coordinates":[-89.53376,45.942017]},"properties":{"kind":"rv_park","src":"overture:meta","name":"Lofty Pines RV Park","website":"http://www.loftypinesrvpark.com/","addr":"1875 Lofty Pines Rd, St Germain","elev_ft":1614}},{"type":"Feature","geometry":{"type":"Point","coordinates":[-89.508217,46.009872]},"properties":{"kind":"campsite","src":"overture:meta","name":"Camp Highlands for Boys","website":"http://www.camphighlands.com/","addr":"8450 Camp Highland Rd, Sayner","elev_ft":1657}},{"type":"Feature","geometry":{"type":"Point","coordinates":[-89.412811,45.906433]},"properties":{"kind":"campsite","src":"overture:Foursquare","name":"Camp Interlaken","website":"http://www.campinterlaken.org","addr":"7050 Old Highway 70, Eagle River","elev_ft":1637}},{"type":"Feature","geometry":{"type":"Point","coordinates":[-89.274162,46.019814]},"properties":{"kind":"campsite","src":"overture:meta","name":"Torch Lake Campground & RV Park","addr":"5130 Torch Lake Rd, Conover","elev_ft":1690}},{"type":"Feature","geometry":{"type":"Point","coordinates":[-89.248833,45.945091]},"properties":{"kind":"campsite","src":"overture:meta","name":"Hi Pines Campground","website":"http://www.hipines.net/","addr":"1919 US-45, Lincoln","elev_ft":1667}},{"type":"Feature","geometry":{"type":"Point","coordinates":[-89.173676,45.823318]},"properties":{"kind":"campsite","src":"overture:meta","name":"Camp Luther","website":"http://linkin.bio/camplutherwi","addr":"1889 Koubenic Rd, Three Lakes","elev_ft":1644}},{"type":"Feature","geometry":{"type":"Point","coordinates":[-89.201241,45.892155]},"properties":{"kind":"campsite","src":"overture:meta","name":"Camp Ojibwa For Boys","website":"http://www.campojibwa.com/","addr":"4040 Ojibwa Dr, Eagle River","elev_ft":1650}},{"type":"Feature","geometry":{"type":"Point","coordinates":[-89.190315,45.886688]},"properties":{"kind":"campsite","src":"overture:meta","name":"Camp Marimeta For Girls","website":"http://www.marimeta.com/","addr":"3782 Gaffney Dr, Eagle River","elev_ft":1670}},{"type":"Feature","geometry":{"type":"Point","coordinates":[-89.213013,46.010509]},"properties":{"kind":"campsite","src":"overture:meta","name":"Maple View Resort Campground","website":"http://www.mapleviewresort.com/","addr":"3360 McPeak Rd, Conover","elev_ft":1677}},{"type":"Feature","geometry":{"type":"Point","coordinates":[-89.164047,46.023228]},"properties":{"kind":"campsite","src":"overture:Foursquare","name":"Camp Birch Knoll","website":"http://www.breensflorist.com","addr":"3500 Dam Ln, Phelps","elev_ft":1693}},{"type":"Feature","geometry":{"type":"Point","coordinates":[-89.184082,45.519642]},"properties":{"kind":"campsite","src":"overture:meta","name":"Pelican Lake Campground","website":"http://www.pelicanlakec.com/","addr":"2060 CR-Q, Pelican Lake","elev_ft":1608}},{"type":"Feature","geometry":{"type":"Point","coordinates":[-89.018753,45.572746]},"properties":{"kind":"rv_park","src":"overture:meta","name":"Wolf River Rendezvous, Campground and bar/event center.","website":"http://www.wolfriverrendezvous.com/","addr":"11624 US-8, Crandon","elev_ft":1614}},{"type":"Feature","geometry":{"type":"Point","coordinates":[-88.943741,45.568611]},"properties":{"kind":"campsite","src":"overture:meta","name":"Crandon Country Camping","website":"http://crandoncountrycamping.com/","addr":"5418 County Rd S, Crandon","elev_ft":1663}},{"type":"Feature","geometry":{"type":"Point","coordinates":[-89.068405,45.451294]},"properties":{"kind":"campsite","src":"overture:Microsoft","name":"Oakridge Campgrounds","website":"https://oakridge-campgrounds.business.site/","addr":"N11673 County Trunk Z, Elcho","elev_ft":1558}},{"type":"Feature","geometry":{"type":"Point","coordinates":[-88.942688,45.414242]},"properties":{"kind":"campsite","src":"overture:meta","name":"Northern Hideaway RV Park and Campground","website":"http://www.northernhideawayrvpark.com","addr":"N10696 E Shore Rd, Ainsworth","elev_ft":1555}},{"type":"Feature","geometry":{"type":"Point","coordinates":[-88.951759,45.431152]},"properties":{"kind":"campsite","src":"overture:meta","name":"Walleye Lodge Campground","addr":"N11159 Walleye Rd, Pearson","elev_ft":1549}},{"type":"Feature","geometry":{"type":"Point","coordinates":[-88.988632,45.350166]},"properties":{"kind":"campsite","src":"overture:meta","name":"Norm's Hollow Campground Bar and Grill","website":"http://www.normshollow.com/","addr":"W6902 County Road A, Ainsworth","elev_ft":1532}},{"type":"Feature","geometry":{"type":"Point","coordinates":[-89.324707,45.250061]},"properties":{"kind":"campsite","src":"overture:meta","name":"Great Northern Campground","website":"http://greatnortherncampground.com/","addr":"N6146 County Road H, Gleason","elev_ft":1545}},{"type":"Feature","geometry":{"type":"Point","coordinates":[-88.898079,45.122845]},"properties":{"kind":"campsite","src":"overture:Foursquare","name":"Girl Scouts of Blackhawk Council","website":"http://girlscouts.org","addr":"N2674 Blackhawk Rd, Elton","elev_ft":1342}},{"type":"Feature","geometry":{"type":"Point","coordinates":[-92.062935,46.484764]},"properties":{"kind":"campsite","src":"overture:meta","name":"The Backyard on Amnicon Lake","website":"http://www.thebackyardonamniconlake.com/","addr":"4505 E Tri Lakes Rd, Summit","elev_ft":741}},{"type":"Feature","geometry":{"type":"Point","coordinates":[-91.931175,46.183475]},"properties":{"kind":"campsite","src":"overture:meta","name":"Cranberry Lake Resort & Campground","website":"https://cranberrylakeresort.com/","addr":"16139 S Chipmunk Hollow Rd, Gordon","elev_ft":1037}},{"type":"Feature","geometry":{"type":"Point","coordinates":[-91.930328,46.193745]},"properties":{"kind":"campsite","src":"overture:meta","name":"Up North Resort","website":"http://upnorthresort.com/","addr":"7080 E Whatever Resort Rd, Wascott","elev_ft":1017}},{"type":"Feature","geometry":{"type":"Point","coordinates":[-91.912941,46.242908]},"properties":{"kind":"campsite","src":"overture:meta","name":"North View Campground","website":"http://www.northviewcampground.com/","addr":"7440 E County Road Y, Wascott","elev_ft":1102}},{"type":"Feature","geometry":{"type":"Point","coordinates":[-91.866554,46.685097]},"properties":{"kind":"campsite","src":"overture:meta","name":"Camp Amnicon","website":"http://www.amnicon.org/","addr":"8450 E Camp Amnicon Rd, South Range","elev_ft":640}},{"type":"Feature","geometry":{"type":"Point","coordinates":[-91.870537,46.074158]},"properties":{"kind":"campsite","src":"overture:meta","name":"Rest EZ Campground","website":"http://restezcampground.com/","addr":"W6508 Highway 77, Minong","elev_ft":1037}},{"type":"Feature","geometry":{"type":"Point","coordinates":[-91.801346,46.18153]},"properties":{"kind":"rv_park","src":"overture:meta","name":"Wheelers RV Park","website":"https://wheelersrvpark.com/","addr":"16096 Antler Inn Rd, Wascott","elev_ft":1056}},{"type":"Feature","geometry":{"type":"Point","coordinates":[-91.738914,46.459114]},"properties":{"kind":"campsite","src":"overture:meta","name":"Wasko's Campground Plus","website":"http://precisiontune.com","addr":"8441 S County Road P, Lake Nebagamon","elev_ft":1184}},{"type":"Feature","geometry":{"type":"Point","coordinates":[-91.688019,46.317959]},"properties":{"kind":"campsite","src":"overture:meta","name":"Camp Bovey","website":"http://www.esns.org/campbovey","addr":"11770 E Town Line Rd, Gordon","elev_ft":1086}},{"type":"Feature","geometry":{"type":"Point","coordinates":[-91.658203,46.236115]},"properties":{"kind":"rv_park","src":"overture:meta","name":"Happy Ours Rv Park","website":"http://www.happyoursrvpark.com/","addr":"14627 S East Mail Rd, Gordon","elev_ft":1138}},{"type":"Feature","geometry":{"type":"Point","coordinates":[-91.507393,46.106709]},"properties":{"kind":"campsite","src":"overture:meta","name":"Sunrise Bay Campground","website":"https://sunrisebaycampgroundhaywardwi.com/","addr":"16269 W Jolly Fisherman Rd, Hayward","elev_ft":1263}},{"type":"Feature","geometry":{"type":"Point","coordinates":[-91.45414,46.075409]},"properties":{"kind":"campsite","src":"overture:meta","name":"Revelle's Resort","website":"http://revellesresort.com/","addr":"15249 W Bills Rd, Hayward","elev_ft":1253}},{"type":"Feature","geometry":{"type":"Point","coordinates":[-91.373825,46.553532]},"properties":{"kind":"campsite","src":"overture:meta","name":"Wildwood Campground","website":"http://www.visitironriver.com","addr":"9505 Wildwood Campground Rd, Iron River","elev_ft":1198}},{"type":"Feature","geometry":{"type":"Point","coordinates":[-91.360176,46.506931]},"properties":{"kind":"campsite","src":"overture:meta","name":"Twin Bear Campground","website":"http://www.bayfieldcounty.org/238/Twin-Bear-Campground","addr":"10370 County Highway H, Iron River","elev_ft":1135}},{"type":"Feature","geometry":{"type":"Point","coordinates":[-91.261932,46.490593]},"properties":{"kind":"campsite","src":"overture:meta","name":"Camp Northwoods","website":"http://camp.girlscoutsrv.org/our-camps/camp-northwoods/","addr":"63275 Camp One Rd, Delta","elev_ft":1165}},{"type":"Feature","geometry":{"type":"Point","coordinates":[-91.257507,46.418163]},"properties":{"kind":"campsite","src":"overture:meta","name":"CrossWoods Adventure Camp","website":"http://www.crosswoods.camp/","addr":"15010 Black Bear Rd, Delta","elev_ft":1227}},{"type":"Feature","geometry":{"type":"Point","coordinates":[-91.182716,46.295872]},"properties":{"kind":"campsite","src":"overture:Foursquare","name":"Two LAKES Campgrounds","website":"http://www.camprrm.com","addr":"49725 N Lake Owen Dr, Drummond","elev_ft":1394}},{"type":"Feature","geometry":{"type":"Point","coordinates":[-90.909225,46.176392]},"properties":{"kind":"campsite","src":"overture:meta","name":"Day Lake Campground","addr":"24472 Camp Access Rd, Clam Lake","elev_ft":1453}},{"type":"Feature","geometry":{"type":"Point","coordinates":[-90.60424,46.286613]},"properties":{"kind":"campsite","src":"overture:meta","name":"Camp Eagle Ridge","website":"http://www.campeagleridge.com/","addr":"75392 Lake Galiliee Rd, Mellen","elev_ft":1552}},{"type":"Feature","geometry":{"type":"Point","coordinates":[-89.86689,46.141621]},"properties":{"kind":"campsite","src":"overture:meta","name":"Camp Jorn YMCA","website":"http://www.campjornymca.org/","addr":"13591 Zenner Ln, Manitowish Waters","elev_ft":1631}},{"type":"Feature","geometry":{"type":"Point","coordinates":[-89.851952,46.031818]},"properties":{"kind":"campsite","src":"overture:meta","name":"YMCA Family Camp Nawakwa","website":"https://www.ymcachicago.org/nawakwa/?utm_source=fb&utm_medium=yext","addr":"13400 Camp Nawakwa Ln, Lac du Flambeau","elev_ft":1621}},{"type":"Feature","geometry":{"type":"Point","coordinates":[-89.702881,46.037968]},"properties":{"kind":"campsite","src":"overture:meta","name":"Red Arrow Camp","website":"http://www.redarrowcamp.com/","addr":"3980 Day Lake Rd, Woodruff","elev_ft":1640}},{"type":"Feature","geometry":{"type":"Point","coordinates":[-89.692673,46.116158]},"properties":{"kind":"campsite","src":"overture:meta","name":"Birchwood Campground","website":"https://birchwood-campground.hub.biz","addr":"5540 Lucas Ln, Boulder Junction","elev_ft":1693}},{"type":"Feature","geometry":{"type":"Point","coordinates":[-89.663254,46.118103]},"properties":{"kind":"campsite","src":"overture:meta","name":"Camp Manito-wish YMCA","website":"http://www.manito-wish.org/","addr":"5650 Camp Manitowish Ln, Boulder Junction","elev_ft":1667}},{"type":"Feature","geometry":{"type":"Point","coordinates":[-89.650681,46.113579]},"properties":{"kind":"campsite","src":"overture:Microsoft","name":"Dorner's Big Bear Hideaway","website":"http://www.bigbearhideaway.com/","addr":"10482 Main St, Boulder Junction","elev_ft":1660}},{"type":"Feature","geometry":{"type":"Point","coordinates":[-89.247124,46.101746]},"properties":{"kind":"campsite","src":"overture:meta","name":"Rohr's Wilderness Tours","website":"http://www.RWTCanoe.com/","addr":"5230 Razorback Rd, Conover","elev_ft":1680}},{"type":"Feature","geometry":{"type":"Point","coordinates":[-89.20517,46.139557]},"properties":{"kind":"rv_park","src":"overture:meta","name":"Borderline RV Park","website":"http://www.borderlinervpark.com/","addr":"6078 US-45, Land O Lakes","elev_ft":1703}},{"type":"Feature","geometry":{"type":"Point","coordinates":[-88.651382,42.95266]},"properties":{"kind":"campsite","src":"overture:meta","name":"Bark River Campgrounds","website":"http://www.barkrivercampgrounds.com","addr":"W2340 Hanson Rd, Sullivan","elev_ft":837}},{"type":"Feature","geometry":{"type":"Point","coordinates":[-88.548668,42.568409]},"properties":{"kind":"campsite","src":"overture:meta","name":"Wesley Woods Conference Center","website":"http://niccamp.org/","addr":"250 Stam St, Williams Bay","elev_ft":942}},{"type":"Feature","geometry":{"type":"Point","coordinates":[-88.56028,42.56477]},"properties":{"kind":"campsite","src":"overture:meta","name":"Norman B. Barr Camp","website":"http://www.normanbbarrcamp.org/","addr":"483 Outing St, Williams Bay","elev_ft":909}},{"type":"Feature","geometry":{"type":"Point","coordinates":[-88.543541,42.936817]},"properties":{"kind":"campsite","src":"overture:Foursquare","name":"Tremain Mobile Home Park","website":"https://www.mhbay.com/mobile-homes/18563-3-bed-2-bath-1991-marshfield-for-sale-in-dousman-wi","addr":"N2639 County Road Z, Dousman","elev_ft":915}},{"type":"Feature","geometry":{"type":"Point","coordinates":[-88.358414,42.72226]},"properties":{"kind":"campsite","src":"overture:meta","name":"Camp Dewan","website":"http://www.campdewan.com/","addr":"N6360 Church Rd, Burlington","elev_ft":827}},{"type":"Feature","geometry":{"type":"Point","coordinates":[-88.332001,42.596191]},"properties":{"kind":"campsite","src":"overture:meta","name":"Rustic Falls Nature Camp","website":"http://www.rusticfalls.org/","addr":"5537 Cranberry Rd, Burlington","elev_ft":856}},{"type":"Feature","geometry":{"type":"Point","coordinates":[-88.237183,42.677971]},"properties":{"kind":"campsite","src":"overture:Foursquare","name":"Brown's Lake Mobile Home Court","website":"http://ryanroad1.com/mobile-home-parks","addr":"118 Waters Edge Cir Ste A, Burlington","elev_ft":771}},{"type":"Feature","geometry":{"type":"Point","coordinates":[-88.175697,42.508549]},"properties":{"kind":"campsite","src":"overture:meta","name":"Camp Crown","website":"http://neic.org/camping","addr":"11651 304th Ave, Trevor","elev_ft":761}},{"type":"Feature","geometry":{"type":"Point","coordinates":[-88.873306,43.163574]},"properties":{"kind":"campsite","src":"overture:meta","name":"River Bend RV Resort","website":"https://riverbendrvresort.com/","addr":"W6940 Rubidell Rd, Watertown","elev_ft":807}},{"type":"Feature","geometry":{"type":"Point","coordinates":[-88.715279,44.03978]},"properties":{"kind":"rv_park","src":"overture:meta","name":"Omro RV Park","website":"http://www.omrorv.com","addr":"1938 E Main St, Omro","elev_ft":768}},{"type":"Feature","geometry":{"type":"Point","coordinates":[-88.879951,44.839935]},"properties":{"kind":"campsite","src":"overture:meta","name":"On The Rocks Family Kampground","website":"http://www.ontherocksfk.com/","addr":"W12505 Roosevelt Rd, Gresham","elev_ft":965}},{"type":"Feature","geometry":{"type":"Point","coordinates":[-88.862564,44.263351]},"properties":{"kind":"campsite","src":"overture:meta","name":"Blue Jay Fishing and Camping Resort","website":"http://www.thebluejayresort.com/home/","addr":"306 North St, Fremont","elev_ft":758}},{"type":"Feature","geometry":{"type":"Point","coordinates":[-88.855698,44.241093]},"properties":{"kind":"campsite","src":"overture:meta","name":"Gala Resort & Campground","website":"http://www.galaresort.com","addr":"9692 County Road H, Fremont","elev_ft":751}},{"type":"Feature","geometry":{"type":"Point","coordinates":[-88.838844,44.227833]},"properties":{"kind":"campsite","src":"overture:meta","name":"Triangle Farm Campground","website":"https://campnative.com/.../usa/wi/fremont/triangle-farm-campground","addr":"9312 Riverview Dr, Fremont","elev_ft":748}},{"type":"Feature","geometry":{"type":"Point","coordinates":[-88.82679,45.407524]},"properties":{"kind":"campsite","src":"overture:meta","name":"Frog Alley Inn and Campground","website":"http://www.frogalleycampground.com","addr":"7790 Jones Ln, Pickerel","elev_ft":1549}},{"type":"Feature","geometry":{"type":"Point","coordinates":[-88.769226,44.919182]},"properties":{"kind":"campsite","src":"overture:meta","name":"Captain's Cove Resort","website":"http://www.captaincove.com/","addr":"N9099 Big Lake Rd, Gresham","elev_ft":997}},{"type":"Feature","geometry":{"type":"Point","coordinates":[-88.674965,45.499664]},"properties":{"kind":"campsite","src":"overture:meta","name":"Ham Lake Campground","website":"http://hamlakecampgroundwi.com","addr":"3490 WI-32, Wabeno","elev_ft":1608}},{"type":"Feature","geometry":{"type":"Point","coordinates":[-88.648514,44.692928]},"properties":{"kind":"campsite","src":"overture:meta","name":"Imago Dei Village","website":"http://www.crosswayscamps.org/Village.htm","addr":"W8160 Cloverleaf Lake Rd, Clintonville","elev_ft":860}},{"type":"Feature","geometry":{"type":"Point","coordinates":[-88.624405,45.153]},"properties":{"kind":"campsite","src":"overture:meta","name":"Echo Valley Resort","website":"http://www.echovalleyresort.com/","addr":"17240 Echo Valley Ln, White Lake","elev_ft":1122}},{"type":"Feature","geometry":{"type":"Point","coordinates":[-88.565193,44.57338]},"properties":{"kind":"campsite","src":"overture:Foursquare","name":"Rivers Edge Camping Resort and Tubing Trips","website":"http://riversedgecampingandtubing.com","addr":"W7615 County Road F, Shiocton","elev_ft":787}},{"type":"Feature","geometry":{"type":"Point","coordinates":[-88.561028,45.305717]},"properties":{"kind":"campsite","src":"overture:meta","name":"Maple Heights Campground","website":"http://www.mapleheightscampground.com","addr":"16091 E Chain Lake Rd, Townsend","elev_ft":1345}},{"type":"Feature","geometry":{"type":"Point","coordinates":[-88.567741,44.796993]},"properties":{"kind":"campsite","src":"overture:meta","name":"Kellogg Kampsites","website":"http://www.kelloggskampsites.net","addr":"N5740 N Airport Dr, Shawano","elev_ft":804}},{"type":"Feature","geometry":{"type":"Point","coordinates":[-88.484413,45.342682]},"properties":{"kind":"campsite","src":"overture:meta","name":"Heavens Up North Family Campground","website":"http://heavensupnorth.com/","addr":"18344 Lake John Rd, Lakewood","elev_ft":1207}},{"type":"Feature","geometry":{"type":"Point","coordinates":[-88.471161,44.891171]},"properties":{"kind":"campsite","src":"overture:meta","name":"Krueger's Campground","website":"http://www.kruegerscampground.weebly.com","addr":"5849 Berry Lake Rd, Underhill","elev_ft":846}},{"type":"Feature","geometry":{"type":"Point","coordinates":[-88.443558,45.11475]},"properties":{"kind":"campsite","src":"overture:meta","name":"YMCA Camp U-Nah-Li-Ya","website":"http://www.campunahliya.org/","addr":"12101 Y Camp Rd, Suring","elev_ft":902}},{"type":"Feature","geometry":{"type":"Point","coordinates":[-88.443687,45.130806]},"properties":{"kind":"campsite","src":"overture:meta","name":"Chute Pond Park & Campground","website":"https://parks.ocontocountywi.gov/parks/camping/chute_pond_county_park/","addr":"12436 Chute Dam Ln, Mountain","elev_ft":879}},{"type":"Feature","geometry":{"type":"Point","coordinates":[-88.319023,43.319542]},"properties":{"kind":"campsite","src":"overture:Foursquare","name":"Kettle moraine State Forest-pike Lake Unit","website":"http://dnr.wi.gov/topic/parks/name/pikelake","addr":"3544 Kettle Moraine Rd, Hartford","elev_ft":1040}},{"type":"Feature","geometry":{"type":"Point","coordinates":[-88.365906,43.364811]},"properties":{"kind":"campsite","src":"overture:Foursquare","name":"Toadally Natural Garden","website":"http://toadallynatural.com","addr":"6601 Turtle Rd, Hartford","elev_ft":1066}},{"type":"Feature","geometry":{"type":"Point","coordinates":[-88.229362,43.464684]},"properties":{"kind":"campsite","src":"overture:meta","name":"Timber Trail Camp Ground","website":"http://www.timbertrailcampground.com/","addr":"7590 Good Luck Ln, West Bend","elev_ft":1066}},{"type":"Feature","geometry":{"type":"Point","coordinates":[-88.203667,43.86179]},"properties":{"kind":"rv_park","src":"overture:meta","name":"Wolf Lake Escape","addr":"W919 S Shore Ln, St Cloud","elev_ft":935}},{"type":"Feature","geometry":{"type":"Point","coordinates":[-88.17569,43.669891]},"properties":{"kind":"campsite","src":"overture:meta","name":"Mr Ed's Campground","website":"http://www.mredscampground.com","addr":"N3554 WI-67, Campbellsport","elev_ft":1030}},{"type":"Feature","geometry":{"type":"Point","coordinates":[-88.162994,43.73526]},"properties":{"kind":"campsite","src":"overture:Foursquare","name":"Westward Ho RV Resort & Campground","website":"https://www.sunrvresorts.com/resorts/midwest/wisconsin/fond-du-lac-east-koa/","addr":"N5456 Division Rd, Glenbeulah","elev_ft":1119}},{"type":"Feature","geometry":{"type":"Point","coordinates":[-88.399849,45.706879]},"properties":{"kind":"campsite","src":"overture:meta","name":"Lake Hilbert Campground","website":"https://www.lakehilbertcampground.com/","addr":"N20470 Town Park Rd, Fence","elev_ft":1503}},{"type":"Feature","geometry":{"type":"Point","coordinates":[-88.39196,44.473087]},"properties":{"kind":"campsite","src":"overture:Foursquare","name":"Kropp Road Camping","website":"http://kropproadcampingllc.com","addr":"W4096 Kropp Rd, Black Creek","elev_ft":781}},{"type":"Feature","geometry":{"type":"Point","coordinates":[-88.355072,45.009037]},"properties":{"kind":"campsite","src":"overture:Foursquare","name":"Maple Valley Camp Grounds","website":"http://fwgaragedoor.freeoda.com","addr":"9184 Golf Course Rd, Suring","elev_ft":827}},{"type":"Feature","geometry":{"type":"Point","coordinates":[-88.340485,43.902386]},"properties":{"kind":"campsite","src":"overture:meta","name":"Camp Winnegator","website":"http://Campwinnegator.com/","addr":"W3953 Winnebago Heights Rd, Malone","elev_ft":778}},{"type":"Feature","geometry":{"type":"Point","coordinates":[-88.301201,44.892643]},"properties":{"kind":"campsite","src":"overture:meta","name":"Nicolet Trail Campground","website":"http://nicolettrailcampground.com/","addr":"310 E Washington St, Gillett","elev_ft":807}},{"type":"Feature","geometry":{"type":"Point","coordinates":[-88.284714,44.048759]},"properties":{"kind":"rv_park","src":"overture:meta","name":"Lakeview RV Park & Cabins - Lake Winnebago","website":"http://lakeviewrvparkandcabins.com/","addr":"N4475 Ledge Rd, Chilton","elev_ft":1070}},{"type":"Feature","geometry":{"type":"Point","coordinates":[-88.265274,45.929169]},"properties":{"kind":"campsite","src":"overture:meta","name":"Camping in the Clouds Campground","website":"http://www.campingintheclouds.com/","addr":"4080 US Highway 2, Florence","elev_ft":1358}},{"type":"Feature","geometry":{"type":"Point","coordinates":[-88.16449,45.392662]},"properties":{"kind":"campsite","src":"overture:Foursquare","name":"Pine Ridge Raceway","website":"http://www.pineridgeraceway.com","addr":"W11359 N Lost Lake Trl, Athelstane","elev_ft":978}},{"type":"Feature","geometry":{"type":"Point","coordinates":[-88.178162,45.330906]},"properties":{"kind":"campsite","src":"overture:meta","name":"Wolf Rock Campground","addr":"W11685 Boat Landing 7 Rd, Athelstane","elev_ft":945}},{"type":"Feature","geometry":{"type":"Point","coordinates":[-88.124634,45.361301]},"properties":{"kind":"campsite","src":"overture:meta","name":"Camp Daniel","website":"http://campdaniel.org/","addr":"W10541 Army Ln, Athelstane","elev_ft":935}},{"type":"Feature","geometry":{"type":"Point","coordinates":[-88.044724,45.61853]},"properties":{"kind":"campsite","src":"overture:meta","name":"Lake Lundgren Bible Camp","website":"http://www.llbc.org/","addr":"N18250 Lake Ln, Pembine","elev_ft":1024}},{"type":"Feature","geometry":{"type":"Point","coordinates":[-87.858833,42.936378]},"properties":{"kind":"campsite","src":"overture:meta","name":"White's Mobile Home Estates","website":"http://whitesmobilehomeestatesinc.placeweb.site","addr":"5926 S Packard Ave, Cudahy","elev_ft":709}},{"type":"Feature","geometry":{"type":"Point","coordinates":[-88.023544,43.788464]},"properties":{"kind":"campsite","src":"overture:Foursquare","name":"Camp Evelyn (Girl Scouts of Manitou)","website":"http://www.gsmanitou.org/en/camp/troop-getaways---property-rental/camp-evelyn.html","addr":"W6598 Camp Evelyn Rd, Plymouth","elev_ft":1099}},{"type":"Feature","geometry":{"type":"Point","coordinates":[-88.022751,43.642426]},"properties":{"kind":"campsite","src":"overture:Foursquare","name":"Hagar's Hilly Haven Campground","website":"http://www.hillyhavencampground.com","addr":"N2827 Dusty Ln, Cascade","elev_ft":846}},{"type":"Feature","geometry":{"type":"Point","coordinates":[-88.01606,43.648411]},"properties":{"kind":"campsite","src":"overture:meta","name":"Larson's Resort","website":"https://start.cortera.com/company/research/k2l5kqo2r/larsons-resort","addr":"N2980 Ellen View Rd, Cascade","elev_ft":846}},{"type":"Feature","geometry":{"type":"Point","coordinates":[-87.995605,45.20306]},"properties":{"kind":"campsite","src":"overture:meta","name":"Peshtigo River Campground","website":"http://www.peshtigorivercampground.com","addr":"W7948 Airport Rd, Stephenson","elev_ft":715}},{"type":"Feature","geometry":{"type":"Point","coordinates":[-87.911652,45.243309]},"properties":{"kind":"campsite","src":"overture:meta","name":"Timberline Resort and Campgrounds","website":"http://timberlinecrivitz.com","addr":"W6296 County Road GG, Crivitz","elev_ft":676}},{"type":"Feature","geometry":{"type":"Point","coordinates":[-87.870255,45.171059]},"properties":{"kind":"campsite","src":"overture:meta","name":"Diamond Lake Campground","website":"http://www.campdiamondlakewi.com","addr":"W5449 Loomis Rd, Lake","elev_ft":673}},{"type":"Feature","geometry":{"type":"Point","coordinates":[-87.829597,45.529968]},"properties":{"kind":"campsite","src":"overture:meta","name":"WildHeart Adventure Camp","website":"http://www.wildheartadventurecamp.org/","addr":"W4705 Wallace Rd, Amberg","elev_ft":804}},{"type":"Feature","geometry":{"type":"Point","coordinates":[-87.770012,45.054878]},"properties":{"kind":"rv_park","src":"overture:meta","name":"Cramers Woodside Estates","addr":"1100 French St, Peshtigo","elev_ft":614}},{"type":"Feature","geometry":{"type":"Point","coordinates":[-87.75399,44.213005]},"properties":{"kind":"campsite","src":"overture:meta","name":"French Creek Farms LLC","addr":"7330 Polifka Rd, Whitelaw","elev_ft":801}},{"type":"Feature","geometry":{"type":"Point","coordinates":[-87.741066,43.850796]},"properties":{"kind":"rv_park","src":"overture:meta","name":"Zig's Golf Haven","website":"https://zigsgolfhaven.com/","addr":"N8540 Lakeshore Rd, Sheboygan","elev_ft":630}},{"type":"Feature","geometry":{"type":"Point","coordinates":[-87.659386,44.179226]},"properties":{"kind":"campsite","src":"overture:Foursquare","name":"Girl Scout Camp Manitou","website":"http://girlscouts.org","addr":"6616 Manitou Dr, Two Rivers","elev_ft":610}},{"type":"Feature","geometry":{"type":"Point","coordinates":[-87.660637,44.282585]},"properties":{"kind":"campsite","src":"overture:Microsoft","name":"Camp Tapawingo Mishicot WI","website":"http://www.camptapawingowi.org/","addr":"915 W Tapawingo Rd, Mishicot","elev_ft":630}},{"type":"Feature","geometry":{"type":"Point","coordinates":[-87.60321,44.369644]},"properties":{"kind":"campsite","src":"overture:meta","name":"Maple View Campground","website":"http://www.mapleviewcampground.com/","addr":"N1267 Norman Rd, Kewaunee","elev_ft":719}},{"type":"Feature","geometry":{"type":"Point","coordinates":[-87.569603,44.160381]},"properties":{"kind":"rv_park","src":"overture:meta","name":"Washington Park","website":"https://www.go-washington.com/Two-Rivers-Casino-RV-Park","addr":"2909 Adams St, Two Rivers","elev_ft":581}},{"type":"Feature","geometry":{"type":"Point","coordinates":[-87.450409,44.590443]},"properties":{"kind":"campsite","src":"overture:meta","name":"Big Lake Campground","website":"http://www.biglakecampground.com/","addr":"2427 Lake St, Algoma","elev_ft":620}},{"type":"Feature","geometry":{"type":"Point","coordinates":[-87.461525,44.62669]},"properties":{"kind":"campsite","src":"overture:meta","name":"Timber Trail Campground","website":"http://www.timbertrailcampgrounds.com/","addr":"N8326 County Road M, Ahnapee","elev_ft":607}},{"type":"Feature","geometry":{"type":"Point","coordinates":[-87.132072,45.16922]},"properties":{"kind":"campsite","src":"overture:meta","name":"Dovetail Acres Campground","website":"https://linktr.ee/dovetailcampground","addr":"10282 State Highway 57, Sister Bay","elev_ft":640}},{"type":"Feature","geometry":{"type":"Point","coordinates":[-87.06881,45.287266]},"properties":{"kind":"campsite","src":"overture:meta","name":"Camp Zion","website":"http://www.campzion.com/","addr":"12701 Door Bluff Rd, Liberty Grove","elev_ft":646}},{"type":"Feature","geometry":{"type":"Point","coordinates":[-86.865433,45.356239]},"properties":{"kind":"rv_park","src":"overture:meta","name":"Washington Island, WI - Sunrise Log Cabins","website":"https://www.vrbo.com/4595456?dateless=true","addr":"746 S Hemlock Dr, Washington Island","elev_ft":600}},{"type":"Feature","geometry":{"type":"Point","coordinates":[-89.977074,43.864571]},"properties":{"kind":"campsite","src":"overture:meta","name":"Castle Rock Hideaway","website":"http://www.castlerockhideaway.com","addr":"N6187 CR-G, Germantown","elev_ft":902}},{"type":"Feature","geometry":{"type":"Point","coordinates":[-90.159821,43.882812]},"properties":{"kind":"rv_park","src":"overture:meta","name":"New Lisbon Riverside Park Campground","website":"http://www.newlisbon.net/","addr":"635 Hog Island Rd, New Lisbon","elev_ft":886}},{"type":"Feature","geometry":{"type":"Point","coordinates":[-88.756081,43.644157]},"properties":{"kind":"campsite","src":"overture:meta","name":"Waupun County Park Campground","website":"http://www.fdlco.wi.gov/Index.aspx?page=399","addr":"825 County Park Rd, Waupun","elev_ft":928}},{"type":"Feature","geometry":{"type":"Point","coordinates":[-88.817451,43.018906]},"properties":{"kind":"campsite","src":"overture:meta","name":"Camp Spangler","addr":"892 N Jackson Ave, Jefferson","elev_ft":794}},{"type":"Feature","geometry":{"type":"Point","coordinates":[-88.31897,45.281204]},"properties":{"kind":"campsite","src":"overture:meta","name":"Camp Norwid","website":"https://camp-norwid.hub.biz/","addr":"16625 Martin Ln, Crivitz","elev_ft":984}},{"type":"Feature","geometry":{"type":"Point","coordinates":[-90.779137,43.599251]},"properties":{"kind":"rv_park","src":"overture:meta","name":"Westfork Sportsmans Club","website":"http://www.westforksportsmansclub.org/","addr":"S3649 Cty Rd S, La Farge","elev_ft":850}},{"type":"Feature","geometry":{"type":"Point","coordinates":[-89.038177,44.741974]},"properties":{"kind":"campsite","src":"overture:meta","name":"Embarrass River ATV Park & Campground","website":"https://www.tigertonwi.com/campground-atv-park","addr":"1100 Quad Park Ln, Tigerton","elev_ft":1017}},{"type":"Feature","geometry":{"type":"Point","coordinates":[-88.892815,42.946144]},"properties":{"kind":"campsite","src":"overture:meta","name":"Pilgrim's Campground","addr":"W7271 County Road C, Fort Atkinson","elev_ft":899}},{"type":"Feature","geometry":{"type":"Point","coordinates":[-88.154762,43.621487]},"properties":{"kind":"campsite","src":"overture:meta","name":"Crooked Lake","website":"hoeftsresort.com","elev_ft":991}},{"type":"Feature","geometry":{"type":"Point","coordinates":[-92.535439,44.571033]},"properties":{"kind":"campsite","src":"overture:Microsoft","name":"Freedom Island Campground and Marina","website":"http://www.islandcampingandmarina.com/","addr":"N650, 825th St, Hager City","elev_ft":669}},{"type":"Feature","geometry":{"type":"Point","coordinates":[-89.370018,43.248669]},"properties":{"kind":"campsite","src":"overture:meta","name":"Madison Campground","website":"http://www.LanternDeForest.com/","addr":"4859 CR-V, Deforest","elev_ft":938}},{"type":"Feature","geometry":{"type":"Point","coordinates":[-91.490211,45.71386]},"properties":{"kind":"campsite","src":"overture:meta","name":"Bear Paw Resort and Campground","website":"http://www.bpresort.com/","addr":"2220 N Ol Hayes Rd, Edgewater","elev_ft":1257}},{"type":"Feature","geometry":{"type":"Point","coordinates":[-90.111443,44.381363]},"properties":{"kind":"campsite","src":"overture:meta","name":"Dexterville Campground","addr":"3730 WI-80, Pittsville","elev_ft":1007}},{"type":"Feature","geometry":{"type":"Point","coordinates":[-87.991562,45.632965]},"properties":{"kind":"campsite","src":"overture:meta","name":"Tranquil Vista Campgrounds","addr":"N18642 US Highway 141 8, Pembine","elev_ft":965}},{"type":"Feature","geometry":{"type":"Point","coordinates":[-88.584488,43.96661]},"properties":{"kind":"campsite","src":"overture:meta","name":"Osh Vegas Palms Resort","website":"http://www.oshvegaspalmsresort.com/","addr":"3911 S Washburn St, Oshkosh","elev_ft":843}},{"type":"Feature","geometry":{"type":"Point","coordinates":[-89.718292,43.268909]},"properties":{"kind":"campsite","src":"overture:Foursquare","name":"Snuffy's Campsite","website":"http://snuffyscampground.com","addr":"7539 U.S. 12, Sauk City","elev_ft":755}},{"type":"Feature","geometry":{"type":"Point","coordinates":[-91.02681,46.721737]},"properties":{"kind":"campsite","src":"overture:Foursquare","name":"Valhalla Trail Lodge","website":"http://www.valhallatraillodge.com","addr":"26001 Freedom Valley Dr, Washburn","elev_ft":968}},{"type":"Feature","geometry":{"type":"Point","coordinates":[-91.16819,45.897354]},"properties":{"kind":"campsite","src":"overture:meta","name":"Shady Nook Resort","website":"http://www.shadynookresort.com/","addr":"7140 N Sweeney Ln, Couderay","elev_ft":1394}},{"type":"Feature","geometry":{"type":"Point","coordinates":[-88.034691,43.829716]},"properties":{"kind":"campsite","src":"overture:meta","name":"Camp Brosius","website":"https://campbrosius.iu.edu/about/contact.html","addr":"N8089 CR-P, Elkhart Lake","elev_ft":925}},{"type":"Feature","geometry":{"type":"Point","coordinates":[-89.802338,43.658173]},"properties":{"kind":"rv_park","src":"overture:meta","name":"Stand Rock Campground","website":"https://www.standrock.com/","addr":"N570 CR-N, Wisconsin Dells","elev_ft":942}},{"type":"Feature","geometry":{"type":"Point","coordinates":[-89.305153,43.919731]},"properties":{"kind":"campsite","src":"overture:meta","name":"Oak Grove Campground Neshkoro WI Stan & Bets","addr":"W2865 Duck Creek Ave, Neshkoro","elev_ft":823}},{"type":"Feature","geometry":{"type":"Point","coordinates":[-92.639786,45.124714]},"properties":{"kind":"campsite","src":"overture:meta","name":"River's Edge Apple River Campground","website":"http://www.appleriver.com","addr":"1820 Raleigh Rd, New Richmond","elev_ft":840}},{"type":"Feature","geometry":{"type":"Point","coordinates":[-92.591713,45.572277]},"properties":{"kind":"rv_park","src":"overture:meta","name":"Ponds and Pines RV Park","website":"https://pondsandpinesrvpark.com/","addr":"2524 Pickerel Lake Ln, Luck","elev_ft":997}},{"type":"Feature","geometry":{"type":"Point","coordinates":[-88.264145,45.265839]},"properties":{"kind":"campsite","src":"overture:meta","name":"Camp Bird for Lutherans","website":"http://campbird.org/","addr":"N8395 Caldron Falls Rd, Crivitz","elev_ft":919}},{"type":"Feature","geometry":{"type":"Point","coordinates":[-88.968422,45.365398]},"properties":{"kind":"campsite","src":"overture:meta","name":"Ma-Ka-Ja-Wan Scout Reservation","website":"https://linktr.ee/makajawan","addr":"W6500 Spring Lake Rd, Pearson","elev_ft":1575}},{"type":"Feature","geometry":{"type":"Point","coordinates":[-87.223747,45.165192]},"properties":{"kind":"campsite","src":"overture:meta","name":"Peninsula State Park Campground","elev_ft":600}},{"type":"Feature","geometry":{"type":"Point","coordinates":[-92.131683,45.755253]},"properties":{"kind":"campsite","src":"overture:meta","name":"Bashaw Valley Campground","addr":"23204 Thompson Rd, Shell Lake","elev_ft":1053}},{"type":"Feature","geometry":{"type":"Point","coordinates":[-88.261826,45.366043]},"properties":{"kind":"campsite","src":"overture:meta","name":"Fishers Camp Resort and Campground","addr":"Boat Landing 10 Rd, Athelstane","elev_ft":1047}},{"type":"Feature","geometry":{"type":"Point","coordinates":[-89.791763,45.289719]},"properties":{"kind":"campsite","src":"overture:meta","name":"Camp New Wood County Campground","addr":"N 4715 WI-107, Town of Rock Falls","elev_ft":1322}},{"type":"Feature","geometry":{"type":"Point","coordinates":[-88.730965,45.183815]},"properties":{"kind":"campsite","src":"overture:meta","name":"Rocky Rips Campground","website":"http://www.rockyripscampground.com/","addr":"N4327 State Highway 55, Wolf River","elev_ft":1293}},{"type":"Feature","geometry":{"type":"Point","coordinates":[-88.610397,42.943466]},"properties":{"kind":"campsite","src":"overture:meta","name":"Natures Villa","website":"https://natures-villa-inc.hub.biz","addr":"N2899 Roger Rd, Helenville","elev_ft":948}},{"type":"Feature","geometry":{"type":"Point","coordinates":[-87.888176,43.076057]},"properties":{"kind":"campsite","src":"overture:meta","name":"Camp Geulah","addr":"3213 N Oakland Ave, Milwaukee","elev_ft":676}},{"type":"Feature","geometry":{"type":"Point","coordinates":[-91.70639,44.302048]},"properties":{"kind":"campsite","src":"overture:meta","name":"Buffalo County Resort","website":"http://www.buffalocountyresort.com","addr":"S2020 County Road U, Cochrane","elev_ft":771}},{"type":"Feature","geometry":{"type":"Point","coordinates":[-89.265594,45.917141]},"properties":{"kind":"campsite","src":"overture:meta","name":"Lang's Landing","addr":"4911 Sherburn Rd, Eagle River","elev_ft":1637}},{"type":"Feature","geometry":{"type":"Point","coordinates":[-89.275986,42.772041]},"properties":{"kind":"rv_park","src":"overture:meta","name":"Midway Village Mobile Home Park","website":"http://affordablehomecommunities.com","addr":"6909 N County Road M, Evansville","elev_ft":909}},{"type":"Feature","geometry":{"type":"Point","coordinates":[-88.965988,43.842308]},"properties":{"kind":"campsite","src":"overture:meta","name":"Hattie Sherwood Campground","website":"https://www.campspot.com/book/hattie-sherwood","addr":"451 S Lawson Dr, Green Lake","elev_ft":823}},{"type":"Feature","geometry":{"type":"Point","coordinates":[-88.323814,44.113384]},"properties":{"kind":"campsite","src":"overture:meta","name":"Calumet County Campground","elev_ft":778}},{"type":"Feature","geometry":{"type":"Point","coordinates":[-89.316017,43.693539]},"properties":{"kind":"campsite","src":"overture:meta","name":"Wilderness Campground,  Montello, WI","website":"http://www.wildernesscampground.com/","addr":"N1499 WI-22, Montello","elev_ft":840}},{"type":"Feature","geometry":{"type":"Point","coordinates":[-89.79641,45.224823]},"properties":{"kind":"campsite","src":"overture:meta","name":"Krueger Campground","addr":"W7283 Rose-Len Ct, Merrill","elev_ft":1293}},{"type":"Feature","geometry":{"type":"Point","coordinates":[-88.552017,42.791382]},"properties":{"kind":"campsite","src":"overture:meta","name":"Juniper Knoll Chicago Girl Scout Camp","website":"https://www.girlscoutsgcnwi.org/en/camp/ways-to-camp.html","addr":"W5095 State Road 20, East Troy","elev_ft":948}},{"type":"Feature","geometry":{"type":"Point","coordinates":[-89.602852,43.465435]},"properties":{"kind":"campsite","src":"overture:meta","name":"Oselia Baraboo","addr":"E14481 Luebke Rd, Baraboo","elev_ft":1056}},{"type":"Feature","geometry":{"type":"Point","coordinates":[-91.446983,46.540291]},"properties":{"kind":"campsite","src":"overture:meta","name":"Top O' the Morn Resort and Campground","website":"http://www.topothemorn.com/","addr":"6080 Iron Lake Rd, Hughes","elev_ft":1138}},{"type":"Feature","geometry":{"type":"Point","coordinates":[-87.939705,43.045601]},"properties":{"kind":"campsite","src":"overture:meta","name":"Big Daves Rustic Camping","addr":"N3980 State Highway 55, Keshena","elev_ft":702}},{"type":"Feature","geometry":{"type":"Point","coordinates":[-89.430107,43.385212]},"properties":{"kind":"campsite","src":"overture:meta","name":"Jamieson Park","addr":"County Highway CS","elev_ft":850}},{"type":"Feature","geometry":{"type":"Point","coordinates":[-90.686562,46.24873]},"properties":{"kind":"campsite","src":"overture:meta","name":"Bad River Wilderness Hipcamp","website":"https://www.hipcamp.com/en-US/land/wisconsin-bad-river-wilderness-3r57h2n8?adults=1&children=0","addr":"111900 River Road, Mellen","elev_ft":1444}},{"type":"Feature","geometry":{"type":"Point","coordinates":[-90.874199,44.424953]},"properties":{"kind":"campsite","src":"overture:meta","name":"Tent Camp","website":"http://www.tentcamp.com/","addr":"W12853 E Giloy Rd, Humbird","elev_ft":1033}},{"type":"Feature","geometry":{"type":"Point","coordinates":[-88.911987,42.862644]},"properties":{"kind":"campsite","src":"overture:Foursquare","name":"Jellystone Park","website":"http://www.jellystonefort.com/","addr":"N551 Wishing Well Ln, Fort Atkinson","elev_ft":883}},{"type":"Feature","geometry":{"type":"Point","coordinates":[-87.953537,42.979168]},"properties":{"kind":"campsite","src":"overture:meta","name":"Camp Crystal Lake WI","addr":"123 N Crystal Lake RD, Milwaukee","elev_ft":682}},{"type":"Feature","geometry":{"type":"Point","coordinates":[-87.890823,45.669689]},"properties":{"kind":"campsite","src":"overture:meta","name":"Morgan Park Campground","website":"https://www.marinettecounty.com/parks/camping/morgan_park_campground","elev_ft":869}},{"type":"Feature","geometry":{"type":"Point","coordinates":[-91.323883,45.989624]},"properties":{"kind":"campsite","src":"overture:Microsoft","name":"Timber Trail Lodge","website":"http://www.timber-trail-lodge.com/","addr":"12150 W County Rd B, Hayward","elev_ft":1401}},{"type":"Feature","geometry":{"type":"Point","coordinates":[-89.293182,44.214008]},"properties":{"kind":"campsite","src":"overture:meta","name":"Camp Moshava of Wild Rose, WI","website":"http://www.moshavawildrose.org/","addr":"W8256 CR-P, Wild Rose","elev_ft":1102}},{"type":"Feature","geometry":{"type":"Point","coordinates":[-89.647926,46.068184]},"properties":{"kind":"campsite","src":"overture:meta","name":"Trout Lake State Forest Campground","website":"dnr.wi.gov/topic/StateForests/nhal/camping.html","elev_ft":1667}},{"type":"Feature","geometry":{"type":"Point","coordinates":[-88.959763,44.379147]},"properties":{"kind":"campsite","src":"overture:meta","name":"Wisconsin Law Enforcement Association Campground","addr":"N3820 CR-KK, Royalton","elev_ft":823}},{"type":"Feature","geometry":{"type":"Point","coordinates":[-89.901932,43.710388]},"properties":{"kind":"rv_park","src":"overture:Microsoft","name":"Buck's Crossing RV Sales & Resort","website":"http://www.buckscrossing.com/","addr":"150 East St, Lyndon Station","elev_ft":912}},{"type":"Feature","geometry":{"type":"Point","coordinates":[-92.462563,45.453331]},"properties":{"kind":"rv_park","src":"overture:Microsoft","name":"Lakeview Park Inc.","website":"http://www.lakeviewparkinc.com/","addr":"625 N State Road 46, Balsam Lake","elev_ft":1168}},{"type":"Feature","geometry":{"type":"Point","coordinates":[-92.13353,46.053116]},"properties":{"kind":"campsite","src":"overture:Microsoft","name":"Oak Ridge Inn & Campground","addr":"31453 Webb Lake Dr, Webb Lake","elev_ft":1001}},{"type":"Feature","geometry":{"type":"Point","coordinates":[-91.236816,45.298008]},"properties":{"kind":"campsite","src":"overture:Microsoft","name":"Flater's Resort Holcombe","website":"http://www.flatersresort.com/","addr":"N270 County Rd E, Holcombe","elev_ft":1050}},{"type":"Feature","geometry":{"type":"Point","coordinates":[-90.987221,45.519951]},"properties":{"kind":"campsite","src":"overture:Microsoft","name":"Inn Between Bar & Grill","addr":"N6386 CTH I, Tony","elev_ft":1253}},{"type":"Feature","geometry":{"type":"Point","coordinates":[-89.118805,46.141247]},"properties":{"kind":"campsite","src":"overture:Microsoft","name":"Wind Drift Resort","website":"http://www.winddriftresort.com/","addr":"E24911 Misery Bay Rd, Watersmeet","elev_ft":1677}},{"type":"Feature","geometry":{"type":"Point","coordinates":[-88.165222,43.737484]},"properties":{"kind":"campsite","src":"overture:Microsoft","name":"Fond du Lac East / Kettle Moraine KOA Holiday","website":"https://koa.com/campgrounds/kettle-moraine/","addr":"N5456 Division Rd, Glenbeulah","elev_ft":1076}},{"type":"Feature","geometry":{"type":"Point","coordinates":[-87.142899,45.082047]},"properties":{"kind":"campsite","src":"overture:Microsoft","name":"Beantown Campground","website":"http://www.beantowncampground.com/","addr":"8400 County Road F, Baileys Harbor","elev_ft":643}},{"type":"Feature","geometry":{"type":"Point","coordinates":[-87.912186,42.837086]},"properties":{"kind":"rv_park","src":"overture:meta","name":"Yogi Bears Jellystone Camp Ground","website":"http://www.jellystone-caledonia.com/","addr":"8425 State Road 38, Caledonia","elev_ft":738}},{"type":"Feature","geometry":{"type":"Point","coordinates":[-89.575943,43.876007]},"properties":{"kind":"campsite","src":"overture:meta","name":"Camp Wakonda","website":"http://www.wakonda.org/Camp_Wakonda/Home.html","addr":"W8368 CR-E, Westfield","elev_ft":978}},{"type":"Feature","geometry":{"type":"Point","coordinates":[-92.224442,46.215511]},"properties":{"kind":"campsite","src":"overture:meta","name":"Dairyland Outdoor Veterans Retreat","website":"http://www.dovr.org/","addr":"1465 E Township Rd TT, Dairyland","elev_ft":1142}},{"type":"Feature","geometry":{"type":"Point","coordinates":[-89.947212,43.94006]},"properties":{"kind":"campsite","src":"overture:meta","name":"Sandy Lake Camp","addr":"2182 Town Rd, Friendship","elev_ft":915}},{"type":"Feature","geometry":{"type":"Point","coordinates":[-88.310341,42.540802]},"properties":{"kind":"campsite","src":"overture:meta","name":"Camp Cornfield","addr":"W220 Nippersink Rd, Bloomfield","elev_ft":853}},{"type":"Feature","geometry":{"type":"Point","coordinates":[-90.724976,44.416576]},"properties":{"kind":"campsite","src":"overture:meta","name":"West Lake  Arbutus Campground","elev_ft":889}},{"type":"Feature","geometry":{"type":"Point","coordinates":[-89.242889,46.130947]},"properties":{"kind":"rv_park","src":"overture:meta","name":"Land O' Lakes Nature RV Resort","website":"http://www.NatureRVResort.com/","addr":"5922 Razorback Rd, Land O Lakes","elev_ft":1703}},{"type":"Feature","geometry":{"type":"Point","coordinates":[-91.568771,46.256454]},"properties":{"kind":"campsite","src":"overture:meta","name":"Mooney Dam County Park","addr":"Fowler's Cir, Gordon","elev_ft":1135}},{"type":"Feature","geometry":{"type":"Point","coordinates":[-91.287354,45.038704]},"properties":{"kind":"campsite","src":"overture:meta","name":"Sunnyview Campground and Trailer Park","addr":"13504 190th St, Chippewa Falls","elev_ft":968}},{"type":"Feature","geometry":{"type":"Point","coordinates":[-92.075623,45.807407]},"properties":{"kind":"campsite","src":"overture:Foursquare","name":"Scenic View Campground","website":"http://www.scenicviewcampground.com","elev_ft":1053}},{"type":"Feature","geometry":{"type":"Point","coordinates":[-89.151154,44.237503]},"properties":{"kind":"campsite","src":"overture:meta","name":"Twin Lakes Camp","addr":"N7104 CR-K, Waupaca","elev_ft":932}},{"type":"Feature","geometry":{"type":"Point","coordinates":[-90.066391,43.361656]},"properties":{"kind":"campsite","src":"overture:meta","name":"Savage Hills Adventure Camping","addr":"Hwy 23, Loganville","elev_ft":922}},{"type":"Feature","geometry":{"type":"Point","coordinates":[-91.240433,45.889099]},"properties":{"kind":"campsite","src":"overture:meta","name":"Blueberry Bay Resort","addr":"11105 W County Road CC, Couderay","elev_ft":1342}},{"type":"Feature","geometry":{"type":"Point","coordinates":[-89.342354,45.602669]},"properties":{"kind":"campsite","src":"overture:Microsoft","name":"Brekke's Fireside Resort","website":"http://www.brekkesresort.com/","addr":"4268 County P, Rhinelander","elev_ft":1572}},{"type":"Feature","geometry":{"type":"Point","coordinates":[-89.772102,43.633839]},"properties":{"kind":"campsite","src":"overture:meta","name":"RiverBay Campground","website":"www.myriverbay.com","addr":"1147 River Rd, Wisconsin Dells","elev_ft":850}},{"type":"Feature","geometry":{"type":"Point","coordinates":[-88.20015,45.318043]},"properties":{"kind":"campsite","src":"overture:meta","name":"High Falls Getaway RV Lot Crivitz WI","website":"https://www.hipcamp.com/en-US/land/wisconsin-rich-and-lori-s-parkside-land-dw9hd1d8?adults=1&children=0","addr":"N9793 Parkway Rd, Crivitz","elev_ft":945}},{"type":"Feature","geometry":{"type":"Point","coordinates":[-89.721436,45.295128]},"properties":{"kind":"campsite","src":"overture:meta","name":"Camp Birch Trails","website":"http://www.birchtrail.com/","addr":"W5860 Olivotti Lake Rd, Irma","elev_ft":1490}},{"type":"Feature","geometry":{"type":"Point","coordinates":[-89.184464,43.767704]},"properties":{"kind":"campsite","src":"overture:meta","name":"Lakeside Campground","website":"http://www.lakearrowheadcampground.com/lakeside.php","addr":"N3510 W Tomahawk Trl, Montello","elev_ft":787}},{"type":"Feature","geometry":{"type":"Point","coordinates":[-89.250671,44.913208]},"properties":{"kind":"campsite","src":"overture:meta","name":"Wildlife Campground Site 52","website":"wildlifecampgrounds.com","elev_ft":1322}},{"type":"Feature","geometry":{"type":"Point","coordinates":[-91.939606,46.18811]},"properties":{"kind":"campsite","src":"overture:meta","name":"Crystal Lake Campground","website":"http://visitwascott.com","addr":"15993 S Crystal Lake Rd, Wascott","elev_ft":1070}},{"type":"Feature","geometry":{"type":"Point","coordinates":[-88.275841,45.875065]},"properties":{"kind":"campsite","src":"overture:meta","name":"Lake Emily Campground","elev_ft":1247}},{"type":"Feature","geometry":{"type":"Point","coordinates":[-91.932152,46.179268]},"properties":{"kind":"campsite","src":"overture:meta","name":"Golden Chipmunk Campground ","website":"https://thegoldenchipmunk.com/","addr":"10695 S. Chipmunk Hollow Rd, Gordon","elev_ft":1066}},{"type":"Feature","geometry":{"type":"Point","coordinates":[-89.249962,45.920059]},"properties":{"kind":"rv_park","src":"overture:meta","name":"Vilas County Forest Campgrounds","website":"https://www.vilascountywi.gov/departments/services/forestry___land_department","addr":"330 Court St, Eagle River","elev_ft":1650}},{"type":"Feature","geometry":{"type":"Point","coordinates":[-91.618095,45.298481]},"properties":{"kind":"campsite","src":"overture:meta","name":"Southworth Camp Ground Chetek","website":"https://www.campendium.com/southworth-county-park","addr":"664 26 1/2 27th St, New Auburn","elev_ft":1053}},{"type":"Feature","geometry":{"type":"Point","coordinates":[-91.206673,45.360535]},"properties":{"kind":"campsite","src":"overture:meta","name":"East River Run campground","elev_ft":1099}},{"type":"Feature","geometry":{"type":"Point","coordinates":[-90.675652,44.421341]},"properties":{"kind":"campsite","src":"overture:meta","name":"Black River State Forest East Fork Campground Hatfield, Wi","elev_ft":902}},{"type":"Feature","geometry":{"type":"Point","coordinates":[-88.494453,42.922756]},"properties":{"kind":"campsite","src":"overture:meta","name":"Ottawa Lake Campground","website":"http://www.wiparks.net","addr":"S59W36500 County Highway, Dousman","elev_ft":860}},{"type":"Feature","geometry":{"type":"Point","coordinates":[-89.467232,43.729641]},"properties":{"kind":"campsite","src":"overture:meta","name":"Call Of The Wild Campground","website":"http://www.callofthewild.com","addr":"N2523 Lakeview Dr, Montello","elev_ft":774}},{"type":"Feature","geometry":{"type":"Point","coordinates":[-89.788734,46.15995]},"properties":{"kind":"campsite","src":"overture:meta","name":"Big Lake Campground","website":"http://www.dnr.wi.gov","elev_ft":1663}},{"type":"Feature","geometry":{"type":"Point","coordinates":[-91.249062,43.815189]},"properties":{"kind":"campsite","src":"overture:meta","name":"Goose Island Campground","addr":"400 4th St N, La Crosse","elev_ft":686}},{"type":"Feature","geometry":{"type":"Point","coordinates":[-88.465218,44.259621]},"properties":{"kind":"campsite","src":"overture:meta","name":"Alanore's Private Pines Camping","addr":"988 13th Ave, Arkdale","elev_ft":771}},{"type":"Feature","geometry":{"type":"Point","coordinates":[-92.644753,45.251575]},"properties":{"kind":"campsite","src":"overture:meta","name":"Camp Choson","website":"http://www.campchoson.org/","addr":"2372 30th Ave, Osceola","elev_ft":1138}},{"type":"Feature","geometry":{"type":"Point","coordinates":[-89.661514,43.744251]},"properties":{"kind":"campsite","src":"overture:meta","name":"BeanTown Glamping Rv Park","website":"http://beantownglampingrvpark.com/","addr":"3511 CR-G, Jackson","elev_ft":935}},{"type":"Feature","geometry":{"type":"Point","coordinates":[-89.766144,43.638149]},"properties":{"kind":"campsite","src":"overture:meta","name":"Easterseals Wisconsin Camps","website":"http://www.eastersealswisconsin.com/","addr":"W1550 Waubeek Rd, Wisconsin Dells","elev_ft":892}},{"type":"Feature","geometry":{"type":"Point","coordinates":[-88.199684,45.347073]},"properties":{"kind":"campsite","src":"overture:meta","name":"Old Veterans Lake Campground","website":"https://freecampsites.net/#!71548&query=sitedetails","elev_ft":912}},{"type":"Feature","geometry":{"type":"Point","coordinates":[-88.210648,43.41198]},"properties":{"kind":"campsite","src":"overture:meta","name":"Camp Silverbrook","website":"www.gswise.org/en/camp---outdoors/day-camp1/camp-silverbrook.html","addr":"2561 W Decorah Rd, West Bend","elev_ft":1053}},{"type":"Feature","geometry":{"type":"Point","coordinates":[-90.313995,43.275631]},"properties":{"kind":"campsite","src":"overture:meta","name":"Twin Bluffs Camp Ground Llc","elev_ft":725}},{"type":"Feature","geometry":{"type":"Point","coordinates":[-91.806374,45.85215]},"properties":{"kind":"campsite","src":"overture:meta","name":"Spooner Lake RV Resort","website":"https://spoonerlakervresort.com/","addr":"N5965 Mann Rd, Spooner","elev_ft":1106}},{"type":"Feature","geometry":{"type":"Point","coordinates":[-87.240295,45.134277]},"properties":{"kind":"campsite","src":"overture:meta","name":"Weborgs Point","elev_ft":577}},{"type":"Feature","geometry":{"type":"Point","coordinates":[-87.824562,42.821945]},"properties":{"kind":"campsite","src":"overture:meta","name":"Cliffside County Park and Campground","addr":"7541 Michna Rd, Racine","elev_ft":679}},{"type":"Feature","geometry":{"type":"Point","coordinates":[-87.771721,45.120598]},"properties":{"kind":"campsite","src":"overture:meta","name":"Green's Green Acres Campground","website":"http://www.countrymusicfestival.com","addr":"W3525 Peters Rd, Marinette","elev_ft":623}},{"type":"Feature","geometry":{"type":"Point","coordinates":[-87.936729,43.539162]},"properties":{"kind":"campsite","src":"overture:meta","name":"Badger Campground","elev_ft":876}},{"type":"Feature","geometry":{"type":"Point","coordinates":[-88.639603,44.380894]},"properties":{"kind":"campsite","src":"overture:meta","name":"Masonville Campground","elev_ft":764}},{"type":"Feature","geometry":{"type":"Point","coordinates":[-91.102806,44.767277]},"properties":{"kind":"campsite","src":"overture:meta","name":"Sandy Hill Campground","website":"http://www.travelwisconsin.com/cabins-cottages/sandy-hill-campground-201262","addr":"E21100 County Road ND, Augusta","elev_ft":1178}},{"type":"Feature","geometry":{"type":"Point","coordinates":[-90.140175,44.519722]},"properties":{"kind":"campsite","src":"overture:meta","name":"North Wood County Park & Campground","website":"http://www.co.wood.wi.us/Departments/Parks/NorthPark.aspx","addr":"7500 Park Ln, Arpin","elev_ft":1109}},{"type":"Feature","geometry":{"type":"Point","coordinates":[-87.951721,43.694939]},"properties":{"kind":"campsite","src":"overture:meta","name":"Midwest Regional Archery Camp","addr":"W5132 CR-N, Waldo","elev_ft":892}},{"type":"Feature","geometry":{"type":"Point","coordinates":[-92.660767,45.108345]},"properties":{"kind":"campsite","src":"overture:meta","name":"Hideaway Campground Apple River","website":"http://www.tubetheriver.com/","addr":"712 170th Ave, Somerset","elev_ft":906}},{"type":"Feature","geometry":{"type":"Point","coordinates":[-89.200516,45.342491]},"properties":{"kind":"campsite","src":"overture:meta","name":"Langlade County Camp Susan","elev_ft":1683}},{"type":"Feature","geometry":{"type":"Point","coordinates":[-87.117203,43.089752]},"properties":{"kind":"campsite","src":"overture:meta","name":"\u6e90\u91ce\u570b\u969b\u63a2\u7d22\u6559\u80b2\u71df\u5730","addr":"\u6df1\u5733\u5e02\u9f8d\u83ef\u5340\u89c0\u703e\u6e56\u9ad8\u723e\u592b\u7403\u6703\u516711A","elev_ft":574}},{"type":"Feature","geometry":{"type":"Point","coordinates":[-91.320908,43.94297]},"properties":{"kind":"campsite","src":"overture:meta","name":"Jeffers Driveway Campground","elev_ft":673}},{"type":"Feature","geometry":{"type":"Point","coordinates":[-91.93924,46.138454]},"properties":{"kind":"campsite","src":"overture:meta","name":"Totagatic Campground","website":"https://www.washburncountyparks.us/parks/camping/totogatic_park","elev_ft":1001}},{"type":"Feature","geometry":{"type":"Point","coordinates":[-91.053093,43.913208]},"properties":{"kind":"campsite","src":"overture:meta","name":"Lake Neshonic Campground","website":"www.neshonoclakeside.com","elev_ft":715}},{"type":"Feature","geometry":{"type":"Point","coordinates":[-90.690971,42.645939]},"properties":{"kind":"campsite","src":"overture:Foursquare","name":"Grant River Recreation Area","website":"http://www.mvr.usace.army.mil/missriver/Recreation/GrantRiver.htm","addr":"Park Rd, Potosi","elev_ft":610}},{"type":"Feature","geometry":{"type":"Point","coordinates":[-90.586937,43.237232]},"properties":{"kind":"campsite","src":"overture:Foursquare","name":"Eagle Cave","website":"http://www.eaglecave.net","addr":"16320 Cavern Lane, Blue River","elev_ft":1040}},{"type":"Feature","geometry":{"type":"Point","coordinates":[-90.889069,43.556835]},"properties":{"kind":"campsite","src":"overture:Foursquare","name":"Stone Light Retreat","website":"http://www.stone-light.net","addr":"S5801B N Harrison Hollow Rd, Viroqua","elev_ft":1270}},{"type":"Feature","geometry":{"type":"Point","coordinates":[-90.152115,43.88765]},"properties":{"kind":"campsite","src":"overture:Foursquare","name":"Riverside Park Campground","website":"http://www.newlisbon.net","addr":"Hog Island Rd, New Lisbon","elev_ft":896}},{"type":"Feature","geometry":{"type":"Point","coordinates":[-89.851204,43.74305]},"properties":{"kind":"campsite","src":"overture:Foursquare","name":"Ho-Chunk RV Resort Campground","website":"http://www.ho-chunkrvresort.com","addr":"N2884 28th Ave, Lyndon Station","elev_ft":892}},{"type":"Feature","geometry":{"type":"Point","coordinates":[-89.804337,43.761475]},"properties":{"kind":"campsite","src":"overture:Foursquare","name":"dells camping resort","website":"http://www.campthedells.com","addr":"1130 Freedom Ct, Wisconsin Dells","elev_ft":974}},{"type":"Feature","geometry":{"type":"Point","coordinates":[-89.82563,43.657681]},"properties":{"kind":"campsite","src":"overture:Foursquare","name":"Edge O Dells Camping Resort","website":"http://www.edgeodells.com","addr":"N555 US Highway 12 and 16, Wisconsin Dells","elev_ft":958}},{"type":"Feature","geometry":{"type":"Point","coordinates":[-89.798996,43.575436]},"properties":{"kind":"campsite","src":"overture:Foursquare","name":"Jellystone Park","website":"http://www.dellsjellystone.com","elev_ft":984}},{"type":"Feature","geometry":{"type":"Point","coordinates":[-89.740791,43.482113]},"properties":{"kind":"campsite","src":"overture:Foursquare","name":"Red Oak Campgrounds","website":"https://www.redoakcampground.com","addr":"S2350 County Road Bd, Baraboo","elev_ft":1020}},{"type":"Feature","geometry":{"type":"Point","coordinates":[-89.757988,43.457829]},"properties":{"kind":"campsite","src":"overture:Foursquare","name":"Blackhawk Manor","website":"https://www.mhvillage.com/parks/26943","addr":"901 Moore St Lot 1, Baraboo","elev_ft":909}},{"type":"Feature","geometry":{"type":"Point","coordinates":[-90.12307,43.044949]},"properties":{"kind":"campsite","src":"overture:Foursquare","name":"Bethel horizons","website":"http://www.bethelhorizons.org","addr":"4651 County Highway ZZ, Dodgeville","elev_ft":1207}},{"type":"Feature","geometry":{"type":"Point","coordinates":[-89.324371,43.949036]},"properties":{"kind":"campsite","src":"overture:Foursquare","name":"Renewable World Foundation, Inc.","website":"https://www.renewableworldfoundation.org","addr":"100 S State St, Neshkoro, WI 54960-9505, United States, Neshkoro","elev_ft":850}},{"type":"Feature","geometry":{"type":"Point","coordinates":[-90.841812,44.447083]},"properties":{"kind":"campsite","src":"overture:Foursquare","name":"Gile Park","website":"http://www.gotparks.com/?type=all&s=WI&f=1845451","addr":"Park Dr, Merrillan","elev_ft":942}},{"type":"Feature","geometry":{"type":"Point","coordinates":[-91.032333,44.499397]},"properties":{"kind":"campsite","src":"overture:Foursquare","name":"Aurora Gardens","website":"http://www.auroragardens.org","addr":"Hixton Levis Rd, Hixton","elev_ft":1043}},{"type":"Feature","geometry":{"type":"Point","coordinates":[-90.723267,44.423672]},"properties":{"kind":"campsite","src":"overture:Foursquare","name":"Russell's Park","website":"https://parks.co.clark.wi.us/.../russell_memorial_campground/details","addr":"Thunderbird Ln, Merrillan","elev_ft":906}},{"type":"Feature","geometry":{"type":"Point","coordinates":[-89.98381,44.154118]},"properties":{"kind":"campsite","src":"overture:Foursquare","name":"Wilderness Campground","website":"http://www.co.juneau.wi.gov/wilderness.html","addr":"9th St E, Necedah","elev_ft":942}},{"type":"Feature","geometry":{"type":"Point","coordinates":[-89.305656,44.342327]},"properties":{"kind":"campsite","src":"overture:Foursquare","name":"Wild West Campground & Corral","website":"http://www.wildwestcampground.com","addr":"9495 Hwy 54, Amherst","elev_ft":1125}},{"type":"Feature","geometry":{"type":"Point","coordinates":[-89.316833,44.317955]},"properties":{"kind":"campsite","src":"overture:Foursquare","name":"Camp Helen Brachman","website":"http://www.coa-yfc.org/wp/camp","addr":"Helen Brachman Road, Almond","elev_ft":1142}},{"type":"Feature","geometry":{"type":"Point","coordinates":[-89.145355,44.231308]},"properties":{"kind":"campsite","src":"overture:Foursquare","name":"Twin Lakes Cub Scout Camp","website":"http://www.baylakesbsa.org","addr":"N7104 County Road K, Wild Rose","elev_ft":971}},{"type":"Feature","geometry":{"type":"Point","coordinates":[-91.012108,44.697868]},"properties":{"kind":"campsite","src":"overture:Foursquare","name":"Coon Fork Lake County Park","website":"http://www.co.eau-claire.wi.us/parks_and_forest/coon_fork_lake_county_park.htm","addr":"E25501 County Road M, Fairchild","elev_ft":991}},{"type":"Feature","geometry":{"type":"Point","coordinates":[-92.763901,45.092518]},"properties":{"kind":"campsite","src":"overture:Foursquare","name":"Fred C Anderson Scout Camp","website":"http://camping.northernstarbsa.org/Camps/FredCAndersen.aspx","addr":"173 Andersen Scout Camp Rd, Houlton","elev_ft":2530}},{"type":"Feature","geometry":{"type":"Point","coordinates":[-92.410225,45.319401]},"properties":{"kind":"campsite","src":"overture:Foursquare","name":"Camp Wapo","website":"http://www.campwapo.org","addr":"738 Hickory Point Ln, Amery","elev_ft":1037}},{"type":"Feature","geometry":{"type":"Point","coordinates":[-91.667633,45.336956]},"properties":{"kind":"campsite","src":"overture:Foursquare","name":"Echo Bay Resort","website":"http://echobaychetek.com","elev_ft":1063}},{"type":"Feature","geometry":{"type":"Point","coordinates":[-91.682877,45.700409]},"properties":{"kind":"campsite","src":"overture:Foursquare","name":"Tomahawk Scout Reservation","website":"http://www.camptomahawk.org","addr":"1910 Scout Road, Birchwood","elev_ft":1234}},{"type":"Feature","geometry":{"type":"Point","coordinates":[-89.626213,46.004593]},"properties":{"kind":"campsite","src":"overture:Foursquare","name":"Northern Highland American Legion State Forest","website":"http://www.legion.org","addr":"10200 Highway N, Boulder Junction","elev_ft":1667}},{"type":"Feature","geometry":{"type":"Point","coordinates":[-89.645561,45.838886]},"properties":{"kind":"campsite","src":"overture:Foursquare","name":"Indian Shores Campground","website":"http://www.indian-shores.com","addr":"Camp Strongheart Rd, Woodruff","elev_ft":1624}},{"type":"Feature","geometry":{"type":"Point","coordinates":[-89.741219,45.839298]},"properties":{"kind":"campsite","src":"overture:Foursquare","name":"Camp Agawak","website":"http://agawak.com","addr":"7851 Agawak Rd, Minocqua","elev_ft":1647}},{"type":"Feature","geometry":{"type":"Point","coordinates":[-89.325035,45.256081]},"properties":{"kind":"campsite","src":"overture:Foursquare","name":"Great Northern Campground","website":"http://greatnortherncampground.com","addr":"N6146 County Road H, Gleason","elev_ft":1572}},{"type":"Feature","geometry":{"type":"Point","coordinates":[-91.60807,46.736359]},"properties":{"kind":"campsite","src":"overture:Foursquare","name":"brule river state park - Bois Brule Campground","website":"https://dnr.wisconsin.gov/topic/StateForests/bruleriver","addr":"6250 S Ranger Rd, Brule","elev_ft":656}},{"type":"Feature","geometry":{"type":"Point","coordinates":[-90.439545,46.559036]},"properties":{"kind":"campsite","src":"overture:Foursquare","name":"Saxon Harbor Campground And Marina","website":"https://ironcountyforest.org/saxon-harbor-campground-marina","addr":"10045 County Highway A, Saxon","elev_ft":623}},{"type":"Feature","geometry":{"type":"Point","coordinates":[-88.601814,42.900539]},"properties":{"kind":"campsite","src":"overture:Foursquare","name":"Circle K Campground","website":"http://www.circlekcamp.net","addr":"W1316 Island Rd, Palmyra","elev_ft":797}},{"type":"Feature","geometry":{"type":"Point","coordinates":[-88.552727,42.799976]},"properties":{"kind":"campsite","src":"overture:Foursquare","name":"Camp Juniper Knoll","website":"http://www.girlscoutsgcnwi.org/media/files/camp_sheets_new/camp_juniper_knoll.pdf","addr":"W 5095 State Rd 20, East Troy","elev_ft":942}},{"type":"Feature","geometry":{"type":"Point","coordinates":[-88.504166,42.809647]},"properties":{"kind":"campsite","src":"overture:Foursquare","name":"Timber-lee Christian Center","website":"http://timber-lee.com","addr":"N8705 Scout Rd, East Troy","elev_ft":922}},{"type":"Feature","geometry":{"type":"Point","coordinates":[-88.479034,42.796276]},"properties":{"kind":"campsite","src":"overture:Foursquare","name":"Oakwood Knoll Girl Scout Camp","website":"http://gsbadgerland.org/About/GirlScoutProperties/tabid/79/Default.aspx#oakwood","addr":"W 3520 State Rd. 20, East Troy","elev_ft":866}},{"type":"Feature","geometry":{"type":"Point","coordinates":[-88.439079,42.958458]},"properties":{"kind":"campsite","src":"overture:Foursquare","name":"Pinewoods Campgrounds","website":"http://dnr.wi.gov","addr":"W347 S4756 County Rd G, Dousman","elev_ft":1060}},{"type":"Feature","geometry":{"type":"Point","coordinates":[-88.139229,42.540989]},"properties":{"kind":"campsite","src":"overture:Foursquare","name":"Salvation Army Wonderland Camp & Conference Center","website":"http://www.wonderlandcamp.com","addr":"9241 Camp Lake Rd, Camp Lake","elev_ft":801}},{"type":"Feature","geometry":{"type":"Point","coordinates":[-88.465775,43.290089]},"properties":{"kind":"campsite","src":"overture:Foursquare","name":"Camp Winding River","website":"http://www.gswise.org","addr":"W1468 County Road Nn, Neosho","elev_ft":928}},{"type":"Feature","geometry":{"type":"Point","coordinates":[-88.877388,44.838345]},"properties":{"kind":"campsite","src":"overture:Foursquare","name":"Annie's Campground","website":"http://www.anniescampground.com","addr":"12505 Roosevelt, Gresham","elev_ft":968}},{"type":"Feature","geometry":{"type":"Point","coordinates":[-88.885834,45.166695]},"properties":{"kind":"campsite","src":"overture:Foursquare","name":"Glacier Wilderness Campground","website":"http://glacierwildernesscampground.com","addr":"N3865 Elton South Rd, Elton","elev_ft":1394}},{"type":"Feature","geometry":{"type":"Point","coordinates":[-88.532242,44.826397]},"properties":{"kind":"campsite","src":"overture:Foursquare","name":"shawano county park campground","website":"http://co.shawano.wi.us","addr":"W5785 Lake Dr, Shawano","elev_ft":807}},{"type":"Feature","geometry":{"type":"Point","coordinates":[-88.513611,44.823223]},"properties":{"kind":"campsite","src":"overture:Foursquare","name":"Whispering Pines Retreat","website":"https://www.cuw.edu/about/offices/whispering-pines-retreat/index.html","addr":"W5389 Lake Dr, Shawano","elev_ft":837}},{"type":"Feature","geometry":{"type":"Point","coordinates":[-88.176682,43.67955]},"properties":{"kind":"campsite","src":"overture:Foursquare","name":"Benson's Camping Resort","website":"http://bensonscampground.com","addr":"N3845 St. Rd 67, Campbellsport","elev_ft":1093}},{"type":"Feature","geometry":{"type":"Point","coordinates":[-88.180679,43.599361]},"properties":{"kind":"campsite","src":"overture:Foursquare","name":"Mauthe Lake Recreation Area","website":"http://dnr.wi.gov/org/land/parks/specific/kmn/camping.html#mlcampground","addr":"Hwy GGG, Campbellsport","elev_ft":971}},{"type":"Feature","geometry":{"type":"Point","coordinates":[-87.911942,42.83604]},"properties":{"kind":"campsite","src":"overture:Foursquare","name":"Jellystone Campground","website":"http://www.campjellystone.com/wisconsin-campground","addr":"8425 State Road 38, Caledonia","elev_ft":738}},{"type":"Feature","geometry":{"type":"Point","coordinates":[-87.98568,43.509251]},"properties":{"kind":"campsite","src":"overture:Foursquare","name":"Rainbow Day Camp","website":"https://www.jccmilwaukee.org/camp/rainbow","addr":"Trail End Rd, Fredonia","elev_ft":879}},{"type":"Feature","geometry":{"type":"Point","coordinates":[-87.978836,43.802914]},"properties":{"kind":"campsite","src":"overture:Foursquare","name":"Plymouth Rock Resort","website":"http://plymouthrock-resort.com","addr":"N7271 Lando St, Plymouth","elev_ft":961}},{"type":"Feature","geometry":{"type":"Point","coordinates":[-87.881821,44.534592]},"properties":{"kind":"campsite","src":"overture:Foursquare","name":"Wolf River Trips & Camground","website":"https://wolfrivertrips.com","addr":"E 6041 CTY TK X, New London","elev_ft":781}},{"type":"Feature","geometry":{"type":"Point","coordinates":[-87.803864,43.497135]},"properties":{"kind":"campsite","src":"overture:Foursquare","name":"Harrington Beach State Park","website":"http://dnr.wi.gov/topic/parks/name/harrington/","addr":"531 County Road D, Belgium","elev_ft":650}},{"type":"Feature","geometry":{"type":"Point","coordinates":[-87.333755,44.956699]},"properties":{"kind":"campsite","src":"overture:Foursquare","name":"Harbour Village Resort","website":"http://www.harbourvillageresort.net","addr":"5840 Highway 42, Sturgeon Bay","elev_ft":748}},{"type":"Feature","geometry":{"type":"Point","coordinates":[-89.398682,45.488239]},"properties":{"kind":"campsite","src":"overture:meta","name":"Enterprise Campground","addr":"Shingle Mill Rd, Town of Enterprise","elev_ft":1768}},{"type":"Feature","geometry":{"type":"Point","coordinates":[-89.079041,45.444618]},"properties":{"kind":"campsite","src":"overture:meta","name":"Oakridge Campgrounds","addr":"N11475 Post Lake Dr, Elcho","elev_ft":1558}},{"type":"Feature","geometry":{"type":"Point","coordinates":[-91.820419,46.099953]},"properties":{"kind":"rv_park","src":"overture:meta","name":"Village of Minong","website":"http://www.villageofminong.org/","addr":"123 5th Ave E, Minong","elev_ft":1063}},{"type":"Feature","geometry":{"type":"Point","coordinates":[-89.312614,46.090881]},"properties":{"kind":"campsite","src":"overture:meta","name":"Tamarack Springs Campground","elev_ft":1680}},{"type":"Feature","geometry":{"type":"Point","coordinates":[-89.713898,45.514523]},"properties":{"kind":"campsite","src":"overture:meta","name":"Tomahawk Campground And Rv Park","website":"http://tomahawk-campground.com","addr":"N11046 County Road A, Tomahawk","elev_ft":1483}},{"type":"Feature","geometry":{"type":"Point","coordinates":[-90.527878,44.131466]},"properties":{"kind":"campsite","src":"overture:meta","name":"'Lookout Retreat' at Three Bears Resort","website":"http://www.threebearsresortwarrens.com/vacation-rental-home.asp?PageDataID=49899","addr":"463 Overlook Ct, Warrens","elev_ft":1135}},{"type":"Feature","geometry":{"type":"Point","coordinates":[-88.392075,45.440262]},"properties":{"kind":"campsite","src":"overture:meta","name":"Berry Lake Acres","elev_ft":1302}},{"type":"Feature","geometry":{"type":"Point","coordinates":[-89.865143,42.809566]},"properties":{"kind":"campsite","src":"overture:meta","name":"Drift Inn Cabins","addr":"305 W Olson St, Blanchardville","elev_ft":830}},{"type":"Feature","geometry":{"type":"Point","coordinates":[-89.69368,44.676811]},"properties":{"kind":"campsite","src":"overture:meta","name":"Dubay County Campground","elev_ft":1138}},{"type":"Feature","geometry":{"type":"Point","coordinates":[-90.105621,43.934761]},"properties":{"kind":"rv_park","src":"overture:meta","name":"Lil Yellow River Rv Campground","website":"http://www.mwt.net/","addr":"N7989 State Road 80, New Lisbon","elev_ft":909}},{"type":"Feature","geometry":{"type":"Point","coordinates":[-90.708145,44.024826]},"properties":{"kind":"campsite","src":"overture:meta","name":"Pineview Campground, Ft McCoy","website":"https://mccoy.armymwr.com/us/mccoy/programs/pine-view-campground","elev_ft":873}},{"type":"Feature","geometry":{"type":"Point","coordinates":[-91.178764,46.642452]},"properties":{"kind":"campsite","src":"overture:meta","name":"Horseshoe Lake","website":"http://www.forestcamping.com/dow/eastern/chqcmp.htm#horseshoe%20lake%20camp","elev_ft":1227}},{"type":"Feature","geometry":{"type":"Point","coordinates":[-90.786301,46.855118]},"properties":{"kind":"campsite","src":"overture:meta","name":"Buffalo Bay","website":"http://www.islevistacasino.net","addr":"88705 Pine Tree Ln, Bayfield","elev_ft":620}},{"type":"Feature","geometry":{"type":"Point","coordinates":[-89.202446,45.891476]},"properties":{"kind":"rv_park","src":"overture:meta","name":"Ojibwa Waters Vacation Rental Home","website":"http://bookings.thecongercollection.com/Unit/Details/137280","addr":"3997 Ojibwa Dr, Eagle River","elev_ft":1631}},{"type":"Feature","geometry":{"type":"Point","coordinates":[-88.456085,42.989155]},"properties":{"kind":"campsite","src":"overture:meta","name":"Kamp Karcher","addr":"S29W35671 Manor House Rd, Oconomowoc","elev_ft":896}},{"type":"Feature","geometry":{"type":"Point","coordinates":[-88.989014,42.826881]},"properties":{"kind":"campsite","src":"overture:meta","name":"Wishman Retreat","elev_ft":817}},{"type":"Feature","geometry":{"type":"Point","coordinates":[-91.702408,46.514359]},"properties":{"kind":"campsite","src":"overture:meta","name":"Lake Nebagamon Campground","addr":"11549 E Camp Nebagamon Dr, Lake Nebagamon","elev_ft":1145}},{"type":"Feature","geometry":{"type":"Point","coordinates":[-90.819847,43.518265]},"properties":{"kind":"campsite","src":"overture:meta","name":"StoneLight Retreat Center","website":"http://stone-light.net","addr":"N Harrison Hollow Rd","elev_ft":1122}},{"type":"Feature","geometry":{"type":"Point","coordinates":[-92.287209,45.684868]},"properties":{"kind":"campsite","src":"overture:meta","name":"Wildwoods Campground clam falls Wisconsin","elev_ft":1050}},{"type":"Feature","geometry":{"type":"Point","coordinates":[-92.679672,45.776634]},"properties":{"kind":"rv_park","src":"overture:meta","name":"James Mc Nally Campground","addr":"316 Brad St S, Grantsburg","elev_ft":935}},{"type":"Feature","geometry":{"type":"Point","coordinates":[-88.238808,43.252426]},"properties":{"kind":"campsite","src":"overture:meta","name":"Camp KidsBrook","website":"http://northbrookchurch.org/","addr":"4014 State Road 167, Richfield","elev_ft":1093}},{"type":"Feature","geometry":{"type":"Point","coordinates":[-87.515633,44.210323]},"properties":{"kind":"campsite","src":"overture:meta","name":"Friends of Point Beach State Forest","website":"http://dnr.wi.gov/org/land/parks/specific/pointbeach/","addr":"9400 CR-O, Two Rivers","elev_ft":614}},{"type":"Feature","geometry":{"type":"Point","coordinates":[-87.692337,45.147186]},"properties":{"kind":"campsite","src":"overture:meta","name":"Marinette Moose Campground","elev_ft":623}},{"type":"Feature","geometry":{"type":"Point","coordinates":[-89.143364,44.175423]},"properties":{"kind":"campsite","src":"overture:meta","name":"Oakwood Campsite","website":"http://oakwoodcampsites.com","addr":"N5428 24th Ave, Wild Rose","elev_ft":902}},{"type":"Feature","geometry":{"type":"Point","coordinates":[-89.429474,46.045609]},"properties":{"kind":"campsite","src":"overture:meta","name":"Deerfoot Lodge Campground","addr":"4150 Deerfoot Rd, Star Lake","elev_ft":1759}},{"type":"Feature","geometry":{"type":"Point","coordinates":[-88.387207,42.835884]},"properties":{"kind":"campsite","src":"overture:meta","name":"Beber Camp","website":"http://www.bebercamp.com/","addr":"W 1741 Co Rd J, Town of East Troy","elev_ft":837}},{"type":"Feature","geometry":{"type":"Point","coordinates":[-88.450562,44.303543]},"properties":{"kind":"campsite","src":"overture:meta","name":"Jellystone Campgrounds Fremont WI","website":"www.fremontjellystone.com","elev_ft":801}},{"type":"Feature","geometry":{"type":"Point","coordinates":[-89.532532,45.993019]},"properties":{"kind":"campsite","src":"overture:meta","name":"Crystal Lake Campground","website":"http://koa.com","addr":"4125 County Road N W, Sayner","elev_ft":1699}},{"type":"Feature","geometry":{"type":"Point","coordinates":[-88.331009,45.778332]},"properties":{"kind":"campsite","src":"overture:meta","name":"West Bass Lake Campground ","addr":"123 County Park Road, Fence","elev_ft":1316}},{"type":"Feature","geometry":{"type":"Point","coordinates":[-88.515335,42.878937]},"properties":{"kind":"campsite","src":"overture:meta","name":"Ottawa Lake Rec & Campground","website":"dnr.wi.gov","addr":"S91W39091 State Road 59, Eagle","elev_ft":853}},{"type":"Feature","geometry":{"type":"Point","coordinates":[-88.559654,45.879471]},"properties":{"kind":"campsite","src":"overture:meta","name":"Lost Lake","website":"http://www.reserveamerica.com/camping/lost-lake-cabins/r/campgroundDetails.do?contractCode=NRSO&parkId=75001","elev_ft":1486}},{"type":"Feature","geometry":{"type":"Point","coordinates":[-91.089264,45.805065]},"properties":{"kind":"campsite","src":"overture:meta","name":"Ojibwa Park","website":"http://www.stateparks.com/ojibwa.html","elev_ft":1266}},{"type":"Feature","geometry":{"type":"Point","coordinates":[-90.720016,45.236015]},"properties":{"kind":"campsite","src":"overture:meta","name":"Beaver Creek View Campground & RV Park, LLC","addr":"N5640 County Road G, Gilman","elev_ft":784}},{"type":"Feature","geometry":{"type":"Point","coordinates":[-91.025444,44.593945]},"properties":{"kind":"campsite","src":"overture:meta","name":"Kamp Kramer","addr":"McGower Road, Fairchild","elev_ft":1142}},{"type":"Feature","geometry":{"type":"Point","coordinates":[-89.703644,45.889744]},"properties":{"kind":"campsite","src":"overture:meta","name":"Clearwater Camp","website":"http://www.clearwatercamp.com","addr":"8737 US Highway 51 N, Minocqua","elev_ft":1608}},{"type":"Feature","geometry":{"type":"Point","coordinates":[-89.543648,45.937809]},"properties":{"kind":"campsite","src":"overture:meta","name":"Sunrise Shores Campground","website":"https://sunrise-shores-campground.hub.biz/","addr":"1850 County Road C, St Germain","elev_ft":1634}},{"type":"Feature","geometry":{"type":"Point","coordinates":[-91.427734,46.012875]},"properties":{"kind":"campsite","src":"overture:meta","name":"Nature Calls RV Resort and Campground","website":"https://naturecalls.com/","addr":"14705 W State Road 77, Hayward","elev_ft":1339}},{"type":"Feature","geometry":{"type":"Point","coordinates":[-88.636406,45.140827]},"properties":{"kind":"campsite","src":"overture:meta","name":"Boulder Lake Campground","website":"http://www.fs.usda.gov/recarea/cnnf/recreation/recarea/?recid=27931&actid=31","elev_ft":1125}},{"type":"Feature","geometry":{"type":"Point","coordinates":[-89.975662,43.887676]},"properties":{"kind":"campsite","src":"overture:meta","name":"Juneau County Castle Rock Park","website":"http://www.juneaucounty.com","addr":"N6700 22nd Ave, Mauston","elev_ft":922}},{"type":"Feature","geometry":{"type":"Point","coordinates":[-88.667549,45.8466]},"properties":{"kind":"campsite","src":"overture:meta","name":"Morgan Lake","elev_ft":1535}},{"type":"Feature","geometry":{"type":"Point","coordinates":[-91.866447,46.183994]},"properties":{"kind":"campsite","src":"overture:meta","name":"Camp Jackpine","website":"https://camp-jackpine.hub.biz/","addr":"16099 S Bond Leader Lake Rd, Minong","elev_ft":1056}},{"type":"Feature","geometry":{"type":"Point","coordinates":[-89.273117,46.00935]},"properties":{"kind":"campsite","src":"overture:meta","name":"Vilas Saddle Club, Inc.","website":"https://linktr.ee/VilasSaddleClub","addr":"5056 River Rd, Conover","elev_ft":1683}},{"type":"Feature","geometry":{"type":"Point","coordinates":[-88.306541,43.315845]},"properties":{"kind":"campsite","src":"overture:meta","name":"Pike Lake Campground Site 2","elev_ft":1198}},{"type":"Feature","geometry":{"type":"Point","coordinates":[-89.113014,44.289436]},"properties":{"kind":"campsite","src":"overture:meta","name":"Kids Camp at Spencer Lake","website":"http://www.wnmdkids.org/","addr":"N1385 East Rd, Waupaca","elev_ft":873}},{"type":"Feature","geometry":{"type":"Point","coordinates":[-92.678581,45.015926]},"properties":{"kind":"campsite","src":"overture:meta","name":"Willow River State Park Campground","addr":"020 1009-70-000, Hudson","elev_ft":915}},{"type":"Feature","geometry":{"type":"Point","coordinates":[-92.018784,45.741638]},"properties":{"kind":"campsite","src":"overture:meta","name":"Swanvilla Acres","addr":"W9526 Sand Rd, Shell Lake","elev_ft":1211}},{"type":"Feature","geometry":{"type":"Point","coordinates":[-91.25322,43.928013]},"properties":{"kind":"campsite","src":"overture:meta","name":"Goose Island Campground","website":"http://www.co.la-crosse.wi.us","addr":"752 Ulman St, Onalaska","elev_ft":712}},{"type":"Feature","geometry":{"type":"Point","coordinates":[-89.347168,44.778389]},"properties":{"kind":"rv_park","src":"overture:meta","name":"Crossways Camping Ministries","website":"https://www.crosswayscamps.org","addr":"210608 Crooked Lake Dr, Hatley","elev_ft":1260}},{"type":"Feature","geometry":{"type":"Point","coordinates":[-88.225578,45.297405]},"properties":{"kind":"campsite","src":"overture:meta","name":"Friess Forest","website":"http://www.campfriessforest.com/","addr":"N9200 Parkway Rd, Stephenson","elev_ft":942}},{"type":"Feature","geometry":{"type":"Point","coordinates":[-87.990196,45.634926]},"properties":{"kind":"campsite","src":"overture:meta","name":"Pembine Tent Camping","website":"https://www.hipcamp.com/en-US/wisconsin/private-pembine-tent-camping/private-pembine-tent-camping","elev_ft":965}},{"type":"Feature","geometry":{"type":"Point","coordinates":[-88.125549,44.498394]},"properties":{"kind":"campsite","src":"overture:meta","name":"Oneida RV Parking","elev_ft":705}},{"type":"Feature","geometry":{"type":"Point","coordinates":[-89.234749,44.060696]},"properties":{"kind":"rv_park","src":"overture:meta","name":"Lakeside Escape","website":"https://www.vrbo.com/7181290ha","addr":"W7022 Irogami Trl, Wautoma","elev_ft":886}},{"type":"Feature","geometry":{"type":"Point","coordinates":[-89.857346,42.806469]},"properties":{"kind":"campsite","src":"overture:meta","name":"5 Star Wood Company LLC","addr":"602 School St, Blanchardville","elev_ft":833}},{"type":"Feature","geometry":{"type":"Point","coordinates":[-89.818359,43.612564]},"properties":{"kind":"campsite","src":"overture:Microsoft","name":"Wanna Bee Campground & RV Resort","website":"https://www.wannabeecampground.com/","addr":"E10096 Trout Rd, Wisconsin Dells","elev_ft":935}},{"type":"Feature","geometry":{"type":"Point","coordinates":[-91.912315,45.752007]},"properties":{"kind":"campsite","src":"overture:meta","name":"Shell Lake ATV Campground","addr":"727 E County Highway B, Shell Lake","elev_ft":1253}},{"type":"Feature","geometry":{"type":"Point","coordinates":[-89.485023,43.886524]},"properties":{"kind":"campsite","src":"overture:meta","name":"Roller Lake Camp LLC","website":"https://www.explorekentuckylake.com/lakesarea/attractions/skating.htm","addr":"2500 2nd Ave, Grand Marsh","elev_ft":863}},{"type":"Feature","geometry":{"type":"Point","coordinates":[-90.057579,46.175426]},"properties":{"kind":"rv_park","src":"overture:meta","name":"Nordvann Cabin on Echo Lake","website":"https://www.nordvanncabin.com/","addr":"5477 E Echo Lake Rd, Mercer","elev_ft":1621}},{"type":"Feature","geometry":{"type":"Point","coordinates":[-89.897087,43.79311]},"properties":{"kind":"campsite","src":"overture:meta","name":"Quiet Forest Resort","addr":"N4206 26th Ave, Mauston","elev_ft":853}},{"type":"Feature","geometry":{"type":"Point","coordinates":[-89.954903,43.749893]},"properties":{"kind":"campsite","src":"overture:meta","name":"Dells Timberland Campground","website":"https://dells-timberland-campground.hub.biz/","elev_ft":951}},{"type":"Feature","geometry":{"type":"Point","coordinates":[-92.501694,45.347797]},"properties":{"kind":"campsite","src":"overture:meta","name":"Ox Lake","elev_ft":1086}},{"type":"Feature","geometry":{"type":"Point","coordinates":[-88.046982,45.53933]},"properties":{"kind":"campsite","src":"overture:meta","name":"Tranquil Vista Campground","addr":"N16151 Town Corner Lake Road , Beecher","elev_ft":1017}},{"type":"Feature","geometry":{"type":"Point","coordinates":[-91.930794,46.52253]},"properties":{"kind":"campsite","src":"overture:meta","name":"Wild Rivers Resort & Motorsports Park","addr":"6676 S Range Line Rd, South Range","elev_ft":1115}},{"type":"Feature","geometry":{"type":"Point","coordinates":[-88.233841,43.084042]},"properties":{"kind":"campsite","src":"overture:meta","name":"Camp Inspire Pewaukee","website":"http://inspire-camp.com/","addr":"1279 Capitol Dr, Pewaukee","elev_ft":896}},{"type":"Feature","geometry":{"type":"Point","coordinates":[-89.859802,44.383419]},"properties":{"kind":"rv_park","src":"overture:meta","name":"Thousand Oaks Manufactured Home","website":"http://www.thousandoaksme.com/","addr":"38 Shady Oak Cir, Wisconsin Rapids","elev_ft":1024}},{"type":"Feature","geometry":{"type":"Point","coordinates":[-87.847984,42.926414]},"properties":{"kind":"campsite","src":"overture:meta","name":"Wulff Lodge","elev_ft":650}},{"type":"Feature","geometry":{"type":"Point","coordinates":[-88.634438,45.09449]},"properties":{"kind":"rv_park","src":"overture:meta","name":"Shotgun Eddy Whitewater Rafting","website":"http://www.shotguneddy.com/","addr":"2765 N Highway 55, White Lake","elev_ft":1040}},{"type":"Feature","geometry":{"type":"Point","coordinates":[-88.886078,42.494137]},"properties":{"kind":"campsite","src":"overture:meta","name":"Oaks Campground","addr":"8031 E State Line Rd, Clinton","elev_ft":925}},{"type":"Feature","geometry":{"type":"Point","coordinates":[-88.273247,43.219135]},"properties":{"kind":"campsite","src":"overture:meta","name":"Rossebo Camp Eagle Ridge","website":"http://www.campeagleridge.com","addr":"811 Black Squirrel Ct, Hubertus","elev_ft":1102}},{"type":"Feature","geometry":{"type":"Point","coordinates":[-87.727753,43.653831]},"properties":{"kind":"campsite","src":"overture:meta","name":"Kohler-Andrae Campground","elev_ft":643}},{"type":"Feature","geometry":{"type":"Point","coordinates":[-88.484444,43.662128]},"properties":{"kind":"campsite","src":"overture:meta","name":"Byron Center","addr":"W6545 CR-F, Brownsville","elev_ft":971}},{"type":"Feature","geometry":{"type":"Point","coordinates":[-87.907494,43.130726]},"properties":{"kind":"campsite","src":"overture:meta","name":"Camp Interlaken","website":"https://www.campinterlaken.org","addr":"6255 N Santa Monica Blvd, Milwaukee","elev_ft":682}},{"type":"Feature","geometry":{"type":"Point","coordinates":[-89.057854,44.117924]},"properties":{"kind":"campsite","src":"overture:meta","name":"Pearl Lake Campsite","addr":"N3874 Twin Ln, Redgranite","elev_ft":915}},{"type":"Feature","geometry":{"type":"Point","coordinates":[-89.805573,43.595749]},"properties":{"kind":"rv_park","src":"overture:meta","name":"Camp Chi","website":"http://www.campchi.com/","elev_ft":892}},{"type":"Feature","geometry":{"type":"Point","coordinates":[-88.571861,42.554901]},"properties":{"kind":"campsite","src":"overture:meta","name":"Deepwood - Reed's Camp Runamuk","addr":"333 N Lake Shore Dr, Fontana-on-Geneva Lake","elev_ft":938}},{"type":"Feature","geometry":{"type":"Point","coordinates":[-89.576195,43.928249]},"properties":{"kind":"campsite","src":"overture:meta","name":"Wildwood Campground","addr":"N 7938 2nd Ave, Town of Springfield","elev_ft":1060}},{"type":"Feature","geometry":{"type":"Point","coordinates":[-89.201256,45.388592]},"properties":{"kind":"campsite","src":"overture:meta","name":"Summit Lake Retreat","website":"http://www.summitlake.org/","addr":"County Road B, Summit Lake","elev_ft":1732}},{"type":"Feature","geometry":{"type":"Point","coordinates":[-88.230614,45.013657]},"properties":{"kind":"campsite","src":"overture:meta","name":"Kelly Lake Camp Grounds","addr":"Suring","elev_ft":837}},{"type":"Feature","geometry":{"type":"Point","coordinates":[-89.779465,44.382965]},"properties":{"kind":"campsite","src":"overture:meta","name":"Camp Sacajewa","elev_ft":1053}},{"type":"Feature","geometry":{"type":"Point","coordinates":[-89.366859,42.613811]},"properties":{"kind":"rv_park","src":"overture:meta","name":"Sweet Minnihaha Campground","website":"http://www.sweetminihaha.com","addr":"4697 S County Road T, Brodhead","elev_ft":787}},{"type":"Feature","geometry":{"type":"Point","coordinates":[-89.069283,45.410419]},"properties":{"kind":"campsite","src":"overture:meta","name":"White Pine Society","website":"http://www.lylestaff.com/","addr":"N10571 Clear Lake Rd, Elcho","elev_ft":1572}},{"type":"Feature","geometry":{"type":"Point","coordinates":[-88.657516,45.437168]},"properties":{"kind":"campsite","src":"overture:meta","name":"S-J & W Ham Lake Campground","website":"http://www.hamlakecampgroundwi.com","addr":"1750 Oconto Ave, Wabeno","elev_ft":1545}},{"type":"Feature","geometry":{"type":"Point","coordinates":[-90.021523,45.398769]},"properties":{"kind":"campsite","src":"overture:meta","name":"Spirit Valley Camp","addr":"W11680 Wildwood Ave, Tomahawk","elev_ft":1535}},{"type":"Feature","geometry":{"type":"Point","coordinates":[-90.210022,43.088169]},"properties":{"kind":"campsite","src":"overture:meta","name":"Spring Valley Trails Campground","addr":"3318 Spring Valley Rd, Clyde","elev_ft":919}},{"type":"Feature","geometry":{"type":"Point","coordinates":[-88.995735,45.957848]},"properties":{"kind":"campsite","src":"overture:meta","name":"Camp Nicolet","website":"http://www.campnicolet.com/","addr":"16040 WI-70, Town of Hiles","elev_ft":1752}},{"type":"Feature","geometry":{"type":"Point","coordinates":[-89.341812,43.247108]},"properties":{"kind":"campsite","src":"overture:meta","name":"Out & About Day Camp","website":"http://www.outandaboutdaycamp.com/","addr":"140 Market St, Deforest","elev_ft":955}},{"type":"Feature","geometry":{"type":"Point","coordinates":[-89.729881,46.085411]},"properties":{"kind":"campsite","src":"overture:meta","name":"Jag lake campground","addr":"Boulder Junction","elev_ft":1644}},{"type":"Feature","geometry":{"type":"Point","coordinates":[-91.717575,45.391132]},"properties":{"kind":"campsite","src":"overture:meta","name":"Barron County Veterans Park","website":"http://parks.co.barron.wi.us/parks/camping/veterans_memorial_park","addr":"2125 13 1/2 Ave, Cameron","elev_ft":1079}},{"type":"Feature","geometry":{"type":"Point","coordinates":[-88.764214,45.51059]},"properties":{"kind":"campsite","src":"overture:meta","name":"LeFeber Northwoods Camps","website":"http://www.lefebernorthwoodscamps.org/about-us.html","addr":"6875 Boy Scout Rd, Laona","elev_ft":1699}},{"type":"Feature","geometry":{"type":"Point","coordinates":[-89.695084,45.556198]},"properties":{"kind":"campsite","src":"overture:meta","name":"Out-Post Camping Resort","addr":"9507 County Rd N, Tomahawk","elev_ft":1499}},{"type":"Feature","geometry":{"type":"Point","coordinates":[-89.663872,45.895802]},"properties":{"kind":"rv_park","src":"overture:meta","name":"Imperial Estates","addr":"9000 Rudolph Rd, Woodruff","elev_ft":1644}},{"type":"Feature","geometry":{"type":"Point","coordinates":[-89.796013,43.590645]},"properties":{"kind":"campsite","src":"overture:meta","name":"Devils Lake North Shore Concession","addr":"152 W Munroe Ave, Wisconsin Dells","elev_ft":896}},{"type":"Feature","geometry":{"type":"Point","coordinates":[-91.447105,46.031544]},"properties":{"kind":"rv_park","src":"overture:meta","name":"S & J Wild River Mobile Home Park","website":"http://www.sandjwildrivermobilehomepark.com/","addr":"15225 US Highway 63, Hayward","elev_ft":1217}},{"type":"Feature","geometry":{"type":"Point","coordinates":[-89.786797,43.615376]},"properties":{"kind":"campsite","src":"overture:meta","name":"Sherwood Forest Camping & RV Park","addr":"2852 Wisconsin Dells Pkwy N, Lake Delton","elev_ft":909}},{"type":"Feature","geometry":{"type":"Point","coordinates":[-89.481911,43.797337]},"properties":{"kind":"campsite","src":"overture:meta","name":"MWW","addr":"W5265 St rd 23 , Montello","elev_ft":840}},{"type":"Feature","geometry":{"type":"Point","coordinates":[-88.777084,43.289314]},"properties":{"kind":"rv_park","src":"overture:meta","name":"Wooddreaming","website":"http://www.wooddreaming.com","addr":"W7712 W Clymet Rd, Watertown","elev_ft":810}},{"type":"Feature","geometry":{"type":"Point","coordinates":[-91.92411,45.962124]},"properties":{"kind":"campsite","src":"overture:meta","name":"Leisure Lake Youth Camp","elev_ft":1014}},{"type":"Feature","geometry":{"type":"Point","coordinates":[-88.679665,45.137272]},"properties":{"kind":"campsite","src":"overture:meta","name":"Wolf River-Nicolet Forrest","website":"http://www.wildwolfinn.com","addr":"N3116 State Highway 55, White Lake","elev_ft":1158}},{"type":"Feature","geometry":{"type":"Point","coordinates":[-88.411186,43.695187]},"properties":{"kind":"campsite","src":"overture:meta","name":"KOA Campground","website":"http://www.koa.com","addr":"N4177 Cearns Ln, Fond du Lac","elev_ft":1024}},{"type":"Feature","geometry":{"type":"Point","coordinates":[-90.113251,43.015289]},"properties":{"kind":"campsite","src":"overture:meta","name":"Governor Dodge State Park, Cox Hollow Site 44","elev_ft":1086}},{"type":"Feature","geometry":{"type":"Point","coordinates":[-88.724304,44.042957]},"properties":{"kind":"campsite","src":"overture:meta","name":"River Lane Mobile Village","addr":"19 Mulberry Ln, Omro","elev_ft":755}},{"type":"Feature","geometry":{"type":"Point","coordinates":[-90.452003,45.926323]},"properties":{"kind":"rv_park","src":"overture:meta","name":"Up North Vacation Lodging","website":"http://upnorthvacationlodging.com/","addr":"886 4th Ave S, Park Falls","elev_ft":1496}},{"type":"Feature","geometry":{"type":"Point","coordinates":[-88.179749,44.564148]},"properties":{"kind":"campsite","src":"overture:meta","name":"Kings Court","addr":"200 Sunlite Rd","elev_ft":758}},{"type":"Feature","geometry":{"type":"Point","coordinates":[-88.726448,43.493446]},"properties":{"kind":"campsite","src":"overture:meta","name":"Oak Grove Acres","website":"http://www.dcapc.org/","addr":"W6505 County Road B, Burnett","elev_ft":919}},{"type":"Feature","geometry":{"type":"Point","coordinates":[-91.34127,46.37746]},"properties":{"kind":"rv_park","src":"overture:meta","name":"Welcome To Bearadise,LLC","website":"https://www.airbnb.com/","addr":"55255 N Delta Rd, Drummond","elev_ft":1293}},{"type":"Feature","geometry":{"type":"Point","coordinates":[-89.20752,44.048717]},"properties":{"kind":"campsite","src":"overture:meta","name":"Camp Webb","website":"http://camplakotah.com","addr":"N1879 21st Ave, Wautoma","elev_ft":928}},{"type":"Feature","geometry":{"type":"Point","coordinates":[-87.553032,44.851643]},"properties":{"kind":"rv_park","src":"overture:meta","name":"Rocky Shores Retreat - Door County","website":"https://www.rockyshoresretreat.com/","addr":"Rocky Shores Dr, Sturgeon Bay","elev_ft":594}},{"type":"Feature","geometry":{"type":"Point","coordinates":[-88.30909,42.529282]},"properties":{"kind":"campsite","src":"overture:meta","name":"Shinner Memorial Clubhouse","website":"http://www.CountryThunderVintangCamper.com/","addr":"191 Forest Dr, Genoa City","elev_ft":853}},{"type":"Feature","geometry":{"type":"Point","coordinates":[-90.077744,43.191292]},"properties":{"kind":"campsite","src":"overture:meta","name":"Stone's Throw Campgrounds","website":"https://firesidecampground.com/index.html","addr":"S12452 Garden Path, Spring Green","elev_ft":722}},{"type":"Feature","geometry":{"type":"Point","coordinates":[-89.637253,46.021999]},"properties":{"kind":"campsite","src":"overture:meta","name":"Camp Osoha","website":"http://www.osoha.com/","addr":"11019 Big Muskellunge Lake Rd, Boulder Junction","elev_ft":1686}},{"type":"Feature","geometry":{"type":"Point","coordinates":[-90.153862,45.323608]},"properties":{"kind":"rv_park","src":"overture:meta","name":"Wood Lake","elev_ft":1581}},{"type":"Feature","geometry":{"type":"Point","coordinates":[-90.46698,43.843014]},"properties":{"kind":"campsite","src":"overture:meta","name":"Cleavers Cow-A-Bunga Campground","elev_ft":1086}},{"type":"Feature","geometry":{"type":"Point","coordinates":[-91.01162,44.696384]},"properties":{"kind":"campsite","src":"overture:meta","name":"Coon Forks","elev_ft":991}},{"type":"Feature","geometry":{"type":"Point","coordinates":[-89.518105,44.524055]},"properties":{"kind":"campsite","src":"overture:meta","name":"Camp Birch Knoll","website":"http://birchknoll.com","addr":"5424 US Highway 10 E, Stevens Point","elev_ft":1096}},{"type":"Feature","geometry":{"type":"Point","coordinates":[-88.039993,42.982738]},"properties":{"kind":"rv_park","src":"overture:meta","name":"Koa Wisconsin","addr":"3400 S 103rd St, Milwaukee","elev_ft":781}},{"type":"Feature","geometry":{"type":"Point","coordinates":[-88.260239,45.067085]},"properties":{"kind":"campsite","src":"overture:meta","name":"The Can","elev_ft":856}},{"type":"Feature","geometry":{"type":"Point","coordinates":[-88.703461,43.407516]},"properties":{"kind":"campsite","src":"overture:meta","name":"Friends of Dodge County Parks, Inc","website":"http://www.dodgeparks.com/","addr":"127 E Oak St, Juneau","elev_ft":925}},{"type":"Feature","geometry":{"type":"Point","coordinates":[-92.136093,46.712318]},"properties":{"kind":"campsite","src":"overture:meta","name":"Northland Camping Rv Park","addr":"17 Vergennes St, Superior","elev_ft":640}},{"type":"Feature","geometry":{"type":"Point","coordinates":[-92.631912,45.352093]},"properties":{"kind":"campsite","src":"overture:meta","name":"Northern Detour","website":"http://Northerndetour.com/","addr":"120 Dresser St E, Dresser","elev_ft":1017}},{"type":"Feature","geometry":{"type":"Point","coordinates":[-88.50766,44.735916]},"properties":{"kind":"campsite","src":"overture:meta","name":"Shawano Area Campers","addr":"W5338 Porter Rd, Bonduel","elev_ft":860}},{"type":"Feature","geometry":{"type":"Point","coordinates":[-91.255402,46.249866]},"properties":{"kind":"campsite","src":"overture:meta","name":"Lake Owen Gymnastics Cheer & Action Sports Camp","website":"http://www.lakeowen.com","addr":"46445 Krafts Point Rd, Cable","elev_ft":1371}},{"type":"Feature","geometry":{"type":"Point","coordinates":[-89.659843,43.745716]},"properties":{"kind":"campsite","src":"overture:meta","name":"K & L Campgrounds","website":"http://kandlcampground.info","addr":"3503 CR-G, Wisconsin Dells","elev_ft":922}},{"type":"Feature","geometry":{"type":"Point","coordinates":[-91.124733,44.042927]},"properties":{"kind":"campsite","src":"overture:meta","name":"Camp Ehawee","website":"http://www.gsbadgerland.org/en/camp/our/ehawee.html","elev_ft":961}},{"type":"Feature","geometry":{"type":"Point","coordinates":[-89.703812,43.666946]},"properties":{"kind":"rv_park","src":"overture:meta","name":"Camp Wisconsin","addr":"617 S Golden Ct, Wisconsin Dells","elev_ft":1017}},{"type":"Feature","geometry":{"type":"Point","coordinates":[-89.144897,44.16404]},"properties":{"kind":"campsite","src":"overture:meta","name":"Camp Luwisimo","elev_ft":919}},{"type":"Feature","geometry":{"type":"Point","coordinates":[-90.594604,44.560081]},"properties":{"kind":"campsite","src":"overture:meta","name":"Rock Dam Campground","addr":"517 Court St, Neillsville","elev_ft":1073}},{"type":"Feature","geometry":{"type":"Point","coordinates":[-88.101234,45.786434]},"properties":{"kind":"rv_park","src":"overture:meta","name":"Camp 66","addr":"1979 Island St, Niagara","elev_ft":1066}},{"type":"Feature","geometry":{"type":"Point","coordinates":[-89.478218,43.754303]},"properties":{"kind":"campsite","src":"overture:meta","name":"Cottage De Krysh","addr":"N3144 7th Dr, Montello","elev_ft":791}},{"type":"Feature","geometry":{"type":"Point","coordinates":[-88.884659,43.465408]},"properties":{"kind":"campsite","src":"overture:meta","name":"Sunny Side Estates","addr":"N7484 Edgewater Dr, Beaver Dam","elev_ft":886}},{"type":"Feature","geometry":{"type":"Point","coordinates":[-91.299332,44.968037]},"properties":{"kind":"campsite","src":"overture:meta","name":"Lake Wissota Site 98","elev_ft":948}},{"type":"Feature","geometry":{"type":"Point","coordinates":[-88.300735,42.60701]},"properties":{"kind":"rv_park","src":"overture:meta","name":"Three Harbors Council NYLT","website":"http://www.ThreeHarborsScouting.org/NYLT","addr":"3363 Dyer Lake Rd, Burlington","elev_ft":853}},{"type":"Feature","geometry":{"type":"Point","coordinates":[-88.423653,44.205647]},"properties":{"kind":"campsite","src":"overture:meta","name":"Judi\u2019s RV Lifestyle ","addr":"1000 3rd St, Menasha","elev_ft":758}},{"type":"Feature","geometry":{"type":"Point","coordinates":[-91.910065,45.93248]},"properties":{"kind":"campsite","src":"overture:meta","name":"Dan\u2019s Outpost & Campground ","website":"http://dansoutpost.com/","addr":"N8222 Lincoln Lake Rd, Trego","elev_ft":1106}},{"type":"Feature","geometry":{"type":"Point","coordinates":[-91.297462,46.073353]},"properties":{"kind":"campsite","src":"overture:meta","name":"Twin Lakes Park Campground","website":"https://twinlakes-park.com/","addr":"12134 W State Road 77, Hayward","elev_ft":1391}},{"type":"Feature","geometry":{"type":"Point","coordinates":[-88.850563,44.26038]},"properties":{"kind":"rv_park","src":"overture:meta","name":"Bright Haven RV Park & Airbnb-Fremont, Wisconsin","addr":"E7496 WI-110, Fremont","elev_ft":758}},{"type":"Feature","geometry":{"type":"Point","coordinates":[-92.361618,45.817356]},"properties":{"kind":"rv_park","src":"overture:meta","name":"Crossroads RV Park","addr":"7330 State Road 70, Webster","elev_ft":981}},{"type":"Feature","geometry":{"type":"Point","coordinates":[-88.961052,42.781376]},"properties":{"kind":"rv_park","src":"overture:meta","name":"CJ's Camper Rental","addr":"105 2nd St, Milton","elev_ft":892}},{"type":"Feature","geometry":{"type":"Point","coordinates":[-89.757812,43.640858]},"properties":{"kind":"campsite","src":"overture:meta","name":"Easter Seals Respite Camp","addr":"W1550 Waubeek Rd, Wisconsin Dells","elev_ft":932}},{"type":"Feature","geometry":{"type":"Point","coordinates":[-87.567909,44.836582]},"properties":{"kind":"rv_park","src":"overture:meta","name":"Goetz Resort and RV Park","website":"http://goetzresortandrvpark.com/","addr":"3433 Walleye Ln, Gardner","elev_ft":607}},{"type":"Feature","geometry":{"type":"Point","coordinates":[-89.7201,45.596695]},"properties":{"kind":"campsite","src":"overture:meta","name":"Bubba's Campground","addr":"2771 County Road L, Nokomis","elev_ft":1512}},{"type":"Feature","geometry":{"type":"Point","coordinates":[-89.062123,45.935772]},"properties":{"kind":"campsite","src":"ridb","name":"Anvil Lake Campground","reservation":"yes","addr":"Eagle River","elev_ft":1732}},{"type":"Feature","geometry":{"type":"Point","coordinates":[-90.709722,42.659444]},"properties":{"kind":"campsite","src":"ridb","name":"Grant River","reservation":"yes","addr":"Potosi","elev_ft":623}},{"type":"Feature","geometry":{"type":"Point","coordinates":[-92.244444,44.859444]},"properties":{"kind":"campsite","src":"ridb","name":"Main Day Use","reservation":"yes","addr":"Spring Valley","elev_ft":928}},{"type":"Feature","geometry":{"type":"Point","coordinates":[-90.878333,46.300833]},"properties":{"kind":"campsite","src":"ridb","name":"Beaver Lake (Chequamegon-Nicolet Nf, Wi)","reservation":"yes","addr":"Hayward","elev_ft":1470}},{"type":"Feature","geometry":{"type":"Point","coordinates":[-90.934444,45.983611]},"properties":{"kind":"campsite","src":"ridb","name":"Black Lake","reservation":"yes","addr":"Hayward","elev_ft":1414}},{"type":"Feature","geometry":{"type":"Point","coordinates":[-90.923611,46.350278]},"properties":{"kind":"campsite","src":"ridb","name":"Namekagon","reservation":"yes","addr":"Hayward","elev_ft":1191}},{"type":"Feature","geometry":{"type":"Point","coordinates":[-90.072222,45.954722]},"properties":{"kind":"campsite","src":"ridb","name":"Twin Lakes (Wi)","reservation":"yes","addr":"Park Falls","elev_ft":1598}},{"type":"Feature","geometry":{"type":"Point","coordinates":[-89.008056,45.924722]},"properties":{"kind":"campsite","src":"ridb","name":"Franklin Lake","reservation":"yes","addr":"Eagle River","elev_ft":1736}},{"type":"Feature","geometry":{"type":"Point","coordinates":[-90.446944,45.327778]},"properties":{"kind":"campsite","src":"ridb","name":"Spearhead Point Shelter","reservation":"yes","addr":"Medford","elev_ft":1417}},{"type":"Feature","geometry":{"type":"Point","coordinates":[-90.268889,45.846944]},"properties":{"kind":"campsite","src":"ridb","name":"Sailor Lake Pavilion","reservation":"yes","addr":"Park Falls","elev_ft":1532}},{"type":"Feature","geometry":{"type":"Point","coordinates":[-90.828333,46.290278]},"properties":{"kind":"campsite","src":"ridb","name":"Mineral Lake","reservation":"yes","addr":"Glidden","elev_ft":1411}},{"type":"Feature","geometry":{"type":"Point","coordinates":[-90.858333,46.318333]},"properties":{"kind":"campsite","src":"ridb","name":"Lake Three","reservation":"yes","addr":"Glidden","elev_ft":1388}},{"type":"Feature","geometry":{"type":"Point","coordinates":[-88.540833,45.772778]},"properties":{"kind":"campsite","src":"ridb","name":"Morgan Lake Campground And Group Site","reservation":"yes","addr":"Eagle River","elev_ft":1506}},{"type":"Feature","geometry":{"type":"Point","coordinates":[-90.820311,46.813236]},"properties":{"kind":"campsite","src":"ridb","name":"Apostle Islands National Lakeshore Camping Permits","reservation":"yes","addr":"Bayfield","elev_ft":771}},{"type":"Feature","geometry":{"type":"Point","coordinates":[-88.513678,45.512319]},"properties":{"kind":"campsite","src":"ridb","name":"Bear Lake Campground (Chequamegon-Nicolet Nf, Wi)","reservation":"yes","addr":"Laona","elev_ft":1398}},{"type":"Feature","geometry":{"type":"Point","coordinates":[-89.010917,46.011392]},"properties":{"kind":"campsite","src":"ridb","name":"Spectacle Lake Campground (Wisconsin)","reservation":"yes","addr":"Eagle River","elev_ft":1811}},{"type":"Feature","geometry":{"type":"Point","coordinates":[-88.957478,45.889242]},"properties":{"kind":"campsite","src":"ridb","name":"Luna White Deer Campground","reservation":"yes","addr":"Eagle River","elev_ft":1755}},{"type":"Feature","geometry":{"type":"Point","coordinates":[-88.562294,45.885247]},"properties":{"kind":"campsite","src":"ridb","name":"Lost Lake Campground (Wi)","reservation":"yes","addr":"Eagle River","elev_ft":1542}},{"type":"Feature","geometry":{"type":"Point","coordinates":[-88.976086,45.991208]},"properties":{"kind":"campsite","src":"ridb","name":"Kentuck Lake Campground","reservation":"yes","addr":"Eagle River","elev_ft":1755}}]}